OuterAngleDeg,InnerAngleDeg,WorstExceedancePercent,RobustExceedancePercent,MedianExceedancePercent,MaximumIOverNDb,P95IOverNDb,PracticalPercentileIOverNDb,RobustAvailabilityPercent,RetaskDutyPercent,ShutdownDutyPercent,Feasible,PracticalFeasible,Score,SearchStage
0,0,1.05526242710358,1.05526242710358,0.819216884198834,10.3770657509731,-18.0695207832946,5.70762822212687,98.9447375728964,0,0,0,0,0,coarse
0.5,0,1.05526242710358,1.05526242710358,0.819216884198834,10.3770657509731,-18.0695207832946,5.70762822212687,98.9447375728964,0,0,0,0,0.5,coarse
0.5,0.5,1.05526242710358,1.05526242710358,0.819216884198834,10.3770657509731,-18.0695207832946,5.70762822212687,98.9447375728964,0,0,0,0,1,coarse
1,0,1.05526242710358,1.05526242710358,0.819216884198834,10.3770657509731,-18.0695207832946,5.70762822212687,98.9447375728964,0.0066179876905429,0,0,0,1,coarse
1,0.5,1.05526242710358,1.05526242710358,0.819216884198834,10.3770657509731,-18.0695207832946,5.70762822212687,98.9447375728964,0.0066179876905429,0,0,0,1.5,coarse
1,1,0.999722299361288,0.999722299361288,0.819216884198834,10.3770657509731,-18.0695207832946,5.70762822212687,99.0002777006387,0,0.0066179876905429,0,0,2,coarse
2,0,1.05526242710358,1.05526242710358,0.819216884198834,10.3770657509731,-18.0695207832946,5.70762822212687,98.9447375728964,0.0220599589684763,0,0,0,2,coarse
2,0.5,1.05526242710358,1.05526242710358,0.819216884198834,10.3770657509731,-18.0695207832946,5.70762822212687,98.9447375728964,0.0220599589684763,0,0,0,2.5,coarse
2,1,0.999722299361288,0.999722299361288,0.819216884198834,10.3770657509731,-18.0695207832946,5.70762822212687,99.0002777006387,0.0154419712779334,0.0066179876905429,0,0,3,coarse
2,2,0.916412107747848,0.916412107747848,0.76367675645654,10.3770657509731,-18.2255114553307,4.4385105720874,99.0835878922522,0,0.0220599589684763,0,0,4,coarse
3,0,1.05526242710358,1.05526242710358,0.819216884198834,10.3770657509731,-18.0695207832946,5.70762822212687,98.9447375728964,0.0529439015243432,0,0,0,3,coarse
3,0.5,1.05526242710358,1.05526242710358,0.819216884198834,10.3770657509731,-18.0695207832946,5.70762822212687,98.9447375728964,0.0529439015243432,0,0,0,3.5,coarse
3,1,0.999722299361288,0.999722299361288,0.819216884198834,10.3770657509731,-18.0695207832946,5.70762822212687,99.0002777006387,0.0463259138338003,0.0066179876905429,0,0,4,coarse
3,2,0.916412107747848,0.916412107747848,0.76367675645654,10.3770657509731,-18.2255114553307,4.4385105720874,99.0835878922522,0.0331213566507684,0.0220599589684763,0,0,5,coarse
3,3,0.833101916134407,0.833101916134407,0.735906692585393,10.3770657509731,-18.45032127169,4.4385105720874,99.1668980838656,0,0.0529439015243432,0,0,6,coarse
5,0,1.05526242710358,1.05526242710358,0.819216884198834,10.3770657509731,-18.0695207832946,5.70762822212687,98.9447375728964,0.136771745604553,0,0,0,5,coarse
5,0.5,1.05526242710358,1.05526242710358,0.819216884198834,10.3770657509731,-18.0695207832946,5.70762822212687,98.9447375728964,0.136771745604553,0,0,0,5.5,coarse
5,1,0.999722299361288,0.999722299361288,0.819216884198834,10.3770657509731,-18.0695207832946,5.70762822212687,99.0002777006387,0.13015375791401,0.0066179876905429,0,0,6,coarse
5,2,0.916412107747848,0.916412107747848,0.76367675645654,10.3770657509731,-18.2255114553307,4.4385105720874,99.0835878922522,0.114711786636077,0.0220599589684763,0,0,7,coarse
5,3,0.833101916134407,0.833101916134407,0.735906692585393,10.3770657509731,-18.45032127169,4.4385105720874,99.1668980838656,0.08382784408021,0.0529439015243432,0,0,8,coarse
5,5,0.72202166064982,0.72202166064982,0.72202166064982,10.3770657509731,-18.8337829813341,4.4385105720874,99.2779783393502,0,0.136771745604553,0,0,10,coarse
10,0,1.05526242710358,1.05526242710358,0.819216884198834,10.3770657509731,-18.0695207832946,5.70762822212687,98.9447375728964,0.384944396920445,0,0,0,10,coarse
10,0.5,1.05526242710358,1.05526242710358,0.819216884198834,10.3770657509731,-18.0695207832946,5.70762822212687,98.9447375728964,0.384944396920445,0,0,0,10.5,coarse
10,1,0.999722299361288,0.999722299361288,0.819216884198834,10.3770657509731,-18.0695207832946,5.70762822212687,99.0002777006387,0.384944396920445,0.0066179876905429,0,0,11,coarse
10,2,0.916412107747848,0.916412107747848,0.76367675645654,10.3770657509731,-18.2255114553307,4.4385105720874,99.0835878922522,0.373688712799964,0.0220599589684763,0,0,12,coarse
10,3,0.833101916134407,0.833101916134407,0.735906692585393,10.3770657509731,-18.45032127169,4.4385105720874,99.1668980838656,0.342172797262618,0.0529439015243432,0,0,13,coarse
10,5,0.72202166064982,0.72202166064982,0.72202166064982,10.3770657509731,-18.8337829813341,4.4385105720874,99.2779783393502,0.283643239836117,0.136771745604553,0,0,15,coarse
10,10,0.72202166064982,0.72202166064982,0.694251596778673,10.3770657509731,-21.1212650019681,4.4385105720874,99.2779783393502,0,0.384944396920445,0,0,20,coarse
15,0,0.888642043876701,0.888642043876701,0.819216884198834,10.3770657509731,-18.0695207832946,5.70762822212687,99.1113579561233,0.794651298905948,0,0,0,15,coarse
15,0.5,0.888642043876701,0.888642043876701,0.819216884198834,10.3770657509731,-18.0695207832946,5.70762822212687,99.1113579561233,0.794651298905948,0,0,0,15.5,coarse
15,1,0.833101916134407,0.833101916134407,0.819216884198834,10.3770657509731,-18.0695207832946,5.70762822212687,99.1668980838656,0.794651298905948,0.0066179876905429,0,0,16,coarse
15,2,0.777561788392113,0.777561788392113,0.749791724520966,10.3770657509731,-18.2255114553307,3.69843884345766,99.2224382116079,0.783395614785467,0.0220599589684763,0,0,17,coarse
15,3,0.749791724520966,0.749791724520966,0.72202166064982,10.3770657509731,-18.45032127169,3.69843884345766,99.250208275479,0.75187969924812,0.0529439015243432,0,0,18,coarse
15,5,0.72202166064982,0.72202166064982,0.680366564843099,10.3770657509731,-18.8337829813341,3.69843884345766,99.2779783393502,0.69335014182162,0.136771745604553,0,0,20,coarse
15,10,0.72202166064982,0.72202166064982,0.680366564843099,10.3770657509731,-21.1212650019681,3.69843884345766,99.2779783393502,0.409706901985503,0.384944396920445,0,0,25,coarse
15,15,0.72202166064982,0.72202166064982,0.638711469036379,10.3770657509731,-23.3697729483463,3.69843884345766,99.2779783393502,0,0.794651298905948,0,0,30,coarse
20,0,0.80533185226326,0.80533185226326,0.597056373229658,6.72874488302617,-18.2255114553307,3.59291987674869,99.1946681477367,1.37874743552977,0,0,0,20,coarse
20,0.5,0.80533185226326,0.80533185226326,0.597056373229658,6.72874488302617,-18.2255114553307,3.59291987674869,99.1946681477367,1.37874743552977,0,0,0,20.5,coarse
20,1,0.80533185226326,0.80533185226326,0.569286309358512,6.72874488302617,-18.2255114553307,3.59291987674869,99.1946681477367,1.37212944783923,0.0066179876905429,0,0,21,coarse
20,2,0.72202166064982,0.72202166064982,0.513746181616218,6.72874488302617,-18.3518766467323,3.59291987674869,99.2779783393502,1.35668747656129,0.0220599589684763,0,0,22,coarse
20,3,0.694251596778673,0.694251596778673,0.472091085809497,6.72874488302617,-18.5633974216183,3.59291987674869,99.3057484032213,1.32580353400543,0.0529439015243432,0,0,23,coarse
20,5,0.610941405165232,0.610941405165232,0.458206053873924,6.72874488302617,-18.8467427775827,3.59291987674869,99.3890585948348,1.24197568992522,0.136771745604553,0,0,25,coarse
20,10,0.610941405165232,0.610941405165232,0.458206053873924,6.72874488302617,-21.1212650019681,3.59291987674869,99.3890585948348,1.01475811254991,0.384944396920445,0,0,30,coarse
20,15,0.527631213551791,0.527631213551791,0.458206053873924,6.72874488302617,-23.3697729483463,3.59291987674869,99.4723687864482,0.619884847014185,0.794651298905948,0,0,35,coarse
20,20,0.527631213551791,0.527631213551791,0.458206053873924,6.72874488302617,-25.1450908703362,3.59291987674869,99.4723687864482,0,1.37874743552977,0,0,40,coarse
25,0,0.666481532907526,0.666481532907526,0.541516245487365,6.72874488302617,-18.4121723260403,3.48737978579197,99.3335184670925,2.27658776554676,0,0,0,25,coarse
25,0.5,0.666481532907526,0.666481532907526,0.541516245487365,6.72874488302617,-18.4121723260403,3.48737978579197,99.3335184670925,2.27658776554676,0,0,0,25.5,coarse
25,1,0.666481532907526,0.666481532907526,0.513746181616218,6.72874488302617,-18.4121723260403,3.23917281390088,99.3335184670925,2.26996977785621,0.0066179876905429,0,0,26,coarse
25,2,0.583171341294085,0.583171341294085,0.458206053873924,6.72874488302617,-18.5242297321074,3.23917281390088,99.4168286587059,2.25452780657828,0.0220599589684763,0,0,27,coarse
25,3,0.555401277422938,0.555401277422938,0.430435990002777,6.72874488302617,-18.7038178447065,3.23917281390088,99.4445987225771,2.22364386402241,0.0529439015243432,0,0,28,coarse
25,5,0.472091085809497,0.472091085809497,0.416550958067204,6.72874488302617,-19.019777497767,3.23917281390088,99.5279089141905,2.1398160199422,0.136771745604553,0,0,30,coarse
25,10,0.472091085809497,0.472091085809497,0.416550958067204,6.72874488302617,-21.2647819620486,3.23917281390088,99.5279089141905,1.9125984425669,0.384944396920445,0,0,35,coarse
25,15,0.44432102193835,0.44432102193835,0.388780894196057,6.72874488302617,-23.5683133901496,3.23917281390088,99.5556789780616,1.51772517703117,0.794651298905948,0,0,40,coarse
25,20,0.44432102193835,0.44432102193835,0.388780894196057,6.72874488302617,-25.2099082999283,3.23917281390088,99.5556789780616,0.914654500945811,1.37874743552977,0,0,45,coarse
25,25,0.44432102193835,0.44432102193835,0.388780894196057,6.72874488302617,-26.4932877114744,3.23917281390088,99.5556789780616,0,2.27658776554676,0,0,50,coarse
30,0,0.472091085809497,0.472091085809497,0.458206053873924,6.72874488302617,-18.8090337480138,3.23917281390088,99.5279089141905,3.62003926672696,0,0,0,30,coarse
30,0.5,0.472091085809497,0.472091085809497,0.458206053873924,6.72874488302617,-18.8090337480138,3.23917281390088,99.5279089141905,3.62003926672696,0,0,0,30.5,coarse
30,1,0.472091085809497,0.472091085809497,0.44432102193835,6.72874488302617,-18.8090337480138,3.23917281390088,99.5279089141905,3.61342127903642,0.0066179876905429,0,0,31,coarse
30,2,0.44432102193835,0.44432102193835,0.374895862260483,6.72874488302617,-18.8529160127845,3.23917281390088,99.5556789780616,3.59797930775849,0.0220599589684763,0,0,32,coarse
30,3,0.416550958067203,0.416550958067203,0.36101083032491,6.72874488302617,-19.0264103316615,3.23917281390088,99.5834490419328,3.56709536520262,0.0529439015243432,0,0,33,coarse
30,5,0.388780894196057,0.388780894196057,0.319355734518189,6.72874488302617,-19.6444685077748,3.23917281390088,99.6112191058039,3.48326752112241,0.136771745604553,0,0,35,coarse
30,10,0.388780894196057,0.388780894196057,0.319355734518189,6.72874488302617,-21.7128018955914,3.23917281390088,99.6112191058039,3.2560499437471,0.384944396920445,0,0,40,coarse
30,15,0.388780894196057,0.388780894196057,0.277700638711469,6.72874488302617,-23.9535644861341,3.23917281390088,99.6112191058039,2.86117667821138,0.794651298905948,0,0,45,coarse
30,20,0.388780894196057,0.388780894196057,0.277700638711469,6.72874488302617,-25.2600062287037,3.23917281390088,99.6112191058039,2.24546567263826,1.37874743552977,0,0,50,coarse
30,25,0.388780894196057,0.388780894196057,0.277700638711469,6.72874488302617,-26.6948961293341,3.23917281390088,99.6112191058039,1.39795596776372,2.27658776554676,0,0,55,coarse
30,30,0.388780894196057,0.388780894196057,0.277700638711469,6.72874488302617,-28.8055469132776,3.23481285211267,99.6112191058039,0,3.62003926672696,0,0,60,coarse
35,0,0.472091085809497,0.472091085809497,0.374895862260483,6.57486950653606,-19.1399796023325,3.23917281390088,99.5279089141905,5.64734949592994,0,0,0,35,coarse
35,0.5,0.472091085809497,0.472091085809497,0.374895862260483,6.57486950653606,-19.1399796023325,3.23917281390088,99.5279089141905,5.64734949592994,0,0,0,35.5,coarse
35,1,0.416550958067203,0.416550958067203,0.374895862260483,6.57486950653606,-19.1399796023325,3.23917281390088,99.5834490419328,5.64073150823939,0.0066179876905429,0,0,36,coarse
35,2,0.333240766453763,0.333240766453763,0.305470702582616,5.35019569431292,-19.2696981011045,3.23917281390088,99.6667592335462,5.62528953696146,0.0220599589684763,0,0,37,coarse
35,3,0.305470702582616,0.305470702582616,0.263815606775896,5.35019569431292,-19.5973975377871,3.23917281390088,99.6945292974174,5.59440559440559,0.0529439015243432,0,0,38,coarse
35,5,0.305470702582616,0.305470702582616,0.194390447098028,5.35019569431292,-20.1671618369627,3.23917281390088,99.6945292974174,5.51057775032538,0.136771745604553,0,0,40,coarse
35,10,0.305470702582616,0.305470702582616,0.194390447098028,5.35019569431292,-21.8444635796954,3.23917281390088,99.6945292974174,5.28336017295008,0.384944396920445,0,0,45,coarse
35,15,0.305470702582616,0.305470702582616,0.152735351291308,5.35019569431292,-24.2640726235299,3.23917281390088,99.6945292974174,4.88848690741435,0.794651298905948,0,0,50,coarse
35,20,0.305470702582616,0.305470702582616,0.152735351291308,5.35019569431292,-25.7851670742292,3.23917281390088,99.6945292974174,4.31317815496826,1.37874743552977,0,0,55,coarse
35,25,0.305470702582616,0.305470702582616,0.152735351291308,5.35019569431292,-27.19471900412,3.23917281390088,99.6945292974174,3.51402458241412,2.27658776554676,0,0,60,coarse
35,30,0.305470702582616,0.305470702582616,0.152735351291308,5.34988527146291,-28.9991983485129,3.23481285211267,99.6945292974174,2.1160686146504,3.62003926672696,0,0,65,coarse
35,35,0.305470702582616,0.305470702582616,0.152735351291308,5.34988527146291,-31.0887951568683,3.23446985234398,99.6945292974174,0,5.64734949592994,0,0,70,coarse
40,0,0.472091085809497,0.472091085809497,0.347125798389336,6.57486950653606,-19.2399874858336,3.13328177388691,99.5279089141905,9.01524424168243,0,0,0,40,coarse
40,0.5,0.472091085809497,0.472091085809497,0.347125798389336,6.57486950653606,-19.2399874858336,3.13328177388691,99.5279089141905,9.01524424168243,0,0,0,40.5,coarse
40,1,0.416550958067203,0.416550958067203,0.347125798389336,6.57486950653606,-19.2399874858336,1.8523107086488,99.5834490419328,9.01524424168243,0.0066179876905429,0,0,41,coarse
40,2,0.333240766453763,0.333240766453763,0.277700638711469,5.35019569431292,-19.3090422919169,1.8523107086488,99.6667592335462,9.00634249471459,0.0220599589684763,0,0,42,coarse
40,3,0.277700638711469,0.277700638711469,0.249930574840322,5.35019569431292,-19.6444685077748,1.8523107086488,99.7222993612885,8.99521531100478,0.0529439015243432,0,0,43,coarse
40,5,0.277700638711469,0.277700638711469,0.152735351291308,5.35019569431292,-20.2165594472913,1.8523107086488,99.7222993612885,8.95293201290753,0.136771745604553,0,0,45,coarse
40,10,0.277700638711469,0.277700638711469,0.138850319355735,5.35019569431292,-21.9456941874948,1.8523107086488,99.7222993612885,8.71258484477579,0.384944396920445,0,0,50,coarse
40,15,0.277700638711469,0.277700638711469,0.0971952235490142,5.35019569431292,-24.4331117097681,1.8523107086488,99.7222993612885,8.34538778235229,0.794651298905948,0,0,55,coarse
40,20,0.277700638711469,0.277700638711469,0.0971952235490142,5.35019569431292,-25.8487600243094,1.8523107086488,99.7222993612885,7.77122510292645,1.37874743552977,0,0,60,coarse
40,25,0.277700638711469,0.277700638711469,0.0971952235490142,5.35019569431292,-27.3969186931588,1.8523107086488,99.7222993612885,6.88397640808608,2.27658776554676,0,0,65,coarse
40,30,0.277700638711469,0.277700638711469,0.0971952235490142,5.34988527146291,-29.0303120625651,1.85120396469609,99.7222993612885,5.52575943028819,3.62003926672696,0,0,70,coarse
40,35,0.277700638711469,0.277700638711469,0.0971952235490142,5.34988527146291,-31.123326678066,1.84815092715101,99.7222993612885,3.52509179926561,5.64734949592994,0,0,75,coarse
40,40,0.277700638711469,0.277700638711469,0.0971952235490142,5.34988527146291,-33.5893059826548,1.84815092715101,99.7222993612885,0,9.01524424168243,0,0,80,coarse
45,0,0.44432102193835,0.44432102193835,0.249930574840322,6.57486950653606,-19.4943323698578,3.13328177388691,99.5556789780616,14.465338822744,0,0,0,45,coarse
45,0.5,0.44432102193835,0.44432102193835,0.249930574840322,6.57486950653606,-19.4943323698578,3.13328177388691,99.5556789780616,14.465338822744,0,0,0,45.5,coarse
45,1,0.388780894196057,0.388780894196057,0.249930574840322,6.57486950653606,-19.4943323698578,1.53019348527371,99.6112191058039,14.465338822744,0.0066179876905429,0,0,46,coarse
45,2,0.305470702582616,0.305470702582616,0.180505415162455,3.70778474065474,-19.6258800714438,1.53019348527371,99.6945292974174,14.4564370757761,0.0220599589684763,0,0,47,coarse
45,3,0.222160510969175,0.222160510969175,0.166620383226881,3.70778474065474,-19.8966878481066,1.53019348527371,99.7778394890308,14.4453098920663,0.0529439015243432,0,0,48,coarse
45,5,0.166620383226881,0.166620383226881,0.0971952235490142,3.70778474065474,-20.4029856067807,1.53019348527371,99.8333796167731,14.4030265939691,0.136771745604553,0,0,50,coarse
45,10,0.166620383226881,0.166620383226881,0.0694251596778673,3.70778474065474,-22.1402879139857,1.53019348527371,99.8333796167731,14.1626794258373,0.384944396920445,0,0,55,coarse
45,15,0.166620383226881,0.166620383226881,0.0555401277422938,3.70778474065474,-24.6144927907719,1.53019348527371,99.8333796167731,13.7954823634138,0.794651298905948,0,0,60,coarse
45,20,0.166620383226881,0.166620383226881,0.0555401277422938,3.70778474065474,-26.0179004327137,1.53019348527371,99.8333796167731,13.221319683988,1.37874743552977,0,0,65,coarse
45,25,0.166620383226881,0.166620383226881,0.0555401277422938,3.70778474065474,-27.616931654599,1.53019348527371,99.8333796167731,12.3384809328711,2.27658776554676,0,0,70,coarse
45,30,0.166620383226881,0.166620383226881,0.0555401277422938,3.70774335276917,-29.0709367846891,1.5208023921555,99.8333796167731,10.9758540113497,3.62003926672696,0,0,75,coarse
45,35,0.166620383226881,0.166620383226881,0.0555401277422938,3.70419030290527,-31.2861852892758,1.5208023921555,99.8333796167731,8.97518638032714,5.64734949592994,0,0,80,coarse
45,40,0.166620383226881,0.166620383226881,0.0555401277422938,3.70419030290527,-33.7955196229051,1.5208023921555,99.8333796167731,5.65271153506448,9.01524424168243,0,0,85,coarse
45,45,0.166620383226881,0.166620383226881,0.0555401277422938,3.70419030290527,-37.9478032171328,1.5208023921555,99.8333796167731,0,14.465338822744,0,0,90,coarse
50,0,0.388780894196057,0.388780894196057,0.180505415162455,6.57486950653606,-19.5973975377871,0.767524661087658,99.6112191058039,19.6591778848318,0,0,0,50,coarse
50,0.5,0.388780894196057,0.388780894196057,0.180505415162455,6.57486950653606,-19.5973975377871,0.767524661087658,99.6112191058039,19.6591778848318,0,0,0,50.5,coarse
50,1,0.333240766453763,0.333240766453763,0.180505415162455,6.57486950653606,-19.5973975377871,-0.840863864853192,99.6667592335462,19.6591778848318,0.0066179876905429,0,0,51,coarse
50,2,0.249930574840322,0.249930574840322,0.124965287420161,-0.505854835896102,-19.6667122484288,-2.86153870359876,99.7500694251597,19.6479222007114,0.0220599589684763,0,0,52,coarse
50,3,0.166620383226881,0.166620383226881,0.0971952235490142,-0.505854835896102,-19.9621209224964,-4.96181554513734,99.8333796167731,19.616406285174,0.0529439015243432,0,0,53,coarse
50,5,0.0833101916134407,0.0833101916134407,0.0277700638711469,-2.85170296251701,-20.438259137556,-6.14389898759804,99.9166898083866,19.5578767277475,0.136771745604553,0,1,55,coarse
50,10,0.0833101916134407,0.0833101916134407,0,-4.78005858177005,-22.1934787656636,-6.43648895919522,99.9166898083866,19.2742334879114,0.384944396920445,0,1,60,coarse
50,15,0,0,0,-6.13962855941701,-24.6928100029251,-9.82322708790762,100,18.8645265859259,0.794651298905948,1,1,65,coarse
50,20,0,0,0,-9.07884043841915,-26.1529254084527,-10.0095113205762,100,18.3737787582729,1.37874743552977,1,1,70,coarse
50,25,0,0,0,-10.0560645995744,-27.7575128972375,-15.7866586911349,100,17.5746251857188,2.27658776554676,1,1,75,coarse
50,30,0,0,0,-11.8601903942002,-29.2835821247743,-15.7866586911349,100,16.1766692179551,3.62003926672696,1,1,80,coarse
50,35,0,0,0,-11.8601903942002,-31.7655811588378,-15.8363347838598,100,14.0606006033047,5.64734949592994,1,1,85,coarse
50,40,0,0,0,-11.8601903942002,-34.027058150439,-15.8363347838598,100,10.6906487776327,9.01524424168243,1,1,90,coarse
50,45,0,0,0,-11.8635688529955,-38.5714318470588,-15.8397460538593,100,5.23614425284769,14.465338822744,1,1,95,coarse
50,50,0,0,0,-11.8635988704351,-42.7541985284667,-15.8397460538593,100,0,19.6591778848318,1,1,100,coarse
55,0,0.388780894196057,0.388780894196057,0.180505415162455,6.57486950653606,-19.5973975377871,0.767524661087658,99.6112191058039,23.5603980009905,0,0,0,55,coarse
55,0.5,0.388780894196057,0.388780894196057,0.180505415162455,6.57486950653606,-19.5973975377871,0.767524661087658,99.6112191058039,23.5603980009905,0,0,0,55.5,coarse
55,1,0.333240766453763,0.333240766453763,0.180505415162455,6.57486950653606,-19.5973975377871,-0.840863864853192,99.6667592335462,23.5603980009905,0.0066179876905429,0,0,56,coarse
55,2,0.249930574840322,0.249930574840322,0.124965287420161,-0.505854835896102,-19.6667122484288,-2.86153870359876,99.7500694251597,23.54914231687,0.0220599589684763,0,0,57,coarse
55,3,0.166620383226881,0.166620383226881,0.0971952235490142,-0.505854835896102,-19.9621209224964,-4.96181554513734,99.8333796167731,23.5176264013327,0.0529439015243432,0,0,58,coarse
55,5,0.0833101916134407,0.0833101916134407,0.0277700638711469,-2.85170296251701,-20.4536221576505,-6.14389898759804,99.9166898083866,23.4590968439062,0.136771745604553,0,1,60,coarse
55,10,0.0833101916134407,0.0833101916134407,0,-4.78005858177005,-22.2396627563339,-6.43648895919522,99.9166898083866,23.1754536040701,0.384944396920445,0,1,65,coarse
55,15,0,0,0,-6.13962855941701,-24.7350814205394,-9.82322708790762,100,22.7657467020846,0.794651298905948,1,1,70,coarse
55,20,0,0,0,-9.07884043841915,-26.2703161433111,-10.0095113205762,100,22.2749988744316,1.37874743552977,1,1,75,coarse
55,25,0,0,0,-10.0560645995744,-27.8353203231603,-15.7866586911349,100,21.4758453018774,2.27658776554676,1,1,80,coarse
55,30,0,0,0,-11.8601903942002,-29.3999459090389,-15.7866586911349,100,20.0778893341137,3.62003926672696,1,1,85,coarse
55,35,0,0,0,-11.8601903942002,-31.8998672227447,-15.8363347838598,100,17.9618207194633,5.64734949592994,1,1,90,coarse
55,40,0,0,0,-11.8601903942002,-34.428861118024,-15.8363347838598,100,14.5918688937914,9.01524424168243,1,1,95,coarse
55,45,0,0,0,-11.8635688529955,-38.917013404078,-15.8397460538593,100,9.13736436900635,14.465338822744,1,1,100,coarse
55,50,0,0,0,-11.8635988704351,-43.837803959458,-15.8397460538593,100,4.0057861355291,19.6591778848318,1,1,105,coarse
55,55,0,0,0,-11.8635988704351,-43.837803959458,-15.83978320163,100,0,23.5603980009905,1,1,110,coarse
60,0,0.388780894196057,0.388780894196057,0.180505415162455,6.57486950653606,-19.6258800714438,0.767524661087658,99.6112191058039,27.063536218983,0,0,0,60,coarse
60,0.5,0.388780894196057,0.388780894196057,0.180505415162455,6.57486950653606,-19.6258800714438,0.767524661087658,99.6112191058039,27.063536218983,0,0,0,60.5,coarse
60,1,0.333240766453763,0.333240766453763,0.180505415162455,6.57486950653606,-19.6258800714438,-0.840863864853192,99.6667592335462,27.063536218983,0.0066179876905429,0,0,61,coarse
60,2,0.249930574840322,0.249930574840322,0.124965287420161,-0.505854835896102,-19.7057723842864,-2.86153870359876,99.7500694251597,27.0546344720151,0.0220599589684763,0,0,62,coarse
60,3,0.166620383226881,0.166620383226881,0.0971952235490142,-0.505854835896102,-19.9961339133102,-4.96181554513734,99.8333796167731,27.0435072883053,0.0529439015243432,0,0,63,coarse
60,5,0.0833101916134407,0.0833101916134407,0.0277700638711469,-2.85170296251701,-20.4671790273801,-6.14389898759804,99.9166898083866,27.0012239902081,0.136771745604553,0,1,65,coarse
60,10,0.0833101916134407,0.0833101916134407,0,-4.78413125098082,-22.2603884996888,-6.43648895919522,99.9166898083866,26.7608768220763,0.384944396920445,0,1,70,coarse
60,15,0,0,0,-6.13962855941701,-24.7734068061542,-9.82322708790762,100,26.3936797596528,0.794651298905948,1,1,75,coarse
60,20,0,0,0,-9.07884043841915,-26.3849346351119,-10.0095113205762,100,25.819517080227,1.37874743552977,1,1,80,coarse
60,25,0,0,0,-10.0560645995744,-27.8950673444834,-15.7866586911349,100,24.9561028319301,2.27658776554676,1,1,85,coarse
60,30,0,0,0,-12.7084493310751,-29.4490893618231,-15.7866586911349,100,23.5740514075887,3.62003926672696,1,1,90,coarse
60,35,0,0,0,-12.7084493310751,-32.0449437023515,-15.8363347838598,100,21.5733837765661,5.64734949592994,1,1,95,coarse
60,40,0,0,0,-12.7084493310751,-34.6088742325146,-15.8363347838598,100,18.072126423844,9.01524424168243,1,1,100,coarse
60,45,0,0,0,-12.7095587863591,-39.4903873849879,-15.8397460538593,100,12.617621899059,14.465338822744,1,1,105,coarse
60,50,0,0,0,-12.7127109121997,-45.2366217182685,-15.8397460538593,100,8.08278624680093,19.6591778848318,1,1,110,coarse
60,55,0,0,0,-12.7127109121997,-45.3283479536364,-15.83978320163,100,4.07700011127184,23.5603980009905,1,1,115,coarse
60,60,0,0,0,-12.7127777696914,-45.4688321471503,-15.83978320163,100,0,27.063536218983,1,1,120,coarse
65,0,0.388780894196057,0.388780894196057,0.180505415162455,6.57486950653606,-19.6258800714438,0.767524661087658,99.6112191058039,31.2340046734172,0,0,0,65,coarse
65,0.5,0.388780894196057,0.388780894196057,0.180505415162455,6.57486950653606,-19.6258800714438,0.767524661087658,99.6112191058039,31.2340046734172,0,0,0,65.5,coarse
65,1,0.333240766453763,0.333240766453763,0.180505415162455,6.57486950653606,-19.6258800714438,-0.840863864853192,99.6667592335462,31.2340046734172,0.0066179876905429,0,0,66,coarse
65,2,0.249930574840322,0.249930574840322,0.124965287420161,-0.505854835896102,-19.7057723842864,-2.86153870359876,99.7500694251597,31.2251029264493,0.0220599589684763,0,0,67,coarse
65,3,0.166620383226881,0.166620383226881,0.0971952235490142,-0.505854835896102,-19.9961339133102,-4.96181554513734,99.8333796167731,31.2139757427395,0.0529439015243432,0,0,68,coarse
65,5,0.0833101916134407,0.0833101916134407,0.0277700638711469,-2.85170296251701,-20.4671790273801,-6.14389898759804,99.9166898083866,31.1716924446423,0.136771745604553,0,1,70,coarse
65,10,0.0833101916134407,0.0833101916134407,0,-4.78413125098082,-22.2603884996888,-6.43648895919522,99.9166898083866,30.9313452765105,0.384944396920445,0,1,75,coarse
65,15,0,0,0,-6.13962855941701,-24.7734068061542,-9.82322708790762,100,30.564148214087,0.794651298905948,1,1,80,coarse
65,20,0,0,0,-9.07884043841915,-26.3849346351119,-10.0095113205762,100,29.9899855346612,1.37874743552977,1,1,85,coarse
65,25,0,0,0,-10.0560645995744,-27.9282456206567,-15.7866586911349,100,29.0753310337154,2.27658776554676,1,1,90,coarse
65,30,0,0,0,-12.7084493310751,-29.5472000254273,-15.7866586911349,100,27.7445198620229,3.62003926672696,1,1,95,coarse
65,35,0,0,0,-12.7084493310751,-32.0882677988192,-15.8363347838598,100,25.7438522310003,5.64734949592994,1,1,100,coarse
65,40,0,0,0,-12.7084493310751,-34.6212202083846,-15.8363347838598,100,22.2187604317347,9.01524424168243,1,1,105,coarse
65,45,0,0,0,-12.7095587863591,-39.8557194003985,-15.8397460538593,100,16.7686658506732,14.465338822744,1,1,110,coarse
65,50,0,0,0,-12.7127109121997,-45.6665213130468,-15.8397460538593,100,12.2532547012351,19.6591778848318,1,1,115,coarse
65,55,0,0,0,-12.7127109121997,-45.709481318279,-15.83978320163,100,8.24746856570602,23.5603980009905,1,1,120,coarse
65,60,0,0,0,-12.7127777696914,-45.7914109709312,-15.83978320163,100,4.17046845443418,27.063536218983,1,1,125,coarse
65,65,0,0,0,-12.7127777696914,-45.8012999450596,-15.83978320163,100,0,31.2340046734172,1,1,130,coarse
70,0,0.388780894196057,0.388780894196057,0.180505415162455,6.57486950653606,-19.6258800714438,0.767524661087658,99.6112191058039,35.36886613998,0,0,0,70,coarse
70,0.5,0.388780894196057,0.388780894196057,0.180505415162455,6.57486950653606,-19.6258800714438,0.767524661087658,99.6112191058039,35.36886613998,0,0,0,70.5,coarse
70,1,0.333240766453763,0.333240766453763,0.180505415162455,6.57486950653606,-19.6258800714438,-0.840863864853192,99.6667592335462,35.36886613998,0.0066179876905429,0,0,71,coarse
70,2,0.249930574840322,0.249930574840322,0.124965287420161,-0.505854835896102,-19.7057723842864,-2.86153870359876,99.7500694251597,35.3599643930121,0.0220599589684763,0,0,72,coarse
70,3,0.166620383226881,0.166620383226881,0.0971952235490142,-0.505854835896102,-19.9961339133102,-4.96181554513734,99.8333796167731,35.3488372093023,0.0529439015243432,0,0,73,coarse
70,5,0.0833101916134407,0.0833101916134407,0.0277700638711469,-2.85170296251701,-20.4671790273801,-6.14389898759804,99.9166898083866,35.3065539112051,0.136771745604553,0,1,75,coarse
70,10,0.0833101916134407,0.0833101916134407,0,-4.78413125098082,-22.3121750135113,-6.43648895919522,99.9166898083866,35.0662067430733,0.384944396920445,0,1,80,coarse
70,15,0,0,0,-6.13962855941701,-24.7787874873122,-9.82322708790762,100,34.6990096806498,0.794651298905948,1,1,85,coarse
70,20,0,0,0,-9.07884043841915,-26.4679169400548,-10.0095113205762,100,34.124847001224,1.37874743552977,1,1,90,coarse
70,25,0,0,0,-10.0560645995744,-27.9475191030643,-15.7866586911349,100,33.2101925002782,2.27658776554676,1,1,95,coarse
70,30,0,0,0,-12.7084493310751,-29.5553694422595,-15.7866586911349,100,31.8793813285857,3.62003926672696,1,1,100,coarse
70,35,0,0,0,-12.7084493310751,-32.1746878187855,-15.8363347838598,100,29.8787136975631,5.64734949592994,1,1,105,coarse
70,40,0,0,0,-12.7084493310751,-34.6620415006512,-15.8363347838598,100,26.3536218982975,9.01524424168243,1,1,110,coarse
70,45,0,0,0,-12.7095587863591,-40.0579299598175,-15.8397460538593,100,20.903527317236,14.465338822744,1,1,115,coarse
70,50,0,0,0,-12.7127109121997,-46.2776125885872,-15.8397460538593,100,16.3881161677979,19.6591778848318,1,1,120,coarse
70,55,0,0,0,-12.7127109121997,-46.4968868968705,-15.83978320163,100,12.3823300322688,23.5603980009905,1,1,125,coarse
70,60,0,0,0,-12.7127777696914,-46.6008501765835,-15.83978320163,100,8.305329920997,27.063536218983,1,1,130,coarse
70,65,0,0,0,-12.7127777696914,-46.6977423960235,-15.83978320163,100,4.13486146656281,31.2340046734172,1,1,135,coarse
70,70,0,0,0,-12.7127842944621,-46.6977423960235,-15.8398287338491,100,0,35.36886613998,1,1,140,coarse
75,0,0.388780894196057,0.388780894196057,0.180505415162455,6.57486950653606,-19.6444685077748,0.767524661087658,99.6112191058039,39.434739067542,0,0,0,75,coarse
75,0.5,0.388780894196057,0.388780894196057,0.180505415162455,6.57486950653606,-19.6444685077748,0.767524661087658,99.6112191058039,39.434739067542,0,0,0,75.5,coarse
75,1,0.333240766453763,0.333240766453763,0.180505415162455,6.57486950653606,-19.6444685077748,-0.840863864853192,99.6667592335462,39.434739067542,0.0066179876905429,0,0,76,coarse
75,2,0.249930574840322,0.249930574840322,0.124965287420161,-0.505854835896102,-19.756311031059,-2.86153870359876,99.7500694251597,39.4258373205742,0.0220599589684763,0,0,77,coarse
75,3,0.166620383226881,0.166620383226881,0.0971952235490142,-0.505854835896102,-20.0283378876197,-4.96181554513734,99.8333796167731,39.4147101368644,0.0529439015243432,0,0,78,coarse
75,5,0.0833101916134407,0.0833101916134407,0.0277700638711469,-2.85170296251701,-20.477909546229,-6.14389898759804,99.9166898083866,39.3724268387671,0.136771745604553,0,1,80,coarse
75,10,0.0833101916134407,0.0833101916134407,0,-4.78413125098082,-22.3542532075006,-6.43648895919522,99.9166898083866,39.1320796706354,0.384944396920445,0,1,85,coarse
75,15,0,0,0,-6.13962855941701,-24.8595927745867,-9.82322708790762,100,38.7648826082119,0.794651298905948,1,1,90,coarse
75,20,0,0,0,-9.07884043841915,-26.5284663705375,-10.0095113205762,100,38.190719928786,1.37874743552977,1,1,95,coarse
75,25,0,0,0,-10.0560645995744,-28.0508023590684,-15.7866586911349,100,37.2760654278402,2.27658776554676,1,1,100,coarse
75,30,0,0,0,-12.7084493310751,-29.6876460575453,-15.7866586911349,100,35.9452542561478,3.62003926672696,1,1,105,coarse
75,35,0,0,0,-12.7084493310751,-32.2588169116034,-15.8363347838598,100,33.9445866251252,5.64734949592994,1,1,110,coarse
75,40,0,0,0,-12.7084493310751,-34.8960957483293,-15.8363347838598,100,30.4194948258596,9.01524424168243,1,1,115,coarse
75,45,0,0,0,-12.7095587863591,-40.4322461665329,-15.8397460538593,100,24.969400244798,14.465338822744,1,1,120,coarse
75,50,0,0,0,-12.7127109121997,-46.9906144545289,-15.8397460538593,100,20.45398909536,19.6591778848318,1,1,125,coarse
75,55,0,0,0,-12.7127109121997,-47.0670626076952,-15.83978320163,100,16.4482029598309,23.5603980009905,1,1,130,coarse
75,60,0,0,0,-12.7127777696914,-47.2550146366145,-15.83978320163,100,12.371202848559,27.063536218983,1,1,135,coarse
75,65,0,0,0,-12.7127777696914,-47.3983873639582,-15.83978320163,100,8.55635046811517,31.2340046734172,1,1,140,coarse
75,70,0,0,0,-12.7127842944621,-47.4803823572773,-15.8398287338491,100,4.47800741918389,35.36886613998,1,1,145,coarse
75,75,0,0,0,-12.7127842944621,-47.7705342552861,-15.8398413955253,100,0,39.434739067542,1,1,150,coarse
80,0,0.388780894196057,0.388780894196057,0.180505415162455,6.57486950653606,-19.7057723842864,0.767524661087658,99.6112191058039,43.4271725826193,0,0,0,80,coarse
80,0.5,0.388780894196057,0.388780894196057,0.180505415162455,6.57486950653606,-19.7057723842864,0.767524661087658,99.6112191058039,43.4271725826193,0,0,0,80.5,coarse
80,1,0.333240766453763,0.333240766453763,0.180505415162455,6.57486950653606,-19.7057723842864,-0.840863864853192,99.6667592335462,43.4271725826193,0.0066179876905429,0,0,81,coarse
80,2,0.249930574840322,0.249930574840322,0.124965287420161,-0.505854835896102,-19.8195405881401,-2.86153870359876,99.7500694251597,43.4182708356515,0.0220599589684763,0,0,82,coarse
80,3,0.166620383226881,0.166620383226881,0.0971952235490142,-0.505854835896102,-20.0788327298854,-4.96181554513734,99.8333796167731,43.4071436519417,0.0529439015243432,0,0,83,coarse
80,5,0.0833101916134407,0.0833101916134407,0.0277700638711469,-2.85170296251701,-20.5091430921429,-6.14389898759804,99.9166898083866,43.3648603538444,0.136771745604553,0,1,85,coarse
80,10,0.0833101916134407,0.0833101916134407,0,-4.78413125098082,-22.4663249127221,-6.43648895919522,99.9166898083866,43.1245131857127,0.384944396920445,0,1,90,coarse
80,15,0,0,0,-6.13962855941701,-24.9933105241229,-9.82322708790762,100,42.7573161232892,0.794651298905948,1,1,95,coarse
80,20,0,0,0,-9.07884043841915,-26.9712495439072,-10.0095113205762,100,42.1831534438634,1.37874743552977,1,1,100,coarse
80,25,0,0,0,-10.0560645995744,-28.3875932931233,-15.7866586911349,100,41.2684989429175,2.27658776554676,1,1,105,coarse
80,30,0,0,0,-14.1404952272939,-30.2322883138392,-15.7866586911349,100,39.9376877712251,3.62003926672696,1,1,110,coarse
80,35,0,0,0,-14.1404952272939,-32.6219100439287,-15.8363347838598,100,37.9370201402025,5.64734949592994,1,1,115,coarse
80,40,0,0,0,-14.1404952272939,-35.5642523139673,-15.8363347838598,100,34.4119283409369,9.01524424168243,1,1,120,coarse
80,45,0,0,0,-14.1428587799354,-41.6355870775755,-15.8397460538593,100,28.9618337598754,14.465338822744,1,1,125,coarse
80,50,0,0,0,-14.1428587799354,-47.228847573259,-15.8397460538593,100,24.4464226104373,19.6591778848318,1,1,130,coarse
80,55,0,0,0,-14.1428860113209,-47.2837963140835,-15.83978320163,100,20.4406364749082,23.5603980009905,1,1,135,coarse
80,60,0,0,0,-14.1428860113209,-47.8926810022906,-15.83978320163,100,16.5118792879045,27.063536218983,1,1,140,coarse
80,65,0,0,0,-14.1428860113209,-48.1492450236666,-15.83978320163,100,12.5772831655185,31.2340046734172,1,1,145,coarse
80,70,0,0,0,-14.1429145957081,-48.7356068705529,-15.8398287338491,100,8.49894011658717,35.36886613998,1,1,150,coarse
80,75,0,0,0,-14.1429232858986,-48.9763896744408,-15.8398413955253,100,4.36345988396462,39.434739067542,1,1,155,coarse
80,80,0,0,0,-14.1429232858986,-49.4852213254947,-15.8398413955253,100,0,43.4271725826193,1,1,160,coarse
85,0,0.388780894196057,0.388780894196057,0.180505415162455,6.57486950653606,-19.7057723842864,0.767524661087658,99.6112191058039,48.1250695448982,0,0,0,85,coarse
85,0.5,0.388780894196057,0.388780894196057,0.180505415162455,6.57486950653606,-19.7057723842864,0.767524661087658,99.6112191058039,48.1250695448982,0,0,0,85.5,coarse
85,1,0.333240766453763,0.333240766453763,0.180505415162455,6.57486950653606,-19.7057723842864,-0.840863864853192,99.6667592335462,48.1250695448982,0.0066179876905429,0,0,86,coarse
85,2,0.249930574840322,0.249930574840322,0.124965287420161,-0.505854835896102,-19.8195405881401,-2.86153870359876,99.7500694251597,48.1161677979303,0.0220599589684763,0,0,87,coarse
85,3,0.166620383226881,0.166620383226881,0.0971952235490142,-0.505854835896102,-20.0788327298854,-4.96181554513734,99.8333796167731,48.1050406142205,0.0529439015243432,0,0,88,coarse
85,5,0.0833101916134407,0.0833101916134407,0.0277700638711469,-2.85170296251701,-20.5091430921429,-6.14389898759804,99.9166898083866,48.0627573161233,0.136771745604553,0,1,90,coarse
85,10,0.0833101916134407,0.0833101916134407,0,-4.78413125098082,-22.6118907076682,-6.43648895919522,99.9166898083866,47.8224101479915,0.384944396920445,0,1,95,coarse
85,15,0,0,0,-6.13962855941701,-25.0033490916693,-9.82322708790762,100,47.455213085568,0.794651298905948,1,1,100,coarse
85,20,0,0,0,-9.07884043841915,-27.0657613549575,-10.0095113205762,100,46.8810504061422,1.37874743552977,1,1,105,coarse
85,25,0,0,0,-10.0560645995744,-28.471329604295,-17.8010320169738,100,45.9663959051964,2.27658776554676,1,1,110,coarse
85,30,0,0,0,-16.5019974306052,-30.3634560946928,-17.8010320169738,100,44.6355847335039,3.62003926672696,1,1,115,coarse
85,35,0,0,0,-16.5590685755753,-32.717401015305,-17.8051224149211,100,42.6349171024814,5.64734949592994,1,1,120,coarse
85,40,0,0,0,-16.9527818696639,-36.070563710969,-20.1638506802388,100,39.1207383854443,9.01524424168243,1,1,125,coarse
85,45,0,0,0,-16.9527818696639,-42.1451577664807,-20.1737364988349,100,33.6597307221542,14.465338822744,1,1,130,coarse
85,50,0,0,0,-16.9527818696639,-47.5122297523331,-20.1737364988349,100,29.1443195727161,19.6591778848318,1,1,135,coarse
85,55,0,0,0,-16.9527818696639,-47.5885390663659,-20.1737442032842,100,25.2119766825649,23.5603980009905,1,1,140,coarse
85,60,0,0,0,-16.9528825980668,-48.3079914279531,-20.1737958795502,100,21.4864000352959,27.063536218983,1,1,145,coarse
85,65,0,0,0,-16.9528900135782,-48.6405880636481,-20.1737958795502,100,17.5001654496923,31.2340046734172,1,1,150,coarse
85,70,0,0,0,-16.9528900135782,-48.8874098930634,-20.1737958795502,100,13.3727471266903,35.36886613998,1,1,155,coarse
85,75,0,0,0,-16.9528900135782,-49.3369917739897,-20.1737958795502,100,9.33798063135603,39.434739067542,1,1,160,coarse
85,80,0,0,0,-16.9528900135782,-49.7769327782076,-20.1738511703339,100,4.97452074739141,43.4271725826193,1,1,165,coarse
85,85,0,0,0,-16.9528900135782,-50.5337531663424,-20.174216946533,100,0,48.1250695448982,1,1,170,coarse
90,0,0.388780894196057,0.388780894196057,0.180505415162455,6.57486950653606,-19.7057723842864,0.767524661087658,99.6112191058039,53.2725047290531,0,0,0,90,coarse
90,0.5,0.388780894196057,0.388780894196057,0.180505415162455,6.57486950653606,-19.7057723842864,0.767524661087658,99.6112191058039,53.2725047290531,0,0,0,90.5,coarse
90,1,0.333240766453763,0.333240766453763,0.180505415162455,6.57486950653606,-19.7057723842864,-0.840863864853192,99.6667592335462,53.2725047290531,0.0066179876905429,0,0,91,coarse
90,2,0.249930574840322,0.249930574840322,0.124965287420161,-0.505854835896102,-19.8195405881401,-2.86153870359876,99.7500694251597,53.2636029820852,0.0220599589684763,0,0,92,coarse
90,3,0.166620383226881,0.166620383226881,0.0971952235490142,-0.505854835896102,-20.0788327298854,-4.96181554513734,99.8333796167731,53.2524757983754,0.0529439015243432,0,0,93,coarse
90,5,0.0833101916134407,0.0833101916134407,0.0277700638711469,-2.85170296251701,-20.5091430921429,-6.14389898759804,99.9166898083866,53.2101925002782,0.136771745604553,0,1,95,coarse
90,10,0.0833101916134407,0.0833101916134407,0,-4.78413125098082,-22.6118907076682,-6.43648895919522,99.9166898083866,52.9698453321464,0.384944396920445,0,1,100,coarse
90,15,0,0,0,-6.13962855941701,-25.0033490916693,-9.82322708790762,100,52.6026482697229,0.794651298905948,1,1,105,coarse
90,20,0,0,0,-9.07884043841915,-27.0657613549575,-10.0095113205762,100,52.0284855902971,1.37874743552977,1,1,110,coarse
90,25,0,0,0,-10.0560645995744,-28.471329604295,-17.8010320169738,100,51.1138310893513,2.27658776554676,1,1,115,coarse
90,30,0,0,0,-16.5019974306052,-30.3634560946928,-17.8010320169738,100,49.7830199176588,3.62003926672696,1,1,120,coarse
90,35,0,0,0,-16.5590685755753,-32.717401015305,-17.8051224149211,100,47.7823522866363,5.64734949592994,1,1,125,coarse
90,40,0,0,0,-16.9527818696639,-36.070563710969,-20.1638506802388,100,44.2572604873706,9.01524424168243,1,1,130,coarse
90,45,0,0,0,-16.9527818696639,-42.1451577664807,-20.1737364988349,100,38.8071659063091,14.465338822744,1,1,135,coarse
90,50,0,0,0,-16.9527818696639,-47.6170446546202,-20.1737364988349,100,34.291754756871,19.6591778848318,1,1,140,coarse
90,55,0,0,0,-16.9527818696639,-47.7199184347657,-20.1737442032842,100,30.4317133970131,23.5603980009905,1,1,145,coarse
90,60,0,0,0,-16.9528825980668,-48.4403639058195,-20.1737958795502,100,26.8381460810483,27.063536218983,1,1,150,coarse
90,65,0,0,0,-16.9528900135782,-48.7140914075081,-20.1737958795502,100,22.8519114954446,31.2340046734172,1,1,155,coarse
90,70,0,0,0,-16.9528900135782,-48.9845446186571,-20.1737958795502,100,18.7244931724427,35.36886613998,1,1,160,coarse
90,75,0,0,0,-16.9528900135782,-49.4322119861958,-20.1737958795502,100,14.6897266771084,39.434739067542,1,1,165,coarse
90,80,0,0,0,-16.9528900135782,-49.9092786616944,-20.1738511703339,100,10.5758407996038,43.4271725826193,1,1,170,coarse
90,85,0,0,0,-16.9528900135782,-50.653532990922,-20.174216946533,100,5.70438071225969,48.1250695448982,1,1,175,coarse
90,90,0,0,0,-16.9528900135782,-51.2833413886558,-20.1742410170762,100,0,53.2725047290531,1,1,180,coarse
95,0,0.388780894196057,0.388780894196057,0.180505415162455,6.57486950653606,-19.756311031059,0.767285997722215,99.6112191058039,60.1188600243123,0,0,0,95,coarse
95,0.5,0.388780894196057,0.388780894196057,0.180505415162455,6.57486950653606,-19.756311031059,0.767285997722215,99.6112191058039,60.1188600243123,0,0,0,95.5,coarse
95,1,0.333240766453763,0.333240766453763,0.180505415162455,6.57486950653606,-19.756311031059,-0.840865147959673,99.6667592335462,60.1188600243123,0.0066179876905429,0,0,96,coarse
95,2,0.249930574840322,0.249930574840322,0.124965287420161,-0.505854835896102,-19.8650776114428,-2.86153870359876,99.7500694251597,60.1076043401918,0.0220599589684763,0,0,97,coarse
95,3,0.166620383226881,0.166620383226881,0.0971952235490142,-0.505854835896102,-20.1285964514326,-4.96181554513734,99.8333796167731,60.0760884246545,0.0529439015243432,0,0,98,coarse
95,5,0.0833101916134407,0.0833101916134407,0.0277700638711469,-2.85170296251701,-20.5419349882658,-6.14389898759804,99.9166898083866,60.0175588672279,0.136771745604553,0,1,100,coarse
95,10,0.0833101916134407,0.0833101916134407,0,-4.78413125098082,-22.7945197720571,-6.43648895919522,99.9166898083866,59.7339156273918,0.384944396920445,0,1,105,coarse
95,15,0,0,0,-6.13962855941701,-25.0997716711903,-9.82322708790762,100,59.3242087254063,0.794651298905948,1,1,110,coarse
95,20,0,0,0,-9.07884043841915,-27.1460578573035,-10.0095113205762,100,58.8334608977534,1.37874743552977,1,1,115,coarse
95,25,0,0,0,-10.0560645995744,-28.5840712779212,-17.8010320169738,100,58.0343073251992,2.27658776554676,1,1,120,coarse
95,30,0,0,0,-16.5019974306052,-30.4919486026658,-17.8010320169738,100,56.6363513574355,3.62003926672696,1,1,125,coarse
95,35,0,0,0,-16.5590685755753,-32.7992618546757,-17.8051224149211,100,54.5202827427851,5.64734949592994,1,1,130,coarse
95,40,0,0,0,-16.9527818696639,-36.4772464031322,-20.8962888950926,100,51.2210740151917,9.01524424168243,1,1,135,coarse
95,45,0,0,0,-16.9527818696639,-42.5589810938158,-22.1499337698331,100,45.6958263923281,14.465338822744,1,1,140,coarse
95,50,0,0,0,-16.9527818696639,-48.0290933814239,-22.4220204610972,100,41.0461932520756,19.6591778848318,1,1,145,coarse
95,55,0,0,0,-16.9527818696639,-48.1223187194412,-22.4220204610972,100,37.3123123123123,23.5603980009905,1,1,150,coarse
95,60,0,0,0,-16.9528825980668,-48.7140914075081,-22.4220204610972,100,33.429661820829,27.063536218983,1,1,155,coarse
95,65,0,0,0,-16.9528900135782,-48.9363209363154,-22.4220204610972,100,29.5111287758347,31.2340046734172,1,1,160,coarse
95,70,0,0,0,-16.9528900135782,-49.2685237874079,-22.4220204610972,100,25.9488541713565,35.36886613998,1,1,165,coarse
95,75,0,0,0,-16.9528900135782,-49.6639099170605,-22.4220273633525,100,21.9283238035208,39.434739067542,1,1,170,coarse
95,80,0,0,0,-16.9528900135782,-50.0528070100398,-22.4220273633525,100,17.8335059204898,43.4271725826193,1,1,175,coarse
95,85,0,0,0,-16.9528900135782,-50.7523207303654,-22.42342225396,100,12.9620458331457,48.1250695448982,1,1,180,coarse
95,90,0,0,0,-16.9528900135782,-51.3104262636291,-22.4236179847631,100,7.25766512088605,53.2725047290531,1,1,185,coarse
95,95,0,0,0,-16.9529425161592,-53.5171344824817,-22.4236621511844,100,0,60.1188600243123,1,1,190,coarse
100,0,0.388780894196057,0.388780894196057,0.180505415162455,6.57486950653606,-19.756311031059,0.767285997722215,99.6112191058039,69.3587169927864,0,0,0,100,coarse
100,0.5,0.388780894196057,0.388780894196057,0.180505415162455,6.57486950653606,-19.756311031059,0.767285997722215,99.6112191058039,69.3587169927864,0,0,0,100.5,coarse
100,1,0.333240766453763,0.333240766453763,0.180505415162455,6.57486950653606,-19.756311031059,-0.840865147959673,99.6667592335462,69.3530232767548,0.0066179876905429,0,0,101,coarse
100,2,0.249930574840322,0.249930574840322,0.124965287420161,-0.505854835896102,-19.8650776114428,-2.86153870359876,99.7500694251597,69.3417675926343,0.0220599589684763,0,0,102,coarse
100,3,0.166620383226881,0.166620383226881,0.0971952235490142,-0.505854835896102,-20.1596766473756,-4.96181554513734,99.8333796167731,69.3102516770969,0.0529439015243432,0,0,103,coarse
100,5,0.0833101916134407,0.0833101916134407,0.0277700638711469,-2.85170296251701,-20.6000880491051,-6.14389898759804,99.9166898083866,69.2517221196704,0.136771745604553,0,1,105,coarse
100,10,0.0833101916134407,0.0833101916134407,0,-4.78413125098082,-23.0013861177427,-6.43648895919522,99.9166898083866,68.9947276698065,0.384944396920445,0,1,110,coarse
100,15,0,0,0,-6.13962855941701,-25.2986469520596,-9.82322708790762,100,68.5998544042708,0.794651298905948,1,1,115,coarse
100,20,0,0,0,-9.07884043841915,-27.3845321378561,-10.0095113205762,100,68.0676241501959,1.37874743552977,1,1,120,coarse
100,25,0,0,0,-10.0560645995744,-28.910496783127,-17.8010320169738,100,67.2684705776417,2.27658776554676,1,1,125,coarse
100,30,0,0,0,-16.5019974306052,-30.8615253453977,-17.8010320169738,100,65.9711181770005,3.62003926672696,1,1,130,coarse
100,35,0,0,0,-16.5590685755753,-33.2272175517077,-17.8051224149211,100,63.9595477830772,5.64734949592994,1,1,135,coarse
100,40,0,0,0,-16.9527818696639,-37.1575837900454,-21.923593540407,100,60.7180710121887,9.01524424168243,1,1,140,coarse
100,45,0,0,0,-16.9527818696639,-43.0657048107758,-25.3003682857717,100,55.1741633760561,14.465338822744,1,1,145,coarse
100,50,0,0,0,-16.9527818696639,-48.4287079806817,-27.6274334107341,100,50.890119344378,19.6591778848318,1,1,150,coarse
100,55,0,0,0,-16.9527818696639,-48.531445348503,-27.627442377711,100,47.111248373078,23.5603980009905,1,1,155,coarse
100,60,0,0,0,-16.9528825980668,-48.8971902636395,-27.6274944123083,100,43.5176810571132,27.063536218983,1,1,160,coarse
100,65,0,0,0,-16.9528900135782,-49.1271262479563,-27.6274944123083,100,39.5314464715096,31.2340046734172,1,1,165,coarse
100,70,0,0,0,-16.9528900135782,-49.4058119459518,-27.6305751692192,100,35.4040281485076,35.36886613998,1,1,170,coarse
100,75,0,0,0,-16.9528900135782,-49.6636587054723,-27.6310393838174,100,31.3692616531733,39.434739067542,1,1,175,coarse
100,80,0,0,0,-16.9528900135782,-49.9781910604212,-27.6314394538639,100,27.0676691729323,43.4271725826193,1,1,180,coarse
100,85,0,0,0,-16.9528900135782,-50.9511431145438,-27.6331059831819,100,22.1962090855882,48.1250695448982,1,1,185,coarse
100,90,0,0,0,-16.9528900135782,-51.4936710342158,-27.6339612055396,100,16.6795349760649,53.2725047290531,1,1,190,coarse
100,95,0,0,0,-16.9529425161592,-53.6279288861093,-27.6341995340141,100,10.0880192362842,60.1188600243123,1,1,195,coarse
100,100,0,0,0,-16.9529530696681,-57.0141910247888,-27.6348250011131,100,0,69.3587169927864,1,1,200,coarse
105,0,0.388780894196057,0.388780894196057,0.180505415162455,6.57486950653606,-19.756311031059,0.767285997722215,99.6112191058039,76.8785736797083,0,0,0,105,coarse
105,0.5,0.388780894196057,0.388780894196057,0.180505415162455,6.57486950653606,-19.756311031059,0.767285997722215,99.6112191058039,76.8785736797083,0,0,0,105.5,coarse
105,1,0.333240766453763,0.333240766453763,0.180505415162455,6.57486950653606,-19.756311031059,-0.840865147959673,99.6667592335462,76.8785736797083,0.0066179876905429,0,0,106,coarse
105,2,0.249930574840322,0.249930574840322,0.124965287420161,-0.505854835896102,-19.8650776114428,-2.86153870359876,99.7500694251597,76.8673179955878,0.0220599589684763,0,0,107,coarse
105,3,0.166620383226881,0.166620383226881,0.0971952235490142,-0.505854835896102,-20.1596766473756,-4.96181554513734,99.8333796167731,76.8358020800504,0.0529439015243432,0,0,108,coarse
105,5,0.0833101916134407,0.0833101916134407,0.0277700638711469,-2.85170296251701,-20.6000880491051,-6.1441380686594,99.9166898083866,76.7772725226239,0.136771745604553,0,1,110,coarse
105,10,0.0833101916134407,0.0833101916134407,0,-4.78413125098082,-23.0013861177427,-6.43648895919522,99.9166898083866,76.4936292827878,0.384944396920445,0,1,115,coarse
105,15,0,0,0,-6.13962855941701,-25.3239640192879,-9.82322708790762,100,76.0839223808023,0.794651298905948,1,1,120,coarse
105,20,0,0,0,-9.07884043841915,-27.4001844679297,-10.0095113205762,100,75.5931745531493,1.37874743552977,1,1,125,coarse
105,25,0,0,0,-10.0560645995744,-28.9172147235887,-17.8269730264998,100,74.7940209805952,2.27658776554676,1,1,130,coarse
105,30,0,0,0,-16.5019974306052,-30.8948663982879,-17.8269730264998,100,73.3960650128315,3.62003926672696,1,1,135,coarse
105,35,0,0,0,-16.5590685755753,-33.4551877233541,-17.8667966618383,100,71.2799963981811,5.64734949592994,1,1,140,coarse
105,40,0,0,0,-18.7828599887275,-37.2676058922012,-23.1093874116832,100,67.9380556352165,9.01524424168243,1,1,145,coarse
105,45,0,0,0,-22.1119934354547,-43.1602495653298,-25.8632685566433,100,62.4892457700029,14.465338822744,1,1,150,coarse
105,50,0,0,0,-38.2281111743709,-48.3860761069267,-39.2123621376557,100,58.2052017383248,19.6591778848318,1,1,155,coarse
105,55,0,0,0,-38.2473226374739,-48.4403639058195,-39.2123621376557,100,54.4263307670248,23.5603980009905,1,1,160,coarse
105,60,0,0,0,-38.2473226374739,-48.881899443318,-39.2485500280753,100,50.83276345106,27.063536218983,1,1,165,coarse
105,65,0,0,0,-38.2473226374739,-49.1704699814475,-39.2485500280753,100,46.8465288654563,31.2340046734172,1,1,170,coarse
105,70,0,0,0,-38.2500244383125,-49.3647957616739,-39.25258709541,100,42.7191105424544,35.36886613998,1,1,175,coarse
105,75,0,0,0,-38.2500244383125,-49.7194042347915,-39.25258709541,100,38.6880374589168,39.434739067542,1,1,180,coarse
105,80,0,0,0,-39.4119995809135,-50.0656688643353,-39.9614311773796,100,34.5932195758858,43.4271725826193,1,1,185,coarse
105,85,0,0,0,-40.4417429971266,-50.9433630651074,-41.841810072861,100,29.7217594885417,48.1250695448982,1,1,190,coarse
105,90,0,0,0,-40.4417429971266,-51.4431545340374,-41.8532707767328,100,24.017378776282,53.2725047290531,1,1,195,coarse
105,95,0,0,0,-40.4658042373131,-53.6279288861093,-41.8945911518068,100,17.403101630231,60.1188600243123,1,1,200,coarse
105,100,0,0,0,-40.4677527688237,-57.0141910247888,-41.8945911518068,100,7.52555040295349,69.3587169927864,1,1,205,coarse
105,105,0,0,0,-42.7184374259824,-58.32355278666,-45.812541520402,100,0,76.8785736797083,1,1,210,coarse
110,0,0.388780894196057,0.388780894196057,0.180505415162455,6.57486950653606,-19.756311031059,0.767285997722215,99.6112191058039,79.6834901625321,0,0,0,110,coarse
110,0.5,0.388780894196057,0.388780894196057,0.180505415162455,6.57486950653606,-19.756311031059,0.767285997722215,99.6112191058039,79.6834901625321,0,0,0,110.5,coarse
110,1,0.333240766453763,0.333240766453763,0.180505415162455,6.57486950653606,-19.756311031059,-0.840865147959673,99.6667592335462,79.6834901625321,0.0066179876905429,0,0,111,coarse
110,2,0.249930574840322,0.249930574840322,0.124965287420161,-0.505854835896102,-19.8650776114428,-2.86153870359876,99.7500694251597,79.6722344784116,0.0220599589684763,0,0,112,coarse
110,3,0.166620383226881,0.166620383226881,0.0971952235490142,-0.505854835896102,-20.1596766473756,-4.96181554513734,99.8333796167731,79.6407185628743,0.0529439015243432,0,0,113,coarse
110,5,0.0833101916134407,0.0833101916134407,0.0277700638711469,-2.85170296251701,-20.6000880491051,-6.1441380686594,99.9166898083866,79.5821890054477,0.136771745604553,0,1,115,coarse
110,10,0.0833101916134407,0.0833101916134407,0,-4.78413125098082,-23.0013861177427,-6.43648895919522,99.9166898083866,79.2985457656116,0.384944396920445,0,1,120,coarse
110,15,0,0,0,-6.13962855941701,-25.3239640192879,-9.82322708790762,100,78.8888388636261,0.794651298905948,1,1,125,coarse
110,20,0,0,0,-9.07884043841915,-27.4001844679297,-10.0095113205762,100,78.3980910359732,1.37874743552977,1,1,130,coarse
110,25,0,0,0,-10.0560645995744,-28.9172147235887,-17.8269730264998,100,77.598937463419,2.27658776554676,1,1,135,coarse
110,30,0,0,0,-16.5019974306052,-30.8948663982879,-17.8269730264998,100,76.2009814956553,3.62003926672696,1,1,140,coarse
110,35,0,0,0,-16.5590685755753,-33.4551877233541,-17.8667966618383,100,74.0849128810049,5.64734949592994,1,1,145,coarse
110,40,0,0,0,-18.7828599887275,-37.2676058922012,-23.1093874116832,100,70.8896781451986,9.01524424168243,1,1,150,coarse
110,45,0,0,0,-22.1119934354547,-43.1602495653297,-25.8632685566432,100,65.440868279985,14.465338822744,1,1,155,coarse
110,50,0,0,0,-38.2281111743709,-48.3860761069267,-39.2123621376557,100,61.1568242483069,19.6591778848318,1,1,160,coarse
110,55,0,0,0,-38.2473226374739,-48.4403639058195,-39.2123621376557,100,57.3779532770069,23.5603980009905,1,1,165,coarse
110,60,0,0,0,-38.2473226374739,-48.881899443318,-39.2485500280753,100,53.7843859610421,27.063536218983,1,1,170,coarse
110,65,0,0,0,-38.2473226374739,-49.1704699814475,-39.2485500280753,100,49.7981513754384,31.2340046734172,1,1,175,coarse
110,70,0,0,0,-38.2500244383125,-49.3647957616739,-39.25258709541,100,45.6707330524365,35.36886613998,1,1,180,coarse
110,75,0,0,0,-38.2500244383125,-49.7194042347915,-39.25258709541,100,41.6359665571022,39.434739067542,1,1,185,coarse
110,80,0,0,0,-39.4119995809135,-50.0656688643353,-39.9614311773796,100,37.3981360587096,43.4271725826193,1,1,190,coarse
110,85,0,0,0,-40.4417429971266,-50.9433630651074,-41.841810072861,100,32.5266759713655,48.1250695448982,1,1,195,coarse
110,90,0,0,0,-40.4417429971266,-51.4431545340374,-41.8532707767328,100,26.9462398799938,53.2725047290531,1,1,200,coarse
110,95,0,0,0,-40.4658042373131,-53.6279288861093,-41.8945911518068,100,20.3547241402131,60.1188600243123,1,1,205,coarse
110,100,0,0,0,-40.4677527688237,-57.0141910247888,-41.8945911518068,100,10.3304668857773,69.3587169927864,1,1,210,coarse
110,105,0,0,0,-43.9173324461182,-58.32355278666,-46.3771139531776,100,2.95162250998213,76.8785736797083,1,1,215,coarse
110,110,0,0,0,-48.0084762935741,-59.0270376909578,-49.4371778734128,100,0,79.6834901625321,1,1,220,coarse
115,0,0.388780894196057,0.388780894196057,0.180505415162455,6.57486950653606,-19.756311031059,0.767285997722215,99.6112191058039,82.9746521993607,0,0,0,115,coarse
115,0.5,0.388780894196057,0.388780894196057,0.180505415162455,6.57486950653606,-19.756311031059,0.767285997722215,99.6112191058039,82.9746521993607,0,0,0,115.5,coarse
115,1,0.333240766453763,0.333240766453763,0.180505415162455,6.57486950653606,-19.756311031059,-0.840865147959673,99.6667592335462,82.9746521993607,0.0066179876905429,0,0,116,coarse
115,2,0.249930574840322,0.249930574840322,0.124965287420161,-0.505854835896102,-19.8650776114428,-2.86153870359876,99.7500694251597,82.9633965152402,0.0220599589684763,0,0,117,coarse
115,3,0.166620383226881,0.166620383226881,0.0971952235490142,-0.505854835896102,-20.1596766473756,-4.96181554513734,99.8333796167731,82.9318805997029,0.0529439015243432,0,0,118,coarse
115,5,0.0833101916134407,0.0833101916134407,0.0277700638711469,-2.85170296251701,-20.6000880491051,-6.1441380686594,99.9166898083866,82.8733510422764,0.136771745604553,0,1,120,coarse
115,10,0.0833101916134407,0.0833101916134407,0,-4.78413125098082,-23.0013861177427,-6.43648895919522,99.9166898083866,82.5897078024402,0.384944396920445,0,1,125,coarse
115,15,0,0,0,-6.13962855941701,-25.3239640192879,-9.82322708790762,100,82.1800009004547,0.794651298905948,1,1,130,coarse
115,20,0,0,0,-9.07884043841915,-27.4001844679297,-10.0095113205762,100,81.6892530728018,1.37874743552977,1,1,135,coarse
115,25,0,0,0,-10.0560645995744,-28.9172147235887,-17.8269730264998,100,80.8900995002476,2.27658776554676,1,1,140,coarse
115,30,0,0,0,-16.5019974306052,-30.8948663982879,-17.8269730264998,100,79.4921435324839,3.62003926672696,1,1,145,coarse
115,35,0,0,0,-16.5590685755753,-33.4551877233541,-17.8667966618383,100,77.3760749178335,5.64734949592994,1,1,150,coarse
115,40,0,0,0,-18.7828599887275,-37.2676058922012,-23.1093874116832,100,74.0530762612782,9.01524424168243,1,1,155,coarse
115,45,0,0,0,-22.1119934354547,-43.1602495653297,-25.8632685566432,100,68.6042663960645,14.465338822744,1,1,160,coarse
115,50,0,0,0,-38.2281111743709,-48.3860761069267,-39.2123621376557,100,64.3202223643864,19.6591778848318,1,1,165,coarse
115,55,0,0,0,-38.2473226374739,-48.4403639058195,-39.2123621376557,100,60.5413513930864,23.5603980009905,1,1,170,coarse
115,60,0,0,0,-38.2473226374739,-48.881899443318,-39.2485500280753,100,56.9477840771216,27.063536218983,1,1,175,coarse
115,65,0,0,0,-38.2473226374739,-49.1704699814475,-39.2485500280753,100,52.9615494915179,31.2340046734172,1,1,180,coarse
115,70,0,0,0,-38.2500244383125,-49.3647957616739,-39.25258709541,100,48.834131168516,35.36886613998,1,1,185,coarse
115,75,0,0,0,-38.2500244383125,-49.7194042347915,-39.25258709541,100,44.7993646731817,39.434739067542,1,1,190,coarse
115,80,0,0,0,-39.4119995809135,-50.0656688643353,-39.9614311773796,100,40.6892980955382,43.4271725826193,1,1,195,coarse
115,85,0,0,0,-40.4417429971266,-50.9433630651074,-41.841810072861,100,35.8178380081941,48.1250695448982,1,1,200,coarse
115,90,0,0,0,-40.4417429971266,-51.4431545340374,-41.8532707767328,100,30.1134572959344,53.2725047290531,1,1,205,coarse
115,95,0,0,0,-40.4658042373131,-53.6279288861093,-41.8945911518068,100,23.5181222562926,60.1188600243123,1,1,210,coarse
115,100,0,0,0,-40.4677527688237,-57.0141910247888,-41.8945911518068,100,13.6216289226059,69.3587169927864,1,1,215,coarse
115,105,0,0,0,-43.9173324461182,-58.32355278666,-46.3771139531776,100,6.18265324147677,76.8785736797083,1,1,220,coarse
115,110,0,0,0,-48.0084762935741,-59.0270376909578,-49.4371778734128,100,3.44462109167992,79.6834901625321,1,1,225,coarse
115,115,0,0,0,-51.0562954034544,-59.7762930416624,-51.2204765860326,100,0,82.9746521993607,1,1,230,coarse
120,0,0.388780894196057,0.388780894196057,0.180505415162455,6.57486950653606,-19.756311031059,0.767285997722215,99.6112191058039,86.9581522578368,0,0,0,120,coarse
120,0.5,0.388780894196057,0.388780894196057,0.180505415162455,6.57486950653606,-19.756311031059,0.767285997722215,99.6112191058039,86.9581522578368,0,0,0,120.5,coarse
120,1,0.333240766453763,0.333240766453763,0.180505415162455,6.57486950653606,-19.756311031059,-0.840865147959673,99.6667592335462,86.9515342701463,0.0066179876905429,0,0,121,coarse
120,2,0.249930574840322,0.249930574840322,0.124965287420161,-0.505854835896102,-19.8650776114428,-2.86153870359876,99.7500694251597,86.9360922988683,0.0220599589684763,0,0,122,coarse
120,3,0.166620383226881,0.166620383226881,0.0971952235490142,-0.505854835896102,-20.1596766473756,-4.96181554513734,99.8333796167731,86.9052083563125,0.0529439015243432,0,0,123,coarse
120,5,0.0833101916134407,0.0833101916134407,0.0277700638711469,-2.85170296251701,-20.6000880491051,-6.1441380686594,99.9166898083866,86.8213805122323,0.136771745604553,0,1,125,coarse
120,10,0.0833101916134407,0.0833101916134407,0,-4.78413125098082,-23.0013861177427,-6.43648895919522,99.9166898083866,86.5941629348569,0.384944396920445,0,1,130,coarse
120,15,0,0,0,-6.13962855941701,-25.3239640192879,-9.82322708790762,100,86.1992896693212,0.794651298905948,1,1,135,coarse
120,20,0,0,0,-9.07884043841915,-27.4001844679297,-10.0095113205762,100,85.579404822307,1.37874743552977,1,1,140,coarse
120,25,0,0,0,-10.0560645995744,-28.9172147235887,-17.8269730264998,100,84.6815644922901,2.27658776554676,1,1,145,coarse
120,30,0,0,0,-16.5019974306052,-30.8948663982879,-17.8269730264998,100,83.3381129911098,3.62003926672696,1,1,150,coarse
120,35,0,0,0,-16.5590685755753,-33.4551877233541,-17.8667966618383,100,81.3108027619069,5.64734949592994,1,1,155,coarse
120,40,0,0,0,-18.7828599887275,-37.2676058922012,-23.1093874116832,100,78.2224085063202,9.01524424168243,1,1,160,coarse
120,45,0,0,0,-22.1119934354547,-43.1602495653297,-25.8632685566432,100,72.7735986411065,14.465338822744,1,1,165,coarse
120,50,0,0,0,-38.2281111743709,-48.3860761069267,-39.2123621376557,100,68.4895546094284,19.6591778848318,1,1,170,coarse
120,55,0,0,0,-38.2473226374739,-48.4403639058195,-39.2123621376557,100,64.7106836381284,23.5603980009905,1,1,175,coarse
120,60,0,0,0,-38.2473226374739,-48.881899443318,-39.2485500280753,100,61.1171163221636,27.063536218983,1,1,180,coarse
120,65,0,0,0,-38.2473226374739,-49.1704699814475,-39.2485500280753,100,57.13088173656,31.2340046734172,1,1,185,coarse
120,70,0,0,0,-38.2500244383125,-49.3647957616739,-39.25258709541,100,53.0034634135581,35.36886613998,1,1,190,coarse
120,75,0,0,0,-38.2500244383125,-49.7194042347915,-39.25258709541,100,48.9686969182237,39.434739067542,1,1,195,coarse
120,80,0,0,0,-39.4119995809135,-50.0656688643353,-39.9614311773796,100,44.6052370342591,43.4271725826193,1,1,200,coarse
120,85,0,0,0,-40.4417429971266,-50.9433630651074,-41.841810072861,100,39.6307162868677,48.1250695448982,1,1,205,coarse
120,90,0,0,0,-40.4417429971266,-51.4431545340374,-41.8532707767328,100,34.2789702411154,53.2725047290531,1,1,210,coarse
120,95,0,0,0,-40.4658042373131,-53.6279288861093,-41.8945911518068,100,27.6874545013346,60.1188600243123,1,1,215,coarse
120,100,0,0,0,-40.4677527688237,-57.0141910247888,-41.8945911518068,100,17.5994352650504,69.3587169927864,1,1,220,coarse
120,105,0,0,0,-43.9173324461182,-58.32355278666,-46.3771139531776,100,10.2843528711037,76.8785736797083,1,1,225,coarse
120,110,0,0,0,-48.0084762935741,-59.0270376909578,-49.4371778734128,100,7.43905670376259,79.6834901625321,1,1,230,coarse
120,115,0,0,0,-51.0562954034544,-59.7762930416624,-51.2204765860326,100,4.16933224504202,82.9746521993607,1,1,235,coarse
120,120,0,0,0,-51.0562954034544,-60.8217861254461,-51.6776775391532,100,0,86.9581522578368,1,1,240,coarse
125,0,0.388780894196057,0.388780894196057,0.180505415162455,6.57486950653606,-19.756311031059,0.767285997722215,99.6112191058039,92.8084533762767,0,0,0,125,coarse
125,0.5,0.388780894196057,0.388780894196057,0.180505415162455,6.57486950653606,-19.756311031059,0.767285997722215,99.6112191058039,92.8084533762767,0,0,0,125.5,coarse
125,1,0.333240766453763,0.333240766453763,0.180505415162455,6.57486950653606,-19.756311031059,-0.840865147959673,99.6667592335462,92.8018353885862,0.0066179876905429,0,0,126,coarse
125,2,0.249930574840322,0.249930574840322,0.124965287420161,-0.505854835896102,-19.8650776114428,-2.86153870359876,99.7500694251597,92.7863934173082,0.0220599589684763,0,0,127,coarse
125,3,0.166620383226881,0.166620383226881,0.0971952235490142,-0.505854835896102,-20.1596766473756,-4.96181554513734,99.8333796167731,92.7555094747524,0.0529439015243432,0,0,128,coarse
125,5,0.0833101916134407,0.0833101916134407,0.0277700638711469,-2.85170296251701,-20.6000880491051,-6.1441380686594,99.9166898083866,92.6716816306722,0.136771745604553,0,1,130,coarse
125,10,0.0833101916134407,0.0833101916134407,0,-4.78413125098082,-23.0013861177427,-6.43648895919522,99.9166898083866,92.4444640532969,0.384944396920445,0,1,135,coarse
125,15,0,0,0,-6.13962855941701,-25.3239640192879,-9.82322708790762,100,92.0495907877611,0.794651298905948,1,1,140,coarse
125,20,0,0,0,-9.07884043841915,-27.4001844679297,-10.0095113205762,100,91.429705940747,1.37874743552977,1,1,145,coarse
125,25,0,0,0,-10.0560645995744,-28.9172147235887,-17.8269730264998,100,90.5582052640876,2.27658776554676,1,1,150,coarse
125,30,0,0,0,-16.5019974306052,-30.8948663982879,-17.8269730264998,100,89.354795972443,3.62003926672696,1,1,155,coarse
125,35,0,0,0,-16.5590685755753,-33.4551877233541,-17.8667966618383,100,87.3432255785197,5.64734949592994,1,1,160,coarse
125,40,0,0,0,-18.7828599887275,-37.2676058922012,-23.1093874116832,100,84.1017488076312,9.01524424168243,1,1,165,coarse
125,45,0,0,0,-22.1119934354547,-43.1602495653297,-25.8632685566432,100,78.6238997595464,14.465338822744,1,1,170,coarse
125,50,0,0,0,-38.2281111743709,-48.3860761069267,-39.2123621376557,100,74.3398557278683,19.6591778848318,1,1,175,coarse
125,55,0,0,0,-38.2473226374739,-48.4403639058195,-39.2123621376557,100,70.5609847565684,23.5603980009905,1,1,180,coarse
125,60,0,0,0,-38.2473226374739,-48.881899443318,-39.2485500280753,100,66.9674174406036,27.063536218983,1,1,185,coarse
125,65,0,0,0,-38.2473226374739,-49.1704699814475,-39.2485500280753,100,62.9811828549999,31.2340046734172,1,1,190,coarse
125,70,0,0,0,-38.2500244383125,-49.3647957616739,-39.25258709541,100,58.853764531998,35.36886613998,1,1,195,coarse
125,75,0,0,0,-38.2500244383125,-49.7194042347915,-39.25258709541,100,54.8189980366637,39.434739067542,1,1,200,coarse
125,80,0,0,0,-39.4119995809135,-50.0656688643353,-39.9614311773796,100,50.455538152699,43.4271725826193,1,1,205,coarse
125,85,0,0,0,-40.4417429971266,-50.9433630651074,-41.841810072861,100,45.4810174053076,48.1250695448982,1,1,210,coarse
125,90,0,0,0,-40.4417429971266,-51.4431545340374,-41.8532707767328,100,40.1292713595553,53.2725047290531,1,1,215,coarse
125,95,0,0,0,-40.4658042373131,-53.6279288861093,-41.8945911518068,100,33.5377556197746,60.1188600243123,1,1,220,coarse
125,100,0,0,0,-40.4677527688237,-57.0141910247888,-41.8945911518068,100,23.4497363834903,69.3587169927864,1,1,225,coarse
125,105,0,0,0,-43.9173324461182,-58.32355278666,-46.3771139531776,100,16.9205970676559,76.8785736797083,1,1,230,coarse
125,110,0,0,0,-48.0084762935741,-59.0270376909578,-49.4371778734128,100,14.182564917859,79.6834901625321,1,1,235,coarse
125,115,0,0,0,-51.0562954034544,-59.7762930416624,-51.2204765860326,100,10.7379438261791,82.9746521993607,1,1,240,coarse
125,120,0,0,0,-51.0562954034544,-60.8217861254461,-51.6776775391532,100,6.74350821409645,86.9581522578368,1,1,245,coarse
125,125,0,0,0,-53.0293144668863,-62.4525226721814,-53.3111089793757,100,0,92.8084533762767,1,1,250,coarse
130,0,0.388780894196057,0.388780894196057,0.180505415162455,6.57486950653606,-19.756311031059,0.767285997722215,99.6112191058039,100,0,0,0,130,coarse
130,0.5,0.388780894196057,0.388780894196057,0.180505415162455,6.57486950653606,-19.756311031059,0.767285997722215,99.6112191058039,100,0,0,0,130.5,coarse
130,1,0.333240766453763,0.333240766453763,0.180505415162455,6.57486950653606,-19.756311031059,-0.840865147959673,99.6667592335462,100,0.0066179876905429,0,0,131,coarse
130,2,0.249930574840322,0.249930574840322,0.124965287420161,-0.505854835896102,-19.8650776114428,-2.86153870359876,99.7500694251597,99.9910982530322,0.0220599589684763,0,0,132,coarse
130,3,0.166620383226881,0.166620383226881,0.0971952235490142,-0.505854835896102,-20.1596766473756,-4.96181554513734,99.8333796167731,99.9799710693224,0.0529439015243432,0,0,133,coarse
130,5,0.0833101916134407,0.0833101916134407,0.0277700638711469,-2.85170296251701,-20.6000880491051,-6.1441380686594,99.9166898083866,99.9376877712251,0.136771745604553,0,1,135,coarse
130,10,0.0833101916134407,0.0833101916134407,0,-4.78413125098082,-23.0013861177427,-6.43648895919522,99.9166898083866,99.6973406030934,0.384944396920445,0,1,140,coarse
130,15,0,0,0,-6.13962855941701,-25.3239640192879,-9.82322708790762,100,99.3301435406699,0.794651298905948,1,1,145,coarse
130,20,0,0,0,-9.07884043841915,-27.4001844679297,-10.0095113205762,100,98.755980861244,1.37874743552977,1,1,150,coarse
130,25,0,0,0,-10.0560645995744,-28.9172147235887,-17.8269730264998,100,97.9464758876524,2.27658776554676,1,1,155,coarse
130,30,0,0,0,-16.5019974306052,-30.8948663982879,-17.8269730264998,100,96.7430665960078,3.62003926672696,1,1,160,coarse
130,35,0,0,0,-16.5590685755753,-33.4551877233541,-17.8667966618383,100,94.7314962020844,5.64734949592994,1,1,165,coarse
130,40,0,0,0,-18.7828599887275,-37.2676058922012,-23.1093874116832,100,91.4900194311959,9.01524424168243,1,1,170,coarse
130,45,0,0,0,-22.1119934354547,-43.1602495653296,-25.8632685566431,100,85.8373078961314,14.465338822744,1,1,175,coarse
130,50,0,0,0,-38.2281111743709,-48.3860761069267,-39.2123621376557,100,81.5314023515916,19.6591778848318,1,1,180,coarse
130,55,0,0,0,-38.2473226374739,-48.4403639058195,-39.2123621376557,100,77.7525313802916,23.5603980009905,1,1,185,coarse
130,60,0,0,0,-38.2473226374739,-48.881899443318,-39.2485500280753,100,74.1589640643268,27.063536218983,1,1,190,coarse
130,65,0,0,0,-38.2473226374739,-49.1704699814475,-39.2485500280753,100,70.1727294787232,31.2340046734172,1,1,195,coarse
130,70,0,0,0,-38.2500244383125,-49.3647957616739,-39.25258709541,100,66.0453111557213,35.36886613998,1,1,200,coarse
130,75,0,0,0,-38.2500244383125,-49.7194042347915,-39.25258709541,100,62.0105446603869,39.434739067542,1,1,205,coarse
130,80,0,0,0,-39.4119995809135,-50.0656688643353,-39.9614311773796,100,57.7146458961776,43.4271725826193,1,1,210,coarse
130,85,0,0,0,-40.4417429971266,-50.9433630651074,-41.841810072861,100,52.8431858088335,48.1250695448982,1,1,215,coarse
130,90,0,0,0,-40.4417429971266,-51.4431545340374,-41.8532707767328,100,47.4010775481364,53.2725047290531,1,1,220,coarse
130,95,0,0,0,-40.4658042373131,-53.6279288861093,-41.8945911518068,100,40.7293022434978,60.1188600243123,1,1,225,coarse
130,100,0,0,0,-40.4677527688237,-57.0141910247888,-41.8945911518068,100,30.9647268276399,69.3587169927864,1,1,230,coarse
130,105,0,0,0,-43.9173324461182,-58.32355278666,-46.3771139531776,100,24.3088676912206,76.8785736797083,1,1,235,coarse
130,110,0,0,0,-48.0084762935741,-59.0270376909578,-49.4371778734128,100,21.5708355414238,79.6834901625321,1,1,240,coarse
130,115,0,0,0,-51.0562954034544,-59.7762930416624,-51.2204765860326,100,18.1262144497439,82.9746521993607,1,1,245,coarse
130,120,0,0,0,-51.0562954034544,-60.8217861254363,-51.6776775391532,100,14.1448759319016,86.9581522578368,1,1,250,coarse
130,125,0,0,0,-53.0293144668863,-62.4525226721814,-53.3111089793757,100,8.06582324073657,92.8084533762767,1,1,255,coarse
130,130,0,0,0,-2969.09346595255,-2969.09346595255,-2969.09346595255,100,0,100,1,1,260,coarse
134.808875219959,0,0.388780894196057,0.388780894196057,0.180505415162455,6.57486950653606,-19.756311031059,0.767285997722215,99.6112191058039,100,0,0,0,134.808875219959,coarse
134.808875219959,0.5,0.388780894196057,0.388780894196057,0.180505415162455,6.57486950653606,-19.756311031059,0.767285997722215,99.6112191058039,100,0,0,0,135.308875219959,coarse
134.808875219959,1,0.333240766453763,0.333240766453763,0.180505415162455,6.57486950653606,-19.756311031059,-0.840865147959673,99.6667592335462,100,0.0066179876905429,0,0,135.808875219959,coarse
134.808875219959,2,0.249930574840322,0.249930574840322,0.124965287420161,-0.505854835896102,-19.8650776114428,-2.86153870359876,99.7500694251597,99.9910982530322,0.0220599589684763,0,0,136.808875219959,coarse
134.808875219959,3,0.166620383226881,0.166620383226881,0.0971952235490142,-0.505854835896102,-20.1596766473756,-4.96181554513734,99.8333796167731,99.9799710693224,0.0529439015243432,0,0,137.808875219959,coarse
134.808875219959,5,0.0833101916134407,0.0833101916134407,0.0277700638711469,-2.85170296251701,-20.6000880491051,-6.1441380686594,99.9166898083866,99.9376877712251,0.136771745604553,0,1,139.808875219959,coarse
134.808875219959,10,0.0833101916134407,0.0833101916134407,0,-4.78413125098082,-23.0013861177427,-6.43648895919522,99.9166898083866,99.6973406030934,0.384944396920445,0,1,144.808875219959,coarse
134.808875219959,15,0,0,0,-6.13962855941701,-25.3239640192879,-9.82322708790762,100,99.3301435406699,0.794651298905948,1,1,149.808875219959,coarse
134.808875219959,20,0,0,0,-9.07884043841915,-27.4001844679297,-10.0095113205762,100,98.755980861244,1.37874743552977,1,1,154.808875219959,coarse
134.808875219959,25,0,0,0,-10.0560645995744,-28.9172147235887,-17.8269730264998,100,97.9464758876524,2.27658776554676,1,1,159.808875219959,coarse
134.808875219959,30,0,0,0,-16.5019974306052,-30.8948663982879,-17.8269730264998,100,96.7430665960078,3.62003926672696,1,1,164.808875219959,coarse
134.808875219959,35,0,0,0,-16.5590685755753,-33.4551877233541,-17.8667966618383,100,94.7314962020844,5.64734949592994,1,1,169.808875219959,coarse
134.808875219959,40,0,0,0,-18.7828599887275,-37.2676058922012,-23.1093874116832,100,91.4900194311959,9.01524424168243,1,1,174.808875219959,coarse
134.808875219959,45,0,0,0,-22.1119934354547,-43.1602495653296,-25.8632685566431,100,85.8373078961314,14.465338822744,1,1,179.808875219959,coarse
134.808875219959,50,0,0,0,-38.2281111743709,-48.3860761069267,-39.2123621376557,100,81.5314023515916,19.6591778848318,1,1,184.808875219959,coarse
134.808875219959,55,0,0,0,-38.2473226374739,-48.4403639058195,-39.2123621376557,100,77.7525313802916,23.5603980009905,1,1,189.808875219959,coarse
134.808875219959,60,0,0,0,-38.2473226374739,-48.881899443318,-39.2485500280753,100,74.1589640643268,27.063536218983,1,1,194.808875219959,coarse
134.808875219959,65,0,0,0,-38.2473226374739,-49.1704699814475,-39.2485500280753,100,70.1727294787232,31.2340046734172,1,1,199.808875219959,coarse
134.808875219959,70,0,0,0,-38.2500244383125,-49.3647957616739,-39.25258709541,100,66.0453111557213,35.36886613998,1,1,204.808875219959,coarse
134.808875219959,75,0,0,0,-38.2500244383125,-49.7194042347915,-39.25258709541,100,62.0105446603869,39.434739067542,1,1,209.808875219959,coarse
134.808875219959,80,0,0,0,-39.4119995809135,-50.0656688643353,-39.9614311773796,100,57.7146458961776,43.4271725826193,1,1,214.808875219959,coarse
134.808875219959,85,0,0,0,-40.4417429971266,-50.9433630651074,-41.841810072861,100,52.8431858088335,48.1250695448982,1,1,219.808875219959,coarse
134.808875219959,90,0,0,0,-40.4417429971266,-51.4431545340374,-41.8532707767328,100,47.4010775481364,53.2725047290531,1,1,224.808875219959,coarse
134.808875219959,95,0,0,0,-40.4658042373131,-53.6279288861093,-41.8945911518068,100,40.7293022434978,60.1188600243123,1,1,229.808875219959,coarse
134.808875219959,100,0,0,0,-40.4677527688237,-57.0141910247888,-41.8945911518068,100,30.9647268276399,69.3587169927864,1,1,234.808875219959,coarse
134.808875219959,105,0,0,0,-43.9173324461182,-58.32355278666,-46.3771139531776,100,24.3088676912206,76.8785736797083,1,1,239.808875219959,coarse
134.808875219959,110,0,0,0,-48.0084762935741,-59.0270376909578,-49.4371778734128,100,21.5708355414238,79.6834901625321,1,1,244.808875219959,coarse
134.808875219959,115,0,0,0,-51.0562954034544,-59.7762930416624,-51.2204765860326,100,18.1262144497439,82.9746521993607,1,1,249.808875219959,coarse
134.808875219959,120,0,0,0,-51.0562954034544,-60.8217861254363,-51.6776775391532,100,14.1448759319016,86.9581522578368,1,1,254.808875219959,coarse
134.808875219959,125,0,0,0,-53.0293144668863,-62.4525226721814,-53.3111089793757,100,8.06582324073657,92.8084533762767,1,1,259.808875219959,coarse
134.808875219959,130,0,0,0,-2969.09346595255,-2969.09346595255,-2969.09346595255,100,0,100,1,1,264.808875219959,coarse
134.808875219959,134.808875219959,0,0,0,-2969.09346595255,-2969.09346595255,-2969.09346595255,100,0,100,1,1,269.617750439918,coarse
43,0,0.472091085809497,0.472091085809497,0.305470702582616,6.57486950653606,-19.4042696816721,3.13328177388691,99.5279089141905,12.0574162679426,0,0,0,43,refinement
43,1,0.416550958067203,0.416550958067203,0.305470702582616,6.57486950653606,-19.4042696816721,1.8523107086488,99.5834490419328,12.0574162679426,0.0066179876905429,0,0,44,refinement
43,2,0.333240766453763,0.333240766453763,0.236045542904749,3.70778474065474,-19.5973975377871,1.8523107086488,99.6667592335462,12.0485145209747,0.0220599589684763,0,0,45,refinement
43,3,0.277700638711469,0.277700638711469,0.208275479033602,3.70778474065474,-19.8650776114428,1.8523107086488,99.7222993612885,12.0373873372649,0.0529439015243432,0,0,46,refinement
43,4,0.277700638711469,0.277700638711469,0.152735351291308,3.70778474065474,-20.0283378876197,1.8523107086488,99.7222993612885,12.0262601535551,0.0794158522865148,0,0,47,refinement
43,5,0.277700638711469,0.277700638711469,0.124965287420161,3.70778474065474,-20.3758959502273,1.8523107086488,99.7222993612885,11.9951040391677,0.136771745604553,0,0,48,refinement
43,6,0.277700638711469,0.277700638711469,0.0971952235490142,3.70778474065474,-20.5867806290427,1.8523107086488,99.7222993612885,11.9661733615222,0.191921643025744,0,0,49,refinement
43,7,0.277700638711469,0.277700638711469,0.0971952235490142,3.70778474065474,-20.8811651339705,1.8523107086488,99.7222993612885,11.9172137531991,0.249277536343782,0,0,50,refinement
43,8,0.277700638711469,0.277700638711469,0.0971952235490142,3.70778474065474,-21.3300621206417,1.8523107086488,99.7222993612885,11.8482252141983,0.293397454280735,0,0,51,refinement
43,9,0.277700638711469,0.277700638711469,0.0971952235490142,3.70778474065474,-21.7648701758601,1.8523107086488,99.7222993612885,11.7970401691332,0.319869405042907,0,0,52,refinement
43,10,0.277700638711469,0.277700638711469,0.0971952235490142,3.70778474065474,-22.1402879139857,1.8523107086488,99.7222993612885,11.7547568710359,0.384944396920445,0,0,53,refinement
43,11,0.277700638711469,0.277700638711469,0.0971952235490142,3.70778474065474,-22.7945197720571,1.8523107086488,99.7222993612885,11.6902192055191,0.459231912115618,0,0,54,refinement
43,12,0.277700638711469,0.277700638711469,0.0971952235490142,3.70778474065474,-23.4227685427212,1.8523107086488,99.7222993612885,11.6145543562924,0.538021700958984,0,0,55,refinement
43,13,0.277700638711469,0.277700638711469,0.0971952235490142,3.70778474065474,-23.7422692445532,1.8523107086488,99.7222993612885,11.5411149438077,0.623564900274639,0,0,56,refinement
43,14,0.277700638711469,0.277700638711469,0.0971952235490142,3.70778474065474,-23.9974033575496,1.8523107086488,99.7222993612885,11.4743518415489,0.684345594525235,0,0,57,refinement
43,15,0.277700638711469,0.277700638711469,0.0971952235490142,3.70778474065474,-24.6143110748261,1.8523107086488,99.7222993612885,11.3875598086124,0.794651298905948,0,0,58,refinement
43,16,0.277700638711469,0.277700638711469,0.0971952235490142,3.70778474065474,-24.7734068061542,1.8523107086488,99.7222993612885,11.2918660287081,0.925217234703525,0,0,59,refinement
43,17,0.277700638711469,0.277700638711469,0.0971952235490142,3.70778474065474,-24.9961353634426,1.8523107086488,99.7222993612885,11.1672415711583,1.00175588672279,0,0,60,refinement
43,18,0.277700638711469,0.277700638711469,0.0971952235490142,3.70778474065474,-25.2519038224195,1.8523107086488,99.7222993612885,11.0604206075442,1.07604340191797,0,0,61,refinement
43,19,0.277700638711469,0.277700638711469,0.0971952235490142,3.70778474065474,-25.6105930569476,1.8523107086488,99.7222993612885,10.9224435295427,1.21550373916305,0,0,62,refinement
43,20,0.277700638711469,0.277700638711469,0.0971952235490142,3.70778474065474,-26.0179004327137,1.8523107086488,99.7222993612885,10.8133971291866,1.37874743552977,0,0,63,refinement
43,21,0.277700638711469,0.277700638711469,0.0971952235490142,3.70778474065474,-26.4679169400548,1.8523107086488,99.7222993612885,10.6531656837654,1.53537314420595,0,0,64,refinement
43,22,0.277700638711469,0.277700638711469,0.0971952235490142,3.70778474065474,-26.6783755768273,1.8523107086488,99.7222993612885,10.5329920996996,1.67876287750105,0,0,65,refinement
44,0,0.472091085809497,0.472091085809497,0.291585670647042,6.57486950653606,-19.4943323698578,3.13328177388691,99.5279089141905,13.2702792923111,0,0,0,44,refinement
44,1,0.416550958067203,0.416550958067203,0.291585670647042,6.57486950653606,-19.4943323698578,1.8523107086488,99.5834490419328,13.2702792923111,0.0066179876905429,0,0,45,refinement
44,2,0.333240766453763,0.333240766453763,0.222160510969175,3.70778474065474,-19.6258800714438,1.8523107086488,99.6667592335462,13.2613775453433,0.0220599589684763,0,0,46,refinement
44,3,0.249930574840322,0.249930574840322,0.208275479033602,3.70778474065474,-19.8966878481066,1.8523107086488,99.7500694251597,13.2502503616335,0.0529439015243432,0,0,47,refinement
44,4,0.249930574840322,0.249930574840322,0.152735351291308,3.70778474065474,-20.0529135714938,1.8523107086488,99.7500694251597,13.2391231779237,0.0794158522865148,0,0,48,refinement
44,5,0.249930574840322,0.249930574840322,0.111080255484588,3.70778474065474,-20.4029856067807,1.8523107086488,99.7500694251597,13.2079670635362,0.136771745604553,0,0,49,refinement
44,6,0.249930574840322,0.249930574840322,0.0833101916134407,3.70778474065474,-20.6242828635731,1.8523107086488,99.7500694251597,13.1790363858907,0.191921643025744,0,0,50,refinement
44,7,0.249930574840322,0.249930574840322,0.0833101916134407,3.70778474065474,-20.9043388810566,1.8523107086488,99.7500694251597,13.1300767775676,0.249277536343782,0,0,51,refinement
44,8,0.249930574840322,0.249930574840322,0.0833101916134407,3.70778474065474,-21.3753018836966,1.8523107086488,99.7500694251597,13.0610882385668,0.293397454280735,0,0,52,refinement
44,9,0.249930574840322,0.249930574840322,0.0833101916134407,3.70778474065474,-21.7648701758601,1.8523107086488,99.7500694251597,13.0099031935017,0.319869405042907,0,0,53,refinement
44,10,0.249930574840322,0.249930574840322,0.0833101916134407,3.70778474065474,-22.1402879139857,1.8523107086488,99.7500694251597,12.9676198954045,0.384944396920445,0,0,54,refinement
44,11,0.249930574840322,0.249930574840322,0.0833101916134407,3.70778474065474,-22.7945197720571,1.8523107086488,99.7500694251597,12.9030822298876,0.459231912115618,0,0,55,refinement
44,12,0.249930574840322,0.249930574840322,0.0833101916134407,3.70778474065474,-23.4227685427212,1.8523107086488,99.7500694251597,12.827417380661,0.538021700958984,0,0,56,refinement
44,13,0.249930574840322,0.249930574840322,0.0833101916134407,3.70778474065474,-23.7422692445532,1.8523107086488,99.7500694251597,12.7539779681763,0.623564900274639,0,0,57,refinement
44,14,0.249930574840322,0.249930574840322,0.0833101916134407,3.70778474065474,-23.9974033575496,1.8523107086488,99.7500694251597,12.6872148659174,0.684345594525235,0,0,58,refinement
44,15,0.249930574840322,0.249930574840322,0.0833101916134407,3.70778474065474,-24.6144927907719,1.8523107086488,99.7500694251597,12.600422832981,0.794651298905948,0,0,59,refinement
44,16,0.249930574840322,0.249930574840322,0.0833101916134407,3.70778474065474,-24.7734068061542,1.8523107086488,99.7500694251597,12.5047290530767,0.925217234703525,0,0,60,refinement
44,17,0.249930574840322,0.249930574840322,0.0833101916134407,3.70778474065474,-24.9961353634426,1.8523107086488,99.7500694251597,12.3801045955269,1.00175588672279,0,0,61,refinement
44,18,0.249930574840322,0.249930574840322,0.0833101916134407,3.70778474065474,-25.2519038224195,1.8523107086488,99.7500694251597,12.2732836319128,1.07604340191797,0,0,62,refinement
44,19,0.249930574840322,0.249930574840322,0.0833101916134407,3.70778474065474,-25.6105930569476,1.8523107086488,99.7500694251597,12.1353065539112,1.21550373916305,0,0,63,refinement
44,20,0.249930574840322,0.249930574840322,0.0833101916134407,3.70778474065474,-26.0179004327137,1.8523107086488,99.7500694251597,12.0262601535551,1.37874743552977,0,0,64,refinement
44,21,0.249930574840322,0.249930574840322,0.0833101916134407,3.70778474065474,-26.4679169400548,1.8523107086488,99.7500694251597,11.866028708134,1.53537314420595,0,0,65,refinement
44,22,0.249930574840322,0.249930574840322,0.0833101916134407,3.70778474065474,-26.6783755768273,1.8523107086488,99.7500694251597,11.7458551240681,1.67876287750105,0,0,66,refinement
45,0,0.44432102193835,0.44432102193835,0.249930574840322,6.57486950653606,-19.4943323698578,3.13328177388691,99.5556789780616,14.465338822744,0,0,0,45,refinement
45,1,0.388780894196057,0.388780894196057,0.249930574840322,6.57486950653606,-19.4943323698578,1.53019348527371,99.6112191058039,14.465338822744,0.0066179876905429,0,0,46,refinement
45,2,0.305470702582616,0.305470702582616,0.180505415162455,3.70778474065474,-19.6258800714438,1.53019348527371,99.6945292974174,14.4564370757761,0.0220599589684763,0,0,47,refinement
45,3,0.222160510969175,0.222160510969175,0.166620383226881,3.70778474065474,-19.8966878481066,1.53019348527371,99.7778394890308,14.4453098920663,0.0529439015243432,0,0,48,refinement
45,4,0.166620383226881,0.166620383226881,0.138850319355735,3.70778474065474,-20.0529135714938,1.53019348527371,99.8333796167731,14.4341827083565,0.0794158522865148,0,0,49,refinement
45,5,0.166620383226881,0.166620383226881,0.0971952235490142,3.70778474065474,-20.4029856067807,1.53019348527371,99.8333796167731,14.4030265939691,0.136771745604553,0,0,50,refinement
45,6,0.166620383226881,0.166620383226881,0.0694251596778673,3.70778474065474,-20.6242828635731,1.53019348527371,99.8333796167731,14.3740959163236,0.191921643025744,0,0,51,refinement
45,7,0.166620383226881,0.166620383226881,0.0694251596778673,3.70778474065474,-20.9043388810566,1.53019348527371,99.8333796167731,14.3251363080004,0.249277536343782,0,0,52,refinement
45,8,0.166620383226881,0.166620383226881,0.0694251596778673,3.70778474065474,-21.3753018836966,1.53019348527371,99.8333796167731,14.2561477689997,0.293397454280735,0,0,53,refinement
45,9,0.166620383226881,0.166620383226881,0.0694251596778673,3.70778474065474,-21.7648701758601,1.53019348527371,99.8333796167731,14.2049627239346,0.319869405042907,0,0,54,refinement
45,10,0.166620383226881,0.166620383226881,0.0694251596778673,3.70778474065474,-22.1402879139857,1.53019348527371,99.8333796167731,14.1626794258373,0.384944396920445,0,0,55,refinement
45,11,0.166620383226881,0.166620383226881,0.0694251596778673,3.70778474065474,-22.7945197720571,1.53019348527371,99.8333796167731,14.0981417603205,0.459231912115618,0,0,56,refinement
45,12,0.166620383226881,0.166620383226881,0.0694251596778673,3.70778474065474,-23.4227685427212,1.53019348527371,99.8333796167731,14.0224769110938,0.538021700958984,0,0,57,refinement
45,13,0.166620383226881,0.166620383226881,0.0555401277422938,3.70778474065474,-23.7422692445532,1.53019348527371,99.8333796167731,13.9490374986091,0.623564900274639,0,0,58,refinement
45,14,0.166620383226881,0.166620383226881,0.0555401277422938,3.70778474065474,-23.9974033575496,1.53019348527371,99.8333796167731,13.8822743963503,0.684345594525235,0,0,59,refinement
45,15,0.166620383226881,0.166620383226881,0.0555401277422938,3.70778474065474,-24.6144927907719,1.53019348527371,99.8333796167731,13.7954823634138,0.794651298905948,0,0,60,refinement
45,16,0.166620383226881,0.166620383226881,0.0555401277422938,3.70778474065474,-24.7734068061542,1.53019348527371,99.8333796167731,13.6997885835095,0.925217234703525,0,0,61,refinement
45,17,0.166620383226881,0.166620383226881,0.0555401277422938,3.70778474065474,-24.9961353634426,1.53019348527371,99.8333796167731,13.5751641259597,1.00175588672279,0,0,62,refinement
45,18,0.166620383226881,0.166620383226881,0.0555401277422938,3.70778474065474,-25.2519038224195,1.53019348527371,99.8333796167731,13.4683431623456,1.07604340191797,0,0,63,refinement
45,19,0.166620383226881,0.166620383226881,0.0555401277422938,3.70778474065474,-25.6105930569476,1.53019348527371,99.8333796167731,13.3303660843441,1.21550373916305,0,0,64,refinement
45,20,0.166620383226881,0.166620383226881,0.0555401277422938,3.70778474065474,-26.0179004327137,1.53019348527371,99.8333796167731,13.221319683988,1.37874743552977,0,0,65,refinement
45,21,0.166620383226881,0.166620383226881,0.0555401277422938,3.70778474065474,-26.4679169400548,1.53019348527371,99.8333796167731,13.0610882385668,1.53537314420595,0,0,66,refinement
45,22,0.166620383226881,0.166620383226881,0.0555401277422938,3.70778474065474,-26.6783755768273,1.53019348527371,99.8333796167731,12.9409146545009,1.67876287750105,0,0,67,refinement
46,0,0.416550958067203,0.416550958067203,0.208275479033602,6.57486950653606,-19.5676525843338,0.767524661087658,99.5834490419328,15.6026293278105,0,0,0,46,refinement
46,1,0.36101083032491,0.36101083032491,0.208275479033602,6.57486950653606,-19.5676525843338,-0.840863864853192,99.6389891696751,15.6026293278105,0.0066179876905429,0,0,47,refinement
46,2,0.277700638711469,0.277700638711469,0.138850319355735,3.39414983483039,-19.6444685077748,-2.81255656147705,99.7222993612885,15.5913736436901,0.0220599589684763,0,0,48,refinement
46,3,0.194390447098028,0.194390447098028,0.124965287420161,3.39414983483039,-19.9316656755298,-3.05834537655096,99.805609552902,15.5598577281527,0.0529439015243432,0,0,49,refinement
46,4,0.138850319355735,0.138850319355735,0.0971952235490142,3.39414983483039,-20.0788327298854,-4.99287602622159,99.8611496806443,15.5395974967359,0.0794158522865148,0,0,50,refinement
46,5,0.0833101916134407,0.0833101916134407,0.0833101916134407,3.39414983483039,-20.4219156307385,-6.14389898759804,99.9166898083866,15.5013281707262,0.136771745604553,0,1,51,refinement
46,6,0.0833101916134407,0.0833101916134407,0.0555401277422938,3.39414983483039,-20.6509068304848,-6.14389898759804,99.9166898083866,15.4653099815407,0.191921643025744,0,1,52,refinement
46,7,0.0833101916134407,0.0833101916134407,0.0555401277422938,3.39414983483039,-20.9126044277035,-6.37061474772744,99.9166898083866,15.4247895187069,0.249277536343782,0,1,53,refinement
46,8,0.0833101916134407,0.0833101916134407,0.0555401277422938,3.39414983483039,-21.4015903594438,-6.43648895919522,99.9166898083866,15.35500427716,0.293397454280735,0,1,54,refinement
46,9,0.0833101916134407,0.0833101916134407,0.0555401277422938,3.39414983483039,-21.7973716441266,-6.43648895919522,99.9166898083866,15.2874701724371,0.319869405042907,0,1,55,refinement
46,10,0.0833101916134407,0.0833101916134407,0.0555401277422938,3.39414983483039,-22.1402879139857,-6.43648895919522,99.9166898083866,15.2176849308901,0.384944396920445,0,1,56,refinement
46,11,0.0833101916134407,0.0833101916134407,0.0555401277422938,3.39414983483039,-22.7945197720571,-6.43648895919522,99.9166898083866,15.1433974156949,0.459231912115618,0,1,57,refinement
46,12,0.0833101916134407,0.0833101916134407,0.0555401277422938,3.39414983483039,-23.4227685427212,-6.43648895919522,99.9166898083866,15.0646076268516,0.538021700958984,0,1,58,refinement
46,13,0.0833101916134407,0.0833101916134407,0.0416550958067204,3.39414983483039,-23.7422692445532,-9.14221627270633,99.9166898083866,14.9790644275359,0.623564900274639,0,1,59,refinement
46,14,0.0833101916134407,0.0833101916134407,0.0277700638711469,3.39414983483039,-23.9974033575496,-9.71607673308569,99.9166898083866,14.9182837332853,0.684345594525235,0,1,60,refinement
46,15,0.0833101916134407,0.0833101916134407,0.0277700638711469,3.39414983483039,-24.6144927907719,-9.82322708790762,99.9166898083866,14.8079780289046,0.794651298905948,0,1,61,refinement
46,16,0.0833101916134407,0.0833101916134407,0.0277700638711469,3.39414983483039,-24.7734068061542,-10.0095113205762,99.9166898083866,14.677412093107,0.925217234703525,0,1,62,refinement
46,17,0.0833101916134407,0.0833101916134407,0.0277700638711469,3.39414983483039,-24.9961353634426,-10.0095113205762,99.9166898083866,14.6008734410877,1.00175588672279,0,1,63,refinement
46,18,0.0833101916134407,0.0833101916134407,0.0277700638711469,3.39414983483039,-25.2519038224195,-10.0095113205762,99.9166898083866,14.5265859258926,1.07604340191797,0,1,64,refinement
46,19,0.0833101916134407,0.0833101916134407,0.0277700638711469,3.39414983483039,-25.6105930569476,-10.0095113205762,99.9166898083866,14.443293863401,1.21550373916305,0,1,65,refinement
46,20,0.0833101916134407,0.0833101916134407,0.0277700638711469,3.39414983483039,-26.0179004327137,-10.0095113205762,99.9166898083866,14.3172302012516,1.37874743552977,0,1,66,refinement
46,21,0.0833101916134407,0.0833101916134407,0.0277700638711469,3.39414983483039,-26.4679169400548,-10.0095113205762,99.9166898083866,14.1889154022782,1.53537314420595,0,1,67,refinement
46,22,0.0833101916134407,0.0833101916134407,0.0277700638711469,3.39414983483039,-26.6783755768273,-10.0095113205762,99.9166898083866,14.044842645536,1.67876287750105,0,1,68,refinement
47,0,0.388780894196057,0.388780894196057,0.180505415162455,6.57486950653606,-19.5676525843338,0.767524661087658,99.6112191058039,16.6809238665526,0,0,0,47,refinement
47,1,0.333240766453763,0.333240766453763,0.180505415162455,6.57486950653606,-19.5676525843338,-0.840863864853192,99.6667592335462,16.6809238665526,0.0066179876905429,0,0,48,refinement
47,2,0.249930574840322,0.249930574840322,0.124965287420161,-0.505854835896102,-19.6444685077748,-2.86153870359876,99.7500694251597,16.6696681824321,0.0220599589684763,0,0,49,refinement
47,3,0.166620383226881,0.166620383226881,0.0971952235490142,-0.505854835896102,-19.9316656755298,-4.96181554513734,99.8333796167731,16.6381522668948,0.0529439015243432,0,0,50,refinement
47,4,0.111080255484588,0.111080255484588,0.0555401277422938,-0.711833748349392,-20.0788327298854,-5.86953885236641,99.8889197445154,16.6178920354779,0.0794158522865148,0,0,51,refinement
47,5,0.0833101916134407,0.0833101916134407,0.0277700638711469,-2.85170296251701,-20.4219156307385,-6.14389898759804,99.9166898083866,16.5796227094683,0.136771745604553,0,1,52,refinement
47,6,0.0833101916134407,0.0833101916134407,0,-4.78005858177005,-20.6509068304848,-6.14389898759804,99.9166898083866,16.5436045202827,0.191921643025744,0,1,53,refinement
47,7,0.0833101916134407,0.0833101916134407,0,-4.78005858177005,-20.9126044277035,-6.37061474772744,99.9166898083866,16.503084057449,0.249277536343782,0,1,54,refinement
47,8,0.0833101916134407,0.0833101916134407,0,-4.78005858177005,-21.4015903594438,-6.43648895919522,99.9166898083866,16.433298815902,0.293397454280735,0,1,55,refinement
47,9,0.0833101916134407,0.0833101916134407,0,-4.78005858177005,-21.7973716441266,-6.43648895919522,99.9166898083866,16.3657647111791,0.319869405042907,0,1,56,refinement
47,10,0.0833101916134407,0.0833101916134407,0,-4.78005858177005,-22.1402879139857,-6.43648895919522,99.9166898083866,16.2959794696322,0.384944396920445,0,1,57,refinement
47,11,0.0833101916134407,0.0833101916134407,0,-4.78005858177005,-22.7945197720571,-6.43648895919522,99.9166898083866,16.221691954437,0.459231912115618,0,1,58,refinement
47,12,0.0833101916134407,0.0833101916134407,0,-4.78005858177005,-23.4227685427212,-6.43648895919522,99.9166898083866,16.1429021655936,0.538021700958984,0,1,59,refinement
47,13,0.0555401277422938,0.0555401277422938,0,-5.39497106458153,-23.7422692445532,-9.14221627270633,99.9444598722577,16.057358966278,0.623564900274639,0,1,60,refinement
47,14,0.0277700638711469,0.0277700638711469,0,-5.83919506992814,-23.9974033575496,-9.71607673308569,99.9722299361289,15.9965782720274,0.684345594525235,0,1,61,refinement
47,15,0,0,0,-6.13962855941701,-24.6144927907719,-9.82322708790762,100,15.8862725676467,0.794651298905948,1,1,62,refinement
47,16,0,0,0,-9.07884043841915,-24.7734068061542,-10.0095113205762,100,15.7557066318491,0.925217234703525,1,1,63,refinement
47,17,0,0,0,-9.07884043841915,-24.9961353634426,-10.0095113205762,100,15.6791679798298,1.00175588672279,1,1,64,refinement
47,18,0,0,0,-9.07884043841915,-25.2751392442255,-10.0095113205762,100,15.6048804646346,1.07604340191797,1,1,65,refinement
47,19,0,0,0,-9.07884043841915,-25.7473278729551,-10.0095113205762,100,15.5215884021431,1.21550373916305,1,1,66,refinement
47,20,0,0,0,-9.07884043841915,-26.0733901928759,-10.0095113205762,100,15.3955247399937,1.37874743552977,1,1,67,refinement
47,21,0,0,0,-9.07884043841915,-26.512915246045,-10.0095113205762,100,15.2672099410202,1.53537314420595,1,1,68,refinement
47,22,0,0,0,-9.07884043841915,-26.8014332428873,-10.0095113205762,100,15.1231371842781,1.67876287750105,1,1,69,refinement
48,0,0.388780894196057,0.388780894196057,0.180505415162455,6.57486950653606,-19.5973975377871,0.767524661087658,99.6112191058039,17.69618657422,0,0,0,48,refinement
48,1,0.333240766453763,0.333240766453763,0.180505415162455,6.57486950653606,-19.5973975377871,-0.840863864853192,99.6667592335462,17.69618657422,0.0066179876905429,0,0,49,refinement
48,2,0.249930574840322,0.249930574840322,0.124965287420161,-0.505854835896102,-19.6667122484288,-2.86153870359876,99.7500694251597,17.6849308900995,0.0220599589684763,0,0,50,refinement
48,3,0.166620383226881,0.166620383226881,0.0971952235490142,-0.505854835896102,-19.9621209224964,-4.96181554513734,99.8333796167731,17.6534149745622,0.0529439015243432,0,0,51,refinement
48,4,0.111080255484588,0.111080255484588,0.0555401277422938,-0.711833748349392,-20.1285964514326,-5.86953885236641,99.8889197445154,17.6331547431453,0.0794158522865148,0,0,52,refinement
48,5,0.0833101916134407,0.0833101916134407,0.0277700638711469,-2.85170296251701,-20.438259137556,-6.14389898759804,99.9166898083866,17.5948854171357,0.136771745604553,0,1,53,refinement
48,6,0.0833101916134407,0.0833101916134407,0,-4.78005858177005,-20.6653282273692,-6.14389898759804,99.9166898083866,17.5588672279501,0.191921643025744,0,1,54,refinement
48,7,0.0833101916134407,0.0833101916134407,0,-4.78005858177005,-20.9449789960155,-6.37061474772744,99.9166898083866,17.5183467651164,0.249277536343782,0,1,55,refinement
48,8,0.0833101916134407,0.0833101916134407,0,-4.78005858177005,-21.4246433866256,-6.43648895919522,99.9166898083866,17.4485615235694,0.293397454280735,0,1,56,refinement
48,9,0.0833101916134407,0.0833101916134407,0,-4.78005858177005,-21.821682250487,-6.43648895919522,99.9166898083866,17.3810274188465,0.319869405042907,0,1,57,refinement
48,10,0.0833101916134407,0.0833101916134407,0,-4.78005858177005,-22.1573121242814,-6.43648895919522,99.9166898083866,17.3112421772995,0.384944396920445,0,1,58,refinement
48,11,0.0833101916134407,0.0833101916134407,0,-4.78005858177005,-22.8255989916685,-6.43648895919522,99.9166898083866,17.2369546621044,0.459231912115618,0,1,59,refinement
48,12,0.0833101916134407,0.0833101916134407,0,-4.78005858177005,-23.4394544928218,-6.43648895919522,99.9166898083866,17.158164873261,0.538021700958984,0,1,60,refinement
48,13,0.0555401277422938,0.0555401277422938,0,-5.39497106458153,-23.7663121993183,-9.14221627270633,99.9444598722577,17.0726216739453,0.623564900274639,0,1,61,refinement
48,14,0.0277700638711469,0.0277700638711469,0,-5.83919506992814,-24.0175328178516,-9.71607673308569,99.9722299361289,17.0118409796947,0.684345594525235,0,1,62,refinement
48,15,0,0,0,-6.13962855941701,-24.6405589681448,-9.82322708790762,100,16.901535275314,0.794651298905948,1,1,63,refinement
48,16,0,0,0,-9.07884043841915,-24.7787874873122,-10.0095113205762,100,16.7709693395165,0.925217234703525,1,1,64,refinement
48,17,0,0,0,-9.07884043841915,-25.0033490916693,-10.0095113205762,100,16.6944306874972,1.00175588672279,1,1,65,refinement
48,18,0,0,0,-9.07884043841915,-25.4013583520015,-10.0095113205762,100,16.620143172302,1.07604340191797,1,1,66,refinement
48,19,0,0,0,-9.07884043841915,-25.7823837909008,-10.0095113205762,100,16.5368511098105,1.21550373916305,1,1,67,refinement
48,20,0,0,0,-9.07884043841915,-26.1080208557404,-10.0095113205762,100,16.4107874476611,1.37874743552977,1,1,68,refinement
48,21,0,0,0,-9.07884043841915,-26.5466370423693,-10.0095113205762,100,16.2824726486876,1.53537314420595,1,1,69,refinement
48,22,0,0,0,-9.07884043841915,-26.8790720254259,-10.0095113205762,100,16.1383998919454,1.67876287750105,1,1,70,refinement
49,0,0.388780894196057,0.388780894196057,0.180505415162455,6.57486950653606,-19.5973975377871,0.767524661087658,99.6112191058039,18.6731799558777,0,0,0,49,refinement
49,1,0.333240766453763,0.333240766453763,0.180505415162455,6.57486950653606,-19.5973975377871,-0.840863864853192,99.6667592335462,18.6731799558777,0.0066179876905429,0,0,50,refinement
49,2,0.249930574840322,0.249930574840322,0.124965287420161,-0.505854835896102,-19.6667122484288,-2.86153870359876,99.7500694251597,18.6619242717572,0.0220599589684763,0,0,51,refinement
49,3,0.166620383226881,0.166620383226881,0.0971952235490142,-0.505854835896102,-19.9621209224964,-4.96181554513734,99.8333796167731,18.6304083562199,0.0529439015243432,0,0,52,refinement
49,4,0.111080255484588,0.111080255484588,0.0555401277422938,-0.711833748349392,-20.1285964514326,-5.86953885236641,99.8889197445154,18.610148124803,0.0794158522865148,0,0,53,refinement
49,5,0.0833101916134407,0.0833101916134407,0.0277700638711469,-2.85170296251701,-20.438259137556,-6.14389898759804,99.9166898083866,18.5718787987934,0.136771745604553,0,1,54,refinement
49,6,0.0833101916134407,0.0833101916134407,0,-4.78005858177005,-20.6937357683447,-6.14389898759804,99.9166898083866,18.5358606096079,0.191921643025744,0,1,55,refinement
49,7,0.0833101916134407,0.0833101916134407,0,-4.78005858177005,-20.9916395915548,-6.37061474772744,99.9166898083866,18.4953401467741,0.249277536343782,0,1,56,refinement
49,8,0.0833101916134407,0.0833101916134407,0,-4.78005858177005,-21.4733318098279,-6.43648895919522,99.9166898083866,18.4255549052271,0.293397454280735,0,1,57,refinement
49,9,0.0833101916134407,0.0833101916134407,0,-4.78005858177005,-21.8315798898456,-6.43648895919522,99.9166898083866,18.3580208005043,0.319869405042907,0,1,58,refinement
49,10,0.0833101916134407,0.0833101916134407,0,-4.78005858177005,-22.1934787656636,-6.43648895919522,99.9166898083866,18.2882355589573,0.384944396920445,0,1,59,refinement
49,11,0.0833101916134407,0.0833101916134407,0,-4.78005858177005,-22.864178387929,-6.43648895919522,99.9166898083866,18.2139480437621,0.459231912115618,0,1,60,refinement
49,12,0.0833101916134407,0.0833101916134407,0,-4.78005858177005,-23.4771690218739,-6.43648895919522,99.9166898083866,18.1351582549187,0.538021700958984,0,1,61,refinement
49,13,0.0555401277422938,0.0555401277422938,0,-5.39497106458153,-23.7929943298348,-9.14221627270633,99.9444598722577,18.0496150556031,0.623564900274639,0,1,62,refinement
49,14,0.0277700638711469,0.0277700638711469,0,-5.83919506992814,-24.0353204001005,-9.71607673308569,99.9722299361289,17.9888343613525,0.684345594525235,0,1,63,refinement
49,15,0,0,0,-6.13962855941701,-24.6693089928603,-9.82322708790762,100,17.8785286569718,0.794651298905948,1,1,64,refinement
49,16,0,0,0,-9.07884043841915,-24.7967055258632,-10.0095113205762,100,17.7479627211742,0.925217234703525,1,1,65,refinement
49,17,0,0,0,-9.07884043841915,-25.0100551890851,-10.0095113205762,100,17.6714240691549,1.00175588672279,1,1,66,refinement
49,18,0,0,0,-9.07884043841915,-25.4218884131121,-10.0095113205762,100,17.5971365539597,1.07604340191797,1,1,67,refinement
49,19,0,0,0,-9.07884043841915,-25.7851670742292,-10.0095113205762,100,17.5138444914682,1.21550373916305,1,1,68,refinement
49,20,0,0,0,-9.07884043841915,-26.1291003836503,-10.0095113205762,100,17.3877808293188,1.37874743552977,1,1,69,refinement
49,21,0,0,0,-9.07884043841915,-26.5643240651291,-10.0095113205762,100,17.2594660303453,1.53537314420595,1,1,70,refinement
49,22,0,0,0,-9.07884043841915,-26.9538369740366,-10.0095113205762,100,17.1153932736032,1.67876287750105,1,1,71,refinement
50,0,0.388780894196057,0.388780894196057,0.180505415162455,6.57486950653606,-19.5973975377871,0.767524661087658,99.6112191058039,19.6591778848318,0,0,0,50,refinement
50,1,0.333240766453763,0.333240766453763,0.180505415162455,6.57486950653606,-19.5973975377871,-0.840863864853192,99.6667592335462,19.6591778848318,0.0066179876905429,0,0,51,refinement
50,2,0.249930574840322,0.249930574840322,0.124965287420161,-0.505854835896102,-19.6667122484288,-2.86153870359876,99.7500694251597,19.6479222007114,0.0220599589684763,0,0,52,refinement
50,3,0.166620383226881,0.166620383226881,0.0971952235490142,-0.505854835896102,-19.9621209224964,-4.96181554513734,99.8333796167731,19.616406285174,0.0529439015243432,0,0,53,refinement
50,4,0.111080255484588,0.111080255484588,0.0555401277422938,-0.711833748349392,-20.1285964514326,-5.86953885236641,99.8889197445154,19.5961460537571,0.0794158522865148,0,0,54,refinement
50,5,0.0833101916134407,0.0833101916134407,0.0277700638711469,-2.85170296251701,-20.438259137556,-6.14389898759804,99.9166898083866,19.5578767277475,0.136771745604553,0,1,55,refinement
50,6,0.0833101916134407,0.0833101916134407,0,-4.78005858177005,-20.6937357683447,-6.14389898759804,99.9166898083866,19.521858538562,0.191921643025744,0,1,56,refinement
50,7,0.0833101916134407,0.0833101916134407,0,-4.78005858177005,-20.9916395915548,-6.37061474772744,99.9166898083866,19.4813380757282,0.249277536343782,0,1,57,refinement
50,8,0.0833101916134407,0.0833101916134407,0,-4.78005858177005,-21.4733318098279,-6.43648895919522,99.9166898083866,19.4115528341813,0.293397454280735,0,1,58,refinement
50,9,0.0833101916134407,0.0833101916134407,0,-4.78005858177005,-21.8315798898456,-6.43648895919522,99.9166898083866,19.3440187294584,0.319869405042907,0,1,59,refinement
50,10,0.0833101916134407,0.0833101916134407,0,-4.78005858177005,-22.1934787656636,-6.43648895919522,99.9166898083866,19.2742334879114,0.384944396920445,0,1,60,refinement
50,11,0.0833101916134407,0.0833101916134407,0,-4.78005858177005,-22.864178387929,-6.43648895919522,99.9166898083866,19.1999459727162,0.459231912115618,0,1,61,refinement
50,12,0.0833101916134407,0.0833101916134407,0,-4.78005858177005,-23.4771690218739,-6.43648895919522,99.9166898083866,19.1211561838729,0.538021700958984,0,1,62,refinement
50,13,0.0555401277422938,0.0555401277422938,0,-5.39497106458153,-23.8146512751478,-9.14221627270633,99.9444598722577,19.0356129845572,0.623564900274639,0,1,63,refinement
50,14,0.0277700638711469,0.0277700638711469,0,-5.83919506992814,-24.0541005225493,-9.71607673308569,99.9722299361289,18.9748322903066,0.684345594525235,0,1,64,refinement
50,15,0,0,0,-6.13962855941701,-24.6928100029251,-9.82322708790762,100,18.8645265859259,0.794651298905948,1,1,65,refinement
50,16,0,0,0,-9.07884043841915,-24.8167678117233,-10.0095113205762,100,18.7339606501283,0.925217234703525,1,1,66,refinement
50,17,0,0,0,-9.07884043841915,-25.0601057615674,-10.0095113205762,100,18.657421998109,1.00175588672279,1,1,67,refinement
50,18,0,0,0,-9.07884043841915,-25.4403078564747,-10.0095113205762,100,18.5831344829139,1.07604340191797,1,1,68,refinement
50,19,0,0,0,-9.07884043841915,-25.8165268303999,-10.0095113205762,100,18.4998424204223,1.21550373916305,1,1,69,refinement
50,20,0,0,0,-9.07884043841915,-26.1529254084527,-10.0095113205762,100,18.3737787582729,1.37874743552977,1,1,70,refinement
50,21,0,0,0,-9.07884043841915,-26.5858462486064,-10.0095113205762,100,18.2454639592994,1.53537314420595,1,1,71,refinement
50,22,0,0,0,-9.07884043841915,-26.9712495439072,-10.0095113205762,100,18.1013912025573,1.67876287750105,1,1,72,refinement
51,0,0.388780894196057,0.388780894196057,0.180505415162455,6.57486950653606,-19.5973975377871,0.767524661087658,99.6112191058039,20.4515780469137,0,0,0,51,refinement
51,1,0.333240766453763,0.333240766453763,0.180505415162455,6.57486950653606,-19.5973975377871,-0.840863864853192,99.6667592335462,20.4515780469137,0.0066179876905429,0,0,52,refinement
51,2,0.249930574840322,0.249930574840322,0.124965287420161,-0.505854835896102,-19.6667122484288,-2.86153870359876,99.7500694251597,20.4403223627932,0.0220599589684763,0,0,53,refinement
51,3,0.166620383226881,0.166620383226881,0.0971952235490142,-0.505854835896102,-19.9621209224964,-4.96181554513734,99.8333796167731,20.4088064472559,0.0529439015243432,0,0,54,refinement
51,4,0.111080255484588,0.111080255484588,0.0555401277422938,-0.711833748349392,-20.1285964514326,-5.86953885236641,99.8889197445154,20.388546215839,0.0794158522865148,0,0,55,refinement
51,5,0.0833101916134407,0.0833101916134407,0.0277700638711469,-2.85170296251701,-20.438259137556,-6.14389898759804,99.9166898083866,20.3502768898294,0.136771745604553,0,1,56,refinement
51,6,0.0833101916134407,0.0833101916134407,0,-4.78005858177005,-20.6937357683447,-6.14389898759804,99.9166898083866,20.3142587006438,0.191921643025744,0,1,57,refinement
51,7,0.0833101916134407,0.0833101916134407,0,-4.78005858177005,-20.9916395915548,-6.37061474772744,99.9166898083866,20.2737382378101,0.249277536343782,0,1,58,refinement
51,8,0.0833101916134407,0.0833101916134407,0,-4.78005858177005,-21.4733318098279,-6.43648895919522,99.9166898083866,20.2039529962631,0.293397454280735,0,1,59,refinement
51,9,0.0833101916134407,0.0833101916134407,0,-4.78005858177005,-21.8315798898456,-6.43648895919522,99.9166898083866,20.1364188915402,0.319869405042907,0,1,60,refinement
51,10,0.0833101916134407,0.0833101916134407,0,-4.78005858177005,-22.1934787656636,-6.43648895919522,99.9166898083866,20.0666336499932,0.384944396920445,0,1,61,refinement
51,11,0.0833101916134407,0.0833101916134407,0,-4.78005858177005,-22.864178387929,-6.43648895919522,99.9166898083866,19.9923461347981,0.459231912115618,0,1,62,refinement
51,12,0.0833101916134407,0.0833101916134407,0,-4.78005858177005,-23.4771690218739,-6.43648895919522,99.9166898083866,19.9135563459547,0.538021700958984,0,1,63,refinement
51,13,0.0555401277422938,0.0555401277422938,0,-5.39497106458153,-23.8146512751478,-9.14221627270633,99.9444598722577,19.8280131466391,0.623564900274639,0,1,64,refinement
51,14,0.0277700638711469,0.0277700638711469,0,-5.83919506992814,-24.0541005225493,-9.71607673308569,99.9722299361289,19.7672324523885,0.684345594525235,0,1,65,refinement
51,15,0,0,0,-6.13962855941701,-24.6928100029251,-9.82322708790762,100,19.6569267480077,0.794651298905948,1,1,66,refinement
51,16,0,0,0,-9.07884043841915,-24.8167678117233,-10.0095113205762,100,19.5263608122102,0.925217234703525,1,1,67,refinement
51,17,0,0,0,-9.07884043841915,-25.0601057615674,-10.0095113205762,100,19.4498221601909,1.00175588672279,1,1,68,refinement
51,18,0,0,0,-9.07884043841915,-25.4403078564747,-10.0095113205762,100,19.3755346449957,1.07604340191797,1,1,69,refinement
51,19,0,0,0,-9.07884043841915,-25.8165268303999,-10.0095113205762,100,19.2922425825042,1.21550373916305,1,1,70,refinement
51,20,0,0,0,-9.07884043841915,-26.1529254084527,-10.0095113205762,100,19.1661789203548,1.37874743552977,1,1,71,refinement
51,21,0,0,0,-9.07884043841915,-26.5858462486064,-10.0095113205762,100,19.0378641213813,1.53537314420595,1,1,72,refinement
51,22,0,0,0,-9.07884043841915,-26.9712495439072,-10.0095113205762,100,18.8937913646391,1.67876287750105,1,1,73,refinement
52,0,0.388780894196057,0.388780894196057,0.180505415162455,6.57486950653606,-19.5973975377871,0.767524661087658,99.6112191058039,21.2237179775787,0,0,0,52,refinement
52,1,0.333240766453763,0.333240766453763,0.180505415162455,6.57486950653606,-19.5973975377871,-0.840863864853192,99.6667592335462,21.2237179775787,0.0066179876905429,0,0,53,refinement
52,2,0.249930574840322,0.249930574840322,0.124965287420161,-0.505854835896102,-19.6667122484288,-2.86153870359876,99.7500694251597,21.2124622934582,0.0220599589684763,0,0,54,refinement
52,3,0.166620383226881,0.166620383226881,0.0971952235490142,-0.505854835896102,-19.9621209224964,-4.96181554513734,99.8333796167731,21.1809463779209,0.0529439015243432,0,0,55,refinement
52,4,0.111080255484588,0.111080255484588,0.0555401277422938,-0.711833748349392,-20.1285964514326,-5.86953885236641,99.8889197445154,21.160686146504,0.0794158522865148,0,0,56,refinement
52,5,0.0833101916134407,0.0833101916134407,0.0277700638711469,-2.85170296251701,-20.438259137556,-6.14389898759804,99.9166898083866,21.1224168204944,0.136771745604553,0,1,57,refinement
52,6,0.0833101916134407,0.0833101916134407,0,-4.78005858177005,-20.6937357683446,-6.14389898759804,99.9166898083866,21.0863986313088,0.191921643025744,0,1,58,refinement
52,7,0.0833101916134407,0.0833101916134407,0,-4.78005858177005,-20.9916395915548,-6.37061474772744,99.9166898083866,21.0458781684751,0.249277536343782,0,1,59,refinement
52,8,0.0833101916134407,0.0833101916134407,0,-4.78005858177005,-21.4733318098279,-6.43648895919522,99.9166898083866,20.9760929269281,0.293397454280735,0,1,60,refinement
52,9,0.0833101916134407,0.0833101916134407,0,-4.78005858177005,-21.8315798898456,-6.43648895919522,99.9166898083866,20.9085588222052,0.319869405042907,0,1,61,refinement
52,10,0.0833101916134407,0.0833101916134407,0,-4.78005858177005,-22.1934787656636,-6.43648895919522,99.9166898083866,20.8387735806582,0.384944396920445,0,1,62,refinement
52,11,0.0833101916134407,0.0833101916134407,0,-4.78005858177005,-22.864178387929,-6.43648895919522,99.9166898083866,20.7644860654631,0.459231912115618,0,1,63,refinement
52,12,0.0833101916134407,0.0833101916134407,0,-4.78005858177005,-23.4771690218739,-6.43648895919522,99.9166898083866,20.6856962766197,0.538021700958984,0,1,64,refinement
52,13,0.0555401277422938,0.0555401277422938,0,-5.39497106458153,-23.8146512751478,-9.14221627270633,99.9444598722577,20.600153077304,0.623564900274639,0,1,65,refinement
52,14,0.0277700638711469,0.0277700638711469,0,-5.83919506992814,-24.0541005225493,-9.71607673308569,99.9722299361289,20.5393723830534,0.684345594525235,0,1,66,refinement
52,15,0,0,0,-6.13962855941701,-24.6928100029251,-9.82322708790762,100,20.4290666786727,0.794651298905948,1,1,67,refinement
52,16,0,0,0,-9.07884043841915,-24.8167678117233,-10.0095113205762,100,20.2985007428752,0.925217234703525,1,1,68,refinement
52,17,0,0,0,-9.07884043841915,-25.0601057615674,-10.0095113205762,100,20.2219620908559,1.00175588672279,1,1,69,refinement
52,18,0,0,0,-9.07884043841915,-25.4403078564747,-10.0095113205762,100,20.1476745756607,1.07604340191797,1,1,70,refinement
52,19,0,0,0,-9.07884043841915,-25.8487600243094,-10.0095113205762,100,20.0643825131692,1.21550373916305,1,1,71,refinement
52,20,0,0,0,-9.07884043841915,-26.2075052127518,-10.0095113205762,100,19.9383188510198,1.37874743552977,1,1,72,refinement
52,21,0,0,0,-9.07884043841915,-26.6324011019928,-10.0095113205762,100,19.8100040520463,1.53537314420595,1,1,73,refinement
52,22,0,0,0,-9.07884043841915,-27.0229649144167,-10.0095113205762,100,19.6659312953041,1.67876287750105,1,1,74,refinement
53,0,0.388780894196057,0.388780894196057,0.180505415162455,6.57486950653606,-19.5973975377871,0.767524661087658,99.6112191058039,22.0183692764846,0,0,0,53,refinement
53,1,0.333240766453763,0.333240766453763,0.180505415162455,6.57486950653606,-19.5973975377871,-0.840863864853192,99.6667592335462,22.0183692764846,0.0066179876905429,0,0,54,refinement
53,2,0.249930574840322,0.249930574840322,0.124965287420161,-0.505854835896102,-19.6667122484288,-2.86153870359876,99.7500694251597,22.0071135923641,0.0220599589684763,0,0,55,refinement
53,3,0.166620383226881,0.166620383226881,0.0971952235490142,-0.505854835896102,-19.9621209224964,-4.96181554513734,99.8333796167731,21.9755976768268,0.0529439015243432,0,0,56,refinement
53,4,0.111080255484588,0.111080255484588,0.0555401277422938,-0.711833748349392,-20.1285964514326,-5.86953885236641,99.8889197445154,21.9553374454099,0.0794158522865148,0,0,57,refinement
53,5,0.0833101916134407,0.0833101916134407,0.0277700638711469,-2.85170296251701,-20.4536221576505,-6.14389898759804,99.9166898083866,21.9170681194003,0.136771745604553,0,1,58,refinement
53,6,0.0833101916134407,0.0833101916134407,0,-4.78005858177005,-20.7278308307052,-6.14389898759804,99.9166898083866,21.8810499302148,0.191921643025744,0,1,59,refinement
53,7,0.0833101916134407,0.0833101916134407,0,-4.78005858177005,-21.0177323535535,-6.37061474772744,99.9166898083866,21.840529467381,0.249277536343782,0,1,60,refinement
53,8,0.0833101916134407,0.0833101916134407,0,-4.78005858177005,-21.5011069775499,-6.43648895919522,99.9166898083866,21.770744225834,0.293397454280735,0,1,61,refinement
53,9,0.0833101916134407,0.0833101916134407,0,-4.78005858177005,-21.8456379427385,-6.43648895919522,99.9166898083866,21.7032101211112,0.319869405042907,0,1,62,refinement
53,10,0.0833101916134407,0.0833101916134407,0,-4.78005858177005,-22.2396627563339,-6.43648895919522,99.9166898083866,21.6334248795642,0.384944396920445,0,1,63,refinement
53,11,0.0833101916134407,0.0833101916134407,0,-4.78005858177005,-22.9234180320595,-6.43648895919522,99.9166898083866,21.559137364369,0.459231912115618,0,1,64,refinement
53,12,0.0833101916134407,0.0833101916134407,0,-4.78005858177005,-23.5046803356685,-6.43648895919522,99.9166898083866,21.4803475755256,0.538021700958984,0,1,65,refinement
53,13,0.0555401277422938,0.0555401277422938,0,-5.39497106458153,-23.8470274866264,-9.14221627270633,99.9444598722577,21.39480437621,0.623564900274639,0,1,66,refinement
53,14,0.0277700638711469,0.0277700638711469,0,-5.83919506992814,-24.0676832725208,-9.71607673308569,99.9722299361289,21.3340236819594,0.684345594525235,0,1,67,refinement
53,15,0,0,0,-6.13962855941701,-24.7350814205394,-9.82322708790762,100,21.2237179775787,0.794651298905948,1,1,68,refinement
53,16,0,0,0,-9.07884043841915,-24.8960044695388,-10.0095113205762,100,21.0931520417811,0.925217234703525,1,1,69,refinement
53,17,0,0,0,-9.07884043841915,-25.1365222634018,-10.0095113205762,100,21.0166133897618,1.00175588672279,1,1,70,refinement
53,18,0,0,0,-9.07884043841915,-25.4520974938818,-10.0095113205762,100,20.9423258745667,1.07604340191797,1,1,71,refinement
53,19,0,0,0,-9.07884043841915,-25.9150621702742,-10.0095113205762,100,20.8590338120751,1.21550373916305,1,1,72,refinement
53,20,0,0,0,-9.07884043841915,-26.2703161433111,-10.0095113205762,100,20.7329701499257,1.37874743552977,1,1,73,refinement
53,21,0,0,0,-9.07884043841915,-26.7704561324241,-10.0095113205762,100,20.6046553509522,1.53537314420595,1,1,74,refinement
53,22,0,0,0,-9.07884043841915,-27.0978294089051,-10.0095113205762,100,20.4605825942101,1.67876287750105,1,1,75,refinement
54,0,0.388780894196057,0.388780894196057,0.180505415162455,6.57486950653606,-19.5973975377871,0.767524661087658,99.6112191058039,22.8287785331592,0,0,0,54,refinement
54,1,0.333240766453763,0.333240766453763,0.180505415162455,6.57486950653606,-19.5973975377871,-0.840863864853192,99.6667592335462,22.8287785331592,0.0066179876905429,0,0,55,refinement
54,2,0.249930574840322,0.249930574840322,0.124965287420161,-0.505854835896102,-19.6667122484288,-2.86153870359876,99.7500694251597,22.8175228490388,0.0220599589684763,0,0,56,refinement
54,3,0.166620383226881,0.166620383226881,0.0971952235490142,-0.505854835896102,-19.9621209224964,-4.96181554513734,99.8333796167731,22.7860069335014,0.0529439015243432,0,0,57,refinement
54,4,0.111080255484588,0.111080255484588,0.0555401277422938,-0.711833748349392,-20.1285964514326,-5.86953885236641,99.8889197445154,22.7657467020846,0.0794158522865148,0,0,58,refinement
54,5,0.0833101916134407,0.0833101916134407,0.0277700638711469,-2.85170296251701,-20.4536221576505,-6.14389898759804,99.9166898083866,22.7274773760749,0.136771745604553,0,1,59,refinement
54,6,0.0833101916134407,0.0833101916134407,0,-4.78005858177005,-20.7278308307052,-6.14389898759804,99.9166898083866,22.6914591868894,0.191921643025744,0,1,60,refinement
54,7,0.0833101916134407,0.0833101916134407,0,-4.78005858177005,-21.0177323535535,-6.37061474772744,99.9166898083866,22.6509387240556,0.249277536343782,0,1,61,refinement
54,8,0.0833101916134407,0.0833101916134407,0,-4.78005858177005,-21.5011069775499,-6.43648895919522,99.9166898083866,22.5811534825087,0.293397454280735,0,1,62,refinement
54,9,0.0833101916134407,0.0833101916134407,0,-4.78005858177005,-21.8456379427385,-6.43648895919522,99.9166898083866,22.5136193777858,0.319869405042907,0,1,63,refinement
54,10,0.0833101916134407,0.0833101916134407,0,-4.78005858177005,-22.2396627563339,-6.43648895919522,99.9166898083866,22.4438341362388,0.384944396920445,0,1,64,refinement
54,11,0.0833101916134407,0.0833101916134407,0,-4.78005858177005,-22.9234180320595,-6.43648895919522,99.9166898083866,22.3695466210436,0.459231912115618,0,1,65,refinement
54,12,0.0833101916134407,0.0833101916134407,0,-4.78005858177005,-23.5046803356685,-6.43648895919522,99.9166898083866,22.2907568322003,0.538021700958984,0,1,66,refinement
54,13,0.0555401277422938,0.0555401277422938,0,-5.39497106458153,-23.8470274866264,-9.14221627270633,99.9444598722577,22.2052136328846,0.623564900274639,0,1,67,refinement
54,14,0.0277700638711469,0.0277700638711469,0,-5.83919506992814,-24.0676832725208,-9.71607673308569,99.9722299361289,22.144432938634,0.684345594525235,0,1,68,refinement
54,15,0,0,0,-6.13962855941701,-24.7350814205394,-9.82322708790762,100,22.0341272342533,0.794651298905948,1,1,69,refinement
54,16,0,0,0,-9.07884043841915,-24.8960044695388,-10.0095113205762,100,21.9035612984557,0.925217234703525,1,1,70,refinement
54,17,0,0,0,-9.07884043841915,-25.1365222634018,-10.0095113205762,100,21.8270226464365,1.00175588672279,1,1,71,refinement
54,18,0,0,0,-9.07884043841915,-25.4520974938818,-10.0095113205762,100,21.7527351312413,1.07604340191797,1,1,72,refinement
54,19,0,0,0,-9.07884043841915,-25.9150621702742,-10.0095113205762,100,21.6694430687497,1.21550373916305,1,1,73,refinement
54,20,0,0,0,-9.07884043841915,-26.2703161433111,-10.0095113205762,100,21.5433794066003,1.37874743552977,1,1,74,refinement
54,21,0,0,0,-9.07884043841915,-26.7704561324241,-10.0095113205762,100,21.4150646076269,1.53537314420595,1,1,75,refinement
54,22,0,0,0,-9.07884043841915,-27.0978294089051,-10.0095113205762,100,21.2709918508847,1.67876287750105,1,1,76,refinement
55,0,0.388780894196057,0.388780894196057,0.180505415162455,6.57486950653606,-19.5973975377871,0.767524661087658,99.6112191058039,23.5603980009905,0,0,0,55,refinement
55,1,0.333240766453763,0.333240766453763,0.180505415162455,6.57486950653606,-19.5973975377871,-0.840863864853192,99.6667592335462,23.5603980009905,0.0066179876905429,0,0,56,refinement
55,2,0.249930574840322,0.249930574840322,0.124965287420161,-0.505854835896102,-19.6667122484288,-2.86153870359876,99.7500694251597,23.54914231687,0.0220599589684763,0,0,57,refinement
55,3,0.166620383226881,0.166620383226881,0.0971952235490142,-0.505854835896102,-19.9621209224964,-4.96181554513734,99.8333796167731,23.5176264013327,0.0529439015243432,0,0,58,refinement
55,4,0.111080255484588,0.111080255484588,0.0555401277422938,-0.711833748349392,-20.1285964514326,-5.86953885236641,99.8889197445154,23.4973661699158,0.0794158522865148,0,0,59,refinement
55,5,0.0833101916134407,0.0833101916134407,0.0277700638711469,-2.85170296251701,-20.4536221576505,-6.14389898759804,99.9166898083866,23.4590968439062,0.136771745604553,0,1,60,refinement
55,6,0.0833101916134407,0.0833101916134407,0,-4.78005858177005,-20.7278308307052,-6.14389898759804,99.9166898083866,23.4230786547206,0.191921643025744,0,1,61,refinement
55,7,0.0833101916134407,0.0833101916134407,0,-4.78005858177005,-21.0177323535535,-6.37061474772744,99.9166898083866,23.3825581918869,0.249277536343782,0,1,62,refinement
55,8,0.0833101916134407,0.0833101916134407,0,-4.78005858177005,-21.5011069775499,-6.43648895919522,99.9166898083866,23.3127729503399,0.293397454280735,0,1,63,refinement
55,9,0.0833101916134407,0.0833101916134407,0,-4.78005858177005,-21.8456379427385,-6.43648895919522,99.9166898083866,23.245238845617,0.319869405042907,0,1,64,refinement
55,10,0.0833101916134407,0.0833101916134407,0,-4.78005858177005,-22.2396627563339,-6.43648895919522,99.9166898083866,23.1754536040701,0.384944396920445,0,1,65,refinement
55,11,0.0833101916134407,0.0833101916134407,0,-4.78005858177005,-22.9234180320595,-6.43648895919522,99.9166898083866,23.1011660888749,0.459231912115618,0,1,66,refinement
55,12,0.0833101916134407,0.0833101916134407,0,-4.78005858177005,-23.5046803356685,-6.43648895919522,99.9166898083866,23.0223763000315,0.538021700958984,0,1,67,refinement
55,13,0.0555401277422938,0.0555401277422938,0,-5.39497106458153,-23.8470274866264,-9.14221627270633,99.9444598722577,22.9368331007159,0.623564900274639,0,1,68,refinement
55,14,0.0277700638711469,0.0277700638711469,0,-5.83919506992814,-24.0676832725208,-9.71607673308569,99.9722299361289,22.8760524064653,0.684345594525235,0,1,69,refinement
55,15,0,0,0,-6.13962855941701,-24.7350814205394,-9.82322708790762,100,22.7657467020846,0.794651298905948,1,1,70,refinement
55,16,0,0,0,-9.07884043841915,-24.8960044695388,-10.0095113205762,100,22.635180766287,0.925217234703525,1,1,71,refinement
55,17,0,0,0,-9.07884043841915,-25.1365222634018,-10.0095113205762,100,22.5586421142677,1.00175588672279,1,1,72,refinement
55,18,0,0,0,-9.07884043841915,-25.4520974938818,-10.0095113205762,100,22.4843545990725,1.07604340191797,1,1,73,refinement
55,19,0,0,0,-9.07884043841915,-25.9150621702742,-10.0095113205762,100,22.401062536581,1.21550373916305,1,1,74,refinement
55,20,0,0,0,-9.07884043841915,-26.2703161433111,-10.0095113205762,100,22.2749988744316,1.37874743552977,1,1,75,refinement
55,21,0,0,0,-9.07884043841915,-26.7704561324241,-10.0095113205762,100,22.1466840754581,1.53537314420595,1,1,76,refinement
55,22,0,0,0,-9.07884043841915,-27.0978294089051,-10.0095113205762,100,22.002611318716,1.67876287750105,1,1,77,refinement
56,0,0.388780894196057,0.388780894196057,0.180505415162455,6.57486950653606,-19.5973975377871,0.767524661087658,99.6112191058039,24.3077754265904,0,0,0,56,refinement
56,1,0.333240766453763,0.333240766453763,0.180505415162455,6.57486950653606,-19.5973975377871,-0.840863864853192,99.6667592335462,24.3077754265904,0.0066179876905429,0,0,57,refinement
56,2,0.249930574840322,0.249930574840322,0.124965287420161,-0.505854835896102,-19.6667122484288,-2.86153870359876,99.7500694251597,24.2965197424699,0.0220599589684763,0,0,58,refinement
56,3,0.166620383226881,0.166620383226881,0.0971952235490142,-0.505854835896102,-19.9621209224964,-4.96181554513734,99.8333796167731,24.2650038269326,0.0529439015243432,0,0,59,refinement
56,4,0.111080255484588,0.111080255484588,0.0555401277422938,-0.711833748349392,-20.1285964514326,-5.86953885236641,99.8889197445154,24.2447435955157,0.0794158522865148,0,0,60,refinement
56,5,0.0833101916134407,0.0833101916134407,0.0277700638711469,-2.85170296251701,-20.4536221576505,-6.14389898759804,99.9166898083866,24.2064742695061,0.136771745604553,0,1,61,refinement
56,6,0.0833101916134407,0.0833101916134407,0,-4.78413125098082,-20.7278308307052,-6.14389898759804,99.9166898083866,24.1704560803206,0.191921643025744,0,1,62,refinement
56,7,0.0833101916134407,0.0833101916134407,0,-4.78413125098082,-21.0177323535535,-6.37061474772744,99.9166898083866,24.1299356174868,0.249277536343782,0,1,63,refinement
56,8,0.0833101916134407,0.0833101916134407,0,-4.78413125098082,-21.5011069775499,-6.43648895919522,99.9166898083866,24.0601503759398,0.293397454280735,0,1,64,refinement
56,9,0.0833101916134407,0.0833101916134407,0,-4.78413125098082,-21.8456379427385,-6.43648895919522,99.9166898083866,23.992616271217,0.319869405042907,0,1,65,refinement
56,10,0.0833101916134407,0.0833101916134407,0,-4.78413125098082,-22.2396627563339,-6.43648895919522,99.9166898083866,23.92283102967,0.384944396920445,0,1,66,refinement
56,11,0.0833101916134407,0.0833101916134407,0,-4.78413125098082,-22.9234180320595,-6.43648895919522,99.9166898083866,23.8485435144748,0.459231912115618,0,1,67,refinement
56,12,0.0833101916134407,0.0833101916134407,0,-4.78413125098082,-23.5046803356685,-6.43648895919522,99.9166898083866,23.7697537256314,0.538021700958984,0,1,68,refinement
56,13,0.0555401277422938,0.0555401277422938,0,-5.39497106458153,-23.8470274866264,-9.14221627270633,99.9444598722577,23.6842105263158,0.623564900274639,0,1,69,refinement
56,14,0.0277700638711469,0.0277700638711469,0,-5.83919506992814,-24.0676832725208,-9.71607673308569,99.9722299361289,23.6234298320652,0.684345594525235,0,1,70,refinement
56,15,0,0,0,-6.13962855941701,-24.7350814205394,-9.82322708790762,100,23.5131241276845,0.794651298905948,1,1,71,refinement
56,16,0,0,0,-9.07884043841915,-24.8960044695388,-10.0095113205762,100,23.3825581918869,0.925217234703525,1,1,72,refinement
56,17,0,0,0,-9.07884043841915,-25.1365222634018,-10.0095113205762,100,23.3060195398676,1.00175588672279,1,1,73,refinement
56,18,0,0,0,-9.07884043841915,-25.4520974938818,-10.0095113205762,100,23.2317320246725,1.07604340191797,1,1,74,refinement
56,19,0,0,0,-9.07884043841915,-25.9150621702742,-10.0095113205762,100,23.1484399621809,1.21550373916305,1,1,75,refinement
56,20,0,0,0,-9.07884043841915,-26.2703161433111,-10.0095113205762,100,23.0223763000315,1.37874743552977,1,1,76,refinement
56,21,0,0,0,-9.07884043841915,-26.7704561324241,-10.0095113205762,100,22.894061501058,1.53537314420595,1,1,77,refinement
56,22,0,0,0,-9.07884043841915,-27.0978294089051,-10.0095113205762,100,22.7499887443159,1.67876287750105,1,1,78,refinement
57,0,0.388780894196057,0.388780894196057,0.180505415162455,6.57486950653606,-19.6258800714438,0.767524661087658,99.6112191058039,25.0754130836072,0,0,0,57,refinement
57,1,0.333240766453763,0.333240766453763,0.180505415162455,6.57486950653606,-19.6258800714438,-0.840863864853192,99.6667592335462,25.0754130836072,0.0066179876905429,0,0,58,refinement
57,2,0.249930574840322,0.249930574840322,0.124965287420161,-0.505854835896102,-19.7057723842864,-2.86153870359876,99.7500694251597,25.0641573994867,0.0220599589684763,0,0,59,refinement
57,3,0.166620383226881,0.166620383226881,0.0971952235490142,-0.505854835896102,-19.9961339133102,-4.96181554513734,99.8333796167731,25.0326414839494,0.0529439015243432,0,0,60,refinement
57,4,0.111080255484588,0.111080255484588,0.0555401277422938,-0.711833748349392,-20.1596766473756,-5.86953885236641,99.8889197445154,25.0123812525325,0.0794158522865148,0,0,61,refinement
57,5,0.0833101916134407,0.0833101916134407,0.0277700638711469,-2.85170296251701,-20.4671790273801,-6.14389898759804,99.9166898083866,24.9741119265229,0.136771745604553,0,1,62,refinement
57,6,0.0833101916134407,0.0833101916134407,0,-4.78413125098082,-20.7489720080476,-6.14389898759804,99.9166898083866,24.9380937373374,0.191921643025744,0,1,63,refinement
57,7,0.0833101916134407,0.0833101916134407,0,-4.78413125098082,-21.0253558984578,-6.37061474772744,99.9166898083866,24.8975732745036,0.249277536343782,0,1,64,refinement
57,8,0.0833101916134407,0.0833101916134407,0,-4.78413125098082,-21.5062672374088,-6.43648895919522,99.9166898083866,24.8277880329566,0.293397454280735,0,1,65,refinement
57,9,0.0833101916134407,0.0833101916134407,0,-4.78413125098082,-21.8774918065538,-6.43648895919522,99.9166898083866,24.7602539282338,0.319869405042907,0,1,66,refinement
57,10,0.0833101916134407,0.0833101916134407,0,-4.78413125098082,-22.2603884996888,-6.43648895919522,99.9166898083866,24.6904686866868,0.384944396920445,0,1,67,refinement
57,11,0.0833101916134407,0.0833101916134407,0,-4.78413125098082,-23.0307036853029,-6.43648895919522,99.9166898083866,24.6161811714916,0.459231912115618,0,1,68,refinement
57,12,0.0833101916134407,0.0833101916134407,0,-4.78413125098082,-23.5411241443035,-6.43648895919522,99.9166898083866,24.5373913826482,0.538021700958984,0,1,69,refinement
57,13,0.0555401277422938,0.0555401277422938,0,-5.41037166242435,-23.9585264698535,-9.14221627270633,99.9444598722577,24.4518481833326,0.623564900274639,0,1,70,refinement
57,14,0.0277700638711469,0.0277700638711469,0,-5.83919506992814,-24.1137608971169,-9.71607673308569,99.9722299361289,24.391067489082,0.684345594525235,0,1,71,refinement
57,15,0,0,0,-6.13962855941701,-24.7734068061542,-9.82322708790762,100,24.2807617847013,0.794651298905948,1,1,72,refinement
57,16,0,0,0,-9.07884043841915,-24.9419111521896,-10.0095113205762,100,24.1501958489037,0.925217234703525,1,1,73,refinement
57,17,0,0,0,-9.07884043841915,-25.2099082999283,-10.0095113205762,100,24.0736571968844,1.00175588672279,1,1,74,refinement
57,18,0,0,0,-9.07884043841915,-25.5024761335976,-10.0095113205762,100,23.9993696816893,1.07604340191797,1,1,75,refinement
57,19,0,0,0,-9.07884043841915,-25.9962925991796,-10.0095113205762,100,23.9160776191977,1.21550373916305,1,1,76,refinement
57,20,0,0,0,-9.07884043841915,-26.3849346351119,-10.0095113205762,100,23.7900139570483,1.37874743552977,1,1,77,refinement
57,21,0,0,0,-9.07884043841915,-26.8790720254259,-10.0095113205762,100,23.6616991580748,1.53537314420595,1,1,78,refinement
57,22,0,0,0,-9.07884043841915,-27.1460578573035,-10.0095113205762,100,23.5176264013327,1.67876287750105,1,1,79,refinement
134.808875219959,0,0.388780894196057,0.388780894196057,0.180505415162455,6.57486950653606,-19.756311031059,0.767285997722215,99.6112191058039,100,0,0,0,134.808875219959,refinement
134.808875219959,1,0.333240766453763,0.333240766453763,0.180505415162455,6.57486950653606,-19.756311031059,-0.840865147959673,99.6667592335462,100,0.0066179876905429,0,0,135.808875219959,refinement
134.808875219959,2,0.249930574840322,0.249930574840322,0.124965287420161,-0.505854835896102,-19.8650776114428,-2.86153870359876,99.7500694251597,99.9910982530322,0.0220599589684763,0,0,136.808875219959,refinement
134.808875219959,3,0.166620383226881,0.166620383226881,0.0971952235490142,-0.505854835896102,-20.1596766473756,-4.96181554513734,99.8333796167731,99.9799710693224,0.0529439015243432,0,0,137.808875219959,refinement
134.808875219959,4,0.111080255484588,0.111080255484588,0.0555401277422938,-0.711833748349392,-20.2846106224493,-5.86953885236641,99.8889197445154,99.9688438856126,0.0794158522865148,0,0,138.808875219959,refinement
134.808875219959,5,0.0833101916134407,0.0833101916134407,0.0277700638711469,-2.85170296251701,-20.6000880491051,-6.1441380686594,99.9166898083866,99.9376877712251,0.136771745604553,0,1,139.808875219959,refinement
134.808875219959,6,0.0833101916134407,0.0833101916134407,0,-4.78413125098082,-20.964369044037,-6.1441380686594,99.9166898083866,99.9087570935796,0.191921643025744,0,1,140.808875219959,refinement
134.808875219959,7,0.0833101916134407,0.0833101916134407,0,-4.78413125098082,-21.2647819620486,-6.37185637617932,99.9166898083866,99.8597974852565,0.249277536343782,0,1,141.808875219959,refinement
134.808875219959,8,0.0833101916134407,0.0833101916134407,0,-4.78413125098082,-21.7233616297061,-6.43648895919522,99.9166898083866,99.7908089462557,0.293397454280735,0,1,142.808875219959,refinement
134.808875219959,9,0.0833101916134407,0.0833101916134407,0,-4.78413125098082,-22.4158028253822,-6.43648895919522,99.9166898083866,99.7396239011906,0.319869405042907,0,1,143.808875219959,refinement
134.808875219959,10,0.0833101916134407,0.0833101916134407,0,-4.78413125098082,-23.0013861177427,-6.43648895919522,99.9166898083866,99.6973406030934,0.384944396920445,0,1,144.808875219959,refinement
134.808875219959,11,0.0833101916134407,0.0833101916134407,0,-4.78413125098082,-23.7052633318583,-6.43648895919522,99.9166898083866,99.6334569863982,0.459231912115618,0,1,145.808875219959,refinement
134.808875219959,12,0.0833101916134407,0.0833101916134407,0,-4.78413125098082,-24.1137608971169,-6.43648895919522,99.9166898083866,99.5627980922099,0.538021700958984,0,1,146.808875219959,refinement
134.808875219959,13,0.0555401277422938,0.0555401277422938,0,-5.41037166242435,-24.6693089928603,-9.14221627270633,99.9444598722577,99.4836986758651,0.623564900274639,0,1,147.808875219959,refinement
134.808875219959,14,0.0277700638711469,0.0277700638711469,0,-5.83919506992814,-24.8167678117233,-9.71607673308569,99.9722299361289,99.4169355736063,0.684345594525235,0,1,148.808875219959,refinement
134.808875219959,15,0,0,0,-6.13962855941701,-25.3239640192879,-9.82322708790762,100,99.3301435406699,0.794651298905948,1,1,149.808875219959,refinement
134.808875219959,16,0,0,0,-9.07884043841915,-25.6407698154451,-10.0095113205762,100,99.2448330683625,0.925217234703525,1,1,150.808875219959,refinement
134.808875219959,17,0,0,0,-9.07884043841915,-26.1291003836503,-10.0095113205762,100,99.1366366366366,1.00175588672279,1,1,151.808875219959,refinement
134.808875219959,18,0,0,0,-9.07884043841915,-26.5643240651291,-10.0095113205762,100,99.0284402049108,1.07604340191797,1,1,152.808875219959,refinement
134.808875219959,19,0,0,0,-9.07884043841915,-26.9877419373298,-10.0095113205762,100,98.8782900547606,1.21550373916305,1,1,153.808875219959,refinement
134.808875219959,20,0,0,0,-9.07884043841915,-27.4001844679297,-10.0095113205762,100,98.755980861244,1.37874743552977,1,1,154.808875219959,refinement
134.808875219959,21,0,0,0,-9.07884043841915,-27.7504051170572,-10.0095113205762,100,98.5957494158229,1.53537314420595,1,1,155.808875219959,refinement
134.808875219959,22,0,0,0,-9.07884043841915,-27.9639677574976,-10.0095113205762,100,98.475575831757,1.67876287750105,1,1,156.808875219959,refinement
134.808875219959,134.808875219959,0,0,0,-2969.09346595255,-2969.09346595255,-2969.09346595255,100,0,100,1,1,269.617750439918,refinement
44.5,3.5,0.222160510969175,0.222160510969175,0.166620383226881,3.70778474065474,-19.9621209224964,1.8523107086488,99.7778394890308,13.8533437187048,0.0727978645959718,0,0,48,final
44.5,4,0.222160510969175,0.222160510969175,0.138850319355735,3.70778474065474,-20.0529135714938,1.8523107086488,99.7778394890308,13.8511182819628,0.0794158522865148,0,0,48.5,final
44.5,4.5,0.222160510969175,0.222160510969175,0.111080255484588,3.70778474065474,-20.1671618369627,1.8523107086488,99.7778394890308,13.8310893512852,0.110299794842382,0,0,49,final
44.5,5,0.222160510969175,0.222160510969175,0.0971952235490142,3.70778474065474,-20.4029856067807,1.8523107086488,99.7778394890308,13.8199621675754,0.136771745604553,0,0,49.5,final
44.5,5.5,0.222160510969175,0.222160510969175,0.0971952235490142,3.70778474065474,-20.4789405608533,1.8523107086488,99.7778394890308,13.8021586736397,0.15883170457303,0,0,50,final
44.5,6,0.222160510969175,0.222160510969175,0.0694251596778673,3.70778474065474,-20.6242828635731,1.8523107086488,99.7778394890308,13.7910314899299,0.191921643025744,0,0,50.5,final
44.5,6.5,0.222160510969175,0.222160510969175,0.0694251596778673,3.70778474065474,-20.7489720080476,1.8523107086488,99.7778394890308,13.7754534327362,0.222805585581611,0,0,51,final
44.5,13.5,0.222160510969175,0.222160510969175,0.0555401277422938,3.70778474065474,-23.8470274866264,1.8523107086488,99.7778394890308,13.3370423945699,0.659583089460177,0,0,58,final
44.5,14,0.222160510969175,0.222160510969175,0.0555401277422938,3.70778474065474,-23.9974033575496,1.8523107086488,99.7778394890308,13.2992099699566,0.684345594525235,0,0,58.5,final
44.5,14.5,0.222160510969175,0.222160510969175,0.0555401277422938,3.70778474065474,-24.448146180525,1.8523107086488,99.7778394890308,13.2569266718594,0.75187969924812,0,0,59,final
44.5,15,0.222160510969175,0.222160510969175,0.0555401277422938,3.70778474065474,-24.6144927907719,1.8523107086488,99.7778394890308,13.2124179370201,0.794651298905948,0,0,59.5,final
44.5,15.5,0.222160510969175,0.222160510969175,0.0555401277422938,3.70778474065474,-24.6954648248252,1.8523107086488,99.7778394890308,13.1745855124068,0.85768312998064,0,0,60,final
44.5,16,0.222160510969175,0.222160510969175,0.0555401277422938,3.70778474065474,-24.7734068061542,1.8523107086488,99.7778394890308,13.1167241571158,0.925217234703525,0,0,60.5,final
44.5,16.5,0.222160510969175,0.222160510969175,0.0555401277422938,3.70778474065474,-24.860740576756,1.8523107086488,99.7778394890308,13.0900189162123,0.956733150240872,0,0,61,final
45,3.5,0.194390447098028,0.194390447098028,0.152735351291308,3.70778474065474,-19.9621209224964,1.53019348527371,99.805609552902,14.4364081450985,0.0727978645959718,0,0,48.5,final
45,4,0.166620383226881,0.166620383226881,0.138850319355735,3.70778474065474,-20.0529135714938,1.53019348527371,99.8333796167731,14.4341827083565,0.0794158522865148,0,0,49,final
45,4.5,0.166620383226881,0.166620383226881,0.111080255484588,3.70778474065474,-20.1671618369627,1.53019348527371,99.8333796167731,14.4141537776789,0.110299794842382,0,0,49.5,final
45,5,0.166620383226881,0.166620383226881,0.0971952235490142,3.70778474065474,-20.4029856067807,1.53019348527371,99.8333796167731,14.4030265939691,0.136771745604553,0,0,50,final
45,5.5,0.166620383226881,0.166620383226881,0.0971952235490142,3.70778474065474,-20.4789405608533,1.53019348527371,99.8333796167731,14.3852231000334,0.15883170457303,0,0,50.5,final
45,6,0.166620383226881,0.166620383226881,0.0694251596778673,3.70778474065474,-20.6242828635731,1.53019348527371,99.8333796167731,14.3740959163236,0.191921643025744,0,0,51,final
45,6.5,0.166620383226881,0.166620383226881,0.0694251596778673,3.70778474065474,-20.7489720080476,1.53019348527371,99.8333796167731,14.3585178591299,0.222805585581611,0,0,51.5,final
45,13.5,0.166620383226881,0.166620383226881,0.0555401277422938,3.70778474065474,-23.8470274866264,1.53019348527371,99.8333796167731,13.9201068209636,0.659583089460177,0,0,58.5,final
45,14,0.166620383226881,0.166620383226881,0.0555401277422938,3.70778474065474,-23.9974033575496,1.53019348527371,99.8333796167731,13.8822743963503,0.684345594525235,0,0,59,final
45,14.5,0.166620383226881,0.166620383226881,0.0555401277422938,3.70778474065474,-24.448146180525,1.53019348527371,99.8333796167731,13.839991098253,0.75187969924812,0,0,59.5,final
45,15,0.166620383226881,0.166620383226881,0.0555401277422938,3.70778474065474,-24.6144927907719,1.53019348527371,99.8333796167731,13.7954823634138,0.794651298905948,0,0,60,final
45,15.5,0.166620383226881,0.166620383226881,0.0555401277422938,3.70778474065474,-24.6954648248252,1.53019348527371,99.8333796167731,13.7576499388005,0.85768312998064,0,0,60.5,final
45,16,0.166620383226881,0.166620383226881,0.0555401277422938,3.70778474065474,-24.7734068061542,1.53019348527371,99.8333796167731,13.6997885835095,0.925217234703525,0,0,61,final
45,16.5,0.166620383226881,0.166620383226881,0.0555401277422938,3.70778474065474,-24.860740576756,1.53019348527371,99.8333796167731,13.673083342606,0.956733150240872,0,0,61.5,final
45.5,3.5,0.166620383226881,0.166620383226881,0.124965287420161,3.70778474065474,-19.9961339133102,-4.00005009961992,99.8333796167731,14.9860910203627,0.0727978645959718,0,0,49,final
45.5,4,0.138850319355735,0.138850319355735,0.111080255484588,3.70778474065474,-20.0788327298854,-4.00005009961992,99.8611496806443,14.9838655836208,0.0794158522865148,0,0,49.5,final
45.5,4.5,0.111080255484588,0.111080255484588,0.0971952235490142,3.70778474065474,-20.1805397126459,-4.00005009961992,99.8889197445154,14.9638366529431,0.110299794842382,0,0,50,final
45.5,5,0.111080255484588,0.111080255484588,0.0833101916134407,3.70778474065474,-20.4219156307385,-4.00005009961992,99.8889197445154,14.9527094692333,0.136771745604553,0,0,50.5,final
45.5,5.5,0.111080255484588,0.111080255484588,0.0833101916134407,3.70778474065474,-20.4956070317211,-4.18107762770265,99.8889197445154,14.9349059752977,0.15883170457303,0,0,51,final
45.5,6,0.111080255484588,0.111080255484588,0.0555401277422938,3.70778474065474,-20.6509068304848,-4.33268988513155,99.8889197445154,14.9237787915878,0.191921643025744,0,0,51.5,final
45.5,6.5,0.111080255484588,0.111080255484588,0.0555401277422938,3.70778474065474,-20.7672251540111,-4.33268988513155,99.8889197445154,14.9082007343941,0.222805585581611,0,0,52,final
45.5,13.5,0.111080255484588,0.111080255484588,0.0277700638711469,3.70778474065474,-23.8470274866264,-4.33268988513155,99.8889197445154,14.4697896962279,0.659583089460177,0,0,59,final
45.5,14,0.111080255484588,0.111080255484588,0.0277700638711469,3.70778474065474,-23.9974033575496,-4.33268988513155,99.8889197445154,14.4319572716146,0.684345594525235,0,0,59.5,final
45.5,14.5,0.111080255484588,0.111080255484588,0.0277700638711469,3.70778474065474,-24.448146180525,-4.33268988513155,99.8889197445154,14.3896739735173,0.75187969924812,0,0,60,final
45.5,15,0.111080255484588,0.111080255484588,0.0277700638711469,3.70778474065474,-24.6144927907719,-4.33268988513155,99.8889197445154,14.3451652386781,0.794651298905948,0,0,60.5,final
45.5,15.5,0.111080255484588,0.111080255484588,0.0277700638711469,3.70778474065474,-24.6954648248252,-4.33268988513155,99.8889197445154,14.3073328140648,0.85768312998064,0,0,61,final
45.5,16,0.111080255484588,0.111080255484588,0.0277700638711469,3.70778474065474,-24.7734068061542,-4.33268988513155,99.8889197445154,14.2494714587738,0.925217234703525,0,0,61.5,final
45.5,16.5,0.111080255484588,0.111080255484588,0.0277700638711469,3.70778474065474,-24.860740576756,-4.33268988513155,99.8889197445154,14.2227662178703,0.956733150240872,0,0,62,final
46,3.5,0.166620383226881,0.166620383226881,0.111080255484588,3.39414983483039,-19.9961339133102,-4.96181554513734,99.8333796167731,15.5531043176804,0.0727978645959718,0,0,49.5,final
46,4,0.138850319355735,0.138850319355735,0.0971952235490142,3.39414983483039,-20.0788327298854,-4.99287602622159,99.8611496806443,15.5395974967359,0.0794158522865148,0,0,50,final
46,4.5,0.111080255484588,0.111080255484588,0.0833101916134407,3.39414983483039,-20.1805397126459,-5.86953885236641,99.8889197445154,15.5283418126154,0.110299794842382,0,0,50.5,final
46,5,0.0833101916134407,0.0833101916134407,0.0833101916134407,3.39414983483039,-20.4219156307385,-6.14389898759804,99.9166898083866,15.5013281707262,0.136771745604553,0,1,51,final
46,5.5,0.0833101916134407,0.0833101916134407,0.0833101916134407,3.39414983483039,-20.4956070317211,-6.14389898759804,99.9166898083866,15.4855702129575,0.15883170457303,0,1,51.5,final
46,6,0.0833101916134407,0.0833101916134407,0.0555401277422938,3.39414983483039,-20.6509068304848,-6.14389898759804,99.9166898083866,15.4653099815407,0.191921643025744,0,1,52,final
46,6.5,0.0833101916134407,0.0833101916134407,0.0555401277422938,3.39414983483039,-20.7672251540111,-6.37061474772744,99.9166898083866,15.4473008869479,0.222805585581611,0,1,52.5,final
46,13.5,0.0833101916134407,0.0833101916134407,0.0277700638711469,3.39414983483039,-23.8470274866264,-9.71607673308569,99.9166898083866,14.9430462383504,0.659583089460177,0,1,59.5,final
46,14,0.0833101916134407,0.0833101916134407,0.0277700638711469,3.39414983483039,-23.9974033575496,-9.71607673308569,99.9166898083866,14.9182837332853,0.684345594525235,0,1,60,final
46,14.5,0.0833101916134407,0.0833101916134407,0.0277700638711469,3.39414983483039,-24.448146180525,-9.82322708790762,99.9166898083866,14.8507496285624,0.75187969924812,0,1,60.5,final
46,15,0.0833101916134407,0.0833101916134407,0.0277700638711469,3.39414983483039,-24.6144927907719,-9.82322708790762,99.9166898083866,14.8079780289046,0.794651298905948,0,1,61,final
46,15.5,0.0833101916134407,0.0833101916134407,0.0277700638711469,3.39414983483039,-24.6954648248252,-9.82322708790762,99.9166898083866,14.7449461978299,0.85768312998064,0,1,61.5,final
46,16,0.0833101916134407,0.0833101916134407,0.0277700638711469,3.39414983483039,-24.7734068061542,-10.0095113205762,99.9166898083866,14.677412093107,0.925217234703525,0,1,62,final
46,16.5,0.0833101916134407,0.0833101916134407,0.0277700638711469,3.39414983483039,-24.860740576756,-10.0095113205762,99.9166898083866,14.6458961775697,0.956733150240872,0,1,62.5,final
46.5,3.5,0.166620383226881,0.166620383226881,0.0833101916134407,-0.711833748349392,-19.9961339133102,-4.96181554513734,99.8333796167731,16.1406510287695,0.0727978645959718,0,0,50,final
46.5,4,0.138850319355735,0.138850319355735,0.0694251596778673,-0.711833748349392,-20.0788327298854,-4.99287602622159,99.8611496806443,16.127144207825,0.0794158522865148,0,0,50.5,final
46.5,4.5,0.111080255484588,0.111080255484588,0.0555401277422938,-2.14798738284316,-20.1805397126459,-5.86953885236641,99.8889197445154,16.1158885237045,0.110299794842382,0,0,51,final
46.5,5,0.0833101916134407,0.0833101916134407,0.0555401277422938,-2.14798738284316,-20.4219156307385,-6.14389898759804,99.9166898083866,16.0888748818153,0.136771745604553,0,1,51.5,final
46.5,5.5,0.0833101916134407,0.0833101916134407,0.0555401277422938,-2.14798738284316,-20.4956070317211,-6.14389898759804,99.9166898083866,16.0731169240466,0.15883170457303,0,1,52,final
46.5,6,0.0833101916134407,0.0833101916134407,0.0277700638711469,-2.14798738284316,-20.6509068304848,-6.14389898759804,99.9166898083866,16.0528566926298,0.191921643025744,0,1,52.5,final
46.5,6.5,0.0833101916134407,0.0833101916134407,0.0277700638711469,-2.14798738284316,-20.7672251540111,-6.37061474772744,99.9166898083866,16.034847598037,0.222805585581611,0,1,53,final
46.5,13.5,0.0277700638711469,0.0277700638711469,0.0277700638711469,-2.14798738284316,-23.8470274866264,-9.71607673308569,99.9722299361289,15.5305929494395,0.659583089460177,0,1,60,final
46.5,14,0.0277700638711469,0.0277700638711469,0.0277700638711469,-2.14798738284316,-23.9974033575496,-9.71607673308569,99.9722299361289,15.5058304443744,0.684345594525235,0,1,60.5,final
46.5,14.5,0.0277700638711469,0.0277700638711469,0.0277700638711469,-2.14798738284316,-24.448146180525,-9.82322708790762,99.9722299361289,15.4382963396515,0.75187969924812,0,1,61,final
46.5,15,0.0277700638711469,0.0277700638711469,0.0277700638711469,-2.14798738284316,-24.6144927907719,-9.82322708790762,99.9722299361289,15.3955247399937,0.794651298905948,0,1,61.5,final
46.5,15.5,0.0277700638711469,0.0277700638711469,0.0277700638711469,-2.14798738284316,-24.6954648248252,-9.82322708790762,99.9722299361289,15.332492908919,0.85768312998064,0,1,62,final
46.5,16,0.0277700638711469,0.0277700638711469,0.0277700638711469,-2.14798738284316,-24.7734068061542,-10.0095113205762,99.9722299361289,15.2649588041961,0.925217234703525,0,1,62.5,final
46.5,16.5,0.0277700638711469,0.0277700638711469,0.0277700638711469,-2.14798738284316,-24.860740576756,-10.0095113205762,99.9722299361289,15.2334428886588,0.956733150240872,0,1,63,final
47,3.5,0.138850319355735,0.138850319355735,0.0694251596778673,-0.711833748349392,-19.9961339133102,-5.43983768912138,99.8611496806443,16.6313988564225,0.0727978645959718,0,0,50.5,final
47,4,0.111080255484588,0.111080255484588,0.0555401277422938,-0.711833748349392,-20.0788327298854,-5.86953885236641,99.8889197445154,16.6178920354779,0.0794158522865148,0,0,51,final
47,4.5,0.111080255484588,0.111080255484588,0.0277700638711469,-2.85170296251701,-20.1805397126459,-5.86953885236641,99.8889197445154,16.6066363513574,0.110299794842382,0,0,51.5,final
47,5,0.0833101916134407,0.0833101916134407,0.0277700638711469,-2.85170296251701,-20.4219156307385,-6.14389898759804,99.9166898083866,16.5796227094683,0.136771745604553,0,1,52,final
47,5.5,0.0833101916134407,0.0833101916134407,0.0277700638711469,-2.85170296251701,-20.4956070317211,-6.14389898759804,99.9166898083866,16.5638647516996,0.15883170457303,0,1,52.5,final
47,6,0.0833101916134407,0.0833101916134407,0,-4.78005858177005,-20.6509068304848,-6.14389898759804,99.9166898083866,16.5436045202827,0.191921643025744,0,1,53,final
47,6.5,0.0833101916134407,0.0833101916134407,0,-4.78005858177005,-20.7672251540111,-6.37061474772744,99.9166898083866,16.52559542569,0.222805585581611,0,1,53.5,final
47,13.5,0.0277700638711469,0.0277700638711469,0,-5.83919506992814,-23.8470274866264,-9.71607673308569,99.9722299361289,16.0213407770924,0.659583089460177,0,1,60.5,final
47,14,0.0277700638711469,0.0277700638711469,0,-5.83919506992814,-23.9974033575496,-9.71607673308569,99.9722299361289,15.9965782720274,0.684345594525235,0,1,61,final
47,14.5,0,0,0,-6.13962855941701,-24.448146180525,-9.82322708790762,100,15.9290441673045,0.75187969924812,1,1,61.5,final
47,15,0,0,0,-6.13962855941701,-24.6144927907719,-9.82322708790762,100,15.8862725676467,0.794651298905948,1,1,62,final
47,15.5,0,0,0,-6.13962855941701,-24.6954648248252,-9.82322708790762,100,15.823240736572,0.85768312998064,1,1,62.5,final
47,16,0,0,0,-9.07884043841915,-24.7734068061542,-10.0095113205762,100,15.7557066318491,0.925217234703525,1,1,63,final
47,16.5,0,0,0,-9.07884043841915,-24.860740576756,-10.0095113205762,100,15.7241907163117,0.956733150240872,1,1,63.5,final
47.5,3.5,0.138850319355735,0.138850319355735,0.0694251596778673,-0.711833748349392,-20.0283378876197,-5.43983768912138,99.8611496806443,17.0996353158345,0.0727978645959718,0,0,51,final
47.5,4,0.111080255484588,0.111080255484588,0.0555401277422938,-0.711833748349392,-20.1285964514326,-5.86953885236641,99.8889197445154,17.0861284948899,0.0794158522865148,0,0,51.5,final
47.5,4.5,0.111080255484588,0.111080255484588,0.0277700638711469,-2.85170296251701,-20.2165594472913,-5.86953885236641,99.8889197445154,17.0748728107694,0.110299794842382,0,0,52,final
47.5,5,0.0833101916134407,0.0833101916134407,0.0277700638711469,-2.85170296251701,-20.438259137556,-6.14389898759804,99.9166898083866,17.0478591688803,0.136771745604553,0,1,52.5,final
47.5,5.5,0.0833101916134407,0.0833101916134407,0.0277700638711469,-2.85170296251701,-20.5091430921429,-6.14389898759804,99.9166898083866,17.0321012111116,0.15883170457303,0,1,53,final
47.5,6,0.0833101916134407,0.0833101916134407,0,-4.78005858177005,-20.6653282273692,-6.14389898759804,99.9166898083866,17.0118409796947,0.191921643025744,0,1,53.5,final
47.5,6.5,0.0833101916134407,0.0833101916134407,0,-4.78005858177005,-20.7970954041341,-6.37061474772744,99.9166898083866,16.993831885102,0.222805585581611,0,1,54,final
47.5,13.5,0.0277700638711469,0.0277700638711469,0,-5.83919506992814,-23.9315170007521,-9.71607673308569,99.9722299361289,16.4895772365044,0.659583089460177,0,1,61,final
47.5,14,0.0277700638711469,0.0277700638711469,0,-5.83919506992814,-24.0175328178516,-9.71607673308569,99.9722299361289,16.4648147314394,0.684345594525235,0,1,61.5,final
47.5,14.5,0,0,0,-6.13962855941701,-24.4778580502041,-9.82322708790762,100,16.3972806267165,0.75187969924812,1,1,62,final
47.5,15,0,0,0,-6.13962855941701,-24.6405589681448,-9.82322708790762,100,16.3545090270587,0.794651298905948,1,1,62.5,final
47.5,15.5,0,0,0,-6.13962855941701,-24.7350814205394,-9.82322708790762,100,16.291477195984,0.85768312998064,1,1,63,final
47.5,16,0,0,0,-9.07884043841915,-24.7787874873122,-10.0095113205762,100,16.2239430912611,0.925217234703525,1,1,63.5,final
47.5,16.5,0,0,0,-9.07884043841915,-24.9193285268978,-10.0095113205762,100,16.1924271757237,0.956733150240872,1,1,64,final
48,3.5,0.138850319355735,0.138850319355735,0.0694251596778673,-0.711833748349392,-20.0283378876197,-5.43983768912138,99.8611496806443,17.6466615640899,0.0727978645959718,0,0,51.5,final
48,4,0.111080255484588,0.111080255484588,0.0555401277422938,-0.711833748349392,-20.1285964514326,-5.86953885236641,99.8889197445154,17.6331547431453,0.0794158522865148,0,0,52,final
48,4.5,0.111080255484588,0.111080255484588,0.0277700638711469,-2.85170296251701,-20.2165594472913,-5.86953885236641,99.8889197445154,17.6218990590248,0.110299794842382,0,0,52.5,final
48,5,0.0833101916134407,0.0833101916134407,0.0277700638711469,-2.85170296251701,-20.438259137556,-6.14389898759804,99.9166898083866,17.5948854171357,0.136771745604553,0,1,53,final
48,5.5,0.0833101916134407,0.0833101916134407,0.0277700638711469,-2.85170296251701,-20.5091430921429,-6.14389898759804,99.9166898083866,17.579127459367,0.15883170457303,0,1,53.5,final
48,6,0.0833101916134407,0.0833101916134407,0,-4.78005858177005,-20.6653282273692,-6.14389898759804,99.9166898083866,17.5588672279501,0.191921643025744,0,1,54,final
48,6.5,0.0833101916134407,0.0833101916134407,0,-4.78005858177005,-20.7970954041341,-6.37061474772744,99.9166898083866,17.5408581333573,0.222805585581611,0,1,54.5,final
48,13.5,0.0277700638711469,0.0277700638711469,0,-5.83919506992814,-23.9315170007521,-9.71607673308569,99.9722299361289,17.0366034847598,0.659583089460177,0,1,61.5,final
48,14,0.0277700638711469,0.0277700638711469,0,-5.83919506992814,-24.0175328178516,-9.71607673308569,99.9722299361289,17.0118409796947,0.684345594525235,0,1,62,final
48,14.5,0,0,0,-6.13962855941701,-24.4778580502041,-9.82322708790762,100,16.9443068749719,0.75187969924812,1,1,62.5,final
48,15,0,0,0,-6.13962855941701,-24.6405589681448,-9.82322708790762,100,16.901535275314,0.794651298905948,1,1,63,final
48,15.5,0,0,0,-6.13962855941701,-24.7350814205394,-9.82322708790762,100,16.8385034442393,0.85768312998064,1,1,63.5,final
48,16,0,0,0,-9.07884043841915,-24.7787874873122,-10.0095113205762,100,16.7709693395165,0.925217234703525,1,1,64,final
48,16.5,0,0,0,-9.07884043841915,-24.9193285268978,-10.0095113205762,100,16.7394534239791,0.956733150240872,1,1,64.5,final
48.5,3.5,0.138850319355735,0.138850319355735,0.0694251596778673,-0.711833748349392,-20.0283378876197,-5.43983768912138,99.8611496806443,18.1621718968079,0.0727978645959718,0,0,52,final
48.5,4,0.111080255484588,0.111080255484588,0.0555401277422938,-0.711833748349392,-20.1285964514326,-5.86953885236641,99.8889197445154,18.1486650758633,0.0794158522865148,0,0,52.5,final
48.5,4.5,0.111080255484588,0.111080255484588,0.0277700638711469,-2.85170296251701,-20.2165594472913,-5.86953885236641,99.8889197445154,18.1374093917428,0.110299794842382,0,0,53,final
48.5,5,0.0833101916134407,0.0833101916134407,0.0277700638711469,-2.85170296251701,-20.438259137556,-6.14389898759804,99.9166898083866,18.1103957498537,0.136771745604553,0,1,53.5,final
48.5,5.5,0.0833101916134407,0.0833101916134407,0.0277700638711469,-2.85170296251701,-20.5419349882658,-6.14389898759804,99.9166898083866,18.094637792085,0.15883170457303,0,1,54,final
48.5,6,0.0833101916134407,0.0833101916134407,0,-4.78005858177005,-20.6937357683447,-6.14389898759804,99.9166898083866,18.0743775606681,0.191921643025744,0,1,54.5,final
48.5,6.5,0.0833101916134407,0.0833101916134407,0,-4.78005858177005,-20.8273051032568,-6.37061474772744,99.9166898083866,18.0563684660754,0.222805585581611,0,1,55,final
48.5,13.5,0.0277700638711469,0.0277700638711469,0,-5.83919506992814,-23.9827544576034,-9.71607673308569,99.9722299361289,17.5521138174778,0.659583089460177,0,1,62,final
48.5,14,0.0277700638711469,0.0277700638711469,0,-5.83919506992814,-24.0353204001005,-9.71607673308569,99.9722299361289,17.5273513124128,0.684345594525235,0,1,62.5,final
48.5,14.5,0,0,0,-6.13962855941701,-24.5104488318213,-9.82322708790762,100,17.4598172076899,0.75187969924812,1,1,63,final
48.5,15,0,0,0,-6.13962855941701,-24.6693089928603,-9.82322708790762,100,17.4170456080321,0.794651298905948,1,1,63.5,final
48.5,15.5,0,0,0,-6.13962855941701,-24.7554923212512,-9.82322708790762,100,17.3540137769574,0.85768312998064,1,1,64,final
48.5,16,0,0,0,-9.07884043841915,-24.7967055258632,-10.0095113205762,100,17.2864796722345,0.925217234703525,1,1,64.5,final
48.5,16.5,0,0,0,-9.07884043841915,-24.9357537046685,-10.0095113205762,100,17.2549637566971,0.956733150240872,1,1,65,final
134.808875219959,3.5,0.138850319355735,0.138850319355735,0.0694251596778673,-0.711833748349392,-20.1874879437944,-5.45368282658209,99.8611496806443,99.9710693223545,0.0727978645959718,0,0,138.308875219959,final
134.808875219959,4,0.111080255484588,0.111080255484588,0.0555401277422938,-0.711833748349392,-20.2846106224493,-5.86953885236641,99.8889197445154,99.9688438856126,0.0794158522865148,0,0,138.808875219959,final
134.808875219959,4.5,0.111080255484588,0.111080255484588,0.0277700638711469,-2.85170296251701,-20.424438111217,-5.86953885236641,99.8889197445154,99.9488149549349,0.110299794842382,0,0,139.308875219959,final
134.808875219959,5,0.0833101916134407,0.0833101916134407,0.0277700638711469,-2.85170296251701,-20.6000880491051,-6.1441380686594,99.9166898083866,99.9376877712251,0.136771745604553,0,1,139.808875219959,final
134.808875219959,5.5,0.0833101916134407,0.0833101916134407,0.0277700638711469,-2.85170296251701,-20.8273051032568,-6.1441380686594,99.9166898083866,99.9198842772894,0.15883170457303,0,1,140.308875219959,final
134.808875219959,6,0.0833101916134407,0.0833101916134407,0,-4.78413125098082,-20.964369044037,-6.1441380686594,99.9166898083866,99.9087570935796,0.191921643025744,0,1,140.808875219959,final
134.808875219959,6.5,0.0833101916134407,0.0833101916134407,0,-4.78413125098082,-21.1058676192312,-6.37185637617932,99.9166898083866,99.8931790363859,0.222805585581611,0,1,141.308875219959,final
134.808875219959,13.5,0.0277700638711469,0.0277700638711469,0,-5.83919506992814,-24.7653168679809,-9.71607673308569,99.9722299361289,99.4547679982197,0.659583089460177,0,1,148.308875219959,final
134.808875219959,14,0.0277700638711469,0.0277700638711469,0,-5.83919506992814,-24.8167678117233,-9.71607673308569,99.9722299361289,99.4169355736063,0.684345594525235,0,1,148.808875219959,final
134.808875219959,14.5,0,0,0,-6.13962855941701,-25.1585704369409,-9.82322708790762,100,99.3746522755091,0.75187969924812,1,1,149.308875219959,final
134.808875219959,15,0,0,0,-6.13962855941701,-25.3239640192879,-9.82322708790762,100,99.3301435406699,0.794651298905948,1,1,149.808875219959,final
134.808875219959,15.5,0,0,0,-6.13962855941701,-25.4879808854189,-9.82322708790762,100,99.2923111160565,0.85768312998064,1,1,150.308875219959,final
134.808875219959,16,0,0,0,-9.07884043841915,-25.6407698154451,-10.0095113205762,100,99.2448330683625,0.925217234703525,1,1,150.808875219959,final
134.808875219959,16.5,0,0,0,-9.07884043841915,-25.784194822019,-10.0095113205762,100,99.2139198021551,0.956733150240872,1,1,151.308875219959,final
134.808875219959,134.808875219959,0,0,0,-2969.09346595255,-2969.09346595255,-2969.09346595255,100,0,100,1,1,269.617750439918,final
