Time,AggregateInterferenceDbm,IOverNDb,DominantSatelliteIndex,VisibleSatelliteCount,EligibleCandidateCount,CandidateSatelliteCount,EffectiveContributorCount,PracticalSelectedIOverNDb
01-Aug-2026 00:00:00,-140.064671613659,-32.6315818803239,0,25,25,25,10,-32.6315818803239
01-Aug-2026 00:00:02,-140.44586023918,-33.0127705058452,0,25,25,25,10,-33.0127705058452
01-Aug-2026 00:00:04,-140.108779047098,-32.675689313763,0,25,25,25,9,-32.675689313763
01-Aug-2026 00:00:06,-153.831081192486,-46.3979914591506,0,25,25,25,9,-46.3979914591506
01-Aug-2026 00:00:08,-154.793620805781,-47.360531072446,0,25,25,25,6,-47.360531072446
01-Aug-2026 00:00:10,-154.878012799712,-47.4449230663773,0,25,25,25,6,-47.4449230663773
01-Aug-2026 00:00:12,-155.057791010295,-47.6247012769597,0,25,25,25,7,-47.6247012769597
01-Aug-2026 00:00:14,-153.213992089288,-45.7809023559524,0,25,25,25,8,-45.7809023559524
01-Aug-2026 00:00:16,-152.998207260209,-45.5651175268737,0,25,25,25,9,-45.5651175268737
01-Aug-2026 00:00:18,-152.625622475537,-45.1925327422022,0,25,25,25,9,-45.1925327422022
01-Aug-2026 00:00:20,-155.757163581832,-48.3240738484967,0,25,25,25,7,-48.3240738484967
01-Aug-2026 00:00:22,-155.551302419689,-48.1182126863538,0,24,24,24,7,-48.1182126863538
01-Aug-2026 00:00:24,-138.823731273548,-31.3906415402125,0,24,24,24,8,-31.3906415402125
01-Aug-2026 00:00:26,-147.387834386666,-39.9547446533313,0,24,24,24,8,-31.7995559949942
01-Aug-2026 00:00:28,-147.309233911993,-39.8761441786578,0,24,24,24,9,-31.20909502566
01-Aug-2026 00:00:30,-147.71282115758,-40.2797314242449,0,24,24,24,9,-31.2500072239074
01-Aug-2026 00:00:32,-148.879584398218,-41.4464946648832,0,24,24,24,9,-31.145608531505
01-Aug-2026 00:00:34,-148.89048756668,-41.4573978333445,0,24,24,24,9,-31.9888931597853
01-Aug-2026 00:00:36,-143.85073335746,-36.4176436241248,0,24,24,24,8,-30.5999357741163
01-Aug-2026 00:00:38,-144.00486997172,-36.5717802383845,0,24,24,24,10,-31.0118811045151
01-Aug-2026 00:00:40,-138.447674544525,-31.0145848111895,0,24,24,24,11,-31.0145848111895
01-Aug-2026 00:00:42,-138.745803473725,-31.3127137403898,0,24,24,24,11,-31.3127137403898
01-Aug-2026 00:00:44,-144.912229626537,-37.4791398932018,0,24,24,24,8,-37.4791398932018
01-Aug-2026 00:00:46,-145.832154403017,-38.3990646696821,0,24,24,24,10,-38.3990646696821
01-Aug-2026 00:00:48,-145.377096872308,-37.9440071389731,0,24,24,24,8,-37.9440071389731
01-Aug-2026 00:00:50,-145.576976028464,-38.1438862951293,0,25,25,25,10,-38.1438862951293
01-Aug-2026 00:00:52,-144.703745782522,-37.2706560491872,0,25,25,25,10,-37.2706560491872
01-Aug-2026 00:00:54,-144.586734170294,-37.1536444369585,0,25,25,25,12,-37.1536444369585
01-Aug-2026 00:00:56,-144.441233026448,-37.008143293113,0,25,25,25,13,-37.008143293113
01-Aug-2026 00:00:58,-149.645754590296,-42.212664856961,0,26,26,26,13,-42.212664856961
01-Aug-2026 00:01:00,-149.910455602462,-42.4773658691267,0,26,26,26,12,-42.4773658691267
01-Aug-2026 00:01:02,-149.869839865688,-42.436750132353,0,26,26,26,12,-42.436750132353
01-Aug-2026 00:01:04,-149.6516686974,-42.2185789640649,0,26,26,26,12,-42.2185789640649
01-Aug-2026 00:01:06,-135.856343027237,-28.423253293902,0,26,26,26,12,-28.423253293902
01-Aug-2026 00:01:08,-136.94037368065,-29.507283947315,0,26,26,26,13,-29.507283947315
01-Aug-2026 00:01:10,-137.220724254448,-29.7876345211124,0,25,25,25,13,-29.7876345211124
01-Aug-2026 00:01:12,-137.755678361354,-30.322588628019,0,26,26,26,15,-30.322588628019
01-Aug-2026 00:01:14,-138.098724460299,-30.6656347269641,0,26,26,26,14,-30.6656347269641
01-Aug-2026 00:01:16,-138.792245754021,-31.3591560206859,0,26,26,26,13,-31.3591560206859
01-Aug-2026 00:01:18,-139.054966085614,-31.6218763522791,0,26,26,26,12,-31.6218763522791
01-Aug-2026 00:01:20,-142.802628172226,-35.3695384388909,0,26,26,26,11,-35.3695384388909
01-Aug-2026 00:01:22,-138.891586976931,-31.4584972435959,0,26,26,26,11,-31.4584972435959
01-Aug-2026 00:01:24,-133.918215325776,-26.4851255924411,0,26,26,26,13,-26.4851255924411
01-Aug-2026 00:01:26,-141.754801559243,-34.3217118259076,0,25,25,25,13,-34.3217118259076
01-Aug-2026 00:01:28,-141.391092442548,-33.9580027092126,0,25,25,25,14,-33.9580027092126
01-Aug-2026 00:01:30,-141.360936509068,-33.9278467757324,0,24,24,24,13,-33.9278467757324
01-Aug-2026 00:01:32,-141.158189902193,-33.7251001688581,0,24,24,24,14,-33.7251001688581
01-Aug-2026 00:01:34,-141.229564957413,-33.7964752240779,0,24,24,24,16,-33.7964752240779
01-Aug-2026 00:01:36,-140.967306270997,-33.5342165376622,0,24,24,24,16,-33.5342165376622
01-Aug-2026 00:01:38,-133.066866199929,-25.6337764665942,0,24,24,24,14,-25.6337764665942
01-Aug-2026 00:01:40,-158.173790940626,-50.7407012072905,0,24,24,24,14,-50.7407012072905
01-Aug-2026 00:01:42,-158.277244527458,-50.8441547941228,0,24,24,24,13,-50.8441547941228
01-Aug-2026 00:01:44,-158.424552774106,-50.9914630407708,0,24,24,24,13,-50.9914630407708
01-Aug-2026 00:01:46,-160.297143326864,-52.864053593529,0,24,24,24,12,-52.864053593529
01-Aug-2026 00:01:48,-160.774700122709,-53.3416103893736,0,25,25,25,11,-53.3416103893736
01-Aug-2026 00:01:50,-163.254540588863,-55.8214508555278,0,25,25,25,10,-55.8214508555278
01-Aug-2026 00:01:52,-163.225533742109,-55.7924440087737,0,25,25,25,11,-55.7924440087737
01-Aug-2026 00:01:54,-166.931095664085,-59.4980059307499,0,25,25,25,9,-59.4980059307499
01-Aug-2026 00:01:56,-167.129612954746,-59.6965232214104,0,26,26,26,8,-59.6965232214104
01-Aug-2026 00:01:58,-166.061463291061,-58.6283735577255,0,26,26,26,9,-58.6283735577255
01-Aug-2026 00:02:00,-166.064337343223,-58.6312476098875,0,26,26,26,9,-58.6312476098875
01-Aug-2026 00:02:02,-152.890596573149,-45.457506839814,0,25,25,25,10,-45.457506839814
01-Aug-2026 00:02:04,-153.444494962465,-46.0114052291298,0,25,25,25,10,-46.0114052291298
01-Aug-2026 00:02:06,-153.956528987658,-46.5234392543226,0,25,25,25,9,-46.5234392543226
01-Aug-2026 00:02:08,-153.617441356745,-46.1843516234094,0,25,25,25,9,-46.1843516234094
01-Aug-2026 00:02:10,-153.113319214204,-45.6802294808686,0,25,25,25,8,-45.6802294808686
01-Aug-2026 00:02:12,-153.919786636725,-46.4866969033899,0,25,25,25,8,-46.4866969033899
01-Aug-2026 00:02:14,-153.722379705019,-46.2892899716837,0,25,25,25,9,-46.2892899716837
01-Aug-2026 00:02:16,-152.881569501282,-45.4484797679471,0,25,25,25,9,-45.4484797679471
01-Aug-2026 00:02:18,-153.090229450878,-45.6571397175432,0,25,25,25,9,-45.6571397175432
01-Aug-2026 00:02:20,-167.837579852389,-60.4044901190537,0,25,25,25,8,-60.4044901190537
01-Aug-2026 00:02:22,-165.729787201991,-58.2966974686555,0,25,25,25,10,-58.2966974686555
01-Aug-2026 00:02:24,-138.617349878464,-31.1842601451287,0,25,25,25,13,-31.1842601451287
01-Aug-2026 00:02:26,-137.126681185843,-29.6935914525077,0,25,25,25,13,-29.6935914525077
01-Aug-2026 00:02:28,-136.458068592274,-29.0249788589384,0,25,25,25,14,-29.0249788589384
01-Aug-2026 00:02:30,-135.50922545065,-28.0761357173144,0,25,25,25,12,-28.0761357173144
01-Aug-2026 00:02:32,-134.847929681795,-27.4148399484602,0,25,25,25,12,-27.4148399484602
01-Aug-2026 00:02:34,-134.619108650818,-27.186018917483,0,25,25,25,12,-27.186018917483
01-Aug-2026 00:02:36,-133.409874649542,-25.9767849162067,0,25,25,25,11,-25.9767849162067
01-Aug-2026 00:02:38,-132.340865052537,-24.9077753192022,0,26,26,26,14,-24.9077753192022
01-Aug-2026 00:02:40,-133.736700564464,-26.3036108311287,0,26,26,26,14,-26.3036108311287
01-Aug-2026 00:02:42,-134.00727760115,-26.5741878678149,0,26,26,26,12,-26.5741878678149
01-Aug-2026 00:02:44,-134.109281382997,-26.676191649662,0,26,26,26,12,-26.676191649662
01-Aug-2026 00:02:46,-133.877564516079,-26.4444747827438,0,26,26,26,11,-26.4444747827438
01-Aug-2026 00:02:48,-134.160128224875,-26.7270384915397,0,26,26,26,11,-26.7270384915397
01-Aug-2026 00:02:50,-135.147963107613,-27.7148733742778,0,26,26,26,13,-27.7148733742778
01-Aug-2026 00:02:52,-134.920531297292,-27.4874415639573,0,26,26,26,13,-27.4874415639573
01-Aug-2026 00:02:54,-133.932047580432,-26.4989578470968,0,26,26,26,12,-26.4989578470968
01-Aug-2026 00:02:56,-134.673820170008,-27.2407304366731,0,26,26,26,13,-27.2407304366731
01-Aug-2026 00:02:58,-135.094497284141,-27.661407550806,0,26,26,26,14,-27.661407550806
01-Aug-2026 00:03:00,-162.838247233309,-55.4051574999735,0,26,26,26,12,-55.4051574999735
01-Aug-2026 00:03:02,-162.89103403016,-55.4579442968244,0,24,24,24,10,-55.4579442968244
01-Aug-2026 00:03:04,-162.55678865725,-55.1236989239152,0,24,24,24,9,-55.1236989239152
01-Aug-2026 00:03:06,-162.142642041431,-54.7095523080956,0,25,25,25,10,-54.7095523080956
01-Aug-2026 00:03:08,-162.881419784412,-55.4483300510766,0,26,26,26,9,-55.4483300510766
01-Aug-2026 00:03:10,-162.832013900792,-55.3989241674571,0,26,26,26,9,-55.3989241674571
01-Aug-2026 00:03:12,-163.190455623237,-55.7573658899015,0,25,25,25,8,-55.7573658899015
01-Aug-2026 00:03:14,-164.083230038749,-56.6501403054141,0,25,25,25,7,-56.6501403054141
01-Aug-2026 00:03:16,-163.838351821614,-56.4052620882789,0,26,26,26,7,-56.4052620882789
01-Aug-2026 00:03:18,-163.681121180306,-56.2480314469711,0,26,26,26,7,-56.2480314469711
01-Aug-2026 00:03:20,-163.941188325201,-56.508098591866,0,26,26,26,7,-56.508098591866
01-Aug-2026 00:03:22,-163.819355906484,-56.386266173149,0,26,26,26,6,-56.386266173149
01-Aug-2026 00:03:24,-163.406634701335,-55.9735449679996,0,26,26,26,5,-55.9735449679996
01-Aug-2026 00:03:26,-163.327266638157,-55.8941769048223,0,26,26,26,5,-55.8941769048223
01-Aug-2026 00:03:28,-162.360077493873,-54.9269877605379,0,26,26,26,7,-54.9269877605379
01-Aug-2026 00:03:30,-162.251771372926,-54.8186816395906,0,26,26,26,7,-54.8186816395906
01-Aug-2026 00:03:32,-136.15711229339,-28.7240225600546,0,26,26,26,8,-28.7240225600546
01-Aug-2026 00:03:34,-135.686500242533,-28.2534105091977,0,26,26,26,7,-28.2534105091977
01-Aug-2026 00:03:36,-135.269433671366,-27.8363439380312,0,24,24,24,8,-27.8363439380312
01-Aug-2026 00:03:38,-134.599395448727,-27.1663057153922,0,25,25,25,10,-27.1663057153922
01-Aug-2026 00:03:40,-134.668295310292,-27.2352055769569,0,25,25,25,8,-27.2352055769569
01-Aug-2026 00:03:42,-132.535006074231,-25.1019163408959,0,25,25,25,8,-25.1019163408959
01-Aug-2026 00:03:44,-133.142975749506,-25.7098860161704,0,25,25,25,9,-25.7098860161704
01-Aug-2026 00:03:46,-132.48031432387,-25.0472245905351,0,25,25,25,10,-25.0472245905351
01-Aug-2026 00:03:48,-132.279418137097,-24.8463284037622,0,25,25,25,10,-24.8463284037622
01-Aug-2026 00:03:50,-131.970679283191,-24.5375895498554,0,25,25,25,10,-24.5375895498554
01-Aug-2026 00:03:52,-131.965092167877,-24.5320024345416,0,25,25,25,11,-24.5320024345416
01-Aug-2026 00:03:54,-131.604187539283,-24.1710978059473,0,25,25,25,11,-24.1710978059473
01-Aug-2026 00:03:56,-131.509122338607,-24.0760326052721,0,25,25,25,11,-24.0760326052721
01-Aug-2026 00:03:58,-131.018593823417,-23.5855040900816,0,25,25,25,12,-23.5855040900816
01-Aug-2026 00:04:00,-130.901685643772,-23.468595910437,0,25,25,25,11,-23.468595910437
01-Aug-2026 00:04:02,-131.028291729738,-23.5952019964033,0,25,25,25,10,-23.5952019964033
01-Aug-2026 00:04:04,-130.483929513264,-23.0508397799289,0,25,25,25,10,-23.0508397799289
01-Aug-2026 00:04:06,-137.627526725958,-30.1944369926231,0,24,24,24,9,-30.1944369926231
01-Aug-2026 00:04:08,-138.3335539283,-30.9004641949644,0,24,24,24,10,-30.9004641949644
01-Aug-2026 00:04:10,-138.366465337066,-30.9333756037312,0,24,24,24,10,-30.9333756037312
01-Aug-2026 00:04:12,-137.471378000073,-30.0382882667375,0,24,24,24,12,-30.0382882667375
01-Aug-2026 00:04:14,-137.317723097642,-29.8846333643068,0,24,24,24,10,-29.8846333643068
01-Aug-2026 00:04:16,-137.168789021404,-29.7356992880686,0,24,24,24,11,-29.7356992880686
01-Aug-2026 00:04:18,-138.395604570763,-30.9625148374282,0,24,24,24,9,-30.9625148374282
01-Aug-2026 00:04:20,-138.638361649081,-31.2052719157456,0,24,24,24,10,-31.2052719157456
01-Aug-2026 00:04:22,-138.149160026007,-30.7160702926716,0,24,24,24,11,-30.7160702926716
01-Aug-2026 00:04:24,-132.431738316711,-24.9986485833759,0,25,25,25,11,-24.9986485833759
01-Aug-2026 00:04:26,-132.415152272369,-24.9820625390334,0,25,25,25,10,-24.9820625390334
01-Aug-2026 00:04:28,-132.824596358177,-25.3915066248414,0,25,25,25,12,-25.3915066248414
01-Aug-2026 00:04:30,-133.822553575481,-26.3894638421453,0,25,25,25,12,-26.3894638421453
01-Aug-2026 00:04:32,-133.768537738381,-26.3354480050462,0,25,25,25,11,-26.3354480050462
01-Aug-2026 00:04:34,-139.81152676263,-32.3784370292948,0,25,25,25,11,-32.3784370292948
01-Aug-2026 00:04:36,-162.485734205309,-55.0526444719736,0,24,24,24,10,-55.0526444719736
01-Aug-2026 00:04:38,-161.878237601936,-54.4451478686011,0,24,24,24,11,-54.4451478686011
01-Aug-2026 00:04:40,-162.17069552235,-54.7376057890152,0,25,25,25,12,-54.7376057890152
01-Aug-2026 00:04:42,-141.761863592494,-34.3287738591591,0,25,25,25,12,-34.3287738591591
01-Aug-2026 00:04:44,-141.96451324361,-34.5314235102747,0,25,25,25,13,-34.5314235102747
01-Aug-2026 00:04:46,-141.941897595509,-34.5088078621741,0,25,25,25,13,-34.5088078621741
01-Aug-2026 00:04:48,-141.939887585698,-34.5067978523632,0,26,26,26,15,-34.5067978523632
01-Aug-2026 00:04:50,-142.207830233195,-34.77474049986,0,26,26,26,15,-34.77474049986
01-Aug-2026 00:04:52,-142.129961057056,-34.6968713237204,0,26,26,26,18,-34.6968713237204
01-Aug-2026 00:04:54,-141.848182908289,-34.4150931749537,0,26,26,26,16,-34.4150931749537
01-Aug-2026 00:04:56,-141.516915891355,-34.0838261580197,0,26,26,26,16,-34.0838261580197
01-Aug-2026 00:04:58,-141.212070475905,-33.77898074257,0,26,26,26,17,-33.77898074257
01-Aug-2026 00:05:00,-141.968680758063,-34.5355910247276,0,26,26,26,17,-34.5355910247276
01-Aug-2026 00:05:02,-142.082007925909,-34.6489181925737,0,26,26,26,20,-34.6489181925737
01-Aug-2026 00:05:04,-142.319389181233,-34.8862994478983,0,26,26,26,20,-34.8862994478983
01-Aug-2026 00:05:06,-142.476644714912,-35.0435549815771,0,26,26,26,19,-35.0435549815771
01-Aug-2026 00:05:08,-142.037192726878,-34.6041029935427,0,26,26,26,19,-34.6041029935427
01-Aug-2026 00:05:10,-142.455656905912,-35.0225671725771,0,26,26,26,18,-35.0225671725771
01-Aug-2026 00:05:12,-142.710481013214,-35.2773912798789,0,26,26,26,18,-35.2773912798789
01-Aug-2026 00:05:14,-142.86698503519,-35.4338953018543,0,26,26,26,17,-35.4338953018543
01-Aug-2026 00:05:16,-142.985959772227,-35.5528700388915,0,25,25,25,15,-35.5528700388915
01-Aug-2026 00:05:18,-143.358930789733,-35.9258410563982,0,24,24,24,15,-35.9258410563982
01-Aug-2026 00:05:20,-143.470719093087,-36.0376293597515,0,24,24,24,15,-36.0376293597515
01-Aug-2026 00:05:22,-143.535837217357,-36.1027474840221,0,24,24,24,15,-36.1027474840221
01-Aug-2026 00:05:24,-143.599833604226,-36.1667438708904,0,24,24,24,15,-36.1667438708904
01-Aug-2026 00:05:26,-144.34059744437,-36.9075077110351,0,24,24,24,14,-36.9075077110351
01-Aug-2026 00:05:28,-144.359508997838,-36.926419264503,0,24,24,24,14,-36.926419264503
01-Aug-2026 00:05:30,-144.728973605257,-37.2958838719216,0,24,24,24,13,-37.2958838719216
01-Aug-2026 00:05:32,-144.967987948966,-37.5348982156303,0,24,24,24,12,-37.5348982156303
01-Aug-2026 00:05:34,-145.031212864452,-37.5981231311172,0,24,24,24,12,-37.5981231311172
01-Aug-2026 00:05:36,-145.034313868422,-37.6012241350869,0,24,24,24,12,-37.6012241350869
01-Aug-2026 00:05:38,-145.241653597814,-37.8085638644784,0,24,24,24,13,-37.8085638644784
01-Aug-2026 00:05:40,-145.679344096826,-38.2462543634903,0,24,24,24,12,-38.2462543634903
01-Aug-2026 00:05:42,-145.667174213383,-38.2340844800474,0,26,26,26,12,-38.2340844800474
01-Aug-2026 00:05:44,-145.969588303497,-38.5364985701617,0,26,26,26,13,-38.5364985701617
01-Aug-2026 00:05:46,-145.879644572519,-38.4465548391834,0,26,26,26,13,-38.4465548391834
01-Aug-2026 00:05:48,-146.22887288063,-38.7957831472952,0,25,25,25,12,-38.7957831472952
01-Aug-2026 00:05:50,-146.159171996909,-38.7260822635737,0,25,25,25,14,-38.7260822635737
01-Aug-2026 00:05:52,-146.6183776673,-39.185287933965,0,25,25,25,14,-39.185287933965
01-Aug-2026 00:05:54,-154.564987425073,-47.1318976917377,0,25,25,25,14,-47.1318976917377
01-Aug-2026 00:05:56,-154.29357017777,-46.8604804444348,0,25,25,25,13,-46.8604804444348
01-Aug-2026 00:05:58,-154.957799122476,-47.5247093891409,0,25,25,25,13,-47.5247093891409
01-Aug-2026 00:06:00,-144.710351456792,-37.2772617234565,0,25,25,25,14,-37.2772617234565
01-Aug-2026 00:06:02,-144.720103533608,-37.2870138002726,0,25,25,25,12,-37.2870138002726
01-Aug-2026 00:06:04,-143.417486836227,-35.9843971028916,0,25,25,25,11,-35.9843971028916
01-Aug-2026 00:06:06,-143.120849310315,-35.6877595769796,0,25,25,25,11,-35.6877595769796
01-Aug-2026 00:06:08,-156.18579321148,-48.752703478145,0,25,25,25,11,-48.752703478145
01-Aug-2026 00:06:10,-155.9307891039,-48.497699370565,0,25,25,25,11,-48.497699370565
01-Aug-2026 00:06:12,-154.135052140654,-46.7019624073185,0,25,25,25,13,-46.7019624073185
01-Aug-2026 00:06:14,-142.146107466082,-34.7130177327464,0,25,25,25,14,-34.7130177327464
01-Aug-2026 00:06:16,-141.858608962282,-34.4255192289466,0,25,25,25,15,-34.4255192289466
01-Aug-2026 00:06:18,-141.955411761369,-34.5223220280334,0,25,25,25,14,-34.5223220280334
01-Aug-2026 00:06:20,-140.39280520018,-32.9597154668452,0,25,25,25,14,-32.9597154668452
01-Aug-2026 00:06:22,-141.451060829671,-34.0179710963362,0,25,25,25,14,-34.0179710963362
01-Aug-2026 00:06:24,-141.378686565002,-33.9455968316664,0,25,25,25,13,-33.9455968316664
01-Aug-2026 00:06:26,-141.339470326452,-33.9063805931169,0,25,25,25,12,-33.9063805931169
01-Aug-2026 00:06:28,-141.543013246057,-34.1099235127222,0,26,26,26,13,-34.1099235127222
01-Aug-2026 00:06:30,-141.840807112401,-34.4077173790658,0,26,26,26,14,-34.4077173790658
01-Aug-2026 00:06:32,-141.938308344267,-34.5052186109313,0,26,26,26,14,-34.5052186109313
01-Aug-2026 00:06:34,-141.712253571009,-34.279163837674,0,26,26,26,14,-34.279163837674
01-Aug-2026 00:06:36,-142.242948059049,-34.8098583257134,0,26,26,26,13,-34.8098583257134
01-Aug-2026 00:06:38,-142.558227791046,-35.1251380577106,0,26,26,26,13,-35.1251380577106
01-Aug-2026 00:06:40,-143.023575478284,-35.590485744949,0,26,26,26,14,-35.590485744949
01-Aug-2026 00:06:42,-143.351384511556,-35.9182947782207,0,26,26,26,14,-35.9182947782207
01-Aug-2026 00:06:44,-143.515343554721,-36.0822538213862,0,26,26,26,15,-36.0822538213862
01-Aug-2026 00:06:46,-143.187292154836,-35.7542024215012,0,26,26,26,16,-35.7542024215012
01-Aug-2026 00:06:48,-142.102659304876,-34.6695695715406,0,26,26,26,18,-34.6695695715406
01-Aug-2026 00:06:50,-146.595734038851,-39.1626443055162,0,26,26,26,17,-39.1626443055162
01-Aug-2026 00:06:52,-146.481536656043,-39.0484469227083,0,26,26,26,17,-39.0484469227083
01-Aug-2026 00:06:54,-146.466352026046,-39.0332622927111,0,25,25,25,16,-39.0332622927111
01-Aug-2026 00:06:56,-145.947540463108,-38.5144507297724,0,26,26,26,17,-38.5144507297724
01-Aug-2026 00:06:58,-146.915547162941,-39.4824574296063,0,27,27,27,17,-39.4824574296063
01-Aug-2026 00:07:00,-146.965814588928,-39.5327248555926,0,26,26,26,15,-39.5327248555926
01-Aug-2026 00:07:02,-146.74001872582,-39.3069289924852,0,25,25,25,14,-39.3069289924852
01-Aug-2026 00:07:04,-146.632409157725,-39.1993194243894,0,26,26,26,15,-39.1993194243894
01-Aug-2026 00:07:06,-146.58360008459,-39.1505103512546,0,26,26,26,14,-39.1505103512546
01-Aug-2026 00:07:08,-142.342725536116,-34.9096358027805,0,26,26,26,12,-34.9096358027805
01-Aug-2026 00:07:10,-140.565866690244,-33.1327769569091,0,26,26,26,12,-33.1327769569091
01-Aug-2026 00:07:12,-140.665033948408,-33.2319442150724,0,26,26,26,12,-33.2319442150724
01-Aug-2026 00:07:14,-142.175187536164,-34.7420978028289,0,26,26,26,12,-34.7420978028289
01-Aug-2026 00:07:16,-145.196424152984,-37.7633344196492,0,26,26,26,12,-37.7633344196492
01-Aug-2026 00:07:18,-144.736847248452,-37.3037575151169,0,26,26,26,13,-37.3037575151169
01-Aug-2026 00:07:20,-144.767468178683,-37.3343784453482,0,26,26,26,12,-37.3343784453482
01-Aug-2026 00:07:22,-144.460151308451,-37.0270615751163,0,26,26,26,11,-37.0270615751163
01-Aug-2026 00:07:24,-138.628502864431,-31.1954131310959,0,26,26,26,12,-31.1954131310959
01-Aug-2026 00:07:26,-138.660543698797,-31.227453965462,0,25,25,25,11,-31.227453965462
01-Aug-2026 00:07:28,-138.401266312098,-30.9681765787626,0,24,24,24,8,-30.9681765787626
01-Aug-2026 00:07:30,-137.576022639779,-30.142932906444,0,24,24,24,9,-30.142932906444
01-Aug-2026 00:07:32,-137.178249001872,-29.7451592685364,0,25,25,25,10,-29.7451592685364
01-Aug-2026 00:07:34,-138.780343610035,-31.3472538766998,0,25,25,25,9,-31.3472538766998
01-Aug-2026 00:07:36,-139.268158160973,-31.8350684276382,0,25,25,25,8,-31.8350684276382
01-Aug-2026 00:07:38,-139.479032966654,-32.0459432333189,0,25,25,25,8,-32.0459432333189
01-Aug-2026 00:07:40,-139.149370229275,-31.7162804959399,0,25,25,25,9,-31.7162804959399
01-Aug-2026 00:07:42,-139.619299572663,-32.186209839328,0,25,25,25,9,-32.186209839328
01-Aug-2026 00:07:44,-140.028663232051,-32.595573498716,0,25,25,25,11,-32.595573498716
01-Aug-2026 00:07:46,-139.690474641965,-32.2573849086299,0,25,25,25,11,-32.2573849086299
01-Aug-2026 00:07:48,-139.512020906179,-32.0789311728434,0,25,25,25,10,-32.0789311728434
01-Aug-2026 00:07:50,-143.752655067482,-36.3195653341473,0,24,24,24,8,-36.3195653341473
01-Aug-2026 00:07:52,-144.201381851068,-36.7682921177329,0,24,24,24,8,-36.7682921177329
01-Aug-2026 00:07:54,-144.988862593313,-37.5557728599777,0,24,24,24,7,-37.5557728599777
01-Aug-2026 00:07:56,-145.614899570938,-38.1818098376033,0,24,24,24,8,-38.1818098376033
01-Aug-2026 00:07:58,-138.556758160648,-31.1236684273126,0,24,24,24,8,-31.1236684273126
01-Aug-2026 00:08:00,-138.807299495107,-31.3742097617715,0,25,25,25,8,-31.3742097617715
01-Aug-2026 00:08:02,-138.958093985967,-31.5250042526323,0,25,25,25,9,-31.5250042526323
01-Aug-2026 00:08:04,-139.292652325678,-31.859562592343,0,25,25,25,9,-31.859562592343
01-Aug-2026 00:08:06,-139.652210817421,-32.2191210840858,0,25,25,25,10,-32.2191210840858
01-Aug-2026 00:08:08,-139.960903928078,-32.5278141947433,0,25,25,25,10,-32.5278141947433
01-Aug-2026 00:08:10,-139.275207544168,-31.8421178108328,0,25,25,25,10,-31.8421178108328
01-Aug-2026 00:08:12,-139.557095123372,-32.1240053900364,0,25,25,25,12,-32.1240053900364
01-Aug-2026 00:08:14,-139.430890308551,-31.9978005752155,0,25,25,25,12,-31.9978005752155
01-Aug-2026 00:08:16,-139.552129215772,-32.119039482437,0,25,25,25,12,-32.119039482437
01-Aug-2026 00:08:18,-139.446871223207,-32.013781489872,0,25,25,25,11,-32.013781489872
01-Aug-2026 00:08:20,-139.847842434988,-32.4147527016529,0,25,25,25,10,-32.4147527016529
01-Aug-2026 00:08:22,-140.130734459674,-32.6976447263393,0,24,24,24,7,-32.6976447263393
01-Aug-2026 00:08:24,-139.932555831136,-32.4994660978012,0,24,24,24,8,-32.4994660978012
01-Aug-2026 00:08:26,-140.371643689147,-32.9385539558118,0,24,24,24,9,-32.9385539558118
01-Aug-2026 00:08:28,-140.202596205413,-32.7695064720774,0,24,24,24,10,-32.7695064720774
01-Aug-2026 00:08:30,-140.361909276865,-32.9288195435298,0,24,24,24,12,-32.9288195435298
01-Aug-2026 00:08:32,-141.283258463594,-33.8501687302593,0,25,25,25,14,-33.8501687302593
01-Aug-2026 00:08:34,-142.048875095143,-34.615785361808,0,25,25,25,13,-34.615785361808
01-Aug-2026 00:08:36,-141.751953191052,-34.3188634577172,0,25,25,25,13,-34.3188634577172
01-Aug-2026 00:08:38,-142.024828183027,-34.5917384496922,0,26,26,26,12,-34.5917384496922
01-Aug-2026 00:08:40,-161.229734759123,-53.7966450257877,0,26,26,26,11,-53.7966450257877
01-Aug-2026 00:08:42,-161.254385763745,-53.8212960304095,0,26,26,26,11,-53.8212960304095
01-Aug-2026 00:08:44,-161.169694934406,-53.7366052010711,0,26,26,26,11,-53.7366052010711
01-Aug-2026 00:08:46,-161.108540300601,-53.675450567266,0,26,26,26,11,-53.675450567266
01-Aug-2026 00:08:48,-161.171228931507,-53.7381391981714,0,26,26,26,13,-53.7381391981714
01-Aug-2026 00:08:50,-161.371701950253,-53.9386122169183,0,26,26,26,14,-53.9386122169183
01-Aug-2026 00:08:52,-161.309729836971,-53.876640103636,0,26,26,26,14,-53.876640103636
01-Aug-2026 00:08:54,-160.699796299147,-53.2667065658118,0,26,26,26,13,-53.2667065658118
01-Aug-2026 00:08:56,-158.092573851349,-50.659484118014,0,26,26,26,15,-50.659484118014
01-Aug-2026 00:08:58,-158.182708130045,-50.7496183967098,0,26,26,26,15,-50.7496183967098
01-Aug-2026 00:09:00,-158.107362322369,-50.6742725890338,0,26,26,26,16,-50.6742725890338
01-Aug-2026 00:09:02,-149.631441595292,-42.1983518619569,0,26,26,26,14,-42.1983518619569
01-Aug-2026 00:09:04,-149.405409153059,-41.9723194197234,0,25,25,25,13,-41.9723194197234
01-Aug-2026 00:09:06,-149.099174493901,-41.6660847605656,0,25,25,25,12,-41.6660847605656
01-Aug-2026 00:09:08,-149.210148188769,-41.7770584554339,0,24,24,24,12,-41.7770584554339
01-Aug-2026 00:09:10,-148.550425674346,-41.1173359410111,0,24,24,24,11,-41.1173359410111
01-Aug-2026 00:09:12,-148.589577411936,-41.1564876786013,0,24,24,24,11,-41.1564876786013
01-Aug-2026 00:09:14,-158.637193441266,-51.2041037079304,0,24,24,24,11,-51.2041037079304
01-Aug-2026 00:09:16,-142.831393504427,-35.3983037710921,0,24,24,24,15,-35.3983037710921
01-Aug-2026 00:09:18,-143.194100167509,-35.7610104341736,0,24,24,24,14,-35.7610104341736
01-Aug-2026 00:09:20,-144.558877954431,-37.1257882210962,0,24,24,24,14,-37.1257882210962
01-Aug-2026 00:09:22,-144.939209710392,-37.5061199770568,0,24,24,24,13,-37.5061199770568
01-Aug-2026 00:09:24,-145.599927444633,-38.1668377112981,0,24,24,24,11,-38.1668377112981
01-Aug-2026 00:09:26,-145.998861338389,-38.5657716050536,0,24,24,24,11,-38.5657716050536
01-Aug-2026 00:09:28,-143.665682118864,-36.2325923855292,0,24,24,24,10,-36.2325923855292
01-Aug-2026 00:09:30,-146.613977629585,-39.1808878962502,0,25,25,25,10,-39.1808878962502
01-Aug-2026 00:09:32,-146.473590634507,-39.0405009011722,0,25,25,25,10,-39.0405009011722
01-Aug-2026 00:09:34,-147.866616270176,-40.4335265368413,0,26,26,26,13,-40.4335265368413
01-Aug-2026 00:09:36,-147.439639416504,-40.0065496831689,0,25,25,25,14,-40.0065496831689
01-Aug-2026 00:09:38,-147.059407419537,-39.6263176862016,0,25,25,25,14,-39.6263176862016
01-Aug-2026 00:09:40,-147.148655990408,-39.7155662570724,0,25,25,25,14,-39.7155662570724
01-Aug-2026 00:09:42,-146.404231778946,-38.9711420456109,0,25,25,25,13,-38.9711420456109
01-Aug-2026 00:09:44,-146.919428621587,-39.4863388882519,0,25,25,25,13,-39.4863388882519
01-Aug-2026 00:09:46,-146.487156425091,-39.0540666917557,0,25,25,25,12,-39.0540666917557
01-Aug-2026 00:09:48,-146.814961042227,-39.3818713088922,0,25,25,25,12,-39.3818713088922
01-Aug-2026 00:09:50,-145.412053225313,-37.9789634919778,0,25,25,25,13,-37.9789634919778
01-Aug-2026 00:09:52,-145.762697682785,-38.3296079494494,0,25,25,25,12,-38.3296079494494
01-Aug-2026 00:09:54,-144.388889378033,-36.9557996446978,0,25,25,25,12,-36.9557996446978
01-Aug-2026 00:09:56,-144.679023666354,-37.2459339330185,0,25,25,25,11,-37.2459339330185
01-Aug-2026 00:09:58,-144.77363915341,-37.3405494200744,0,25,25,25,11,-37.3405494200744
01-Aug-2026 00:10:00,-144.584198719352,-37.1511089860165,0,25,25,25,12,-37.1511089860165
01-Aug-2026 00:10:02,-144.121866229124,-36.6887764957889,0,25,25,25,11,-36.6887764957889
01-Aug-2026 00:10:04,-144.831363760791,-37.3982740274554,0,25,25,25,12,-37.3982740274554
01-Aug-2026 00:10:06,-150.264581420169,-42.8314916868341,0,25,25,25,13,-42.8314916868341
01-Aug-2026 00:10:08,-150.624942451551,-43.1918527182156,0,25,25,25,12,-43.1918527182156
01-Aug-2026 00:10:10,-126.284571388515,-18.8514816551803,0,25,25,25,11,-18.8514816551803
01-Aug-2026 00:10:12,-125.187319018496,-17.7542292851604,0,25,25,25,13,-17.7542292851604
01-Aug-2026 00:10:14,-123.774714808593,-16.3416250752575,0,25,25,25,11,-16.3416250752575
01-Aug-2026 00:10:16,-123.598569256162,-16.1654795228271,0,26,26,26,12,-16.1654795228271
01-Aug-2026 00:10:18,-122.670910893593,-15.2378211602578,0,26,26,26,12,-15.2378211602578
01-Aug-2026 00:10:20,-136.210632610831,-28.7775428774962,0,26,26,26,11,-28.7775428774962
01-Aug-2026 00:10:22,-136.346874225274,-28.9137844919384,0,26,26,26,10,-28.9137844919384
01-Aug-2026 00:10:24,-136.78636587693,-29.3532761435949,0,26,26,26,10,-29.3532761435949
01-Aug-2026 00:10:26,-136.18630505279,-28.7532153194549,0,26,26,26,10,-28.7532153194549
01-Aug-2026 00:10:28,-135.877106009522,-28.444016276187,0,26,26,26,12,-28.444016276187
01-Aug-2026 00:10:30,-152.055143354812,-44.6220536214766,0,26,26,26,12,-44.6220536214766
01-Aug-2026 00:10:32,-152.091374295523,-44.6582845621876,0,26,26,26,11,-44.6582845621876
01-Aug-2026 00:10:34,-147.020317880806,-39.5872281474703,0,26,26,26,13,-39.5872281474703
01-Aug-2026 00:10:36,-146.366975758545,-38.93388602521,0,26,26,26,13,-38.93388602521
01-Aug-2026 00:10:38,-146.533182162929,-39.1000924295937,0,26,26,26,13,-39.1000924295937
01-Aug-2026 00:10:40,-146.571178133079,-39.138088399744,0,26,26,26,12,-39.138088399744
01-Aug-2026 00:10:42,-146.071771814339,-38.6386820810038,0,26,26,26,12,-38.6386820810038
01-Aug-2026 00:10:44,-145.876975870932,-38.443886137597,0,26,26,26,13,-38.5628774379592
01-Aug-2026 00:10:46,-145.561093427298,-38.128003693963,0,26,26,26,13,-38.128003693963
01-Aug-2026 00:10:48,-150.418416037248,-42.9853263039133,0,27,27,27,12,-42.9853263039133
01-Aug-2026 00:10:50,-151.121381900839,-43.6882921675033,0,27,27,27,12,-43.6882921675033
01-Aug-2026 00:10:52,-151.27928859679,-43.8461988634544,0,28,28,28,13,-43.8461988634544
01-Aug-2026 00:10:54,-151.291936105951,-43.8588463726154,0,27,27,27,14,-43.8588463726154
01-Aug-2026 00:10:56,-151.405073541354,-43.971983808019,0,26,26,26,13,-43.971983808019
01-Aug-2026 00:10:58,-140.47658699972,-33.0434972663851,0,26,26,26,11,-33.0434972663851
01-Aug-2026 00:11:00,-140.985560742859,-33.5524710095237,0,26,26,26,10,-33.5524710095237
01-Aug-2026 00:11:02,-125.231666898508,-17.7985771651724,0,26,26,26,11,-17.7985771651724
01-Aug-2026 00:11:04,-125.296471351465,-17.8633816181294,0,26,26,26,16,-17.8633816181294
01-Aug-2026 00:11:06,-124.299201826365,-16.8661120930294,0,26,26,26,15,-16.8661120930294
01-Aug-2026 00:11:08,-123.93508716394,-16.5019974306052,0,26,26,26,15,-16.5019974306052
01-Aug-2026 00:11:10,-125.256247422753,-17.8231576894174,0,26,26,26,13,-17.8231576894174
01-Aug-2026 00:11:12,-125.680896329433,-18.2478065960974,0,26,26,26,12,-18.2478065960974
01-Aug-2026 00:11:14,-126.333297659568,-18.9002079262332,0,26,26,26,12,-18.9002079262332
01-Aug-2026 00:11:16,-126.621013887886,-19.1879241545504,0,26,26,26,12,-19.1879241545504
01-Aug-2026 00:11:18,-128.106417720627,-20.673327987292,0,25,25,25,12,-20.673327987292
01-Aug-2026 00:11:20,-128.906556378615,-21.4734666452801,0,24,24,24,14,-21.4734666452801
01-Aug-2026 00:11:22,-129.807647690186,-22.3745579568505,0,24,24,24,13,-22.3745579568505
01-Aug-2026 00:11:24,-130.030239495429,-22.5971497620936,0,24,24,24,13,-22.5971497620936
01-Aug-2026 00:11:26,-129.152957211439,-21.7198674781041,0,24,24,24,14,-21.7198674781041
01-Aug-2026 00:11:28,-128.325877838408,-20.8927881050732,0,25,25,25,15,-20.8927881050732
01-Aug-2026 00:11:30,-140.179511059684,-32.7464213263491,0,25,25,25,15,-32.7464213263491
01-Aug-2026 00:11:32,-140.371780961578,-32.9386912282428,0,25,25,25,17,-32.9386912282428
01-Aug-2026 00:11:34,-136.370352025855,-28.93726229252,0,24,24,24,17,-28.93726229252
01-Aug-2026 00:11:36,-136.362612472531,-28.9295227391957,0,24,24,24,16,-28.9295227391957
01-Aug-2026 00:11:38,-135.84624893894,-28.4131592056049,0,25,25,25,14,-28.4131592056049
01-Aug-2026 00:11:40,-131.313685248592,-23.8805955152568,0,25,25,25,14,-23.8805955152568
01-Aug-2026 00:11:42,-133.630769398391,-26.1976796650559,0,25,25,25,14,-26.1976796650559
01-Aug-2026 00:11:44,-135.710214244517,-28.2771245111817,0,25,25,25,13,-28.2771245111817
01-Aug-2026 00:11:46,-136.187979906676,-28.7548901733409,0,25,25,25,14,-28.7548901733409
01-Aug-2026 00:11:48,-139.177409323939,-31.7443195906041,0,25,25,25,10,-31.7443195906041
01-Aug-2026 00:11:50,-143.835618876028,-36.4025291426927,0,25,25,25,10,-36.4025291426927
01-Aug-2026 00:11:52,-143.9017600439,-36.4686703105648,0,25,25,25,10,-36.4686703105648
01-Aug-2026 00:11:54,-144.064952566112,-36.6318628327765,0,25,25,25,9,-36.6318628327765
01-Aug-2026 00:11:56,-144.118184294704,-36.6850945613691,0,25,25,25,9,-36.6850945613691
01-Aug-2026 00:11:58,-150.749063572402,-43.3159738390668,0,25,25,25,9,-43.3159738390668
01-Aug-2026 00:12:00,-150.518933484336,-43.0858437510007,0,25,25,25,10,-43.0858437510007
01-Aug-2026 00:12:02,-151.649128356847,-44.2160386235115,0,25,25,25,12,-44.2160386235115
01-Aug-2026 00:12:04,-151.795843646388,-44.3627539130526,0,25,25,25,11,-44.3627539130526
01-Aug-2026 00:12:06,-151.100897300032,-43.6678075666972,0,24,24,24,10,-43.6678075666972
01-Aug-2026 00:12:08,-151.529454675213,-44.0963649418775,0,24,24,24,9,-44.0963649418775
01-Aug-2026 00:12:10,-151.518887070609,-44.0857973372738,0,24,24,24,8,-44.0857973372738
01-Aug-2026 00:12:12,-151.137055106286,-43.7039653729509,0,24,24,24,10,-43.7039653729509
01-Aug-2026 00:12:14,-151.445056374226,-44.0119666408912,0,24,24,24,10,-44.0119666408912
01-Aug-2026 00:12:16,-151.788371538083,-44.3552818047476,0,24,24,24,9,-44.3552818047476
01-Aug-2026 00:12:18,-151.760669175068,-44.3275794417328,0,24,24,24,9,-44.3275794417328
01-Aug-2026 00:12:20,-152.328779499933,-44.8956897665974,0,24,24,24,8,-44.8956897665974
01-Aug-2026 00:12:22,-152.306054288097,-44.8729645547613,0,24,24,24,9,-44.8729645547613
01-Aug-2026 00:12:24,-152.144691231121,-44.7116014977863,0,25,25,25,9,-44.7116014977863
01-Aug-2026 00:12:26,-152.165587236099,-44.7324975027643,0,25,25,25,10,-44.7324975027643
01-Aug-2026 00:12:28,-152.097685060004,-44.664595326669,0,26,26,26,10,-44.664595326669
01-Aug-2026 00:12:30,-151.458038786898,-44.0249490535628,0,26,26,26,10,-44.0249490535628
01-Aug-2026 00:12:32,-151.583956482708,-44.1508667493729,0,26,26,26,9,-44.1508667493729
01-Aug-2026 00:12:34,-151.477855919803,-44.044766186468,0,26,26,26,8,-44.044766186468
01-Aug-2026 00:12:36,-151.559898938662,-44.1268092053266,0,26,26,26,7,-44.1268092053266
01-Aug-2026 00:12:38,-147.402694783117,-39.9696050497821,0,26,26,26,9,-39.9696050497821
01-Aug-2026 00:12:40,-147.521324030919,-40.0882342975834,0,26,26,26,10,-40.0882342975834
01-Aug-2026 00:12:42,-147.674014086425,-40.2409243530894,0,26,26,26,10,-40.2409243530894
01-Aug-2026 00:12:44,-147.442797485475,-40.0097077521403,0,27,27,27,12,-40.0097077521403
01-Aug-2026 00:12:46,-146.475832907437,-39.042743174102,0,26,26,26,11,-39.042743174102
01-Aug-2026 00:12:48,-143.901920132375,-36.4688303990402,0,26,26,26,13,-36.4688303990402
01-Aug-2026 00:12:50,-142.328176772189,-34.8950870388537,0,26,26,26,12,-34.8950870388537
01-Aug-2026 00:12:52,-139.394223762305,-31.9611340289703,0,25,25,25,10,-31.9611340289703
01-Aug-2026 00:12:54,-148.515586831468,-41.082497098133,0,25,25,25,7,-41.082497098133
01-Aug-2026 00:12:56,-148.446310898831,-41.0132211654959,0,25,25,25,7,-41.0132211654959
01-Aug-2026 00:12:58,-148.942847425756,-41.5097576924204,0,25,25,25,6,-41.5097576924204
01-Aug-2026 00:13:00,-149.045379708299,-41.6122899749641,0,24,24,24,7,-41.6122899749641
01-Aug-2026 00:13:02,-142.926154517099,-35.4930647837639,0,24,24,24,8,-35.4930647837639
01-Aug-2026 00:13:04,-143.393262576898,-35.9601728435629,0,24,24,24,7,-35.9601728435629
01-Aug-2026 00:13:06,-143.422827264908,-35.9897375315728,0,24,24,24,7,-35.9897375315728
01-Aug-2026 00:13:08,-143.936975867367,-36.5038861340317,0,24,24,24,6,-36.5038861340317
01-Aug-2026 00:13:10,-143.243824330397,-35.8107345970619,0,24,24,24,7,-35.8107345970619
01-Aug-2026 00:13:12,-143.949208210794,-36.5161184774584,0,24,24,24,7,-36.5161184774584
01-Aug-2026 00:13:14,-144.141434500372,-36.7083447670364,0,24,24,24,9,-36.7083447670364
01-Aug-2026 00:13:16,-144.248498647517,-36.8154089141813,0,25,25,25,10,-36.8154089141813
01-Aug-2026 00:13:18,-143.827591239575,-36.3945015062401,0,25,25,25,9,-36.3945015062401
01-Aug-2026 00:13:20,-143.666390242028,-36.2333005086929,0,25,25,25,11,-36.2333005086929
01-Aug-2026 00:13:22,-143.618334411419,-36.1852446780842,0,25,25,25,11,-36.1852446780842
01-Aug-2026 00:13:24,-143.819561122846,-36.3864713895112,0,24,24,24,10,-36.3864713895112
01-Aug-2026 00:13:26,-144.029903164405,-36.5968134310701,0,24,24,24,10,-36.5968134310701
01-Aug-2026 00:13:28,-144.105731105407,-36.6726413720713,0,25,25,25,10,-36.6726413720713
01-Aug-2026 00:13:30,-144.090334569843,-36.6572448365076,0,25,25,25,12,-36.6572448365076
01-Aug-2026 00:13:32,-145.31873473461,-37.8856450012752,0,25,25,25,11,-37.8856450012752
01-Aug-2026 00:13:34,-145.670880705654,-38.2377909723183,0,25,25,25,12,-38.2377909723183
01-Aug-2026 00:13:36,-145.866718761515,-38.4336290281801,0,25,25,25,12,-38.4336290281801
01-Aug-2026 00:13:38,-146.1287323899,-38.6956426565645,0,25,25,25,14,-38.6956426565645
01-Aug-2026 00:13:40,-145.705644296148,-38.2725545628124,0,25,25,25,15,-38.2725545628124
01-Aug-2026 00:13:42,-146.103044365369,-38.6699546320334,0,25,25,25,14,-38.6699546320334
01-Aug-2026 00:13:44,-146.502946824251,-39.0698570909156,0,25,25,25,14,-39.0698570909156
01-Aug-2026 00:13:46,-146.421372125672,-38.9882823923363,0,25,25,25,15,-38.9882823923363
01-Aug-2026 00:13:48,-146.321874139259,-38.8887844059237,0,25,25,25,15,-38.8887844059237
01-Aug-2026 00:13:50,-146.273480667713,-38.8403909343778,0,25,25,25,14,-38.8403909343778
01-Aug-2026 00:13:52,-146.180589660326,-38.7474999269913,0,25,25,25,15,-38.7474999269913
01-Aug-2026 00:13:54,-146.41274131138,-38.979651578045,0,25,25,25,14,-38.979651578045
01-Aug-2026 00:13:56,-146.551115274625,-39.1180255412897,0,25,25,25,13,-39.1180255412897
01-Aug-2026 00:13:58,-148.931121126974,-41.4980313936389,0,25,25,25,14,-41.4980313936389
01-Aug-2026 00:14:00,-141.140357051073,-33.7072673177381,0,25,25,25,14,-33.7072673177381
01-Aug-2026 00:14:02,-136.356189267866,-28.9230995345312,0,25,25,25,14,-28.9230995345312
01-Aug-2026 00:14:04,-135.572914924781,-28.1398251914455,0,25,25,25,14,-28.1398251914455
01-Aug-2026 00:14:06,-135.460477765737,-28.0273880324021,0,26,26,26,15,-28.0273880324021
01-Aug-2026 00:14:08,-135.121484433806,-27.6883947004704,0,26,26,26,15,-27.6883947004704
01-Aug-2026 00:14:10,-154.716336864144,-47.2832471308092,0,26,26,26,15,-47.2832471308092
01-Aug-2026 00:14:12,-154.673226818375,-47.2401370850395,0,26,26,26,14,-47.2401370850395
01-Aug-2026 00:14:14,-154.586997502496,-47.1539077691604,0,26,26,26,15,-47.1539077691604
01-Aug-2026 00:14:16,-155.070956217698,-47.637866484363,0,26,26,26,14,-47.637866484363
01-Aug-2026 00:14:18,-155.215293504438,-47.7822037711033,0,26,26,26,14,-47.7822037711033
01-Aug-2026 00:14:20,-155.151747187953,-47.7186574546174,0,26,26,26,15,-47.7186574546174
01-Aug-2026 00:14:22,-155.289315036525,-47.85622530319,0,26,26,26,13,-47.85622530319
01-Aug-2026 00:14:24,-140.997858323237,-33.5647685899018,0,26,26,26,13,-33.5647685899018
01-Aug-2026 00:14:26,-141.316722009271,-33.8836322759357,0,26,26,26,14,-33.8836322759357
01-Aug-2026 00:14:28,-142.172195351823,-34.7391056184879,0,26,26,26,13,-34.7391056184879
01-Aug-2026 00:14:30,-137.652448646545,-30.2193589132096,0,26,26,26,14,-30.2193589132096
01-Aug-2026 00:14:32,-138.433964669443,-31.0008749361082,0,26,26,26,14,-31.0008749361082
01-Aug-2026 00:14:34,-139.184609137979,-31.7515194046439,0,27,27,27,14,-31.7515194046439
01-Aug-2026 00:14:36,-139.515671479358,-32.0825817460227,0,27,27,27,15,-32.0825817460227
01-Aug-2026 00:14:38,-136.520106746743,-29.0870170134078,0,27,27,27,14,-29.0870170134078
01-Aug-2026 00:14:40,-136.658619960015,-29.2255302266795,0,29,29,29,14,-29.2255302266795
01-Aug-2026 00:14:42,-137.551292116636,-30.1182023833005,0,29,29,29,16,-30.1182023833005
01-Aug-2026 00:14:44,-140.086096759512,-32.6530070261768,0,28,28,28,17,-32.6530070261768
01-Aug-2026 00:14:46,-140.448397603827,-33.0153078704921,0,27,27,27,16,-33.0153078704921
01-Aug-2026 00:14:48,-138.662343887282,-31.2292541539466,0,27,27,27,15,-31.2292541539466
01-Aug-2026 00:14:50,-138.771079275647,-31.3379895423115,0,27,27,27,14,-31.3379895423115
01-Aug-2026 00:14:52,-138.686417021222,-31.2533272878871,0,26,26,26,14,-31.2533272878871
01-Aug-2026 00:14:54,-139.554278053745,-32.1211883204099,0,26,26,26,14,-32.1211883204099
01-Aug-2026 00:14:56,-139.639342901486,-32.2062531681513,0,26,26,26,13,-32.2062531681513
01-Aug-2026 00:14:58,-140.176618670626,-32.7435289372907,0,26,26,26,13,-32.7435289372907
01-Aug-2026 00:15:00,-140.714184732725,-33.2810949993895,0,26,26,26,13,-33.2810949993895
01-Aug-2026 00:15:02,-143.69519819801,-36.262108464675,0,26,26,26,10,-36.262108464675
01-Aug-2026 00:15:04,-142.163965673663,-34.7308759403274,0,26,26,26,11,-34.7308759403274
01-Aug-2026 00:15:06,-142.497162413418,-35.064072680083,0,26,26,26,12,-35.064072680083
01-Aug-2026 00:15:08,-148.895210276318,-41.4621205429825,0,25,25,25,11,-41.4621205429825
01-Aug-2026 00:15:10,-148.796025744578,-41.3629360112423,0,25,25,25,13,-41.3629360112423
01-Aug-2026 00:15:12,-145.714345611355,-38.2812558780197,0,24,24,24,13,-38.2812558780197
01-Aug-2026 00:15:14,-141.520643176038,-34.0875534427031,0,25,25,25,13,-34.0875534427031
01-Aug-2026 00:15:16,-141.445959520609,-34.0128697872743,0,25,25,25,13,-34.0128697872743
01-Aug-2026 00:15:18,-143.016772398108,-35.5836826647728,0,24,24,24,12,-35.5836826647728
01-Aug-2026 00:15:20,-143.321121639037,-35.8880319057015,0,24,24,24,11,-35.8880319057015
01-Aug-2026 00:15:22,-143.744366636742,-36.3112769034068,0,24,24,24,11,-36.3112769034068
01-Aug-2026 00:15:24,-144.182672464176,-36.7495827308408,0,25,25,25,12,-36.7495827308408
01-Aug-2026 00:15:26,-144.165398856809,-36.7323091234734,0,25,25,25,12,-36.7323091234734
01-Aug-2026 00:15:28,-144.242074134724,-36.8089844013893,0,25,25,25,13,-36.8089844013893
01-Aug-2026 00:15:30,-144.049745022319,-36.6166552889839,0,25,25,25,13,-36.6166552889839
01-Aug-2026 00:15:32,-144.446397935495,-37.0133082021594,0,25,25,25,12,-37.0133082021594
01-Aug-2026 00:15:34,-144.708370360693,-37.2752806273577,0,25,25,25,12,-37.2752806273577
01-Aug-2026 00:15:36,-141.388010966246,-33.9549212329113,0,25,25,25,10,-33.9549212329113
01-Aug-2026 00:15:38,-144.952586319242,-37.5194965859068,0,25,25,25,11,-37.5194965859068
01-Aug-2026 00:15:40,-148.650722859141,-41.217633125806,0,25,25,25,10,-41.217633125806
01-Aug-2026 00:15:42,-162.775594227359,-55.3425044940242,0,25,25,25,11,-55.3425044940242
01-Aug-2026 00:15:44,-160.767846158783,-53.3347564254477,0,25,25,25,11,-53.3347564254477
01-Aug-2026 00:15:46,-154.779319858559,-47.3462301252241,0,25,25,25,11,-47.3462301252241
01-Aug-2026 00:15:48,-154.81456023864,-47.3814705053049,0,25,25,25,9,-47.3814705053049
01-Aug-2026 00:15:50,-153.985785474995,-46.5526957416596,0,25,25,25,11,-46.5526957416596
01-Aug-2026 00:15:52,-154.422284144015,-46.98919441068,0,24,24,24,11,-46.98919441068
01-Aug-2026 00:15:54,-155.223960623344,-47.790870890009,0,24,24,24,11,-47.790870890009
01-Aug-2026 00:15:56,-154.732125612941,-47.2990358796061,0,24,24,24,11,-47.2990358796061
01-Aug-2026 00:15:58,-154.599999354873,-47.1669096215383,0,24,24,24,11,-47.1669096215383
01-Aug-2026 00:16:00,-154.137086662719,-46.7039969293834,0,24,24,24,10,-46.7039969293834
01-Aug-2026 00:16:02,-154.520519045156,-47.087429311821,0,24,24,24,11,-47.087429311821
01-Aug-2026 00:16:04,-154.022050423671,-46.588960690336,0,24,24,24,10,-46.588960690336
01-Aug-2026 00:16:06,-151.018088156469,-43.5849984231336,0,24,24,24,12,-43.5849984231336
01-Aug-2026 00:16:08,-145.729056809722,-38.2959670763868,0,24,24,24,13,-38.2959670763868
01-Aug-2026 00:16:10,-146.168424289659,-38.7353345563233,0,24,24,24,11,-38.7353345563233
01-Aug-2026 00:16:12,-146.502806439617,-39.0697167062817,0,24,24,24,11,-39.0697167062817
01-Aug-2026 00:16:14,-147.007065098463,-39.573975365128,0,24,24,24,11,-39.573975365128
01-Aug-2026 00:16:16,-147.203797097712,-39.7707073643764,0,25,25,25,13,-39.7707073643764
01-Aug-2026 00:16:18,-146.180314374232,-38.7472246408972,0,26,26,26,13,-38.7472246408972
01-Aug-2026 00:16:20,-146.552296846219,-39.1192071128843,0,26,26,26,13,-39.1192071128843
01-Aug-2026 00:16:22,-147.367905893377,-39.9348161600422,0,26,26,26,13,-39.9348161600422
01-Aug-2026 00:16:24,-147.273989182267,-39.8408994489316,0,26,26,26,13,-39.8408994489316
01-Aug-2026 00:16:26,-148.052777605416,-40.6196878720806,0,26,26,26,13,-40.6196878720806
01-Aug-2026 00:16:28,-147.913638974947,-40.4805492416119,0,26,26,26,14,-40.4805492416119
01-Aug-2026 00:16:30,-148.032154188325,-40.5990644549897,0,26,26,26,14,-40.5990644549897
01-Aug-2026 00:16:32,-149.273934532663,-41.8408447993281,0,26,26,26,13,-41.8408447993281
01-Aug-2026 00:16:34,-149.047120985171,-41.6140312518356,0,26,26,26,12,-41.6140312518356
01-Aug-2026 00:16:36,-149.022964130836,-41.5898743975004,0,27,27,27,14,-41.5898743975004
01-Aug-2026 00:16:38,-148.539867521632,-41.1067777882965,0,26,26,26,16,-41.1067777882965
01-Aug-2026 00:16:40,-148.671402678005,-41.2383129446694,0,25,25,25,15,-41.2383129446694
01-Aug-2026 00:16:42,-148.5287215437,-41.0956318103644,0,25,25,25,17,-41.0956318103644
01-Aug-2026 00:16:44,-147.950355325472,-40.5172655921365,0,25,25,25,17,-40.5172655921365
01-Aug-2026 00:16:46,-148.134282613554,-40.7011928802188,0,25,25,25,17,-40.7011928802188
01-Aug-2026 00:16:48,-148.464799888146,-41.0317101548106,0,25,25,25,15,-41.0317101548106
01-Aug-2026 00:16:50,-148.800803817202,-41.3677140838673,0,25,25,25,16,-41.3677140838673
01-Aug-2026 00:16:52,-152.573566483693,-45.1404767503577,0,24,24,24,13,-45.1404767503577
01-Aug-2026 00:16:54,-152.858752890566,-45.4256631572303,0,24,24,24,13,-45.4256631572303
01-Aug-2026 00:16:56,-152.87914219258,-45.4460524592451,0,24,24,24,13,-45.4460524592451
01-Aug-2026 00:16:58,-152.782412017543,-45.3493222842078,0,24,24,24,13,-45.3493222842078
01-Aug-2026 00:17:00,-152.752289575124,-45.3191998417885,0,24,24,24,14,-45.3191998417885
01-Aug-2026 00:17:02,-153.245657587905,-45.8125678545696,0,24,24,24,14,-45.8125678545696
01-Aug-2026 00:17:04,-153.531219655372,-46.0981299220366,0,25,25,25,14,-46.0981299220366
01-Aug-2026 00:17:06,-156.944911939433,-49.5118222060979,0,25,25,25,13,-49.5118222060979
01-Aug-2026 00:17:08,-156.672274888646,-49.239185155311,0,25,25,25,13,-49.239185155311
01-Aug-2026 00:17:10,-156.710135907371,-49.2770461740355,0,24,24,24,12,-49.2770461740355
01-Aug-2026 00:17:12,-156.637572283255,-49.2044825499198,0,24,24,24,11,-49.2044825499198
01-Aug-2026 00:17:14,-156.474567683488,-49.0414779501525,0,24,24,24,12,-49.0414779501525
01-Aug-2026 00:17:16,-151.022071331441,-43.5889815981056,0,24,24,24,14,-43.5889815981056
01-Aug-2026 00:17:18,-141.136952505681,-33.7038627723454,0,24,24,24,14,-33.7038627723454
01-Aug-2026 00:17:20,-152.165037816558,-44.731948083223,0,25,25,25,12,-44.731948083223
01-Aug-2026 00:17:22,-151.162935030021,-43.729845296686,0,26,26,26,14,-43.729845296686
01-Aug-2026 00:17:24,-151.297533093008,-43.8644433596723,0,26,26,26,14,-43.8644433596723
01-Aug-2026 00:17:26,-151.60174110766,-44.1686513743248,0,26,26,26,14,-44.1686513743248
01-Aug-2026 00:17:28,-151.797390381246,-44.3643006479104,0,26,26,26,15,-44.3643006479104
01-Aug-2026 00:17:30,-151.730537808282,-44.2974480749469,0,26,26,26,14,-44.2974480749469
01-Aug-2026 00:17:32,-152.033716669039,-44.6006269357034,0,26,26,26,13,-44.6006269357034
01-Aug-2026 00:17:34,-152.409643356728,-44.9765536233928,0,26,26,26,12,-44.9765536233928
01-Aug-2026 00:17:36,-152.388842102402,-44.9557523690668,0,26,26,26,11,-44.9557523690668
01-Aug-2026 00:17:38,-152.420120117607,-44.9870303842716,0,26,26,26,12,-44.9870303842716
01-Aug-2026 00:17:40,-153.335069305099,-45.9019795717641,0,26,26,26,11,-45.9019795717641
01-Aug-2026 00:17:42,-153.075196174422,-45.6421064410872,0,26,26,26,10,-45.6421064410872
01-Aug-2026 00:17:44,-153.25071510268,-45.8176253693449,0,26,26,26,11,-45.8176253693449
01-Aug-2026 00:17:46,-158.021680542696,-50.5885908093608,0,26,26,26,10,-50.5885908093608
01-Aug-2026 00:17:48,-157.441803502022,-50.0087137686867,0,26,26,26,12,-50.0087137686867
01-Aug-2026 00:17:50,-157.492124930134,-50.0590351967991,0,26,26,26,12,-50.0590351967991
01-Aug-2026 00:17:52,-157.540236640363,-50.1071469070281,0,26,26,26,12,-50.1071469070281
01-Aug-2026 00:17:54,-153.351464402674,-45.9183746693388,0,26,26,26,13,-45.9183746693388
01-Aug-2026 00:17:56,-164.285704405123,-56.8526146717877,0,27,27,27,14,-56.8526146717877
01-Aug-2026 00:17:58,-164.391720689844,-56.9586309565087,0,27,27,27,14,-56.9586309565087
01-Aug-2026 00:18:00,-164.529057995217,-57.0959682618817,0,27,27,27,13,-57.0959682618817
01-Aug-2026 00:18:02,-156.891003459273,-49.4579137259379,0,27,27,27,15,-49.4579137259379
01-Aug-2026 00:18:04,-156.216261333214,-48.7831715998788,0,27,27,27,15,-48.7831715998788
01-Aug-2026 00:18:06,-156.348655023918,-48.9155652905824,0,27,27,27,14,-48.9155652905824
01-Aug-2026 00:18:08,-156.619745882265,-49.1866561489296,0,27,27,27,14,-49.1866561489296
01-Aug-2026 00:18:10,-142.953601502453,-35.5205117691182,0,27,27,27,19,-18.806908696327
01-Aug-2026 00:18:12,-142.750966610346,-35.3178768770112,0,27,27,27,18,-19.1194513388894
01-Aug-2026 00:18:14,-126.903191692358,-19.4701019590231,0,27,27,27,18,-19.4701019590231
01-Aug-2026 00:18:16,-127.529562223026,-20.0964724896912,0,27,27,27,16,-20.0964724896912
01-Aug-2026 00:18:18,-127.895856795238,-20.4627670619026,0,27,27,27,14,-20.4627670619026
01-Aug-2026 00:18:20,-127.810073216653,-20.3769834833181,0,27,27,27,14,-20.3769834833181
01-Aug-2026 00:18:22,-128.383688916574,-20.950599183239,0,27,27,27,15,-20.950599183239
01-Aug-2026 00:18:24,-128.452504473582,-21.0194147402469,0,28,28,28,16,-21.0194147402469
01-Aug-2026 00:18:26,-128.133570248646,-20.7004805153109,0,28,28,28,16,-20.7004805153109
01-Aug-2026 00:18:28,-129.132103004008,-21.6990132706732,0,29,29,29,18,-21.6990132706732
01-Aug-2026 00:18:30,-139.528849173515,-32.0957594401794,0,29,29,29,19,-32.0957594401794
01-Aug-2026 00:18:32,-139.232921251899,-31.7998315185636,0,29,29,29,19,-31.7998315185636
01-Aug-2026 00:18:34,-154.896370334645,-47.4632806013095,0,28,28,28,17,-47.4632806013095
01-Aug-2026 00:18:36,-155.363588224589,-47.9304984912541,0,28,28,28,16,-47.9304984912541
01-Aug-2026 00:18:38,-146.755956219339,-39.3228664860039,0,28,28,28,17,-39.3228664860039
01-Aug-2026 00:18:40,-146.95996038379,-39.5268706504548,0,28,28,28,17,-39.5268706504548
01-Aug-2026 00:18:42,-146.930493893477,-39.4974041601423,0,28,28,28,17,-39.4974041601423
01-Aug-2026 00:18:44,-147.450793128348,-40.0177033950124,0,28,28,28,17,-40.0177033950124
01-Aug-2026 00:18:46,-147.259403389572,-39.8263136562372,0,27,27,27,15,-39.8263136562372
01-Aug-2026 00:18:48,-147.246597381289,-39.8135076479541,0,27,27,27,15,-39.8135076479541
01-Aug-2026 00:18:50,-147.63162583615,-40.1985361028146,0,27,27,27,15,-40.1985361028146
01-Aug-2026 00:18:52,-144.927535095525,-37.4944453621899,0,27,27,27,16,-37.4944453621899
01-Aug-2026 00:18:54,-145.33305102128,-37.899961287945,0,28,28,28,16,-37.899961287945
01-Aug-2026 00:18:56,-145.441996296017,-38.0089065626817,0,28,28,28,16,-38.0089065626817
01-Aug-2026 00:18:58,-145.373537275536,-37.9404475422006,0,27,27,27,16,-37.9404475422006
01-Aug-2026 00:19:00,-145.74252453089,-38.3094347975551,0,26,26,26,15,-38.3094347975551
01-Aug-2026 00:19:02,-145.190483363849,-37.7573936305138,0,26,26,26,16,-37.7573936305138
01-Aug-2026 00:19:04,-145.265871765729,-37.8327820323937,0,25,25,25,16,-37.8327820323937
01-Aug-2026 00:19:06,-145.063215339894,-37.630125606559,0,25,25,25,15,-37.630125606559
01-Aug-2026 00:19:08,-145.547549369234,-38.1144596358984,0,25,25,25,16,-38.1144596358984
01-Aug-2026 00:19:10,-145.600056619617,-38.1669668862818,0,25,25,25,16,-38.1669668862818
01-Aug-2026 00:19:12,-145.670463698915,-38.2373739655795,0,25,25,25,17,-38.2373739655795
01-Aug-2026 00:19:14,-146.105888855266,-38.6727991219308,0,25,25,25,16,-38.6727991219308
01-Aug-2026 00:19:16,-144.826654652185,-37.3935649188494,0,25,25,25,15,-37.3935649188494
01-Aug-2026 00:19:18,-144.817660446948,-37.3845707136124,0,25,25,25,15,-37.3845707136124
01-Aug-2026 00:19:20,-144.964386456651,-37.5312967233154,0,26,26,26,16,-37.5312967233154
01-Aug-2026 00:19:22,-148.146150121414,-40.7130603880783,0,26,26,26,13,-40.7130603880783
01-Aug-2026 00:19:24,-148.242650370369,-40.8095606370339,0,26,26,26,14,-40.8095606370339
01-Aug-2026 00:19:26,-150.792128963012,-43.3590392296773,0,26,26,26,13,-43.3590392296773
01-Aug-2026 00:19:28,-150.95085804838,-43.5177683150445,0,26,26,26,14,-43.5177683150445
01-Aug-2026 00:19:30,-151.045955862183,-43.6128661288474,0,26,26,26,16,-43.6128661288474
01-Aug-2026 00:19:32,-151.205136891383,-43.7720471580476,0,26,26,26,15,-43.7720471580476
01-Aug-2026 00:19:34,-150.765100529705,-43.3320107963697,0,26,26,26,17,-43.3320107963697
01-Aug-2026 00:19:36,-150.781455820651,-43.3483660873155,0,25,25,25,16,-43.3483660873155
01-Aug-2026 00:19:38,-150.912362326567,-43.4792725932321,0,25,25,25,15,-43.4792725932321
01-Aug-2026 00:19:40,-151.030508957737,-43.5974192244022,0,25,25,25,14,-43.5974192244022
01-Aug-2026 00:19:42,-147.526328676979,-40.0932389436441,0,24,24,24,12,-40.0932389436441
01-Aug-2026 00:19:44,-147.873069931803,-40.4399801984678,0,24,24,24,11,-40.4399801984678
01-Aug-2026 00:19:46,-148.488687485543,-41.0555977522076,0,24,24,24,11,-41.0555977522076
01-Aug-2026 00:19:48,-149.267742331867,-41.8346525985315,0,24,24,24,10,-41.8346525985315
01-Aug-2026 00:19:50,-149.242548786529,-41.8094590531939,0,24,24,24,11,-41.8094590531939
01-Aug-2026 00:19:52,-148.169877136495,-40.7367874031594,0,24,24,24,12,-40.7367874031594
01-Aug-2026 00:19:54,-148.369182007868,-40.9360922745328,0,24,24,24,13,-40.9360922745328
01-Aug-2026 00:19:56,-148.457027874411,-41.0239381410762,0,24,24,24,14,-41.0239381410762
01-Aug-2026 00:19:58,-148.320472331802,-40.8873825984668,0,24,24,24,15,-40.8873825984668
01-Aug-2026 00:20:00,-148.543970539832,-41.1108808064973,0,24,24,24,13,-41.1108808064973
01-Aug-2026 00:20:02,-148.915459818913,-41.482370085578,0,24,24,24,12,-41.482370085578
01-Aug-2026 00:20:04,-148.404643697448,-40.9715539641127,0,24,24,24,13,-40.9715539641127
01-Aug-2026 00:20:06,-148.559427488835,-41.1263377554995,0,26,26,26,15,-41.1263377554995
01-Aug-2026 00:20:08,-148.403733433949,-40.9706437006135,0,26,26,26,15,-40.9706437006135
01-Aug-2026 00:20:10,-150.076047879965,-42.6429581466303,0,26,26,26,14,-42.6429581466303
01-Aug-2026 00:20:12,-150.126562092546,-42.6934723592112,0,26,26,26,13,-42.6934723592112
01-Aug-2026 00:20:14,-151.241216452287,-43.8081267189522,0,26,26,26,11,-43.8081267189522
01-Aug-2026 00:20:16,-151.612855798495,-44.1797660651596,0,26,26,26,11,-44.1797660651596
01-Aug-2026 00:20:18,-151.397572669053,-43.9644829357176,0,26,26,26,12,-43.9644829357176
01-Aug-2026 00:20:20,-158.445999867133,-51.0129101337979,0,26,26,26,12,-51.0129101337979
01-Aug-2026 00:20:22,-157.461835631164,-50.0287458978291,0,26,26,26,12,-50.0287458978291
01-Aug-2026 00:20:24,-157.783309578134,-50.3502198447989,0,26,26,26,11,-50.3502198447989
01-Aug-2026 00:20:26,-157.870540623218,-50.4374508898824,0,27,27,27,11,-50.4374508898824
01-Aug-2026 00:20:28,-169.659207761047,-62.2261180277115,0,25,25,25,8,-62.2261180277115
01-Aug-2026 00:20:30,-168.593286903226,-61.1601971698908,0,25,25,25,8,-61.1601971698908
01-Aug-2026 00:20:32,-168.13152539307,-60.6984356597351,0,25,25,25,9,-60.6984356597351
01-Aug-2026 00:20:34,-156.708680026351,-49.275590293016,0,25,25,25,9,-49.275590293016
01-Aug-2026 00:20:36,-149.682428143584,-42.2493384102492,0,25,25,25,10,-42.2493384102492
01-Aug-2026 00:20:38,-150.081373279244,-42.648283545909,0,25,25,25,10,-42.648283545909
01-Aug-2026 00:20:40,-150.176051635623,-42.742961902288,0,26,26,26,11,-42.742961902288
01-Aug-2026 00:20:42,-151.324411469278,-43.8913217359427,0,26,26,26,11,-43.8913217359427
01-Aug-2026 00:20:44,-151.68085748423,-44.2477677508952,0,25,25,25,10,-44.2477677508952
01-Aug-2026 00:20:46,-151.803132585308,-44.3700428519731,0,25,25,25,10,-44.3700428519731
01-Aug-2026 00:20:48,-153.962264607493,-46.529174874158,0,25,25,25,10,-46.529174874158
01-Aug-2026 00:20:50,-147.206085757282,-39.7729960239463,0,26,26,26,12,-39.7729960239463
01-Aug-2026 00:20:52,-146.758117851322,-39.3250281179863,0,26,26,26,12,-39.3250281179863
01-Aug-2026 00:20:54,-146.234509756519,-38.8014200231837,0,26,26,26,13,-38.8014200231837
01-Aug-2026 00:20:56,-145.80695874178,-38.3738690084448,0,26,26,26,11,-38.3738690084448
01-Aug-2026 00:20:58,-145.002947240971,-37.5698575076355,0,25,25,25,15,-37.5698575076355
01-Aug-2026 00:21:00,-144.881356603292,-37.4482668699564,0,25,25,25,13,-37.4482668699564
01-Aug-2026 00:21:02,-145.084205015449,-37.6511152821139,0,25,25,25,12,-37.6511152821139
01-Aug-2026 00:21:04,-144.818602733813,-37.3855130004779,0,25,25,25,15,-37.3855130004779
01-Aug-2026 00:21:06,-141.534727252946,-34.101637519611,0,25,25,25,14,-34.101637519611
01-Aug-2026 00:21:08,-141.242915809059,-33.8098260757234,0,25,25,25,13,-33.8098260757234
01-Aug-2026 00:21:10,-141.16262543622,-33.7295357028844,0,25,25,25,13,-33.7295357028844
01-Aug-2026 00:21:12,-140.271504321365,-32.8384145880299,0,25,25,25,14,-32.8384145880299
01-Aug-2026 00:21:14,-140.300867140495,-32.8677774071602,0,26,26,26,14,-32.8677774071602
01-Aug-2026 00:21:16,-139.739005755803,-32.305916022468,0,26,26,26,16,-32.305916022468
01-Aug-2026 00:21:18,-139.485663828259,-32.052574094924,0,26,26,26,15,-32.052574094924
01-Aug-2026 00:21:20,-139.125966717398,-31.6928769840631,0,26,26,26,15,-31.6928769840631
01-Aug-2026 00:21:22,-138.827055391329,-31.393965657994,0,26,26,26,14,-31.393965657994
01-Aug-2026 00:21:24,-138.84647891568,-31.4133891823444,0,26,26,26,14,-31.4133891823444
01-Aug-2026 00:21:26,-137.530512116915,-30.0974223835803,0,26,26,26,15,-30.0974223835803
01-Aug-2026 00:21:28,-142.53421003308,-35.1011202997452,0,26,26,26,17,-29.1579294627905
01-Aug-2026 00:21:30,-142.502808297303,-35.0697185639682,0,26,26,26,17,-28.6549744135927
01-Aug-2026 00:21:32,-142.490226783837,-35.0571370505014,0,26,26,26,16,-28.0638520298294
01-Aug-2026 00:21:34,-141.806276745114,-34.3731870117791,0,26,26,26,14,-27.2372167540148
01-Aug-2026 00:21:36,-141.8193184083,-34.386228674965,0,26,26,26,15,-26.7427274193774
01-Aug-2026 00:21:38,-141.793773502748,-34.360683769413,0,26,26,26,15,-34.360683769413
01-Aug-2026 00:21:40,-141.655985121216,-34.2228953878805,0,26,26,26,16,-34.2228953878805
01-Aug-2026 00:21:42,-141.667248678202,-34.2341589448673,0,26,26,26,15,-34.2341589448673
01-Aug-2026 00:21:44,-141.746803453881,-34.3137137205462,0,26,26,26,15,-34.3137137205462
01-Aug-2026 00:21:46,-141.822369607177,-34.3892798738415,0,27,27,27,15,-34.3892798738415
01-Aug-2026 00:21:48,-141.549151944772,-34.1160622114365,0,27,27,27,15,-34.1160622114365
01-Aug-2026 00:21:50,-141.1159035826,-33.6828138492645,0,27,27,27,15,-33.6828138492645
01-Aug-2026 00:21:52,-140.636071318743,-33.2029815854077,0,27,27,27,15,-33.2029815854077
01-Aug-2026 00:21:54,-140.355676953101,-32.9225872197663,0,27,27,27,15,-32.9225872197663
01-Aug-2026 00:21:56,-139.78647116346,-32.3533814301247,0,27,27,27,13,-32.3533814301247
01-Aug-2026 00:21:58,-139.96355624092,-32.5304665075846,0,27,27,27,12,-32.5304665075846
01-Aug-2026 00:22:00,-140.032864856551,-32.599775123216,0,27,27,27,11,-32.599775123216
01-Aug-2026 00:22:02,-139.425486021876,-31.9923962885409,0,27,27,27,10,-31.9923962885409
01-Aug-2026 00:22:04,-139.223235974285,-31.79014624095,0,27,27,27,9,-31.79014624095
01-Aug-2026 00:22:06,-151.544105085641,-44.1110153523063,0,27,27,27,8,-44.1110153523063
01-Aug-2026 00:22:08,-151.383797589858,-43.9507078565227,0,27,27,27,8,-43.9507078565227
01-Aug-2026 00:22:10,-152.38114024645,-44.9480505131151,0,27,27,27,8,-44.9480505131151
01-Aug-2026 00:22:12,-152.493553449124,-45.0604637157889,0,27,27,27,9,-45.0604637157889
01-Aug-2026 00:22:14,-153.533934465917,-46.1008447325815,0,28,28,28,10,-46.1008447325815
01-Aug-2026 00:22:16,-154.808186285212,-47.3750965518766,0,29,29,29,10,-47.3750965518766
01-Aug-2026 00:22:18,-154.658294909798,-47.2252051764627,0,29,29,29,9,-47.2252051764627
01-Aug-2026 00:22:20,-153.527743555214,-46.0946538218786,0,29,29,29,10,-46.0946538218786
01-Aug-2026 00:22:22,-155.135914483495,-47.7028247501596,0,29,29,29,9,-47.7028247501596
01-Aug-2026 00:22:24,-155.321688674188,-47.8885989408525,0,29,29,29,10,-47.8885989408525
01-Aug-2026 00:22:26,-168.934534835793,-61.5014451024574,0,28,28,28,9,-61.5014451024574
01-Aug-2026 00:22:28,-168.905847774686,-61.4727580413505,0,28,28,28,8,-61.4727580413505
01-Aug-2026 00:22:30,-168.152144020734,-60.7190542873991,0,28,28,28,9,-60.7190542873991
01-Aug-2026 00:22:32,-160.134856176059,-52.7017664427236,0,29,29,29,11,-52.7017664427236
01-Aug-2026 00:22:34,-160.252539667312,-52.8194499339771,0,29,29,29,11,-52.8194499339771
01-Aug-2026 00:22:36,-160.249216904458,-52.8161271711229,0,29,29,29,10,-52.8161271711229
01-Aug-2026 00:22:38,-160.258709616303,-52.8256198829674,0,29,29,29,11,-52.8256198829674
01-Aug-2026 00:22:40,-159.724171825979,-52.2910820926435,0,28,28,28,12,-52.2910820926435
01-Aug-2026 00:22:42,-159.627050071152,-52.193960337817,0,27,27,27,12,-52.193960337817
01-Aug-2026 00:22:44,-153.471620378916,-46.0385306455806,0,27,27,27,13,-46.0385306455806
01-Aug-2026 00:22:46,-153.016102366204,-45.5830126328685,0,27,27,27,12,-45.5830126328685
01-Aug-2026 00:22:48,-154.022621120466,-46.5895313871305,0,26,26,26,9,-46.5895313871305
01-Aug-2026 00:22:50,-153.835461817312,-46.4023720839765,0,26,26,26,8,-46.4023720839765
01-Aug-2026 00:22:52,-171.233460206371,-63.8003704730355,0,26,26,26,6,-63.8003704730355
01-Aug-2026 00:22:54,-172.593930141045,-65.1608404077098,0,26,26,26,4,-65.1608404077098
01-Aug-2026 00:22:56,-160.555119800259,-53.1220300669242,0,26,26,26,6,-53.1220300669242
01-Aug-2026 00:22:58,-160.262454033633,-52.8293643002983,0,25,25,25,6,-52.8293643002983
01-Aug-2026 00:23:00,-160.929306382405,-53.4962166490694,0,25,25,25,6,-53.4962166490694
01-Aug-2026 00:23:02,-161.420215071944,-53.9871253386084,0,25,25,25,7,-53.9871253386084
01-Aug-2026 00:23:04,-162.159598508538,-54.7265087752031,0,25,25,25,7,-54.7265087752031
01-Aug-2026 00:23:06,-161.486401087109,-54.0533113537743,0,25,25,25,7,-54.0533113537743
01-Aug-2026 00:23:08,-167.31027895288,-59.8771892195453,0,25,25,25,8,-59.8771892195453
01-Aug-2026 00:23:10,-159.039179775268,-51.6060900419329,0,25,25,25,9,-51.6060900419329
01-Aug-2026 00:23:12,-158.659513120621,-51.2264233872855,0,25,25,25,9,-51.2264233872855
01-Aug-2026 00:23:14,-158.8499079866,-51.4168182532652,0,25,25,25,8,-51.4168182532652
01-Aug-2026 00:23:16,-159.153837478242,-51.7207477449069,0,26,26,26,8,-51.7207477449069
01-Aug-2026 00:23:18,-159.217401845417,-51.7843121120815,0,26,26,26,9,-51.7843121120815
01-Aug-2026 00:23:20,-143.88578416348,-36.4526944301447,0,25,25,25,11,-36.4526944301447
01-Aug-2026 00:23:22,-144.251461256296,-36.8183715229612,0,25,25,25,14,-36.8183715229612
01-Aug-2026 00:23:24,-145.354110951045,-37.9210212177094,0,25,25,25,15,-37.9210212177094
01-Aug-2026 00:23:26,-144.98950700691,-37.5564172735752,0,25,25,25,14,-37.5564172735752
01-Aug-2026 00:23:28,-143.871296135183,-36.4382064018482,0,25,25,25,13,-36.4382064018482
01-Aug-2026 00:23:30,-144.548947770391,-37.1158580370555,0,25,25,25,12,-37.1158580370555
01-Aug-2026 00:23:32,-144.711400839536,-37.2783111062004,0,25,25,25,11,-37.2783111062004
01-Aug-2026 00:23:34,-145.063266425419,-37.6301766920839,0,25,25,25,12,-37.6301766920839
01-Aug-2026 00:23:36,-147.634813415103,-40.2017236817675,0,25,25,25,12,-40.2017236817675
01-Aug-2026 00:23:38,-148.303957587034,-40.8708678536986,0,25,25,25,11,-40.8708678536986
01-Aug-2026 00:23:40,-148.638783899374,-41.2056941660384,0,25,25,25,11,-41.2056941660384
01-Aug-2026 00:23:42,-148.614883929348,-41.1817941960129,0,25,25,25,12,-41.1817941960129
01-Aug-2026 00:23:44,-158.316254561509,-50.8831648281735,0,25,25,25,12,-50.8831648281735
01-Aug-2026 00:23:46,-158.160431045272,-50.7273413119373,0,25,25,25,11,-50.7273413119373
01-Aug-2026 00:23:48,-158.108377060259,-50.6752873269234,0,25,25,25,11,-50.6752873269234
01-Aug-2026 00:23:50,-155.835019701831,-48.4019299684963,0,25,25,25,12,-48.4019299684963
01-Aug-2026 00:23:52,-155.938016825897,-48.5049270925621,0,25,25,25,12,-48.5049270925621
01-Aug-2026 00:23:54,-155.887257732321,-48.4541679989854,0,25,25,25,13,-48.4541679989854
01-Aug-2026 00:23:56,-156.171864513359,-48.7387747800237,0,26,26,26,13,-48.7387747800237
01-Aug-2026 00:23:58,-157.137798193855,-49.7047084605197,0,26,26,26,13,-49.7047084605197
01-Aug-2026 00:24:00,-157.004687954209,-49.5715982208742,0,26,26,26,14,-49.5715982208742
01-Aug-2026 00:24:02,-153.318452812356,-45.8853630790209,0,26,26,26,15,-45.8853630790209
01-Aug-2026 00:24:04,-153.588801369129,-46.1557116357939,0,26,26,26,14,-46.1557116357939
01-Aug-2026 00:24:06,-154.318143571435,-46.8850538380994,0,27,27,27,14,-46.8850538380994
01-Aug-2026 00:24:08,-154.331913846319,-46.8988241129837,0,27,27,27,15,-46.8988241129837
01-Aug-2026 00:24:10,-154.337773205778,-46.9046834724426,0,27,27,27,15,-46.9046834724426
01-Aug-2026 00:24:12,-154.295281632281,-46.862191898946,0,27,27,27,18,-46.862191898946
01-Aug-2026 00:24:14,-154.412084480927,-46.9789947475923,0,26,26,26,18,-46.9789947475923
01-Aug-2026 00:24:16,-154.263613126308,-46.8305233929727,0,27,27,27,19,-46.8305233929727
01-Aug-2026 00:24:18,-155.084588790016,-47.651499056681,0,27,27,27,17,-47.651499056681
01-Aug-2026 00:24:20,-154.925099641235,-47.4920099079001,0,26,26,26,14,-47.4920099079001
01-Aug-2026 00:24:22,-154.908252416946,-47.475162683611,0,26,26,26,14,-47.475162683611
01-Aug-2026 00:24:24,-155.105485507791,-47.6723957744553,0,26,26,26,13,-47.6723957744553
01-Aug-2026 00:24:26,-154.833335929144,-47.4002461958086,0,26,26,26,13,-47.4002461958086
01-Aug-2026 00:24:28,-152.085400476099,-44.6523107427641,0,26,26,26,13,-44.6523107427641
01-Aug-2026 00:24:30,-151.872369178565,-44.4392794452299,0,26,26,26,12,-44.4392794452299
01-Aug-2026 00:24:32,-152.851189673833,-45.4180999404981,0,26,26,26,13,-45.4180999404981
01-Aug-2026 00:24:34,-152.844477388701,-45.4113876553659,0,26,26,26,13,-45.4113876553659
01-Aug-2026 00:24:36,-152.656365368422,-45.2232756350864,0,25,25,25,14,-45.2232756350864
01-Aug-2026 00:24:38,-152.17816977245,-44.7450800391152,0,26,26,26,14,-44.7450800391152
01-Aug-2026 00:24:40,-152.030865836546,-44.5977761032109,0,26,26,26,14,-44.5977761032109
01-Aug-2026 00:24:42,-152.456516030636,-45.023426297301,0,26,26,26,14,-45.023426297301
01-Aug-2026 00:24:44,-159.426574241966,-51.9934845086304,0,26,26,26,13,-51.9934845086304
01-Aug-2026 00:24:46,-159.532430171326,-52.0993404379908,0,25,25,25,13,-52.0993404379908
01-Aug-2026 00:24:48,-160.617613923394,-53.1845241900584,0,25,25,25,11,-53.1845241900584
01-Aug-2026 00:24:50,-158.825627505726,-51.3925377723906,0,25,25,25,9,-51.3925377723906
01-Aug-2026 00:24:52,-157.162541491946,-49.7294517586106,0,25,25,25,11,-49.7294517586106
01-Aug-2026 00:24:54,-144.954464148801,-37.5213744154659,0,25,25,25,9,-37.5213744154659
01-Aug-2026 00:24:56,-143.934511415058,-36.5014216817229,0,25,25,25,8,-36.5014216817229
01-Aug-2026 00:24:58,-143.782217708144,-36.3491279748088,0,25,25,25,8,-36.3491279748088
01-Aug-2026 00:25:00,-144.058314281932,-36.6252245485972,0,25,25,25,8,-36.6252245485972
01-Aug-2026 00:25:02,-143.786265737108,-36.3531760037729,0,25,25,25,8,-36.3531760037729
01-Aug-2026 00:25:04,-143.708684304445,-36.2755945711101,0,25,25,25,10,-36.2755945711101
01-Aug-2026 00:25:06,-142.562058187692,-35.128968454357,0,25,25,25,11,-35.128968454357
01-Aug-2026 00:25:08,-141.391311750914,-33.9582220175793,0,26,26,26,12,-33.9582220175793
01-Aug-2026 00:25:10,-160.202122618196,-52.7690328848609,0,26,26,26,12,-52.7690328848609
01-Aug-2026 00:25:12,-159.784479311412,-52.3513895780769,0,26,26,26,12,-52.3513895780769
01-Aug-2026 00:25:14,-160.255078149578,-52.8219884162432,0,26,26,26,11,-52.8219884162432
01-Aug-2026 00:25:16,-160.118696968053,-52.6856072347182,0,26,26,26,10,-52.6856072347182
01-Aug-2026 00:25:18,-158.867270771197,-51.4341810378617,0,26,26,26,10,-51.4341810378617
01-Aug-2026 00:25:20,-159.267801259257,-51.834711525922,0,26,26,26,10,-51.834711525922
01-Aug-2026 00:25:22,-164.63187427548,-57.1987845421451,0,26,26,26,9,-57.1987845421451
01-Aug-2026 00:25:24,-164.754599997498,-57.3215102641632,0,26,26,26,8,-57.3215102641632
01-Aug-2026 00:25:26,-165.489309619354,-58.0562198860187,0,26,26,26,9,-58.0562198860187
01-Aug-2026 00:25:28,-165.413262377653,-57.9801726443183,0,26,26,26,9,-57.9801726443183
01-Aug-2026 00:25:30,-165.301080536682,-57.8679908033465,0,26,26,26,10,-57.8679908033465
01-Aug-2026 00:25:32,-165.168774082159,-57.7356843488242,0,26,26,26,10,-57.7356843488242
01-Aug-2026 00:25:34,-164.93064575369,-57.4975560203546,0,26,26,26,11,-57.4975560203546
01-Aug-2026 00:25:36,-165.295937652764,-57.8628479194284,0,27,27,27,12,-57.8628479194284
01-Aug-2026 00:25:38,-165.139945076867,-57.7068553435315,0,27,27,27,13,-57.7068553435315
01-Aug-2026 00:25:40,-165.33971543556,-57.9066257022252,0,27,27,27,13,-57.9066257022252
01-Aug-2026 00:25:42,-165.000371998597,-57.567282265262,0,27,27,27,13,-57.567282265262
01-Aug-2026 00:25:44,-164.376316735408,-56.9432270020731,0,27,27,27,12,-56.9432270020731
01-Aug-2026 00:25:46,-164.092298292162,-56.6592085588266,0,27,27,27,12,-56.6592085588266
01-Aug-2026 00:25:48,-155.792767356591,-48.3596776232557,0,27,27,27,14,-48.3596776232557
01-Aug-2026 00:25:50,-165.34900179031,-57.9159120569745,0,27,27,27,13,-57.9159120569745
01-Aug-2026 00:25:52,-163.968042539647,-56.5349528063116,0,27,27,27,14,-56.5349528063116
01-Aug-2026 00:25:54,-161.498160216251,-54.0650704829162,0,27,27,27,16,-54.0650704829162
01-Aug-2026 00:25:56,-163.867638818535,-56.4345490852,0,27,27,27,14,-56.4345490852
01-Aug-2026 00:25:58,-163.66512618097,-56.2320364476353,0,27,27,27,14,-56.2320364476353
01-Aug-2026 00:26:00,-161.117137985418,-53.684048252083,0,27,27,27,15,-53.684048252083
01-Aug-2026 00:26:02,-161.354234930102,-53.9211451967666,0,28,28,28,15,-53.9211451967666
01-Aug-2026 00:26:04,-153.284782742425,-45.8516930090893,0,29,29,29,16,-45.8516930090893
01-Aug-2026 00:26:06,-153.273258583545,-45.8401688502098,0,29,29,29,17,-34.7645998741478
01-Aug-2026 00:26:08,-142.843865195382,-35.4107754620466,0,29,29,29,15,-35.4107754620466
01-Aug-2026 00:26:10,-143.960981124114,-36.5278913907793,0,29,29,29,16,-36.5278913907793
01-Aug-2026 00:26:12,-144.319186887242,-36.8860971539073,0,29,29,29,17,-36.8860971539073
01-Aug-2026 00:26:14,-145.148119567286,-37.7150298339506,0,30,30,30,17,-37.7150298339506
01-Aug-2026 00:26:16,-145.636911730201,-38.2038219968658,0,29,29,29,16,-38.2038219968658
01-Aug-2026 00:26:18,-146.176367844072,-38.743278110737,0,29,29,29,18,-38.743278110737
01-Aug-2026 00:26:20,-141.350592485169,-33.9175027518338,0,29,29,29,19,-33.9175027518338
01-Aug-2026 00:26:22,-141.801863220291,-34.3687734869555,0,29,29,29,18,-34.3687734869555
01-Aug-2026 00:26:24,-141.353265099523,-33.9201753661883,0,28,28,28,17,-33.9201753661883
01-Aug-2026 00:26:26,-141.205182307098,-33.7720925737631,0,28,28,28,18,-33.7720925737631
01-Aug-2026 00:26:28,-141.223520205248,-33.7904304719131,0,28,28,28,18,-33.7904304719131
01-Aug-2026 00:26:30,-141.579500420333,-34.1464106869982,0,28,28,28,19,-34.1464106869982
01-Aug-2026 00:26:32,-142.363027926743,-34.9299381934078,0,28,28,28,17,-34.9299381934078
01-Aug-2026 00:26:34,-142.699805563287,-35.2667158299522,0,27,27,27,17,-35.2667158299522
01-Aug-2026 00:26:36,-142.176244646598,-34.7431549132631,0,27,27,27,17,-34.7431549132631
01-Aug-2026 00:26:38,-142.65482001749,-35.2217302841544,0,26,26,26,16,-35.2217302841544
01-Aug-2026 00:26:40,-142.525376079193,-35.0922863458583,0,26,26,26,15,-35.0922863458583
01-Aug-2026 00:26:42,-144.162041706742,-36.7289519734068,0,26,26,26,14,-36.7289519734068
01-Aug-2026 00:26:44,-144.42237374262,-36.9892840092846,0,26,26,26,13,-36.9892840092846
01-Aug-2026 00:26:46,-144.710498738524,-37.277409005189,0,26,26,26,13,-37.277409005189
01-Aug-2026 00:26:48,-145.916500408273,-38.4834106749383,0,26,26,26,14,-38.4834106749383
01-Aug-2026 00:26:50,-145.782833097794,-38.349743364459,0,25,25,25,14,-38.349743364459
01-Aug-2026 00:26:52,-144.841908986679,-37.4088192533442,0,25,25,25,14,-37.4088192533442
01-Aug-2026 00:26:54,-144.957933966544,-37.5248442332087,0,25,25,25,13,-37.5248442332087
01-Aug-2026 00:26:56,-142.834376962405,-35.4012872290695,0,25,25,25,13,-35.4012872290695
01-Aug-2026 00:26:58,-143.388700537926,-35.9556108045913,0,25,25,25,13,-35.9556108045913
01-Aug-2026 00:27:00,-145.413118701939,-37.9800289686041,0,25,25,25,11,-37.9800289686041
01-Aug-2026 00:27:02,-147.309535644839,-39.8764459115033,0,25,25,25,11,-39.8764459115033
01-Aug-2026 00:27:04,-147.295541364229,-39.862451630894,0,24,24,24,10,-39.862451630894
01-Aug-2026 00:27:06,-147.788322150795,-40.3552324174599,0,24,24,24,11,-40.3552324174599
01-Aug-2026 00:27:08,-147.830116699564,-40.397026966229,0,24,24,24,11,-40.397026966229
01-Aug-2026 00:27:10,-148.616942233334,-41.1838524999991,0,24,24,24,12,-41.1838524999991
01-Aug-2026 00:27:12,-148.558241570918,-41.1251518375827,0,24,24,24,11,-41.1251518375827
01-Aug-2026 00:27:14,-148.447727865622,-41.014638132287,0,25,25,25,12,-41.014638132287
01-Aug-2026 00:27:16,-148.46196970943,-41.0288799760951,0,25,25,25,13,-41.0288799760951
01-Aug-2026 00:27:18,-148.910960873375,-41.4778711400397,0,25,25,25,13,-41.4778711400397
01-Aug-2026 00:27:20,-129.564331658674,-22.1312419253393,0,25,25,25,14,-22.1312419253393
01-Aug-2026 00:27:22,-125.617780421759,-18.1846906884235,0,25,25,25,15,-18.1846906884235
01-Aug-2026 00:27:24,-154.05727566086,-46.6241859275248,0,25,25,25,13,-46.6241859275248
01-Aug-2026 00:27:26,-154.316987430471,-46.8838976971358,0,25,25,25,12,-46.8838976971358
01-Aug-2026 00:27:28,-154.277308796048,-46.8442190627132,0,25,25,25,12,-46.8442190627132
01-Aug-2026 00:27:30,-152.610691014861,-45.1776012815259,0,25,25,25,14,-45.1776012815259
01-Aug-2026 00:27:32,-152.398061738822,-44.9649720054865,0,25,25,25,14,-44.9649720054865
01-Aug-2026 00:27:34,-153.541922414306,-46.1088326809705,0,25,25,25,13,-46.1088326809705
01-Aug-2026 00:27:36,-132.088414079886,-24.6553243465505,0,25,25,25,13,-24.6553243465505
01-Aug-2026 00:27:38,-132.616334018701,-25.1832442853663,0,26,26,26,14,-25.1832442853663
01-Aug-2026 00:27:40,-133.04621733192,-25.6131275985844,0,26,26,26,14,-25.6131275985844
01-Aug-2026 00:27:42,-132.837897495506,-25.4048077621706,0,26,26,26,13,-25.4048077621706
01-Aug-2026 00:27:44,-145.330781561522,-37.8976918281864,0,27,27,27,11,-37.8976918281864
01-Aug-2026 00:27:46,-150.918220623862,-43.4851308905272,0,27,27,27,12,-43.4851308905272
01-Aug-2026 00:27:48,-148.999125957882,-41.5660362245464,0,27,27,27,15,-41.5660362245464
01-Aug-2026 00:27:50,-149.332398363046,-41.8993086297109,0,28,28,28,14,-41.8993086297109
01-Aug-2026 00:27:52,-149.286621448529,-41.8535317151941,0,28,28,28,14,-41.8535317151941
01-Aug-2026 00:27:54,-149.150410992973,-41.7173212596374,0,28,28,28,15,-41.7173212596374
01-Aug-2026 00:27:56,-149.12360095365,-41.6905112203146,0,28,28,28,15,-41.6905112203146
01-Aug-2026 00:27:58,-149.155166438856,-41.7220767055208,0,28,28,28,15,-41.7220767055208
01-Aug-2026 00:28:00,-149.239638807758,-41.8065490744229,0,28,28,28,16,-41.8065490744229
01-Aug-2026 00:28:02,-146.942311462758,-39.5092217294228,0,27,27,27,15,-39.5092217294228
01-Aug-2026 00:28:04,-146.597290841343,-39.1642011080079,0,27,27,27,15,-39.1642011080079
01-Aug-2026 00:28:06,-147.04586520263,-39.6127754692953,0,27,27,27,14,-39.6127754692953
01-Aug-2026 00:28:08,-147.096903448074,-39.6638137147389,0,27,27,27,15,-39.6638137147389
01-Aug-2026 00:28:10,-147.054221751377,-39.6211320180421,0,27,27,27,15,-39.6211320180421
01-Aug-2026 00:28:12,-148.433118248636,-41.0000285153008,0,26,26,26,14,-41.0000285153008
01-Aug-2026 00:28:14,-149.113177380679,-41.6800876473441,0,26,26,26,13,-41.6800876473441
01-Aug-2026 00:28:16,-149.065117307222,-41.6320275738871,0,26,26,26,14,-41.6320275738871
01-Aug-2026 00:28:18,-152.449473468323,-45.0163837349877,0,26,26,26,15,-45.0163837349877
01-Aug-2026 00:28:20,-152.615586329682,-45.1824965963469,0,26,26,26,14,-45.1824965963469
01-Aug-2026 00:28:22,-152.085943043835,-44.6528533104994,0,26,26,26,14,-44.6528533104994
01-Aug-2026 00:28:24,-153.623903071782,-46.1908133384465,0,27,27,27,12,-46.1908133384465
01-Aug-2026 00:28:26,-153.122394232414,-45.6893044990784,0,26,26,26,12,-45.6893044990784
01-Aug-2026 00:28:28,-149.545873753397,-42.112784020062,0,26,26,26,13,-42.112784020062
01-Aug-2026 00:28:30,-149.411925338205,-41.9788356048703,0,26,26,26,13,-41.9788356048703
01-Aug-2026 00:28:32,-149.771444231442,-42.338354498107,0,26,26,26,12,-42.338354498107
01-Aug-2026 00:28:34,-150.238931326232,-42.8058415928972,0,25,25,25,11,-42.8058415928972
01-Aug-2026 00:28:36,-150.371979096853,-42.9388893635181,0,25,25,25,11,-42.9388893635181
01-Aug-2026 00:28:38,-149.52827786317,-42.0951881298346,0,25,25,25,12,-42.0951881298346
01-Aug-2026 00:28:40,-149.668121023005,-42.2350312896696,0,25,25,25,12,-42.2350312896696
01-Aug-2026 00:28:42,-150.256535901582,-42.8234461682471,0,25,25,25,11,-42.8234461682471
01-Aug-2026 00:28:44,-150.501075908958,-43.0679861756232,0,25,25,25,12,-43.0679861756232
01-Aug-2026 00:28:46,-150.702105174744,-43.2690154414089,0,25,25,25,12,-43.2690154414089
01-Aug-2026 00:28:48,-155.473052203362,-48.0399624700265,0,25,25,25,9,-48.0399624700265
01-Aug-2026 00:28:50,-165.718505431187,-58.2854156978516,0,25,25,25,8,-58.2854156978516
01-Aug-2026 00:28:52,-165.72924209029,-58.2961523569544,0,25,25,25,8,-58.2961523569544
01-Aug-2026 00:28:54,-152.557135784533,-45.1240460511975,0,25,25,25,10,-45.1240460511975
01-Aug-2026 00:28:56,-141.072521390125,-33.6394316567897,0,25,25,25,10,-33.6394316567897
01-Aug-2026 00:28:58,-141.023474352138,-33.5903846188029,0,25,25,25,12,-33.5903846188029
01-Aug-2026 00:29:00,-141.387789023355,-33.9546992900197,0,25,25,25,13,-33.9546992900197
01-Aug-2026 00:29:02,-141.330846910842,-33.8977571775071,0,26,26,26,12,-33.8977571775071
01-Aug-2026 00:29:04,-140.157747167847,-32.7246574345121,0,26,26,26,12,-32.7246574345121
01-Aug-2026 00:29:06,-140.144879422242,-32.7117896889067,0,26,26,26,12,-32.7117896889067
01-Aug-2026 00:29:08,-139.888909673627,-32.4558199402919,0,26,26,26,12,-32.4558199402919
01-Aug-2026 00:29:10,-139.24984658929,-31.816756855955,0,26,26,26,11,-31.816756855955
01-Aug-2026 00:29:12,-139.612317043281,-32.1792273099454,0,26,26,26,10,-32.1792273099454
01-Aug-2026 00:29:14,-138.691236229443,-31.2581464961079,0,26,26,26,10,-31.2581464961079
01-Aug-2026 00:29:16,-138.944835930753,-31.511746197418,0,26,26,26,9,-31.511746197418
01-Aug-2026 00:29:18,-138.822007899894,-31.3889181665588,0,26,26,26,10,-31.3889181665588
01-Aug-2026 00:29:20,-138.634210327755,-31.2011205944196,0,26,26,26,11,-31.2011205944196
01-Aug-2026 00:29:22,-138.575659146009,-31.1425694126736,0,26,26,26,12,-31.1425694126736
01-Aug-2026 00:29:24,-138.294525303513,-30.8614355701776,0,26,26,26,11,-30.8614355701776
01-Aug-2026 00:29:26,-137.800841351681,-30.3677516183454,0,27,27,27,13,-30.3677516183454
01-Aug-2026 00:29:28,-137.743029787881,-30.3099400545457,0,27,27,27,13,-30.3099400545457
01-Aug-2026 00:29:30,-137.214649349284,-29.7815596159485,0,27,27,27,15,-29.7815596159485
01-Aug-2026 00:29:32,-156.231433347069,-48.7983436137335,0,27,27,27,13,-48.7983436137335
01-Aug-2026 00:29:34,-157.453619628779,-50.0205298954439,0,27,27,27,11,-50.0205298954439
01-Aug-2026 00:29:36,-157.581456272955,-50.1483665396201,0,27,27,27,11,-50.1483665396201
01-Aug-2026 00:29:38,-157.116588138839,-49.6834984055038,0,27,27,27,10,-49.6834984055038
01-Aug-2026 00:29:40,-157.602377238998,-50.1692875056627,0,27,27,27,10,-50.1692875056627
01-Aug-2026 00:29:42,-158.059992897297,-50.6269031639623,0,27,27,27,8,-50.6269031639623
01-Aug-2026 00:29:44,-153.301761921098,-45.8686721877625,0,27,27,27,8,-45.8686721877625
01-Aug-2026 00:29:46,-153.708769437816,-46.2756797044811,0,27,27,27,8,-46.2756797044811
01-Aug-2026 00:29:48,-153.735920290927,-46.3028305575915,0,27,27,27,8,-46.3028305575915
01-Aug-2026 00:29:50,-154.177421092994,-46.744331359659,0,27,27,27,7,-46.744331359659
01-Aug-2026 00:29:52,-154.618353358935,-47.1852636256,0,29,29,29,9,-47.1852636256
01-Aug-2026 00:29:54,-154.418290140366,-46.9852004070305,0,30,30,30,12,-46.9852004070305
01-Aug-2026 00:29:56,-154.510608261791,-47.0775185284556,0,30,30,30,14,-47.0775185284556
01-Aug-2026 00:29:58,-154.474477793658,-47.0413880603232,0,30,30,30,12,-47.0413880603232
01-Aug-2026 00:30:00,-158.582108021178,-51.1490182878425,0,30,30,30,11,-51.1490182878425
01-Aug-2026 00:30:02,-129.377529072033,-21.9444393386982,0,30,30,30,14,-21.9444393386982
01-Aug-2026 00:30:04,-132.466617617193,-25.0335278838582,0,29,29,29,13,-22.4745766046851
01-Aug-2026 00:30:06,-133.146929931505,-25.7138401981694,0,29,29,29,11,-22.4171617004029
01-Aug-2026 00:30:08,-133.702996921281,-26.2699071879461,0,28,28,28,11,-26.2699071879461
01-Aug-2026 00:30:10,-134.87513592966,-27.4420461963247,0,28,28,28,11,-27.4420461963247
01-Aug-2026 00:30:12,-135.357373437966,-27.9242837046303,0,28,28,28,11,-27.9242837046303
01-Aug-2026 00:30:14,-135.56581677471,-28.1327270413748,0,28,28,28,13,-28.1327270413748
01-Aug-2026 00:30:16,-136.227528550945,-28.79443881761,0,28,28,28,11,-28.79443881761
01-Aug-2026 00:30:18,-137.05319608075,-29.6201063474146,0,28,28,28,13,-29.6201063474146
01-Aug-2026 00:30:20,-149.86485009638,-42.4317603630449,0,28,28,28,11,-42.4317603630449
01-Aug-2026 00:30:22,-149.897581099457,-42.4644913661222,0,28,28,28,10,-42.4644913661222
01-Aug-2026 00:30:24,-150.180651350639,-42.7475616173034,0,28,28,28,10,-42.7475616173034
01-Aug-2026 00:30:26,-150.5683740206,-43.1352842872648,0,26,26,26,10,-43.1352842872648
01-Aug-2026 00:30:28,-147.725169138145,-40.2920794048098,0,26,26,26,11,-40.2920794048098
01-Aug-2026 00:30:30,-148.335224604143,-40.9021348708075,0,26,26,26,12,-40.9021348708075
01-Aug-2026 00:30:32,-149.234362776819,-41.801273043484,0,26,26,26,13,-41.801273043484
01-Aug-2026 00:30:34,-149.245527692115,-41.8124379587798,0,26,26,26,13,-41.8124379587798
01-Aug-2026 00:30:36,-144.411725863406,-36.9786361300706,0,26,26,26,13,-36.9786361300706
01-Aug-2026 00:30:38,-145.474853416631,-38.0417636832957,0,26,26,26,13,-38.0417636832957
01-Aug-2026 00:30:40,-146.088248971123,-38.6551592377874,0,26,26,26,12,-38.6551592377874
01-Aug-2026 00:30:42,-146.726862351566,-39.2937726182311,0,26,26,26,16,-24.8065870427655
01-Aug-2026 00:30:44,-131.955429726742,-24.5223399934068,0,25,25,25,16,-24.5223399934068
01-Aug-2026 00:30:46,-132.484270322696,-25.0511805893612,0,24,24,24,14,-25.0511805893612
01-Aug-2026 00:30:48,-132.790250199589,-25.3571604662535,0,24,24,24,14,-25.3571604662535
01-Aug-2026 00:30:50,-133.509900148914,-26.0768104155788,0,24,24,24,13,-26.0768104155788
01-Aug-2026 00:30:52,-133.632042512623,-26.1989527792877,0,24,24,24,12,-26.1989527792877
01-Aug-2026 00:30:54,-133.564586970056,-26.1314972367212,0,24,24,24,10,-26.1314972367212
01-Aug-2026 00:30:56,-133.379540237684,-25.9464505043488,0,24,24,24,9,-25.9464505043488
01-Aug-2026 00:30:58,-133.215452344608,-25.7823626112724,0,24,24,24,10,-25.7823626112724
01-Aug-2026 00:31:00,-133.222397387067,-25.7893076537321,0,24,24,24,12,-25.7893076537321
01-Aug-2026 00:31:02,-133.696885525582,-26.2637957922469,0,24,24,24,11,-26.2637957922469
01-Aug-2026 00:31:04,-133.645762929151,-26.2126731958162,0,24,24,24,11,-26.2126731958162
01-Aug-2026 00:31:06,-134.144986304244,-26.7118965709085,0,24,24,24,11,-26.7118965709085
01-Aug-2026 00:31:08,-134.377418361862,-26.9443286285269,0,24,24,24,12,-26.9443286285269
01-Aug-2026 00:31:10,-134.809702573715,-27.3766128403799,0,24,24,24,12,-27.3766128403799
01-Aug-2026 00:31:12,-134.987174862127,-27.5540851287919,0,26,26,26,13,-27.5540851287919
01-Aug-2026 00:31:14,-135.297261931458,-27.8641721981228,0,26,26,26,15,-27.8641721981228
01-Aug-2026 00:31:16,-135.776939468572,-28.3438497352369,0,26,26,26,16,-28.3438497352369
01-Aug-2026 00:31:18,-136.335673070783,-28.9025833374478,0,26,26,26,14,-28.9025833374478
01-Aug-2026 00:31:20,-136.000491341892,-28.5674016085569,0,26,26,26,14,-28.5674016085569
01-Aug-2026 00:31:22,-135.649623183177,-28.2165334498418,0,26,26,26,13,-28.2165334498418
01-Aug-2026 00:31:24,-146.1854361286,-38.7523463952652,0,26,26,26,11,-38.7523463952652
01-Aug-2026 00:31:26,-146.906286850953,-39.4731971176183,0,26,26,26,13,-39.4731971176183
01-Aug-2026 00:31:28,-146.630255676255,-39.1971659429202,0,26,26,26,13,-39.1971659429202
01-Aug-2026 00:31:30,-146.418159373072,-38.9850696397368,0,26,26,26,15,-38.9850696397368
01-Aug-2026 00:31:32,-146.073788884897,-38.640699151562,0,26,26,26,16,-38.640699151562
01-Aug-2026 00:31:34,-146.073053512761,-38.6399637794257,0,27,27,27,17,-38.6399637794257
01-Aug-2026 00:31:36,-152.346011685169,-44.912921951834,0,27,27,27,17,-44.912921951834
01-Aug-2026 00:31:38,-152.213312248366,-44.7802225150305,0,27,27,27,15,-44.7802225150305
01-Aug-2026 00:31:40,-154.971012862699,-47.5379231293634,0,27,27,27,14,-47.5379231293634
01-Aug-2026 00:31:42,-154.883966073573,-47.4508763402379,0,28,28,28,15,-47.4508763402379
01-Aug-2026 00:31:44,-154.427354692483,-46.9942649591475,0,28,28,28,14,-46.9942649591475
01-Aug-2026 00:31:46,-157.121604835084,-49.6885151017485,0,28,28,28,13,-49.6885151017485
01-Aug-2026 00:31:48,-156.812828630014,-49.3797388966788,0,28,28,28,14,-49.3797388966788
01-Aug-2026 00:31:50,-157.155465480239,-49.7223757469038,0,27,27,27,13,-49.7223757469038
01-Aug-2026 00:31:52,-156.757503360028,-49.3244136266933,0,27,27,27,15,-49.3244136266933
01-Aug-2026 00:31:54,-157.81598891116,-50.3828991778245,0,27,27,27,14,-50.3828991778245
01-Aug-2026 00:31:56,-157.592985558466,-50.1598958251306,0,27,27,27,14,-50.1598958251306
01-Aug-2026 00:31:58,-159.299868663397,-51.8667789300615,0,28,28,28,14,-51.8667789300615
01-Aug-2026 00:32:00,-158.866388171603,-51.433298438268,0,28,28,28,15,-51.433298438268
01-Aug-2026 00:32:02,-158.705345911606,-51.272256178271,0,28,28,28,16,-51.272256178271
01-Aug-2026 00:32:04,-158.373783155895,-50.9406934225599,0,27,27,27,13,-50.9406934225599
01-Aug-2026 00:32:06,-158.41907196708,-50.9859822337451,0,27,27,27,11,-50.9859822337451
01-Aug-2026 00:32:08,-157.547793412871,-50.114703679536,0,27,27,27,11,-50.114703679536
01-Aug-2026 00:32:10,-157.46918949473,-50.0360997613944,0,27,27,27,10,-50.0360997613944
01-Aug-2026 00:32:12,-157.39413257423,-49.961042840895,0,28,28,28,13,-49.961042840895
01-Aug-2026 00:32:14,-157.306048825619,-49.8729590922841,0,27,27,27,15,-49.8729590922841
01-Aug-2026 00:32:16,-158.507000531575,-51.0739107982394,0,27,27,27,13,-51.0739107982394
01-Aug-2026 00:32:18,-158.741595257142,-51.3085055238065,0,26,26,26,13,-51.3085055238065
01-Aug-2026 00:32:20,-150.325484090429,-42.8923943570934,0,26,26,26,13,-42.8923943570934
01-Aug-2026 00:32:22,-149.921182106083,-42.488092372748,0,25,25,25,12,-42.488092372748
01-Aug-2026 00:32:24,-149.328317786429,-41.8952280530935,0,25,25,25,11,-41.8952280530935
01-Aug-2026 00:32:26,-149.247564463322,-41.8144747299865,0,25,25,25,11,-41.8144747299865
01-Aug-2026 00:32:28,-149.371475308933,-41.9383855755981,0,25,25,25,11,-41.9383855755981
01-Aug-2026 00:32:30,-149.223825033562,-41.7907353002273,0,25,25,25,9,-41.7907353002273
01-Aug-2026 00:32:32,-148.790975915193,-41.3578861818574,0,25,25,25,9,-41.3578861818574
01-Aug-2026 00:32:34,-148.561610045762,-41.1285203124269,0,25,25,25,10,-41.1285203124269
01-Aug-2026 00:32:36,-166.621595483075,-59.1885057497402,0,25,25,25,10,-59.1885057497402
01-Aug-2026 00:32:38,-165.080216578047,-57.6471268447114,0,25,25,25,11,-57.6471268447114
01-Aug-2026 00:32:40,-164.963807380138,-57.5307176468029,0,25,25,25,11,-57.5307176468029
01-Aug-2026 00:32:42,-150.191268000154,-42.7581782668192,0,25,25,25,12,-42.7581782668192
01-Aug-2026 00:32:44,-149.249517505853,-41.8164277725181,0,25,25,25,13,-41.8164277725181
01-Aug-2026 00:32:46,-149.513471505572,-42.080381772237,0,25,25,25,13,-42.080381772237
01-Aug-2026 00:32:48,-150.136630675796,-42.7035409424603,0,25,25,25,12,-42.7035409424603
01-Aug-2026 00:32:50,-150.202230247741,-42.7691405144059,0,25,25,25,11,-42.7691405144059
01-Aug-2026 00:32:52,-150.378962990952,-42.9458732576169,0,25,25,25,10,-42.9458732576169
01-Aug-2026 00:32:54,-149.21745064385,-41.784360910515,0,26,26,26,11,-41.784360910515
01-Aug-2026 00:32:56,-149.331071708275,-41.8979819749402,0,26,26,26,11,-41.8979819749402
01-Aug-2026 00:32:58,-148.885433141728,-41.4523434083923,0,26,26,26,12,-41.4523434083923
01-Aug-2026 00:33:00,-148.580229333637,-41.1471396003019,0,26,26,26,13,-41.1471396003019
01-Aug-2026 00:33:02,-147.963798365571,-40.530708632236,0,26,26,26,14,-40.530708632236
01-Aug-2026 00:33:04,-148.120571660178,-40.6874819268426,0,26,26,26,13,-40.6874819268426
01-Aug-2026 00:33:06,-148.348589065066,-40.9154993317313,0,26,26,26,13,-40.9154993317313
01-Aug-2026 00:33:08,-147.985588985354,-40.5524992520192,0,26,26,26,14,-40.5524992520192
01-Aug-2026 00:33:10,-147.476141651426,-40.0430519180907,0,26,26,26,16,-40.0430519180907
01-Aug-2026 00:33:12,-145.078334587146,-37.6452448538107,0,26,26,26,16,-37.6452448538107
01-Aug-2026 00:33:14,-144.946902784935,-37.5138130515994,0,26,26,26,16,-37.5138130515994
01-Aug-2026 00:33:16,-144.79504023855,-37.361950505215,0,26,26,26,16,-37.361950505215
01-Aug-2026 00:33:18,-145.158313094503,-37.7252233611676,0,27,27,27,16,-37.7252233611676
01-Aug-2026 00:33:20,-145.546484689263,-38.1133949559275,0,27,27,27,16,-38.1133949559275
01-Aug-2026 00:33:22,-145.049360343253,-37.6162706099177,0,27,27,27,16,-37.6162706099177
01-Aug-2026 00:33:24,-145.48689534204,-38.053805608705,0,27,27,27,16,-38.053805608705
01-Aug-2026 00:33:26,-144.812339668926,-37.3792499355908,0,27,27,27,15,-37.3792499355908
01-Aug-2026 00:33:28,-144.763909672726,-37.330819939391,0,27,27,27,14,-37.330819939391
01-Aug-2026 00:33:30,-144.186771589155,-36.75368185582,0,27,27,27,13,-36.75368185582
01-Aug-2026 00:33:32,-144.112283728515,-36.6791939951794,0,27,27,27,14,-36.6791939951794
01-Aug-2026 00:33:34,-143.557067597784,-36.123977864449,0,28,28,28,14,-36.123977864449
01-Aug-2026 00:33:36,-143.202823819315,-35.7697340859796,0,28,28,28,15,-35.7697340859796
01-Aug-2026 00:33:38,-143.141011364057,-35.7079216307213,0,28,28,28,17,-35.7079216307213
01-Aug-2026 00:33:40,-142.964468508432,-35.531378775097,0,28,28,28,18,-35.531378775097
01-Aug-2026 00:33:42,-142.545163790853,-35.112074057518,0,29,29,29,18,-35.112074057518
01-Aug-2026 00:33:44,-142.313137405862,-34.8800476725264,0,29,29,29,18,-34.8800476725264
01-Aug-2026 00:33:46,-141.697491909695,-34.2644021763595,0,29,29,29,17,-34.2644021763595
01-Aug-2026 00:33:48,-141.323908793377,-33.8908190600416,0,29,29,29,15,-33.8908190600416
01-Aug-2026 00:33:50,-140.397119603447,-32.9640298701123,0,29,29,29,16,-32.9640298701123
01-Aug-2026 00:33:52,-152.572619512994,-45.1395297796585,0,29,29,29,15,-32.4251040513649
01-Aug-2026 00:33:54,-152.62989545089,-45.196805717555,0,28,28,28,13,-32.3121747995272
01-Aug-2026 00:33:56,-152.863347998255,-45.4302582649194,0,29,29,29,12,-31.9935318289959
01-Aug-2026 00:33:58,-152.797987755288,-45.3648980219525,0,28,28,28,12,-31.4882549222264
01-Aug-2026 00:34:00,-152.225450957762,-44.7923612244264,0,28,28,28,14,-31.1365598833364
01-Aug-2026 00:34:02,-152.366902395222,-44.9338126618871,0,28,28,28,15,-31.9174399187251
01-Aug-2026 00:34:04,-152.107061652324,-44.673971918989,0,28,28,28,16,-30.8275676585095
01-Aug-2026 00:34:06,-152.17078526797,-44.7376955346353,0,28,28,28,16,-29.3891010027444
01-Aug-2026 00:34:08,-151.422197255213,-43.9891075218775,0,28,28,28,15,-28.7411441903775
01-Aug-2026 00:34:10,-151.177695705761,-43.7446059724261,0,28,28,28,15,-27.9711852857361
01-Aug-2026 00:34:12,-151.041918789317,-43.6088290559823,0,28,28,28,17,-27.1024532093482
01-Aug-2026 00:34:14,-151.377982064638,-43.9448923313029,0,28,28,28,17,-26.0046019987249
01-Aug-2026 00:34:16,-151.123298729108,-43.6902089957729,0,27,27,27,16,-25.6649946103204
01-Aug-2026 00:34:18,-151.665345600354,-44.232255867019,0,26,26,26,12,-25.3586886709334
01-Aug-2026 00:34:20,-152.582507152311,-45.1494174189761,0,26,26,26,11,-25.0369755816926
01-Aug-2026 00:34:22,-153.338060960916,-45.9049712275804,0,26,26,26,11,-24.2770243557851
01-Aug-2026 00:34:24,-153.332969948793,-45.8998802154578,0,26,26,26,10,-24.0538960296409
01-Aug-2026 00:34:26,-153.622947003857,-46.1898572705219,0,26,26,26,9,-24.9182241174905
01-Aug-2026 00:34:28,-153.77322867344,-46.3401389401046,0,26,26,26,9,-24.9883311992836
01-Aug-2026 00:34:30,-165.5257228419,-58.0926331085651,0,25,25,25,9,-25.917403650099
01-Aug-2026 00:34:32,-165.981580381474,-58.5484906481385,0,25,25,25,9,-26.2759229623454
01-Aug-2026 00:34:34,-165.526667125703,-58.0935773923679,0,25,25,25,9,-26.4168811430644
01-Aug-2026 00:34:36,-173.847810148836,-66.4147204155009,0,24,24,24,9,-26.9759647500708
01-Aug-2026 00:34:38,-174.340296763539,-66.9072070302036,0,24,24,24,8,-66.9072070302036
01-Aug-2026 00:34:40,-166.578178487648,-59.1450887543126,0,24,24,24,9,-59.1450887543126
01-Aug-2026 00:34:42,-145.392134544896,-37.9590448115607,0,24,24,24,10,-37.9590448115607
01-Aug-2026 00:34:44,-145.62142397556,-38.1883342422244,0,24,24,24,9,-38.1883342422244
01-Aug-2026 00:34:46,-146.12028538738,-38.6871956540448,0,25,25,25,10,-38.6871956540448
01-Aug-2026 00:34:48,-146.637655950315,-39.2045662169795,0,25,25,25,10,-39.2045662169795
01-Aug-2026 00:34:50,-147.349223913143,-39.9161341798075,0,25,25,25,10,-39.9161341798075
01-Aug-2026 00:34:52,-145.326347141943,-37.893257408608,0,25,25,25,12,-37.893257408608
01-Aug-2026 00:34:54,-145.527519816551,-38.0944300832154,0,25,25,25,12,-38.0944300832154
01-Aug-2026 00:34:56,-145.76210325011,-38.3290135167751,0,25,25,25,12,-38.3290135167751
01-Aug-2026 00:34:58,-146.179961045037,-38.7468713117018,0,25,25,25,12,-38.7468713117018
01-Aug-2026 00:35:00,-146.711457751435,-39.2783680181001,0,25,25,25,12,-39.2783680181001
01-Aug-2026 00:35:02,-147.082040271995,-39.6489505386594,0,25,25,25,12,-39.6489505386594
01-Aug-2026 00:35:04,-146.917259302621,-39.4841695692855,0,25,25,25,11,-39.4841695692855
01-Aug-2026 00:35:06,-147.175886519047,-39.7427967857117,0,25,25,25,11,-39.7427967857117
01-Aug-2026 00:35:08,-146.898968240831,-39.465878507496,0,25,25,25,10,-39.465878507496
01-Aug-2026 00:35:10,-146.218829607443,-38.7857398741081,0,26,26,26,11,-38.7857398741081
01-Aug-2026 00:35:12,-146.401435713335,-38.9683459799998,0,26,26,26,11,-38.9683459799998
01-Aug-2026 00:35:14,-145.883900889506,-38.4508111561709,0,26,26,26,12,-38.4508111561709
01-Aug-2026 00:35:16,-145.479640833618,-38.0465511002832,0,26,26,26,12,-38.0465511002832
01-Aug-2026 00:35:18,-148.070081978713,-40.6369922453777,0,26,26,26,11,-40.6369922453777
01-Aug-2026 00:35:20,-147.978391706458,-40.5453019731229,0,26,26,26,11,-40.5453019731229
01-Aug-2026 00:35:22,-148.302066253782,-40.868976520447,0,27,27,27,12,-40.868976520447
01-Aug-2026 00:35:24,-148.055100832226,-40.6220110988903,0,27,27,27,12,-40.6220110988903
01-Aug-2026 00:35:26,-148.034803275506,-40.6017135421709,0,27,27,27,12,-40.6017135421709
01-Aug-2026 00:35:28,-148.277281284291,-40.8441915509557,0,27,27,27,10,-40.8441915509557
01-Aug-2026 00:35:30,-148.490909690143,-41.0578199568078,0,27,27,27,11,-41.0578199568078
01-Aug-2026 00:35:32,-149.988509432882,-42.5554196995472,0,27,27,27,12,-42.5554196995472
01-Aug-2026 00:35:34,-149.84423291452,-42.4111431811844,0,28,28,28,14,-42.4111431811844
01-Aug-2026 00:35:36,-150.389552334404,-42.9564626010685,0,27,27,27,13,-42.9564626010685
01-Aug-2026 00:35:38,-149.332233863785,-41.8991441304497,0,27,27,27,13,-41.8991441304497
01-Aug-2026 00:35:40,-148.971675269938,-41.5385855366031,0,27,27,27,13,-41.5385855366031
01-Aug-2026 00:35:42,-149.000744389188,-41.5676546558529,0,27,27,27,14,-41.5676546558529
01-Aug-2026 00:35:44,-149.315627715534,-41.8825379821989,0,27,27,27,15,-41.8825379821989
01-Aug-2026 00:35:46,-149.896731683473,-42.4636419501379,0,27,27,27,13,-42.4636419501379
01-Aug-2026 00:35:48,-149.753713504207,-42.3206237708723,0,27,27,27,14,-42.3206237708723
01-Aug-2026 00:35:50,-149.833060913417,-42.3999711800821,0,28,28,28,15,-42.3999711800821
01-Aug-2026 00:35:52,-149.683855091642,-42.250765358307,0,28,28,28,14,-42.250765358307
01-Aug-2026 00:35:54,-151.531547115138,-44.0984573818031,0,27,27,27,13,-44.0984573818031
01-Aug-2026 00:35:56,-151.796600740973,-44.3635110076381,0,27,27,27,14,-44.3635110076381
01-Aug-2026 00:35:58,-151.510826730732,-44.0777369973963,0,27,27,27,15,-44.0777369973963
01-Aug-2026 00:36:00,-151.651338901249,-44.2182491679138,0,28,28,28,17,-44.2182491679138
01-Aug-2026 00:36:02,-152.220521799694,-44.7874320663592,0,28,28,28,16,-44.7874320663592
01-Aug-2026 00:36:04,-153.162969727069,-45.7298799937342,0,28,28,28,14,-45.7298799937342
01-Aug-2026 00:36:06,-153.112702711766,-45.6796129784308,0,28,28,28,13,-45.6796129784308
01-Aug-2026 00:36:08,-152.754689638513,-45.3215999051778,0,28,28,28,12,-45.3215999051778
01-Aug-2026 00:36:10,-157.839393918678,-50.4063041853425,0,26,26,26,13,-50.4063041853425
01-Aug-2026 00:36:12,-162.732643085056,-55.2995533517213,0,26,26,26,11,-55.2995533517213
01-Aug-2026 00:36:14,-157.938019009838,-50.5049292765027,0,26,26,26,14,-50.5049292765027
01-Aug-2026 00:36:16,-157.982661524674,-50.5495717913384,0,25,25,25,12,-50.5495717913384
01-Aug-2026 00:36:18,-144.266523177128,-36.8334334437923,0,25,25,25,12,-36.8334334437923
01-Aug-2026 00:36:20,-144.161685060021,-36.7285953266863,0,25,25,25,12,-36.7285953266863
01-Aug-2026 00:36:22,-144.417426512117,-36.9843367787823,0,25,25,25,11,-36.9843367787823
01-Aug-2026 00:36:24,-143.296263687483,-35.8631739541483,0,25,25,25,11,-35.8631739541483
01-Aug-2026 00:36:26,-142.297442811962,-34.8643530786271,0,25,25,25,9,-34.8643530786271
01-Aug-2026 00:36:28,-142.142716692151,-34.7096269588162,0,25,25,25,10,-34.7096269588162
01-Aug-2026 00:36:30,-141.944709344852,-34.511619611517,0,25,25,25,9,-34.511619611517
01-Aug-2026 00:36:32,-141.166683484481,-33.7335937511457,0,25,25,25,7,-33.7335937511457
01-Aug-2026 00:36:34,-140.983410017481,-33.5503202841455,0,25,25,25,7,-33.5503202841455
01-Aug-2026 00:36:36,-139.135752907222,-31.7026631738866,0,25,25,25,8,-31.7026631738866
01-Aug-2026 00:36:38,-138.831928073308,-31.3988383399732,0,25,25,25,8,-31.3988383399732
01-Aug-2026 00:36:40,-138.490802312586,-31.0577125792504,0,25,25,25,7,-31.0577125792504
01-Aug-2026 00:36:42,-137.986949292471,-30.5538595591357,0,25,25,25,6,-30.5538595591357
01-Aug-2026 00:36:44,-147.762528846049,-40.3294391127138,0,25,25,25,5,-40.3294391127138
01-Aug-2026 00:36:46,-148.143249506883,-40.7101597735475,0,25,25,25,6,-40.7101597735475
01-Aug-2026 00:36:48,-148.48213623775,-41.0490465044148,0,26,26,26,7,-41.0490465044148
01-Aug-2026 00:36:50,-147.777361596623,-40.3442718632881,0,26,26,26,8,-40.3442718632881
01-Aug-2026 00:36:52,-147.878376110112,-40.4452863767769,0,26,26,26,11,-40.4452863767769
01-Aug-2026 00:36:54,-147.684122670623,-40.2510329372877,0,26,26,26,12,-40.2510329372877
01-Aug-2026 00:36:56,-147.887894873323,-40.4548051399881,0,26,26,26,12,-40.4548051399881
01-Aug-2026 00:36:58,-147.544492515285,-40.1114027819503,0,26,26,26,11,-40.1114027819503
01-Aug-2026 00:37:00,-147.616343652974,-40.1832539196391,0,26,26,26,10,-40.1832539196391
01-Aug-2026 00:37:02,-147.199585046213,-39.7664953128783,0,26,26,26,12,-39.7664953128783
01-Aug-2026 00:37:04,-147.211651403025,-39.77856166969,0,26,26,26,10,-39.77856166969
01-Aug-2026 00:37:06,-147.541275566872,-40.1081858335369,0,26,26,26,12,-40.1081858335369
01-Aug-2026 00:37:08,-146.54891445582,-39.1158247224849,0,27,27,27,13,-39.1158247224849
01-Aug-2026 00:37:10,-146.778698080798,-39.3456083474632,0,27,27,27,14,-39.3456083474632
01-Aug-2026 00:37:12,-163.031712857847,-55.5986231245114,0,27,27,27,12,-55.5986231245114
01-Aug-2026 00:37:14,-156.172821536608,-48.739731803273,0,28,28,28,14,-24.4205026076118
01-Aug-2026 00:37:16,-155.896872856846,-48.4637831235106,0,28,28,28,13,-22.1190239328261
01-Aug-2026 00:37:18,-156.162604809994,-48.7295150766585,0,28,28,28,12,-48.7295150766585
01-Aug-2026 00:37:20,-158.67208999067,-51.2390002573353,0,28,28,28,10,-51.2390002573353
01-Aug-2026 00:37:22,-149.38724191528,-41.9541521819445,0,27,27,27,11,-41.9541521819445
01-Aug-2026 00:37:24,-149.090020720276,-41.6569309869407,0,27,27,27,12,-7.8461314714614
01-Aug-2026 00:37:26,-149.276449329925,-41.8433595965897,0,27,27,27,13,-9.16398791033234
01-Aug-2026 00:37:28,-149.099495502197,-41.6664057688613,0,27,27,27,12,-10.7565822554633
01-Aug-2026 00:37:30,-148.636735553812,-41.2036458204767,0,27,27,27,13,-11.9954897926536
01-Aug-2026 00:37:32,-148.097049955853,-40.6639602225183,0,28,28,28,12,-14.3083416949488
01-Aug-2026 00:37:34,-147.832514192236,-40.3994244589012,0,29,29,29,12,-15.4151232510935
01-Aug-2026 00:37:36,-147.66511454497,-40.2320248116343,0,29,29,29,12,-16.5978503559569
01-Aug-2026 00:37:38,-147.315121868673,-39.8820321353378,0,29,29,29,14,-18.4060496283558
01-Aug-2026 00:37:40,-165.876969294368,-58.443879561033,0,29,29,29,14,-19.0284608075289
01-Aug-2026 00:37:42,-165.959845567154,-58.5267558338186,0,29,29,29,15,-20.0519064239765
01-Aug-2026 00:37:44,-128.256767365438,-20.8236776321028,0,29,29,29,13,-20.7569586867802
01-Aug-2026 00:37:46,-128.752320756848,-21.3192310235127,0,29,29,29,15,-21.242254465403
01-Aug-2026 00:37:48,-129.940106790554,-22.5070170572193,0,29,29,29,15,-22.3918077370259
01-Aug-2026 00:37:50,-130.761856026402,-23.328766293067,0,28,28,28,15,-23.1802194696359
01-Aug-2026 00:37:52,-131.454234202127,-24.0211444687922,0,28,28,28,13,-23.7946217900197
01-Aug-2026 00:37:54,-133.021463980641,-25.5883742473053,0,28,28,28,12,-25.1817922366396
01-Aug-2026 00:37:56,-134.013231909445,-26.5801421761098,0,28,28,28,13,-25.9409692400499
01-Aug-2026 00:37:58,-134.811633907974,-27.3785441746392,0,28,28,28,11,-27.3785441746392
01-Aug-2026 00:38:00,-150.157457512769,-42.7243677794339,0,28,28,28,11,-42.7243677794339
01-Aug-2026 00:38:02,-150.443979862396,-43.0108901290612,0,28,28,28,10,-43.0108901290612
01-Aug-2026 00:38:04,-150.413479452889,-42.9803897195533,0,28,28,28,10,-42.9803897195533
01-Aug-2026 00:38:06,-150.53642163861,-43.1033319052752,0,27,27,27,10,-43.1033319052752
01-Aug-2026 00:38:08,-150.355984427099,-42.9228946937639,0,27,27,27,11,-42.9228946937639
01-Aug-2026 00:38:10,-152.385376533903,-44.9522868005675,0,26,26,26,9,-44.9522868005675
01-Aug-2026 00:38:12,-149.186884370508,-41.7537946371727,0,25,25,25,10,-41.7537946371727
01-Aug-2026 00:38:14,-149.590795749548,-42.157706016213,0,25,25,25,11,-17.51625375757
01-Aug-2026 00:38:16,-150.063118109385,-42.6300283760497,0,25,25,25,14,-17.2117878309697
01-Aug-2026 00:38:18,-151.888192634278,-44.4551029009432,0,25,25,25,15,-17.1582347688129
01-Aug-2026 00:38:20,-152.085696241099,-44.6526065077641,0,25,25,25,15,-18.3214183956235
01-Aug-2026 00:38:22,-156.439842132547,-49.0067523992116,0,25,25,25,15,-25.2461624790078
01-Aug-2026 00:38:24,-149.157306385003,-41.7242166516677,0,26,26,26,16,-25.7221100518696
01-Aug-2026 00:38:26,-149.277611792699,-41.8445220593637,0,26,26,26,16,-27.1884196799066
01-Aug-2026 00:38:28,-149.78472042664,-42.3516306933045,0,26,26,26,17,-28.2633007869902
01-Aug-2026 00:38:30,-149.9147545867,-42.4816648533653,0,25,25,25,17,-29.8268379178201
01-Aug-2026 00:38:32,-150.253446205701,-42.8203564723659,0,25,25,25,17,-30.7423938020857
01-Aug-2026 00:38:34,-139.256258230357,-31.8231684970221,0,25,25,25,16,-31.8231684970221
01-Aug-2026 00:38:36,-139.676733345299,-32.2436436119642,0,25,25,25,16,-32.2436436119642
01-Aug-2026 00:38:38,-140.180530044262,-32.7474403109268,0,25,25,25,14,-32.7474403109268
01-Aug-2026 00:38:40,-140.975964308918,-33.5428745755831,0,25,25,25,13,-33.5428745755831
01-Aug-2026 00:38:42,-141.84353321469,-34.4104434813544,0,25,25,25,14,-34.4104434813544
01-Aug-2026 00:38:44,-142.145899820758,-34.7128100874229,0,25,25,25,12,-34.7128100874229
01-Aug-2026 00:38:46,-142.208212652715,-34.7751229193801,0,25,25,25,14,-34.7751229193801
01-Aug-2026 00:38:48,-139.879029486121,-32.445939752786,0,25,25,25,12,-32.445939752786
01-Aug-2026 00:38:50,-140.996077246415,-33.5629875130802,0,25,25,25,11,-33.5629875130802
01-Aug-2026 00:38:52,-141.551569033168,-34.1184792998333,0,25,25,25,12,-34.1184792998333
01-Aug-2026 00:38:54,-141.950256227592,-34.5171664942568,0,25,25,25,12,-34.5171664942568
01-Aug-2026 00:38:56,-142.243190157493,-34.8101004241581,0,25,25,25,12,-34.8101004241581
01-Aug-2026 00:38:58,-142.383721754848,-34.9506320215133,0,25,25,25,10,-34.9506320215133
01-Aug-2026 00:39:00,-142.407263534068,-34.9741738007332,0,25,25,25,12,-34.9741738007332
01-Aug-2026 00:39:02,-142.688167608365,-35.2550778750295,0,25,25,25,12,-35.2550778750295
01-Aug-2026 00:39:04,-143.025123467236,-35.5920337339006,0,25,25,25,12,-35.5920337339006
01-Aug-2026 00:39:06,-142.716589247169,-35.2834995138337,0,25,25,25,12,-35.2834995138337
01-Aug-2026 00:39:08,-142.901951795428,-35.4688620620928,0,25,25,25,12,-35.4688620620928
01-Aug-2026 00:39:10,-143.606787846899,-36.1736981135635,0,27,27,27,12,-36.1736981135635
01-Aug-2026 00:39:12,-143.778657146335,-36.345567413,0,27,27,27,13,-36.345567413
01-Aug-2026 00:39:14,-143.753613996046,-36.3205242627111,0,27,27,27,11,-36.3205242627111
01-Aug-2026 00:39:16,-143.979821917239,-36.5467321839033,0,27,27,27,12,-36.5467321839033
01-Aug-2026 00:39:18,-144.351724696742,-36.9186349634072,0,27,27,27,13,-36.9186349634072
01-Aug-2026 00:39:20,-147.265555124867,-39.8324653915314,0,27,27,27,14,-39.8324653915314
01-Aug-2026 00:39:22,-147.273935887558,-39.8408461542227,0,27,27,27,14,-39.8408461542227
01-Aug-2026 00:39:24,-147.282538363839,-39.8494486305041,0,27,27,27,13,-39.8494486305041
01-Aug-2026 00:39:26,-147.376778164278,-39.9436884309428,0,27,27,27,13,-39.9436884309428
01-Aug-2026 00:39:28,-148.284752107606,-40.851662374271,0,27,27,27,15,-40.851662374271
01-Aug-2026 00:39:30,-148.860867568283,-41.427777834948,0,27,27,27,15,-41.427777834948
01-Aug-2026 00:39:32,-149.470827841627,-42.0377381082921,0,27,27,27,17,-42.0377381082921
01-Aug-2026 00:39:34,-149.543561767603,-42.1104720342678,0,27,27,27,14,-42.1104720342678
01-Aug-2026 00:39:36,-150.84910108477,-43.4160113514353,0,27,27,27,13,-43.4160113514353
01-Aug-2026 00:39:38,-151.291963028156,-43.8588732948207,0,27,27,27,14,-43.8588732948207
01-Aug-2026 00:39:40,-152.116875364694,-44.6837856313593,0,27,27,27,12,-44.6837856313593
01-Aug-2026 00:39:42,-152.088140368222,-44.6550506348867,0,28,28,28,12,-44.6550506348867
01-Aug-2026 00:39:44,-151.877358488,-44.4442687546652,0,28,28,28,12,-44.4442687546652
01-Aug-2026 00:39:46,-151.955037322435,-44.5219475891003,0,28,28,28,11,-44.5219475891003
01-Aug-2026 00:39:48,-152.354317935333,-44.9212282019982,0,28,28,28,12,-44.9212282019982
01-Aug-2026 00:39:50,-152.302033006964,-44.8689432736285,0,28,28,28,11,-44.8689432736285
01-Aug-2026 00:39:52,-152.201897198746,-44.7688074654105,0,28,28,28,11,-44.7688074654105
01-Aug-2026 00:39:54,-152.704501117687,-45.2714113843516,0,28,28,28,10,-45.2714113843516
01-Aug-2026 00:39:56,-152.747562175575,-45.3144724422397,0,28,28,28,10,-45.3144724422397
01-Aug-2026 00:39:58,-152.777077117385,-45.3439873840497,0,27,27,27,10,-45.3439873840497
01-Aug-2026 00:40:00,-152.478548682533,-45.0454589491976,0,27,27,27,10,-45.0454589491976
01-Aug-2026 00:40:02,-152.943640745589,-45.5105510122538,0,26,26,26,9,-45.5105510122538
01-Aug-2026 00:40:04,-152.885577680348,-45.4524879470131,0,26,26,26,8,-45.4524879470131
01-Aug-2026 00:40:06,-149.244153898812,-41.8110641654771,0,26,26,26,12,-41.8110641654771
01-Aug-2026 00:40:08,-149.410308042177,-41.977218308842,0,26,26,26,12,-41.977218308842
01-Aug-2026 00:40:10,-153.676310595385,-46.2432208620498,0,26,26,26,11,-46.2432208620498
01-Aug-2026 00:40:12,-153.957523964738,-46.5244342314026,0,26,26,26,11,-46.5244342314026
01-Aug-2026 00:40:14,-144.526206173624,-37.0931164402891,0,26,26,26,12,-37.0931164402891
01-Aug-2026 00:40:16,-144.524094401814,-37.0910046684784,0,26,26,26,12,-37.0910046684784
01-Aug-2026 00:40:18,-144.660201494307,-37.2271117609722,0,25,25,25,11,-37.2271117609722
01-Aug-2026 00:40:20,-144.50853118307,-37.075441449735,0,25,25,25,12,-37.075441449735
01-Aug-2026 00:40:22,-144.423441928137,-36.9903521948018,0,25,25,25,11,-36.9903521948018
01-Aug-2026 00:40:24,-144.103891515989,-36.6708017826538,0,25,25,25,10,-36.6708017826538
01-Aug-2026 00:40:26,-144.431504227222,-36.9984144938864,0,25,25,25,11,-36.9984144938864
01-Aug-2026 00:40:28,-144.079582340848,-36.6464926075125,0,25,25,25,11,-36.6464926075125
01-Aug-2026 00:40:30,-143.915623488027,-36.4825337546917,0,25,25,25,11,-36.4825337546917
01-Aug-2026 00:40:32,-142.396303505767,-34.9632137724323,0,25,25,25,14,-34.9632137724323
01-Aug-2026 00:40:34,-135.270528544393,-27.837438811058,0,25,25,25,14,-27.837438811058
01-Aug-2026 00:40:36,-134.327380372864,-26.8942906395284,0,25,25,25,14,-26.8942906395284
01-Aug-2026 00:40:38,-133.658825580393,-26.225735847058,0,25,25,25,13,-26.225735847058
01-Aug-2026 00:40:40,-132.362600001589,-24.9295102682534,0,26,26,26,11,-24.9295102682534
01-Aug-2026 00:40:42,-131.53091159139,-24.0978218580544,0,26,26,26,11,-24.0978218580544
01-Aug-2026 00:40:44,-144.950588243962,-37.5174985106264,0,26,26,26,11,-37.5174985106264
01-Aug-2026 00:40:46,-144.370465407175,-36.9373756738398,0,26,26,26,12,-36.9373756738398
01-Aug-2026 00:40:48,-143.81373768852,-36.3806479551853,0,26,26,26,12,-36.3806479551853
01-Aug-2026 00:40:50,-143.644566135715,-36.2114764023796,0,26,26,26,11,-36.2114764023796
01-Aug-2026 00:40:52,-142.779361764635,-35.3462720312998,0,26,26,26,13,-35.3462720312998
01-Aug-2026 00:40:54,-142.666591494249,-35.2335017609139,0,26,26,26,12,-35.2335017609139
01-Aug-2026 00:40:56,-142.605287646151,-35.1721979128162,0,27,27,27,14,-35.1721979128162
01-Aug-2026 00:40:58,-141.94725293641,-34.5141632030752,0,27,27,27,13,-34.5141632030752
01-Aug-2026 00:41:00,-141.256610559303,-33.8235208259682,0,27,27,27,12,-33.8235208259682
01-Aug-2026 00:41:02,-141.764803857368,-34.3317141240327,0,27,27,27,10,-34.3317141240327
01-Aug-2026 00:41:04,-141.123816109877,-33.6907263765423,0,27,27,27,14,-33.6907263765423
01-Aug-2026 00:41:06,-140.991883194621,-33.5587934612859,0,27,27,27,15,-33.5587934612859
01-Aug-2026 00:41:08,-140.318360662558,-32.8852709292224,0,27,27,27,15,-32.8852709292224
01-Aug-2026 00:41:10,-139.739414250233,-32.306324516898,0,27,27,27,15,-32.306324516898
01-Aug-2026 00:41:12,-139.370933263081,-31.9378435297461,0,27,27,27,15,-31.9378435297461
01-Aug-2026 00:41:14,-138.932592944457,-31.4995032111218,0,27,27,27,15,-31.4995032111218
01-Aug-2026 00:41:16,-138.618286367492,-31.1851966341568,0,27,27,27,15,-31.1851966341568
01-Aug-2026 00:41:18,-137.424703308136,-29.9916135748005,0,27,27,27,15,-29.9916135748005
01-Aug-2026 00:41:20,-144.051642466757,-36.6185527334221,0,28,28,28,16,-36.6185527334221
01-Aug-2026 00:41:22,-142.946533521439,-35.513443788104,0,28,28,28,16,-35.513443788104
01-Aug-2026 00:41:24,-142.652635123518,-35.2195453901831,0,29,29,29,17,-35.2195453901831
01-Aug-2026 00:41:26,-142.827578532537,-35.3944887992017,0,29,29,29,18,-35.3944887992017
01-Aug-2026 00:41:28,-141.814915291457,-34.381825558122,0,29,29,29,16,-34.381825558122
01-Aug-2026 00:41:30,-140.975935120763,-33.5428453874276,0,29,29,29,13,-33.5428453874276
01-Aug-2026 00:41:32,-152.539378448183,-45.1062887148478,0,29,29,29,14,-32.978769693914
01-Aug-2026 00:41:34,-152.999614272655,-45.5665245393202,0,29,29,29,15,-32.4852419662676
01-Aug-2026 00:41:36,-153.08263708889,-45.6495473555552,0,28,28,28,15,-32.2968185075408
01-Aug-2026 00:41:38,-153.669360335878,-46.2362706025424,0,29,29,29,16,-31.7902230945224
01-Aug-2026 00:41:40,-154.124817272657,-46.6917275393218,0,28,28,28,15,-46.6917275393218
01-Aug-2026 00:41:42,-154.577479632369,-47.1443898990336,0,28,28,28,15,-47.1443898990336
01-Aug-2026 00:41:44,-156.556380716129,-49.1232909827935,0,28,28,28,13,-49.1232909827935
01-Aug-2026 00:41:46,-157.294535166133,-49.8614454327979,0,28,28,28,13,-28.4939316296395
01-Aug-2026 00:41:48,-157.733412527041,-50.3003227937062,0,28,28,28,15,-50.3003227937062
01-Aug-2026 00:41:50,-158.189747572015,-50.7566578386794,0,28,28,28,16,-50.7566578386794
01-Aug-2026 00:41:52,-158.314654572987,-50.881564839652,0,28,28,28,15,-50.881564839652
01-Aug-2026 00:41:54,-160.693964330841,-53.2608745975056,0,26,26,26,14,-53.2608745975056
01-Aug-2026 00:41:56,-160.26786382095,-52.8347740876144,0,26,26,26,13,-17.1845726635849
01-Aug-2026 00:41:58,-160.814816575825,-53.3817268424897,0,26,26,26,13,-16.1091029398631
01-Aug-2026 00:42:00,-160.077206266524,-52.6441165331891,0,26,26,26,12,-14.3260743605221
01-Aug-2026 00:42:02,-159.955921989415,-52.5228322560801,0,26,26,26,12,-12.1863873521859
01-Aug-2026 00:42:04,-160.158247889525,-52.7251581561901,0,26,26,26,12,-52.7251581561901
01-Aug-2026 00:42:06,-141.968488697114,-34.5353989637789,0,26,26,26,10,-34.5353989637789
01-Aug-2026 00:42:08,-142.002422079821,-34.5693323464861,0,26,26,26,10,-34.5693323464861
01-Aug-2026 00:42:10,-141.156014587962,-33.7229248546267,0,26,26,26,12,-33.7229248546267
01-Aug-2026 00:42:12,-141.574504997919,-34.1414152645838,0,26,26,26,11,-18.0841908482392
01-Aug-2026 00:42:14,-142.042097778576,-34.6090080452403,0,26,26,26,12,-20.0301735783713
01-Aug-2026 00:42:16,-142.612690023357,-35.1796002900216,0,26,26,26,12,-21.4441159083628
01-Aug-2026 00:42:18,-142.736054024614,-35.3029642912788,0,26,26,26,14,-23.0121668939
01-Aug-2026 00:42:20,-142.837883311314,-35.4047935779792,0,26,26,26,13,-24.7786605097554
01-Aug-2026 00:42:22,-143.389628905448,-35.956539172113,0,25,25,25,13,-26.7129070727117
01-Aug-2026 00:42:24,-143.889595987722,-36.4565062543869,0,25,25,25,12,-27.4071456775051
01-Aug-2026 00:42:26,-135.968424333181,-28.5353345998455,0,25,25,25,11,-28.5353345998455
01-Aug-2026 00:42:28,-137.222174963757,-29.7890852304223,0,25,25,25,11,-29.7890852304223
01-Aug-2026 00:42:30,-137.789318686512,-30.3562289531772,0,25,25,25,11,-30.3562289531772
01-Aug-2026 00:42:32,-138.066870672734,-30.6337809393987,0,25,25,25,12,-30.6337809393987
01-Aug-2026 00:42:34,-132.460325872021,-25.0272361386857,0,25,25,25,13,-25.0272361386857
01-Aug-2026 00:42:36,-133.774944552141,-26.3418548188062,0,25,25,25,13,-26.3418548188062
01-Aug-2026 00:42:38,-135.585687761952,-28.1525980286165,0,25,25,25,14,-28.1525980286165
01-Aug-2026 00:42:40,-136.11448066471,-28.681390931375,0,25,25,25,15,-28.681390931375
01-Aug-2026 00:42:42,-136.731761735216,-29.298672001881,0,25,25,25,15,-29.298672001881
01-Aug-2026 00:42:44,-137.27010793617,-29.837018202835,0,25,25,25,14,-29.837018202835
01-Aug-2026 00:42:46,-137.961829446521,-30.5287397131857,0,25,25,25,15,-30.5287397131857
01-Aug-2026 00:42:48,-138.370010497407,-30.9369207640721,0,25,25,25,17,-30.9369207640721
01-Aug-2026 00:42:50,-138.411792686101,-30.9787029527658,0,25,25,25,17,-30.9787029527658
01-Aug-2026 00:42:52,-138.605243819769,-31.1721540864341,0,25,25,25,17,-31.1721540864341
01-Aug-2026 00:42:54,-139.243387655306,-31.8102979219708,0,25,25,25,16,-31.8102979219708
01-Aug-2026 00:42:56,-143.807509858158,-36.3744201248229,0,25,25,25,17,-36.3744201248229
01-Aug-2026 00:42:58,-145.96705801406,-38.5339682807246,0,25,25,25,17,-38.5339682807246
01-Aug-2026 00:43:00,-144.481052731341,-37.0479629980062,0,26,26,26,17,-37.0479629980062
01-Aug-2026 00:43:02,-144.646884095494,-37.2137943621593,0,26,26,26,17,-37.2137943621593
01-Aug-2026 00:43:04,-146.407703520551,-38.974613787216,0,26,26,26,17,-38.974613787216
01-Aug-2026 00:43:06,-149.410126991087,-41.9770372577522,0,26,26,26,17,-41.9770372577522
01-Aug-2026 00:43:08,-148.754688045828,-41.321598312493,0,26,26,26,18,-41.321598312493
01-Aug-2026 00:43:10,-149.354763752964,-41.9216740196292,0,25,25,25,17,-41.9216740196292
01-Aug-2026 00:43:12,-149.145211755221,-41.712122021886,0,26,26,26,15,-41.712122021886
01-Aug-2026 00:43:14,-149.123491008287,-41.6904012749523,0,26,26,26,14,-41.6904012749523
01-Aug-2026 00:43:16,-149.296766030221,-41.8636762968862,0,27,27,27,15,-41.8636762968862
01-Aug-2026 00:43:18,-149.331218304732,-41.8981285713972,0,27,27,27,14,-41.8981285713972
01-Aug-2026 00:43:20,-149.480439588046,-42.0473498547103,0,27,27,27,14,-42.0473498547103
01-Aug-2026 00:43:22,-149.421123239603,-41.9880335062679,0,27,27,27,15,-41.9880335062679
01-Aug-2026 00:43:24,-151.067687082192,-43.6345973488567,0,27,27,27,13,-43.6345973488567
01-Aug-2026 00:43:26,-151.114818115653,-43.6817283823181,0,27,27,27,12,-43.6817283823181
01-Aug-2026 00:43:28,-152.766937243332,-45.3338475099967,0,27,27,27,11,-45.3338475099967
01-Aug-2026 00:43:30,-153.865566956424,-46.432477223089,0,27,27,27,9,-46.432477223089
01-Aug-2026 00:43:32,-153.666271679299,-46.233181945964,0,28,28,28,10,-46.233181945964
01-Aug-2026 00:43:34,-153.367511827283,-45.9344220939474,0,29,29,29,10,-45.9344220939474
01-Aug-2026 00:43:36,-153.452453310756,-46.0193635774211,0,28,28,28,12,-46.0193635774211
01-Aug-2026 00:43:38,-153.380725916573,-45.9476361832374,0,28,28,28,11,-45.9476361832374
01-Aug-2026 00:43:40,-153.510532767987,-46.0774430346515,0,28,28,28,11,-46.0774430346515
01-Aug-2026 00:43:42,-153.851101859154,-46.4180121258193,0,28,28,28,12,-46.4180121258193
01-Aug-2026 00:43:44,-153.586962831303,-46.1538730979678,0,28,28,28,12,-46.1538730979678
01-Aug-2026 00:43:46,-152.782293962513,-45.3492042291782,0,28,28,28,13,-45.3492042291782
01-Aug-2026 00:43:48,-152.796315062711,-45.3632253293755,0,27,27,27,11,-45.3632253293755
01-Aug-2026 00:43:50,-153.245702731107,-45.8126129977716,0,27,27,27,12,-45.8126129977716
01-Aug-2026 00:43:52,-152.602486419272,-45.1693966859373,0,27,27,27,10,-45.1693966859373
01-Aug-2026 00:43:54,-152.781221926657,-45.3481321933222,0,26,26,26,8,-45.3481321933222
01-Aug-2026 00:43:56,-152.413222781232,-44.9801330478973,0,26,26,26,8,-44.9801330478973
01-Aug-2026 00:43:58,-153.302613783385,-45.86952405005,0,26,26,26,8,-45.86952405005
01-Aug-2026 00:44:00,-153.318385407519,-45.8852956741841,0,26,26,26,7,-45.8852956741841
01-Aug-2026 00:44:02,-153.666189899985,-46.23310016665,0,26,26,26,7,-46.23310016665
01-Aug-2026 00:44:04,-153.669918452528,-46.2368287191932,0,26,26,26,7,-46.2368287191932
01-Aug-2026 00:44:06,-153.697067268216,-46.2639775348812,0,26,26,26,8,-46.2639775348812
01-Aug-2026 00:44:08,-130.148277369479,-22.7151876361438,0,26,26,26,11,-22.7151876361438
01-Aug-2026 00:44:10,-129.672022423952,-22.2389326906173,0,26,26,26,12,-22.2389326906173
01-Aug-2026 00:44:12,-132.926231666152,-25.493141932817,0,26,26,26,11,-25.493141932817
01-Aug-2026 00:44:14,-133.455884789179,-26.0227950558441,0,26,26,26,10,-26.0227950558441
01-Aug-2026 00:44:16,-133.810328494809,-26.3772387614743,0,26,26,26,10,-26.3772387614743
01-Aug-2026 00:44:18,-134.02644327093,-26.5933535375945,0,25,25,25,9,-26.5933535375945
01-Aug-2026 00:44:20,-134.444971700336,-27.0118819670006,0,25,25,25,8,-27.0118819670006
01-Aug-2026 00:44:22,-135.004543897806,-27.5714541644712,0,25,25,25,8,-27.5714541644712
01-Aug-2026 00:44:24,-135.22641932475,-27.7933295914146,0,25,25,25,9,-27.7933295914146
01-Aug-2026 00:44:26,-135.004254152041,-27.5711644187058,0,25,25,25,10,-27.5711644187058
01-Aug-2026 00:44:28,-134.932025296766,-27.4989355634307,0,25,25,25,9,-27.4989355634307
01-Aug-2026 00:44:30,-135.323063024554,-27.8899732912184,0,25,25,25,10,-27.8899732912184
01-Aug-2026 00:44:32,-134.458115847606,-27.0250261142704,0,25,25,25,10,-27.0250261142704
01-Aug-2026 00:44:34,-134.459219448656,-27.026129715321,0,26,26,26,11,-27.026129715321
01-Aug-2026 00:44:36,-134.637919878881,-27.2048301455454,0,26,26,26,10,-27.2048301455454
01-Aug-2026 00:44:38,-134.424345370256,-26.9912556369206,0,25,25,25,9,-26.9912556369206
01-Aug-2026 00:44:40,-153.551577330312,-46.118487596977,0,26,26,26,10,-27.1268232866274
01-Aug-2026 00:44:42,-153.28715981217,-45.8540700788352,0,26,26,26,9,-26.9414329773615
01-Aug-2026 00:44:44,-153.546769165556,-46.1136794322208,0,26,26,26,10,-26.8649245810826
01-Aug-2026 00:44:46,-154.458677948429,-47.0255882150937,0,26,26,26,10,-26.7654384529816
01-Aug-2026 00:44:48,-154.454686256867,-47.0215965235317,0,26,26,26,11,-26.5177938467988
01-Aug-2026 00:44:50,-154.232763907081,-46.7996741737457,0,26,26,26,11,-25.6432749705207
01-Aug-2026 00:44:52,-154.409956902375,-46.9768671690397,0,27,27,27,12,-24.7019380923483
01-Aug-2026 00:44:54,-154.650738964552,-47.2176492312171,0,27,27,27,11,-47.2176492312171
01-Aug-2026 00:44:56,-154.804034445412,-47.3709447120764,0,27,27,27,11,-47.3709447120764
01-Aug-2026 00:44:58,-154.649654216201,-47.2165644828661,0,27,27,27,13,-47.2165644828661
01-Aug-2026 00:45:00,-157.800709487465,-50.36761975413,0,27,27,27,12,-50.36761975413
01-Aug-2026 00:45:02,-158.153983459546,-50.7208937262109,0,27,27,27,13,-50.7208937262109
01-Aug-2026 00:45:04,-158.463230607115,-51.03014087378,0,27,27,27,13,-51.03014087378
01-Aug-2026 00:45:06,-158.827582865245,-51.3944931319099,0,27,27,27,13,-51.3944931319099
01-Aug-2026 00:45:08,-158.604800195173,-51.1717104618376,0,27,27,27,12,-51.1717104618376
01-Aug-2026 00:45:10,-158.216732515093,-50.7836427817574,0,28,28,28,13,-50.7836427817574
01-Aug-2026 00:45:12,-141.472277777864,-34.0391880445289,0,28,28,28,16,-34.0391880445289
01-Aug-2026 00:45:14,-141.166455321706,-33.733365588371,0,28,28,28,14,-33.733365588371
01-Aug-2026 00:45:16,-164.657294213181,-57.2242044798456,0,29,29,29,13,-57.2242044798456
01-Aug-2026 00:45:18,-165.289774070908,-57.8566843375726,0,29,29,29,12,-57.8566843375726
01-Aug-2026 00:45:20,-165.116424929836,-57.6833351965005,0,29,29,29,12,-57.6833351965005
01-Aug-2026 00:45:22,-165.257048481265,-57.8239587479297,0,29,29,29,12,-57.8239587479297
01-Aug-2026 00:45:24,-165.209910888916,-57.7768211555809,0,29,29,29,13,-32.7353446840129
01-Aug-2026 00:45:26,-164.51004751893,-57.0769577855946,0,28,28,28,13,-32.5736098141024
01-Aug-2026 00:45:28,-164.267500517319,-56.8344107839842,0,29,29,29,13,-32.2056369030002
01-Aug-2026 00:45:30,-164.216874198355,-56.7837844650195,0,29,29,29,12,-32.1582598088857
01-Aug-2026 00:45:32,-140.136253279933,-32.7031635465983,0,28,28,28,13,-28.7229890363802
01-Aug-2026 00:45:34,-164.282143287405,-56.8490535540702,0,28,28,28,11,-56.8490535540702
01-Aug-2026 00:45:36,-164.055041308865,-56.6219515755301,0,27,27,27,12,-56.6219515755301
01-Aug-2026 00:45:38,-163.752545000856,-56.3194552675212,0,27,27,27,12,-56.3194552675212
01-Aug-2026 00:45:40,-163.189262226405,-55.7561724930695,0,28,28,28,13,-55.7561724930695
01-Aug-2026 00:45:42,-163.210482565665,-55.7773928323303,0,28,28,28,11,-55.7773928323303
01-Aug-2026 00:45:44,-163.150874777699,-55.7177850443635,0,27,27,27,8,-55.7177850443635
01-Aug-2026 00:45:46,-162.79400764303,-55.3609179096946,0,27,27,27,7,-55.3609179096946
01-Aug-2026 00:45:48,-166.738203457268,-59.3051137239331,0,27,27,27,7,-59.3051137239331
01-Aug-2026 00:45:50,-161.247643807316,-53.8145540739804,0,27,27,27,8,-53.8145540739804
01-Aug-2026 00:45:52,-151.587606085927,-44.1545163525917,0,26,26,26,10,-44.1545163525917
01-Aug-2026 00:45:54,-152.138222915667,-44.7051331823321,0,26,26,26,9,-44.7051331823321
01-Aug-2026 00:45:56,-152.271724544057,-44.8386348107219,0,26,26,26,9,-44.8386348107219
01-Aug-2026 00:45:58,-151.718445954691,-44.2853562213554,0,26,26,26,10,-44.2853562213554
01-Aug-2026 00:46:00,-150.311248540603,-42.8781588072676,0,26,26,26,11,-42.8781588072676
01-Aug-2026 00:46:02,-150.574365394821,-43.141275661486,0,26,26,26,12,-43.141275661486
01-Aug-2026 00:46:04,-150.629856031971,-43.1967662986357,0,26,26,26,10,-43.1967662986357
01-Aug-2026 00:46:06,-153.656356636135,-46.2232669027993,0,26,26,26,10,-46.2232669027993
01-Aug-2026 00:46:08,-153.508688114149,-46.0755983808134,0,26,26,26,9,-46.0755983808134
01-Aug-2026 00:46:10,-152.903749977569,-45.470660244234,0,26,26,26,10,-45.470660244234
01-Aug-2026 00:46:12,-153.518061523671,-46.0849717903355,0,26,26,26,8,-46.0849717903355
01-Aug-2026 00:46:14,-153.184663683588,-45.7515739502527,0,26,26,26,9,-45.7515739502527
01-Aug-2026 00:46:16,-153.476098537181,-46.0430088038459,0,25,25,25,10,-46.0430088038459
01-Aug-2026 00:46:18,-153.553663033804,-46.1205733004688,0,25,25,25,9,-46.1205733004688
01-Aug-2026 00:46:20,-145.993671804105,-38.5605820707695,0,25,25,25,10,-38.5605820707695
01-Aug-2026 00:46:22,-145.471991328812,-38.0389015954773,0,25,25,25,12,-38.0389015954773
01-Aug-2026 00:46:24,-145.543947210199,-38.1108574768642,0,25,25,25,12,-38.1108574768642
01-Aug-2026 00:46:26,-145.793967096395,-38.3608773630594,0,25,25,25,13,-38.3608773630594
01-Aug-2026 00:46:28,-145.357292611455,-37.9242028781196,0,25,25,25,12,-37.9242028781196
01-Aug-2026 00:46:30,-145.312297656264,-37.8792079229292,0,25,25,25,11,-37.8792079229292
01-Aug-2026 00:46:32,-145.647776495395,-38.2146867620602,0,25,25,25,11,-38.2146867620602
01-Aug-2026 00:46:34,-145.473781779144,-38.0406920458093,0,25,25,25,11,-38.0406920458093
01-Aug-2026 00:46:36,-140.610764024764,-33.1776742914289,0,25,25,25,13,-33.1776742914289
01-Aug-2026 00:46:38,-141.728197731006,-34.2951079976712,0,25,25,25,12,-34.2951079976712
01-Aug-2026 00:46:40,-141.236062197195,-33.8029724638598,0,25,25,25,11,-33.8029724638598
01-Aug-2026 00:46:42,-141.325411188045,-33.8923214547099,0,25,25,25,11,-33.8923214547099
01-Aug-2026 00:46:44,-141.820266291031,-34.3871765576956,0,25,25,25,11,-34.3871765576956
01-Aug-2026 00:46:46,-143.657040848648,-36.2239511153128,0,25,25,25,11,-36.2239511153128
01-Aug-2026 00:46:48,-143.610787066336,-36.1776973330009,0,26,26,26,12,-36.1776973330009
01-Aug-2026 00:46:50,-144.020293117937,-36.5872033846017,0,26,26,26,14,-36.5872033846017
01-Aug-2026 00:46:52,-144.40985766674,-36.9767679334049,0,26,26,26,15,-36.9767679334049
01-Aug-2026 00:46:54,-144.695754458694,-37.2626647253584,0,26,26,26,16,-37.2626647253584
01-Aug-2026 00:46:56,-144.487975122204,-37.0548853888691,0,26,26,26,16,-37.0548853888691
01-Aug-2026 00:46:58,-145.820361848225,-38.3872721148902,0,25,25,25,16,-38.3872721148902
01-Aug-2026 00:47:00,-146.609302419211,-39.1762126858755,0,25,25,25,14,-39.1762126858755
01-Aug-2026 00:47:02,-147.007948471305,-39.5748587379698,0,25,25,25,14,-39.5748587379698
01-Aug-2026 00:47:04,-149.538060679218,-42.1049709458824,0,25,25,25,10,-42.1049709458824
01-Aug-2026 00:47:06,-149.67849546989,-42.2454057365551,0,25,25,25,10,-42.2454057365551
01-Aug-2026 00:47:08,-151.326652745621,-43.8935630122863,0,26,26,26,9,-43.8935630122863
01-Aug-2026 00:47:10,-151.383799186201,-43.9507094528656,0,26,26,26,8,-43.9507094528656
01-Aug-2026 00:47:12,-151.030089699925,-43.5969999665902,0,26,26,26,8,-43.5969999665902
01-Aug-2026 00:47:14,-150.991679524196,-43.5585897908607,0,26,26,26,7,-43.5585897908607
01-Aug-2026 00:47:16,-150.764278187427,-43.3311884540917,0,27,27,27,6,-43.3311884540917
01-Aug-2026 00:47:18,-151.027825141412,-43.5947354080768,0,27,27,27,6,-43.5947354080768
01-Aug-2026 00:47:20,-151.272863047815,-43.8397733144795,0,28,28,28,6,-43.8397733144795
01-Aug-2026 00:47:22,-151.901628438661,-44.4685387053257,0,28,28,28,5,-44.4685387053257
01-Aug-2026 00:47:24,-151.760220095096,-44.327130361761,0,29,29,29,6,-44.327130361761
01-Aug-2026 00:47:26,-170.76457268794,-63.3314829546051,0,29,29,29,5,-63.3314829546051
01-Aug-2026 00:47:28,-169.516542921385,-62.0834531880496,0,28,28,28,6,-62.0834531880496
01-Aug-2026 00:47:30,-169.252211819156,-61.8191220858212,0,28,28,28,6,-61.8191220858212
01-Aug-2026 00:47:32,-163.732323549649,-56.2992338163139,0,28,28,28,6,-56.2992338163139
01-Aug-2026 00:47:34,-163.980854076455,-56.5477643431196,0,28,28,28,7,-56.5477643431196
01-Aug-2026 00:47:36,-163.771845490033,-56.3387557566978,0,27,27,27,8,-56.3387557566978
01-Aug-2026 00:47:38,-163.709178194345,-56.2760884610095,0,27,27,27,7,-56.2760884610095
01-Aug-2026 00:47:40,-159.05251453392,-51.6194248005844,0,27,27,27,10,-51.6194248005844
01-Aug-2026 00:47:42,-159.777893731478,-52.3448039981424,0,27,27,27,10,-52.3448039981424
01-Aug-2026 00:47:44,-159.362101168253,-51.9290114349176,0,27,27,27,10,-51.9290114349176
01-Aug-2026 00:47:46,-159.410318276445,-51.9772285431102,0,26,26,26,9,-51.9772285431102
01-Aug-2026 00:47:48,-163.963000471473,-56.529910738138,0,26,26,26,8,-56.529910738138
01-Aug-2026 00:47:50,-164.756948667934,-57.3238589345993,0,26,26,26,7,-57.3238589345993
01-Aug-2026 00:47:52,-164.608149457025,-57.1750597236902,0,26,26,26,7,-57.1750597236902
01-Aug-2026 00:47:54,-163.919376769048,-56.4862870357126,0,26,26,26,7,-56.4862870357126
01-Aug-2026 00:47:56,-163.696170744255,-56.2630810109194,0,26,26,26,8,-56.2630810109194
01-Aug-2026 00:47:58,-163.814140023555,-56.3810502902193,0,26,26,26,9,-56.3810502902193
01-Aug-2026 00:48:00,-163.998794718407,-56.565704985072,0,26,26,26,10,-56.565704985072
01-Aug-2026 00:48:02,-163.621917837571,-56.1888281042361,0,26,26,26,12,-56.1888281042361
01-Aug-2026 00:48:04,-163.446967056676,-56.0138773233407,0,26,26,26,13,-56.0138773233407
01-Aug-2026 00:48:06,-163.529552770044,-56.0964630367091,0,26,26,26,14,-56.0964630367091
01-Aug-2026 00:48:08,-163.285484726798,-55.852394993463,0,26,26,26,14,-55.852394993463
01-Aug-2026 00:48:10,-154.326503128387,-46.8934133950523,0,26,26,26,14,-46.8934133950523
01-Aug-2026 00:48:12,-154.139974009699,-46.7068842763633,0,25,25,25,15,-46.7068842763633
01-Aug-2026 00:48:14,-150.060107061811,-42.6270173284762,0,25,25,25,14,-42.6270173284762
01-Aug-2026 00:48:16,-154.122494115033,-46.6894043816982,0,24,24,24,13,-46.6894043816982
01-Aug-2026 00:48:18,-153.9335746983,-46.5004849649649,0,24,24,24,13,-46.5004849649649
01-Aug-2026 00:48:20,-153.213710792768,-45.780621059433,0,24,24,24,12,-45.780621059433
01-Aug-2026 00:48:22,-146.077430570055,-38.6443408367198,0,25,25,25,13,-38.6443408367198
01-Aug-2026 00:48:24,-145.50999290866,-38.0769031753244,0,25,25,25,14,-38.0769031753244
01-Aug-2026 00:48:26,-144.518769921115,-37.0856801877803,0,25,25,25,15,-37.0856801877803
01-Aug-2026 00:48:28,-144.109587030197,-36.6764972968618,0,26,26,26,14,-36.6764972968618
01-Aug-2026 00:48:30,-144.058621511786,-36.6255317784504,0,26,26,26,14,-36.6255317784504
01-Aug-2026 00:48:32,-143.602376252327,-36.1692865189917,0,26,26,26,13,-36.1692865189917
01-Aug-2026 00:48:34,-143.769348260616,-36.3362585272808,0,26,26,26,11,-36.3362585272808
01-Aug-2026 00:48:36,-149.525564983847,-42.0924752505118,0,26,26,26,11,-42.0924752505118
01-Aug-2026 00:48:38,-149.079973367394,-41.6468836340589,0,26,26,26,11,-41.6468836340589
01-Aug-2026 00:48:40,-149.616350340753,-42.183260607418,0,26,26,26,10,-42.183260607418
01-Aug-2026 00:48:42,-149.181006029834,-41.7479162964983,0,26,26,26,8,-41.7479162964983
01-Aug-2026 00:48:44,-148.196453370166,-40.7633636368306,0,27,27,27,8,-40.7633636368306
01-Aug-2026 00:48:46,-147.978489578735,-40.5453998453994,0,27,27,27,9,-40.5453998453994
01-Aug-2026 00:48:48,-146.943423173032,-39.5103334396963,0,27,27,27,10,-39.5103334396963
01-Aug-2026 00:48:50,-146.160957928323,-38.7278681949883,0,27,27,27,13,-38.7278681949883
01-Aug-2026 00:48:52,-153.448440506954,-46.0153507736186,0,27,27,27,13,-46.0153507736186
01-Aug-2026 00:48:54,-140.725261387379,-33.2921716540441,0,27,27,27,14,-33.2921716540441
01-Aug-2026 00:48:56,-141.281627856805,-33.8485381234696,0,27,27,27,16,-33.8485381234696
01-Aug-2026 00:48:58,-141.366145590793,-33.9330558574582,0,27,27,27,16,-33.9330558574582
01-Aug-2026 00:49:00,-141.940087416376,-34.5069976830407,0,28,28,28,16,-34.5069976830407
01-Aug-2026 00:49:02,-141.893255988518,-34.4601662551833,0,28,28,28,17,-27.9500027162913
01-Aug-2026 00:49:04,-141.358651916841,-33.9255621835061,0,28,28,28,16,-28.4482886085761
01-Aug-2026 00:49:06,-140.928480156897,-33.4953904235614,0,29,29,29,14,-33.4953904235614
01-Aug-2026 00:49:08,-147.865365542593,-40.4322758092576,0,29,29,29,14,-40.4322758092576
01-Aug-2026 00:49:10,-147.826562542609,-40.3934728092733,0,29,29,29,13,-40.3934728092733
01-Aug-2026 00:49:12,-148.124087066708,-40.6909973333733,0,29,29,29,13,-40.6909973333733
01-Aug-2026 00:49:14,-148.474668262951,-41.0415785296162,0,29,29,29,13,-41.0415785296162
01-Aug-2026 00:49:16,-148.236752647492,-40.803662914157,0,27,27,27,13,-40.803662914157
01-Aug-2026 00:49:18,-148.030310675301,-40.5972209419658,0,27,27,27,13,-40.5972209419658
01-Aug-2026 00:49:20,-148.41190762053,-40.9788178871945,0,29,29,29,15,-27.8019551316425
01-Aug-2026 00:49:22,-148.426477224863,-40.9933874915273,0,28,28,28,11,-27.1250005343813
01-Aug-2026 00:49:24,-148.862799882559,-41.4297101492242,0,28,28,28,11,-26.5768180015913
01-Aug-2026 00:49:26,-140.644823615944,-33.2117338826093,0,28,28,28,10,-25.5371814586274
01-Aug-2026 00:49:28,-141.092092951341,-33.6590032180056,0,28,28,28,10,-24.1366306692574
01-Aug-2026 00:49:30,-140.168740762958,-32.7356510296231,0,28,28,28,10,-32.7356510296231
01-Aug-2026 00:49:32,-140.565385449486,-33.1322957161512,0,27,27,27,10,-33.1322957161512
01-Aug-2026 00:49:34,-141.351594572563,-33.9185048392277,0,27,27,27,11,-33.9185048392277
01-Aug-2026 00:49:36,-141.853388338001,-34.420298604666,0,27,27,27,11,-34.420298604666
01-Aug-2026 00:49:38,-142.462017412668,-35.028927679333,0,27,27,27,9,-35.028927679333
01-Aug-2026 00:49:40,-142.901212711024,-35.4681229776886,0,27,27,27,11,-15.1332861469427
01-Aug-2026 00:49:42,-143.010919878937,-35.5778301456016,0,27,27,27,13,-12.1801241874825
01-Aug-2026 00:49:44,-143.676762735965,-36.2436730026302,0,26,26,26,13,-9.02590918607385
01-Aug-2026 00:49:46,-144.131876277734,-36.6987865443987,0,26,26,26,13,-36.6987865443987
01-Aug-2026 00:49:48,-146.054105372219,-38.6210156388839,0,26,26,26,13,-38.6210156388839
01-Aug-2026 00:49:50,-146.589810978576,-39.1567212452404,0,26,26,26,12,-39.1567212452404
01-Aug-2026 00:49:52,-146.926861401652,-39.4937716683171,0,26,26,26,12,-39.4937716683171
01-Aug-2026 00:49:54,-147.22137095131,-39.7882812179747,0,26,26,26,12,-39.7882812179747
01-Aug-2026 00:49:56,-147.064425426161,-39.6313356928254,0,26,26,26,12,-39.6313356928254
01-Aug-2026 00:49:58,-147.152755829415,-39.7196660960799,0,26,26,26,12,-39.7196660960799
01-Aug-2026 00:50:00,-147.494831820785,-40.06174208745,0,26,26,26,13,-40.06174208745
01-Aug-2026 00:50:02,-147.62733870735,-40.1942489740151,0,26,26,26,12,-40.1942489740151
01-Aug-2026 00:50:04,-148.087353673596,-40.6542639402612,0,26,26,26,11,-40.6542639402612
01-Aug-2026 00:50:06,-148.309190723505,-40.8761009901696,0,26,26,26,11,-40.8761009901696
01-Aug-2026 00:50:08,-148.598808911421,-41.1657191780858,0,25,25,25,11,-41.1657191780858
01-Aug-2026 00:50:10,-148.612563857613,-41.1794741242774,0,25,25,25,12,-41.1794741242774
01-Aug-2026 00:50:12,-148.973303200162,-41.5402134668265,0,25,25,25,12,-41.5402134668265
01-Aug-2026 00:50:14,-149.041157150646,-41.6080674173103,0,25,25,25,13,-41.6080674173103
01-Aug-2026 00:50:16,-149.200827289464,-41.7677375561292,0,25,25,25,13,-41.7677375561292
01-Aug-2026 00:50:18,-149.34439675782,-41.9113070244848,0,25,25,25,12,-41.9113070244848
01-Aug-2026 00:50:20,-149.616806989611,-42.1837172562763,0,25,25,25,10,-42.1837172562763
01-Aug-2026 00:50:22,-149.605982209189,-42.1728924758537,0,25,25,25,9,-42.1728924758537
01-Aug-2026 00:50:24,-149.407539966009,-41.9744502326735,0,25,25,25,10,-41.9744502326735
01-Aug-2026 00:50:26,-150.025242708883,-42.592152975548,0,25,25,25,8,-42.592152975548
01-Aug-2026 00:50:28,-150.241269134055,-42.8081794007203,0,25,25,25,8,-42.8081794007203
01-Aug-2026 00:50:30,-150.161816204634,-42.7287264712986,0,25,25,25,9,-42.7287264712986
01-Aug-2026 00:50:32,-150.187165517273,-42.7540757839382,0,25,25,25,9,-42.7540757839382
01-Aug-2026 00:50:34,-150.736992905362,-43.3039031720264,0,25,25,25,9,-43.3039031720264
01-Aug-2026 00:50:36,-150.973968056691,-43.5408783233563,0,26,26,26,9,-43.5408783233563
01-Aug-2026 00:50:38,-150.875447508847,-43.4423577755113,0,26,26,26,10,-43.4423577755113
01-Aug-2026 00:50:40,-150.766532188396,-43.3334424550604,0,26,26,26,9,-43.3334424550604
01-Aug-2026 00:50:42,-147.477671893181,-40.0445821598462,0,26,26,26,13,-40.0445821598462
01-Aug-2026 00:50:44,-147.83392481087,-40.400835077535,0,25,25,25,12,-40.400835077535
01-Aug-2026 00:50:46,-144.627908867161,-37.1948191338257,0,25,25,25,13,-37.1948191338257
01-Aug-2026 00:50:48,-145.386372494341,-37.9532827610061,0,25,25,25,13,-37.9532827610061
01-Aug-2026 00:50:50,-145.664785824572,-38.2316960912366,0,25,25,25,12,-38.2316960912366
01-Aug-2026 00:50:52,-145.522275520521,-38.0891857871862,0,25,25,25,15,-38.0891857871862
01-Aug-2026 00:50:54,-145.435672948411,-38.0025832150756,0,25,25,25,12,-38.0025832150756
01-Aug-2026 00:50:56,-145.284813015518,-37.8517232821826,0,25,25,25,12,-37.8517232821826
01-Aug-2026 00:50:58,-145.892129451801,-38.4590397184661,0,25,25,25,13,-38.4590397184661
01-Aug-2026 00:51:00,-145.974444516939,-38.5413547836037,0,26,26,26,12,-38.5413547836037
01-Aug-2026 00:51:02,-150.145081030885,-42.7119912975495,0,26,26,26,11,-42.7119912975495
01-Aug-2026 00:51:04,-146.435770110839,-39.0026803775035,0,26,26,26,12,-39.0026803775035
01-Aug-2026 00:51:06,-145.815198295441,-38.3821085621059,0,26,26,26,13,-38.3821085621059
01-Aug-2026 00:51:08,-146.041214696241,-38.6081249629062,0,27,27,27,14,-38.6081249629062
01-Aug-2026 00:51:10,-145.63146334657,-38.198373613235,0,27,27,27,13,-38.198373613235
01-Aug-2026 00:51:12,-145.000088538008,-37.5669988046729,0,27,27,27,14,-37.5669988046729
01-Aug-2026 00:51:14,-145.383244036746,-37.9501543034106,0,28,28,28,15,-37.9501543034106
01-Aug-2026 00:51:16,-144.795618146664,-37.3625284133292,0,28,28,28,16,-37.3625284133292
01-Aug-2026 00:51:18,-145.051087252097,-37.6179975187622,0,27,27,27,15,-37.6179975187622
01-Aug-2026 00:51:20,-144.675499577108,-37.2424098437727,0,27,27,27,15,-37.2424098437727
01-Aug-2026 00:51:22,-144.497967948932,-37.0648782155972,0,28,28,28,15,-37.0648782155972
01-Aug-2026 00:51:24,-144.335048752313,-36.9019590189777,0,27,27,27,13,-36.9019590189777
01-Aug-2026 00:51:26,-144.604145932654,-37.1710561993187,0,27,27,27,12,-37.1710561993187
01-Aug-2026 00:51:28,-144.832601062707,-37.3995113293723,0,27,27,27,12,-37.3995113293723
01-Aug-2026 00:51:30,-145.155871504532,-37.7227817711967,0,27,27,27,14,-37.7227817711967
01-Aug-2026 00:51:32,-144.832622500717,-37.3995327673818,0,27,27,27,15,-37.3995327673818
01-Aug-2026 00:51:34,-144.541905603523,-37.1088158701878,0,27,27,27,14,-37.1088158701878
01-Aug-2026 00:51:36,-144.208805697623,-36.7757159642883,0,26,26,26,13,-36.7757159642883
01-Aug-2026 00:51:38,-144.322879522082,-36.889789788747,0,26,26,26,13,-36.889789788747
01-Aug-2026 00:51:40,-143.651320957971,-36.2182312246362,0,26,26,26,13,-36.2182312246362
01-Aug-2026 00:51:42,-138.273637777908,-30.8405480445725,0,26,26,26,14,-30.8405480445725
01-Aug-2026 00:51:44,-137.585894619662,-30.1528048863264,0,26,26,26,14,-30.1528048863264
01-Aug-2026 00:51:46,-137.054836909117,-29.6217471757815,0,25,25,25,13,-29.6217471757815
01-Aug-2026 00:51:48,-136.999436544537,-29.5663468112019,0,25,25,25,12,-29.5663468112019
01-Aug-2026 00:51:50,-136.369406803612,-28.9363170702763,0,25,25,25,13,-28.9363170702763
01-Aug-2026 00:51:52,-136.286594590045,-28.8535048567094,0,25,25,25,12,-28.8535048567094
01-Aug-2026 00:51:54,-135.607624090109,-28.1745343567736,0,25,25,25,13,-28.1745343567736
01-Aug-2026 00:51:56,-134.924687588527,-27.4915978551919,0,25,25,25,13,-27.4915978551919
01-Aug-2026 00:51:58,-134.671295439598,-27.2382057062625,0,25,25,25,14,-27.2382057062625
01-Aug-2026 00:52:00,-134.205804774163,-26.7727150408279,0,25,25,25,14,-26.7727150408279
01-Aug-2026 00:52:02,-133.62036874019,-26.1872790068545,0,25,25,25,14,-26.1872790068545
01-Aug-2026 00:52:04,-132.471110855007,-25.0380211216721,0,25,25,25,15,-25.0380211216721
01-Aug-2026 00:52:06,-132.330000667814,-24.8969109344791,0,26,26,26,15,-24.8969109344791
01-Aug-2026 00:52:08,-132.194522794088,-24.7614330607523,0,26,26,26,15,-24.7614330607523
01-Aug-2026 00:52:10,-131.76254511631,-24.3294553829747,0,26,26,26,15,-24.3294553829747
01-Aug-2026 00:52:12,-131.121630950762,-23.6885412174272,0,26,26,26,14,-23.6885412174272
01-Aug-2026 00:52:14,-130.897819881508,-23.4647301481728,0,25,25,25,12,-23.4647301481728
01-Aug-2026 00:52:16,-131.04052960099,-23.6074398676546,0,25,25,25,11,-23.6074398676546
01-Aug-2026 00:52:18,-130.737780374574,-23.3046906412389,0,25,25,25,10,-23.3046906412389
01-Aug-2026 00:52:20,-130.723495467687,-23.2904057343522,0,26,26,26,9,-23.2904057343522
01-Aug-2026 00:52:22,-130.729193437706,-23.2961037043712,0,26,26,26,9,-23.2961037043712
01-Aug-2026 00:52:24,-130.272211675972,-22.8391219426367,0,26,26,26,11,-22.8391219426367
01-Aug-2026 00:52:26,-129.970253301624,-22.5371635682883,0,26,26,26,13,-22.5371635682883
01-Aug-2026 00:52:28,-129.819980165966,-22.3868904326309,0,26,26,26,14,-22.3868904326309
01-Aug-2026 00:52:30,-129.643130950845,-22.2100412175095,0,26,26,26,12,-22.2100412175095
01-Aug-2026 00:52:32,-129.471339964171,-22.0382502308358,0,26,26,26,10,-22.0382502308358
01-Aug-2026 00:52:34,-128.768741523562,-21.3356517902267,0,26,26,26,10,-21.3356517902267
01-Aug-2026 00:52:36,-128.638846933561,-21.205757200226,0,27,27,27,11,-21.205757200226
01-Aug-2026 00:52:38,-128.707544644404,-21.2744549110692,0,27,27,27,12,-21.2744549110692
01-Aug-2026 00:52:40,-129.016831254586,-21.5837415212504,0,27,27,27,15,-21.5837415212504
01-Aug-2026 00:52:42,-128.710477229163,-21.277387495828,0,27,27,27,16,-21.277387495828
01-Aug-2026 00:52:44,-128.449765180648,-21.0166754473124,0,27,27,27,17,-21.0166754473124
01-Aug-2026 00:52:46,-127.80350632183,-20.3704165884944,0,27,27,27,18,-20.3704165884944
01-Aug-2026 00:52:48,-127.982508382674,-20.5494186493389,0,27,27,27,19,-20.5494186493389
01-Aug-2026 00:52:50,-128.169015878209,-20.7359261448738,0,28,28,28,18,-20.7359261448738
01-Aug-2026 00:52:52,-128.70271678529,-21.2696270519545,0,28,28,28,19,-21.2696270519545
01-Aug-2026 00:52:54,-128.603070882731,-21.1699811493959,0,28,28,28,18,-21.1699811493959
01-Aug-2026 00:52:56,-129.207643184403,-21.7745534510678,0,27,27,27,16,-21.7745534510678
01-Aug-2026 00:52:58,-129.64145369904,-22.2083639657051,0,28,28,28,17,-22.2083639657051
01-Aug-2026 00:53:00,-130.102405551693,-22.6693158183574,0,28,28,28,17,-22.6693158183574
01-Aug-2026 00:53:02,-130.345003005333,-22.9119132719983,0,29,29,29,16,-22.9119132719983
01-Aug-2026 00:53:04,-131.215804703666,-23.7827149703311,0,29,29,29,16,-23.7827149703311
01-Aug-2026 00:53:06,-140.738210897676,-33.3051211643409,0,28,28,28,15,-33.3051211643409
01-Aug-2026 00:53:08,-140.652247660701,-33.2191579273662,0,28,28,28,17,-33.2191579273662
01-Aug-2026 00:53:10,-145.026064068108,-37.5929743347724,0,29,29,29,17,-33.2577546509645
01-Aug-2026 00:53:12,-145.558432035108,-38.1253423017732,0,29,29,29,16,-33.1019261095959
01-Aug-2026 00:53:14,-146.603961635151,-39.1708719018159,0,28,28,28,14,-33.1987632925726
01-Aug-2026 00:53:16,-146.445938627285,-39.0128488939495,0,28,28,28,13,-32.046070741966
01-Aug-2026 00:53:18,-145.93466436273,-38.5015746293946,0,28,28,28,13,-31.7081572558256
01-Aug-2026 00:53:20,-151.962752586597,-44.5296628532621,0,28,28,28,12,-31.2959523507554
01-Aug-2026 00:53:22,-151.596541641868,-44.1634519085325,0,27,27,27,12,-30.6563858612412
01-Aug-2026 00:53:24,-153.937644431015,-46.5045546976798,0,27,27,27,11,-29.7479879052284
01-Aug-2026 00:53:26,-154.179897947414,-46.7468082140789,0,27,27,27,11,-29.4479086111716
01-Aug-2026 00:53:28,-153.837904583191,-46.4048148498556,0,27,27,27,10,-28.5268559044887
01-Aug-2026 00:53:30,-153.760074480094,-46.3269847467588,0,27,27,27,10,-27.3639984463283
01-Aug-2026 00:53:32,-153.973304657549,-46.5402149242136,0,27,27,27,8,-26.4048173182807
01-Aug-2026 00:53:34,-153.890474904787,-46.4573851714522,0,26,26,26,9,-25.2690843825966
01-Aug-2026 00:53:36,-153.702682022982,-46.2695922896466,0,26,26,26,10,-24.7729491751623
01-Aug-2026 00:53:38,-153.965909847589,-46.5328201142537,0,26,26,26,11,-23.6873006046945
01-Aug-2026 00:53:40,-154.145557823047,-46.7124680897118,0,26,26,26,12,-21.8362976894675
01-Aug-2026 00:53:42,-153.894592226985,-46.4615024936494,0,26,26,26,12,-21.7378508356069
01-Aug-2026 00:53:44,-147.924210667215,-40.4911209338798,0,26,26,26,12,-22.4100259567182
01-Aug-2026 00:53:46,-146.079822784565,-38.6467330512303,0,26,26,26,10,-23.2313295833768
01-Aug-2026 00:53:48,-144.13363835662,-36.7005486232847,0,26,26,26,11,-24.8844157973591
01-Aug-2026 00:53:50,-150.002018226809,-42.5689284934739,0,26,26,26,11,-26.4173324635842
01-Aug-2026 00:53:52,-149.689149934886,-42.2560602015508,0,26,26,26,13,-28.7898881370865
01-Aug-2026 00:53:54,-149.341577485251,-41.9084877519157,0,26,26,26,12,-29.4615445661598
01-Aug-2026 00:53:56,-137.819764648925,-30.38667491559,0,26,26,26,14,-30.38667491559
01-Aug-2026 00:53:58,-125.668189727792,-18.2350999944564,0,26,26,26,14,-18.2350999944564
01-Aug-2026 00:54:00,-126.431799394754,-18.9987096614193,0,26,26,26,12,-18.9987096614193
01-Aug-2026 00:54:02,-128.004907720351,-20.5718179870161,0,25,25,25,10,-20.5718179870161
01-Aug-2026 00:54:04,-128.779205389539,-21.3461156562035,0,25,25,25,12,-21.3461156562035
01-Aug-2026 00:54:06,-129.13090899768,-21.6978192643451,0,25,25,25,12,-21.6978192643451
01-Aug-2026 00:54:08,-129.621386513328,-22.1882967799926,0,25,25,25,9,-22.1882967799926
01-Aug-2026 00:54:10,-130.709399597667,-23.2763098643314,0,25,25,25,10,-23.2763098643314
01-Aug-2026 00:54:12,-131.271154799999,-23.8380650666641,0,25,25,25,11,-23.8380650666641
01-Aug-2026 00:54:14,-131.336327451223,-23.9032377178877,0,25,25,25,11,-23.9032377178877
01-Aug-2026 00:54:16,-132.175474534535,-24.7423848011994,0,25,25,25,11,-24.7423848011994
01-Aug-2026 00:54:18,-134.316532966684,-26.8834432333484,0,25,25,25,13,-26.8834432333484
01-Aug-2026 00:54:20,-134.723932733893,-27.2908430005582,0,25,25,25,13,-27.2908430005582
01-Aug-2026 00:54:22,-135.794176300187,-28.3610865668515,0,25,25,25,12,-28.3610865668515
01-Aug-2026 00:54:24,-136.23858451844,-28.8054947851045,0,26,26,26,12,-28.8054947851045
01-Aug-2026 00:54:26,-137.286542052113,-29.8534523187782,0,26,26,26,11,-29.8534523187782
01-Aug-2026 00:54:28,-138.126644360005,-30.6935546266702,0,26,26,26,12,-30.6935546266702
01-Aug-2026 00:54:30,-139.071408205377,-31.6383184720414,0,26,26,26,12,-31.6383184720414
01-Aug-2026 00:54:32,-136.106882472345,-28.6737927390102,0,25,25,25,11,-28.6737927390102
01-Aug-2026 00:54:34,-136.570908028785,-29.1378182954493,0,25,25,25,11,-5.05243458051744
01-Aug-2026 00:54:36,-139.616918118508,-32.1838283851728,0,25,25,25,11,-32.1838283851728
01-Aug-2026 00:54:38,-143.055842295929,-35.6227525625935,0,25,25,25,13,-35.6227525625935
01-Aug-2026 00:54:40,-145.890384279363,-38.4572945460276,0,25,25,25,12,-38.4572945460276
01-Aug-2026 00:54:42,-146.85946397325,-39.4263742399146,0,25,25,25,13,-39.4263742399146
01-Aug-2026 00:54:44,-153.199351498181,-45.7662617648463,0,25,25,25,13,-45.7662617648463
01-Aug-2026 00:54:46,-156.50192261069,-49.068832877355,0,25,25,25,13,-49.068832877355
01-Aug-2026 00:54:48,-152.67518009283,-45.2420903594953,0,25,25,25,16,-45.2420903594953
01-Aug-2026 00:54:50,-152.462151282124,-45.0290615487883,0,25,25,25,15,-45.0290615487883
01-Aug-2026 00:54:52,-152.584669618433,-45.151579885098,0,26,26,26,14,-45.151579885098
01-Aug-2026 00:54:54,-152.085405087339,-44.6523153540037,0,26,26,26,13,-44.6523153540037
01-Aug-2026 00:54:56,-152.239079580099,-44.8059898467635,0,27,27,27,12,-44.8059898467635
01-Aug-2026 00:54:58,-154.679681535503,-47.2465918021678,0,27,27,27,10,-47.2465918021678
01-Aug-2026 00:55:00,-154.799376117618,-47.3662863842832,0,27,27,27,11,-47.3662863842832
01-Aug-2026 00:55:02,-154.366921015959,-46.9338312826239,0,27,27,27,12,-46.9338312826239
01-Aug-2026 00:55:04,-154.649250783283,-47.2161610499475,0,27,27,27,12,-47.2161610499475
01-Aug-2026 00:55:06,-159.617267581635,-52.1841778482998,0,28,28,28,12,-52.1841778482998
01-Aug-2026 00:55:08,-160.666121735363,-53.233032002028,0,28,28,28,12,-53.233032002028
01-Aug-2026 00:55:10,-160.618832121481,-53.1857423881461,0,27,27,27,11,-53.1857423881461
01-Aug-2026 00:55:12,-160.768046245208,-53.3349565118725,0,27,27,27,8,-53.3349565118725
01-Aug-2026 00:55:14,-161.734147382968,-54.3010576496331,0,26,26,26,5,-54.3010576496331
01-Aug-2026 00:55:16,-162.312653716001,-54.8795639826663,0,25,25,25,6,-54.8795639826663
01-Aug-2026 00:55:18,-144.729052018801,-37.2959622854662,0,25,25,25,7,-37.2959622854662
01-Aug-2026 00:55:20,-131.717846479745,-24.2847567464101,0,25,25,25,7,-24.2847567464101
01-Aug-2026 00:55:22,-134.179719809071,-26.7466300757355,0,25,25,25,6,-26.7466300757355
01-Aug-2026 00:55:24,-137.865097407194,-30.4320076738587,0,25,25,25,7,-30.4320076738587
01-Aug-2026 00:55:26,-140.345583836603,-32.9124941032675,0,25,25,25,7,-32.9124941032675
01-Aug-2026 00:55:28,-141.943701484404,-34.5106117510688,0,24,24,24,9,-34.5106117510688
01-Aug-2026 00:55:30,-143.10706954707,-35.6739798137347,0,24,24,24,10,-35.6739798137347
01-Aug-2026 00:55:32,-141.756337693019,-34.323247959684,0,25,25,25,10,-34.323247959684
01-Aug-2026 00:55:34,-142.486016360922,-35.0529266275873,0,25,25,25,10,-35.0529266275873
01-Aug-2026 00:55:36,-142.620225812172,-35.1871360788366,0,25,25,25,10,-35.1871360788366
01-Aug-2026 00:55:38,-142.191960419323,-34.7588706859883,0,25,25,25,11,-34.7588706859883
01-Aug-2026 00:55:40,-142.154279152163,-34.7211894188277,0,25,25,25,11,-34.7211894188277
01-Aug-2026 00:55:42,-142.384477407016,-34.9513876736804,0,25,25,25,11,-34.9513876736804
01-Aug-2026 00:55:44,-142.464195131915,-35.0311053985803,0,25,25,25,12,-35.0311053985803
01-Aug-2026 00:55:46,-142.370525566427,-34.9374358330919,0,25,25,25,12,-34.9374358330919
01-Aug-2026 00:55:48,-142.561611433512,-35.1285217001769,0,25,25,25,10,-35.1285217001769
01-Aug-2026 00:55:50,-140.244913241044,-32.8118235077092,0,26,26,26,12,-32.8118235077092
01-Aug-2026 00:55:52,-140.124027151253,-32.6909374179174,0,26,26,26,13,-32.6909374179174
01-Aug-2026 00:55:54,-142.914038254276,-35.4809485209411,0,26,26,26,13,-35.4809485209411
01-Aug-2026 00:55:56,-142.722110916663,-35.2890211833281,0,26,26,26,13,-35.2890211833281
01-Aug-2026 00:55:58,-148.830443031264,-41.3973532979293,0,26,26,26,11,-41.3973532979293
01-Aug-2026 00:56:00,-168.327823066898,-60.8947333335628,0,26,26,26,11,-60.8947333335628
01-Aug-2026 00:56:02,-171.04481346782,-63.6117237344845,0,26,26,26,9,-63.6117237344845
01-Aug-2026 00:56:04,-171.619180933998,-64.1860912006633,0,26,26,26,8,-64.1860912006633
01-Aug-2026 00:56:06,-146.109890075561,-38.6768003422262,0,26,26,26,10,-38.6768003422262
01-Aug-2026 00:56:08,-145.966425464771,-38.5333357314359,0,26,26,26,9,-38.5333357314359
01-Aug-2026 00:56:10,-145.809449923967,-38.3763601906316,0,26,26,26,10,-38.3763601906316
01-Aug-2026 00:56:12,-145.376888871744,-37.9437991384085,0,26,26,26,10,-37.9437991384085
01-Aug-2026 00:56:14,-152.352637287409,-44.9195475540743,0,26,26,26,10,-44.9195475540743
01-Aug-2026 00:56:16,-152.542292021775,-45.10920228844,0,26,26,26,10,-45.10920228844
01-Aug-2026 00:56:18,-152.816753908499,-45.383664175164,0,26,26,26,9,-45.383664175164
01-Aug-2026 00:56:20,-152.690927906655,-45.2578381733195,0,26,26,26,10,-45.2578381733195
01-Aug-2026 00:56:22,-152.038164864498,-44.6050751311628,0,26,26,26,10,-44.6050751311628
01-Aug-2026 00:56:24,-153.041181844827,-45.6080921114915,0,26,26,26,9,-45.6080921114915
01-Aug-2026 00:56:26,-152.319330357509,-44.8862406241738,0,26,26,26,10,-44.8862406241738
01-Aug-2026 00:56:28,-151.768323828914,-44.3352340955784,0,26,26,26,13,-44.3352340955784
01-Aug-2026 00:56:30,-151.101760396422,-43.6686706630864,0,27,27,27,15,-43.6686706630864
01-Aug-2026 00:56:32,-150.432864964885,-42.9997752315498,0,27,27,27,14,-42.9997752315498
01-Aug-2026 00:56:34,-157.588298735991,-50.1552090026559,0,27,27,27,13,-50.1552090026559
01-Aug-2026 00:56:36,-163.869550990424,-56.436461257089,0,26,26,26,13,-56.436461257089
01-Aug-2026 00:56:38,-144.795326628899,-37.3622368955639,0,27,27,27,14,-37.3622368955639
01-Aug-2026 00:56:40,-144.670336763345,-37.2372470300095,0,27,27,27,15,-37.2372470300095
01-Aug-2026 00:56:42,-155.680356190881,-48.2472664575456,0,28,28,28,14,-48.2472664575456
01-Aug-2026 00:56:44,-140.055285304005,-32.6221955706699,0,28,28,28,15,-32.6221955706699
01-Aug-2026 00:56:46,-140.306936866822,-32.8738471334865,0,28,28,28,14,-32.8738471334865
01-Aug-2026 00:56:48,-139.613381054262,-32.1802913209265,0,29,29,29,17,-32.1802913209265
01-Aug-2026 00:56:50,-140.409121880746,-32.976032147411,0,29,29,29,18,-32.976032147411
01-Aug-2026 00:56:52,-140.487162955906,-33.0540732225709,0,29,29,29,17,-33.0540732225709
01-Aug-2026 00:56:54,-140.997405681808,-33.5643159484728,0,29,29,29,15,-33.5643159484728
01-Aug-2026 00:56:56,-155.943907644783,-48.510817911448,0,28,28,28,15,-48.510817911448
01-Aug-2026 00:56:58,-155.98335290985,-48.5502631765148,0,28,28,28,14,-48.5502631765148
01-Aug-2026 00:57:00,-155.275654373346,-47.842564640011,0,28,28,28,16,-47.842564640011
01-Aug-2026 00:57:02,-154.940412529963,-47.5073227966281,0,29,29,29,16,-47.5073227966281
01-Aug-2026 00:57:04,-141.495377767387,-34.0622880340517,0,28,28,28,17,-34.0622880340517
01-Aug-2026 00:57:06,-140.583441188073,-33.1503514547379,0,28,28,28,16,-30.437156447598
01-Aug-2026 00:57:08,-161.042637616807,-53.6095478834721,0,28,28,28,16,-33.3345822522831
01-Aug-2026 00:57:10,-161.25247508603,-53.8193853526946,0,27,27,27,16,-32.9199332567923
01-Aug-2026 00:57:12,-161.26752017342,-53.834430440085,0,27,27,27,16,-32.219602726583
01-Aug-2026 00:57:14,-161.171123543218,-53.7380338098825,0,27,27,27,15,-31.3130257621726
01-Aug-2026 00:57:16,-161.486871634858,-54.0537819015231,0,27,27,27,12,-30.4183231788592
01-Aug-2026 00:57:18,-138.998590301345,-31.5655005680094,0,27,27,27,12,-27.3985677881207
01-Aug-2026 00:57:20,-139.760054053548,-32.3269643202124,0,27,27,27,12,-26.7861968912401
01-Aug-2026 00:57:22,-140.49853519037,-33.0654454570353,0,27,27,27,12,-25.8762599517041
01-Aug-2026 00:57:24,-140.908524576591,-33.4754348432559,0,26,26,26,13,-25.7436005455568
01-Aug-2026 00:57:26,-141.082744356785,-33.6496546234498,0,26,26,26,13,-33.6496546234498
01-Aug-2026 00:57:28,-142.361541217727,-34.9284514843922,0,26,26,26,14,-24.2418522150332
01-Aug-2026 00:57:30,-142.713156332428,-35.2800665990931,0,26,26,26,14,-23.4459330026446
01-Aug-2026 00:57:32,-143.719205760939,-36.2861160276038,0,26,26,26,13,-21.741463780632
01-Aug-2026 00:57:34,-144.452270349137,-37.0191806158016,0,26,26,26,13,-20.6837349629899
01-Aug-2026 00:57:36,-144.678031193879,-37.2449414605441,0,26,26,26,13,-15.6442285764694
01-Aug-2026 00:57:38,-144.901662642198,-37.4685729088626,0,26,26,26,15,-15.8774099356571
01-Aug-2026 00:57:40,-145.341570561539,-37.9084808282036,0,26,26,26,14,-16.5052387641382
01-Aug-2026 00:57:42,-145.308555026205,-37.8754652928702,0,26,26,26,15,-17.2270500106659
01-Aug-2026 00:57:44,-125.316442385839,-17.8833526525035,0,26,26,26,15,-17.8833526525035
01-Aug-2026 00:57:46,-128.25885198634,-20.8257622530053,0,26,26,26,15,-20.8257622530053
01-Aug-2026 00:57:48,-128.3373005672,-20.9042108338645,0,26,26,26,15,-20.9042108338645
01-Aug-2026 00:57:50,-130.504429780036,-23.0713400467003,0,26,26,26,14,-23.0713400467003
01-Aug-2026 00:57:52,-131.591138529136,-24.1580487958012,0,26,26,26,15,-24.1580487958012
01-Aug-2026 00:57:54,-131.859664938585,-24.42657520525,0,26,26,26,14,-24.42657520525
01-Aug-2026 00:57:56,-133.313935704371,-25.8808459710358,0,25,25,25,15,-25.8808459710358
01-Aug-2026 00:57:58,-133.175208452508,-25.7421187191724,0,25,25,25,13,-25.7421187191724
01-Aug-2026 00:58:00,-134.009462947682,-26.5763732143464,0,25,25,25,12,-26.5763732143464
01-Aug-2026 00:58:02,-134.850357919033,-27.4172681856982,0,25,25,25,13,-27.4172681856982
01-Aug-2026 00:58:04,-135.194357706675,-27.7612679733397,0,25,25,25,14,-27.7612679733397
01-Aug-2026 00:58:06,-135.564841261053,-28.1317515277182,0,25,25,25,15,-28.1317515277182
01-Aug-2026 00:58:08,-136.493515954818,-29.0604262214833,0,25,25,25,16,-29.0604262214833
01-Aug-2026 00:58:10,-141.361974332722,-33.9288845993871,0,25,25,25,14,-33.9288845993871
01-Aug-2026 00:58:12,-142.097687819579,-34.6645980862442,0,26,26,26,15,-34.6645980862442
01-Aug-2026 00:58:14,-150.885158004562,-43.4520682712271,0,26,26,26,14,-43.4520682712271
01-Aug-2026 00:58:16,-152.591547552187,-45.1584578188518,0,26,26,26,16,-45.1584578188518
01-Aug-2026 00:58:18,-153.849203050344,-46.4161133170089,0,25,25,25,14,-46.4161133170089
01-Aug-2026 00:58:20,-151.806020721071,-44.372930987736,0,25,25,25,14,-44.372930987736
01-Aug-2026 00:58:22,-151.722845404042,-44.2897556707072,0,25,25,25,14,-44.2897556707072
01-Aug-2026 00:58:24,-151.769659332631,-44.3365695992955,0,25,25,25,15,-44.3365695992955
01-Aug-2026 00:58:26,-147.54512891387,-40.1120391805347,0,25,25,25,15,-40.1120391805347
01-Aug-2026 00:58:28,-147.609443469858,-40.1763537365232,0,25,25,25,16,-40.1763537365232
01-Aug-2026 00:58:30,-147.577340649125,-40.14425091579,0,25,25,25,17,-40.14425091579
01-Aug-2026 00:58:32,-147.600595072123,-40.1675053387881,0,25,25,25,18,-40.1675053387881
01-Aug-2026 00:58:34,-148.054978152501,-40.6218884191657,0,25,25,25,17,-40.6218884191657
01-Aug-2026 00:58:36,-148.041826825637,-40.6087370923021,0,25,25,25,16,-40.6087370923021
01-Aug-2026 00:58:38,-148.091831777789,-40.6587420444536,0,25,25,25,16,-40.6587420444536
01-Aug-2026 00:58:40,-148.345216679491,-40.9121269461554,0,25,25,25,15,-40.9121269461554
01-Aug-2026 00:58:42,-148.279097158349,-40.8460074250137,0,25,25,25,16,-40.8460074250137
01-Aug-2026 00:58:44,-150.081791308029,-42.648701574694,0,26,26,26,16,-42.648701574694
01-Aug-2026 00:58:46,-149.994289365552,-42.5611996322166,0,26,26,26,18,-42.5611996322166
01-Aug-2026 00:58:48,-149.488880420249,-42.0557906869138,0,26,26,26,17,-42.0557906869138
01-Aug-2026 00:58:50,-147.680542527932,-40.2474527945964,0,26,26,26,16,-40.2474527945964
01-Aug-2026 00:58:52,-144.866018841697,-37.4329291083621,0,26,26,26,15,-37.4329291083621
01-Aug-2026 00:58:54,-147.143625393589,-39.7105356602543,0,26,26,26,14,-39.7105356602543
01-Aug-2026 00:58:56,-147.462596842254,-40.0295071089187,0,26,26,26,16,-40.0295071089187
01-Aug-2026 00:58:58,-147.857654663477,-40.4245649301413,0,27,27,27,18,-40.4245649301413
01-Aug-2026 00:59:00,-147.926213366944,-40.4931236336087,0,26,26,26,16,-40.4931236336087
01-Aug-2026 00:59:02,-147.639665408109,-40.2065756747734,0,25,25,25,15,-40.2065756747734
01-Aug-2026 00:59:04,-148.023235507871,-40.5901457745362,0,25,25,25,15,-40.5901457745362
01-Aug-2026 00:59:06,-148.295802585822,-40.862712852487,0,25,25,25,13,-40.862712852487
01-Aug-2026 00:59:08,-148.381852157833,-40.9487624244976,0,25,25,25,13,-40.9487624244976
01-Aug-2026 00:59:10,-148.210146072233,-40.7770563388977,0,25,25,25,14,-40.7770563388977
01-Aug-2026 00:59:12,-148.497831467876,-41.064741734541,0,25,25,25,15,-41.064741734541
01-Aug-2026 00:59:14,-148.479692496202,-41.0466027628672,0,25,25,25,14,-41.0466027628672
01-Aug-2026 00:59:16,-148.135431813248,-40.702342079913,0,25,25,25,14,-40.702342079913
01-Aug-2026 00:59:18,-148.233397024614,-40.8003072912792,0,25,25,25,14,-40.8003072912792
01-Aug-2026 00:59:20,-148.163087789127,-40.7299980557918,0,24,24,24,14,-40.7299980557918
01-Aug-2026 00:59:22,-148.730216852811,-41.2971271194757,0,24,24,24,14,-41.2971271194757
01-Aug-2026 00:59:24,-144.579649159024,-37.1465594256885,0,24,24,24,13,-37.1465594256885
01-Aug-2026 00:59:26,-144.376828602004,-36.9437388686692,0,24,24,24,13,-36.9437388686692
01-Aug-2026 00:59:28,-147.481395624162,-40.0483058908269,0,24,24,24,13,-40.0483058908269
01-Aug-2026 00:59:30,-147.31590048515,-39.8828107518145,0,24,24,24,13,-39.8828107518145
01-Aug-2026 00:59:32,-147.020871656402,-39.5877819230673,0,24,24,24,12,-39.5877819230673
01-Aug-2026 00:59:34,-147.135159882586,-39.7020701492508,0,25,25,25,12,-39.7020701492508
01-Aug-2026 00:59:36,-146.711564859753,-39.2784751264178,0,25,25,25,12,-39.2784751264178
01-Aug-2026 00:59:38,-146.755386166133,-39.3222964327975,0,25,25,25,14,-39.3222964327975
01-Aug-2026 00:59:40,-156.00703729896,-48.5739475656248,0,25,25,25,15,-48.5739475656248
01-Aug-2026 00:59:42,-156.091341061247,-48.6582513279122,0,25,25,25,14,-48.6582513279122
01-Aug-2026 00:59:44,-155.804499345416,-48.3714096120806,0,25,25,25,14,-48.3714096120806
01-Aug-2026 00:59:46,-145.714361134466,-38.2812714011311,0,25,25,25,15,-38.2812714011311
01-Aug-2026 00:59:48,-145.199732106119,-37.7666423727837,0,25,25,25,15,-37.7666423727837
01-Aug-2026 00:59:50,-142.453141280765,-35.0200515474301,0,26,26,26,15,-35.0200515474301
01-Aug-2026 00:59:52,-144.697097763551,-37.2640080302159,0,26,26,26,13,-37.2640080302159
01-Aug-2026 00:59:54,-144.07847295454,-36.6453832212043,0,26,26,26,11,-36.6453832212043
01-Aug-2026 00:59:56,-143.431758580544,-35.9986688472087,0,26,26,26,9,-35.9986688472087
01-Aug-2026 00:59:58,-143.495048641414,-36.0619589080785,0,26,26,26,9,-36.0619589080785
01-Aug-2026 01:00:00,-143.594013588873,-36.1609238555377,0,26,26,26,9,-36.1609238555377
01-Aug-2026 01:00:02,-143.416445207903,-35.9833554745675,0,26,26,26,10,-35.9833554745675
01-Aug-2026 01:00:04,-143.154175006665,-35.7210852733294,0,26,26,26,10,-35.7210852733294
01-Aug-2026 01:00:06,-143.079192201632,-35.6461024682968,0,27,27,27,11,-35.6461024682968
01-Aug-2026 01:00:08,-142.708890826375,-35.2758010930396,0,26,26,26,11,-35.2758010930396
01-Aug-2026 01:00:10,-142.645793120579,-35.2127033872433,0,26,26,26,10,-35.2127033872433
01-Aug-2026 01:00:12,-142.424493861858,-34.9914041285228,0,26,26,26,10,-34.9914041285228
01-Aug-2026 01:00:14,-142.07810761912,-34.6450178857851,0,26,26,26,12,-34.6450178857851
01-Aug-2026 01:00:16,-141.948861818871,-34.5157720855356,0,25,25,25,10,-34.5157720855356
01-Aug-2026 01:00:18,-142.424470191485,-34.9913804581503,0,25,25,25,10,-34.9913804581503
01-Aug-2026 01:00:20,-141.642584293774,-34.2094945604389,0,25,25,25,10,-34.2094945604389
01-Aug-2026 01:00:22,-141.473625937767,-34.040536204432,0,25,25,25,11,-34.040536204432
01-Aug-2026 01:00:24,-141.384633314394,-33.9515435810584,0,27,27,27,12,-33.9515435810584
01-Aug-2026 01:00:26,-141.080606834421,-33.6475171010858,0,27,27,27,13,-33.6475171010858
01-Aug-2026 01:00:28,-141.490206064614,-34.0571163312788,0,28,28,28,16,-34.0571163312788
01-Aug-2026 01:00:30,-141.39914225995,-33.966052526615,0,28,28,28,16,-33.966052526615
01-Aug-2026 01:00:32,-141.656322646663,-34.2232329133276,0,28,28,28,18,-34.2232329133276
01-Aug-2026 01:00:34,-137.785853710283,-30.3527639769475,0,28,28,28,18,-30.3527639769475
01-Aug-2026 01:00:36,-137.497448222223,-30.064358488888,0,28,28,28,18,-30.064358488888
01-Aug-2026 01:00:38,-137.643597715276,-30.2105079819404,0,28,28,28,18,-30.2105079819404
01-Aug-2026 01:00:40,-141.499517437379,-34.0664277040442,0,29,29,29,19,-34.0664277040442
01-Aug-2026 01:00:42,-141.343593991439,-33.9105042581043,0,29,29,29,18,-33.9105042581043
01-Aug-2026 01:00:44,-146.097154962776,-38.664065229441,0,29,29,29,17,-38.664065229441
01-Aug-2026 01:00:46,-145.678217072861,-38.2451273395258,0,28,28,28,16,-38.2451273395258
01-Aug-2026 01:00:48,-145.05242090527,-37.6193311719344,0,28,28,28,17,-37.6193311719344
01-Aug-2026 01:00:50,-135.713237244813,-28.2801475114775,0,28,28,28,17,-28.2801475114775
01-Aug-2026 01:00:52,-134.602091156061,-27.1690014227257,0,29,29,29,18,-27.1690014227257
01-Aug-2026 01:00:54,-133.515499452627,-26.0824097192916,0,29,29,29,18,-26.0824097192916
01-Aug-2026 01:00:56,-133.159722677382,-25.7266329440466,0,28,28,28,17,-25.7266329440466
01-Aug-2026 01:00:58,-131.62339994341,-24.190310210075,0,27,27,27,17,-24.190310210075
01-Aug-2026 01:01:00,-131.338035428891,-23.9049456955557,0,27,27,27,18,-23.9049456955557
01-Aug-2026 01:01:02,-130.986694357129,-23.5536046237942,0,27,27,27,18,-23.5536046237942
01-Aug-2026 01:01:04,-130.725549390569,-23.2924596572334,0,27,27,27,17,-23.2924596572334
01-Aug-2026 01:01:06,-130.077187597388,-22.6440978640526,0,27,27,27,15,-22.6440978640526
01-Aug-2026 01:01:08,-129.66242818633,-22.2293384529951,0,27,27,27,16,-22.2293384529951
01-Aug-2026 01:01:10,-129.356346102804,-21.9232563694688,0,27,27,27,16,-21.9232563694688
01-Aug-2026 01:01:12,-128.809013979398,-21.3759242460632,0,27,27,27,14,-21.3759242460632
01-Aug-2026 01:01:14,-128.610162975128,-21.1770732417924,0,26,26,26,15,-21.1770732417924
01-Aug-2026 01:01:16,-127.997408077022,-20.5643183436871,0,26,26,26,15,-20.5643183436871
01-Aug-2026 01:01:18,-127.947717781116,-20.5146280477805,0,26,26,26,15,-20.5146280477805
01-Aug-2026 01:01:20,-128.196136528005,-20.7630467946694,0,26,26,26,14,-20.7630467946694
01-Aug-2026 01:01:22,-128.149853876938,-20.7167641436031,0,26,26,26,15,-20.7167641436031
01-Aug-2026 01:01:24,-128.256841479568,-20.8237517462326,0,26,26,26,15,-20.8237517462326
01-Aug-2026 01:01:26,-128.973211002537,-21.5401212692023,0,26,26,26,17,-21.5401212692023
01-Aug-2026 01:01:28,-129.104189732309,-21.6710999989741,0,26,26,26,17,-21.6710999989741
01-Aug-2026 01:01:30,-129.109673307387,-21.6765835740514,0,26,26,26,17,-21.6765835740514
01-Aug-2026 01:01:32,-130.486046039531,-23.0529563061957,0,26,26,26,16,-23.0529563061957
01-Aug-2026 01:01:34,-131.48553048433,-24.0524407509951,0,26,26,26,16,-24.0524407509951
01-Aug-2026 01:01:36,-132.055794316206,-24.6227045828712,0,26,26,26,16,-24.6227045828712
01-Aug-2026 01:01:38,-133.168952001569,-25.7358622682336,0,26,26,26,17,-25.7358622682336
01-Aug-2026 01:01:40,-142.767286294347,-35.3341965610118,0,26,26,26,16,-35.3341965610118
01-Aug-2026 01:01:42,-143.365091412756,-35.9320016794209,0,26,26,26,16,-35.9320016794209
01-Aug-2026 01:01:44,-143.557926645166,-36.1248369118312,0,26,26,26,16,-36.1248369118312
01-Aug-2026 01:01:46,-133.694393439371,-26.2613037060362,0,26,26,26,17,-26.2613037060362
01-Aug-2026 01:01:48,-133.841584306237,-26.408494572902,0,25,25,25,17,-26.408494572902
01-Aug-2026 01:01:50,-134.250692950283,-26.8176032169481,0,25,25,25,17,-26.8176032169481
01-Aug-2026 01:01:52,-134.445009205613,-27.011919472278,0,25,25,25,17,-27.011919472278
01-Aug-2026 01:01:54,-134.585682348966,-27.1525926156309,0,25,25,25,15,-27.1525926156309
01-Aug-2026 01:01:56,-134.75255479864,-27.3194650653044,0,25,25,25,14,-27.3194650653044
01-Aug-2026 01:01:58,-134.685199475753,-27.2521097424174,0,25,25,25,14,-27.2521097424174
01-Aug-2026 01:02:00,-134.580861936802,-27.1477722034668,0,25,25,25,14,-27.1477722034668
01-Aug-2026 01:02:02,-134.956827032649,-27.5237372993142,0,25,25,25,15,-27.5237372993142
01-Aug-2026 01:02:04,-135.794296658601,-28.3612069252655,0,25,25,25,14,-28.3612069252655
01-Aug-2026 01:02:06,-136.799242049785,-29.3661523164495,0,24,24,24,13,-29.3661523164495
01-Aug-2026 01:02:08,-136.931051445285,-29.4979617119497,0,24,24,24,13,-29.4979617119497
01-Aug-2026 01:02:10,-135.18697649698,-27.7538867636447,0,24,24,24,14,-27.7538867636447
01-Aug-2026 01:02:12,-143.058133891516,-35.6250441581811,0,24,24,24,14,-35.6250441581811
01-Aug-2026 01:02:14,-142.858923496045,-35.4258337627094,0,24,24,24,13,-35.4258337627094
01-Aug-2026 01:02:16,-145.737591130996,-38.304501397661,0,24,24,24,13,-38.304501397661
01-Aug-2026 01:02:18,-146.022037785078,-38.588948051743,0,24,24,24,13,-38.588948051743
01-Aug-2026 01:02:20,-147.94848928134,-40.5153995480046,0,24,24,24,12,-40.5153995480046
01-Aug-2026 01:02:22,-145.544514458669,-38.1114247253335,0,24,24,24,12,-38.1114247253335
01-Aug-2026 01:02:24,-145.472254062442,-38.0391643291072,0,24,24,24,12,-38.0391643291072
01-Aug-2026 01:02:26,-145.405986884568,-37.9728971512327,0,24,24,24,12,-37.9728971512327
01-Aug-2026 01:02:28,-145.911626578031,-38.4785368446958,0,24,24,24,12,-38.4785368446958
01-Aug-2026 01:02:30,-149.142558417792,-41.7094686844573,0,25,25,25,9,-41.7094686844573
01-Aug-2026 01:02:32,-149.567241814191,-42.1341520808561,0,25,25,25,8,-42.1341520808561
01-Aug-2026 01:02:34,-149.631426914399,-42.198337181064,0,25,25,25,8,-42.198337181064
01-Aug-2026 01:02:36,-142.936789133885,-35.5036994005501,0,26,26,26,8,-35.5036994005501
01-Aug-2026 01:02:38,-139.172995114542,-31.7399053812071,0,26,26,26,10,-31.7399053812071
01-Aug-2026 01:02:40,-135.974632398599,-28.5415426652634,0,26,26,26,11,-28.5415426652634
01-Aug-2026 01:02:42,-131.848462706802,-24.4153729734671,0,26,26,26,12,-24.4153729734671
01-Aug-2026 01:02:44,-127.739474212698,-20.3063844793632,0,26,26,26,11,-20.3063844793632
01-Aug-2026 01:02:46,-122.719741196415,-15.2866514630796,0,26,26,26,11,-15.2866514630796
01-Aug-2026 01:02:48,-147.448929776304,-40.0158400429686,0,26,26,26,10,-40.0158400429686
01-Aug-2026 01:02:50,-145.74985421668,-38.3167644833445,0,27,27,27,14,-38.3167644833445
01-Aug-2026 01:02:52,-145.3330463063,-37.8999565729645,0,25,25,25,14,-37.8999565729645
01-Aug-2026 01:02:54,-145.365356694181,-37.9322669608454,0,25,25,25,13,-37.9322669608454
01-Aug-2026 01:02:56,-144.996712949604,-37.5636232162684,0,25,25,25,13,-37.5636232162684
01-Aug-2026 01:02:58,-143.261986094713,-35.8288963613776,0,25,25,25,15,-35.8288963613776
01-Aug-2026 01:03:00,-143.04444917316,-35.6113594398246,0,25,25,25,14,-35.6113594398246
01-Aug-2026 01:03:02,-120.120290060902,-12.6872003275664,0,25,25,25,12,-12.6872003275664
01-Aug-2026 01:03:04,-125.240668771803,-17.8075790384676,0,25,25,25,12,-17.8075790384676
01-Aug-2026 01:03:06,-130.122185577341,-22.6890958440059,0,25,25,25,13,-22.6890958440059
01-Aug-2026 01:03:08,-134.078357181465,-26.6452674481302,0,25,25,25,12,-26.6452674481302
01-Aug-2026 01:03:10,-137.809072859361,-30.3759831260261,0,25,25,25,12,-30.3759831260261
01-Aug-2026 01:03:12,-139.767501003944,-32.3344112706085,0,24,24,24,10,-32.3344112706085
01-Aug-2026 01:03:14,-141.538966515778,-34.1058767824432,0,24,24,24,10,-34.1058767824432
01-Aug-2026 01:03:16,-141.96627821297,-34.5331884796352,0,24,24,24,10,-34.5331884796352
01-Aug-2026 01:03:18,-142.587035328645,-35.1539455953095,0,25,25,25,12,-35.1539455953095
01-Aug-2026 01:03:20,-142.358467331363,-34.925377598028,0,25,25,25,13,-34.925377598028
01-Aug-2026 01:03:22,-142.367145092471,-34.9340553591363,0,25,25,25,12,-34.9340553591363
01-Aug-2026 01:03:24,-142.532922464127,-35.0998327307923,0,25,25,25,15,-35.0998327307923
01-Aug-2026 01:03:26,-142.1469587576,-34.7138690242647,0,25,25,25,14,-34.7138690242647
01-Aug-2026 01:03:28,-142.24304232617,-34.8099525928348,0,25,25,25,14,-34.8099525928348
01-Aug-2026 01:03:30,-142.32793422244,-34.8948444891045,0,25,25,25,15,-34.8948444891045
01-Aug-2026 01:03:32,-142.09227748129,-34.6591877479548,0,25,25,25,15,-34.6591877479548
01-Aug-2026 01:03:34,-141.151411987666,-33.7183222543308,0,25,25,25,16,-33.7183222543308
01-Aug-2026 01:03:36,-141.176547901269,-33.7434581679334,0,25,25,25,16,-33.7434581679334
01-Aug-2026 01:03:38,-142.673705047224,-35.2406153138884,0,25,25,25,15,-35.2406153138884
01-Aug-2026 01:03:40,-142.073480936588,-34.6403912032525,0,25,25,25,17,-34.6403912032525
01-Aug-2026 01:03:42,-142.404532428913,-34.9714426955778,0,25,25,25,17,-34.9714426955778
01-Aug-2026 01:03:44,-142.53513600011,-35.1020462667746,0,25,25,25,17,-35.1020462667746
01-Aug-2026 01:03:46,-142.865853895945,-35.4327641626095,0,25,25,25,16,-35.4327641626095
01-Aug-2026 01:03:48,-143.594763726267,-36.1616739929318,0,25,25,25,15,-36.1616739929318
01-Aug-2026 01:03:50,-143.662320058381,-36.2292303250456,0,25,25,25,15,-36.2292303250456
01-Aug-2026 01:03:52,-143.57514096223,-36.1420512288945,0,25,25,25,15,-36.1420512288945
01-Aug-2026 01:03:54,-143.40106877456,-35.9679790412243,0,24,24,24,14,-35.9679790412243
01-Aug-2026 01:03:56,-143.044088365263,-35.6109986319277,0,24,24,24,14,-35.6109986319277
01-Aug-2026 01:03:58,-142.62182186849,-35.1887321351549,0,25,25,25,14,-35.1887321351549
01-Aug-2026 01:04:00,-142.042467759114,-34.6093780257792,0,25,25,25,15,-34.6093780257792
01-Aug-2026 01:04:02,-140.893462262128,-33.4603725287927,0,25,25,25,15,-33.4603725287927
01-Aug-2026 01:04:04,-140.601064580407,-33.1679748470722,0,24,24,24,15,-33.1679748470722
01-Aug-2026 01:04:06,-140.337223881165,-32.90413414783,0,25,25,25,14,-32.90413414783
01-Aug-2026 01:04:08,-139.748282614084,-32.3151928807492,0,25,25,25,13,-32.3151928807492
01-Aug-2026 01:04:10,-139.644997963247,-32.2119082299121,0,25,25,25,12,-32.2119082299121
01-Aug-2026 01:04:12,-139.933735846823,-32.5006461134876,0,25,25,25,13,-32.5006461134876
01-Aug-2026 01:04:14,-139.396325306082,-31.9632355727469,0,25,25,25,14,-31.9632355727469
01-Aug-2026 01:04:16,-141.406353799636,-33.9732640663008,0,25,25,25,14,-33.9732640663008
01-Aug-2026 01:04:18,-141.335114339732,-33.9020246063968,0,26,26,26,16,-33.9020246063968
01-Aug-2026 01:04:20,-141.441555075879,-34.0084653425437,0,27,27,27,17,-34.0084653425437
01-Aug-2026 01:04:22,-141.420898950674,-33.9878092173388,0,27,27,27,19,-33.9878092173388
01-Aug-2026 01:04:24,-141.254008997827,-33.8209192644917,0,27,27,27,20,-33.8209192644917
01-Aug-2026 01:04:26,-142.291154888418,-34.8580651550825,0,27,27,27,19,-34.8580651550825
01-Aug-2026 01:04:28,-143.318869482959,-35.8857797496234,0,27,27,27,19,-35.8857797496234
01-Aug-2026 01:04:30,-143.530201327656,-36.0971115943207,0,27,27,27,19,-36.0971115943207
01-Aug-2026 01:04:32,-143.187069512122,-35.753979778787,0,28,28,28,18,-35.753979778787
01-Aug-2026 01:04:34,-143.748240663545,-36.3151509302095,0,28,28,28,18,-36.3151509302095
01-Aug-2026 01:04:36,-143.579165160077,-36.1460754267414,0,27,27,27,18,-36.1460754267414
01-Aug-2026 01:04:38,-144.084696948057,-36.6516072147218,0,27,27,27,16,-36.6516072147218
01-Aug-2026 01:04:40,-143.859465867059,-36.4263761337234,0,27,27,27,16,-36.4263761337234
01-Aug-2026 01:04:42,-143.451396354462,-36.0183066211267,0,28,28,28,16,-36.0183066211267
01-Aug-2026 01:04:44,-139.415541812843,-31.9824520795075,0,28,28,28,16,-31.9824520795075
01-Aug-2026 01:04:46,-139.660647037795,-32.2275573044595,0,26,26,26,13,-32.2275573044595
01-Aug-2026 01:04:48,-139.8009423458,-32.3678526124643,0,26,26,26,17,-32.3678526124643
01-Aug-2026 01:04:50,-140.031855004328,-32.5987652709928,0,26,26,26,18,-32.5987652709928
01-Aug-2026 01:04:52,-140.848912456112,-33.4158227227768,0,26,26,26,17,-33.4158227227768
01-Aug-2026 01:04:54,-140.612733735279,-33.1796440019435,0,26,26,26,16,-33.1796440019435
01-Aug-2026 01:04:56,-142.579274216167,-35.1461844828321,0,26,26,26,16,-35.1461844828321
01-Aug-2026 01:04:58,-142.301902133894,-34.8688124005593,0,26,26,26,16,-34.8688124005593
01-Aug-2026 01:05:00,-142.930259835594,-35.4971701022586,0,26,26,26,16,-35.4971701022586
01-Aug-2026 01:05:02,-142.842189341205,-35.4090996078698,0,26,26,26,15,-35.4090996078698
01-Aug-2026 01:05:04,-143.25132472542,-35.8182349920847,0,25,25,25,15,-35.8182349920847
01-Aug-2026 01:05:06,-131.818024320188,-24.3849345868528,0,25,25,25,17,-24.3849345868528
01-Aug-2026 01:05:08,-132.097288454548,-24.6641987212133,0,25,25,25,16,-24.6641987212133
01-Aug-2026 01:05:10,-131.157363425431,-23.7242736920959,0,25,25,25,15,-23.7242736920959
01-Aug-2026 01:05:12,-131.729603035525,-24.2965133021897,0,25,25,25,13,-24.2965133021897
01-Aug-2026 01:05:14,-131.381878191815,-23.9487884584803,0,25,25,25,13,-23.9487884584803
01-Aug-2026 01:05:16,-131.344336623944,-23.911246890609,0,25,25,25,14,-23.911246890609
01-Aug-2026 01:05:18,-131.635831743903,-24.2027420105673,0,25,25,25,14,-24.2027420105673
01-Aug-2026 01:05:20,-132.037142076106,-24.604052342771,0,25,25,25,14,-24.604052342771
01-Aug-2026 01:05:22,-131.590065132742,-24.1569753994068,0,25,25,25,15,-24.1569753994068
01-Aug-2026 01:05:24,-132.234554421038,-24.8014646877024,0,25,25,25,14,-24.8014646877024
01-Aug-2026 01:05:26,-132.593992812513,-25.1609030791773,0,25,25,25,12,-25.1609030791773
01-Aug-2026 01:05:28,-154.788486401057,-47.3553966677218,0,25,25,25,11,-47.3553966677218
01-Aug-2026 01:05:30,-154.55850960331,-47.1254198699744,0,25,25,25,8,-47.1254198699744
01-Aug-2026 01:05:32,-154.899194786336,-47.4661050530005,0,25,25,25,8,-47.4661050530005
01-Aug-2026 01:05:34,-154.745197052411,-47.3121073190756,0,25,25,25,8,-47.3121073190756
01-Aug-2026 01:05:36,-154.622600811172,-47.1895110778367,0,25,25,25,8,-47.1895110778367
01-Aug-2026 01:05:38,-154.092452398096,-46.6593626647612,0,25,25,25,9,-46.6593626647612
01-Aug-2026 01:05:40,-151.312830645246,-43.8797409119106,0,25,25,25,10,-43.8797409119106
01-Aug-2026 01:05:42,-151.597365491965,-44.1642757586294,0,24,24,24,9,-44.1642757586294
01-Aug-2026 01:05:44,-146.122160321676,-38.6890705883408,0,24,24,24,11,-38.6890705883408
01-Aug-2026 01:05:46,-146.236213392153,-38.8031236588177,0,25,25,25,11,-38.8031236588177
01-Aug-2026 01:05:48,-146.467934024984,-39.0348442916487,0,25,25,25,11,-39.0348442916487
01-Aug-2026 01:05:50,-147.671115819006,-40.2380260856706,0,25,25,25,10,-40.2380260856706
01-Aug-2026 01:05:52,-140.911798588634,-33.4787088552993,0,24,24,24,13,-33.4787088552993
01-Aug-2026 01:05:54,-141.115518440907,-33.6824287075717,0,24,24,24,11,-33.6824287075717
01-Aug-2026 01:05:56,-141.206003563891,-33.772913830556,0,24,24,24,10,-33.772913830556
01-Aug-2026 01:05:58,-141.63043128673,-34.1973415533946,0,24,24,24,10,-34.1973415533946
01-Aug-2026 01:06:00,-142.704376844174,-35.2712871108383,0,24,24,24,10,-35.2712871108383
01-Aug-2026 01:06:02,-141.987131445486,-34.5540417121505,0,24,24,24,10,-34.5540417121505
01-Aug-2026 01:06:04,-141.52869005011,-34.095600316775,0,24,24,24,11,-34.095600316775
01-Aug-2026 01:06:06,-146.573774592931,-39.1406848595961,0,24,24,24,10,-39.1406848595961
01-Aug-2026 01:06:08,-146.623186046513,-39.1900963131775,0,24,24,24,10,-39.1900963131775
01-Aug-2026 01:06:10,-146.363036181456,-38.9299464481205,0,24,24,24,11,-38.9299464481205
01-Aug-2026 01:06:12,-146.0673565725,-38.634266839165,0,24,24,24,13,-38.634266839165
01-Aug-2026 01:06:14,-145.302601265731,-37.8695115323956,0,24,24,24,13,-37.8695115323956
01-Aug-2026 01:06:16,-143.163230356911,-35.7301406235756,0,24,24,24,12,-35.7301406235756
01-Aug-2026 01:06:18,-143.610009212986,-36.1769194796504,0,25,25,25,12,-36.1769194796504
01-Aug-2026 01:06:20,-143.418047465883,-35.9849577325476,0,25,25,25,13,-35.9849577325476
01-Aug-2026 01:06:22,-143.25711325674,-35.824023523405,0,25,25,25,11,-35.824023523405
01-Aug-2026 01:06:24,-142.81988986095,-35.3868001276145,0,25,25,25,11,-35.3868001276145
01-Aug-2026 01:06:26,-142.646268216308,-35.2131784829725,0,26,26,26,12,-35.2131784829725
01-Aug-2026 01:06:28,-142.025008617143,-34.5919188838079,0,26,26,26,10,-34.5919188838079
01-Aug-2026 01:06:30,-141.903407957568,-34.4703182242329,0,26,26,26,10,-34.4703182242329
01-Aug-2026 01:06:32,-142.132510009304,-34.6994202759689,0,26,26,26,11,-34.6994202759689
01-Aug-2026 01:06:34,-142.719499418841,-35.2864096855057,0,26,26,26,12,-35.2864096855057
01-Aug-2026 01:06:36,-142.052736290744,-34.6196465574092,0,26,26,26,12,-34.6196465574092
01-Aug-2026 01:06:38,-141.886143389507,-34.4530536561722,0,26,26,26,12,-34.4530536561722
01-Aug-2026 01:06:40,-141.726018928031,-34.2929291946961,0,26,26,26,14,-34.2929291946961
01-Aug-2026 01:06:42,-142.358166456247,-34.9250767229114,0,25,25,25,12,-34.9250767229114
01-Aug-2026 01:06:44,-141.117742681511,-33.6846529481763,0,25,25,25,13,-33.6846529481763
01-Aug-2026 01:06:46,-140.47173990882,-33.0386501754852,0,25,25,25,13,-33.0386501754852
01-Aug-2026 01:06:48,-140.466071526613,-33.0329817932777,0,25,25,25,14,-33.0329817932777
01-Aug-2026 01:06:50,-140.563453209211,-33.1303634758756,0,25,25,25,14,-33.1303634758756
01-Aug-2026 01:06:52,-142.317005426875,-34.8839156935402,0,25,25,25,12,-34.8839156935402
01-Aug-2026 01:06:54,-142.095018244144,-34.6619285108085,0,25,25,25,12,-34.6619285108085
01-Aug-2026 01:06:56,-135.944119302246,-28.5110295689111,0,25,25,25,13,-28.5110295689111
01-Aug-2026 01:06:58,-135.37527136849,-27.9421816351544,0,25,25,25,13,-27.9421816351544
01-Aug-2026 01:07:00,-135.414882500023,-27.9817927666875,0,25,25,25,12,-27.9817927666875
01-Aug-2026 01:07:02,-134.98004909738,-27.5469593640448,0,25,25,25,13,-27.5469593640448
01-Aug-2026 01:07:04,-134.256906954269,-26.8238172209335,0,25,25,25,14,-26.8238172209335
01-Aug-2026 01:07:06,-134.339981355297,-26.9068916219615,0,25,25,25,15,-26.9068916219615
01-Aug-2026 01:07:08,-134.519489025977,-27.0863992926422,0,25,25,25,16,-27.0863992926422
01-Aug-2026 01:07:10,-134.643741337113,-27.2106516037774,0,25,25,25,16,-27.2106516037774
01-Aug-2026 01:07:12,-135.163540266805,-27.7304505334694,0,25,25,25,18,-27.7304505334694
01-Aug-2026 01:07:14,-135.28481172504,-27.8517219917049,0,25,25,25,17,-27.8517219917049
01-Aug-2026 01:07:16,-134.932525691524,-27.4994359581892,0,25,25,25,16,-27.4994359581892
01-Aug-2026 01:07:18,-135.373571259043,-27.9404815257078,0,25,25,25,15,-27.9404815257078
01-Aug-2026 01:07:20,-135.435647954683,-28.0025582213476,0,25,25,25,16,-28.0025582213476
01-Aug-2026 01:07:22,-136.282761072383,-28.8496713390479,0,25,25,25,16,-28.8496713390479
01-Aug-2026 01:07:24,-136.859816750359,-29.426727017024,0,25,25,25,16,-29.426727017024
01-Aug-2026 01:07:26,-137.660499759024,-30.2274100256887,0,25,25,25,16,-30.2274100256887
01-Aug-2026 01:07:28,-136.929208412469,-29.4961186791342,0,25,25,25,14,-29.4961186791342
01-Aug-2026 01:07:30,-137.694450247657,-30.2613605143221,0,25,25,25,14,-30.2613605143221
01-Aug-2026 01:07:32,-149.641379025737,-42.2082892924021,0,24,24,24,13,-42.2082892924021
01-Aug-2026 01:07:34,-146.504364754906,-39.0712750215713,0,24,24,24,13,-39.0712750215713
01-Aug-2026 01:07:36,-146.493260684904,-39.0601709515685,0,24,24,24,13,-39.0601709515685
01-Aug-2026 01:07:38,-146.971830954779,-39.5387412214442,0,24,24,24,14,-39.5387412214442
01-Aug-2026 01:07:40,-147.168907388514,-39.7358176551789,0,24,24,24,14,-39.7358176551789
01-Aug-2026 01:07:42,-147.258998686879,-39.8259089535435,0,24,24,24,13,-39.8259089535435
01-Aug-2026 01:07:44,-147.186934899821,-39.7538451664862,0,24,24,24,13,-39.7538451664862
01-Aug-2026 01:07:46,-150.790164278535,-43.3570745451997,0,24,24,24,12,-43.3570745451997
01-Aug-2026 01:07:48,-151.599486423776,-44.1663966904404,0,24,24,24,11,-44.1663966904404
01-Aug-2026 01:07:50,-147.206177355443,-39.773087622108,0,26,26,26,14,-39.773087622108
01-Aug-2026 01:07:52,-147.460237373502,-40.0271476401667,0,26,26,26,14,-40.0271476401667
01-Aug-2026 01:07:54,-148.104149146625,-40.6710594132894,0,26,26,26,15,-40.6710594132894
01-Aug-2026 01:07:56,-147.727282950577,-40.294193217242,0,26,26,26,14,-40.294193217242
01-Aug-2026 01:07:58,-147.977781239114,-40.5446915057791,0,26,26,26,15,-40.5446915057791
01-Aug-2026 01:08:00,-148.010705248768,-40.5776155154327,0,25,25,25,15,-40.5776155154327
01-Aug-2026 01:08:02,-148.452968602809,-41.0198788694735,0,25,25,25,15,-41.0198788694735
01-Aug-2026 01:08:04,-148.355634273276,-40.9225445399404,0,25,25,25,14,-40.9225445399404
01-Aug-2026 01:08:06,-141.997374600043,-34.5642848667077,0,25,25,25,13,-34.5642848667077
01-Aug-2026 01:08:08,-142.193067177462,-34.7599774441273,0,25,25,25,11,-34.7599774441273
01-Aug-2026 01:08:10,-142.348993681514,-34.9159039481789,0,26,26,26,12,-34.9159039481789
01-Aug-2026 01:08:12,-142.914327715225,-35.4812379818898,0,26,26,26,12,-35.4812379818898
01-Aug-2026 01:08:14,-142.603963935289,-35.1708742019541,0,27,27,27,15,-35.1708742019541
01-Aug-2026 01:08:16,-142.980657056168,-35.5475673228325,0,27,27,27,15,-35.5475673228325
01-Aug-2026 01:08:18,-149.041429981974,-41.6083402486385,0,27,27,27,15,-41.6083402486385
01-Aug-2026 01:08:20,-150.362189400983,-42.9290996676477,0,27,27,27,15,-42.9290996676477
01-Aug-2026 01:08:22,-143.510207350804,-36.0771176174692,0,27,27,27,16,-36.0771176174692
01-Aug-2026 01:08:24,-142.75599219158,-35.3229024582448,0,27,27,27,18,-35.3229024582448
01-Aug-2026 01:08:26,-150.713803017919,-43.280713284584,0,27,27,27,18,-43.280713284584
01-Aug-2026 01:08:28,-150.346239886017,-42.9131501526816,0,27,27,27,19,-42.9131501526816
01-Aug-2026 01:08:30,-150.676517102047,-43.2434273687117,0,27,27,27,19,-43.2434273687117
01-Aug-2026 01:08:32,-150.657430453829,-43.2243407204935,0,27,27,27,19,-43.2243407204935
01-Aug-2026 01:08:34,-150.786812613654,-43.353722880319,0,27,27,27,19,-43.353722880319
01-Aug-2026 01:08:36,-150.18376518524,-42.7506754519044,0,27,27,27,20,-42.7506754519044
01-Aug-2026 01:08:38,-150.468939809605,-43.0358500762702,0,26,26,26,19,-43.0358500762702
01-Aug-2026 01:08:40,-150.226842532202,-42.7937527988672,0,26,26,26,19,-42.7937527988672
01-Aug-2026 01:08:42,-150.376874554715,-42.9437848213796,0,26,26,26,17,-42.9437848213796
01-Aug-2026 01:08:44,-149.286078730284,-41.8529889969485,0,26,26,26,19,-41.8529889969485
01-Aug-2026 01:08:46,-156.03659652487,-48.6035067915345,0,26,26,26,18,-48.6035067915345
01-Aug-2026 01:08:48,-155.909952398862,-48.476862665527,0,26,26,26,18,-48.476862665527
01-Aug-2026 01:08:50,-159.912940102695,-52.4798503693594,0,26,26,26,17,-52.4798503693594
01-Aug-2026 01:08:52,-160.218433925435,-52.7853441920999,0,25,25,25,14,-52.7853441920999
01-Aug-2026 01:08:54,-159.800183048826,-52.3670933154907,0,25,25,25,14,-52.3670933154907
01-Aug-2026 01:08:56,-160.975784075019,-53.5426943416834,0,25,25,25,12,-53.5426943416834
01-Aug-2026 01:08:58,-160.863815253758,-53.4307255204228,0,25,25,25,12,-53.4307255204228
01-Aug-2026 01:09:00,-160.888974579305,-53.4558848459697,0,25,25,25,11,-53.4558848459697
01-Aug-2026 01:09:02,-160.655546043847,-53.2224563105116,0,25,25,25,12,-53.2224563105116
01-Aug-2026 01:09:04,-161.624668798739,-54.1915790654037,0,25,25,25,11,-54.1915790654037
01-Aug-2026 01:09:06,-161.526742168752,-54.0936524354163,0,25,25,25,12,-54.0936524354163
01-Aug-2026 01:09:08,-161.596627483246,-54.1635377499109,0,25,25,25,13,-54.1635377499109
01-Aug-2026 01:09:10,-161.949286736813,-54.5161970034775,0,25,25,25,13,-54.5161970034775
01-Aug-2026 01:09:12,-162.304526820469,-54.8714370871343,0,25,25,25,13,-54.8714370871343
01-Aug-2026 01:09:14,-162.456776980444,-55.0236872471085,0,25,25,25,13,-55.0236872471085
01-Aug-2026 01:09:16,-162.296613580087,-54.863523846752,0,25,25,25,13,-54.863523846752
01-Aug-2026 01:09:18,-162.308189652351,-54.875099919016,0,25,25,25,13,-54.875099919016
01-Aug-2026 01:09:20,-162.803597631798,-55.3705078984629,0,25,25,25,12,-55.3705078984629
01-Aug-2026 01:09:22,-163.656427849292,-56.2233381159566,0,25,25,25,11,-56.2233381159566
01-Aug-2026 01:09:24,-164.15779518153,-56.7247054481949,0,25,25,25,10,-56.7247054481949
01-Aug-2026 01:09:26,-151.55078644066,-44.1176967073249,0,25,25,25,11,-44.1176967073249
01-Aug-2026 01:09:28,-151.92570953434,-44.4926198010051,0,25,25,25,10,-44.4926198010051
01-Aug-2026 01:09:30,-153.007030909464,-45.5739411761284,0,25,25,25,10,-45.5739411761284
01-Aug-2026 01:09:32,-153.576600679905,-46.1435109465699,0,25,25,25,10,-46.1435109465699
01-Aug-2026 01:09:34,-153.677732895355,-46.2446431620202,0,26,26,26,13,-46.2446431620202
01-Aug-2026 01:09:36,-154.104699477587,-46.6716097442518,0,25,25,25,13,-46.6716097442518
01-Aug-2026 01:09:38,-153.436990911349,-46.0039011780141,0,25,25,25,16,-46.0039011780141
01-Aug-2026 01:09:40,-153.838603099496,-46.4055133661613,0,24,24,24,15,-46.4055133661613
01-Aug-2026 01:09:42,-153.717548690738,-46.2844589574025,0,24,24,24,14,-46.2844589574025
01-Aug-2026 01:09:44,-153.041946005808,-45.608856272473,0,24,24,24,13,-45.608856272473
01-Aug-2026 01:09:46,-153.327910600507,-45.8948208671716,0,24,24,24,13,-45.8948208671716
01-Aug-2026 01:09:48,-152.9413931484,-45.5083034150646,0,24,24,24,12,-45.5083034150646
01-Aug-2026 01:09:50,-150.863883945194,-43.430794211859,0,24,24,24,13,-43.430794211859
01-Aug-2026 01:09:52,-151.104166382708,-43.6710766493724,0,24,24,24,11,-43.6710766493724
01-Aug-2026 01:09:54,-151.30286898164,-43.8697792483051,0,24,24,24,12,-43.8697792483051
01-Aug-2026 01:09:56,-151.10927733085,-43.6761875975151,0,24,24,24,11,-43.6761875975151
01-Aug-2026 01:09:58,-151.12144224834,-43.688352515005,0,24,24,24,11,-43.688352515005
01-Aug-2026 01:10:00,-151.485172637425,-44.05208290409,0,24,24,24,9,-44.05208290409
01-Aug-2026 01:10:02,-151.364853706812,-43.9317639734766,0,24,24,24,9,-43.9317639734766
01-Aug-2026 01:10:04,-151.088129600136,-43.655039866801,0,25,25,25,9,-43.655039866801
01-Aug-2026 01:10:06,-151.024544710099,-43.591454976764,0,25,25,25,9,-43.591454976764
01-Aug-2026 01:10:08,-150.962713596505,-43.5296238631702,0,25,25,25,10,-43.5296238631702
01-Aug-2026 01:10:10,-152.104273144238,-44.671183410903,0,25,25,25,9,-44.671183410903
01-Aug-2026 01:10:12,-150.535591787104,-43.1025020537688,0,25,25,25,10,-43.1025020537688
01-Aug-2026 01:10:14,-151.631981824057,-44.1988920907221,0,25,25,25,10,-44.1988920907221
01-Aug-2026 01:10:16,-152.132503870197,-44.6994141368617,0,25,25,25,10,-44.6994141368617
01-Aug-2026 01:10:18,-152.232801203815,-44.7997114704798,0,26,26,26,12,-44.7997114704798
01-Aug-2026 01:10:20,-155.819836120814,-48.3867463874788,0,26,26,26,11,-48.3867463874788
01-Aug-2026 01:10:22,-156.117110864221,-48.6840211308863,0,26,26,26,11,-48.6840211308863
01-Aug-2026 01:10:24,-155.647725740911,-48.2146360075754,0,26,26,26,12,-48.2146360075754
01-Aug-2026 01:10:26,-155.731755592686,-48.2986658593511,0,26,26,26,12,-48.2986658593511
01-Aug-2026 01:10:28,-155.437143431319,-48.0040536979836,0,26,26,26,12,-48.0040536979836
01-Aug-2026 01:10:30,-156.008955459112,-48.5758657257764,0,26,26,26,12,-48.5758657257764
01-Aug-2026 01:10:32,-155.944863077397,-48.5117733440618,0,24,24,24,12,-48.5117733440618
01-Aug-2026 01:10:34,-155.644855054078,-48.2117653207424,0,25,25,25,12,-48.2117653207424
01-Aug-2026 01:10:36,-155.668082538638,-48.2349928053028,0,25,25,25,13,-48.2349928053028
01-Aug-2026 01:10:38,-155.313625415395,-47.8805356820603,0,25,25,25,14,-47.8805356820603
01-Aug-2026 01:10:40,-152.682989026776,-45.249899293441,0,25,25,25,13,-45.249899293441
01-Aug-2026 01:10:42,-153.338478570309,-45.9053888369735,0,25,25,25,14,-45.9053888369735
01-Aug-2026 01:10:44,-152.963572774662,-45.5304830413272,0,25,25,25,15,-45.5304830413272
01-Aug-2026 01:10:46,-155.496356460059,-48.0632667267233,0,25,25,25,14,-48.0632667267233
01-Aug-2026 01:10:48,-155.277669629379,-47.8445798960438,0,26,26,26,14,-47.8445798960438
01-Aug-2026 01:10:50,-155.247192894434,-47.814103161099,0,26,26,26,14,-47.814103161099
01-Aug-2026 01:10:52,-155.273239873799,-47.8401501404633,0,26,26,26,18,-47.8401501404633
01-Aug-2026 01:10:54,-154.85604399078,-47.4229542574448,0,25,25,25,17,-47.4229542574448
01-Aug-2026 01:10:56,-145.669713375119,-38.2366236417837,0,25,25,25,17,-38.2366236417837
01-Aug-2026 01:10:58,-145.704492286645,-38.2714025533101,0,25,25,25,17,-38.2714025533101
01-Aug-2026 01:11:00,-145.338505974675,-37.9054162413403,0,25,25,25,16,-37.9054162413403
01-Aug-2026 01:11:02,-144.606550115451,-37.173460382116,0,25,25,25,15,-37.173460382116
01-Aug-2026 01:11:04,-142.1463004984,-34.713210765065,0,25,25,25,16,-34.713210765065
01-Aug-2026 01:11:06,-141.417407874416,-33.984318141081,0,25,25,25,15,-33.984318141081
01-Aug-2026 01:11:08,-136.668993207291,-29.2359034739555,0,24,24,24,13,-29.2359034739555
01-Aug-2026 01:11:10,-165.482336357183,-58.0492466238476,0,24,24,24,13,-58.0492466238476
01-Aug-2026 01:11:12,-165.936631712134,-58.5035419787993,0,24,24,24,12,-58.5035419787993
01-Aug-2026 01:11:14,-166.243449981215,-58.8103602478796,0,24,24,24,12,-58.8103602478796
01-Aug-2026 01:11:16,-148.884075551296,-41.4509858179606,0,24,24,24,12,-41.4509858179606
01-Aug-2026 01:11:18,-148.689250951118,-41.2561612177827,0,24,24,24,12,-41.2561612177827
01-Aug-2026 01:11:20,-148.74621245981,-41.3131227264749,0,24,24,24,10,-41.3131227264749
01-Aug-2026 01:11:22,-143.915625897828,-36.4825361644925,0,24,24,24,11,-36.4825361644925
01-Aug-2026 01:11:24,-136.303835351905,-28.8707456185698,0,24,24,24,13,-28.8707456185698
01-Aug-2026 01:11:26,-139.084258763294,-31.6511690299591,0,24,24,24,12,-31.6511690299591
01-Aug-2026 01:11:28,-141.527729230099,-34.0946394967642,0,24,24,24,11,-34.0946394967642
01-Aug-2026 01:11:30,-141.63342566678,-34.2003359334444,0,24,24,24,13,-34.2003359334444
01-Aug-2026 01:11:32,-142.339686226012,-34.9065964926763,0,24,24,24,12,-34.9065964926763
01-Aug-2026 01:11:34,-142.856270379867,-35.4231806465321,0,25,25,25,14,-35.4231806465321
01-Aug-2026 01:11:36,-142.490952576616,-35.0578628432804,0,25,25,25,13,-35.0578628432804
01-Aug-2026 01:11:38,-142.334068345064,-34.9009786117293,0,25,25,25,14,-34.9009786117293
01-Aug-2026 01:11:40,-144.675950228861,-37.2428604955254,0,25,25,25,13,-37.2428604955254
01-Aug-2026 01:11:42,-145.292035094857,-37.8589453615222,0,26,26,26,13,-37.8589453615222
01-Aug-2026 01:11:44,-145.934305895777,-38.5012161624421,0,26,26,26,13,-38.5012161624421
01-Aug-2026 01:11:46,-146.360359234072,-38.9272695007371,0,26,26,26,12,-38.9272695007371
01-Aug-2026 01:11:48,-141.68222616852,-34.2491364351852,0,26,26,26,11,-34.2491364351852
01-Aug-2026 01:11:50,-141.220656161115,-33.7875664277797,0,26,26,26,11,-33.7875664277797
01-Aug-2026 01:11:52,-137.504690916624,-30.0716011832891,0,26,26,26,15,-30.0716011832891
01-Aug-2026 01:11:54,-137.395254108863,-29.9621643755273,0,25,25,25,14,-29.9621643755273
01-Aug-2026 01:11:56,-137.697638910005,-30.2645491766697,0,25,25,25,13,-30.2645491766697
01-Aug-2026 01:11:58,-138.248906781376,-30.8158170480411,0,25,25,25,12,-30.8158170480411
01-Aug-2026 01:12:00,-132.101790154579,-24.6687004212436,0,26,26,26,13,-24.6687004212436
01-Aug-2026 01:12:02,-133.135939888229,-25.7028501548936,0,26,26,26,12,-25.7028501548936
01-Aug-2026 01:12:04,-141.298779585749,-33.8656898524137,0,26,26,26,11,-33.8656898524137
01-Aug-2026 01:12:06,-141.120895018292,-33.6878052849565,0,26,26,26,12,-33.6878052849565
01-Aug-2026 01:12:08,-142.724975059962,-35.2918853266272,0,26,26,26,13,-35.2918853266272
01-Aug-2026 01:12:10,-141.850144635028,-34.4170549016924,0,26,26,26,12,-34.4170549016924
01-Aug-2026 01:12:12,-141.673495732548,-34.2404059992126,0,27,27,27,14,-34.2404059992126
01-Aug-2026 01:12:14,-141.752376889679,-34.3192871563442,0,26,26,26,14,-34.3192871563442
01-Aug-2026 01:12:16,-142.119353994092,-34.6862642607567,0,27,27,27,15,-34.6862642607567
01-Aug-2026 01:12:18,-155.909174278186,-48.4760845448508,0,27,27,27,13,-48.4760845448508
01-Aug-2026 01:12:20,-154.923749403393,-47.4906596700581,0,27,27,27,13,-47.4906596700581
01-Aug-2026 01:12:22,-155.295973731707,-47.8628839983718,0,26,26,26,11,-47.8628839983718
01-Aug-2026 01:12:24,-148.215633849653,-40.7825441163174,0,27,27,27,13,-40.7825441163174
01-Aug-2026 01:12:26,-147.947527919137,-40.5144381858023,0,27,27,27,14,-40.5144381858023
01-Aug-2026 01:12:28,-147.280202621568,-39.8471128882325,0,27,27,27,16,-39.8471128882325
01-Aug-2026 01:12:30,-147.315755683552,-39.8826659502172,0,26,26,26,16,-39.8826659502172
01-Aug-2026 01:12:32,-146.63555610746,-39.2024663741247,0,26,26,26,15,-39.2024663741247
01-Aug-2026 01:12:34,-146.115931993371,-38.6828422600357,0,26,26,26,16,-38.6828422600357
01-Aug-2026 01:12:36,-160.950830466676,-53.5177407333404,0,26,26,26,14,-53.5177407333404
01-Aug-2026 01:12:38,-161.470187681003,-54.0370979476682,0,26,26,26,13,-54.0370979476682
01-Aug-2026 01:12:40,-161.340264508681,-53.9071747753455,0,26,26,26,13,-53.9071747753455
01-Aug-2026 01:12:42,-147.391811846245,-39.9587221129099,0,25,25,25,13,-39.9587221129099
01-Aug-2026 01:12:44,-147.216557152761,-39.7834674194262,0,25,25,25,12,-39.7834674194262
01-Aug-2026 01:12:46,-146.929488112957,-39.4963983796219,0,25,25,25,12,-39.4963983796219
01-Aug-2026 01:12:48,-147.10283935512,-39.6697496217851,0,25,25,25,12,-39.6697496217851
01-Aug-2026 01:12:50,-147.284618115442,-39.8515283821066,0,25,25,25,10,-39.8515283821066
01-Aug-2026 01:12:52,-147.558093226565,-40.12500349323,0,25,25,25,9,-40.12500349323
01-Aug-2026 01:12:54,-133.331129639814,-25.8980399064785,0,25,25,25,11,-25.8980399064785
01-Aug-2026 01:12:56,-132.936322346136,-25.5032326128008,0,25,25,25,11,-25.5032326128008
01-Aug-2026 01:12:58,-132.74863951429,-25.3155497809547,0,25,25,25,10,-25.3155497809547
01-Aug-2026 01:13:00,-132.363877274647,-24.9307875413121,0,25,25,25,11,-24.9307875413121
01-Aug-2026 01:13:02,-132.32443205223,-24.8913423188951,0,25,25,25,12,-24.8913423188951
01-Aug-2026 01:13:04,-149.263474645255,-41.8303849119198,0,25,25,25,10,-41.8303849119198
01-Aug-2026 01:13:06,-149.99146714688,-42.5583774135444,0,25,25,25,10,-42.5583774135444
01-Aug-2026 01:13:08,-150.28297966104,-42.849889927705,0,25,25,25,11,-42.849889927705
01-Aug-2026 01:13:10,-150.045391529838,-42.6123017965026,0,25,25,25,11,-42.6123017965026
01-Aug-2026 01:13:12,-150.369361615444,-42.936271882109,0,25,25,25,11,-42.936271882109
01-Aug-2026 01:13:14,-150.47842010418,-43.0453303708443,0,25,25,25,12,-43.0453303708443
01-Aug-2026 01:13:16,-151.070811645494,-43.6377219121586,0,25,25,25,12,-43.6377219121586
01-Aug-2026 01:13:18,-150.813906428936,-43.3808166956003,0,25,25,25,13,-43.3808166956003
01-Aug-2026 01:13:20,-149.95535850389,-42.5222687705548,0,25,25,25,12,-42.5222687705548
01-Aug-2026 01:13:22,-150.426846016735,-42.9937562833997,0,26,26,26,13,-42.9937562833997
01-Aug-2026 01:13:24,-151.103529277888,-43.6704395445524,0,26,26,26,13,-43.6704395445524
01-Aug-2026 01:13:26,-139.803327421666,-32.370237688331,0,25,25,25,13,-32.370237688331
01-Aug-2026 01:13:28,-140.498291477827,-33.0652017444913,0,24,24,24,11,-33.0652017444913
01-Aug-2026 01:13:30,-140.555649897073,-33.1225601637377,0,24,24,24,12,-33.1225601637377
01-Aug-2026 01:13:32,-149.881950117819,-42.4488603844837,0,24,24,24,12,-42.4488603844837
01-Aug-2026 01:13:34,-149.903458106404,-42.470368373069,0,24,24,24,12,-42.470368373069
01-Aug-2026 01:13:36,-150.047716703719,-42.6146269703842,0,24,24,24,13,-42.6146269703842
01-Aug-2026 01:13:38,-150.319202702215,-42.8861129688799,0,24,24,24,14,-42.8861129688799
01-Aug-2026 01:13:40,-151.070120633683,-43.637030900348,0,24,24,24,13,-43.637030900348
01-Aug-2026 01:13:42,-151.063368914969,-43.6302791816343,0,24,24,24,12,-43.6302791816343
01-Aug-2026 01:13:44,-151.193964129002,-43.7608743956671,0,24,24,24,12,-43.7608743956671
01-Aug-2026 01:13:46,-151.772089810692,-44.3390000773565,0,24,24,24,12,-44.3390000773565
01-Aug-2026 01:13:48,-151.932014644482,-44.4989249111472,0,24,24,24,10,-44.4989249111472
01-Aug-2026 01:13:50,-157.700432933971,-50.2673432006358,0,24,24,24,8,-50.2673432006358
01-Aug-2026 01:13:52,-158.308435693415,-50.8753459600803,0,25,25,25,10,-50.8753459600803
01-Aug-2026 01:13:54,-158.818301191336,-51.3852114580007,0,25,25,25,10,-51.3852114580007
01-Aug-2026 01:13:56,-160.009160713458,-52.5760709801231,0,25,25,25,10,-52.5760709801231
01-Aug-2026 01:13:58,-158.864767613141,-51.4316778798058,0,25,25,25,11,-51.4316778798058
01-Aug-2026 01:14:00,-158.452590258226,-51.0195005248905,0,25,25,25,10,-51.0195005248905
01-Aug-2026 01:14:02,-158.942257289206,-51.5091675558712,0,25,25,25,10,-51.5091675558712
01-Aug-2026 01:14:04,-150.305380079138,-42.8722903458026,0,25,25,25,11,-42.8722903458026
01-Aug-2026 01:14:06,-150.394036225563,-42.9609464922277,0,25,25,25,10,-42.9609464922277
01-Aug-2026 01:14:08,-150.71665664108,-43.2835669077452,0,25,25,25,12,-43.2835669077452
01-Aug-2026 01:14:10,-150.608219548742,-43.175129815407,0,26,26,26,14,-43.175129815407
01-Aug-2026 01:14:12,-149.306921451239,-41.8738317179035,0,26,26,26,15,-41.8738317179035
01-Aug-2026 01:14:14,-149.209051272487,-41.7759615391522,0,26,26,26,13,-41.7759615391522
01-Aug-2026 01:14:16,-148.544201779735,-41.1111120463994,0,26,26,26,12,-41.1111120463994
01-Aug-2026 01:14:18,-164.159884002052,-56.7267942687166,0,26,26,26,11,-56.7267942687166
01-Aug-2026 01:14:20,-151.078555343944,-43.6454656106093,0,25,25,25,12,-43.6454656106093
01-Aug-2026 01:14:22,-150.205991200757,-42.7729014674222,0,25,25,25,11,-42.7729014674222
01-Aug-2026 01:14:24,-149.605423841748,-42.1723341084128,0,24,24,24,11,-42.1723341084128
01-Aug-2026 01:14:26,-149.253200257339,-41.8201105240042,0,25,25,25,10,-41.8201105240042
01-Aug-2026 01:14:28,-149.180477280849,-41.7473875475135,0,25,25,25,10,-41.7473875475135
01-Aug-2026 01:14:30,-148.961115315472,-41.5280255821369,0,25,25,25,10,-41.5280255821369
01-Aug-2026 01:14:32,-148.525874474483,-41.0927847411476,0,26,26,26,8,-41.0927847411476
01-Aug-2026 01:14:34,-148.558936146531,-41.1258464131958,0,26,26,26,8,-41.1258464131958
01-Aug-2026 01:14:36,-148.957447171887,-41.5243574385516,0,26,26,26,10,-41.5243574385516
01-Aug-2026 01:14:38,-149.550907058089,-42.1178173247539,0,26,26,26,9,-42.1178173247539
01-Aug-2026 01:14:40,-149.209066922014,-41.7759771886783,0,26,26,26,7,-41.7759771886783
01-Aug-2026 01:14:42,-149.051747550624,-41.6186578172886,0,26,26,26,8,-41.6186578172886
01-Aug-2026 01:14:44,-149.581078047437,-42.1479883141021,0,25,25,25,7,-42.1479883141021
01-Aug-2026 01:14:46,-149.350477302748,-41.9173875694126,0,24,24,24,8,-41.9173875694126
01-Aug-2026 01:14:48,-149.46109720753,-42.0280074741952,0,24,24,24,9,-42.0280074741952
01-Aug-2026 01:14:50,-149.066999710538,-41.6339099772033,0,24,24,24,8,-41.6339099772033
01-Aug-2026 01:14:52,-149.331680319336,-41.8985905860007,0,24,24,24,9,-41.8985905860007
01-Aug-2026 01:14:54,-148.9246309543,-41.4915412209647,0,24,24,24,9,-41.4915412209647
01-Aug-2026 01:14:56,-148.876259952343,-41.4431702190081,0,24,24,24,9,-41.4431702190081
01-Aug-2026 01:14:58,-148.685967111748,-41.2528773784132,0,24,24,24,8,-41.2528773784132
01-Aug-2026 01:15:00,-147.969992774826,-40.536903041491,0,24,24,24,9,-40.536903041491
01-Aug-2026 01:15:02,-148.077755986805,-40.6446662534699,0,24,24,24,10,-40.6446662534699
01-Aug-2026 01:15:04,-140.862811062459,-33.4297213291242,0,24,24,24,13,-33.4297213291242
01-Aug-2026 01:15:06,-141.163891861421,-33.7308021280859,0,24,24,24,13,-33.7308021280859
01-Aug-2026 01:15:08,-141.684798038854,-34.2517083055189,0,24,24,24,12,-34.2517083055189
01-Aug-2026 01:15:10,-141.447773878331,-34.0146841449962,0,24,24,24,12,-34.0146841449962
01-Aug-2026 01:15:12,-141.536254460581,-34.1031647272461,0,24,24,24,12,-34.1031647272461
01-Aug-2026 01:15:14,-142.26972893083,-34.8366391974946,0,24,24,24,12,-34.8366391974946
01-Aug-2026 01:15:16,-142.115852261654,-34.6827625283188,0,24,24,24,12,-34.6827625283188
01-Aug-2026 01:15:18,-142.621686382307,-35.1885966489721,0,25,25,25,13,-35.1885966489721
01-Aug-2026 01:15:20,-142.987437813911,-35.5543480805757,0,25,25,25,12,-35.5543480805757
01-Aug-2026 01:15:22,-143.257486767162,-35.8243970338267,0,25,25,25,13,-35.8243970338267
01-Aug-2026 01:15:24,-143.398277148347,-35.9651874150114,0,25,25,25,12,-35.9651874150114
01-Aug-2026 01:15:26,-143.439140422923,-36.0060506895878,0,25,25,25,12,-36.0060506895878
01-Aug-2026 01:15:28,-143.482530440699,-36.0494407073639,0,25,25,25,13,-36.0494407073639
01-Aug-2026 01:15:30,-143.643597763354,-36.2105080300189,0,25,25,25,14,-36.2105080300189
01-Aug-2026 01:15:32,-137.738548656407,-30.3054589230715,0,25,25,25,14,-30.3054589230715
01-Aug-2026 01:15:34,-138.201041860897,-30.7679521275621,0,26,26,26,15,-30.7679521275621
01-Aug-2026 01:15:36,-138.462789890397,-31.0297001570615,0,26,26,26,14,-31.0297001570615
01-Aug-2026 01:15:38,-138.692857169548,-31.2597674362133,0,26,26,26,14,-31.2597674362133
01-Aug-2026 01:15:40,-138.541511600534,-31.108421867199,0,26,26,26,14,-31.108421867199
01-Aug-2026 01:15:42,-137.500981661272,-30.0678919279364,0,26,26,26,16,-30.0678919279364
01-Aug-2026 01:15:44,-137.121329039568,-29.6882393062325,0,26,26,26,17,-29.6882393062325
01-Aug-2026 01:15:46,-137.628956899181,-30.1958671658462,0,26,26,26,18,-30.1958671658462
01-Aug-2026 01:15:48,-137.54543426825,-30.1123445349143,0,26,26,26,17,-30.1123445349143
01-Aug-2026 01:15:50,-137.900677455278,-30.4675877219429,0,26,26,26,15,-30.4675877219429
01-Aug-2026 01:15:52,-137.504925456908,-30.0718357235724,0,26,26,26,18,-30.0718357235724
01-Aug-2026 01:15:54,-137.181420401515,-29.7483306681798,0,26,26,26,16,-29.7483306681798
01-Aug-2026 01:15:56,-151.526327087514,-44.0932373541792,0,26,26,26,15,-44.0932373541792
01-Aug-2026 01:15:58,-143.111684400112,-35.6785946667764,0,26,26,26,14,-35.6785946667764
01-Aug-2026 01:16:00,-143.747268756536,-36.3141790232011,0,26,26,26,16,-36.3141790232011
01-Aug-2026 01:16:02,-142.623870343049,-35.1907806097142,0,25,25,25,16,-35.1907806097142
01-Aug-2026 01:16:04,-142.523641949637,-35.0905522163018,0,25,25,25,13,-35.0905522163018
01-Aug-2026 01:16:06,-141.864918897197,-34.4318291638617,0,25,25,25,14,-34.4318291638617
01-Aug-2026 01:16:08,-142.50247127798,-35.0693815446447,0,26,26,26,14,-35.0693815446447
01-Aug-2026 01:16:10,-142.737740081352,-35.3046503480172,0,26,26,26,13,-35.3046503480172
01-Aug-2026 01:16:12,-142.183575099775,-34.75048536644,0,26,26,26,14,-34.75048536644
01-Aug-2026 01:16:14,-142.630119091026,-35.1970293576912,0,26,26,26,14,-35.1970293576912
01-Aug-2026 01:16:16,-142.059563110144,-34.6264733768093,0,27,27,27,15,-34.6264733768093
01-Aug-2026 01:16:18,-141.658633665608,-34.2255439322731,0,27,27,27,15,-34.2255439322731
01-Aug-2026 01:16:20,-140.798373386364,-33.3652836530286,0,26,26,26,15,-33.3652836530286
01-Aug-2026 01:16:22,-140.564752768059,-33.1316630347241,0,26,26,26,14,-33.1316630347241
01-Aug-2026 01:16:24,-140.816892914234,-33.383803180899,0,26,26,26,16,-33.383803180899
01-Aug-2026 01:16:26,-139.703870418573,-32.2707806852375,0,26,26,26,13,-32.2707806852375
01-Aug-2026 01:16:28,-140.173472050492,-32.7403823171571,0,26,26,26,13,-32.7403823171571
01-Aug-2026 01:16:30,-139.869538773811,-32.4364490404755,0,26,26,26,13,-32.4364490404755
01-Aug-2026 01:16:32,-139.937953046746,-32.5048633134112,0,25,25,25,13,-32.5048633134112
01-Aug-2026 01:16:34,-140.202713330857,-32.7696235975216,0,25,25,25,13,-32.7696235975216
01-Aug-2026 01:16:36,-139.438304887194,-32.0052151538593,0,25,25,25,12,-32.0052151538593
01-Aug-2026 01:16:38,-138.933252540639,-31.5001628073043,0,25,25,25,13,-31.5001628073043
01-Aug-2026 01:16:40,-138.775428966992,-31.3423392336567,0,25,25,25,14,-31.3423392336567
01-Aug-2026 01:16:42,-138.374217191178,-30.9411274578424,0,25,25,25,15,-30.9411274578424
01-Aug-2026 01:16:44,-138.221985539671,-30.7888958063356,0,25,25,25,16,-30.7888958063356
01-Aug-2026 01:16:46,-137.81934726871,-30.3862575353753,0,25,25,25,16,-30.3862575353753
01-Aug-2026 01:16:48,-138.102186140135,-30.6690964067999,0,25,25,25,13,-30.6690964067999
01-Aug-2026 01:16:50,-137.328011238834,-29.8949215054989,0,25,25,25,14,-29.8949215054989
01-Aug-2026 01:16:52,-137.176024945327,-29.7429352119914,0,25,25,25,14,-29.7429352119914
01-Aug-2026 01:16:54,-163.369806689146,-55.9367169558104,0,25,25,25,14,-55.9367169558104
01-Aug-2026 01:16:56,-163.481557744723,-56.048468011388,0,25,25,25,13,-56.048468011388
01-Aug-2026 01:16:58,-163.428572252275,-55.9954825189401,0,25,25,25,13,-55.9954825189401
01-Aug-2026 01:17:00,-163.172617621639,-55.7395278883039,0,25,25,25,15,-55.7395278883039
01-Aug-2026 01:17:02,-163.601732719456,-56.1686429861212,0,25,25,25,14,-56.1686429861212
01-Aug-2026 01:17:04,-163.523829759288,-56.090740025953,0,25,25,25,13,-56.090740025953
01-Aug-2026 01:17:06,-165.824714124404,-58.3916243910685,0,25,25,25,11,-58.3916243910685
01-Aug-2026 01:17:08,-144.654205615174,-37.2211158818388,0,25,25,25,11,-37.2211158818388
01-Aug-2026 01:17:10,-144.777121256437,-37.3440315231018,0,26,26,26,14,-37.3440315231018
01-Aug-2026 01:17:12,-136.492012770374,-29.0589230370386,0,26,26,26,14,-29.0589230370386
01-Aug-2026 01:17:14,-136.694925838516,-29.261836105181,0,25,25,25,11,-29.261836105181
01-Aug-2026 01:17:16,-136.46019338727,-29.0271036539351,0,25,25,25,10,-29.0271036539351
01-Aug-2026 01:17:18,-141.231906597031,-33.7988168636963,0,25,25,25,9,-33.7988168636963
01-Aug-2026 01:17:20,-141.501996416542,-34.0689066832066,0,25,25,25,8,-34.0689066832066
01-Aug-2026 01:17:22,-141.347059446911,-33.9139697135763,0,24,24,24,9,-33.9139697135763
01-Aug-2026 01:17:24,-140.947587256515,-33.5144975231796,0,24,24,24,11,-33.5144975231796
01-Aug-2026 01:17:26,-140.573274022243,-33.1401842889078,0,24,24,24,11,-33.1401842889078
01-Aug-2026 01:17:28,-141.238109103771,-33.8050193704354,0,24,24,24,10,-33.8050193704354
01-Aug-2026 01:17:30,-141.540563631593,-34.1074738982576,0,24,24,24,10,-34.1074738982576
01-Aug-2026 01:17:32,-141.477247944576,-34.0441582112413,0,24,24,24,10,-34.0441582112413
01-Aug-2026 01:17:34,-140.916175967611,-33.4830862342755,0,24,24,24,11,-33.4830862342755
01-Aug-2026 01:17:36,-141.341644485161,-33.9085547518263,0,24,24,24,13,-33.9085547518263
01-Aug-2026 01:17:38,-140.777898619974,-33.3448088866393,0,24,24,24,14,-33.3448088866393
01-Aug-2026 01:17:40,-140.2650426252,-32.8319528918649,0,25,25,25,15,-32.8319528918649
01-Aug-2026 01:17:42,-143.960819969701,-36.5277302363658,0,25,25,25,12,-36.5277302363658
01-Aug-2026 01:17:44,-144.085525910567,-36.6524361772316,0,25,25,25,12,-36.6524361772316
01-Aug-2026 01:17:46,-144.219303778115,-36.7862140447798,0,25,25,25,10,-36.7862140447798
01-Aug-2026 01:17:48,-143.887966802927,-36.4548770695914,0,25,25,25,10,-36.4548770695914
01-Aug-2026 01:17:50,-139.844672657288,-32.4115829239525,0,25,25,25,10,-32.4115829239525
01-Aug-2026 01:17:52,-139.641319893471,-32.2082301601362,0,25,25,25,11,-32.2082301601362
01-Aug-2026 01:17:54,-139.581549430555,-32.1484596972195,0,25,25,25,11,-32.1484596972195
01-Aug-2026 01:17:56,-139.457830631693,-32.0247408983575,0,25,25,25,11,-32.0247408983575
01-Aug-2026 01:17:58,-140.845914880817,-33.4128251474816,0,25,25,25,9,-33.4128251474816
01-Aug-2026 01:18:00,-140.480215250633,-33.0471255172974,0,25,25,25,11,-33.0471255172974
01-Aug-2026 01:18:02,-140.453120090164,-33.0200303568289,0,26,26,26,11,-33.0200303568289
01-Aug-2026 01:18:04,-153.54075799796,-46.1076682646243,0,26,26,26,10,-46.1076682646243
01-Aug-2026 01:18:06,-153.61904170531,-46.1859519719752,0,26,26,26,10,-46.1859519719752
01-Aug-2026 01:18:08,-154.327265307041,-46.8941755737061,0,26,26,26,11,-46.8941755737061
01-Aug-2026 01:18:10,-155.990390024325,-48.5573002909895,0,25,25,25,11,-48.5573002909895
01-Aug-2026 01:18:12,-156.272019750795,-48.8389300174603,0,25,25,25,10,-48.8389300174603
01-Aug-2026 01:18:14,-153.960214859803,-46.5271251264681,0,24,24,24,11,-46.5271251264681
01-Aug-2026 01:18:16,-154.161860029382,-46.7287702960464,0,24,24,24,11,-46.7287702960464
01-Aug-2026 01:18:18,-155.799175039147,-48.3660853058115,0,26,26,26,10,-48.3660853058115
01-Aug-2026 01:18:20,-155.846569383742,-48.4134796504067,0,25,25,25,11,-48.4134796504067
01-Aug-2026 01:18:22,-154.798586513274,-47.3654967799385,0,25,25,25,13,-47.3654967799385
01-Aug-2026 01:18:24,-154.301899383718,-46.8688096503823,0,25,25,25,13,-46.8688096503823
01-Aug-2026 01:18:26,-154.477884097922,-47.0447943645865,0,25,25,25,13,-47.0447943645865
01-Aug-2026 01:18:28,-153.819256852729,-46.3861671193943,0,25,25,25,16,-46.3861671193943
01-Aug-2026 01:18:30,-153.377725256475,-45.94463552314,0,25,25,25,16,-45.94463552314
01-Aug-2026 01:18:32,-150.789824876842,-43.3567351435065,0,25,25,25,16,-43.3567351435065
01-Aug-2026 01:18:34,-151.050864985196,-43.6177752518612,0,25,25,25,15,-43.6177752518612
01-Aug-2026 01:18:36,-155.322571902471,-47.8894821691358,0,25,25,25,15,-47.8894821691358
01-Aug-2026 01:18:38,-152.770766569609,-45.3376768362743,0,24,24,24,15,-45.3376768362743
01-Aug-2026 01:18:40,-152.97030824965,-45.5372185163144,0,24,24,24,15,-45.5372185163144
01-Aug-2026 01:18:42,-152.801838748388,-45.3687490150532,0,24,24,24,15,-45.3687490150532
01-Aug-2026 01:18:44,-152.548150205066,-45.1150604717307,0,24,24,24,15,-45.1150604717307
01-Aug-2026 01:18:46,-152.727571131419,-45.2944813980835,0,24,24,24,13,-45.2944813980835
01-Aug-2026 01:18:48,-152.785775459093,-45.3526857257576,0,24,24,24,14,-24.8097655917897
01-Aug-2026 01:18:50,-152.857436357062,-45.4243466237264,0,24,24,24,14,-25.107568978656
01-Aug-2026 01:18:52,-153.119918948051,-45.6868292147155,0,24,24,24,14,-25.6678069774801
01-Aug-2026 01:18:54,-152.534562550819,-45.1014728174838,0,24,24,24,15,-26.5159679688774
01-Aug-2026 01:18:56,-134.288835789325,-26.8557460559895,0,24,24,24,16,-26.8557460559895
01-Aug-2026 01:18:58,-135.121135887573,-27.6880461542374,0,24,24,24,15,-27.6880461542374
01-Aug-2026 01:19:00,-135.951413177908,-28.5183234445726,0,24,24,24,16,-28.5183234445726
01-Aug-2026 01:19:02,-136.748725161611,-29.3156354282754,0,25,25,25,15,-29.3156354282754
01-Aug-2026 01:19:04,-137.17174729415,-29.7386575608151,0,25,25,25,13,-29.7386575608151
01-Aug-2026 01:19:06,-137.760924130856,-30.3278343975213,0,25,25,25,14,-30.3278343975213
01-Aug-2026 01:19:08,-137.926678979532,-30.4935892461968,0,25,25,25,14,-30.4935892461968
01-Aug-2026 01:19:10,-138.309518843513,-30.8764291101775,0,25,25,25,14,-30.8764291101775
01-Aug-2026 01:19:12,-138.803481559474,-31.3703918261393,0,25,25,25,16,-31.3703918261393
01-Aug-2026 01:19:14,-139.757005847933,-32.3239161145979,0,25,25,25,15,-32.3239161145979
01-Aug-2026 01:19:16,-140.665544994742,-33.2324552614069,0,25,25,25,15,-33.2324552614069
01-Aug-2026 01:19:18,-141.8052219227,-34.3721321893647,0,25,25,25,14,-34.3721321893647
01-Aug-2026 01:19:20,-143.221033432562,-35.7879436992267,0,25,25,25,15,-35.7879436992267
01-Aug-2026 01:19:22,-143.31621372956,-35.8831239962251,0,25,25,25,15,-35.8831239962251
01-Aug-2026 01:19:24,-143.699097610997,-36.2660078776622,0,25,25,25,16,-36.2660078776622
01-Aug-2026 01:19:26,-143.67268747785,-36.239597744515,0,26,26,26,17,-36.239597744515
01-Aug-2026 01:19:28,-144.015274972248,-36.582185238913,0,26,26,26,17,-36.582185238913
01-Aug-2026 01:19:30,-145.554022928834,-38.1209331954987,0,26,26,26,16,-38.1209331954987
01-Aug-2026 01:19:32,-145.667190757955,-38.2341010246193,0,26,26,26,16,-38.2341010246193
01-Aug-2026 01:19:34,-146.63904928059,-39.2059595472549,0,26,26,26,16,-39.2059595472549
01-Aug-2026 01:19:36,-146.874136279163,-39.4410465458276,0,26,26,26,15,-39.4410465458276
01-Aug-2026 01:19:38,-146.895515140486,-39.4624254071505,0,26,26,26,16,-39.4624254071505
01-Aug-2026 01:19:40,-147.215576234674,-39.7824865013384,0,27,27,27,16,-39.7824865013384
01-Aug-2026 01:19:42,-165.179547894055,-57.7464581607195,0,27,27,27,14,-57.7464581607195
01-Aug-2026 01:19:44,-165.138284857656,-57.7051951243212,0,26,26,26,14,-57.7051951243212
01-Aug-2026 01:19:46,-165.367939530576,-57.9348497972408,0,26,26,26,14,-57.9348497972408
01-Aug-2026 01:19:48,-163.974536310867,-56.5414465775315,0,26,26,26,14,-56.5414465775315
01-Aug-2026 01:19:50,-163.996934043476,-56.5638443101408,0,25,25,25,12,-56.5638443101408
01-Aug-2026 01:19:52,-144.272083002202,-36.8389932688666,0,25,25,25,14,-36.8389932688666
01-Aug-2026 01:19:54,-143.79395058805,-36.3608608547146,0,25,25,25,13,-36.3608608547146
01-Aug-2026 01:19:56,-142.42855354584,-34.9954638125051,0,24,24,24,13,-34.9954638125051
01-Aug-2026 01:19:58,-142.476324679112,-35.0432349457772,0,24,24,24,13,-35.0432349457772
01-Aug-2026 01:20:00,-142.600294182285,-35.1672044489503,0,25,25,25,13,-35.1672044489503
01-Aug-2026 01:20:02,-142.525020445403,-35.0919307120681,0,25,25,25,15,-35.0919307120681
01-Aug-2026 01:20:04,-139.33930339604,-31.9062136627047,0,25,25,25,15,-31.9062136627047
01-Aug-2026 01:20:06,-138.967380910656,-31.534291177321,0,26,26,26,16,-31.534291177321
01-Aug-2026 01:20:08,-138.594504674321,-31.1614149409856,0,27,27,27,16,-31.1614149409856
01-Aug-2026 01:20:10,-138.393351133933,-30.9602614005979,0,27,27,27,18,-30.9602614005979
01-Aug-2026 01:20:12,-138.687070141437,-31.2539804081021,0,26,26,26,16,-31.2539804081021
01-Aug-2026 01:20:14,-138.119516442655,-30.6864267093193,0,26,26,26,17,-30.6864267093193
01-Aug-2026 01:20:16,-138.293990587135,-30.8609008537999,0,26,26,26,17,-30.8609008537999
01-Aug-2026 01:20:18,-138.023567695772,-30.5904779624364,0,26,26,26,16,-30.5904779624364
01-Aug-2026 01:20:20,-138.05608307607,-30.6229933427344,0,25,25,25,16,-30.6229933427344
01-Aug-2026 01:20:22,-137.72565087696,-30.2925611436244,0,25,25,25,16,-30.2925611436244
01-Aug-2026 01:20:24,-137.974496048846,-30.541406315511,0,25,25,25,15,-30.541406315511
01-Aug-2026 01:20:26,-138.094323085724,-30.6612333523888,0,25,25,25,15,-30.6612333523888
01-Aug-2026 01:20:28,-137.994002905048,-30.5609131717129,0,25,25,25,15,-30.5609131717129
01-Aug-2026 01:20:30,-137.78782509635,-30.3547353630151,0,25,25,25,15,-30.3547353630151
01-Aug-2026 01:20:32,-137.57629118878,-30.1432014554446,0,25,25,25,17,-30.1432014554446
01-Aug-2026 01:20:34,-138.028839001631,-30.5957492682961,0,25,25,25,16,-30.5957492682961
01-Aug-2026 01:20:36,-138.208558890545,-30.7754691572099,0,25,25,25,16,-30.7754691572099
01-Aug-2026 01:20:38,-137.658843161976,-30.2257534286403,0,25,25,25,16,-30.2257534286403
01-Aug-2026 01:20:40,-165.359595446066,-57.9265057127313,0,25,25,25,15,-57.9265057127313
01-Aug-2026 01:20:42,-165.519976005909,-58.0868862725739,0,25,25,25,15,-58.0868862725739
01-Aug-2026 01:20:44,-163.706440765721,-56.2733510323859,0,25,25,25,15,-56.2733510323859
01-Aug-2026 01:20:46,-163.376458365548,-55.943368632213,0,25,25,25,16,-55.943368632213
01-Aug-2026 01:20:48,-163.208864600505,-55.7757748671702,0,25,25,25,16,-55.7757748671702
01-Aug-2026 01:20:50,-163.379341521859,-55.9462517885236,0,25,25,25,16,-55.9462517885236
01-Aug-2026 01:20:52,-141.359361409444,-33.926271676109,0,25,25,25,19,-33.926271676109
01-Aug-2026 01:20:54,-141.413820279582,-33.980730546247,0,25,25,25,18,-33.980730546247
01-Aug-2026 01:20:56,-162.16929286202,-54.7362031286849,0,26,26,26,17,-54.7362031286849
01-Aug-2026 01:20:58,-161.991952022822,-54.5588622894869,0,26,26,26,15,-54.5588622894869
01-Aug-2026 01:21:00,-163.407588025067,-55.9744982917322,0,25,25,25,14,-55.9744982917322
01-Aug-2026 01:21:02,-157.298480132913,-49.865390399578,0,25,25,25,13,-49.865390399578
01-Aug-2026 01:21:04,-157.055032194642,-49.621942461307,0,25,25,25,13,-49.621942461307
01-Aug-2026 01:21:06,-156.44923417702,-49.0161444436848,0,25,25,25,13,-49.0161444436848
01-Aug-2026 01:21:08,-156.592899029259,-49.1598092959238,0,25,25,25,13,-49.1598092959238
01-Aug-2026 01:21:10,-156.26730451406,-48.8342147807249,0,25,25,25,12,-48.8342147807249
01-Aug-2026 01:21:12,-155.780265912946,-48.3471761796108,0,25,25,25,12,-48.3471761796108
01-Aug-2026 01:21:14,-155.883940009086,-48.4508502757508,0,24,24,24,10,-48.4508502757508
01-Aug-2026 01:21:16,-155.689196427671,-48.2561066943354,0,24,24,24,10,-48.2561066943354
01-Aug-2026 01:21:18,-150.360865614047,-42.9277758807123,0,24,24,24,11,-42.9277758807123
01-Aug-2026 01:21:20,-150.441663815575,-43.0085740822394,0,24,24,24,11,-43.0085740822394
01-Aug-2026 01:21:22,-150.501238986958,-43.0681492536227,0,24,24,24,12,-43.0681492536227
01-Aug-2026 01:21:24,-151.040161856513,-43.6070721231773,0,24,24,24,12,-43.6070721231773
01-Aug-2026 01:21:26,-150.984844617257,-43.5517548839218,0,24,24,24,12,-43.5517548839218
01-Aug-2026 01:21:28,-150.970313386147,-43.5372236528121,0,25,25,25,13,-43.5372236528121
01-Aug-2026 01:21:30,-150.646890857936,-43.2138011246005,0,25,25,25,14,-43.2138011246005
01-Aug-2026 01:21:32,-150.617698542477,-43.1846088091415,0,25,25,25,13,-43.1846088091415
01-Aug-2026 01:21:34,-150.959511613588,-43.5264218802524,0,25,25,25,10,-43.5264218802524
01-Aug-2026 01:21:36,-151.013568448658,-43.5804787153231,0,25,25,25,13,-43.5804787153231
01-Aug-2026 01:21:38,-151.085118127837,-43.652028394502,0,25,25,25,13,-43.652028394502
01-Aug-2026 01:21:40,-151.146978577557,-43.7138888442222,0,25,25,25,13,-43.7138888442222
01-Aug-2026 01:21:42,-155.573195049029,-48.1401053156936,0,25,25,25,11,-48.1401053156936
01-Aug-2026 01:21:44,-155.708649904289,-48.275560170954,0,25,25,25,10,-48.275560170954
01-Aug-2026 01:21:46,-134.295701411396,-26.8626116780609,0,25,25,25,12,-26.8626116780609
01-Aug-2026 01:21:48,-133.851646803526,-26.4185570701908,0,25,25,25,11,-26.4185570701908
01-Aug-2026 01:21:50,-133.389406684602,-25.9563169512668,0,25,25,25,11,-25.9563169512668
01-Aug-2026 01:21:52,-132.893953210638,-25.4608634773031,0,24,24,24,11,-25.4608634773031
01-Aug-2026 01:21:54,-133.49542897097,-26.0623392376351,0,25,25,25,12,-26.0623392376351
01-Aug-2026 01:21:56,-133.409831610136,-25.9767418768007,0,25,25,25,13,-25.9767418768007
01-Aug-2026 01:21:58,-154.422733292819,-46.9896435594836,0,25,25,25,12,-25.3576484930019
01-Aug-2026 01:22:00,-154.304555403792,-46.8714656704572,0,25,25,25,10,-24.945780272842
01-Aug-2026 01:22:02,-154.573534213118,-47.1404444797828,0,24,24,24,9,-24.9017102252201
01-Aug-2026 01:22:04,-154.966168107267,-47.5330783739318,0,24,24,24,10,-24.6245973141155
01-Aug-2026 01:22:06,-154.927594681417,-47.4945049480818,0,24,24,24,10,-24.0933056462055
01-Aug-2026 01:22:08,-154.525087786754,-47.0919980534192,0,24,24,24,12,-24.3989967546186
01-Aug-2026 01:22:10,-165.926531292931,-58.4934415595955,0,25,25,25,12,-24.2388449662307
01-Aug-2026 01:22:12,-165.978247779106,-58.5451580457704,0,25,25,25,11,-23.1621030248657
01-Aug-2026 01:22:14,-166.021373562072,-58.5882838287368,0,25,25,25,11,-23.4540113169817
01-Aug-2026 01:22:16,-166.163652931822,-58.7305631984863,0,25,25,25,11,-23.9041235232031
01-Aug-2026 01:22:18,-151.427039467129,-43.9939497337937,0,25,25,25,12,-23.1277263184412
01-Aug-2026 01:22:20,-153.583068751804,-46.1499790184692,0,25,25,25,10,-22.4322403152156
01-Aug-2026 01:22:22,-154.496681543855,-47.0635918105202,0,25,25,25,10,-21.7840031707809
01-Aug-2026 01:22:24,-151.543537920117,-44.1104481867821,0,25,25,25,11,-20.5790200827778
01-Aug-2026 01:22:26,-151.703512686155,-44.2704229528195,0,25,25,25,11,-21.0445756351286
01-Aug-2026 01:22:28,-151.832041885821,-44.3989521524858,0,24,24,24,11,-20.0892238551238
01-Aug-2026 01:22:30,-146.749239382489,-39.3161496491542,0,24,24,24,12,-19.2402798194443
01-Aug-2026 01:22:32,-146.751852044403,-39.3187623110676,0,24,24,24,11,-19.7881876683508
01-Aug-2026 01:22:34,-146.979949712491,-39.5468599791553,0,24,24,24,11,-10.8127632919609
01-Aug-2026 01:22:36,-147.092080090435,-39.6589903571002,0,24,24,24,10,-18.9789927628108
01-Aug-2026 01:22:38,-138.957690012395,-31.5246002790596,0,24,24,24,11,-20.4115294492793
01-Aug-2026 01:22:40,-138.248329925964,-30.8152401926284,0,24,24,24,12,-30.8152401926284
01-Aug-2026 01:22:42,-137.977166057677,-30.5440763243423,0,24,24,24,13,-30.5440763243423
01-Aug-2026 01:22:44,-137.772731295985,-30.3396415626502,0,24,24,24,12,-30.3396415626502
01-Aug-2026 01:22:46,-134.729699605412,-27.2966098720769,0,25,25,25,12,-27.2966098720769
01-Aug-2026 01:22:48,-137.89261125774,-30.4595215244053,0,25,25,25,11,-30.4595215244053
01-Aug-2026 01:22:50,-154.593563527175,-47.1604737938401,0,25,25,25,9,-47.1604737938401
01-Aug-2026 01:22:52,-155.286141856903,-47.8530521235674,0,25,25,25,10,-47.8530521235674
01-Aug-2026 01:22:54,-142.136220929807,-34.7031311964717,0,25,25,25,9,-34.7031311964717
01-Aug-2026 01:22:56,-141.722755359787,-34.2896656264514,0,25,25,25,9,-34.2896656264514
01-Aug-2026 01:22:58,-141.751117720122,-34.3180279867865,0,25,25,25,7,-34.3180279867865
01-Aug-2026 01:23:00,-142.100073036267,-34.666983302932,0,25,25,25,6,-34.666983302932
01-Aug-2026 01:23:02,-142.081356894067,-34.6482671607321,0,25,25,25,7,-34.6482671607321
01-Aug-2026 01:23:04,-135.996302619587,-28.5632128862515,0,25,25,25,10,-28.5632128862515
01-Aug-2026 01:23:06,-136.205274373127,-28.7721846397919,0,25,25,25,8,-28.7721846397919
01-Aug-2026 01:23:08,-136.519551227012,-29.0864614936764,0,25,25,25,9,-29.0864614936764
01-Aug-2026 01:23:10,-137.304829075052,-29.8717393417172,0,25,25,25,8,-29.8717393417172
01-Aug-2026 01:23:12,-137.298161700953,-29.8650719676182,0,25,25,25,9,-29.8650719676182
01-Aug-2026 01:23:14,-137.428592607132,-29.9955028737963,0,25,25,25,11,-29.9955028737963
01-Aug-2026 01:23:16,-137.946219324941,-30.5131295916057,0,25,25,25,12,-30.5131295916057
01-Aug-2026 01:23:18,-138.671432316339,-31.2383425830035,0,26,26,26,11,-31.2383425830035
01-Aug-2026 01:23:20,-139.257194500815,-31.82410476748,0,26,26,26,11,-31.82410476748
01-Aug-2026 01:23:22,-139.416267056129,-31.9831773227943,0,26,26,26,11,-31.9831773227943
01-Aug-2026 01:23:24,-139.940187926665,-32.5070981933301,0,26,26,26,15,-32.5070981933301
01-Aug-2026 01:23:26,-139.60457188089,-32.1714821475548,0,26,26,26,14,-32.1714821475548
01-Aug-2026 01:23:28,-139.108518486503,-31.6754287531681,0,26,26,26,14,-31.6754287531681
01-Aug-2026 01:23:30,-143.691340038348,-36.2582503050131,0,26,26,26,14,-36.2582503050131
01-Aug-2026 01:23:32,-144.798592617478,-37.3655028841424,0,27,27,27,12,-37.3655028841424
01-Aug-2026 01:23:34,-145.111904234405,-37.6788145010693,0,27,27,27,13,-37.6788145010693
01-Aug-2026 01:23:36,-145.260198894774,-37.8271091614391,0,27,27,27,13,-37.8271091614391
01-Aug-2026 01:23:38,-145.559136737824,-38.126047004489,0,25,25,25,8,-38.126047004489
01-Aug-2026 01:23:40,-145.791894900466,-38.3588051671304,0,25,25,25,7,-38.3588051671304
01-Aug-2026 01:23:42,-146.180835769711,-38.7477460363756,0,25,25,25,7,-38.7477460363756
01-Aug-2026 01:23:44,-141.755313471392,-34.3222237380567,0,24,24,24,8,-34.3222237380567
01-Aug-2026 01:23:46,-129.704930814731,-22.271841081396,0,24,24,24,9,-22.271841081396
01-Aug-2026 01:23:48,-133.376729632415,-25.9436398990797,0,24,24,24,9,-25.9436398990797
01-Aug-2026 01:23:50,-136.552672333868,-29.1195826005332,0,24,24,24,10,-29.1195826005332
01-Aug-2026 01:23:52,-138.71725743416,-31.2841677008246,0,24,24,24,11,-31.2841677008246
01-Aug-2026 01:23:54,-143.181639442963,-35.7485497096282,0,25,25,25,12,-33.8861581615695
01-Aug-2026 01:23:56,-142.853280797597,-35.4201910642621,0,26,26,26,14,-34.5683314656452
01-Aug-2026 01:23:58,-142.551509596612,-35.1184198632764,0,26,26,26,14,-34.7892487156224
01-Aug-2026 01:24:00,-142.608751115711,-35.1756613823759,0,26,26,26,15,-35.1756613823759
01-Aug-2026 01:24:02,-142.550686121834,-35.1175963884985,0,26,26,26,16,-35.1175963884985
01-Aug-2026 01:24:04,-151.312596688763,-43.8795069554276,0,25,25,25,13,-43.8795069554276
01-Aug-2026 01:24:06,-151.608130427021,-44.1750406936858,0,25,25,25,12,-44.1750406936858
01-Aug-2026 01:24:08,-151.252881210734,-43.819791477399,0,24,24,24,12,-43.819791477399
01-Aug-2026 01:24:10,-151.203068829165,-43.7699790958301,0,25,25,25,12,-43.7699790958301
01-Aug-2026 01:24:12,-151.666006841616,-44.2329171082808,0,25,25,25,13,-44.2329171082808
01-Aug-2026 01:24:14,-151.32303460925,-43.8899448759147,0,25,25,25,11,-43.8899448759147
01-Aug-2026 01:24:16,-151.683576743945,-44.2504870106096,0,25,25,25,11,-44.2504870106096
01-Aug-2026 01:24:18,-154.676490859673,-47.2434011263376,0,25,25,25,10,-47.2434011263376
01-Aug-2026 01:24:20,-155.027873641829,-47.5947839084938,0,25,25,25,10,-47.5947839084938
01-Aug-2026 01:24:22,-156.112668767057,-48.6795790337214,0,25,25,25,11,-48.6795790337214
01-Aug-2026 01:24:24,-156.013572387692,-48.5804826543566,0,25,25,25,12,-48.5804826543566
01-Aug-2026 01:24:26,-152.997132049086,-45.5640423157504,0,25,25,25,13,-45.5640423157504
01-Aug-2026 01:24:28,-152.823885458059,-45.3907957247242,0,25,25,25,12,-45.3907957247242
01-Aug-2026 01:24:30,-152.758054781108,-45.3249650477732,0,25,25,25,12,-45.3249650477732
01-Aug-2026 01:24:32,-152.856129692818,-45.4230399594827,0,25,25,25,13,-45.4230399594827
01-Aug-2026 01:24:34,-155.388398355928,-47.9553086225925,0,25,25,25,12,-47.9553086225925
01-Aug-2026 01:24:36,-155.17328561711,-47.7401958837751,0,25,25,25,12,-47.7401958837751
01-Aug-2026 01:24:38,-155.534372077841,-48.1012823445061,0,25,25,25,11,-48.1012823445061
01-Aug-2026 01:24:40,-164.11112824736,-56.6780385140245,0,25,25,25,10,-56.6780385140245
01-Aug-2026 01:24:42,-169.768554368311,-62.3354646349758,0,25,25,25,9,-62.3354646349758
01-Aug-2026 01:24:44,-169.574153517261,-62.1410637839257,0,26,26,26,9,-62.1410637839257
01-Aug-2026 01:24:46,-162.9342440135,-55.5011542801648,0,26,26,26,9,-55.5011542801648
01-Aug-2026 01:24:48,-163.051126426363,-55.6180366930276,0,25,25,25,8,-55.6180366930276
01-Aug-2026 01:24:50,-162.633412410205,-55.2003226768698,0,25,25,25,8,-55.2003226768698
01-Aug-2026 01:24:52,-163.171784335815,-55.7386946024802,0,25,25,25,7,-55.7386946024802
01-Aug-2026 01:24:54,-162.989441576964,-55.5563518436286,0,25,25,25,9,-55.5563518436286
01-Aug-2026 01:24:56,-168.502299869178,-61.0692101358425,0,25,25,25,10,-61.0692101358425
01-Aug-2026 01:24:58,-168.18759603028,-60.7545062969452,0,25,25,25,9,-60.7545062969452
01-Aug-2026 01:25:00,-168.242687557165,-60.8095978238303,0,25,25,25,8,-60.8095978238303
01-Aug-2026 01:25:02,-165.613095835116,-58.1800061017809,0,25,25,25,8,-58.1800061017809
01-Aug-2026 01:25:04,-165.491068653228,-58.0579789198931,0,25,25,25,7,-58.0579789198931
01-Aug-2026 01:25:06,-164.646930118557,-57.2138403852223,0,25,25,25,9,-57.2138403852223
01-Aug-2026 01:25:08,-164.432194314193,-56.9991045808582,0,24,24,24,11,-56.9991045808582
01-Aug-2026 01:25:10,-164.916509247244,-57.4834195139085,0,24,24,24,11,-57.4834195139085
01-Aug-2026 01:25:12,-164.940441167081,-57.5073514337455,0,24,24,24,11,-57.5073514337455
01-Aug-2026 01:25:14,-164.951372125749,-57.5182823924137,0,24,24,24,11,-57.5182823924137
01-Aug-2026 01:25:16,-151.190254436722,-43.7571647033864,0,25,25,25,12,-43.7571647033864
01-Aug-2026 01:25:18,-151.215919269421,-43.7828295360863,0,25,25,25,11,-43.7828295360863
01-Aug-2026 01:25:20,-129.22303141191,-21.789941678575,0,25,25,25,12,-21.789941678575
01-Aug-2026 01:25:22,-128.762378500708,-21.3292887673729,0,25,25,25,14,-21.3292887673729
01-Aug-2026 01:25:24,-128.113709453713,-20.6806197203774,0,24,24,24,14,-20.6806197203774
01-Aug-2026 01:25:26,-128.508612491785,-21.0755227584499,0,24,24,24,14,-21.0755227584499
01-Aug-2026 01:25:28,-128.142755403289,-20.7096656699536,0,24,24,24,14,-20.7096656699536
01-Aug-2026 01:25:30,-128.082085747546,-20.6489960142104,0,24,24,24,13,-20.6489960142104
01-Aug-2026 01:25:32,-124.561746845127,-17.1286571117917,0,24,24,24,15,-17.1286571117917
01-Aug-2026 01:25:34,-124.536419774382,-17.1033300410472,0,24,24,24,15,-17.1033300410472
01-Aug-2026 01:25:36,-123.990461687403,-16.5573719540676,0,24,24,24,16,-16.5573719540676
01-Aug-2026 01:25:38,-124.149438689129,-16.7163489557938,0,24,24,24,16,-16.7163489557938
01-Aug-2026 01:25:40,-122.748084969573,-15.3149952362376,0,24,24,24,16,-15.3149952362376
01-Aug-2026 01:25:42,-123.675410714983,-16.2423209816481,0,24,24,24,16,-16.2423209816481
01-Aug-2026 01:25:44,-123.708493869444,-16.2754041361089,0,25,25,25,16,-16.2754041361089
01-Aug-2026 01:25:46,-123.494369899525,-16.0612801661896,0,25,25,25,15,-16.0612801661896
01-Aug-2026 01:25:48,-150.827345594673,-43.394255861338,0,25,25,25,15,-15.7968713571686
01-Aug-2026 01:25:50,-151.191801513075,-43.7587117797397,0,25,25,25,13,-15.3940545166288
01-Aug-2026 01:25:52,-150.928014105253,-43.4949243719174,0,25,25,25,15,-15.6630195949842
01-Aug-2026 01:25:54,-151.146602370274,-43.7135126369391,0,25,25,25,16,-15.9293291717616
01-Aug-2026 01:25:56,-125.33154091584,-17.8984511825044,0,24,24,24,14,-13.5381580902348
01-Aug-2026 01:25:58,-166.045214000339,-58.612124267004,0,24,24,24,12,-14.689440735469
01-Aug-2026 01:26:00,-151.384971161518,-43.951881428183,0,24,24,24,14,-13.879354592823
01-Aug-2026 01:26:02,-151.744122624452,-44.311032891117,0,25,25,25,15,-44.311032891117
01-Aug-2026 01:26:04,-151.876767215108,-44.4436774817727,0,25,25,25,14,-44.4436774817727
01-Aug-2026 01:26:06,-151.788665366532,-44.3555756331968,0,25,25,25,12,-44.3555756331968
01-Aug-2026 01:26:08,-151.373042525083,-43.9399527917473,0,25,25,25,13,-43.9399527917473
01-Aug-2026 01:26:10,-151.226541178772,-43.7934514454371,0,25,25,25,13,-43.7934514454371
01-Aug-2026 01:26:12,-151.195528957968,-43.7624392246329,0,25,25,25,11,-43.7624392246329
01-Aug-2026 01:26:14,-151.239141268814,-43.806051535479,0,25,25,25,13,-43.806051535479
01-Aug-2026 01:26:16,-151.762136764929,-44.3290470315937,0,25,25,25,12,-44.3290470315937
01-Aug-2026 01:26:18,-151.467361995611,-44.0342722622753,0,25,25,25,11,-44.0342722622753
01-Aug-2026 01:26:20,-150.219704679101,-42.7866149457663,0,24,24,24,11,-42.7866149457663
01-Aug-2026 01:26:22,-146.020140902176,-38.5870511688409,0,24,24,24,9,-38.5870511688409
01-Aug-2026 01:26:24,-145.816557901112,-38.3834681677768,0,24,24,24,9,-38.3834681677768
01-Aug-2026 01:26:26,-141.81114718424,-34.3780574509043,0,24,24,24,11,-34.3780574509043
01-Aug-2026 01:26:28,-139.593168852749,-32.1600791194143,0,24,24,24,10,-32.1600791194143
01-Aug-2026 01:26:30,-135.418089611453,-27.9849998781179,0,24,24,24,9,-18.4121834449471
01-Aug-2026 01:26:32,-130.053251908083,-22.6201621747481,0,25,25,25,9,-18.8188310855107
01-Aug-2026 01:26:34,-146.495607766213,-39.0625180328781,0,25,25,25,9,-23.1915023244588
01-Aug-2026 01:26:36,-146.557185692754,-39.1240959594186,0,25,25,25,9,-24.9341825828145
01-Aug-2026 01:26:38,-146.05994681622,-38.6268570828851,0,25,25,25,10,-26.1170482928028
01-Aug-2026 01:26:40,-146.033619581903,-38.6005298485677,0,25,25,25,10,-27.0599739577047
01-Aug-2026 01:26:42,-135.803470315706,-28.3703805823708,0,25,25,25,12,-28.3703805823708
01-Aug-2026 01:26:44,-136.670112421794,-29.2370226884586,0,25,25,25,12,-29.2370226884586
01-Aug-2026 01:26:46,-131.589843277997,-24.1567535446615,0,25,25,25,13,-24.1567535446615
01-Aug-2026 01:26:48,-130.972893509307,-23.5398037759718,0,25,25,25,14,-23.5398037759718
01-Aug-2026 01:26:50,-132.031424113137,-24.5983343798015,0,25,25,25,14,-24.5983343798015
01-Aug-2026 01:26:52,-132.816154962932,-25.3830652295971,0,25,25,25,10,-25.3830652295971
01-Aug-2026 01:26:54,-133.500674686119,-26.0675849527842,0,25,25,25,10,-26.0675849527842
01-Aug-2026 01:26:56,-133.054510105327,-25.6214203719923,0,25,25,25,11,-25.6214203719923
01-Aug-2026 01:26:58,-132.758488639289,-25.3253989059536,0,25,25,25,11,-25.3253989059536
01-Aug-2026 01:27:00,-133.004107126028,-25.5710173926927,0,25,25,25,11,-25.5710173926927
01-Aug-2026 01:27:02,-133.55322343373,-26.1201337003947,0,25,25,25,12,-26.1201337003947
01-Aug-2026 01:27:04,-132.75374538893,-25.3206556555944,0,25,25,25,11,-25.3206556555944
01-Aug-2026 01:27:06,-133.069648002124,-25.6365582687887,0,25,25,25,10,-25.6365582687887
01-Aug-2026 01:27:08,-132.390779176251,-24.9576894429157,0,25,25,25,12,-24.9576894429157
01-Aug-2026 01:27:10,-132.262858967877,-24.8297692345417,0,26,26,26,13,-24.8297692345417
01-Aug-2026 01:27:12,-131.926486562678,-24.4933968293431,0,26,26,26,13,-24.4933968293431
01-Aug-2026 01:27:14,-131.308844142876,-23.8757544095409,0,26,26,26,13,-23.8757544095409
01-Aug-2026 01:27:16,-130.959316992649,-23.5262272593142,0,26,26,26,13,-23.5262272593142
01-Aug-2026 01:27:18,-131.006332434528,-23.5732427011928,0,26,26,26,13,-23.5732427011928
01-Aug-2026 01:27:20,-131.290882759043,-23.8577930257083,0,26,26,26,12,-23.8577930257083
01-Aug-2026 01:27:22,-133.144152455265,-25.7110627219295,0,27,27,27,15,-25.7110627219295
01-Aug-2026 01:27:24,-133.753187677554,-26.3200979442188,0,27,27,27,17,-26.3200979442188
01-Aug-2026 01:27:26,-135.063234821053,-27.6301450877181,0,26,26,26,17,-27.6301450877181
01-Aug-2026 01:27:28,-135.310466481469,-27.8773767481341,0,26,26,26,14,-27.8773767481341
01-Aug-2026 01:27:30,-135.865929950473,-28.4328402171375,0,25,25,25,13,-28.4328402171375
01-Aug-2026 01:27:32,-136.844090442598,-29.4110007092625,0,24,24,24,12,-29.4110007092625
01-Aug-2026 01:27:34,-137.200674066228,-29.7675843328926,0,24,24,24,13,-29.7675843328926
01-Aug-2026 01:27:36,-137.818668893442,-30.3855791601065,0,24,24,24,14,-30.3855791601065
01-Aug-2026 01:27:38,-138.512655926517,-31.0795661931816,0,24,24,24,15,-31.0795661931816
01-Aug-2026 01:27:40,-139.538174919457,-32.1050851861221,0,24,24,24,14,-32.1050851861221
01-Aug-2026 01:27:42,-140.045547397221,-32.6124576638856,0,24,24,24,13,-32.6124576638856
01-Aug-2026 01:27:44,-140.338058797545,-32.9049690642101,0,24,24,24,12,-32.9049690642101
01-Aug-2026 01:27:46,-140.750836457106,-33.3177467237708,0,25,25,25,11,-33.3177467237708
01-Aug-2026 01:27:48,-141.17566203845,-33.7425723051147,0,26,26,26,11,-33.7425723051147
01-Aug-2026 01:27:50,-141.761276513298,-34.3281867799624,0,26,26,26,12,-34.3281867799624
01-Aug-2026 01:27:52,-142.264884838032,-34.8317951046973,0,26,26,26,13,-34.8317951046973
01-Aug-2026 01:27:54,-142.405775002473,-34.9726852691376,0,25,25,25,13,-34.9726852691376
01-Aug-2026 01:27:56,-142.722425745106,-35.2893360117706,0,25,25,25,14,-35.2893360117706
01-Aug-2026 01:27:58,-143.028259739157,-35.5951700058214,0,24,24,24,13,-35.5951700058214
01-Aug-2026 01:28:00,-143.978751686953,-36.5456619536181,0,24,24,24,12,-36.5456619536181
01-Aug-2026 01:28:02,-143.645437003402,-36.2123472700666,0,24,24,24,12,-36.2123472700666
01-Aug-2026 01:28:04,-144.315143831795,-36.8820540984597,0,24,24,24,10,-36.8820540984597
01-Aug-2026 01:28:06,-145.079860723324,-37.6467709899886,0,24,24,24,10,-37.6467709899886
01-Aug-2026 01:28:08,-145.302779699523,-37.8696899661876,0,24,24,24,10,-37.8696899661876
01-Aug-2026 01:28:10,-145.391953710636,-37.9588639773012,0,24,24,24,12,-37.9588639773012
01-Aug-2026 01:28:12,-145.57139485123,-38.1383051178948,0,24,24,24,12,-38.1383051178948
01-Aug-2026 01:28:14,-143.35787201,-35.924782276665,0,25,25,25,13,-35.924782276665
01-Aug-2026 01:28:16,-143.918534496079,-36.4854447627442,0,25,25,25,11,-36.4854447627442
01-Aug-2026 01:28:18,-147.072157564314,-39.6390678309789,0,25,25,25,10,-39.6390678309789
01-Aug-2026 01:28:20,-153.526906692195,-46.0938169588599,0,25,25,25,9,-46.0938169588599
01-Aug-2026 01:28:22,-153.078211673508,-45.645121940173,0,25,25,25,11,-45.645121940173
01-Aug-2026 01:28:24,-156.171397577051,-48.7383078437155,0,25,25,25,9,-48.7383078437155
01-Aug-2026 01:28:26,-150.281762375567,-42.8486726422321,0,25,25,25,9,-42.8486726422321
01-Aug-2026 01:28:28,-147.63347752613,-40.2003877927953,0,25,25,25,10,-40.2003877927953
01-Aug-2026 01:28:30,-147.319792422969,-39.886702689634,0,25,25,25,9,-39.886702689634
01-Aug-2026 01:28:32,-146.005717750167,-38.5726280168315,0,26,26,26,9,-38.5726280168315
01-Aug-2026 01:28:34,-145.800910332201,-38.3678205988657,0,25,25,25,11,-38.3678205988657
01-Aug-2026 01:28:36,-144.369050206728,-36.9359604733924,0,25,25,25,11,-36.9359604733924
01-Aug-2026 01:28:38,-144.196869639128,-36.7637799057929,0,25,25,25,13,-36.7637799057929
01-Aug-2026 01:28:40,-143.953392798805,-36.5203030654702,0,25,25,25,14,-36.5203030654702
01-Aug-2026 01:28:42,-143.741140295736,-36.3080505624009,0,25,25,25,13,-36.3080505624009
01-Aug-2026 01:28:44,-143.624240940248,-36.1911512069125,0,25,25,25,13,-36.1911512069125
01-Aug-2026 01:28:46,-144.554454771923,-37.1213650385879,0,25,25,25,11,-37.1213650385879
01-Aug-2026 01:28:48,-144.305014833262,-36.8719250999271,0,25,25,25,12,-36.8719250999271
01-Aug-2026 01:28:50,-144.146476630165,-36.7133868968302,0,25,25,25,12,-36.7133868968302
01-Aug-2026 01:28:52,-143.801173680551,-36.3680839472161,0,25,25,25,11,-36.3680839472161
01-Aug-2026 01:28:54,-144.316994299945,-36.8839045666095,0,24,24,24,9,-36.8839045666095
01-Aug-2026 01:28:56,-144.822880564765,-37.3897908314294,0,24,24,24,7,-37.3897908314294
01-Aug-2026 01:28:58,-150.201638061419,-42.768548328084,0,24,24,24,6,-42.768548328084
01-Aug-2026 01:29:00,-150.080553247142,-42.6474635138073,0,24,24,24,6,-42.6474635138073
01-Aug-2026 01:29:02,-149.227311405804,-41.7942216724684,0,23,23,23,7,-41.7942216724684
01-Aug-2026 01:29:04,-148.726494571935,-41.2934048385999,0,24,24,24,7,-41.2934048385999
01-Aug-2026 01:29:06,-149.135090286896,-41.7020005535608,0,24,24,24,7,-41.7020005535608
01-Aug-2026 01:29:08,-148.985126514929,-41.5520367815934,0,24,24,24,9,-41.5520367815934
01-Aug-2026 01:29:10,-149.152330308427,-41.7192405750916,0,24,24,24,9,-41.7192405750916
01-Aug-2026 01:29:12,-158.852242958973,-51.4191532256382,0,24,24,24,7,-51.4191532256382
01-Aug-2026 01:29:14,-158.481571500384,-51.0484817670488,0,24,24,24,7,-51.0484817670488
01-Aug-2026 01:29:16,-159.073733295846,-51.6406435625113,0,24,24,24,7,-51.6406435625113
01-Aug-2026 01:29:18,-158.109943255739,-50.6768535224039,0,24,24,24,11,-50.6768535224039
01-Aug-2026 01:29:20,-157.803526248894,-50.3704365155585,0,24,24,24,12,-50.3704365155585
01-Aug-2026 01:29:22,-157.412575245297,-49.9794855119617,0,24,24,24,13,-49.9794855119617
01-Aug-2026 01:29:24,-157.110345129952,-49.6772553966169,0,24,24,24,13,-49.6772553966169
01-Aug-2026 01:29:26,-155.862092852778,-48.4290031194423,0,24,24,24,14,-48.4290031194423
01-Aug-2026 01:29:28,-155.329870739534,-47.8967810061992,0,24,24,24,14,-47.8967810061992
01-Aug-2026 01:29:30,-155.332648190259,-47.8995584569238,0,24,24,24,13,-47.8995584569238
01-Aug-2026 01:29:32,-155.334989660465,-47.9018999271298,0,24,24,24,13,-47.9018999271298
01-Aug-2026 01:29:34,-163.164553069414,-55.731463336079,0,24,24,24,12,-55.731463336079
01-Aug-2026 01:29:36,-159.377619086471,-51.9445293531357,0,25,25,25,11,-51.9445293531357
01-Aug-2026 01:29:38,-159.859086220753,-52.4259964874176,0,26,26,26,11,-52.4259964874176
01-Aug-2026 01:29:40,-158.986338390694,-51.5532486573587,0,26,26,26,11,-51.5532486573587
01-Aug-2026 01:29:42,-154.556021576462,-47.1229318431268,0,26,26,26,12,-47.1229318431268
01-Aug-2026 01:29:44,-154.865952030958,-47.432862297623,0,26,26,26,10,-47.432862297623
01-Aug-2026 01:29:46,-155.360217865566,-47.9271281322305,0,25,25,25,11,-47.9271281322305
01-Aug-2026 01:29:48,-155.991603797779,-48.5585140644441,0,25,25,25,12,-33.8096592670971
01-Aug-2026 01:29:50,-155.850768378576,-48.417678645241,0,25,25,25,13,-33.6108312168838
01-Aug-2026 01:29:52,-158.018572462554,-50.585482729219,0,25,25,25,12,-32.7722523294225
01-Aug-2026 01:29:54,-157.719176545591,-50.2860868122563,0,26,26,26,12,-32.136837355015
01-Aug-2026 01:29:56,-158.137901008065,-50.7048112747296,0,26,26,26,11,-31.1489907960464
01-Aug-2026 01:29:58,-157.79982429088,-50.3667345575451,0,26,26,26,11,-50.3667345575451
01-Aug-2026 01:30:00,-168.605725427043,-61.1726356937083,0,26,26,26,11,-28.4879884264196
01-Aug-2026 01:30:02,-167.632080658483,-60.1989909251476,0,26,26,26,13,-27.9729808826909
01-Aug-2026 01:30:04,-166.600264760371,-59.1671750270354,0,26,26,26,13,-59.1671750270354
01-Aug-2026 01:30:06,-165.959311743403,-58.5262220100677,0,26,26,26,13,-58.5262220100677
01-Aug-2026 01:30:08,-167.438927229191,-60.0058374958559,0,26,26,26,12,-60.0058374958559
01-Aug-2026 01:30:10,-168.02489889742,-60.591809164085,0,25,25,25,10,-60.591809164085
01-Aug-2026 01:30:12,-156.982414057738,-49.5493243244027,0,25,25,25,11,-49.5493243244027
01-Aug-2026 01:30:14,-157.893921809394,-50.4608320760585,0,25,25,25,12,-50.4608320760585
01-Aug-2026 01:30:16,-138.923143069589,-31.4900533362539,0,25,25,25,13,-17.2448687618004
01-Aug-2026 01:30:18,-138.867803194609,-31.4347134612735,0,26,26,26,12,-18.455465098162
01-Aug-2026 01:30:20,-137.726783266114,-30.2936935327791,0,26,26,26,13,-20.2460986118637
01-Aug-2026 01:30:22,-136.47225273745,-29.0391630041148,0,26,26,26,14,-21.3641190960402
01-Aug-2026 01:30:24,-135.359926275823,-27.9268365424875,0,26,26,26,13,-20.298438206469
01-Aug-2026 01:30:26,-136.642094274336,-29.2090045410012,0,26,26,26,14,-21.8960524372662
01-Aug-2026 01:30:28,-149.735860436561,-42.3027707032256,0,26,26,26,15,-24.2713812537274
01-Aug-2026 01:30:30,-133.016574602676,-25.5834848693411,0,26,26,26,15,-25.5834848693411
01-Aug-2026 01:30:32,-133.99871018576,-26.5656204524253,0,26,26,26,14,-26.5656204524253
01-Aug-2026 01:30:34,-134.792770197565,-27.3596804642296,0,26,26,26,15,-27.3596804642296
01-Aug-2026 01:30:36,-137.726787853769,-30.2936981204337,0,26,26,26,16,-30.2936981204337
01-Aug-2026 01:30:38,-137.788532297206,-30.3554425638712,0,26,26,26,16,-30.3554425638712
01-Aug-2026 01:30:40,-139.043684735256,-31.6105950019213,0,26,26,26,17,-31.6105950019213
01-Aug-2026 01:30:42,-140.238766028617,-32.8056762952819,0,26,26,26,17,-32.8056762952819
01-Aug-2026 01:30:44,-140.736047652014,-33.3029579186792,0,26,26,26,17,-33.3029579186792
01-Aug-2026 01:30:46,-167.219529698142,-59.7864399648069,0,26,26,26,15,-59.7864399648069
01-Aug-2026 01:30:48,-145.646426021186,-38.2133362878504,0,26,26,26,15,-38.2133362878504
01-Aug-2026 01:30:50,-141.34735470595,-33.9142649726146,0,26,26,26,14,-33.9142649726146
01-Aug-2026 01:30:52,-141.896535920416,-34.4634461870803,0,26,26,26,14,-34.4634461870803
01-Aug-2026 01:30:54,-142.151954919911,-34.7188651865763,0,26,26,26,13,-34.7188651865763
01-Aug-2026 01:30:56,-144.727592688646,-37.2945029553111,0,26,26,26,10,-37.2945029553111
01-Aug-2026 01:30:58,-144.426974139798,-36.9938844064629,0,26,26,26,13,-36.9938844064629
01-Aug-2026 01:31:00,-144.524029125848,-37.0909393925124,0,26,26,26,10,-37.0909393925124
01-Aug-2026 01:31:02,-144.788344422425,-37.3552546890896,0,27,27,27,14,-37.3552546890896
01-Aug-2026 01:31:04,-143.674882109384,-36.2417923760484,0,27,27,27,14,-36.2417923760484
01-Aug-2026 01:31:06,-143.806780045933,-36.3736903125975,0,27,27,27,15,-36.3736903125975
01-Aug-2026 01:31:08,-143.627109998827,-36.1940202654915,0,27,27,27,15,-36.1940202654915
01-Aug-2026 01:31:10,-147.058007944195,-39.6249182108596,0,27,27,27,14,-39.6249182108596
01-Aug-2026 01:31:12,-147.063167417223,-39.6300776838878,0,28,28,28,15,-39.6300776838878
01-Aug-2026 01:31:14,-134.682977172824,-27.2498874394891,0,27,27,27,15,-27.2498874394891
01-Aug-2026 01:31:16,-136.18477757183,-28.7516878384953,0,26,26,26,15,-28.7516878384953
01-Aug-2026 01:31:18,-136.93636990521,-29.5032801718748,0,26,26,26,16,-29.5032801718748
01-Aug-2026 01:31:20,-137.115903751671,-29.6828140183363,0,26,26,26,16,-29.6828140183363
01-Aug-2026 01:31:22,-136.985172231854,-29.5520824985185,0,26,26,26,16,-29.5520824985185
01-Aug-2026 01:31:24,-137.440769497288,-30.0076797639524,0,25,25,25,15,-30.0076797639524
01-Aug-2026 01:31:26,-137.542990355312,-30.1099006219773,0,25,25,25,14,-30.1099006219773
01-Aug-2026 01:31:28,-138.298979596061,-30.8658898627262,0,25,25,25,13,-30.8658898627262
01-Aug-2026 01:31:30,-138.578593732358,-31.1455039990231,0,25,25,25,13,-31.1455039990231
01-Aug-2026 01:31:32,-163.862288128618,-56.4291983952824,0,25,25,25,11,-56.4291983952824
01-Aug-2026 01:31:34,-163.926953204252,-56.493863470917,0,25,25,25,10,-56.493863470917
01-Aug-2026 01:31:36,-163.873048674573,-56.4399589412377,0,24,24,24,10,-56.4399589412377
01-Aug-2026 01:31:38,-163.297739569888,-55.8646498365524,0,26,26,26,11,-55.8646498365524
01-Aug-2026 01:31:40,-163.802889750007,-56.3698000166723,0,26,26,26,11,-56.3698000166723
01-Aug-2026 01:31:42,-167.299122512007,-59.8660327786714,0,26,26,26,10,-59.8660327786714
01-Aug-2026 01:31:44,-166.710711211714,-59.2776214783792,0,26,26,26,11,-59.2776214783792
01-Aug-2026 01:31:46,-166.181939281413,-58.7488495480778,0,24,24,24,11,-58.7488495480778
01-Aug-2026 01:31:48,-166.75173198327,-59.3186422499352,0,24,24,24,10,-59.3186422499352
01-Aug-2026 01:31:50,-166.616574188608,-59.1834844552732,0,24,24,24,10,-59.1834844552732
01-Aug-2026 01:31:52,-148.81124493494,-41.3781552016049,0,24,24,24,11,-41.3781552016049
01-Aug-2026 01:31:54,-149.105330654903,-41.6722409215679,0,24,24,24,12,-41.6722409215679
01-Aug-2026 01:31:56,-149.537446132293,-42.1043563989577,0,24,24,24,12,-42.1043563989577
01-Aug-2026 01:31:58,-149.587939342111,-42.1548496087757,0,24,24,24,11,-42.1548496087757
01-Aug-2026 01:32:00,-149.76949584181,-42.3364061084744,0,24,24,24,11,-42.3364061084744
01-Aug-2026 01:32:02,-149.855584592068,-42.4224948587326,0,24,24,24,11,-42.4224948587326
01-Aug-2026 01:32:04,-150.292891770786,-42.8598020374511,0,24,24,24,13,-42.8598020374511
01-Aug-2026 01:32:06,-149.868673102642,-42.4355833693073,0,24,24,24,12,-42.4355833693073
01-Aug-2026 01:32:08,-150.473780901842,-43.0406911685073,0,24,24,24,12,-43.0406911685073
01-Aug-2026 01:32:10,-150.219758089529,-42.786668356194,0,24,24,24,12,-42.786668356194
01-Aug-2026 01:32:12,-150.212116829492,-42.7790270961565,0,24,24,24,12,-42.7790270961565
01-Aug-2026 01:32:14,-148.623292657969,-41.1902029246335,0,24,24,24,12,-41.1902029246335
01-Aug-2026 01:32:16,-149.089891344252,-41.6568016109172,0,24,24,24,11,-41.6568016109172
01-Aug-2026 01:32:18,-149.451352118768,-42.0182623854331,0,25,25,25,12,-42.0182623854331
01-Aug-2026 01:32:20,-149.854743030121,-42.4216532967853,0,24,24,24,12,-42.4216532967853
01-Aug-2026 01:32:22,-149.895499337697,-42.462409604362,0,23,23,23,11,-42.462409604362
01-Aug-2026 01:32:24,-150.022600272692,-42.589510539357,0,24,24,24,9,-42.589510539357
01-Aug-2026 01:32:26,-153.024452561133,-45.5913628277974,0,24,24,24,8,-45.5913628277974
01-Aug-2026 01:32:28,-153.242491262147,-45.809401528812,0,24,24,24,8,-45.809401528812
01-Aug-2026 01:32:30,-153.325754923471,-45.8926651901354,0,24,24,24,8,-45.8926651901354
01-Aug-2026 01:32:32,-152.749786845644,-45.3166971123085,0,24,24,24,9,-45.3166971123085
01-Aug-2026 01:32:34,-168.876636480757,-61.4435467474223,0,24,24,24,9,-61.4435467474223
01-Aug-2026 01:32:36,-164.15831156327,-56.7252218299351,0,24,24,24,9,-56.7252218299351
01-Aug-2026 01:32:38,-168.97737781648,-61.5442880831449,0,24,24,24,9,-61.5442880831449
01-Aug-2026 01:32:40,-169.881650495988,-62.4485607626524,0,24,24,24,10,-62.4485607626524
01-Aug-2026 01:32:42,-170.120170967069,-62.6870812337342,0,24,24,24,9,-62.6870812337342
01-Aug-2026 01:32:44,-170.213623797301,-62.7805340639654,0,24,24,24,9,-62.7805340639654
01-Aug-2026 01:32:46,-170.238346300254,-62.8052565669187,0,24,24,24,9,-62.8052565669187
01-Aug-2026 01:32:48,-170.521280279953,-63.0881905466181,0,24,24,24,9,-63.0881905466181
01-Aug-2026 01:32:50,-162.976789474178,-55.5436997408426,0,25,25,25,11,-55.5436997408426
01-Aug-2026 01:32:52,-160.612917222684,-53.1798274893491,0,26,26,26,13,-53.1798274893491
01-Aug-2026 01:32:54,-160.427449570596,-52.9943598372608,0,25,25,25,12,-52.9943598372608
01-Aug-2026 01:32:56,-161.921804457315,-54.4887147239797,0,25,25,25,12,-54.4887147239797
01-Aug-2026 01:32:58,-162.312110519489,-54.8790207861535,0,25,25,25,12,-54.8790207861535
01-Aug-2026 01:33:00,-162.305819171455,-54.8727294381202,0,25,25,25,12,-54.8727294381202
01-Aug-2026 01:33:02,-162.041484231839,-54.6083944985033,0,25,25,25,14,-54.6083944985033
01-Aug-2026 01:33:04,-161.277974658695,-53.8448849253593,0,25,25,25,14,-53.8448849253593
01-Aug-2026 01:33:06,-161.028197718345,-53.5951079850095,0,25,25,25,13,-53.5951079850095
01-Aug-2026 01:33:08,-161.652042232361,-54.2189524990254,0,25,25,25,10,-54.2189524990254
01-Aug-2026 01:33:10,-161.367575906113,-53.9344861727774,0,25,25,25,12,-53.9344861727774
01-Aug-2026 01:33:12,-161.252618496723,-53.8195287633882,0,25,25,25,13,-53.8195287633882
01-Aug-2026 01:33:14,-147.64560503278,-40.2125152994445,0,25,25,25,12,-40.2125152994445
01-Aug-2026 01:33:16,-147.399955307813,-39.966865574478,0,25,25,25,12,-39.966865574478
01-Aug-2026 01:33:18,-146.319743282469,-38.8866535491339,0,25,25,25,13,-38.8866535491339
01-Aug-2026 01:33:20,-145.759026199291,-38.3259364659557,0,25,25,25,12,-38.3259364659557
01-Aug-2026 01:33:22,-145.923366500311,-38.490276766976,0,25,25,25,12,-38.490276766976
01-Aug-2026 01:33:24,-145.224018179086,-37.7909284457504,0,26,26,26,13,-37.7909284457504
01-Aug-2026 01:33:26,-144.585887939659,-37.1527982063234,0,26,26,26,13,-37.1527982063234
01-Aug-2026 01:33:28,-144.564223312776,-37.1311335794413,0,27,27,27,14,-37.1311335794413
01-Aug-2026 01:33:30,-144.243202578549,-36.8101128452134,0,27,27,27,14,-36.8101128452134
01-Aug-2026 01:33:32,-143.642894032507,-36.2098042991718,0,26,26,26,14,-36.2098042991718
01-Aug-2026 01:33:34,-143.233154844735,-35.8000651114003,0,26,26,26,13,-35.8000651114003
01-Aug-2026 01:33:36,-155.071362787949,-47.6382730546136,0,26,26,26,13,-35.1066860715408
01-Aug-2026 01:33:38,-154.692279848273,-47.2591901149376,0,25,25,25,12,-34.7354495400931
01-Aug-2026 01:33:40,-154.740500518322,-47.3074107849866,0,25,25,25,13,-34.226152164122
01-Aug-2026 01:33:42,-154.782673601439,-47.3495838681035,0,25,25,25,12,-33.9036144067478
01-Aug-2026 01:33:44,-154.990160542999,-47.557070809664,0,25,25,25,14,-33.3224263494597
01-Aug-2026 01:33:46,-156.26857682659,-48.8354870932552,0,25,25,25,13,-32.467708430159
01-Aug-2026 01:33:48,-156.036039958169,-48.6029502248333,0,26,26,26,15,-31.3860756164578
01-Aug-2026 01:33:50,-156.197008236732,-48.7639185033971,0,26,26,26,15,-30.4078145198163
01-Aug-2026 01:33:52,-156.181039098519,-48.747949365184,0,26,26,26,15,-29.5112645269581
01-Aug-2026 01:33:54,-156.234605252789,-48.8015155194538,0,26,26,26,15,-29.0756949222154
01-Aug-2026 01:33:56,-156.768029109017,-49.3349393756816,0,26,26,26,15,-29.0381701035256
01-Aug-2026 01:33:58,-164.426712539963,-56.9936228066281,0,26,26,26,14,-28.8986371632252
01-Aug-2026 01:34:00,-163.265897275485,-55.8328075421497,0,26,26,26,14,-28.7806293348598
01-Aug-2026 01:34:02,-154.83316920184,-47.4000794685045,0,26,26,26,15,-29.1500922029222
01-Aug-2026 01:34:04,-154.84070259562,-47.4076128622844,0,26,26,26,15,-28.9963331318128
01-Aug-2026 01:34:06,-154.783508049208,-47.3504183158731,0,26,26,26,17,-25.9361749983943
01-Aug-2026 01:34:08,-143.068443905091,-35.6353541717559,0,26,26,26,16,-28.9035257389052
01-Aug-2026 01:34:10,-143.289802897809,-35.8567131644736,0,26,26,26,16,-28.578947805304
01-Aug-2026 01:34:12,-142.710263948734,-35.2771742153992,0,26,26,26,18,-35.2771742153992
01-Aug-2026 01:34:14,-156.438836906742,-49.0057471734071,0,26,26,26,16,-49.0057471734071
01-Aug-2026 01:34:16,-156.105265963642,-48.6721762303064,0,26,26,26,16,-48.6721762303064
01-Aug-2026 01:34:18,-155.514869230969,-48.0817794976336,0,26,26,26,15,-48.0817794976336
01-Aug-2026 01:34:20,-151.664981740785,-44.2318920074503,0,26,26,26,14,-44.2318920074503
01-Aug-2026 01:34:22,-136.046168831101,-28.6130790977658,0,26,26,26,13,-28.6130790977658
01-Aug-2026 01:34:24,-136.174269137388,-28.7411794040523,0,26,26,26,14,-28.7411794040523
01-Aug-2026 01:34:26,-136.909872692117,-29.4767829587821,0,26,26,26,13,-29.4767829587821
01-Aug-2026 01:34:28,-137.830426518749,-30.3973367854136,0,26,26,26,12,-30.3973367854136
01-Aug-2026 01:34:30,-137.86699295455,-30.4339032212149,0,26,26,26,13,-17.2600934297549
01-Aug-2026 01:34:32,-138.269103203394,-30.8360134700591,0,26,26,26,14,-18.4852162226394
01-Aug-2026 01:34:34,-139.661903130634,-32.2288133972985,0,26,26,26,14,-19.3864403766583
01-Aug-2026 01:34:36,-140.527604631582,-33.0945148982468,0,26,26,26,14,-20.6469853488881
01-Aug-2026 01:34:38,-140.757203972749,-33.3241142394137,0,26,26,26,15,-20.888712944585
01-Aug-2026 01:34:40,-129.684531879863,-22.2514421465277,0,26,26,26,14,-22.2514421465277
01-Aug-2026 01:34:42,-130.51587883925,-23.0827891059149,0,26,26,26,14,-23.0827891059149
01-Aug-2026 01:34:44,-131.425669216113,-23.9925794827779,0,26,26,26,12,-23.9925794827779
01-Aug-2026 01:34:46,-132.914762671934,-25.481672938599,0,26,26,26,11,-25.481672938599
01-Aug-2026 01:34:48,-133.589058875683,-26.1559691423474,0,26,26,26,10,-26.1559691423474
01-Aug-2026 01:34:50,-134.271766353065,-26.83867661973,0,26,26,26,10,-26.83867661973
01-Aug-2026 01:34:52,-135.002469150747,-27.569379417412,0,27,27,27,10,-27.569379417412
01-Aug-2026 01:34:54,-135.499973025534,-28.0668832921985,0,27,27,27,10,-28.0668832921985
01-Aug-2026 01:34:56,-136.727699520982,-29.294609787647,0,27,27,27,10,-29.294609787647
01-Aug-2026 01:34:58,-146.722395147005,-39.2893054136703,0,27,27,27,11,-39.2893054136703
01-Aug-2026 01:35:00,-146.83693783778,-39.403848104445,0,27,27,27,12,-39.403848104445
01-Aug-2026 01:35:02,-147.077290137953,-39.6442004046174,0,25,25,25,12,-39.6442004046174
01-Aug-2026 01:35:04,-148.261045255366,-40.8279555220311,0,26,26,26,13,-40.8279555220311
01-Aug-2026 01:35:06,-147.652093697638,-40.2190039643024,0,26,26,26,13,-40.2190039643024
01-Aug-2026 01:35:08,-146.166239130759,-38.7331493974235,0,26,26,26,14,-38.7331493974235
01-Aug-2026 01:35:10,-147.869670030598,-40.436580297263,0,26,26,26,13,-40.436580297263
01-Aug-2026 01:35:12,-147.671103089705,-40.2380133563701,0,26,26,26,13,-40.2380133563701
01-Aug-2026 01:35:14,-147.216317229806,-39.7832274964705,0,26,26,26,13,-39.7832274964705
01-Aug-2026 01:35:16,-142.198275076027,-34.7651853426916,0,26,26,26,14,-34.7651853426916
01-Aug-2026 01:35:18,-142.642710254356,-35.2096205210213,0,25,25,25,14,-35.2096205210213
01-Aug-2026 01:35:20,-142.942153123388,-35.5090633900525,0,25,25,25,14,-35.5090633900525
01-Aug-2026 01:35:22,-143.176910912133,-35.7438211787981,0,25,25,25,15,-35.7438211787981
01-Aug-2026 01:35:24,-142.828629568521,-35.3955398351863,0,25,25,25,16,-35.3955398351863
01-Aug-2026 01:35:26,-143.58571105735,-36.1526213240153,0,25,25,25,16,-36.1526213240153
01-Aug-2026 01:35:28,-143.619501850585,-36.1864121172503,0,26,26,26,17,-36.1864121172503
01-Aug-2026 01:35:30,-143.694225033454,-36.2611353001185,0,26,26,26,18,-36.2611353001185
01-Aug-2026 01:35:32,-144.083796332821,-36.6507065994861,0,27,27,27,19,-36.6507065994861
01-Aug-2026 01:35:34,-144.360085859905,-36.9269961265694,0,26,26,26,19,-36.9269961265694
01-Aug-2026 01:35:36,-144.805833769469,-37.3727440361334,0,26,26,26,18,-37.3727440361334
01-Aug-2026 01:35:38,-145.218645757322,-37.7855560239873,0,25,25,25,17,-37.7855560239873
01-Aug-2026 01:35:40,-145.907834750901,-38.474745017566,0,25,25,25,15,-38.474745017566
01-Aug-2026 01:35:42,-143.677880540393,-36.2447908070575,0,24,24,24,14,-36.2447908070575
01-Aug-2026 01:35:44,-143.45796723937,-36.0248775060346,0,24,24,24,14,-36.0248775060346
01-Aug-2026 01:35:46,-143.594197455612,-36.161107722277,0,24,24,24,13,-36.161107722277
01-Aug-2026 01:35:48,-143.871859490328,-36.4387697569932,0,24,24,24,14,-36.4387697569932
01-Aug-2026 01:35:50,-145.556202556945,-38.1231128236098,0,24,24,24,12,-38.1231128236098
01-Aug-2026 01:35:52,-146.404643871426,-38.9715541380912,0,24,24,24,13,-38.9715541380912
01-Aug-2026 01:35:54,-146.369533687008,-38.936443953673,0,24,24,24,13,-38.936443953673
01-Aug-2026 01:35:56,-146.71891803982,-39.2858283064851,0,24,24,24,12,-39.2858283064851
01-Aug-2026 01:35:58,-146.902102824267,-39.4690130909321,0,23,23,23,11,-39.4690130909321
01-Aug-2026 01:36:00,-147.152563764199,-39.7194740308639,0,23,23,23,12,-39.7194740308639
01-Aug-2026 01:36:02,-145.105731469168,-37.6726417358333,0,23,23,23,14,-37.6726417358333
01-Aug-2026 01:36:04,-145.182406989382,-37.7493172560471,0,23,23,23,16,-37.7493172560471
01-Aug-2026 01:36:06,-147.593625058438,-40.1605353251023,0,24,24,24,16,-40.1605353251023
01-Aug-2026 01:36:08,-147.415489934146,-39.9824002008104,0,23,23,23,16,-39.9824002008104
01-Aug-2026 01:36:10,-147.344873627118,-39.9117838937832,0,24,24,24,16,-39.9117838937832
01-Aug-2026 01:36:12,-147.800105265691,-40.3670155323555,0,24,24,24,16,-40.3670155323555
01-Aug-2026 01:36:14,-147.745473179853,-40.3123834465175,0,24,24,24,13,-40.3123834465175
01-Aug-2026 01:36:16,-147.901982582673,-40.4688928493373,0,24,24,24,13,-40.4688928493373
01-Aug-2026 01:36:18,-147.753220143991,-40.3201304106554,0,24,24,24,12,-40.3201304106554
01-Aug-2026 01:36:20,-147.612827231672,-40.1797374983369,0,24,24,24,12,-40.1797374983369
01-Aug-2026 01:36:22,-147.708477082849,-40.2753873495134,0,24,24,24,13,-40.2753873495134
01-Aug-2026 01:36:24,-147.599544962583,-40.1664552292474,0,24,24,24,14,-40.1664552292474
01-Aug-2026 01:36:26,-148.953561321001,-41.5204715876661,0,24,24,24,12,-41.5204715876661
01-Aug-2026 01:36:28,-149.040166660368,-41.6070769270329,0,24,24,24,14,-41.6070769270329
01-Aug-2026 01:36:30,-148.76089166365,-41.3278019303143,0,24,24,24,13,-41.3278019303143
01-Aug-2026 01:36:32,-148.678981043312,-41.2458913099769,0,24,24,24,14,-41.2458913099769
01-Aug-2026 01:36:34,-148.787624273609,-41.3545345402738,0,24,24,24,16,-41.3545345402738
01-Aug-2026 01:36:36,-148.414717369827,-40.9816276364915,0,24,24,24,16,-40.9816276364915
01-Aug-2026 01:36:38,-148.29016896722,-40.8570792338844,0,24,24,24,16,-40.8570792338844
01-Aug-2026 01:36:40,-148.298484765922,-40.8653950325864,0,25,25,25,17,-40.8653950325864
01-Aug-2026 01:36:42,-148.038346242251,-40.6052565089157,0,26,26,26,18,-40.6052565089157
01-Aug-2026 01:36:44,-147.608656946569,-40.1755672132334,0,26,26,26,18,-40.1755672132334
01-Aug-2026 01:36:46,-151.842535985004,-44.409446251669,0,25,25,25,16,-44.409446251669
01-Aug-2026 01:36:48,-151.674938603529,-44.2418488701935,0,25,25,25,15,-44.2418488701935
01-Aug-2026 01:36:50,-151.213997887443,-43.7809081541075,0,25,25,25,14,-43.7809081541075
01-Aug-2026 01:36:52,-151.108225713843,-43.6751359805075,0,25,25,25,13,-43.6751359805075
01-Aug-2026 01:36:54,-150.832904708198,-43.3998149748633,0,25,25,25,13,-43.3998149748633
01-Aug-2026 01:36:56,-150.555709587876,-43.1226198545412,0,25,25,25,13,-43.1226198545412
01-Aug-2026 01:36:58,-150.171176799415,-42.7380870660797,0,25,25,25,12,-42.7380870660797
01-Aug-2026 01:37:00,-156.50675302744,-49.0736632941047,0,25,25,25,12,-49.0736632941047
01-Aug-2026 01:37:02,-156.606509420677,-49.1734196873417,0,25,25,25,12,-49.1734196873417
01-Aug-2026 01:37:04,-156.743141718343,-49.3100519850079,0,25,25,25,12,-49.3100519850079
01-Aug-2026 01:37:06,-157.279604510883,-49.8465147775483,0,25,25,25,12,-49.8465147775483
01-Aug-2026 01:37:08,-157.553857802116,-50.1207680687808,0,25,25,25,12,-50.1207680687808
01-Aug-2026 01:37:10,-158.274428299004,-50.8413385656684,0,25,25,25,13,-50.8413385656684
01-Aug-2026 01:37:12,-158.348691847077,-50.9156021137413,0,26,26,26,12,-50.9156021137413
01-Aug-2026 01:37:14,-158.707244723671,-51.2741549903363,0,26,26,26,13,-51.2741549903363
01-Aug-2026 01:37:16,-158.544435742773,-51.1113460094379,0,26,26,26,12,-51.1113460094379
01-Aug-2026 01:37:18,-163.661919420708,-56.2288296873729,0,26,26,26,10,-56.2288296873729
01-Aug-2026 01:37:20,-164.086197568639,-56.6531078353041,0,27,27,27,10,-56.6531078353041
01-Aug-2026 01:37:22,-164.239964331733,-56.8068745983977,0,27,27,27,10,-56.8068745983977
01-Aug-2026 01:37:24,-164.20146943045,-56.7683796971149,0,26,26,26,9,-56.7683796971149
01-Aug-2026 01:37:26,-164.104394040662,-56.6713043073269,0,26,26,26,10,-56.6713043073269
01-Aug-2026 01:37:28,-163.94820529478,-56.5151155614445,0,25,25,25,10,-56.5151155614445
01-Aug-2026 01:37:30,-163.896869024189,-56.4637792908534,0,25,25,25,10,-56.4637792908534
01-Aug-2026 01:37:32,-143.613368396071,-36.1802786627358,0,25,25,25,11,-36.1802786627358
01-Aug-2026 01:37:34,-143.108317544631,-35.6752278112954,0,25,25,25,11,-35.6752278112954
01-Aug-2026 01:37:36,-143.525009452146,-36.0919197188107,0,25,25,25,11,-36.0919197188107
01-Aug-2026 01:37:38,-143.070427652625,-35.6373379192903,0,25,25,25,11,-35.6373379192903
01-Aug-2026 01:37:40,-142.785884716965,-35.35279498363,0,26,26,26,11,-35.35279498363
01-Aug-2026 01:37:42,-142.26686962712,-34.8337798937845,0,26,26,26,11,-34.8337798937845
01-Aug-2026 01:37:44,-142.040192502786,-34.6071027694505,0,26,26,26,12,-34.6071027694505
01-Aug-2026 01:37:46,-142.076522297305,-34.6434325639696,0,26,26,26,13,-34.6434325639696
01-Aug-2026 01:37:48,-142.224532047547,-34.791442314212,0,27,27,27,14,-34.791442314212
01-Aug-2026 01:37:50,-142.127648752407,-34.6945590190721,0,27,27,27,15,-34.6945590190721
01-Aug-2026 01:37:52,-142.052854842391,-34.6197651090555,0,26,26,26,13,-34.6197651090555
01-Aug-2026 01:37:54,-142.287199598589,-34.8541098652535,0,26,26,26,12,-34.8541098652535
01-Aug-2026 01:37:56,-142.515395672943,-35.0823059396077,0,26,26,26,12,-35.0823059396077
01-Aug-2026 01:37:58,-142.785369486044,-35.3522797527092,0,26,26,26,12,-35.3522797527092
01-Aug-2026 01:38:00,-142.695160609554,-35.2620708762184,0,26,26,26,12,-35.2620708762184
01-Aug-2026 01:38:02,-142.585795421187,-35.1527056878518,0,26,26,26,11,-35.1527056878518
01-Aug-2026 01:38:04,-142.894229079703,-35.4611393463679,0,26,26,26,12,-35.4611393463679
01-Aug-2026 01:38:06,-143.288940627202,-35.8558508938667,0,26,26,26,10,-35.8558508938667
01-Aug-2026 01:38:08,-133.022244903886,-25.5891551705508,0,26,26,26,10,-25.5891551705508
01-Aug-2026 01:38:10,-143.576129620573,-36.1430398872379,0,26,26,26,7,-36.1430398872379
01-Aug-2026 01:38:12,-143.866497774238,-36.4334080409026,0,26,26,26,7,-36.4334080409026
01-Aug-2026 01:38:14,-143.681080646314,-36.2479909129787,0,26,26,26,8,-36.2479909129787
01-Aug-2026 01:38:16,-143.679393236607,-36.2463035032715,0,26,26,26,7,-36.2463035032715
01-Aug-2026 01:38:18,-134.092055998343,-26.6589662650075,0,26,26,26,9,-26.6589662650075
01-Aug-2026 01:38:20,-134.167108696792,-26.7340189634564,0,26,26,26,10,-26.7340189634564
01-Aug-2026 01:38:22,-134.739508984542,-27.3064192512073,0,26,26,26,10,-27.3064192512073
01-Aug-2026 01:38:24,-135.033017618202,-27.5999278848666,0,26,26,26,11,-27.5999278848666
01-Aug-2026 01:38:26,-137.255987379252,-29.8228976459168,0,26,26,26,14,-29.8228976459168
01-Aug-2026 01:38:28,-138.84565637034,-31.4125666370044,0,26,26,26,14,-31.4125666370044
01-Aug-2026 01:38:30,-136.866727991485,-29.4336382581501,0,26,26,26,14,-29.4336382581501
01-Aug-2026 01:38:32,-159.195539256493,-51.7624495231576,0,26,26,26,13,-51.7624495231576
01-Aug-2026 01:38:34,-159.674766275401,-52.2416765420659,0,26,26,26,14,-52.2416765420659
01-Aug-2026 01:38:36,-160.207183991123,-52.7740942577878,0,26,26,26,12,-52.7740942577878
01-Aug-2026 01:38:38,-139.753606553265,-32.3205168199298,0,26,26,26,15,-32.3205168199298
01-Aug-2026 01:38:40,-130.909964839815,-23.4768751064803,0,26,26,26,14,-23.4768751064803
01-Aug-2026 01:38:42,-131.723433602315,-24.2903438689797,0,26,26,26,16,-24.2903438689797
01-Aug-2026 01:38:44,-134.040582437158,-26.6074927038226,0,27,27,27,17,-26.6074927038226
01-Aug-2026 01:38:46,-133.707601711108,-26.2745119777724,0,27,27,27,17,-26.2745119777724
01-Aug-2026 01:38:48,-133.899666276868,-26.4665765435327,0,25,25,25,13,-26.4665765435327
01-Aug-2026 01:38:50,-143.146062089788,-35.7129723564532,0,25,25,25,14,-35.7129723564532
01-Aug-2026 01:38:52,-143.828500575167,-36.3954108418322,0,24,24,24,12,-36.3954108418322
01-Aug-2026 01:38:54,-144.455767352674,-37.0226776193393,0,25,25,25,13,-37.0226776193393
01-Aug-2026 01:38:56,-142.785435342276,-35.3523456089407,0,25,25,25,12,-35.3523456089407
01-Aug-2026 01:38:58,-139.04195709222,-31.6088673588848,0,25,25,25,12,-31.6088673588848
01-Aug-2026 01:39:00,-139.355539635562,-31.9224499022264,0,25,25,25,12,-31.9224499022264
01-Aug-2026 01:39:02,-140.880223908333,-33.4471341749979,0,25,25,25,12,-33.4471341749979
01-Aug-2026 01:39:04,-140.950620220838,-33.517530487503,0,25,25,25,12,-33.517530487503
01-Aug-2026 01:39:06,-141.025780934558,-33.5926912012231,0,25,25,25,13,-33.5926912012231
01-Aug-2026 01:39:08,-141.43453559031,-34.0014458569751,0,25,25,25,14,-34.0014458569751
01-Aug-2026 01:39:10,-142.128487907012,-34.6953981736768,0,24,24,24,14,-34.6953981736768
01-Aug-2026 01:39:12,-142.31447333821,-34.881383604875,0,24,24,24,13,-34.881383604875
01-Aug-2026 01:39:14,-157.850090135197,-50.4170004018618,0,24,24,24,12,-50.4170004018618
01-Aug-2026 01:39:16,-157.318161556189,-49.8850718228536,0,24,24,24,14,-49.8850718228536
01-Aug-2026 01:39:18,-157.109801604529,-49.6767118711938,0,24,24,24,14,-49.6767118711938
01-Aug-2026 01:39:20,-156.762459129946,-49.3293693966107,0,25,25,25,13,-49.3293693966107
01-Aug-2026 01:39:22,-154.660706626741,-47.2276168934057,0,24,24,24,14,-47.2276168934057
01-Aug-2026 01:39:24,-153.93755474522,-46.5044650118848,0,25,25,25,14,-46.5044650118848
01-Aug-2026 01:39:26,-153.940159150102,-46.5070694167668,0,25,25,25,13,-46.5070694167668
01-Aug-2026 01:39:28,-153.127044079143,-45.6939543458076,0,25,25,25,12,-45.6939543458076
01-Aug-2026 01:39:30,-149.016025865059,-41.5829361317238,0,24,24,24,12,-41.5829361317238
01-Aug-2026 01:39:32,-145.236888675758,-37.8037989424225,0,24,24,24,11,-37.8037989424225
01-Aug-2026 01:39:34,-143.027807535628,-35.5947178022931,0,24,24,24,8,-35.5947178022931
01-Aug-2026 01:39:36,-139.524691113068,-32.0916013797332,0,25,25,25,13,-32.0916013797332
01-Aug-2026 01:39:38,-135.651236942493,-28.2181472091576,0,25,25,25,13,-28.2181472091576
01-Aug-2026 01:39:40,-130.983383199526,-23.5502934661905,0,25,25,25,12,-23.5502934661905
01-Aug-2026 01:39:42,-126.929506456335,-19.4964167229997,0,25,25,25,12,-19.4964167229997
01-Aug-2026 01:39:44,-148.79282305071,-41.3597333173746,0,25,25,25,12,-41.3597333173746
01-Aug-2026 01:39:46,-149.960619491577,-42.5275297582414,0,25,25,25,11,-42.5275297582414
01-Aug-2026 01:39:48,-150.023772347275,-42.5906826139399,0,25,25,25,10,-42.5906826139399
01-Aug-2026 01:39:50,-150.175710341357,-42.7426206080221,0,25,25,25,8,-42.7426206080221
01-Aug-2026 01:39:52,-149.347786384246,-41.9146966509106,0,26,26,26,10,-41.9146966509106
01-Aug-2026 01:39:54,-150.308784665841,-42.8756949325062,0,26,26,26,10,-42.8756949325062
01-Aug-2026 01:39:56,-147.352661830429,-39.9195720970941,0,25,25,25,11,-39.9195720970941
01-Aug-2026 01:39:58,-134.096441818445,-26.6633520851095,0,25,25,25,10,-26.6633520851095
01-Aug-2026 01:40:00,-137.362141332037,-29.9290515987013,0,25,25,25,11,-29.9290515987013
01-Aug-2026 01:40:02,-139.947946852608,-32.5148571192729,0,25,25,25,11,-32.5148571192729
01-Aug-2026 01:40:04,-145.852817253176,-38.4197275198406,0,25,25,25,10,-38.4197275198406
01-Aug-2026 01:40:06,-145.866425490398,-38.4333357570633,0,25,25,25,10,-38.4333357570633
01-Aug-2026 01:40:08,-147.32531171759,-39.8922219842543,0,24,24,24,12,-39.8922219842543
01-Aug-2026 01:40:10,-147.637891136518,-40.2048014031832,0,24,24,24,12,-40.2048014031832
01-Aug-2026 01:40:12,-147.652812212116,-40.2197224787809,0,24,24,24,11,-40.2197224787809
01-Aug-2026 01:40:14,-148.026360727099,-40.5932709937635,0,24,24,24,12,-40.5932709937635
01-Aug-2026 01:40:16,-147.911708643932,-40.4786189105964,0,24,24,24,14,-40.4786189105964
01-Aug-2026 01:40:18,-147.571683900599,-40.1385941672636,0,24,24,24,15,-40.1385941672636
01-Aug-2026 01:40:20,-147.638807299429,-40.205717566094,0,24,24,24,14,-40.205717566094
01-Aug-2026 01:40:22,-147.510151805349,-40.0770620720139,0,24,24,24,15,-40.0770620720139
01-Aug-2026 01:40:24,-147.345162178628,-39.9120724452929,0,24,24,24,15,-39.9120724452929
01-Aug-2026 01:40:26,-147.555877645812,-40.1227879124765,0,24,24,24,16,-40.1227879124765
01-Aug-2026 01:40:28,-147.384968195419,-39.9518784620838,0,25,25,25,17,-39.9518784620838
01-Aug-2026 01:40:30,-146.843393990315,-39.4103042569798,0,25,25,25,17,-39.4103042569798
01-Aug-2026 01:40:32,-147.815913075325,-40.3828233419901,0,25,25,25,15,-40.3828233419901
01-Aug-2026 01:40:34,-148.549273730653,-41.1161839973175,0,25,25,25,15,-41.1161839973175
01-Aug-2026 01:40:36,-149.012357733565,-41.5792680002302,0,25,25,25,14,-41.5792680002302
01-Aug-2026 01:40:38,-148.184680696179,-40.7515909628438,0,25,25,25,14,-40.7515909628438
01-Aug-2026 01:40:40,-148.255609946982,-40.822520213647,0,24,24,24,13,-40.822520213647
01-Aug-2026 01:40:42,-148.576704948495,-41.1436152151594,0,24,24,24,11,-41.1436152151594
01-Aug-2026 01:40:44,-148.36930377451,-40.9362140411747,0,24,24,24,13,-40.9362140411747
01-Aug-2026 01:40:46,-148.357031262715,-40.9239415293803,0,24,24,24,12,-40.9239415293803
01-Aug-2026 01:40:48,-147.931801052928,-40.4987113195932,0,24,24,24,12,-40.4987113195932
01-Aug-2026 01:40:50,-148.082575253378,-40.6494855200432,0,24,24,24,11,-40.6494855200432
01-Aug-2026 01:40:52,-148.06527524522,-40.6321855118846,0,24,24,24,12,-40.6321855118846
01-Aug-2026 01:40:54,-147.267226866407,-39.8341371330714,0,24,24,24,12,-39.8341371330714
01-Aug-2026 01:40:56,-146.802615439359,-39.3695257060234,0,24,24,24,11,-39.3695257060234
01-Aug-2026 01:40:58,-146.47534512142,-39.0422553880844,0,24,24,24,11,-39.0422553880844
01-Aug-2026 01:41:00,-146.310956700763,-38.877866967428,0,25,25,25,13,-38.877866967428
01-Aug-2026 01:41:02,-145.758726381865,-38.32563664853,0,25,25,25,15,-38.32563664853
01-Aug-2026 01:41:04,-153.34615128355,-45.9130615502146,0,25,25,25,15,-45.9130615502146
01-Aug-2026 01:41:06,-154.911408907533,-47.4783191741981,0,25,25,25,13,-47.4783191741981
01-Aug-2026 01:41:08,-155.528787982291,-48.095698248956,0,25,25,25,13,-48.095698248956
01-Aug-2026 01:41:10,-161.954211226564,-54.5211214932293,0,26,26,26,12,-54.5211214932293
01-Aug-2026 01:41:12,-162.494338450118,-55.0612487167833,0,26,26,26,12,-55.0612487167833
01-Aug-2026 01:41:14,-140.109735228646,-32.6766454953112,0,26,26,26,12,-32.6766454953112
01-Aug-2026 01:41:16,-139.63597830594,-32.2028885726044,0,25,25,25,13,-32.2028885726044
01-Aug-2026 01:41:18,-139.522673509968,-32.0895837766325,0,24,24,24,12,-32.0895837766325
01-Aug-2026 01:41:20,-139.366972825738,-31.9338830924027,0,24,24,24,12,-31.9338830924027
01-Aug-2026 01:41:22,-138.971103187466,-31.5380134541306,0,24,24,24,11,-31.5380134541306
01-Aug-2026 01:41:24,-138.065360855366,-30.6322711220309,0,24,24,24,11,-30.6322711220309
01-Aug-2026 01:41:26,-136.137847871342,-28.7047581380067,0,24,24,24,11,-28.7047581380067
01-Aug-2026 01:41:28,-135.500944774321,-28.0678550409862,0,24,24,24,11,-28.0678550409862
01-Aug-2026 01:41:30,-135.039453842938,-27.6063641096028,0,24,24,24,12,-27.6063641096028
01-Aug-2026 01:41:32,-161.143219971136,-53.7101302378005,0,24,24,24,11,-26.9056084018432
01-Aug-2026 01:41:34,-159.551361456474,-52.1182717231391,0,25,25,25,12,-26.0291793764962
01-Aug-2026 01:41:36,-158.749056885466,-51.3159671521308,0,26,26,26,11,-25.154988374126
01-Aug-2026 01:41:38,-157.737296378459,-50.3042066451238,0,26,26,26,11,-23.9423936348878
01-Aug-2026 01:41:40,-157.125711950161,-49.6926222168254,0,26,26,26,11,-23.5456698035758
01-Aug-2026 01:41:42,-154.960035035037,-47.5269453017019,0,26,26,26,13,-22.7945030464207
01-Aug-2026 01:41:44,-130.409371745575,-22.9762820122401,0,25,25,25,13,-22.9762820122401
01-Aug-2026 01:41:46,-148.039932589492,-40.6068428561572,0,25,25,25,13,-40.6068428561572
01-Aug-2026 01:41:48,-137.532042305041,-30.0989525717059,0,25,25,25,13,-30.0989525717059
01-Aug-2026 01:41:50,-138.988529000586,-31.5554392672509,0,25,25,25,10,-31.5554392672509
01-Aug-2026 01:41:52,-134.840338643229,-27.407248909894,0,25,25,25,10,-27.407248909894
01-Aug-2026 01:41:54,-130.329940477679,-22.8968507443433,0,25,25,25,10,-22.8968507443433
01-Aug-2026 01:41:56,-124.383460915496,-16.9503711821612,0,25,25,25,10,-16.9503711821612
01-Aug-2026 01:41:58,-155.554249126703,-48.1211593933675,0,25,25,25,11,-48.1211593933675
01-Aug-2026 01:42:00,-155.150088778211,-47.7169990448754,0,25,25,25,12,-47.7169990448754
01-Aug-2026 01:42:02,-143.911336663028,-36.4782469296925,0,25,25,25,12,-36.4782469296925
01-Aug-2026 01:42:04,-150.269457996108,-42.8363682627725,0,25,25,25,13,-42.8363682627725
01-Aug-2026 01:42:06,-149.829077613678,-42.3959878803433,0,25,25,25,14,-42.3959878803433
01-Aug-2026 01:42:08,-153.537729862166,-46.1046401288312,0,25,25,25,13,-46.1046401288312
01-Aug-2026 01:42:10,-153.314649891435,-45.8815601581001,0,25,25,25,14,-45.8815601581001
01-Aug-2026 01:42:12,-154.282750046603,-46.8496603132675,0,25,25,25,14,-46.8496603132675
01-Aug-2026 01:42:14,-154.722042002257,-47.2889522689223,0,25,25,25,13,-47.2889522689223
01-Aug-2026 01:42:16,-154.14458457196,-46.7114948386245,0,25,25,25,12,-46.7114948386245
01-Aug-2026 01:42:18,-153.63885373367,-46.2057640003347,0,25,25,25,14,-46.2057640003347
01-Aug-2026 01:42:20,-153.945531699613,-46.5124419662774,0,25,25,25,15,-46.5124419662774
01-Aug-2026 01:42:22,-151.975824825691,-44.5427350923555,0,25,25,25,16,-44.5427350923555
01-Aug-2026 01:42:24,-152.298554911544,-44.8654651782092,0,25,25,25,15,-44.8654651782092
01-Aug-2026 01:42:26,-151.842736983156,-44.4096472498206,0,25,25,25,15,-44.4096472498206
01-Aug-2026 01:42:28,-151.598365630958,-44.1652758976226,0,25,25,25,16,-44.1652758976226
01-Aug-2026 01:42:30,-150.918002156936,-43.4849124236005,0,25,25,25,15,-43.4849124236005
01-Aug-2026 01:42:32,-150.788329473933,-43.3552397405975,0,25,25,25,15,-43.3552397405975
01-Aug-2026 01:42:34,-149.793313376501,-42.3602236431654,0,25,25,25,14,-42.3602236431654
01-Aug-2026 01:42:36,-149.694932277916,-42.2618425445806,0,24,24,24,15,-42.2618425445806
01-Aug-2026 01:42:38,-149.939029052565,-42.50593931923,0,24,24,24,15,-42.50593931923
01-Aug-2026 01:42:40,-149.672678480252,-42.2395887469172,0,24,24,24,14,-42.2395887469172
01-Aug-2026 01:42:42,-149.666851161034,-42.2337614276991,0,24,24,24,15,-42.2337614276991
01-Aug-2026 01:42:44,-149.877595103023,-42.4445053696878,0,24,24,24,15,-42.4445053696878
01-Aug-2026 01:42:46,-149.874286853619,-42.4411971202841,0,25,25,25,16,-42.4411971202841
01-Aug-2026 01:42:48,-149.723763441109,-42.290673707774,0,25,25,25,16,-42.290673707774
01-Aug-2026 01:42:50,-150.353485853761,-42.9203961204261,0,25,25,25,16,-42.9203961204261
01-Aug-2026 01:42:52,-149.919277913548,-42.486188180213,0,25,25,25,14,-42.486188180213
01-Aug-2026 01:42:54,-150.097805924242,-42.6647161909065,0,25,25,25,15,-42.6647161909065
01-Aug-2026 01:42:56,-149.716087599807,-42.2829978664714,0,25,25,25,13,-42.2829978664714
01-Aug-2026 01:42:58,-153.717511030387,-46.2844212970519,0,25,25,25,14,-46.2844212970519
01-Aug-2026 01:43:00,-153.554822677441,-46.1217329441054,0,25,25,25,13,-46.1217329441054
01-Aug-2026 01:43:02,-153.479124135343,-46.0460344020075,0,25,25,25,11,-46.0460344020075
01-Aug-2026 01:43:04,-154.612405480733,-47.1793157473976,0,24,24,24,10,-47.1793157473976
01-Aug-2026 01:43:06,-155.161962176088,-47.7288724427531,0,25,25,25,10,-47.7288724427531
01-Aug-2026 01:43:08,-155.553311632224,-48.120221898889,0,25,25,25,10,-48.120221898889
01-Aug-2026 01:43:10,-155.32378619824,-47.8906964649045,0,25,25,25,8,-47.8906964649045
01-Aug-2026 01:43:12,-156.263456923748,-48.8303671904128,0,25,25,25,8,-48.8303671904128
01-Aug-2026 01:43:14,-156.175475515937,-48.7423857826017,0,25,25,25,8,-48.7423857826017
01-Aug-2026 01:43:16,-156.226381785049,-48.7932920517136,0,25,25,25,9,-48.7932920517136
01-Aug-2026 01:43:18,-155.355617301933,-47.9225275685982,0,26,26,26,10,-47.9225275685982
01-Aug-2026 01:43:20,-155.404447206237,-47.9713574729021,0,25,25,25,9,-47.9713574729021
01-Aug-2026 01:43:22,-155.480757272891,-48.0476675395555,0,25,25,25,10,-48.0476675395555
01-Aug-2026 01:43:24,-156.34820060381,-48.9151108704748,0,25,25,25,9,-48.9151108704748
01-Aug-2026 01:43:26,-156.265718355085,-48.8326286217502,0,25,25,25,10,-48.8326286217502
01-Aug-2026 01:43:28,-156.040146646811,-48.6070569134755,0,25,25,25,10,-48.6070569134755
01-Aug-2026 01:43:30,-154.719765394417,-47.2866756610815,0,25,25,25,11,-47.2866756610815
01-Aug-2026 01:43:32,-154.460882760609,-47.0277930272735,0,25,25,25,12,-47.0277930272735
01-Aug-2026 01:43:34,-156.755854642455,-49.3227649091199,0,25,25,25,11,-49.3227649091199
01-Aug-2026 01:43:36,-157.046582334441,-49.6134926011057,0,25,25,25,11,-49.6134926011057
01-Aug-2026 01:43:38,-156.871240377729,-49.4381506443943,0,25,25,25,12,-49.4381506443943
01-Aug-2026 01:43:40,-156.216934496235,-48.7838447628999,0,26,26,26,12,-48.7838447628999
01-Aug-2026 01:43:42,-155.896033808942,-48.462944075607,0,25,25,25,11,-48.462944075607
01-Aug-2026 01:43:44,-155.10215912344,-47.6690693901053,0,25,25,25,10,-47.6690693901053
01-Aug-2026 01:43:46,-150.681954363446,-43.2488646301112,0,25,25,25,10,-43.2488646301112
01-Aug-2026 01:43:48,-151.298877025081,-43.8657872917453,0,25,25,25,9,-43.8657872917453
01-Aug-2026 01:43:50,-151.501422186805,-44.0683324534698,0,25,25,25,8,-44.0683324534698
01-Aug-2026 01:43:52,-147.880833296649,-40.4477435633139,0,25,25,25,10,-40.4477435633139
01-Aug-2026 01:43:54,-147.655436791759,-40.2223470584242,0,25,25,25,12,-40.2223470584242
01-Aug-2026 01:43:56,-147.890337391884,-40.4572476585484,0,25,25,25,14,-40.4572476585484
01-Aug-2026 01:43:58,-149.398121577844,-41.9650318445091,0,25,25,25,11,-41.9650318445091
01-Aug-2026 01:44:00,-149.658691653335,-42.2256019199997,0,25,25,25,10,-42.2256019199997
01-Aug-2026 01:44:02,-155.253394676855,-47.8203049435198,0,25,25,25,10,-47.8203049435198
01-Aug-2026 01:44:04,-155.657293834941,-48.2242041016055,0,25,25,25,8,-48.2242041016055
01-Aug-2026 01:44:06,-154.71853870536,-47.2854489720247,0,25,25,25,8,-47.2854489720247
01-Aug-2026 01:44:08,-154.826607606418,-47.3935178730827,0,25,25,25,7,-47.3935178730827
01-Aug-2026 01:44:10,-154.954960160979,-47.5218704276434,0,25,25,25,7,-47.5218704276434
01-Aug-2026 01:44:12,-154.499742763848,-47.0666530305127,0,25,25,25,4,-47.0666530305127
01-Aug-2026 01:44:14,-153.74981678931,-46.316727055975,0,24,24,24,3,-46.316727055975
01-Aug-2026 01:44:16,-166.797500209851,-59.3644104765158,0,24,24,24,4,-59.3644104765158
01-Aug-2026 01:44:18,-167.102573191664,-59.6694834583293,0,25,25,25,5,-59.6694834583293
01-Aug-2026 01:44:20,-154.85830520062,-47.4252154672844,0,25,25,25,8,-47.4252154672844
01-Aug-2026 01:44:22,-154.325980271202,-46.8928905378672,0,25,25,25,9,-46.8928905378672
01-Aug-2026 01:44:24,-153.497607974964,-46.064518241629,0,25,25,25,11,-46.064518241629
01-Aug-2026 01:44:26,-151.161390234643,-43.7283005013078,0,25,25,25,12,-43.7283005013078
01-Aug-2026 01:44:28,-150.794079163645,-43.3609894303103,0,25,25,25,12,-43.3609894303103
01-Aug-2026 01:44:30,-150.786179945744,-43.3530902124091,0,25,25,25,12,-43.3530902124091
01-Aug-2026 01:44:32,-150.729614861987,-43.296525128652,0,24,24,24,12,-43.296525128652
01-Aug-2026 01:44:34,-140.628971468293,-33.1958817349581,0,24,24,24,15,-33.1958817349581
01-Aug-2026 01:44:36,-140.164554494395,-32.73146476106,0,24,24,24,15,-32.73146476106
01-Aug-2026 01:44:38,-140.142436039013,-32.7093463056777,0,24,24,24,14,-32.7093463056777
01-Aug-2026 01:44:40,-139.731067537483,-32.2979778041483,0,24,24,24,14,-32.2979778041483
01-Aug-2026 01:44:42,-139.202881521345,-31.7697917880096,0,24,24,24,14,-31.7697917880096
01-Aug-2026 01:44:44,-137.486537328184,-30.053447594849,0,24,24,24,14,-30.053447594849
01-Aug-2026 01:44:46,-138.330111776697,-30.8970220433616,0,24,24,24,11,-30.8970220433616
01-Aug-2026 01:44:48,-138.24432343918,-30.8112337058448,0,25,25,25,12,-30.8112337058448
01-Aug-2026 01:44:50,-138.709932405639,-31.2768426723043,0,25,25,25,12,-31.2768426723043
01-Aug-2026 01:44:52,-138.808215541909,-31.3751258085742,0,25,25,25,13,-31.3751258085742
01-Aug-2026 01:44:54,-138.887327202165,-31.4542374688297,0,25,25,25,14,-31.4542374688297
01-Aug-2026 01:44:56,-144.800761641235,-37.3676719078994,0,25,25,25,14,-37.3676719078994
01-Aug-2026 01:44:58,-144.822084825045,-37.38899509171,0,25,25,25,14,-37.38899509171
01-Aug-2026 01:45:00,-145.514305047739,-38.0812153144038,0,25,25,25,11,-38.0812153144038
01-Aug-2026 01:45:02,-145.892297608821,-38.459207875486,0,26,26,26,12,-38.459207875486
01-Aug-2026 01:45:04,-145.982422480862,-38.5493327475271,0,26,26,26,11,-38.5493327475271
01-Aug-2026 01:45:06,-145.763340357071,-38.3302506237356,0,25,25,25,9,-38.3302506237356
01-Aug-2026 01:45:08,-145.985255627958,-38.5521658946233,0,25,25,25,8,-38.5521658946233
01-Aug-2026 01:45:10,-146.493305082859,-39.060215349524,0,24,24,24,9,-39.060215349524
01-Aug-2026 01:45:12,-166.724804910942,-59.2917151776073,0,24,24,24,9,-59.2917151776073
01-Aug-2026 01:45:14,-166.997631532891,-59.5645417995561,0,24,24,24,9,-59.5645417995561
01-Aug-2026 01:45:16,-166.777123190205,-59.3440334568701,0,24,24,24,9,-59.3440334568701
01-Aug-2026 01:45:18,-166.874350043741,-59.4412603104054,0,24,24,24,9,-59.4412603104054
01-Aug-2026 01:45:20,-165.050647534861,-57.6175578015255,0,24,24,24,9,-57.6175578015255
01-Aug-2026 01:45:22,-167.661674284114,-60.2285845507788,0,25,25,25,7,-60.2285845507788
01-Aug-2026 01:45:24,-162.080141295578,-54.6470515622428,0,25,25,25,9,-54.6470515622428
01-Aug-2026 01:45:26,-162.410222673139,-54.9771329398036,0,25,25,25,11,-54.9771329398036
01-Aug-2026 01:45:28,-162.825293045326,-55.3922033119904,0,26,26,26,12,-55.3922033119904
01-Aug-2026 01:45:30,-161.640241066288,-54.2071513329524,0,26,26,26,12,-54.2071513329524
01-Aug-2026 01:45:32,-162.288638097504,-54.8555483641689,0,26,26,26,11,-54.8555483641689
01-Aug-2026 01:45:34,-163.666729099942,-56.2336393666069,0,25,25,25,12,-56.2336393666069
01-Aug-2026 01:45:36,-163.67550060331,-56.242410869975,0,25,25,25,12,-56.242410869975
01-Aug-2026 01:45:38,-163.904060166694,-56.4709704333587,0,25,25,25,13,-19.9277940034793
01-Aug-2026 01:45:40,-153.413407473954,-45.9803177406191,0,25,25,25,13,-19.1652778724516
01-Aug-2026 01:45:42,-153.481065740479,-46.0479760071439,0,25,25,25,14,-18.2286513497726
01-Aug-2026 01:45:44,-153.536106687284,-46.1030169539488,0,25,25,25,13,-17.145905924687
01-Aug-2026 01:45:46,-153.392474722684,-45.9593849893483,0,25,25,25,14,-15.6514925857842
01-Aug-2026 01:45:48,-153.406883289205,-45.9737935558694,0,25,25,25,13,-14.6978088898953
01-Aug-2026 01:45:50,-153.778348142558,-46.345258409223,0,25,25,25,12,-16.7923071094813
01-Aug-2026 01:45:52,-154.678976352349,-47.2458866190134,0,25,25,25,11,-16.5438990101136
01-Aug-2026 01:45:54,-154.315439416074,-46.882349682739,0,25,25,25,10,-15.493388624549
01-Aug-2026 01:45:56,-154.474283286028,-47.0411935526925,0,25,25,25,10,-15.5850015206414
01-Aug-2026 01:45:58,-153.767971561756,-46.3348818284207,0,25,25,25,11,-16.2986113041594
01-Aug-2026 01:46:00,-153.937454788374,-46.504365055039,0,25,25,25,9,-17.0054743314278
01-Aug-2026 01:46:02,-154.309282913549,-46.8761931802139,0,25,25,25,8,-18.186232768485
01-Aug-2026 01:46:04,-153.934210874362,-46.5011211410267,0,25,25,25,8,-19.3361646438573
01-Aug-2026 01:46:06,-153.413782357826,-45.9806926244904,0,25,25,25,10,-21.1843313570509
01-Aug-2026 01:46:08,-160.947971464572,-53.5148817312367,0,25,25,25,7,-21.7294671716727
01-Aug-2026 01:46:10,-160.23953666441,-52.8064469310749,0,25,25,25,7,-22.6651225963095
01-Aug-2026 01:46:12,-160.45055210962,-53.0174623762847,0,25,25,25,7,-22.9561455821005
01-Aug-2026 01:46:14,-157.329664797596,-49.8965750642604,0,25,25,25,6,-24.6908115743806
01-Aug-2026 01:46:16,-157.230785956054,-49.7976962227193,0,25,25,25,7,-24.4905694747955
01-Aug-2026 01:46:18,-132.588809163098,-25.1557194297631,0,25,25,25,8,-25.1557194297631
01-Aug-2026 01:46:20,-157.330921207277,-49.8978314739415,0,24,24,24,6,-49.8978314739415
01-Aug-2026 01:46:22,-157.245438222298,-49.8123484889628,0,23,23,23,7,-49.8123484889628
01-Aug-2026 01:46:24,-157.505364318603,-50.072274585268,0,23,23,23,7,-50.072274585268
01-Aug-2026 01:46:26,-158.056435299117,-50.6233455657815,0,24,24,24,9,-50.6233455657815
01-Aug-2026 01:46:28,-157.948322966025,-50.5152332326902,0,24,24,24,9,-50.5152332326902
01-Aug-2026 01:46:30,-154.083855931397,-46.6507661980618,0,24,24,24,11,-46.6507661980618
01-Aug-2026 01:46:32,-154.055382793885,-46.6222930605502,0,24,24,24,12,-46.6222930605502
01-Aug-2026 01:46:34,-154.54898717696,-47.1158974436247,0,24,24,24,13,-47.1158974436247
01-Aug-2026 01:46:36,-153.635356143833,-46.2022664104982,0,25,25,25,14,-46.2022664104982
01-Aug-2026 01:46:38,-153.616622890333,-46.1835331569978,0,26,26,26,13,-46.1835331569978
01-Aug-2026 01:46:40,-150.110892306353,-42.6778025730181,0,26,26,26,14,-42.6778025730181
01-Aug-2026 01:46:42,-150.138632514,-42.7055427806645,0,26,26,26,15,-42.7055427806645
01-Aug-2026 01:46:44,-153.809391329186,-46.3763015958505,0,26,26,26,13,-46.3763015958505
01-Aug-2026 01:46:46,-156.099658828231,-48.6665690948956,0,26,26,26,14,-48.6665690948956
01-Aug-2026 01:46:48,-155.905118720123,-48.4720289867874,0,26,26,26,14,-48.4720289867874
01-Aug-2026 01:46:50,-155.911090066225,-48.4780003328897,0,26,26,26,14,-48.4780003328897
01-Aug-2026 01:46:52,-156.055459651588,-48.6223699182525,0,26,26,26,14,-48.6223699182525
01-Aug-2026 01:46:54,-158.91444502618,-51.4813552928449,0,26,26,26,12,-51.4813552928449
01-Aug-2026 01:46:56,-163.330691538409,-55.8976018050734,0,25,25,25,9,-55.8976018050734
01-Aug-2026 01:46:58,-163.690911920552,-56.2578221872169,0,24,24,24,7,-56.2578221872169
01-Aug-2026 01:47:00,-164.068335060307,-56.6352453269713,0,25,25,25,8,-56.6352453269713
01-Aug-2026 01:47:02,-163.803197272834,-56.370107539499,0,25,25,25,9,-56.370107539499
01-Aug-2026 01:47:04,-163.94615023627,-56.5130605029348,0,25,25,25,10,-56.5130605029348
01-Aug-2026 01:47:06,-163.444615670145,-56.0115259368098,0,25,25,25,10,-56.0115259368098
01-Aug-2026 01:47:08,-163.195551250747,-55.7624615174121,0,25,25,25,10,-55.7624615174121
01-Aug-2026 01:47:10,-162.881690907598,-55.4486011742625,0,26,26,26,13,-55.4486011742625
01-Aug-2026 01:47:12,-162.574076572836,-55.140986839501,0,25,25,25,14,-55.140986839501
01-Aug-2026 01:47:14,-147.200420259421,-39.7673305260863,0,25,25,25,15,-39.7673305260863
01-Aug-2026 01:47:16,-147.758627398345,-40.3255376650098,0,25,25,25,15,-40.3255376650098
01-Aug-2026 01:47:18,-147.462828208372,-40.0297384750364,0,25,25,25,14,-40.0297384750364
01-Aug-2026 01:47:20,-147.752426111107,-40.319336377772,0,25,25,25,12,-40.319336377772
01-Aug-2026 01:47:22,-147.75185020416,-40.3187604708245,0,25,25,25,13,-40.3187604708245
01-Aug-2026 01:47:24,-147.703206820795,-40.2701170874598,0,25,25,25,14,-40.2701170874598
01-Aug-2026 01:47:26,-147.15418290849,-39.7210931751548,0,26,26,26,16,-39.7210931751548
01-Aug-2026 01:47:28,-147.479582860445,-40.0464931271102,0,26,26,26,17,-40.0464931271102
01-Aug-2026 01:47:30,-153.595554672852,-46.1624649395166,0,25,25,25,14,-46.1624649395166
01-Aug-2026 01:47:32,-153.755366014078,-46.3222762807423,0,25,25,25,14,-46.3222762807423
01-Aug-2026 01:47:34,-153.468576299931,-46.0354865665959,0,25,25,25,14,-46.0354865665959
01-Aug-2026 01:47:36,-139.146003935427,-31.7129142020918,0,25,25,25,15,-31.7129142020918
01-Aug-2026 01:47:38,-141.395708143618,-33.9626184102823,0,25,25,25,12,-33.9626184102823
01-Aug-2026 01:47:40,-153.511654359823,-46.0785646264877,0,25,25,25,12,-46.0785646264877
01-Aug-2026 01:47:42,-153.617440544581,-46.1843508112455,0,25,25,25,10,-46.1843508112455
01-Aug-2026 01:47:44,-153.940195651274,-46.507105917939,0,25,25,25,8,-46.507105917939
01-Aug-2026 01:47:46,-154.019687038003,-46.5865973046675,0,25,25,25,8,-46.5865973046675
01-Aug-2026 01:47:48,-154.016959177044,-46.5838694437092,0,25,25,25,8,-46.5838694437092
01-Aug-2026 01:47:50,-154.165771279832,-46.7326815464965,0,25,25,25,7,-46.7326815464965
01-Aug-2026 01:47:52,-154.393390243785,-46.9603005104495,0,25,25,25,6,-46.9603005104495
01-Aug-2026 01:47:54,-154.079007911178,-46.6459181778432,0,25,25,25,8,-46.6459181778432
01-Aug-2026 01:47:56,-153.919608587311,-46.4865188539757,0,25,25,25,8,-46.4865188539757
01-Aug-2026 01:47:58,-154.203935971678,-46.7708462383429,0,25,25,25,9,-46.7708462383429
01-Aug-2026 01:48:00,-154.841387641466,-47.4082979081313,0,25,25,25,10,-47.4082979081313
01-Aug-2026 01:48:02,-154.711975913064,-47.2788861797284,0,25,25,25,10,-47.2788861797284
01-Aug-2026 01:48:04,-146.141450656753,-38.7083609234178,0,25,25,25,10,-38.7083609234178
01-Aug-2026 01:48:06,-146.348406047116,-38.9153163137808,0,26,26,26,12,-38.9153163137808
01-Aug-2026 01:48:08,-145.227721175484,-37.7946314421486,0,26,26,26,16,-37.7946314421486
01-Aug-2026 01:48:10,-150.925503012447,-43.4924132791123,0,26,26,26,14,-43.4924132791123
01-Aug-2026 01:48:12,-151.442740581821,-44.0096508484855,0,26,26,26,14,-44.0096508484855
01-Aug-2026 01:48:14,-151.370685785843,-43.9375960525077,0,26,26,26,15,-43.9375960525077
01-Aug-2026 01:48:16,-151.621986626946,-44.1888968936109,0,25,25,25,14,-44.1888968936109
01-Aug-2026 01:48:18,-151.623139815302,-44.1900500819667,0,25,25,25,14,-44.1900500819667
01-Aug-2026 01:48:20,-151.481061538651,-44.0479718053161,0,25,25,25,14,-44.0479718053161
01-Aug-2026 01:48:22,-153.565017981218,-46.1319282478825,0,25,25,25,14,-46.1319282478825
01-Aug-2026 01:48:24,-153.613237745283,-46.180148011948,0,24,24,24,12,-46.180148011948
01-Aug-2026 01:48:26,-151.191617358001,-43.7585276246661,0,24,24,24,13,-43.7585276246661
01-Aug-2026 01:48:28,-133.646891845991,-26.213802112656,0,24,24,24,14,-26.213802112656
01-Aug-2026 01:48:30,-134.822521113823,-27.3894313804881,0,24,24,24,14,-27.3894313804881
01-Aug-2026 01:48:32,-134.844957097967,-27.4118673646322,0,24,24,24,14,-27.4118673646322
01-Aug-2026 01:48:34,-134.836071061339,-27.4029813280039,0,24,24,24,13,-27.4029813280039
01-Aug-2026 01:48:36,-134.564032681446,-27.1309429481104,0,25,25,25,14,-27.1309429481104
01-Aug-2026 01:48:38,-134.134070956086,-26.7009812227504,0,25,25,25,14,-26.7009812227504
01-Aug-2026 01:48:40,-133.841182645879,-26.4080929125434,0,25,25,25,15,-26.4080929125434
01-Aug-2026 01:48:42,-133.894523747814,-26.4614340144786,0,25,25,25,17,-26.4614340144787
01-Aug-2026 01:48:44,-133.847171061594,-26.4140813282587,0,25,25,25,16,-26.4140813282588
01-Aug-2026 01:48:46,-133.786722519372,-26.3536327860373,0,25,25,25,16,-26.3536327860373
01-Aug-2026 01:48:48,-135.299975682629,-27.8668859492942,0,25,25,25,15,-27.8668859492942
01-Aug-2026 01:48:50,-137.2990918408,-29.8660021074645,0,25,25,25,15,-29.8660021074645
01-Aug-2026 01:48:52,-137.813790572735,-30.3807008394001,0,25,25,25,15,-30.3807008394001
01-Aug-2026 01:48:54,-137.586282843819,-30.1531931104837,0,26,26,26,15,-30.1531931104837
01-Aug-2026 01:48:56,-143.026852693229,-35.593762959894,0,26,26,26,15,-35.593762959894
01-Aug-2026 01:48:58,-143.290585998508,-35.8574962651732,0,25,25,25,14,-35.8574962651732
01-Aug-2026 01:49:00,-144.393459470344,-36.960369737009,0,24,24,24,13,-36.960369737009
01-Aug-2026 01:49:02,-134.666988557383,-27.2338988240482,0,24,24,24,14,-27.2338988240482
01-Aug-2026 01:49:04,-134.290119568003,-26.8570298346682,0,24,24,24,13,-26.8570298346682
01-Aug-2026 01:49:06,-148.862201503176,-41.4291117698403,0,24,24,24,13,-41.4291117698403
01-Aug-2026 01:49:08,-149.430015533458,-41.996925800123,0,25,25,25,13,-41.996925800123
01-Aug-2026 01:49:10,-150.316599667705,-42.8835099343693,0,25,25,25,13,-42.8835099343693
01-Aug-2026 01:49:12,-138.860050017221,-31.4269602838862,0,25,25,25,14,-31.4269602838862
01-Aug-2026 01:49:14,-139.079518108015,-31.6464283746795,0,25,25,25,14,-31.6464283746795
01-Aug-2026 01:49:16,-139.697905657781,-32.2648159244454,0,25,25,25,14,-32.2648159244454
01-Aug-2026 01:49:18,-150.015602318446,-42.5825125851107,0,25,25,25,13,-42.5825125851107
01-Aug-2026 01:49:20,-149.907989662546,-42.4748999292106,0,25,25,25,11,-42.4748999292106
01-Aug-2026 01:49:22,-150.742088764622,-43.3089990312867,0,26,26,26,10,-43.3089990312867
01-Aug-2026 01:49:24,-151.295633383218,-43.8625436498832,0,26,26,26,8,-43.8625436498832
01-Aug-2026 01:49:26,-151.645908941782,-44.2128192084472,0,25,25,25,9,-44.2128192084472
01-Aug-2026 01:49:28,-163.250533840002,-55.8174441066666,0,25,25,25,9,-55.8174441066666
01-Aug-2026 01:49:30,-163.065397907199,-55.6323081738634,0,25,25,25,9,-55.6323081738634
01-Aug-2026 01:49:32,-150.606969654187,-43.1738799208518,0,25,25,25,11,-43.1738799208518
01-Aug-2026 01:49:34,-150.153275168928,-42.7201854355931,0,25,25,25,12,-42.7201854355931
01-Aug-2026 01:49:36,-150.137780771036,-42.7046910377008,0,25,25,25,13,-42.7046910377008
01-Aug-2026 01:49:38,-150.176170970329,-42.7430812369938,0,25,25,25,14,-42.7430812369938
01-Aug-2026 01:49:40,-150.495525304894,-43.0624355715585,0,25,25,25,12,-43.0624355715585
01-Aug-2026 01:49:42,-150.87825518588,-43.4451654525447,0,25,25,25,13,-43.4451654525447
01-Aug-2026 01:49:44,-162.296852562811,-54.8637628294758,0,25,25,25,12,-54.8637628294758
01-Aug-2026 01:49:46,-162.090160423928,-54.6570706905924,0,25,25,25,13,-54.6570706905924
01-Aug-2026 01:49:48,-162.179832002947,-54.7467422696118,0,25,25,25,13,-54.7467422696118
01-Aug-2026 01:49:50,-162.255596596882,-54.8225068635469,0,25,25,25,13,-54.8225068635469
01-Aug-2026 01:49:52,-162.418029708313,-54.9849399749781,0,25,25,25,13,-54.9849399749781
01-Aug-2026 01:49:54,-162.596029306208,-55.1629395728727,0,25,25,25,12,-55.1629395728727
01-Aug-2026 01:49:56,-154.22084881714,-46.7877590838048,0,25,25,25,14,-46.7877590838048
01-Aug-2026 01:49:58,-162.301672865655,-54.8685831323195,0,25,25,25,13,-54.8685831323195
01-Aug-2026 01:50:00,-162.249095757162,-54.8160060238269,0,25,25,25,13,-54.8160060238269
01-Aug-2026 01:50:02,-162.445500581115,-55.0124108477797,0,25,25,25,12,-55.0124108477797
01-Aug-2026 01:50:04,-150.213543444689,-42.7804537113541,0,24,24,24,13,-42.7804537113541
01-Aug-2026 01:50:06,-149.739313939553,-42.306224206218,0,24,24,24,13,-42.306224206218
01-Aug-2026 01:50:08,-163.869789269847,-56.4366995365117,0,23,23,23,11,-56.4366995365117
01-Aug-2026 01:50:10,-164.087425065689,-56.654335332354,0,24,24,24,10,-56.654335332354
01-Aug-2026 01:50:12,-160.356505955244,-52.923416221909,0,24,24,24,11,-52.923416221909
01-Aug-2026 01:50:14,-160.387268781137,-52.9541790478019,0,24,24,24,11,-52.9541790478019
01-Aug-2026 01:50:16,-160.066821221628,-52.6337314882929,0,25,25,25,13,-52.6337314882929
01-Aug-2026 01:50:18,-159.791326942149,-52.3582372088141,0,25,25,25,13,-52.3582372088141
01-Aug-2026 01:50:20,-159.49962722641,-52.0665374930751,0,25,25,25,12,-52.0665374930751
01-Aug-2026 01:50:22,-159.124336506163,-51.6912467728274,0,25,25,25,12,-51.6912467728274
01-Aug-2026 01:50:24,-158.956677484671,-51.5235877513361,0,25,25,25,12,-51.5235877513361
01-Aug-2026 01:50:26,-159.032254612767,-51.5991648794321,0,25,25,25,11,-51.5991648794321
01-Aug-2026 01:50:28,-159.140969705402,-51.7078799720672,0,26,26,26,11,-51.7078799720672
01-Aug-2026 01:50:30,-161.627837877119,-54.194748143784,0,26,26,26,11,-54.194748143784
01-Aug-2026 01:50:32,-161.49433769316,-54.0612479598252,0,26,26,26,10,-54.0612479598252
01-Aug-2026 01:50:34,-142.069525815317,-34.6364360819817,0,26,26,26,12,-34.6364360819817
01-Aug-2026 01:50:36,-142.29506223296,-34.8619724996251,0,26,26,26,11,-34.8619724996251
01-Aug-2026 01:50:38,-142.822044481223,-35.3889547478874,0,26,26,26,11,-35.3889547478874
01-Aug-2026 01:50:40,-143.793926651754,-36.3608369184188,0,26,26,26,12,-36.3608369184188
01-Aug-2026 01:50:42,-144.287817072395,-36.8547273390595,0,26,26,26,12,-36.8547273390595
01-Aug-2026 01:50:44,-144.655899684643,-37.2228099513074,0,26,26,26,12,-37.2228099513074
01-Aug-2026 01:50:46,-144.075943330942,-36.6428535976066,0,25,25,25,12,-36.6428535976066
01-Aug-2026 01:50:48,-143.987572324737,-36.5544825914021,0,24,24,24,12,-36.5544825914021
01-Aug-2026 01:50:50,-144.867870488262,-37.4347807549269,0,24,24,24,13,-37.4347807549269
01-Aug-2026 01:50:52,-144.673652933988,-37.2405632006525,0,25,25,25,13,-37.2405632006525
01-Aug-2026 01:50:54,-146.037633814433,-38.6045440810977,0,25,25,25,14,-38.6045440810977
01-Aug-2026 01:50:56,-146.398528380429,-38.965438647094,0,25,25,25,14,-38.965438647094
01-Aug-2026 01:50:58,-161.192333085327,-53.7592433519914,0,25,25,25,11,-53.7592433519914
01-Aug-2026 01:51:00,-149.536193017382,-42.1031032840467,0,25,25,25,12,-42.1031032840467
01-Aug-2026 01:51:02,-149.3692418091,-41.9361520757649,0,25,25,25,12,-41.9361520757649
01-Aug-2026 01:51:04,-149.529246242081,-42.0961565087458,0,25,25,25,11,-42.0961565087458
01-Aug-2026 01:51:06,-147.345501894386,-39.9124121610508,0,25,25,25,10,-39.9124121610508
01-Aug-2026 01:51:08,-147.61241330356,-40.1793235702249,0,25,25,25,9,-40.1793235702249
01-Aug-2026 01:51:10,-147.176230302024,-39.7431405686887,0,25,25,25,9,-39.7431405686887
01-Aug-2026 01:51:12,-145.923187912878,-38.4900981795425,0,25,25,25,10,-38.4900981795425
01-Aug-2026 01:51:14,-145.460211694364,-38.0271219610287,0,26,26,26,11,-38.0271219610287
01-Aug-2026 01:51:16,-144.973158932964,-37.5400691996287,0,25,25,25,13,-37.5400691996287
01-Aug-2026 01:51:18,-144.751162901604,-37.3180731682693,0,25,25,25,13,-37.3180731682693
01-Aug-2026 01:51:20,-147.530185190363,-40.0970954570277,0,25,25,25,13,-40.0970954570277
01-Aug-2026 01:51:22,-147.427936048137,-39.9948463148021,0,25,25,25,12,-39.9948463148021
01-Aug-2026 01:51:24,-147.683857051452,-40.2507673181173,0,25,25,25,12,-40.2507673181173
01-Aug-2026 01:51:26,-148.232653632254,-40.7995638989191,0,25,25,25,10,-40.7995638989191
01-Aug-2026 01:51:28,-148.4571005225,-41.0240107891653,0,25,25,25,12,-41.0240107891653
01-Aug-2026 01:51:30,-148.195468807976,-40.7623790746408,0,25,25,25,11,-40.7623790746408
01-Aug-2026 01:51:32,-148.637107729732,-41.2040179963968,0,25,25,25,12,-41.2040179963968
01-Aug-2026 01:51:34,-149.056628713121,-41.6235389797858,0,25,25,25,12,-41.6235389797858
01-Aug-2026 01:51:36,-149.135788249117,-41.7026985157819,0,25,25,25,11,-41.7026985157819
01-Aug-2026 01:51:38,-149.649823577863,-42.2167338445275,0,25,25,25,12,-42.2167338445275
01-Aug-2026 01:51:40,-157.021248920699,-49.5881591873636,0,25,25,25,11,-49.5881591873636
01-Aug-2026 01:51:42,-156.913446593385,-49.4803568600495,0,25,25,25,11,-49.4803568600495
01-Aug-2026 01:51:44,-156.776809405902,-49.3437196725666,0,25,25,25,11,-49.3437196725666
01-Aug-2026 01:51:46,-154.057616366102,-46.6245266327671,0,25,25,25,13,-46.6245266327671
01-Aug-2026 01:51:48,-153.651607072966,-46.2185173396304,0,25,25,25,14,-46.2185173396304
01-Aug-2026 01:51:50,-137.909515266241,-30.4764255329059,0,25,25,25,16,-30.4764255329059
01-Aug-2026 01:51:52,-145.36283044231,-37.9297407089746,0,25,25,25,16,-37.9297407089746
01-Aug-2026 01:51:54,-145.223788205522,-37.7906984721871,0,25,25,25,14,-37.7906984721871
01-Aug-2026 01:51:56,-145.643280683677,-38.2101909503423,0,26,26,26,14,-38.2101909503423
01-Aug-2026 01:51:58,-145.627967492392,-38.1948777590572,0,26,26,26,12,-38.1948777590572
01-Aug-2026 01:52:00,-145.961723735617,-38.5286340022822,0,26,26,26,13,-38.5286340022822
01-Aug-2026 01:52:02,-154.290014451922,-46.8569247185873,0,26,26,26,12,-46.8569247185873
01-Aug-2026 01:52:04,-154.32866987318,-46.895580139845,0,26,26,26,13,-46.895580139845
01-Aug-2026 01:52:06,-154.126757945914,-46.6936682125793,0,26,26,26,13,-46.6936682125793
01-Aug-2026 01:52:08,-153.835847897859,-46.4027581645237,0,26,26,26,15,-46.4027581645237
01-Aug-2026 01:52:10,-153.644396096628,-46.2113063632928,0,26,26,26,13,-46.2113063632928
01-Aug-2026 01:52:12,-154.016939912013,-46.5838501786779,0,26,26,26,12,-46.5838501786779
01-Aug-2026 01:52:14,-154.641215836463,-47.2081261031283,0,26,26,26,12,-47.2081261031283
01-Aug-2026 01:52:16,-155.10374485084,-47.6706551175049,0,25,25,25,11,-47.6706551175049
01-Aug-2026 01:52:18,-154.420398474765,-46.9873087414302,0,24,24,24,9,-46.9873087414302
01-Aug-2026 01:52:20,-154.24272645752,-46.8096367241847,0,24,24,24,10,-46.8096367241847
01-Aug-2026 01:52:22,-159.586371776841,-52.1532820435063,0,24,24,24,8,-52.1532820435063
01-Aug-2026 01:52:24,-160.080593291329,-52.647503557994,0,25,25,25,9,-52.647503557994
01-Aug-2026 01:52:26,-160.538945273955,-53.1058555406199,0,25,25,25,8,-53.1058555406199
01-Aug-2026 01:52:28,-160.689615813418,-53.2565260800825,0,25,25,25,8,-53.2565260800825
01-Aug-2026 01:52:30,-160.57672213162,-53.1436323982852,0,25,25,25,8,-53.1436323982852
01-Aug-2026 01:52:32,-160.485034776068,-53.0519450427324,0,25,25,25,11,-53.0519450427324
01-Aug-2026 01:52:34,-160.698328519224,-53.2652387858886,0,25,25,25,9,-53.2652387858886
01-Aug-2026 01:52:36,-143.431425659394,-35.9983359260591,0,25,25,25,11,-35.9983359260591
01-Aug-2026 01:52:38,-143.445594556456,-36.0125048231211,0,25,25,25,11,-36.0125048231211
01-Aug-2026 01:52:40,-143.712919320577,-36.2798295872423,0,25,25,25,11,-36.2798295872423
01-Aug-2026 01:52:42,-143.524680752932,-36.0915910195966,0,25,25,25,10,-36.0915910195966
01-Aug-2026 01:52:44,-141.849493588369,-34.4164038550335,0,25,25,25,10,-34.4164038550335
01-Aug-2026 01:52:46,-142.111991468435,-34.6789017351001,0,26,26,26,11,-34.6789017351001
01-Aug-2026 01:52:48,-141.912182193974,-34.4790924606383,0,26,26,26,11,-34.4790924606383
01-Aug-2026 01:52:50,-148.086924179189,-40.6538344458542,0,24,24,24,12,-40.6538344458542
01-Aug-2026 01:52:52,-144.547074816543,-37.113985083208,0,24,24,24,14,-37.113985083208
01-Aug-2026 01:52:54,-141.370688784078,-33.9375990507432,0,24,24,24,14,-33.9375990507432
01-Aug-2026 01:52:56,-141.519127988088,-34.0860382547525,0,25,25,25,14,-34.0860382547525
01-Aug-2026 01:52:58,-141.652994536839,-34.2199048035034,0,25,25,25,14,-34.2199048035034
01-Aug-2026 01:53:00,-138.123876344394,-30.6907866110585,0,25,25,25,15,-30.6907866110585
01-Aug-2026 01:53:02,-138.041778057707,-30.608688324372,0,25,25,25,15,-30.608688324372
01-Aug-2026 01:53:04,-137.737148621996,-30.3040588886608,0,25,25,25,16,-30.3040588886608
01-Aug-2026 01:53:06,-137.319535282374,-29.8864455490387,0,25,25,25,15,-29.8864455490387
01-Aug-2026 01:53:08,-137.748119837914,-30.3150301045789,0,25,25,25,15,-30.3150301045789
01-Aug-2026 01:53:10,-136.820950634922,-29.3878609015871,0,25,25,25,15,-29.3878609015871
01-Aug-2026 01:53:12,-136.28548566864,-28.8523959353053,0,25,25,25,15,-28.8523959353053
01-Aug-2026 01:53:14,-135.904393136607,-28.4713034032721,0,25,25,25,15,-28.4713034032721
01-Aug-2026 01:53:16,-135.070988020827,-27.6378982874917,0,25,25,25,14,-27.6378982874917
01-Aug-2026 01:53:18,-135.358026471675,-27.9249367383395,0,25,25,25,14,-27.9249367383395
01-Aug-2026 01:53:20,-134.893249828355,-27.4601600950195,0,25,25,25,14,-27.4601600950195
01-Aug-2026 01:53:22,-134.439384158659,-27.0062944253242,0,25,25,25,13,-27.0062944253242
01-Aug-2026 01:53:24,-134.127390470988,-26.6943007376529,0,25,25,25,13,-26.6943007376529
01-Aug-2026 01:53:26,-133.621398743887,-26.1883090105522,0,25,25,25,13,-26.1883090105522
01-Aug-2026 01:53:28,-133.779750112601,-26.346660379266,0,25,25,25,13,-26.346660379266
01-Aug-2026 01:53:30,-133.472356585598,-26.0392668522628,0,25,25,25,14,-26.0392668522628
01-Aug-2026 01:53:32,-133.723254256308,-26.2901645229729,0,25,25,25,15,-26.2901645229729
01-Aug-2026 01:53:34,-133.375586407862,-25.9424966745267,0,25,25,25,14,-25.9424966745267
01-Aug-2026 01:53:36,-133.872540429461,-26.4394506961261,0,25,25,25,14,-26.4394506961261
01-Aug-2026 01:53:38,-134.488876038492,-27.0557863051571,0,25,25,25,15,-27.0557863051571
01-Aug-2026 01:53:40,-134.652860212279,-27.2197704789434,0,25,25,25,13,-27.2197704789434
01-Aug-2026 01:53:42,-134.327277596234,-26.8941878628984,0,25,25,25,13,-26.8941878628984
01-Aug-2026 01:53:44,-133.868438627672,-26.4353488943371,0,26,26,26,15,-26.4353488943371
01-Aug-2026 01:53:46,-133.917661811208,-26.4845720778729,0,26,26,26,15,-26.4845720778729
01-Aug-2026 01:53:48,-134.167715383271,-26.7346256499356,0,25,25,25,13,-26.7346256499356
01-Aug-2026 01:53:50,-126.251137159629,-18.8180474262933,0,25,25,25,14,-18.8180474262933
01-Aug-2026 01:53:52,-126.696589125614,-19.2634993922788,0,25,25,25,13,-19.2634993922788
01-Aug-2026 01:53:54,-128.020413067456,-20.5873233341208,0,24,24,24,13,-20.5873233341208
01-Aug-2026 01:53:56,-128.988985824552,-21.5558960912173,0,24,24,24,13,-21.5558960912173
01-Aug-2026 01:53:58,-129.529283909624,-22.0961941762891,0,24,24,24,12,-22.0961941762891
01-Aug-2026 01:54:00,-129.710721373329,-22.2776316399936,0,24,24,24,13,-22.2776316399936
01-Aug-2026 01:54:02,-130.275241451111,-22.8421517177762,0,24,24,24,14,-22.8421517177762
01-Aug-2026 01:54:04,-130.688494219601,-23.2554044862659,0,24,24,24,13,-23.2554044862659
01-Aug-2026 01:54:06,-131.550930173885,-24.1178404405496,0,25,25,25,14,-24.1178404405496
01-Aug-2026 01:54:08,-131.852498457508,-24.4194087241728,0,25,25,25,14,-24.4194087241728
01-Aug-2026 01:54:10,-132.711077672301,-25.2779879389655,0,25,25,25,15,-25.2779879389655
01-Aug-2026 01:54:12,-133.039184432723,-25.606094699388,0,25,25,25,15,-25.606094699388
01-Aug-2026 01:54:14,-133.642757733106,-26.2096679997707,0,25,25,25,16,-26.2096679997707
01-Aug-2026 01:54:16,-133.818201504687,-26.3851117713519,0,25,25,25,14,-26.3851117713519
01-Aug-2026 01:54:18,-134.755538027437,-27.3224482941014,0,25,25,25,14,-27.3224482941014
01-Aug-2026 01:54:20,-134.876038085617,-27.4429483522816,0,26,26,26,15,-27.4429483522816
01-Aug-2026 01:54:22,-135.179239504563,-27.7461497712281,0,26,26,26,15,-27.7461497712281
01-Aug-2026 01:54:24,-135.254331013111,-27.8212412797763,0,26,26,26,17,-27.8212412797763
01-Aug-2026 01:54:26,-135.836336467784,-28.4032467344491,0,26,26,26,16,-28.4032467344491
01-Aug-2026 01:54:28,-136.387323752675,-28.9542340193397,0,26,26,26,15,-28.9542340193397
01-Aug-2026 01:54:30,-136.564547042868,-29.1314573095333,0,26,26,26,15,-29.1314573095333
01-Aug-2026 01:54:32,-136.794643819288,-29.3615540859531,0,26,26,26,15,-29.3615540859531
01-Aug-2026 01:54:34,-137.277303112613,-29.8442133792777,0,25,25,25,14,-29.8442133792777
01-Aug-2026 01:54:36,-137.132178085999,-29.6990883526642,0,25,25,25,16,-29.6990883526642
01-Aug-2026 01:54:38,-137.647548898369,-30.2144591650341,0,25,25,25,16,-30.2144591650341
01-Aug-2026 01:54:40,-138.248964822333,-30.815875088998,0,24,24,24,16,-30.815875088998
01-Aug-2026 01:54:42,-138.428435176448,-30.9953454431133,0,25,25,25,16,-30.9953454431133
01-Aug-2026 01:54:44,-138.488075469557,-31.0549857362214,0,25,25,25,15,-31.0549857362214
01-Aug-2026 01:54:46,-142.66963558132,-35.2365458479852,0,25,25,25,14,-35.2365458479852
01-Aug-2026 01:54:48,-143.236940166316,-35.8038504329809,0,25,25,25,13,-35.8038504329809
01-Aug-2026 01:54:50,-143.368532931351,-35.9354431980156,0,25,25,25,13,-35.9354431980156
01-Aug-2026 01:54:52,-143.472565213996,-36.0394754806608,0,25,25,25,14,-36.0394754806608
01-Aug-2026 01:54:54,-143.69081391859,-36.2577241852549,0,25,25,25,15,-36.2577241852549
01-Aug-2026 01:54:56,-143.188613932972,-35.7555241996366,0,25,25,25,15,-35.7555241996366
01-Aug-2026 01:54:58,-142.948213880227,-35.5151241468915,0,25,25,25,14,-35.5151241468915
01-Aug-2026 01:55:00,-142.848938655478,-35.4158489221427,0,26,26,26,16,-35.4158489221427
01-Aug-2026 01:55:02,-143.253108158503,-35.8200184251675,0,26,26,26,16,-35.8200184251675
01-Aug-2026 01:55:04,-143.586922911874,-36.1538331785385,0,25,25,25,16,-36.1538331785385
01-Aug-2026 01:55:06,-143.943944683884,-36.5108549505492,0,25,25,25,18,-36.5108549505492
01-Aug-2026 01:55:08,-143.918786353394,-36.4856966200589,0,25,25,25,17,-36.4856966200589
01-Aug-2026 01:55:10,-143.888760958052,-36.4556712247168,0,25,25,25,15,-36.4556712247168
01-Aug-2026 01:55:12,-143.784350351239,-36.3512606179033,0,25,25,25,14,-36.3512606179033
01-Aug-2026 01:55:14,-144.081994625571,-36.6489048922363,0,25,25,25,14,-36.6489048922363
01-Aug-2026 01:55:16,-144.366870330104,-36.9337805967686,0,25,25,25,13,-36.9337805967686
01-Aug-2026 01:55:18,-144.794484962603,-37.3613952292675,0,25,25,25,12,-37.3613952292675
01-Aug-2026 01:55:20,-145.071880516215,-37.6387907828801,0,25,25,25,13,-37.6387907828801
01-Aug-2026 01:55:22,-144.948245394754,-37.5151556614185,0,25,25,25,14,-37.5151556614185
01-Aug-2026 01:55:24,-146.842526971798,-39.4094372384632,0,25,25,25,14,-39.4094372384632
01-Aug-2026 01:55:26,-147.419271855209,-39.9861821218743,0,25,25,25,12,-39.9861821218743
01-Aug-2026 01:55:28,-147.408659429959,-39.9755696966241,0,25,25,25,13,-39.9755696966241
01-Aug-2026 01:55:30,-147.356489295736,-39.9233995624011,0,25,25,25,12,-39.9233995624011
01-Aug-2026 01:55:32,-147.330828046476,-39.897738313141,0,25,25,25,14,-39.897738313141
01-Aug-2026 01:55:34,-147.517647754297,-40.0845580209617,0,25,25,25,14,-40.0845580209617
01-Aug-2026 01:55:36,-147.631281556148,-40.1981918228132,0,25,25,25,14,-40.1981918228132
01-Aug-2026 01:55:38,-147.497753497562,-40.0646637642265,0,25,25,25,14,-40.0646637642265
01-Aug-2026 01:55:40,-148.470916486026,-41.0378267526904,0,25,25,25,14,-41.0378267526904
01-Aug-2026 01:55:42,-148.893508823531,-41.4604190901959,0,25,25,25,14,-41.4604190901959
01-Aug-2026 01:55:44,-148.473068763313,-41.0399790299776,0,26,26,26,16,-41.0399790299776
01-Aug-2026 01:55:46,-148.656425800695,-41.2233360673597,0,26,26,26,17,-41.2233360673597
01-Aug-2026 01:55:48,-149.03546675983,-41.6023770264948,0,26,26,26,19,-41.6023770264948
01-Aug-2026 01:55:50,-148.960841417317,-41.5277516839815,0,26,26,26,19,-41.5277516839815
01-Aug-2026 01:55:52,-148.714602404366,-41.2815126710304,0,26,26,26,18,-41.2815126710304
01-Aug-2026 01:55:54,-148.393450769209,-40.9603610358741,0,26,26,26,18,-40.9603610358741
01-Aug-2026 01:55:56,-148.47418732462,-41.0410975912844,0,26,26,26,17,-41.0410975912844
01-Aug-2026 01:55:58,-148.167679784525,-40.7345900511895,0,26,26,26,16,-40.7345900511895
01-Aug-2026 01:56:00,-146.835458681824,-39.4023689484889,0,26,26,26,14,-39.4023689484889
01-Aug-2026 01:56:02,-145.015544402791,-37.5824546694554,0,26,26,26,13,-37.5824546694554
01-Aug-2026 01:56:04,-142.305361989734,-34.8722722563987,0,26,26,26,11,-34.8722722563987
01-Aug-2026 01:56:06,-138.403424099277,-30.9703343659415,0,26,26,26,11,-30.9703343659415
01-Aug-2026 01:56:08,-134.156987297332,-26.7238975639969,0,26,26,26,11,-26.7238975639969
01-Aug-2026 01:56:10,-129.502222960669,-22.0691332273341,0,25,25,25,10,-22.0691332273341
01-Aug-2026 01:56:12,-123.863072857627,-16.4299831242922,0,26,26,26,11,-16.4299831242922
01-Aug-2026 01:56:14,-149.130813325657,-41.6977235923218,0,25,25,25,10,-41.6977235923218
01-Aug-2026 01:56:16,-138.306399512176,-30.8733097788408,0,25,25,25,12,-30.8733097788408
01-Aug-2026 01:56:18,-138.388625425086,-30.9555356917506,0,25,25,25,14,-30.9555356917506
01-Aug-2026 01:56:20,-139.273934433676,-31.8408447003412,0,25,25,25,15,-31.8408447003412
01-Aug-2026 01:56:22,-139.589910556045,-32.1568208227094,0,25,25,25,15,-32.1568208227094
01-Aug-2026 01:56:24,-140.052559984382,-32.6194702510467,0,25,25,25,16,-32.6194702510467
01-Aug-2026 01:56:26,-140.235103121755,-32.8020133884196,0,25,25,25,17,-32.8020133884196
01-Aug-2026 01:56:28,-129.681477874458,-22.2483881411223,0,25,25,25,17,-22.2483881411223
01-Aug-2026 01:56:30,-132.530240141552,-25.0971504082168,0,25,25,25,16,-25.0971504082168
01-Aug-2026 01:56:32,-128.616506586181,-21.1834168528459,0,25,25,25,16,-21.1834168528459
01-Aug-2026 01:56:34,-129.643170133922,-22.2100804005871,0,25,25,25,14,-22.2100804005871
01-Aug-2026 01:56:36,-128.963503368896,-21.5304136355605,0,26,26,26,16,-21.5304136355605
01-Aug-2026 01:56:38,-128.990948573057,-21.5578588397217,0,26,26,26,15,-21.5578588397217
01-Aug-2026 01:56:40,-134.851717202889,-27.4186274695541,0,26,26,26,14,-27.4186274695541
01-Aug-2026 01:56:42,-134.765914945294,-27.3328252119588,0,24,24,24,14,-27.3328252119588
01-Aug-2026 01:56:44,-134.82985581673,-27.3967660833945,0,25,25,25,14,-27.3967660833945
01-Aug-2026 01:56:46,-135.139276751462,-27.7061870181264,0,25,25,25,13,-27.7061870181264
01-Aug-2026 01:56:48,-134.99690624597,-27.5638165126353,0,25,25,25,13,-27.5638165126353
01-Aug-2026 01:56:50,-135.327196794792,-27.8941070614573,0,25,25,25,12,-27.8941070614573
01-Aug-2026 01:56:52,-136.354459164691,-28.9213694313554,0,25,25,25,13,-28.9213694313554
01-Aug-2026 01:56:54,-136.816855737078,-29.3837660037432,0,25,25,25,12,-29.3837660037432
01-Aug-2026 01:56:56,-136.863561343339,-29.4304716100043,0,25,25,25,14,-29.4304716100043
01-Aug-2026 01:56:58,-137.398545659188,-29.9654559258527,0,25,25,25,13,-29.9654559258527
01-Aug-2026 01:57:00,-137.089933247866,-29.6568435145313,0,25,25,25,13,-29.6568435145313
01-Aug-2026 01:57:02,-137.354738045624,-29.921648312289,0,25,25,25,14,-29.921648312289
01-Aug-2026 01:57:04,-137.439980209349,-30.0068904760142,0,25,25,25,14,-30.0068904760142
01-Aug-2026 01:57:06,-138.186527001434,-30.7534372680984,0,24,24,24,13,-30.7534372680984
01-Aug-2026 01:57:08,-139.303908278127,-31.8708185447922,0,24,24,24,12,-31.8708185447922
01-Aug-2026 01:57:10,-139.990816426418,-32.5577266930829,0,25,25,25,12,-32.5577266930829
01-Aug-2026 01:57:12,-140.378878165195,-32.9457884318602,0,25,25,25,12,-32.9457884318602
01-Aug-2026 01:57:14,-140.381448619049,-32.9483588857137,0,25,25,25,11,-32.9483588857137
01-Aug-2026 01:57:16,-139.744515851419,-32.3114261180835,0,25,25,25,12,-32.3114261180835
01-Aug-2026 01:57:18,-139.775724369673,-32.3426346363383,0,26,26,26,14,-32.3426346363383
01-Aug-2026 01:57:20,-139.456962885139,-32.0238731518043,0,26,26,26,15,-32.0238731518043
01-Aug-2026 01:57:22,-139.127866438223,-31.6947767048878,0,26,26,26,14,-31.6947767048878
01-Aug-2026 01:57:24,-139.294827060617,-31.8617373272816,0,26,26,26,13,-31.8617373272816
01-Aug-2026 01:57:26,-153.230399458596,-45.7973097252605,0,26,26,26,12,-45.7973097252605
01-Aug-2026 01:57:28,-153.294869937582,-45.8617802042464,0,26,26,26,15,-45.8617802042464
01-Aug-2026 01:57:30,-153.345564027373,-45.9124742940382,0,26,26,26,15,-45.9124742940382
01-Aug-2026 01:57:32,-150.673480636981,-43.2403909036457,0,25,25,25,14,-43.2403909036457
01-Aug-2026 01:57:34,-149.980811880398,-42.5477221470627,0,25,25,25,16,-42.5477221470627
01-Aug-2026 01:57:36,-149.662129441298,-42.2290397079629,0,25,25,25,16,-42.2290397079629
01-Aug-2026 01:57:38,-151.544593664578,-44.1115039312425,0,25,25,25,16,-44.1115039312425
01-Aug-2026 01:57:40,-159.612296750737,-52.1792070174016,0,24,24,24,13,-52.1792070174016
01-Aug-2026 01:57:42,-159.868747406584,-52.4356576732492,0,24,24,24,12,-52.4356576732492
01-Aug-2026 01:57:44,-159.594437462334,-52.1613477289985,0,24,24,24,12,-52.1613477289985
01-Aug-2026 01:57:46,-153.712779293975,-46.2796895606394,0,24,24,24,13,-46.2796895606394
01-Aug-2026 01:57:48,-153.403908420341,-45.9708186870058,0,24,24,24,13,-45.9708186870058
01-Aug-2026 01:57:50,-153.900832569173,-46.4677428358379,0,24,24,24,13,-46.4677428358379
01-Aug-2026 01:57:52,-153.658526779282,-46.2254370459471,0,24,24,24,13,-46.2254370459471
01-Aug-2026 01:57:54,-153.306231052253,-45.8731413189177,0,24,24,24,13,-45.8731413189177
01-Aug-2026 01:57:56,-153.093484278341,-45.6603945450055,0,25,25,25,11,-45.6603945450055
01-Aug-2026 01:57:58,-152.751179378463,-45.3180896451279,0,25,25,25,11,-45.3180896451279
01-Aug-2026 01:58:00,-153.014208796503,-45.5811190631683,0,25,25,25,11,-45.5811190631683
01-Aug-2026 01:58:02,-153.142801758184,-45.7097120248492,0,25,25,25,13,-45.7097120248492
01-Aug-2026 01:58:04,-153.250162565283,-45.8170728319482,0,25,25,25,12,-45.8170728319482
01-Aug-2026 01:58:06,-152.784318117848,-45.3512283845124,0,25,25,25,13,-45.3512283845124
01-Aug-2026 01:58:08,-148.529277530609,-41.0961877972741,0,25,25,25,14,-41.0961877972741
01-Aug-2026 01:58:10,-151.142231175381,-43.7091414420456,0,25,25,25,14,-43.7091414420456
01-Aug-2026 01:58:12,-153.03110740502,-45.5980176716849,0,26,26,26,12,-45.5980176716849
01-Aug-2026 01:58:14,-150.735437876104,-43.3023481427689,0,26,26,26,11,-43.3023481427689
01-Aug-2026 01:58:16,-150.573463910966,-43.1403741776309,0,26,26,26,11,-43.1403741776309
01-Aug-2026 01:58:18,-150.455415027308,-43.0223252939728,0,26,26,26,11,-43.0223252939728
01-Aug-2026 01:58:20,-150.43310223752,-43.0000125041853,0,26,26,26,12,-43.0000125041853
01-Aug-2026 01:58:22,-149.542426104412,-42.1093363710771,0,25,25,25,11,-42.1093363710771
01-Aug-2026 01:58:24,-149.924160630391,-42.4910708970561,0,25,25,25,10,-42.4910708970561
01-Aug-2026 01:58:26,-149.709548435822,-42.2764587024872,0,25,25,25,10,-42.2764587024872
01-Aug-2026 01:58:28,-149.953965042001,-42.5208753086658,0,25,25,25,10,-42.5208753086658
01-Aug-2026 01:58:30,-149.837587362381,-42.4044976290456,0,25,25,25,12,-42.4044976290456
01-Aug-2026 01:58:32,-149.864763337516,-42.4316736041812,0,25,25,25,13,-42.4316736041812
01-Aug-2026 01:58:34,-150.094491120172,-42.6614013868372,0,25,25,25,14,-42.6614013868372
01-Aug-2026 01:58:36,-149.111101318337,-41.6780115850014,0,25,25,25,13,-41.6780115850014
01-Aug-2026 01:58:38,-150.378215579827,-42.9451258464915,0,25,25,25,13,-42.9451258464915
01-Aug-2026 01:58:40,-148.200857985528,-40.7677682521925,0,25,25,25,13,-40.7677682521925
01-Aug-2026 01:58:42,-148.309920490978,-40.8768307576427,0,25,25,25,11,-40.8768307576427
01-Aug-2026 01:58:44,-148.058458138557,-40.6253684052217,0,25,25,25,10,-40.6253684052217
01-Aug-2026 01:58:46,-147.644719842128,-40.2116301087928,0,25,25,25,12,-40.2116301087928
01-Aug-2026 01:58:48,-146.944472810017,-39.5113830766816,0,25,25,25,13,-39.5113830766816
01-Aug-2026 01:58:50,-147.268844254131,-39.8357545207956,0,26,26,26,12,-39.8357545207956
01-Aug-2026 01:58:52,-148.237336680243,-40.8042469469074,0,25,25,25,11,-40.8042469469074
01-Aug-2026 01:58:54,-148.258433049537,-40.8253433162015,0,25,25,25,11,-40.8253433162015
01-Aug-2026 01:58:56,-148.256264200618,-40.8231744672824,0,25,25,25,11,-40.8231744672824
01-Aug-2026 01:58:58,-147.811334542725,-40.3782448093898,0,25,25,25,11,-40.3782448093898
01-Aug-2026 01:59:00,-147.423438114536,-39.9903483812005,0,25,25,25,11,-39.9903483812005
01-Aug-2026 01:59:02,-146.978496620949,-39.5454068876134,0,25,25,25,11,-39.5454068876134
01-Aug-2026 01:59:04,-146.900125363221,-39.4670356298863,0,25,25,25,11,-39.4670356298863
01-Aug-2026 01:59:06,-147.312951295016,-39.8798615616803,0,25,25,25,11,-39.8798615616803
01-Aug-2026 01:59:08,-146.958041215413,-39.5249514820774,0,25,25,25,11,-39.5249514820774
01-Aug-2026 01:59:10,-145.122638066381,-37.6895483330457,0,25,25,25,12,-37.6895483330457
01-Aug-2026 01:59:12,-144.793109436034,-37.3600197026992,0,25,25,25,13,-37.3600197026992
01-Aug-2026 01:59:14,-144.561304598047,-37.1282148647119,0,25,25,25,12,-37.1282148647119
01-Aug-2026 01:59:16,-144.841045488282,-37.4079557549466,0,25,25,25,12,-37.4079557549466
01-Aug-2026 01:59:18,-145.308541265336,-37.8754515320005,0,25,25,25,12,-37.8754515320005
01-Aug-2026 01:59:20,-145.00276684002,-37.569677106685,0,25,25,25,14,-37.569677106685
01-Aug-2026 01:59:22,-145.377220444612,-37.9441307112772,0,25,25,25,13,-37.9441307112772
01-Aug-2026 01:59:24,-144.97166630595,-37.5385765726153,0,25,25,25,12,-37.5385765726153
01-Aug-2026 01:59:26,-144.83972462075,-37.4066348874147,0,25,25,25,10,-37.4066348874147
01-Aug-2026 01:59:28,-146.70078958008,-39.2676998467451,0,25,25,25,8,-39.2676998467451
01-Aug-2026 01:59:30,-146.945178163533,-39.5120884301975,0,25,25,25,8,-39.5120884301975
01-Aug-2026 01:59:32,-147.489219814783,-40.0561300814477,0,25,25,25,7,-40.0561300814477
01-Aug-2026 01:59:34,-146.961945170181,-39.5288554368461,0,26,26,26,9,-39.5288554368461
01-Aug-2026 01:59:36,-146.839896901338,-39.4068071680028,0,26,26,26,10,-39.4068071680028
01-Aug-2026 01:59:38,-146.893960226363,-39.4608704930274,0,26,26,26,11,-39.4608704930274
01-Aug-2026 01:59:40,-150.098477749388,-42.6653880160525,0,26,26,26,11,-42.6653880160525
01-Aug-2026 01:59:42,-150.110837372607,-42.6777476392722,0,26,26,26,10,-42.6777476392722
01-Aug-2026 01:59:44,-149.989809785323,-42.5567200519882,0,26,26,26,9,-42.5567200519882
01-Aug-2026 01:59:46,-149.852336110308,-42.4192463769725,0,26,26,26,9,-42.4192463769725
01-Aug-2026 01:59:48,-149.266991675641,-41.8339019423061,0,26,26,26,9,-41.8339019423061
01-Aug-2026 01:59:50,-150.371882090764,-42.938792357429,0,26,26,26,8,-42.938792357429
01-Aug-2026 01:59:52,-150.026698454002,-42.5936087206665,0,26,26,26,6,-42.5936087206665
01-Aug-2026 01:59:54,-150.253923984993,-42.8208342516578,0,26,26,26,5,-42.8208342516578
01-Aug-2026 01:59:56,-149.502341798225,-42.0692520648899,0,26,26,26,8,-42.0692520648899
01-Aug-2026 01:59:58,-149.621604555772,-42.1885148224373,0,26,26,26,10,-42.1885148224373
01-Aug-2026 02:00:00,-149.623864991113,-42.1907752577782,0,27,27,27,11,-42.1907752577782
