OuterAngleDeg,InnerAngleDeg,WorstExceedancePercent,RobustExceedancePercent,MedianExceedancePercent,MaximumIOverNDb,P95IOverNDb,PracticalPercentileIOverNDb,RobustAvailabilityPercent,RetaskDutyPercent,ShutdownDutyPercent,Feasible,PracticalFeasible,Score,SearchStage
0,0,1.91613440710914,1.91613440710914,1.31907803387948,21.215325942041,-13.1332437554338,12.5573068034702,98.0838655928909,0,0,0,0,0,coarse
0.5,0,1.91613440710914,1.91613440710914,1.31907803387948,21.215325942041,-13.1332437554338,12.5573068034702,98.0838655928909,0.0112556841204808,0,0,0,0.5,coarse
0.5,0.5,1.91613440710914,1.91613440710914,1.3051930019439,21.215325942041,-13.1332437554338,12.5573068034702,98.0838655928909,0,0.0112556841204808,0,0,1,coarse
1,0,1.91613440710914,1.91613440710914,1.31907803387948,21.215325942041,-13.1332437554338,12.5573068034702,98.0838655928909,0.0445087348392122,0,0,0,1,coarse
1,0.5,1.91613440710914,1.91613440710914,1.3051930019439,21.215325942041,-13.1332437554338,12.5573068034702,98.0838655928909,0.0333815511294091,0.0112556841204808,0,0,1.5,coarse
1,1,1.8328242154957,1.8328242154957,1.29130797000833,21.215325942041,-13.477470149197,12.5573068034702,98.1671757845043,0,0.0445087348392122,0,0,2,coarse
2,0,1.91613440710914,1.91613440710914,1.31907803387948,21.215325942041,-13.1332437554338,12.5573068034702,98.0838655928909,0.222543674196061,0,0,0,2,coarse
2,0.5,1.91613440710914,1.91613440710914,1.3051930019439,21.215325942041,-13.1332437554338,12.5573068034702,98.0838655928909,0.211416490486258,0.0112556841204808,0,0,2.5,coarse
2,1,1.8328242154957,1.8328242154957,1.29130797000833,21.215325942041,-13.477470149197,12.5573068034702,98.1671757845043,0.178034939356849,0.0445087348392122,0,0,3,coarse
2,2,1.55512357678423,1.55512357678423,1.19411274645932,21.215325942041,-14.5029055927622,12.5573068034702,98.4448764232158,0,0.222543674196061,0,0,4,coarse
3,0,1.91613440710914,1.91613440710914,1.31907803387948,21.215325942041,-13.1332437554338,12.5573068034702,98.0838655928909,0.369422499165461,0,0,0,3,coarse
3,0.5,1.91613440710914,1.91613440710914,1.3051930019439,21.215325942041,-13.1332437554338,12.5573068034702,98.0838655928909,0.358295315455658,0.0112556841204808,0,0,3.5,coarse
3,1,1.8328242154957,1.8328242154957,1.29130797000833,21.215325942041,-13.477470149197,12.5573068034702,98.1671757845043,0.324913764326249,0.0445087348392122,0,0,4,coarse
3,2,1.55512357678423,1.55512357678423,1.19411274645932,21.215325942041,-14.5029055927622,12.5573068034702,98.4448764232158,0.1468788249694,0.222543674196061,0,0,5,coarse
3,3,1.55512357678423,1.55512357678423,1.16634268258817,21.215325942041,-15.2200208829609,12.5573068034702,98.4448764232158,0,0.369422499165461,0,0,6,coarse
5,0,1.91613440710914,1.91613440710914,1.31907803387948,21.215325942041,-13.1332437554338,12.5573068034702,98.0838655928909,0.727717814621119,0,0,0,5,coarse
5,0.5,1.91613440710914,1.91613440710914,1.3051930019439,21.215325942041,-13.1332437554338,12.5573068034702,98.0838655928909,0.716590630911316,0.0112556841204808,0,0,5.5,coarse
5,1,1.8328242154957,1.8328242154957,1.29130797000833,21.215325942041,-13.477470149197,12.5573068034702,98.1671757845043,0.683209079781907,0.0445087348392122,0,0,6,coarse
5,2,1.55512357678423,1.55512357678423,1.19411274645932,21.215325942041,-14.5029055927622,12.5573068034702,98.4448764232158,0.567286479672234,0.222543674196061,0,0,7,coarse
5,3,1.55512357678423,1.55512357678423,1.16634268258817,21.215325942041,-15.2200208829609,12.5573068034702,98.4448764232158,0.432218270226464,0.369422499165461,0,0,8,coarse
5,5,1.47181338517079,1.47181338517079,1.16634268258817,21.215325942041,-16.1269640329815,12.5573068034702,98.5281866148292,0,0.727717814621119,0,0,10,coarse
10,0,1.91613440710914,1.91613440710914,1.31907803387948,21.215325942041,-13.1332437554338,12.5573068034702,98.0838655928909,2.879203998019,0,0,0,10,coarse
10,0.5,1.91613440710914,1.91613440710914,1.3051930019439,21.215325942041,-13.1332437554338,12.5573068034702,98.0838655928909,2.86794831389852,0.0112556841204808,0,0,10.5,coarse
10,1,1.8328242154957,1.8328242154957,1.29130797000833,21.215325942041,-13.477470149197,12.5573068034702,98.1671757845043,2.83868353518527,0.0445087348392122,0,0,11,coarse
10,2,1.55512357678423,1.55512357678423,1.19411274645932,21.215325942041,-14.5029055927622,12.5573068034702,98.4448764232158,2.75088919904552,0.222543674196061,0,0,12,coarse
10,3,1.55512357678423,1.55512357678423,1.16634268258817,21.215325942041,-15.2200208829609,12.5573068034702,98.4448764232158,2.61582098959975,0.369422499165461,0,0,13,coarse
10,5,1.47181338517079,1.47181338517079,1.16634268258817,21.215325942041,-16.1269640329815,12.5573068034702,98.5281866148292,2.19925808161102,0.727717814621119,0,0,15,coarse
10,10,1.47181338517079,1.47181338517079,1.0969175229103,21.215325942041,-18.9510969858602,12.5573068034702,98.5281866148292,0,2.879203998019,0,0,20,coarse
15,0,1.91613440710914,1.91613440710914,1.27742293807276,21.215325942041,-13.2006554434672,12.5573068034702,98.0838655928909,6.58673379261615,0,0,0,15,coarse
15,0.5,1.91613440710914,1.91613440710914,1.24965287420161,21.215325942041,-13.2006554434672,12.5573068034702,98.0838655928909,6.58673379261615,0.0112556841204808,0,0,15.5,coarse
15,1,1.8328242154957,1.8328242154957,1.23576784226604,21.215325942041,-13.5344978825134,12.5573068034702,98.1671757845043,6.56906906906907,0.0445087348392122,0,0,16,coarse
15,2,1.55512357678423,1.55512357678423,1.13857261871702,21.215325942041,-14.7135693447554,12.5573068034702,98.4448764232158,6.50282635576753,0.222543674196061,0,0,17,coarse
15,3,1.55512357678423,1.55512357678423,1.11080255484588,21.215325942041,-15.25871357935,12.5573068034702,98.4448764232158,6.41229464758876,0.369422499165461,0,0,18,coarse
15,5,1.47181338517079,1.47181338517079,1.11080255484588,21.215325942041,-16.2088631973488,12.5573068034702,98.5281866148292,6.01483836777954,0.727717814621119,0,0,20,coarse
15,10,1.47181338517079,1.47181338517079,1.04137739516801,21.215325942041,-18.9510969858602,12.5573068034702,98.5281866148292,3.81558028616852,2.879203998019,0,0,25,coarse
15,15,1.47181338517079,1.47181338517079,1.01360733129686,21.215325942041,-22.8545893635305,12.5567165969014,98.5281866148292,0,6.58673379261615,0,0,30,coarse
20,0,1.41627325742849,1.41627325742849,0.958067203554568,9.3208750634312,-13.823336336275,6.01337848630367,98.5837267425715,9.82821056350468,0,0,0,20,coarse
20,0.5,1.41627325742849,1.41627325742849,0.916412107747848,9.3208750634312,-13.823336336275,6.01337848630367,98.5837267425715,9.82821056350468,0.0112556841204808,0,0,20.5,coarse
20,1,1.33296306581505,1.33296306581505,0.860871980005554,9.3208750634312,-14.2015377360853,6.01337848630367,98.6670369341849,9.81054583995761,0.0445087348392122,0,0,21,coarse
20,2,1.05526242710358,1.05526242710358,0.735906692585393,9.3208750634312,-15.3832517704517,6.01337848630367,98.9447375728964,9.74430312665607,0.222543674196061,0,0,22,coarse
20,3,1.05526242710358,1.05526242710358,0.708136628714246,9.3208750634312,-15.7209034081511,6.01337848630367,98.9447375728964,9.6537714184773,0.369422499165461,0,0,23,coarse
20,5,0.971952235490142,0.971952235490142,0.708136628714246,9.3208750634312,-16.5932858101176,6.01337848630367,99.0280477645099,9.25631513866808,0.727717814621119,0,0,25,coarse
20,10,0.971952235490142,0.971952235490142,0.638711469036379,9.3208750634312,-19.0376819827025,6.01337848630367,99.0280477645099,7.05705705705706,2.879203998019,0,0,30,coarse
20,15,0.971952235490142,0.971952235490142,0.610941405165232,9.32084581312073,-22.8545893635305,6.01268817812727,99.0280477645099,3.48503393791031,6.58673379261615,0,0,35,coarse
20,20,0.971952235490142,0.971952235490142,0.610941405165232,9.32081257862592,-24.6097440237225,6.01267450535171,99.0280477645099,0,9.82821056350468,0,0,40,coarse
25,0,0.971952235490142,0.971952235490142,0.833101916134407,9.3208750634312,-14.1490030373627,4.66688621912223,99.0280477645099,12.3311449872037,0,0,0,25,coarse
25,0.5,0.971952235490142,0.971952235490142,0.791446820327687,9.3208750634312,-14.4104406473694,4.57778288572078,99.0280477645099,12.3200178034939,0.0112556841204808,0,0,25.5,coarse
25,1,0.888642043876701,0.888642043876701,0.735906692585393,9.3208750634312,-14.7116693010324,4.57778288572078,99.1113579561233,12.2866362523645,0.0445087348392122,0,0,26,coarse
25,2,0.610941405165232,0.610941405165232,0.499861149680644,9.3208750634312,-15.858791681659,4.49158590607127,99.3890585948348,12.1776187952659,0.222543674196061,0,0,27,coarse
25,3,0.610941405165232,0.610941405165232,0.472091085809497,9.3208750634312,-16.2367307244795,4.49158590607127,99.3890585948348,12.0870870870871,0.369422499165461,0,0,28,coarse
25,5,0.555401277422938,0.555401277422938,0.458206053873924,9.3208750634312,-17.3586657734567,4.49158590607127,99.4445987225771,11.6896308072779,0.727717814621119,0,0,30,coarse
25,10,0.527631213551791,0.527631213551791,0.40266592613163,9.3208750634312,-19.3007348671755,4.49158590607127,99.4723687864482,9.73628574607767,2.879203998019,0,0,35,coarse
25,15,0.527631213551791,0.527631213551791,0.374895862260483,9.32084581312073,-22.742994513226,4.49151454276054,99.4723687864482,6.271280738845,6.58673379261615,0,0,40,coarse
25,20,0.527631213551791,0.527631213551791,0.374895862260483,9.32081257862592,-24.6097440237225,4.49135969129512,99.4723687864482,2.78624680093468,9.82821056350468,0,0,45,coarse
25,25,0.527631213551791,0.527631213551791,0.374895862260483,9.32081257862592,-26.3577875132208,4.49135969129512,99.4723687864482,0,12.3311449872037,0,0,50,coarse
30,0,0.694251596778673,0.694251596778673,0.610941405165232,6.42781982891083,-14.495980960459,2.54544257503104,99.3057484032213,15.4868142873039,0,0,0,30,coarse
30,0.5,0.666481532907526,0.666481532907526,0.583171341294085,6.42781982891083,-14.6307468570854,2.27364946670503,99.3335184670925,15.4756871035941,0.0112556841204808,0,0,30.5,coarse
30,1,0.583171341294085,0.583171341294085,0.527631213551791,6.42781982891083,-14.9158208801758,1.395097565184,99.4168286587059,15.4423055524647,0.0445087348392122,0,0,31,coarse
30,2,0.305470702582616,0.305470702582616,0.277700638711469,6.42781982891083,-16.277158798416,1.35340349056841,99.6945292974174,15.2642706131078,0.222543674196061,0,0,32,coarse
30,3,0.305470702582616,0.305470702582616,0.249930574840322,6.42781982891083,-16.6920799429097,1.35340349056841,99.6945292974174,15.1173917881384,0.369422499165461,0,0,33,coarse
30,5,0.249930574840322,0.249930574840322,0.236045542904749,6.42781982891083,-17.8358191398135,1.35340349056841,99.7500694251597,14.7590964726828,0.727717814621119,0,0,35,coarse
30,10,0.249930574840322,0.249930574840322,0.166620383226881,6.42781982891083,-19.7957307276154,1.35340349056841,99.7500694251597,12.8919550461778,2.879203998019,0,0,40,coarse
30,15,0.222160510969175,0.222160510969175,0.152735351291308,6.42781982891083,-23.0377907361038,1.35340349056841,99.7778394890308,9.42695003894514,6.58673379261615,0,0,45,coarse
30,20,0.222160510969175,0.222160510969175,0.152735351291308,6.42781982891083,-24.7744843028871,1.35340349056841,99.7778394890308,5.94191610103483,9.82821056350468,0,0,50,coarse
30,25,0.222160510969175,0.222160510969175,0.152735351291308,6.42737497297816,-26.3577875132208,1.35309305499021,99.7778394890308,3.15566930010014,12.3311449872037,0,0,55,coarse
30,30,0.222160510969175,0.222160510969175,0.152735351291308,6.42737497297816,-28.2582053003749,1.35234961430609,99.7778394890308,0,15.4868142873039,0,0,60,coarse
35,0,0.694251596778673,0.694251596778673,0.499861149680644,6.10004813617158,-14.5359460677849,1.395097565184,99.3057484032213,18.5763810724416,0,0,0,35,coarse
35,0.5,0.638711469036379,0.638711469036379,0.485976117745071,6.10004813617158,-14.641817055676,0.410809993245791,99.3612885309636,18.5651253883211,0.0112556841204808,0,0,35.5,coarse
35,1,0.555401277422938,0.555401277422938,0.430435990002777,6.10004813617158,-14.9483747634443,-2.38463219226693,99.4445987225771,18.5358606096079,0.0445087348392122,0,0,36,coarse
35,2,0.249930574840322,0.249930574840322,0.194390447098028,6.10004813617158,-16.292934302021,-2.85798113802204,99.7500694251597,18.4480662734681,0.222543674196061,0,0,37,coarse
35,3,0.249930574840322,0.249930574840322,0.166620383226881,6.10004813617158,-16.9504291803524,-2.85798113802204,99.7500694251597,18.3129980640223,0.369422499165461,0,0,38,coarse
35,5,0.249930574840322,0.249930574840322,0.124965287420161,6.10004813617158,-18.0661442686934,-2.85798113802204,99.7500694251597,17.8807797937959,0.727717814621119,0,0,40,coarse
35,10,0.249930574840322,0.249930574840322,0.0833101916134407,6.10004813617158,-20.0972084678088,-2.85798113802204,99.7500694251597,15.8918437743407,2.879203998019,0,0,45,coarse
35,15,0.194390447098028,0.194390447098028,0.0833101916134407,6.10004813617158,-23.111243368687,-2.85798113802204,99.805609552902,12.426838767108,6.58673379261615,0,0,50,coarse
35,20,0.194390447098028,0.194390447098028,0.0833101916134407,6.09977654751678,-25.0590572133785,-2.85798113802204,99.805609552902,9.02930980144973,9.82821056350468,0,0,55,coarse
35,25,0.194390447098028,0.194390447098028,0.0833101916134407,6.09975344289585,-26.3772216165673,-2.85808795225874,99.805609552902,6.39097744360902,12.3311449872037,0,0,60,coarse
35,30,0.194390447098028,0.194390447098028,0.0833101916134407,6.09975344289585,-28.2863335847071,-2.85808795225874,99.805609552902,3.34518932060691,15.4868142873039,0,0,65,coarse
35,35,0.194390447098028,0.194390447098028,0.0833101916134407,6.09971937940043,-29.9833357203872,-2.85808795225874,99.805609552902,0,18.5763810724416,0,0,70,coarse
40,0,0.694251596778673,0.694251596778673,0.485976117745071,4.40220987255793,-14.5359460677849,1.395097565184,99.3057484032213,22.8557921750484,0,0,0,40,coarse
40,0.5,0.638711469036379,0.638711469036379,0.472091085809497,3.51999865075844,-14.641817055676,0.410809993245791,99.3612885309636,22.8445364909279,0.0112556841204808,0,0,40.5,coarse
40,1,0.555401277422938,0.555401277422938,0.416550958067204,3.51999865075844,-14.9483747634443,-2.38463219226693,99.4445987225771,22.8152717122147,0.0445087348392122,0,0,41,coarse
40,2,0.222160510969175,0.222160510969175,0.180505415162455,1.94924878210691,-16.292934302021,-3.24764424330847,99.7778394890308,22.7274773760749,0.222543674196061,0,0,42,coarse
40,3,0.222160510969175,0.222160510969175,0.152735351291308,1.94924878210691,-16.9507573678077,-3.24764424330847,99.7778394890308,22.5924091666291,0.369422499165461,0,0,43,coarse
40,5,0.222160510969175,0.222160510969175,0.111080255484588,1.94924878210691,-18.1195611251351,-3.24764424330847,99.7778394890308,22.1601908964027,0.727717814621119,0,0,45,coarse
40,10,0.222160510969175,0.222160510969175,0.0694251596778673,1.94924878210691,-20.1925534208558,-3.24764424330847,99.7778394890308,19.9765881770294,2.879203998019,0,0,50,coarse
40,15,0.166620383226881,0.166620383226881,0.0694251596778673,1.94924878210691,-23.2316504249079,-3.32496890265701,99.8333796167731,16.5143397415695,6.58673379261615,0,0,55,coarse
40,20,0.166620383226881,0.166620383226881,0.0694251596778673,1.94858781456256,-25.0590572133785,-3.32496890265701,99.8333796167731,13.3087209040565,9.82821056350468,0,0,60,coarse
40,25,0.166620383226881,0.166620383226881,0.0694251596778673,1.94852658063945,-26.3772216165673,-3.32591965512032,99.8333796167731,10.6703885462158,12.3311449872037,0,0,65,coarse
40,30,0.166620383226881,0.166620383226881,0.0694251596778673,1.94852658063945,-28.2863335847071,-3.32591965512032,99.8333796167731,7.62460042321372,15.4868142873039,0,0,70,coarse
40,35,0.166620383226881,0.166620383226881,0.0694251596778673,1.94843034194307,-30.3550683740603,-3.32591965512032,99.8333796167731,4.27941110260682,18.5763810724416,0,0,75,coarse
40,40,0.166620383226881,0.166620383226881,0.0694251596778673,1.94843034194307,-32.8096934506243,-3.32619530863178,99.8333796167731,0,22.8557921750484,0,0,80,coarse
45,0,0.694251596778673,0.694251596778673,0.458206053873924,4.40220987255793,-14.6218304219275,1.395097565184,99.3057484032213,28.0041420917563,0,0,0,45,coarse
45,0.5,0.638711469036379,0.638711469036379,0.44432102193835,3.51999865075844,-14.6736874903672,0.410809993245791,99.3612885309636,27.9928864076359,0.0112556841204808,0,0,45.5,coarse
45,1,0.555401277422938,0.555401277422938,0.388780894196057,3.51999865075844,-14.9727624259748,-2.38463219226693,99.4445987225771,27.9636216289226,0.0445087348392122,0,0,46,coarse
45,2,0.194390447098028,0.194390447098028,0.124965287420161,-2.22552985334107,-16.4420138553842,-4.80395408471494,99.805609552902,27.8758272927829,0.222543674196061,0,0,47,coarse
45,3,0.138850319355735,0.138850319355735,0.0971952235490142,-4.14449181845622,-16.9786454051609,-5.5763148629812,99.8611496806443,27.7407590833371,0.369422499165461,0,0,48,coarse
45,5,0.138850319355735,0.138850319355735,0.0694251596778673,-4.14449181845622,-18.1910106493654,-5.5763148629812,99.8611496806443,27.3085408131106,0.727717814621119,0,0,50,coarse
45,10,0.0833101916134407,0.0833101916134407,0.0416550958067204,-4.14449181845622,-20.488836890067,-6.15031144710937,99.9166898083866,25.1249380937373,2.879203998019,0,1,55,coarse
45,15,0.0555401277422938,0.0555401277422938,0.0277700638711469,-4.1947866397944,-23.3159812588669,-9.26902972525946,99.9444598722577,21.6626896582774,6.58673379261615,0,1,60,coarse
45,20,0.0555401277422938,0.0555401277422938,0.0277700638711469,-4.1947866397944,-25.0900455269418,-12.7939080946873,99.9444598722577,18.4570708207645,9.82821056350468,0,1,65,coarse
45,25,0.0555401277422938,0.0555401277422938,0.0277700638711469,-4.1947866397944,-26.3860089400706,-12.8288290005381,99.9444598722577,15.8187384629238,12.3311449872037,0,1,70,coarse
45,30,0.0555401277422938,0.0555401277422938,0.0277700638711469,-4.1947866397944,-28.429934541162,-12.8288290005381,99.9444598722577,12.7729503399217,15.4868142873039,0,1,75,coarse
45,35,0.0555401277422938,0.0555401277422938,0.0277700638711469,-4.1947866397944,-30.3935754238144,-12.8288290005381,99.9444598722577,9.42776101931475,18.5763810724416,0,1,80,coarse
45,40,0.0555401277422938,0.0555401277422938,0.0277700638711469,-4.1947866397944,-32.8891033575182,-12.8288290005381,99.9444598722577,5.14834991670794,22.8557921750484,0,1,85,coarse
45,45,0.0555401277422938,0.0555401277422938,0.0277700638711469,-4.19524387012929,-37.4378595566015,-12.8306430750791,99.9444598722577,0,28.0041420917563,0,1,90,coarse
50,0,0.638711469036379,0.638711469036379,0.44432102193835,4.40220987255793,-14.6658012961251,1.395097565184,99.3612885309636,31.0206654360452,0,0,0,50,coarse
50,0.5,0.583171341294085,0.583171341294085,0.430435990002777,3.51999865075844,-14.8403443059228,0.410809993245791,99.4168286587059,31.0094097519247,0.0112556841204808,0,0,50.5,coarse
50,1,0.499861149680644,0.499861149680644,0.374895862260483,3.51999865075844,-15.0257802007999,-2.38463219226693,99.5001388503194,30.9801449732115,0.0445087348392122,0,0,51,coarse
50,2,0.194390447098028,0.194390447098028,0.0833101916134407,-2.22552985334107,-16.5055773689503,-5.40545450766632,99.805609552902,30.8923506370717,0.222543674196061,0,0,52,coarse
50,3,0.138850319355735,0.138850319355735,0.0694251596778673,-4.14449181845622,-16.9616846777108,-5.5763148629812,99.8611496806443,30.757282427626,0.369422499165461,0,0,53,coarse
50,5,0.138850319355735,0.138850319355735,0.0277700638711469,-4.14449181845622,-18.1808260058525,-5.5763148629812,99.8611496806443,30.3250641573995,0.727717814621119,0,0,55,coarse
50,10,0.0555401277422938,0.0555401277422938,0,-4.14449181845622,-20.547304425222,-6.21401057396657,99.9444598722577,28.1414614380262,2.879203998019,0,1,60,coarse
50,15,0,0,0,-7.5376755357224,-23.3755874281091,-10.0623138510664,100,24.6792130025663,6.58673379261615,1,1,65,coarse
50,20,0,0,0,-12.7107332656277,-25.1469211119307,-15.5054437666734,100,21.4735941650534,9.82821056350468,1,1,70,coarse
50,25,0,0,0,-12.7107332656277,-26.4285790798438,-15.5054437666734,100,18.8352618072126,12.3311449872037,1,1,75,coarse
50,30,0,0,0,-12.7107332656277,-28.5745159858367,-15.5054437666734,100,15.7894736842105,15.4868142873039,1,1,80,coarse
50,35,0,0,0,-12.7107332656277,-30.5018507510357,-15.5054437666734,100,12.4442843636036,18.5763810724416,1,1,85,coarse
50,40,0,0,0,-12.7107332656277,-33.0712756377293,-15.5087965987317,100,8.1648732609968,22.8557921750484,1,1,90,coarse
50,45,0,0,0,-12.712751146096,-37.5420464795345,-15.8397677454734,100,3.04217202626015,28.0041420917563,1,1,95,coarse
50,50,0,0,0,-12.712751146096,-42.3926614235373,-15.8398048934389,100,0,31.0206654360452,1,1,100,coarse
55,0,0.638711469036379,0.638711469036379,0.44432102193835,4.40220987255793,-14.6658012961251,1.395097565184,99.3612885309636,33.753545540498,0,0,0,55,coarse
55,0.5,0.583171341294085,0.583171341294085,0.430435990002777,3.51999865075844,-14.8403443059228,0.410809993245791,99.4168286587059,33.7422898563775,0.0112556841204808,0,0,55.5,coarse
55,1,0.499861149680644,0.499861149680644,0.374895862260483,3.51999865075844,-15.0257802007999,-2.38463219226693,99.5001388503194,33.7130250776642,0.0445087348392122,0,0,56,coarse
55,2,0.194390447098028,0.194390447098028,0.0833101916134407,-2.22552985334107,-16.5055773689503,-5.40545450766632,99.805609552902,33.6252307415245,0.222543674196061,0,0,57,coarse
55,3,0.138850319355735,0.138850319355735,0.0694251596778673,-4.14449181845622,-16.9616846777108,-5.5763148629812,99.8611496806443,33.4901625320787,0.369422499165461,0,0,58,coarse
55,5,0.138850319355735,0.138850319355735,0.0277700638711469,-4.14449181845622,-18.1808260058524,-5.5763148629812,99.8611496806443,33.0579442618522,0.727717814621119,0,0,60,coarse
55,10,0.0555401277422938,0.0555401277422938,0,-4.14449181845622,-20.547304425222,-6.21401057396657,99.9444598722577,30.874341542479,2.879203998019,0,1,65,coarse
55,15,0,0,0,-7.5376755357224,-23.3952271570586,-10.0623138510664,100,27.412093107019,6.58673379261615,1,1,70,coarse
55,20,0,0,0,-12.7107332656277,-25.1883347839434,-15.5054437666734,100,24.2064742695061,9.82821056350468,1,1,75,coarse
55,25,0,0,0,-12.7107332656277,-26.5122736531728,-15.5054437666734,100,21.5681419116654,12.3311449872037,1,1,80,coarse
55,30,0,0,0,-12.7107332656277,-28.7200824339003,-15.5054437666734,100,18.5223537886633,15.4868142873039,1,1,85,coarse
55,35,0,0,0,-12.7107332656277,-30.5691214844817,-15.5054437666734,100,15.1771644680564,18.5763810724416,1,1,90,coarse
55,40,0,0,0,-12.7107332656277,-33.0712756377293,-15.5087965987317,100,10.8977533654496,22.8557921750484,1,1,95,coarse
55,45,0,0,0,-12.712751146096,-37.9287658859348,-15.8397677454734,100,5.74940344874161,28.0041420917563,1,1,100,coarse
55,50,0,0,0,-12.712751146096,-43.0096665946667,-15.8398048934389,100,2.73288010445275,31.0206654360452,1,1,105,coarse
55,55,0,0,0,-12.712751146096,-43.0249661750766,-15.8398048934389,100,0,33.753545540498,1,1,110,coarse
60,0,0.638711469036379,0.638711469036379,0.44432102193835,4.40220987255793,-14.6658012961251,1.395097565184,99.3612885309636,36.2568096888929,0,0,0,60,coarse
60,0.5,0.583171341294085,0.583171341294085,0.430435990002777,3.51999865075844,-14.8403443059228,0.410809993245791,99.4168286587059,36.2455540047724,0.0112556841204808,0,0,60.5,coarse
60,1,0.499861149680644,0.499861149680644,0.374895862260483,3.51999865075844,-15.0257802007999,-2.38463219226693,99.5001388503194,36.2162892260592,0.0445087348392122,0,0,61,coarse
60,2,0.194390447098028,0.194390447098028,0.0833101916134407,-2.22552985334107,-16.5055773689503,-5.40545450766632,99.805609552902,36.1284948899194,0.222543674196061,0,0,62,coarse
60,3,0.138850319355735,0.138850319355735,0.0694251596778673,-4.14449181845622,-16.9616846777108,-5.5763148629812,99.8611496806443,35.9934266804736,0.369422499165461,0,0,63,coarse
60,5,0.138850319355735,0.138850319355735,0.0277700638711469,-4.14449181845622,-18.1808260058524,-5.5763148629812,99.8611496806443,35.5612084102472,0.727717814621119,0,0,65,coarse
60,10,0.0555401277422938,0.0555401277422938,0,-4.14449181845622,-20.547304425222,-6.21401057396657,99.9444598722577,33.3776056908739,2.879203998019,0,1,70,coarse
60,15,0,0,0,-7.5376755357224,-23.3952271570586,-10.0623138510664,100,29.915357255414,6.58673379261615,1,1,75,coarse
60,20,0,0,0,-12.7107332656277,-25.1883347839434,-15.5054437666734,100,26.709738417901,9.82821056350468,1,1,80,coarse
60,25,0,0,0,-12.7107332656277,-26.5431676717499,-15.5054437666734,100,24.0714060600603,12.3311449872037,1,1,85,coarse
60,30,0,0,0,-12.7107332656277,-28.8013194641743,-15.5054437666734,100,21.0256179370582,15.4868142873039,1,1,90,coarse
60,35,0,0,0,-12.7107332656277,-30.6773258933091,-15.5054437666734,100,17.6804286164513,18.5763810724416,1,1,95,coarse
60,40,0,0,0,-12.7107332656277,-33.2041219834936,-15.5087965987317,100,13.4010175138445,22.8557921750484,1,1,100,coarse
60,45,0,0,0,-12.712751146096,-38.2130859649052,-15.8397677454734,100,8.25266759713655,28.0041420917563,1,1,105,coarse
60,50,0,0,0,-12.712751146096,-43.8488564638025,-15.8398048934389,100,5.3120381196091,31.0206654360452,1,1,110,coarse
60,55,0,0,0,-12.712751146096,-44.0400086391479,-15.8398048934389,100,2.71999294081313,33.753545540498,1,1,115,coarse
60,60,0,0,0,-12.7127558522619,-44.0408807764798,-15.8398163729084,100,0,36.2568096888929,1,1,120,coarse
65,0,0.638711469036379,0.638711469036379,0.44432102193835,4.40220987255793,-14.6658012961251,1.395097565184,99.3612885309636,38.9401647832155,0,0,0,65,coarse
65,0.5,0.583171341294085,0.583171341294085,0.430435990002777,3.51999865075844,-14.8403443059228,0.410809993245791,99.4168286587059,38.928909099095,0.0112556841204808,0,0,65.5,coarse
65,1,0.499861149680644,0.499861149680644,0.374895862260483,3.51999865075844,-15.0257802007999,-2.38463219226693,99.5001388503194,38.8996443203818,0.0445087348392122,0,0,66,coarse
65,2,0.194390447098028,0.194390447098028,0.0833101916134407,-2.22552985334107,-16.5055773689503,-5.40545450766632,99.805609552902,38.811849984242,0.222543674196061,0,0,67,coarse
65,3,0.138850319355735,0.138850319355735,0.0694251596778673,-4.14449181845622,-16.9616846777108,-5.5763148629812,99.8611496806443,38.6767817747963,0.369422499165461,0,0,68,coarse
65,5,0.138850319355735,0.138850319355735,0.0277700638711469,-4.14449181845622,-18.1808260058524,-5.5763148629812,99.8611496806443,38.2445635045698,0.727717814621119,0,0,70,coarse
65,10,0.0555401277422938,0.0555401277422938,0,-4.14449181845622,-20.547304425222,-6.21401057396657,99.9444598722577,36.0609607851965,2.879203998019,0,1,75,coarse
65,15,0,0,0,-7.53767553572239,-23.3952271570586,-10.0623138510664,100,32.5987123497366,6.58673379261615,1,1,80,coarse
65,20,0,0,0,-12.7107332656277,-25.2138499086789,-15.5054437666734,100,29.3930935122237,9.82821056350468,1,1,85,coarse
65,25,0,0,0,-12.7107332656277,-26.626703292662,-15.5054437666734,100,26.754761154383,12.3311449872037,1,1,90,coarse
65,30,0,0,0,-12.7107332656277,-28.8536679745005,-15.5054437666734,100,23.7089730313808,15.4868142873039,1,1,95,coarse
65,35,0,0,0,-12.7107332656277,-30.8343586713923,-15.5054437666734,100,20.3637837107739,18.5763810724416,1,1,100,coarse
65,40,0,0,0,-12.7107332656277,-33.2612805452692,-15.5087965987317,100,16.0843726081671,22.8557921750484,1,1,105,coarse
65,45,0,0,0,-12.712751146096,-38.5997915028862,-15.8397677454734,100,10.9360226914592,28.0041420917563,1,1,110,coarse
65,50,0,0,0,-12.712751146096,-44.9087562998442,-15.8398048934389,100,7.93717323685778,31.0206654360452,1,1,115,coarse
65,55,0,0,0,-12.712751146096,-45.0245020266698,-15.8398048934389,100,5.34512805806181,33.753545540498,1,1,120,coarse
65,60,0,0,0,-12.7127558522619,-45.0275963457702,-15.8398163729084,100,2.68335509432263,36.2568096888929,1,1,125,coarse
65,65,0,0,0,-12.7127558522619,-45.0275963457702,-15.8398777307908,100,0,38.9401647832155,1,1,130,coarse
70,0,0.638711469036379,0.638711469036379,0.44432102193835,4.40220987255793,-14.6658012961251,1.395097565184,99.3612885309636,41.3758948268876,0,0,0,70,coarse
70,0.5,0.583171341294085,0.583171341294085,0.430435990002777,3.51999865075844,-14.8403443059228,0.410809993245791,99.4168286587059,41.3646391427671,0.0112556841204808,0,0,70.5,coarse
70,1,0.499861149680644,0.499861149680644,0.374895862260483,3.51999865075844,-15.0257802007999,-2.38463219226693,99.5001388503194,41.3353743640538,0.0445087348392122,0,0,71,coarse
70,2,0.194390447098028,0.194390447098028,0.0833101916134407,-2.22552985334107,-16.5055773689503,-5.40545450766632,99.805609552902,41.2475800279141,0.222543674196061,0,0,72,coarse
70,3,0.138850319355735,0.138850319355735,0.0694251596778673,-4.14449181845622,-16.9616846777108,-5.5763148629812,99.8611496806443,41.1125118184683,0.369422499165461,0,0,73,coarse
70,5,0.138850319355735,0.138850319355735,0.0277700638711469,-4.14449181845622,-18.1808260058523,-5.5763148629812,99.8611496806443,40.6802935482419,0.727717814621119,0,0,75,coarse
70,10,0.0555401277422938,0.0555401277422938,0,-4.14449181845622,-20.547304425222,-6.21401057396657,99.9444598722577,38.4966908288686,2.879203998019,0,1,80,coarse
70,15,0,0,0,-7.53767553572239,-23.3952271570586,-10.0623138510664,100,35.0344423934087,6.58673379261615,1,1,85,coarse
70,20,0,0,0,-12.7107332656277,-25.2138499086789,-15.5054437666734,100,31.8288235558957,9.82821056350468,1,1,90,coarse
70,25,0,0,0,-12.7107332656277,-26.626703292662,-15.5054437666734,100,29.190491198055,12.3311449872037,1,1,95,coarse
70,30,0,0,0,-12.7107332656277,-28.8881230524914,-15.5054437666734,100,26.1447030750529,15.4868142873039,1,1,100,coarse
70,35,0,0,0,-12.7107332656277,-30.887919118583,-15.5054437666734,100,22.799513754446,18.5763810724416,1,1,105,coarse
70,40,0,0,0,-12.7107332656277,-33.2612805452692,-15.5087965987317,100,18.5201026518392,22.8557921750484,1,1,110,coarse
70,45,0,0,0,-12.712751146096,-38.5997915028862,-15.8397677454734,100,13.3717527351312,28.0041420917563,1,1,115,coarse
70,50,0,0,0,-12.712751146096,-44.9800408407067,-15.8398048934389,100,10.3552293908424,31.0206654360452,1,1,120,coarse
70,55,0,0,0,-12.712751146096,-45.0663524283601,-15.8398048934389,100,7.77027027027027,33.753545540498,1,1,125,coarse
70,60,0,0,0,-12.7127558522619,-45.0795628170412,-15.8398163729084,100,5.26187952658541,36.2568096888929,1,1,130,coarse
70,65,0,0,0,-12.7127558522619,-45.0795628170412,-15.8398777307908,100,2.64970853206147,38.9401647832155,1,1,135,coarse
70,70,0,0,0,-12.7128036927783,-45.1196995932333,-15.8398799457141,100,0,41.3758948268876,1,1,140,coarse
75,0,0.638711469036379,0.638711469036379,0.44432102193835,4.40220987255793,-14.6658012961251,1.395097565184,99.3612885309636,44.311377245509,0,0,0,75,coarse
75,0.5,0.583171341294085,0.583171341294085,0.430435990002777,3.51999865075844,-14.8403443059228,0.410809993245791,99.4168286587059,44.3001215613885,0.0112556841204808,0,0,75.5,coarse
75,1,0.499861149680644,0.499861149680644,0.374895862260483,3.51999865075844,-15.0257802007999,-2.38463321719788,99.5001388503194,44.2708567826753,0.0445087348392122,0,0,76,coarse
75,2,0.194390447098028,0.194390447098028,0.0833101916134407,-2.22552985334107,-16.5055773689503,-5.40545450766632,99.805609552902,44.1830624465355,0.222543674196061,0,0,77,coarse
75,3,0.138850319355735,0.138850319355735,0.0694251596778673,-4.14449181845622,-16.9616846777108,-5.5763148629812,99.8611496806443,44.0479942370897,0.369422499165461,0,0,78,coarse
75,5,0.138850319355735,0.138850319355735,0.0277700638711469,-4.14449181845622,-18.1808260058523,-5.5763148629812,99.8611496806443,43.6157759668633,0.727717814621119,0,0,80,coarse
75,10,0.0555401277422938,0.0555401277422938,0,-4.14449181845622,-20.547304425222,-6.21401057396657,99.9444598722577,41.43217324749,2.879203998019,0,1,85,coarse
75,15,0,0,0,-7.53767553572239,-23.3952271570586,-10.0623138510664,100,37.9699248120301,6.58673379261615,1,1,90,coarse
75,20,0,0,0,-12.7107332656277,-25.2138499086789,-15.5054437666734,100,34.7643059745171,9.82821056350468,1,1,95,coarse
75,25,0,0,0,-12.7107332656277,-26.626703292662,-15.5054437666734,100,32.1259736166764,12.3311449872037,1,1,100,coarse
75,30,0,0,0,-12.7107332656277,-28.8881230524914,-15.5054437666734,100,29.0801854936743,15.4868142873039,1,1,105,coarse
75,35,0,0,0,-12.7107332656277,-30.887919118583,-15.5054437666734,100,25.7349961730674,18.5763810724416,1,1,110,coarse
75,40,0,0,0,-12.7107332656277,-33.2747404458414,-15.5087965987317,100,21.4555850704606,22.8557921750484,1,1,115,coarse
75,45,0,0,0,-12.712751146096,-38.5997915028862,-15.8397677454734,100,16.3072351537526,28.0041420917563,1,1,120,coarse
75,50,0,0,0,-12.712751146096,-45.0255071605081,-15.8398048934389,100,13.2907118094638,31.0206654360452,1,1,125,coarse
75,55,0,0,0,-12.712751146096,-45.1676204229594,-15.8398048934389,100,10.557831705011,33.753545540498,1,1,130,coarse
75,60,0,0,0,-12.7127558522619,-45.1676204229594,-15.8398163729084,100,8.05456755661609,36.2568096888929,1,1,135,coarse
75,65,0,0,0,-12.7127558522619,-45.191685660094,-15.8398777307908,100,5.45677089128742,38.9401647832155,1,1,140,coarse
75,70,0,0,0,-12.7128036927783,-45.2029099704925,-15.8398799457141,100,2.9354824186214,41.3758948268876,1,1,145,coarse
75,75,0,0,0,-12.7128259188414,-45.3055404474151,-15.8398799457141,100,0,44.311377245509,1,1,150,coarse
80,0,0.638711469036379,0.638711469036379,0.44432102193835,4.40220987255793,-14.6658012961251,1.395097565184,99.3612885309636,47.2738733060195,0,0,0,80,coarse
80,0.5,0.583171341294085,0.583171341294085,0.430435990002777,3.51999865075844,-14.8403443059228,0.410809993245791,99.4168286587059,47.2626176218991,0.0112556841204808,0,0,80.5,coarse
80,1,0.499861149680644,0.499861149680644,0.374895862260483,3.51999865075844,-15.0257802007999,-2.38463321719788,99.5001388503194,47.2333528431858,0.0445087348392122,0,0,81,coarse
80,2,0.194390447098028,0.194390447098028,0.0833101916134407,-2.22552985334107,-16.5055773689503,-5.40545450766632,99.805609552902,47.1455585070461,0.222543674196061,0,0,82,coarse
80,3,0.138850319355735,0.138850319355735,0.0694251596778673,-4.14449181845622,-16.9616846777108,-5.5763148629812,99.8611496806443,47.0104902976003,0.369422499165461,0,0,83,coarse
80,5,0.138850319355735,0.138850319355735,0.0277700638711469,-4.14449181845622,-18.1808260058523,-5.5763148629812,99.8611496806443,46.5782720273738,0.727717814621119,0,0,85,coarse
80,10,0.0555401277422938,0.0555401277422938,0,-4.14449181845622,-20.547304425222,-6.21401057396657,99.9444598722577,44.3946693080005,2.879203998019,0,1,90,coarse
80,15,0,0,0,-7.53767553572239,-23.3952271570586,-10.0623138510665,100,40.9324208725406,6.58673379261615,1,1,95,coarse
80,20,0,0,0,-12.7107332656277,-25.2138499086789,-15.5054437666734,100,37.7268020350277,9.82821056350468,1,1,100,coarse
80,25,0,0,0,-12.7107332656277,-26.626703292662,-15.5054437666734,100,35.088469677187,12.3311449872037,1,1,105,coarse
80,30,0,0,0,-12.7107332656277,-28.8881230524914,-15.5054437666734,100,32.0426815541849,15.4868142873039,1,1,110,coarse
80,35,0,0,0,-12.7107332656277,-30.887919118583,-15.5054437666734,100,28.697492233578,18.5763810724416,1,1,115,coarse
80,40,0,0,0,-12.7107332656277,-33.2747404458414,-15.5087965987317,100,24.4180811309711,22.8557921750484,1,1,120,coarse
80,45,0,0,0,-12.712751146096,-38.9097217169124,-15.8397677454734,100,19.2697312142632,28.0041420917563,1,1,125,coarse
80,50,0,0,0,-12.712751146096,-45.5727545522636,-15.8398048934389,100,16.2532078699743,31.0206654360452,1,1,130,coarse
80,55,0,0,0,-12.712751146096,-45.7548012995243,-15.8398048934389,100,13.5203277655216,33.753545540498,1,1,135,coarse
80,60,0,0,0,-12.7127558522619,-45.7549065052415,-15.8398163729084,100,11.0170636171266,36.2568096888929,1,1,140,coarse
80,65,0,0,0,-12.7127558522619,-45.7549065052415,-15.8398777307908,100,8.42550350506287,38.9401647832155,1,1,145,coarse
80,70,0,0,0,-12.7128036927783,-45.7914090740939,-15.8398799457141,100,5.89797847913196,41.3758948268876,1,1,150,coarse
80,75,0,0,0,-12.7128259188414,-46.1425843937849,-15.8398799457141,100,2.96873261377545,44.311377245509,1,1,155,coarse
80,80,0,0,0,-12.7128259188414,-46.5787724831264,-15.8398799457141,100,0,47.2738733060195,1,1,160,coarse
85,0,0.638711469036379,0.638711469036379,0.44432102193835,4.40220987255793,-14.6658012961251,1.395097565184,99.3612885309636,49.6983476655711,0,0,0,85,coarse
85,0.5,0.583171341294085,0.583171341294085,0.430435990002777,3.51999865075844,-14.8403443059228,0.410809993245791,99.4168286587059,49.6870919814506,0.0112556841204808,0,0,85.5,coarse
85,1,0.499861149680644,0.499861149680644,0.374895862260483,3.51999865075844,-15.0257802007999,-2.38463321719788,99.5001388503194,49.6578272027374,0.0445087348392122,0,0,86,coarse
85,2,0.194390447098028,0.194390447098028,0.0833101916134407,-2.22552985334107,-16.5055773689503,-5.40545450766632,99.805609552902,49.5700328665976,0.222543674196061,0,0,87,coarse
85,3,0.138850319355735,0.138850319355735,0.0694251596778673,-4.14449181845622,-17.0384660425623,-5.5763148629812,99.8611496806443,49.4349646571519,0.369422499165461,0,0,88,coarse
85,5,0.138850319355735,0.138850319355735,0.0277700638711469,-4.14449181845622,-18.1808260058523,-5.5763148629812,99.8611496806443,49.0027463869254,0.727717814621119,0,0,90,coarse
85,10,0.0555401277422938,0.0555401277422938,0,-4.14449181845622,-20.5976934129785,-6.21401057396657,99.9444598722577,46.8191436675521,2.879203998019,0,1,95,coarse
85,15,0,0,0,-7.53767553572239,-23.4439879204964,-10.0623138510665,100,43.3568952320922,6.58673379261615,1,1,100,coarse
85,20,0,0,0,-12.7107332656277,-25.3704318665261,-15.5054437666734,100,40.1512763945793,9.82821056350468,1,1,105,coarse
85,25,0,0,0,-12.7107332656277,-26.6757379226274,-15.5054437666734,100,37.5129440367386,12.3311449872037,1,1,110,coarse
85,30,0,0,0,-12.7107332656277,-29.0819587406394,-15.5054437666734,100,34.4671559137364,15.4868142873039,1,1,115,coarse
85,35,0,0,0,-12.7107332656277,-31.3232192103374,-15.5054437666734,100,31.1219665931295,18.5763810724416,1,1,120,coarse
85,40,0,0,0,-12.7107332656277,-33.5107908886519,-15.5087965987317,100,26.8425554905227,22.8557921750484,1,1,125,coarse
85,45,0,0,0,-12.712751146096,-39.7313217007509,-15.8397677454734,100,21.7402915322132,28.0041420917563,1,1,130,coarse
85,50,0,0,0,-12.712751146096,-46.0961480725704,-15.8398048934389,100,18.9630807277866,31.0206654360452,1,1,135,coarse
85,55,0,0,0,-12.712751146096,-46.1522208445796,-15.8398048934389,100,16.4061119943473,33.753545540498,1,1,140,coarse
85,60,0,0,0,-12.7127558522619,-46.2135245011593,-15.8398163729084,100,13.8977212506624,36.2568096888929,1,1,145,coarse
85,65,0,0,0,-12.7127558522619,-46.2674857376676,-15.8398777307908,100,11.2855502561385,38.9401647832155,1,1,150,coarse
85,70,0,0,0,-12.7128036927783,-46.2674857376676,-15.8398799457141,100,8.63584172407702,41.3758948268876,1,1,155,coarse
85,75,0,0,0,-12.7128259188414,-46.5308454398064,-15.8398799457141,100,5.86468821762939,44.311377245509,1,1,160,coarse
85,80,0,0,0,-12.7128259188414,-47.1377442464682,-15.8398799457141,100,2.93896838014485,47.2738733060195,1,1,165,coarse
85,85,0,0,0,-12.7128259188414,-47.6988529650652,-15.8398847510556,100,0,49.6983476655711,1,1,170,coarse
90,0,0.638711469036379,0.638711469036379,0.44432102193835,4.40220987255793,-14.6658012961251,1.395097565184,99.3612885309636,52.0417810994552,0,0,0,90,coarse
90,0.5,0.583171341294085,0.583171341294085,0.430435990002777,3.51999865075844,-14.8403443059228,0.410809993245791,99.4168286587059,52.0305254153347,0.0112556841204808,0,0,90.5,coarse
90,1,0.499861149680644,0.499861149680644,0.374895862260483,3.51999865075844,-15.0257802007999,-2.38463321719788,99.5001388503194,52.0012606366215,0.0445087348392122,0,0,91,coarse
90,2,0.194390447098028,0.194390447098028,0.0833101916134407,-2.22552985334107,-16.5055773689503,-5.40545450766632,99.805609552902,51.9134663004817,0.222543674196061,0,0,92,coarse
90,3,0.138850319355735,0.138850319355735,0.0694251596778673,-4.14449181845622,-17.0384660425623,-5.5763148629812,99.8611496806443,51.778398091036,0.369422499165461,0,0,93,coarse
90,5,0.138850319355735,0.138850319355735,0.0277700638711469,-4.14449181845622,-18.1808260058523,-5.5763148629812,99.8611496806443,51.3461798208095,0.727717814621119,0,0,95,coarse
90,10,0.0555401277422938,0.0555401277422938,0,-4.14449181845622,-20.6300326479847,-6.21401057396657,99.9444598722577,49.1625771014362,2.879203998019,0,1,100,coarse
90,15,0,0,0,-7.53767553572239,-23.4540490283429,-10.0623138510665,100,45.7003286659763,6.58673379261615,1,1,105,coarse
90,20,0,0,0,-12.7107332656277,-25.426127650243,-15.5054437666734,100,42.4947098284634,9.82821056350468,1,1,110,coarse
90,25,0,0,0,-12.7107332656277,-26.6826413875844,-15.5054437666734,100,39.8563774706227,12.3311449872037,1,1,115,coarse
90,30,0,0,0,-12.7107332656277,-29.1608483926558,-15.5054437666734,100,36.8105893476205,15.4868142873039,1,1,120,coarse
90,35,0,0,0,-12.7107332656277,-31.372216042315,-15.5054437666734,100,33.4654000270136,18.5763810724416,1,1,125,coarse
90,40,0,0,0,-12.7107332656277,-33.5619608846578,-15.5087965987317,100,29.266718593524,22.8557921750484,1,1,130,coarse
90,45,0,0,0,-12.712751146096,-39.9147092599482,-15.8397677454734,100,24.4523935700406,28.0041420917563,1,1,135,coarse
90,50,0,0,0,-12.712751146096,-46.257317586709,-15.8398048934389,100,21.7761879526585,31.0206654360452,1,1,140,coarse
90,55,0,0,0,-12.712751146096,-46.4122441085428,-15.8398048934389,100,19.2192192192192,33.753545540498,1,1,145,coarse
90,60,0,0,0,-12.7127558522619,-46.4122441085428,-15.8398163729084,100,16.7108284755344,36.2568096888929,1,1,150,coarse
90,65,0,0,0,-12.7127558522619,-46.4279359699668,-15.8398777307908,100,14.0986574810104,38.9401647832155,1,1,155,coarse
90,70,0,0,0,-12.7128036927783,-46.436589388157,-15.8398799457141,100,11.4489489489489,41.3758948268876,1,1,160,coarse
90,75,0,0,0,-12.7128259188414,-46.6203303278635,-15.8398799457141,100,8.67779544250132,44.311377245509,1,1,165,coarse
90,80,0,0,0,-12.7128259188414,-47.2780435259449,-15.8398799457141,100,5.75207560501678,47.2738733060195,1,1,170,coarse
90,85,0,0,0,-12.7128259188414,-47.9289735622857,-15.8398847510556,100,2.81310722487193,49.6983476655711,1,1,175,coarse
90,90,0,0,0,-12.7128259188414,-48.0073902595772,-15.8398861081289,100,0,52.0417810994552,1,1,180,coarse
95,0,0.638711469036379,0.638711469036379,0.44432102193835,4.40220987255793,-14.6658012961251,1.395097565184,99.3612885309636,54.6080770789249,0,0,0,95,coarse
95,0.5,0.583171341294085,0.583171341294085,0.430435990002777,3.51999865075844,-14.8403443059228,0.410809993245791,99.4168286587059,54.5968213948044,0.0112556841204808,0,0,95.5,coarse
95,1,0.499861149680644,0.499861149680644,0.374895862260483,3.51999865075844,-15.0257802007999,-2.38463321719788,99.5001388503194,54.5675566160911,0.0445087348392122,0,0,96,coarse
95,2,0.194390447098028,0.194390447098028,0.0833101916134407,-2.22552985334107,-16.5223720666398,-5.40545450766632,99.805609552902,54.4797622799514,0.222543674196061,0,0,97,coarse
95,3,0.138850319355735,0.138850319355735,0.0694251596778673,-4.14449181845622,-17.1019832489968,-5.5763148629812,99.8611496806443,54.3446940705056,0.369422499165461,0,0,98,coarse
95,5,0.138850319355735,0.138850319355735,0.0277700638711469,-4.14449181845622,-18.1808260058523,-5.5763148629812,99.8611496806443,53.9124758002791,0.727717814621119,0,0,100,coarse
95,10,0.0555401277422938,0.0555401277422938,0,-4.14449181845622,-20.6300326479847,-6.21401057396657,99.9444598722577,51.7288730809059,2.879203998019,0,1,105,coarse
95,15,0,0,0,-7.5376755357224,-23.5874249862729,-10.0623138510663,100,48.266624645446,6.58673379261615,1,1,110,coarse
95,20,0,0,0,-12.7107332656277,-25.6827860668854,-15.5054437666734,100,45.061005807933,9.82821056350468,1,1,115,coarse
95,25,0,0,0,-12.7107332656277,-26.8604487734071,-15.5054437666734,100,42.4226734500923,12.3311449872037,1,1,120,coarse
95,30,0,0,0,-12.7107332656277,-29.3792918734537,-15.5054437666734,100,39.3768853270902,15.4868142873039,1,1,125,coarse
95,35,0,0,0,-12.7107332656277,-31.4545507418544,-15.5054437666734,100,36.0316960064833,18.5763810724416,1,1,130,coarse
95,40,0,0,0,-12.7107332656277,-33.7531431025454,-15.5087965987317,100,31.7522849038765,22.8557921750484,1,1,135,coarse
95,45,0,0,0,-12.712751146096,-40.3344138829146,-16.0842104481925,100,27.3207030559972,28.0041420917563,1,1,140,coarse
95,50,0,0,0,-12.712751146096,-46.6273834403951,-16.084244667688,100,24.6444974386151,31.0206654360452,1,1,145,coarse
95,55,0,0,0,-12.712751146096,-46.9155168101489,-16.084244667688,100,22.0875287051758,33.753545540498,1,1,150,coarse
95,60,0,0,0,-12.7127558522619,-46.9225820107856,-16.0842569269161,100,19.5791379614909,36.2568096888929,1,1,155,coarse
95,65,0,0,0,-12.7127558522619,-46.9225820107856,-16.0843121812274,100,16.966966966967,38.9401647832155,1,1,160,coarse
95,70,0,0,0,-12.7128036927783,-46.9225820107856,-16.0843225753739,100,14.3172584349055,41.3758948268876,1,1,165,coarse
95,75,0,0,0,-12.7128259188414,-47.1786088979753,-16.0843225753739,100,11.5461049284579,44.311377245509,1,1,170,coarse
95,80,0,0,0,-12.7128259188414,-47.9423000826818,-16.0843276242309,100,8.62038509097333,47.2738733060195,1,1,175,coarse
95,85,0,0,0,-12.7128259188414,-48.392342461156,-16.0843319704168,100,5.68141671082848,49.6983476655711,1,1,180,coarse
95,90,0,0,0,-12.7128259188414,-48.4424852454647,-16.0843332102398,100,2.86830948595654,52.0417810994552,1,1,185,coarse
95,95,0,0,0,-12.7128636636328,-48.492736231907,-16.0871673792354,100,0,54.6080770789249,1,1,190,coarse
100,0,0.638711469036379,0.638711469036379,0.44432102193835,4.40220987255793,-14.6658012961251,1.395097565184,99.3612885309636,57.4152446985728,0,0,0,100,coarse
100,0.5,0.583171341294085,0.583171341294085,0.430435990002777,3.51999865075844,-14.8403443059228,0.410809993245791,99.4168286587059,57.4039890144523,0.0112556841204808,0,0,100.5,coarse
100,1,0.499861149680644,0.499861149680644,0.374895862260483,3.51999865075844,-15.0257802007999,-2.38463321719788,99.5001388503194,57.374724235739,0.0445087348392122,0,0,101,coarse
100,2,0.194390447098028,0.194390447098028,0.0833101916134407,-2.22552985334107,-16.5223720666398,-5.40545450766632,99.805609552902,57.2869298995993,0.222543674196061,0,0,102,coarse
100,3,0.138850319355735,0.138850319355735,0.0694251596778673,-4.14449181845622,-17.1019832489968,-5.5763148629812,99.8611496806443,57.1518616901535,0.369422499165461,0,0,103,coarse
100,5,0.138850319355735,0.138850319355735,0.0277700638711469,-4.14449181845622,-18.1808260058523,-5.5763148629812,99.8611496806443,56.7196434199271,0.727717814621119,0,0,105,coarse
100,10,0.0555401277422938,0.0555401277422938,0,-4.14449181845622,-20.6300326479847,-6.21401057396657,99.9444598722577,54.5360407005538,2.879203998019,0,1,110,coarse
100,15,0,0,0,-7.5376755357224,-23.5874249862729,-10.0623138510664,100,51.0737922650939,6.58673379261615,1,1,115,coarse
100,20,0,0,0,-12.7107332656277,-25.7276465237879,-15.5054437666734,100,47.8681734275809,9.82821056350468,1,1,120,coarse
100,25,0,0,0,-12.7107332656277,-26.9160055609742,-15.5054437666734,100,45.2298410697402,12.3311449872037,1,1,125,coarse
100,30,0,0,0,-12.7107332656277,-29.3792918734537,-15.5054437666734,100,42.1840529467381,15.4868142873039,1,1,130,coarse
100,35,0,0,0,-12.7107332656277,-31.6722140864902,-15.5054437666734,100,38.8388636261312,18.5763810724416,1,1,135,coarse
100,40,0,0,0,-12.7107332656277,-34.0167590031351,-15.5087965987317,100,34.5594525235244,22.8557921750484,1,1,140,coarse
100,45,0,0,0,-12.712751146096,-40.4963532923242,-16.0891066731349,100,29.9483306836248,28.0041420917563,1,1,145,coarse
100,50,0,0,0,-12.712751146096,-47.0995234466744,-16.0891408926304,100,27.2721250662427,31.0206654360452,1,1,150,coarse
100,55,0,0,0,-12.712751146096,-47.396440042664,-16.0891408926304,100,24.7151563328034,33.753545540498,1,1,155,coarse
100,60,0,0,0,-12.7127558522619,-47.396440042664,-16.089153172426,100,22.2067655891185,36.2568096888929,1,1,160,coarse
100,65,0,0,0,-12.7127558522619,-47.396440042664,-16.0892084267373,100,19.5945945945946,38.9401647832155,1,1,165,coarse
100,70,0,0,0,-12.7128036927783,-47.4065218579511,-16.0892189375587,100,16.9448860625331,41.3758948268876,1,1,170,coarse
100,75,0,0,0,-12.7128259188414,-47.8718513184802,-16.0892189375587,100,14.1737325560855,44.311377245509,1,1,175,coarse
100,80,0,0,0,-12.7128259188414,-48.472124721525,-16.0892240430904,100,11.248012718601,47.2738733060195,1,1,180,coarse
100,85,0,0,0,-12.7128259188414,-48.6651189814533,-16.0892283892764,100,8.3090443384561,49.6983476655711,1,1,185,coarse
100,90,0,0,0,-12.7128259188414,-48.7269844251439,-16.0892296290994,100,5.49593711358417,52.0417810994552,1,1,190,coarse
100,95,0,0,0,-12.7128636636328,-48.8453211886731,-16.0920638003974,100,2.80716761964792,54.6080770789249,1,1,195,coarse
100,100,0,0,0,-12.7128714451373,-49.0472332815336,-16.0925113516424,100,0,57.4152446985728,1,1,200,coarse
105,0,0.638711469036379,0.638711469036379,0.44432102193835,4.40220987255793,-14.6658012961251,1.395097565184,99.3612885309636,60.0963486560713,0,0,0,105,coarse
105,0.5,0.583171341294085,0.583171341294085,0.430435990002777,3.51999865075844,-14.8403443059228,0.410809993245791,99.4168286587059,60.0850929719508,0.0112556841204808,0,0,105.5,coarse
105,1,0.499861149680644,0.499861149680644,0.374895862260483,3.51999865075844,-15.0257802007999,-2.38463321719788,99.5001388503194,60.0558281932376,0.0445087348392122,0,0,106,coarse
105,2,0.194390447098028,0.194390447098028,0.0833101916134407,-2.22552985334107,-16.5223720666398,-5.40545450766632,99.805609552902,59.9680338570978,0.222543674196061,0,0,107,coarse
105,3,0.138850319355735,0.138850319355735,0.0694251596778673,-4.14449181845622,-17.1019832489968,-5.5763148629812,99.8611496806443,59.8329656476521,0.369422499165461,0,0,108,coarse
105,5,0.138850319355735,0.138850319355735,0.0277700638711469,-4.14449181845622,-18.1808260058523,-5.5763148629812,99.8611496806443,59.4007473774256,0.727717814621119,0,0,110,coarse
105,10,0.0555401277422938,0.0555401277422938,0,-4.14449181845622,-20.6300326479847,-6.21401057396657,99.9444598722577,57.2171446580523,2.879203998019,0,1,115,coarse
105,15,0,0,0,-7.5376755357224,-23.5874249862729,-10.0623138510664,100,53.7548962225924,6.58673379261615,1,1,120,coarse
105,20,0,0,0,-12.7107332656277,-25.7276465237879,-15.5054437666734,100,50.5492773850795,9.82821056350468,1,1,125,coarse
105,25,0,0,0,-12.7107332656277,-26.9160055609742,-15.5054437666734,100,47.9109450272388,12.3311449872037,1,1,130,coarse
105,30,0,0,0,-12.7107332656277,-29.4215556615106,-15.5054437666734,100,44.8651569042366,15.4868142873039,1,1,135,coarse
105,35,0,0,0,-12.7107332656277,-31.6764131318548,-15.5054437666734,100,41.5199675836297,18.5763810724416,1,1,140,coarse
105,40,0,0,0,-12.7107332656277,-34.017843624224,-15.5087965987317,100,37.2405564810229,22.8557921750484,1,1,145,coarse
105,45,0,0,0,-12.712751146096,-40.5145240696108,-16.0891066731349,100,32.4854266030737,28.0041420917563,1,1,150,coarse
105,50,0,0,0,-12.712751146096,-47.0773607177201,-16.0891408926304,100,29.8092209856916,31.0206654360452,1,1,155,coarse
105,55,0,0,0,-12.712751146096,-47.346003526691,-16.0891408926304,100,27.2522522522523,33.753545540498,1,1,160,coarse
105,60,0,0,0,-12.7127558522619,-47.346003526691,-16.089153172426,100,24.7438615085674,36.2568096888929,1,1,165,coarse
105,65,0,0,0,-12.7127558522619,-47.346003526691,-16.0892084267373,100,22.1316905140435,38.9401647832155,1,1,170,coarse
105,70,0,0,0,-12.7128036927783,-47.346003526691,-16.0892189375587,100,19.481981981982,41.3758948268876,1,1,175,coarse
105,75,0,0,0,-12.7128259188414,-47.8648248592809,-16.0892189375587,100,16.7108284755344,44.311377245509,1,1,180,coarse
105,80,0,0,0,-12.7128259188414,-48.467015151161,-16.0892240430904,100,13.7851086380498,47.2738733060195,1,1,185,coarse
105,85,0,0,0,-12.7128259188414,-48.6414614601767,-16.0892283892764,100,10.846140257905,49.6983476655711,1,1,190,coarse
105,90,0,0,0,-12.7128259188414,-48.7032777028574,-16.0892296290994,100,8.05456755661609,52.0417810994552,1,1,195,coarse
105,95,0,0,0,-12.7128636636328,-48.8453211886731,-16.0920638003974,100,5.48827157714646,54.6080770789249,1,1,200,coarse
105,100,0,0,0,-12.7128714451373,-49.0232912340534,-16.0925113516424,100,2.68110395749854,57.4152446985728,1,1,205,coarse
105,105,0,0,0,-12.7128863393351,-49.5551254518171,-16.0925113516424,100,0,60.0963486560713,1,1,210,coarse
110,0,0.638711469036379,0.638711469036379,0.44432102193835,4.40220987255793,-14.6658012961251,1.395097565184,99.3612885309636,62.7797037503939,0,0,0,110,coarse
110,0.5,0.583171341294085,0.583171341294085,0.430435990002777,3.51999865075844,-14.8403443059228,0.410809993245791,99.4168286587059,62.7684480662735,0.0112556841204808,0,0,110.5,coarse
110,1,0.499861149680644,0.499861149680644,0.374895862260483,3.51999865075844,-15.0257802007999,-2.38463321719788,99.5001388503194,62.7391832875602,0.0445087348392122,0,0,111,coarse
110,2,0.194390447098028,0.194390447098028,0.0833101916134407,-2.22552985334107,-16.5223720666398,-5.40545450766632,99.805609552902,62.6513889514205,0.222543674196061,0,0,112,coarse
110,3,0.138850319355735,0.138850319355735,0.0694251596778673,-4.14449181845622,-17.1019832489968,-5.5763148629812,99.8611496806443,62.5163207419747,0.369422499165461,0,0,113,coarse
110,5,0.138850319355735,0.138850319355735,0.0277700638711469,-4.14449181845622,-18.1808260058523,-5.5763148629812,99.8611496806443,62.0841024717482,0.727717814621119,0,0,115,coarse
110,10,0.0555401277422938,0.0555401277422938,0,-4.14449181845622,-20.6663435481683,-6.21401057396657,99.9444598722577,59.9004997523749,2.879203998019,0,1,120,coarse
110,15,0,0,0,-7.5376755357224,-23.6301492851477,-10.0623138510663,100,56.438251316915,6.58673379261615,1,1,125,coarse
110,20,0,0,0,-12.7107332656277,-25.8352409274121,-15.5054437666734,100,53.2326324794021,9.82821056350468,1,1,130,coarse
110,25,0,0,0,-12.7107332656277,-26.938090760823,-15.5054437666734,100,50.5943001215614,12.3311449872037,1,1,135,coarse
110,30,0,0,0,-12.7107332656277,-29.4577514512346,-15.5054437666734,100,47.5485119985593,15.4868142873039,1,1,140,coarse
110,35,0,0,0,-12.7107332656277,-31.7355246718233,-15.5054437666734,100,44.2033226779524,18.5763810724416,1,1,145,coarse
110,40,0,0,0,-12.7107332656277,-34.2014665634158,-15.5087965987317,100,39.9239115753455,22.8557921750484,1,1,150,coarse
110,45,0,0,0,-12.712751146096,-40.616527089599,-16.0891066731349,100,35.1263027733616,28.0041420917563,1,1,155,coarse
110,50,0,0,0,-12.712751146096,-47.2790826105234,-16.0891408926304,100,32.4500971559795,31.0206654360452,1,1,160,coarse
110,55,0,0,0,-12.712751146096,-47.5072502279531,-16.0891408926304,100,29.8931284225402,33.753545540498,1,1,165,coarse
110,60,0,0,0,-12.7127558522619,-47.5354326181026,-16.089153172426,100,27.3847376788553,36.2568096888929,1,1,170,coarse
110,65,0,0,0,-12.7127558522619,-47.5644129149136,-16.0892084267373,100,24.7725666843314,38.9401647832155,1,1,175,coarse
110,70,0,0,0,-12.7128036927783,-47.6345257459079,-16.0892189375587,100,22.1228581522699,41.3758948268876,1,1,180,coarse
110,75,0,0,0,-12.7128259188414,-47.9460656171979,-16.0892189375587,100,19.3517046458223,44.311377245509,1,1,185,coarse
110,80,0,0,0,-12.7128259188414,-48.4881171623073,-16.0892240430904,100,16.4259848083377,47.2738733060195,1,1,190,coarse
110,85,0,0,0,-12.7128259188414,-48.6679463599212,-16.0892283892764,100,13.4870164281929,49.6983476655711,1,1,195,coarse
110,90,0,0,0,-12.7128259188414,-48.7322379676271,-16.0892296290994,100,10.7379226509387,52.0417810994552,1,1,200,coarse
110,95,0,0,0,-12.7128636636328,-48.9114273352779,-16.0920638003974,100,8.17162667146909,54.6080770789249,1,1,205,coarse
110,100,0,0,0,-12.7128714451373,-49.0597323227592,-16.0925113516424,100,5.36445905182117,57.4152446985728,1,1,210,coarse
110,105,0,0,0,-12.7128863393351,-49.6554213712182,-16.0925113516424,100,2.6838767108045,60.0963486560713,1,1,215,coarse
110,110,0,0,0,-12.7128863393351,-50.468740511192,-16.0925113516424,100,0,62.7797037503939,1,1,220,coarse
115,0,0.638711469036379,0.638711469036379,0.44432102193835,4.40220987255793,-14.6658012961251,1.395097565184,99.3612885309636,65.4180361082347,0,0,0,115,coarse
115,0.5,0.583171341294085,0.583171341294085,0.430435990002777,3.51999865075844,-14.8403443059228,0.410809993245791,99.4168286587059,65.4067804241142,0.0112556841204808,0,0,115.5,coarse
115,1,0.499861149680644,0.499861149680644,0.374895862260483,3.51999865075844,-15.0257802007999,-2.38463321719788,99.5001388503194,65.3775156454009,0.0445087348392122,0,0,116,coarse
115,2,0.194390447098028,0.194390447098028,0.0833101916134407,-2.22552985334107,-16.5223720666398,-5.40545450766632,99.805609552902,65.2897213092612,0.222543674196061,0,0,117,coarse
115,3,0.138850319355735,0.138850319355735,0.0694251596778673,-4.14449181845622,-17.1019832489968,-5.5763148629812,99.8611496806443,65.1546530998154,0.369422499165461,0,0,118,coarse
115,5,0.138850319355735,0.138850319355735,0.0277700638711469,-4.14449181845622,-18.1808260058523,-5.5763148629812,99.8611496806443,64.7224348295889,0.727717814621119,0,0,120,coarse
115,10,0.0555401277422938,0.0555401277422938,0,-4.14449181845622,-20.6663435481683,-6.21401057396657,99.9444598722577,62.5388321102157,2.879203998019,0,1,125,coarse
115,15,0,0,0,-7.5376755357224,-23.6301492851477,-10.0623138510663,100,59.0765836747558,6.58673379261615,1,1,130,coarse
115,20,0,0,0,-12.7107332656277,-25.8352409274121,-15.5054437666734,100,55.8709648372428,9.82821056350468,1,1,135,coarse
115,25,0,0,0,-12.7107332656277,-26.938090760823,-15.5054437666734,100,53.2326324794021,12.3311449872037,1,1,140,coarse
115,30,0,0,0,-12.7107332656277,-29.4847838303385,-15.5054437666734,100,50.1868443564,15.4868142873039,1,1,145,coarse
115,35,0,0,0,-12.7107332656277,-31.7840192822763,-15.5054437666734,100,46.8416550357931,18.5763810724416,1,1,150,coarse
115,40,0,0,0,-12.7107332656277,-34.2266798348784,-15.5087965987317,100,42.5622439331863,22.8557921750484,1,1,155,coarse
115,45,0,0,0,-12.712751146096,-40.7456220182583,-16.0891066731349,100,37.6170287934994,28.0041420917563,1,1,160,coarse
115,50,0,0,0,-12.712751146096,-47.6236908357748,-16.0891408926304,100,34.9408231761173,31.0206654360452,1,1,165,coarse
115,55,0,0,0,-12.712751146096,-47.8622950270579,-16.0891408926304,100,32.383854442678,33.753545540498,1,1,170,coarse
115,60,0,0,0,-12.7127558522619,-47.8664792228148,-16.089153172426,100,29.8754636989931,36.2568096888929,1,1,175,coarse
115,65,0,0,0,-12.7127558522619,-47.8828154431994,-16.0892084267373,100,27.2632927044692,38.9401647832155,1,1,180,coarse
115,70,0,0,0,-12.7128036927783,-47.9460656171979,-16.0892189375587,100,24.6135841724077,41.3758948268876,1,1,185,coarse
115,75,0,0,0,-12.7128259188414,-48.2961618332596,-16.0892189375587,100,21.8424306659601,44.311377245509,1,1,190,coarse
115,80,0,0,0,-12.7128259188414,-48.5437457921487,-16.0892240430904,100,18.9167108284755,47.2738733060195,1,1,195,coarse
115,85,0,0,0,-12.7128259188414,-48.6964827674271,-16.0892283892764,100,15.9777424483307,49.6983476655711,1,1,200,coarse
115,90,0,0,0,-12.7128259188414,-48.8184768360262,-16.0892296290994,100,13.3762550087794,52.0417810994552,1,1,205,coarse
115,95,0,0,0,-12.7128636636328,-48.9466684258654,-16.0920638003974,100,10.8099590293098,54.6080770789249,1,1,210,coarse
115,100,0,0,0,-12.7128714451373,-49.164040347666,-16.0925113516424,100,8.08501168354289,57.4152446985728,1,1,215,coarse
115,105,0,0,0,-12.7128863393351,-49.8309360552849,-16.0925113516424,100,5.49460331590075,60.0963486560713,1,1,220,coarse
115,110,0,0,0,-12.7128863393351,-50.5102134343496,-16.0925113516424,100,2.81072660509625,62.7797037503939,1,1,225,coarse
115,115,0,0,0,-12.7128863393351,-51.0302874410607,-16.0925113516424,100,0,65.4180361082347,1,1,230,coarse
120,0,0.638711469036379,0.638711469036379,0.44432102193835,4.40220987255793,-14.6658012961251,1.395097565184,99.3612885309636,68.0090945927693,0,0,0,120,coarse
120,0.5,0.583171341294085,0.583171341294085,0.430435990002777,3.51999865075844,-14.8403443059228,0.410809993245791,99.4168286587059,67.9978389086489,0.0112556841204808,0,0,120.5,coarse
120,1,0.499861149680644,0.499861149680644,0.374895862260483,3.51999865075844,-15.0257802007999,-2.38463321719788,99.5001388503194,67.9685741299356,0.0445087348392122,0,0,121,coarse
120,2,0.194390447098028,0.194390447098028,0.0833101916134407,-2.22552985334107,-16.5223566868449,-5.40545450766632,99.805609552902,67.8807797937959,0.222543674196061,0,0,122,coarse
120,3,0.138850319355735,0.138850319355735,0.0694251596778673,-4.14449181845622,-17.1019832489968,-5.5763148629812,99.8611496806443,67.7457115843501,0.369422499165461,0,0,123,coarse
120,5,0.138850319355735,0.138850319355735,0.0277700638711469,-4.14449181845622,-18.1808260058523,-5.5763148629812,99.8611496806443,67.3134933141236,0.727717814621119,0,0,125,coarse
120,10,0.0555401277422938,0.0555401277422938,0,-4.14449181845622,-20.6663435481683,-6.21401057396657,99.9444598722577,65.1919439189941,2.879203998019,0,1,130,coarse
120,15,0,0,0,-7.5376755357224,-23.6301492851477,-10.0623138510663,100,61.7269389117614,6.58673379261615,1,1,135,coarse
120,20,0,0,0,-12.7107332656277,-25.8352409274121,-15.5054437666734,100,58.4620233217775,9.82821056350468,1,1,140,coarse
120,25,0,0,0,-12.7107332656277,-26.938090760823,-15.5054437666734,100,55.8236909639368,12.3311449872037,1,1,145,coarse
120,30,0,0,0,-12.7107332656277,-29.4847838303385,-15.5054437666734,100,52.7779028409347,15.4868142873039,1,1,150,coarse
120,35,0,0,0,-12.7107332656277,-31.7840192822763,-15.5054437666734,100,49.4327135203278,18.5763810724416,1,1,155,coarse
120,40,0,0,0,-12.7107332656277,-34.2266798348784,-15.5087965987317,100,45.3722042950929,22.8557921750484,1,1,160,coarse
120,45,0,0,0,-12.712751146096,-40.788085533513,-16.0891066731349,100,40.474297827239,28.0041420917563,1,1,165,coarse
120,50,0,0,0,-12.712751146096,-47.922820937459,-16.0891408926304,100,37.7980922098569,31.0206654360452,1,1,170,coarse
120,55,0,0,0,-12.712751146096,-48.1256662432691,-16.0891408926304,100,35.2411234764176,33.753545540498,1,1,175,coarse
120,60,0,0,0,-12.7127558522619,-48.1256662432691,-16.089153172426,100,32.7327327327327,36.2568096888929,1,1,180,coarse
120,65,0,0,0,-12.7127558522619,-48.1691832682377,-16.0892084267373,100,30.1205617382088,38.9401647832155,1,1,185,coarse
120,70,0,0,0,-12.7128036927783,-48.4002990436438,-16.0892189375587,100,27.4708532061473,41.3758948268876,1,1,190,coarse
120,75,0,0,0,-12.7128259188414,-48.6040930515927,-16.0892189375587,100,24.6996996996997,44.311377245509,1,1,195,coarse
120,80,0,0,0,-12.7128259188414,-48.7572636982657,-16.0892240430904,100,21.7739798622152,47.2738733060195,1,1,200,coarse
120,85,0,0,0,-12.7128259188414,-49.0472332815336,-16.0892283892764,100,18.8350114820703,49.6983476655711,1,1,205,coarse
120,90,0,0,0,-12.7128259188414,-49.164040347666,-16.0892296290994,100,16.1054857015689,52.0417810994552,1,1,210,coarse
120,95,0,0,0,-12.7128636636328,-49.2971461381975,-16.0920638003974,100,13.7020140202515,54.6080770789249,1,1,215,coarse
120,100,0,0,0,-12.7128714451373,-49.5535766288962,-16.0925113516424,100,11.2184266162234,57.4152446985728,1,1,220,coarse
120,105,0,0,0,-12.7128863393351,-50.2524049122384,-16.0925113516424,100,8.62801824858128,60.0963486560713,1,1,225,coarse
120,110,0,0,0,-12.7128863393351,-50.8364795869369,-16.0925113516424,100,5.94414153777679,62.7797037503939,1,1,230,coarse
120,115,0,0,0,-12.7128863393351,-51.1830757255035,-16.0925113516424,100,3.13341493268054,65.4180361082347,1,1,235,coarse
120,120,0,0,0,-12.7128863393351,-51.9692222083776,-16.0925113516424,100,0,68.0090945927693,1,1,240,coarse
125,0,0.638711469036379,0.638711469036379,0.44432102193835,4.40220987255793,-14.6658012961251,1.395097565184,99.3612885309636,70.8912874151552,0,0,0,125,coarse
125,0.5,0.583171341294085,0.583171341294085,0.430435990002777,3.51999865075844,-14.8403443059228,0.410809993245791,99.4168286587059,70.8801602314454,0.0112556841204808,0,0,125.5,coarse
125,1,0.499861149680644,0.499861149680644,0.374895862260483,3.51999865075844,-15.0257802007999,-2.38463321719788,99.5001388503194,70.846778680316,0.0445087348392122,0,0,126,coarse
125,2,0.194390447098028,0.194390447098028,0.0833101916134407,-2.22552985334107,-16.563057777447,-5.40545450766632,99.805609552902,70.6687437409592,0.222543674196061,0,0,127,coarse
125,3,0.138850319355735,0.138850319355735,0.0694251596778673,-4.14449181845622,-17.1399528157054,-5.5763148629812,99.8611496806443,70.5218649159898,0.369422499165461,0,0,128,coarse
125,5,0.138850319355735,0.138850319355735,0.0277700638711469,-4.14449181845622,-18.1941513863026,-5.5763148629812,99.8611496806443,70.1635696005341,0.727717814621119,0,0,130,coarse
125,10,0.0555401277422938,0.0555401277422938,0,-4.14449181845622,-20.7779159367451,-6.21401057396657,99.9444598722577,68.2964281740292,2.879203998019,0,1,135,coarse
125,15,0,0,0,-7.5376755357224,-23.6477603311604,-10.0623138510663,100,64.8314231667965,6.58673379261615,1,1,140,coarse
125,20,0,0,0,-12.7107332656277,-26.0121087148958,-15.5054437666734,100,61.3463892288862,9.82821056350468,1,1,145,coarse
125,25,0,0,0,-12.7107332656277,-27.0400912258683,-15.5054437666734,100,58.5601424279515,12.3311449872037,1,1,150,coarse
125,30,0,0,0,-12.7107332656277,-29.5187886566603,-15.5054437666734,100,55.4882715771465,15.4868142873039,1,1,155,coarse
125,35,0,0,0,-12.7107332656277,-31.8761186861978,-15.5054437666734,100,52.4045843996884,18.5763810724416,1,1,160,coarse
125,40,0,0,0,-12.7107332656277,-34.268225517489,-15.5087965987317,100,48.476688550128,22.8557921750484,1,1,165,coarse
125,45,0,0,0,-12.712751146096,-41.0115413487988,-16.0891066731349,100,43.5495716034272,28.0041420917563,1,1,170,coarse
125,50,0,0,0,-12.712751146096,-48.345901713623,-16.0891408926304,100,40.7436848613319,31.0206654360452,1,1,175,coarse
125,55,0,0,0,-12.712751146096,-48.4319670015235,-16.0891408926304,100,38.1867161278926,33.753545540498,1,1,180,coarse
125,60,0,0,0,-12.7127558522619,-48.4725855955008,-16.089153172426,100,35.6783253842077,36.2568096888929,1,1,185,coarse
125,65,0,0,0,-12.7127558522619,-48.5764400419058,-16.0892084267373,100,33.0661543896838,38.9401647832155,1,1,190,coarse
125,70,0,0,0,-12.7128036927783,-48.6562716178255,-16.0892189375587,100,30.4164458576223,41.3758948268876,1,1,195,coarse
125,75,0,0,0,-12.7128259188414,-48.6922929999793,-16.0892189375587,100,27.6452923511747,44.311377245509,1,1,200,coarse
125,80,0,0,0,-12.7128259188414,-48.8069708972971,-16.0892240430904,100,24.7195725136902,47.2738733060195,1,1,205,coarse
125,85,0,0,0,-12.7128259188414,-49.0922196178583,-16.0892283892764,100,21.809280071214,49.6983476655711,1,1,210,coarse
125,90,0,0,0,-12.7128259188414,-49.1893524222549,-16.0892296290994,100,19.209969956604,52.0417810994552,1,1,215,coarse
125,95,0,0,0,-12.7128636636328,-49.3899886867012,-16.0920638003974,100,16.8064982752865,54.6080770789249,1,1,220,coarse
125,100,0,0,0,-12.7128714451373,-49.6986512845137,-16.0925113516424,100,14.3229108712585,57.4152446985728,1,1,225,coarse
125,105,0,0,0,-12.7128863393351,-50.2929318604971,-16.0925113516424,100,11.7325025036163,60.0963486560713,1,1,230,coarse
125,110,0,0,0,-12.7128863393351,-50.8621272820912,-16.0925113516424,100,9.04862579281184,62.7797037503939,1,1,235,coarse
125,115,0,0,0,-12.7128863393351,-51.2318867176725,-16.0925113516424,100,6.23789918771559,65.4180361082347,1,1,240,coarse
125,120,0,0,0,-12.7128863393351,-52.1000455145946,-16.0925113516424,100,3.10448425503505,68.0090945927693,1,1,245,coarse
125,125,0,0,0,-12.7128863393351,-53.4773651038016,-16.0925113516424,100,0,70.8912874151552,1,1,250,coarse
130,0,0.638711469036379,0.638711469036379,0.44432102193835,4.40220987255793,-14.6658012961251,1.395097565184,99.3612885309636,74.1114943807722,0,0,0,130,coarse
130,0.5,0.583171341294085,0.583171341294085,0.430435990002777,3.51999865075844,-14.8518134659004,0.410809993245791,99.4168286587059,74.1003671970624,0.0112556841204808,0,0,130.5,coarse
130,1,0.499861149680644,0.499861149680644,0.374895862260483,3.51999865075844,-15.0417947334962,-2.38463321719788,99.5001388503194,74.066985645933,0.0445087348392122,0,0,131,coarse
130,2,0.194390447098028,0.194390447098028,0.0833101916134407,-2.22552985334107,-16.563057777447,-5.40545450766632,99.805609552902,73.8889507065762,0.222543674196061,0,0,132,coarse
130,3,0.138850319355735,0.138850319355735,0.0694251596778673,-4.14449181845622,-17.1399528157054,-5.5763148629812,99.8611496806443,73.7420718816068,0.369422499165461,0,0,133,coarse
130,5,0.138850319355735,0.138850319355735,0.0277700638711469,-4.14449181845622,-18.1941513863026,-5.5763148629812,99.8611496806443,73.3837765661511,0.727717814621119,0,0,135,coarse
130,10,0.0555401277422938,0.0555401277422938,0,-4.14449181845622,-20.7779159367451,-6.21401057396657,99.9444598722577,71.5166351396462,2.879203998019,0,1,140,coarse
130,15,0,0,0,-7.5376755357224,-23.6477603311604,-10.0623138510663,100,68.0516301324135,6.58673379261615,1,1,145,coarse
130,20,0,0,0,-12.7107332656277,-26.1102158729671,-15.5054437666734,100,64.5665961945032,9.82821056350468,1,1,150,coarse
130,25,0,0,0,-12.7107332656277,-27.0939340330942,-15.5054437666734,100,61.7803493935685,12.3311449872037,1,1,155,coarse
130,30,0,0,0,-12.7107332656277,-29.6176528905023,-15.5054437666734,100,58.6331097204088,15.4868142873039,1,1,160,coarse
130,35,0,0,0,-12.7107332656277,-31.9508408714596,-15.5054437666734,100,55.6247913653054,18.5763810724416,1,1,165,coarse
130,40,0,0,0,-12.7107332656277,-34.3515732877435,-15.5087965987317,100,51.696895515745,22.8557921750484,1,1,170,coarse
130,45,0,0,0,-12.712751146096,-41.152765786221,-16.0891066731349,100,46.7697785690442,28.0041420917563,1,1,175,coarse
130,50,0,0,0,-12.712751146096,-48.345901713623,-16.0891408926304,100,43.9476240946829,31.0206654360452,1,1,180,coarse
130,55,0,0,0,-12.712751146096,-48.4179866087813,-16.0891408926304,100,41.3906553612436,33.753545540498,1,1,185,coarse
130,60,0,0,0,-12.7127558522619,-48.5172305083508,-16.089153172426,100,38.8822646175587,36.2568096888929,1,1,190,coarse
130,65,0,0,0,-12.7127558522619,-48.5433641541564,-16.0892084267373,100,36.2700936230348,38.9401647832155,1,1,195,coarse
130,70,0,0,0,-12.7128036927783,-48.6144410721431,-16.0892189375587,100,33.6203850909733,41.3758948268876,1,1,200,coarse
130,75,0,0,0,-12.7128259188414,-48.6758323273497,-16.0892189375587,100,30.8492315845257,44.311377245509,1,1,205,coarse
130,80,0,0,0,-12.7128259188414,-48.8032310997067,-16.0892240430904,100,27.9235117470412,47.2738733060195,1,1,210,coarse
130,85,0,0,0,-12.7128259188414,-49.0597323227592,-16.0892283892764,100,25.029487036831,49.6983476655711,1,1,215,coarse
130,90,0,0,0,-12.7128259188414,-49.1707285585249,-16.0892296290994,100,22.430176922221,52.0417810994552,1,1,220,coarse
130,95,0,0,0,-12.7128636636328,-49.3243443967081,-16.0920638003974,100,20.0267052409035,54.6080770789249,1,1,225,coarse
130,100,0,0,0,-12.7128714451373,-49.5853963487337,-16.0925113516424,100,17.5431178368755,57.4152446985728,1,1,230,coarse
130,105,0,0,0,-12.7128863393351,-50.2730743225221,-16.0925113516424,100,14.9527094692333,60.0963486560713,1,1,235,coarse
130,110,0,0,0,-12.7128863393351,-50.8616980050225,-16.0925113516424,100,12.2688327584288,62.7797037503939,1,1,240,coarse
130,115,0,0,0,-12.7128863393351,-51.2413505488542,-16.0925113516424,100,9.45810615333259,65.4180361082347,1,1,245,coarse
130,120,0,0,0,-12.7128863393351,-52.1344076470404,-16.0925113516424,100,6.34003220754009,68.0090945927693,1,1,250,coarse
130,125,0,0,0,-12.7128863393351,-53.4827217560457,-16.0925113516424,100,3.35090776731155,70.8912874151552,1,1,255,coarse
130,130,0,0,0,-12.7128863393351,-54.5270530729923,-16.0925113516424,100,0,74.1114943807722,1,1,260,coarse
135,0,0.638711469036379,0.638711469036379,0.44432102193835,4.40220987255793,-14.6736874903672,1.395097565184,99.3612885309636,77.5987537554245,0,0,0,135,coarse
135,0.5,0.583171341294085,0.583171341294085,0.430435990002777,3.51999865075844,-14.8720299186615,0.410809993245791,99.4168286587059,77.5876265717147,0.0112556841204808,0,0,135.5,coarse
135,1,0.499861149680644,0.499861149680644,0.374895862260483,3.51999865075844,-15.0642969794846,-2.38463321719788,99.5001388503194,77.5542450205853,0.0445087348392122,0,0,136,coarse
135,2,0.194390447098028,0.194390447098028,0.0833101916134407,-2.22552985334107,-16.5997384128737,-5.40545450766632,99.805609552902,77.3762100812284,0.222543674196061,0,0,137,coarse
135,3,0.138850319355735,0.138850319355735,0.0694251596778673,-4.14449181845622,-17.1878029859969,-5.5763148629812,99.8611496806443,77.229331256259,0.369422499165461,0,0,138,coarse
135,5,0.138850319355735,0.138850319355735,0.0277700638711469,-4.14449181845622,-18.1990961390427,-5.5763148629812,99.8611496806443,76.8710359408034,0.727717814621119,0,0,140,coarse
135,10,0.0555401277422938,0.0555401277422938,0,-4.14449181845622,-20.842253156524,-6.21401057396657,99.9444598722577,75.0038945142984,2.879203998019,0,1,145,coarse
135,15,0,0,0,-7.5376755357224,-23.7849402176646,-10.0623138510664,100,71.5388895070658,6.58673379261615,1,1,150,coarse
135,20,0,0,0,-14.7949767429673,-26.2453297982589,-15.8923838170759,100,68.0538555691554,9.82821056350468,1,1,155,coarse
135,25,0,0,0,-14.7949767429673,-27.3910820235268,-15.8923838170759,100,65.2676087682208,12.3311449872037,1,1,160,coarse
135,30,0,0,0,-14.7949767429673,-29.729248466208,-15.9226308530607,100,62.1119394681206,15.4868142873039,1,1,165,coarse
135,35,0,0,0,-14.7949767429673,-32.145739732266,-16.2017123541633,100,59.1120507399577,18.5763810724416,1,1,170,coarse
135,40,0,0,0,-14.7949767429673,-34.4717166863726,-16.3671200873964,100,55.1841548903972,22.8557921750484,1,1,175,coarse
135,45,0,0,0,-15.4742669028478,-41.2125567445411,-25.3263949287855,100,50.3201731142908,28.0041420917563,1,1,180,coarse
135,50,0,0,0,-28.2236032361967,-48.3562862644904,-33.1317271131444,100,47.6439674969087,31.0206654360452,1,1,185,coarse
135,55,0,0,0,-28.2236032361967,-48.4012849900067,-33.1317271131444,100,45.0869987634694,33.753545540498,1,1,190,coarse
135,60,0,0,0,-28.2236032361967,-48.5035835997876,-33.1317271131444,100,42.5786080197845,36.2568096888929,1,1,195,coarse
135,65,0,0,0,-28.2236608375072,-48.5216731611205,-33.1319471920812,100,39.9664370252606,38.9401647832155,1,1,200,coarse
135,70,0,0,0,-28.2236608375072,-48.6144410721431,-33.1470419324837,100,37.3167284931991,41.3758948268876,1,1,205,coarse
135,75,0,0,0,-28.2247613446912,-48.6758323273496,-33.1476324699226,100,34.5455749867515,44.311377245509,1,1,210,coarse
135,80,0,0,0,-28.2252218170449,-48.8032310997067,-33.1476324699226,100,31.6198551492669,47.2738733060195,1,1,215,coarse
135,85,0,0,0,-28.2252218170449,-49.0597323227592,-33.1479293362618,100,28.6808867691221,49.6983476655711,1,1,220,coarse
135,90,0,0,0,-28.2252218170449,-49.1707285585249,-33.1526216669391,100,25.9174362968733,52.0417810994552,1,1,225,coarse
135,95,0,0,0,-28.2252430037802,-49.3243443967081,-33.1526315526988,100,23.5139646155558,54.6080770789249,1,1,230,coarse
135,100,0,0,0,-28.2252484878482,-49.5853963487337,-33.1526341268416,100,21.0303772115278,57.4152446985728,1,1,235,coarse
135,105,0,0,0,-28.269083422077,-50.2730743225221,-33.1526341268416,100,18.4399688438856,60.0963486560713,1,1,240,coarse
135,110,0,0,0,-28.269083422077,-50.8616980050225,-33.1526341268416,100,15.7560921330811,62.7797037503939,1,1,245,coarse
135,115,0,0,0,-28.269083422077,-51.2413505488542,-33.1526341268416,100,12.9453655279849,65.4180361082347,1,1,250,coarse
135,120,0,0,0,-28.269083422077,-52.1344076470404,-33.1534847972104,100,10.0924312280779,68.0090945927693,1,1,255,coarse
135,125,0,0,0,-28.269083422077,-53.4827217560457,-33.1534847972104,100,7.10330678784937,70.8912874151552,1,1,260,coarse
135,130,0,0,0,-28.269083422077,-54.5756190661417,-33.1534847972104,100,3.75239902053782,74.1114943807722,1,1,265,coarse
135,135,0,0,0,-28.269083422077,-56.3139646940679,-33.1535685055578,100,0,77.5987537554245,1,1,270,coarse
140,0,0.638711469036379,0.638711469036379,0.44432102193835,4.40220987255793,-14.6736874903672,1.395097565184,99.3612885309636,81.3641927228219,0,0,0,140,coarse
140,0.5,0.583171341294085,0.583171341294085,0.430435990002777,3.51999865075844,-14.8720299186615,0.410809993245791,99.4168286587059,81.3530655391121,0.0112556841204808,0,0,140.5,coarse
140,1,0.499861149680644,0.499861149680644,0.374895862260483,3.51999865075844,-15.0642969794846,-2.38463321719788,99.5001388503194,81.3196839879826,0.0445087348392122,0,0,141,coarse
140,2,0.194390447098028,0.194390447098028,0.0833101916134407,-2.22552985334107,-16.5997384128737,-5.40545450766632,99.805609552902,81.1416490486258,0.222543674196061,0,0,142,coarse
140,3,0.138850319355735,0.138850319355735,0.0694251596778673,-4.14449181845622,-17.1878029859969,-5.5763148629812,99.8611496806443,80.9947702236564,0.369422499165461,0,0,143,coarse
140,5,0.138850319355735,0.138850319355735,0.0277700638711469,-4.14449181845622,-18.1990961390427,-5.5763148629812,99.8611496806443,80.6364749082007,0.727717814621119,0,0,145,coarse
140,10,0.0555401277422938,0.0555401277422938,0,-4.14449181845622,-20.842253156524,-6.21401057396657,99.9444598722577,78.7693334816958,2.879203998019,0,1,150,coarse
140,15,0,0,0,-7.5376755357224,-23.7849402176646,-10.0623138510665,100,75.3043284744631,6.58673379261615,1,1,155,coarse
140,20,0,0,0,-14.7949767429673,-26.2453297982589,-15.8923838170759,100,71.8192945365528,9.82821056350468,1,1,160,coarse
140,25,0,0,0,-14.7949767429673,-27.3910820235268,-15.8923838170759,100,69.0330477356181,12.3311449872037,1,1,165,coarse
140,30,0,0,0,-14.7949767429673,-29.8049012176238,-15.9226308530607,100,65.877378435518,15.4868142873039,1,1,170,coarse
140,35,0,0,0,-14.7949767429673,-32.1621710724281,-16.2017123541633,100,62.8774897073551,18.5763810724416,1,1,175,coarse
140,40,0,0,0,-14.7949767429673,-34.4896327688534,-16.3671200873964,100,58.9495938577946,22.8557921750484,1,1,180,coarse
140,45,0,0,0,-15.4742669028478,-41.2929985282606,-25.3263949287855,100,54.45592651475,28.0041420917563,1,1,185,coarse
140,50,0,0,0,-36.8933314369086,-48.3451552792106,-39.2413374252953,100,51.779720897368,31.0206654360452,1,1,190,coarse
140,55,0,0,0,-38.2411321185385,-48.3860433766848,-39.2413374252953,100,49.2227521639286,33.753545540498,1,1,195,coarse
140,60,0,0,0,-38.2411321185385,-48.4823772549992,-39.2434228623155,100,46.7143614202438,36.2568096888929,1,1,200,coarse
140,65,0,0,0,-38.2429057442629,-48.5144304424156,-39.2434228623155,100,44.1021904257198,38.9401647832155,1,1,205,coarse
140,70,0,0,0,-38.2429057442629,-48.5825203690927,-39.2434228623155,100,41.4524818936584,41.3758948268876,1,1,210,coarse
140,75,0,0,0,-38.2429057442629,-48.6562716178255,-39.2434228623155,100,38.6813283872107,44.311377245509,1,1,215,coarse
140,80,0,0,0,-38.2429057442629,-48.7590575623787,-39.2519727646532,100,35.7556085497262,47.2738733060195,1,1,220,coarse
140,85,0,0,0,-38.2488489364718,-49.0597323227592,-39.2519727646532,100,32.8166401695813,49.6983476655711,1,1,225,coarse
140,90,0,0,0,-38.2488489364718,-49.1707285585249,-39.2519727646532,100,30.0035329447094,52.0417810994552,1,1,230,coarse
140,95,0,0,0,-38.2488489364718,-49.3243443967081,-39.2519727646532,100,27.2794035829532,54.6080770789249,1,1,235,coarse
140,100,0,0,0,-38.249124136219,-49.5853963487337,-39.2723037708833,100,24.7958161789251,57.4152446985728,1,1,240,coarse
140,105,0,0,0,-38.2664553415062,-50.2730743225221,-39.2730748783408,100,22.205407811283,60.0963486560713,1,1,245,coarse
140,110,0,0,0,-38.2664553415062,-50.8616980050225,-39.2730748783408,100,19.5215311004785,62.7797037503939,1,1,250,coarse
140,115,0,0,0,-38.2664553415062,-51.2413505488542,-39.2730748783408,100,17.0633782621164,65.4180361082347,1,1,255,coarse
140,120,0,0,0,-38.2664553415062,-52.1344076470404,-39.2730748783408,100,14.2794114402947,68.0090945927693,1,1,260,coarse
140,125,0,0,0,-38.2664553415062,-53.4827217560457,-39.2730748783408,100,11.2902870000662,70.8912874151552,1,1,265,coarse
140,130,0,0,0,-38.2664553415062,-54.5756190661417,-39.2730748783408,100,7.93937923275463,74.1114943807722,1,1,270,coarse
140,135,0,0,0,-38.266912983748,-56.3139646940679,-39.4516798559332,100,4.18698021221681,77.5987537554245,1,1,275,coarse
140,140,0,0,0,-44.7322594906042,-57.9832836135601,-46.3045787833515,100,0,81.3641927228219,1,1,280,coarse
145,0,0.638711469036379,0.638711469036379,0.44432102193835,4.40220987255793,-14.6736874903672,1.395097565184,99.3612885309636,85.029487036831,0,0,0,145,coarse
145,0.5,0.583171341294085,0.583171341294085,0.430435990002777,3.51999865075844,-14.8720299186615,0.410809993245791,99.4168286587059,85.0183598531212,0.0112556841204808,0,0,145.5,coarse
145,1,0.499861149680644,0.499861149680644,0.374895862260483,3.51999865075844,-15.0642969794846,-2.38463321719788,99.5001388503194,84.9849783019918,0.0445087348392122,0,0,146,coarse
145,2,0.194390447098028,0.194390447098028,0.0833101916134407,-2.22552985334107,-16.5997384128737,-5.40545450766632,99.805609552902,84.8069433626349,0.222543674196061,0,0,147,coarse
145,3,0.138850319355735,0.138850319355735,0.0694251596778673,-4.14449181845622,-17.1878029859969,-5.5763148629812,99.8611496806443,84.6600645376655,0.369422499165461,0,0,148,coarse
145,5,0.138850319355735,0.138850319355735,0.0277700638711469,-4.14449181845622,-18.1990961390427,-5.5763148629812,99.8611496806443,84.3017692222099,0.727717814621119,0,0,150,coarse
145,10,0.0555401277422938,0.0555401277422938,0,-4.14449181845622,-20.842253156524,-6.21401057396657,99.9444598722577,82.4346277957049,2.879203998019,0,1,155,coarse
145,15,0,0,0,-7.5376755357224,-23.7849402176646,-10.0623138510665,100,78.9696227884722,6.58673379261615,1,1,160,coarse
145,20,0,0,0,-14.7949767429673,-26.2453297982589,-15.8923838170759,100,75.4845888505619,9.82821056350468,1,1,165,coarse
145,25,0,0,0,-14.7949767429673,-27.3910820235268,-15.8923838170759,100,72.6983420496272,12.3311449872037,1,1,170,coarse
145,30,0,0,0,-14.7949767429673,-29.8049012176238,-15.9226308530607,100,69.5426727495271,15.4868142873039,1,1,175,coarse
145,35,0,0,0,-14.7949767429673,-32.1621710724281,-16.2017123541633,100,66.5427840213642,18.5763810724416,1,1,180,coarse
145,40,0,0,0,-14.7949767429673,-34.4896327688534,-16.3671200873964,100,62.7693870340929,22.8557921750484,1,1,185,coarse
145,45,0,0,0,-15.4742669028478,-41.2929985282606,-25.3263949287855,100,58.4812753930401,28.0041420917563,1,1,190,coarse
145,50,0,0,0,-36.8933314369086,-48.3451552792106,-39.2413374252953,100,55.805069775658,31.0206654360452,1,1,195,coarse
145,55,0,0,0,-38.2411321185385,-48.3860433766848,-39.2413374252953,100,53.2481010422187,33.753545540498,1,1,200,coarse
145,60,0,0,0,-38.2411321185385,-48.4823772549992,-39.2434228623155,100,50.7397102985338,36.2568096888929,1,1,205,coarse
145,65,0,0,0,-38.2429057442629,-48.5144304424156,-39.2434228623155,100,48.1275393040099,38.9401647832155,1,1,210,coarse
145,70,0,0,0,-38.2429057442629,-48.5825203690927,-39.2434228623155,100,45.4778307719484,41.3758948268876,1,1,215,coarse
145,75,0,0,0,-38.2429057442629,-48.6562716178255,-39.2434228623155,100,42.7066772655008,44.311377245509,1,1,220,coarse
145,80,0,0,0,-38.2429057442629,-48.7590575623787,-39.2519727646532,100,39.7809574280163,47.2738733060195,1,1,225,coarse
145,85,0,0,0,-38.2488489364718,-49.0597323227592,-39.2519727646532,100,36.8419890478714,49.6983476655711,1,1,230,coarse
145,90,0,0,0,-38.2488489364718,-49.1707285585249,-39.2519727646532,100,34.0288818229995,52.0417810994552,1,1,235,coarse
145,95,0,0,0,-38.2488489364718,-49.3243443967081,-39.2519727646532,100,31.1605723370429,54.6080770789249,1,1,240,coarse
145,100,0,0,0,-38.249124136219,-49.5853963487337,-39.2723037708833,100,28.5329447094153,57.4152446985728,1,1,245,coarse
145,105,0,0,0,-38.2664553415062,-50.2730743225221,-39.2730748783408,100,25.9958487899664,60.0963486560713,1,1,250,coarse
145,110,0,0,0,-38.2664553415062,-50.8616980050225,-39.2730748783408,100,23.3549726196785,62.7797037503939,1,1,255,coarse
145,115,0,0,0,-38.2664553415062,-51.2413505488542,-39.2730748783408,100,20.8951931349408,65.4180361082347,1,1,260,coarse
145,120,0,0,0,-38.2664553415062,-52.1344076470404,-39.2730748783408,100,18.1112263131191,68.0090945927693,1,1,265,coarse
145,125,0,0,0,-38.2664553415062,-53.4827217560457,-39.2730748783408,100,15.1221018728905,70.8912874151552,1,1,270,coarse
145,130,0,0,0,-38.2664553415062,-54.5756190661417,-39.2730748783408,100,11.8574456809751,74.1114943807722,1,1,275,coarse
145,135,0,0,0,-38.266912983748,-56.3139646940679,-39.4516798559332,100,8.16110227874934,77.5987537554245,1,1,280,coarse
145,140,0,0,0,-44.7322594906042,-57.9832836135601,-46.3045787833515,100,4.02534887829006,81.3641927228219,1,1,285,coarse
145,145,0,0,0,-48.1911938194599,-60.0063222650032,-50.0073482337431,100,0,85.029487036831,1,1,290,coarse
165.475781687011,0,0.638711469036379,0.638711469036379,0.44432102193835,4.40220987255793,-14.6736874903672,1.395097565184,99.3612885309636,100,0,0,0,165.475781687011,coarse
165.475781687011,0.5,0.583171341294085,0.583171341294085,0.430435990002777,3.51999865075844,-14.8720299186615,0.410809993245791,99.4168286587059,100,0.0112556841204808,0,0,165.975781687011,coarse
165.475781687011,1,0.499861149680644,0.499861149680644,0.374895862260483,3.51999865075844,-15.0642969794846,-2.38463321719788,99.5001388503194,99.9823352764529,0.0445087348392122,0,0,166.475781687011,coarse
165.475781687011,2,0.194390447098028,0.194390447098028,0.0833101916134407,-2.22552985334107,-16.5997384128737,-5.40545450766632,99.805609552902,99.9160925631514,0.222543674196061,0,0,167.475781687011,coarse
165.475781687011,3,0.138850319355735,0.138850319355735,0.0694251596778673,-4.14449181845622,-17.1878029859963,-5.5763148629812,99.8611496806443,99.8255608549726,0.369422499165461,0,0,168.475781687011,coarse
165.475781687011,5,0.138850319355735,0.138850319355735,0.0277700638711469,-4.14449181845622,-18.1990961390427,-5.5763148629812,99.8611496806443,99.4281045751634,0.727717814621119,0,0,170.475781687011,coarse
165.475781687011,10,0.0555401277422938,0.0555401277422938,0,-4.14449181845622,-20.842253156524,-6.21401057396657,99.9444598722577,97.4051407588739,2.879203998019,0,1,175.475781687011,coarse
165.475781687011,15,0,0,0,-7.5376755357224,-23.7849402176646,-10.0623138510666,100,93.9401357516413,6.58673379261615,1,1,180.475781687011,coarse
165.475781687011,20,0,0,0,-14.7949767429673,-26.2453297982589,-15.8923838170759,100,90.5009816681741,9.82821056350468,1,1,185.475781687011,coarse
165.475781687011,25,0,0,0,-14.7949767429673,-27.3910820235268,-15.8923838170759,100,87.8145963711674,12.3311449872037,1,1,190.475781687011,coarse
165.475781687011,30,0,0,0,-14.7949767429673,-29.8049012176238,-15.9226308530607,100,84.8900370959195,15.4868142873039,1,1,195.475781687011,coarse
165.475781687011,35,0,0,0,-14.7949767429673,-32.1621710724281,-16.2017123541633,100,81.7497959453795,18.5763810724416,1,1,200.475781687011,coarse
165.475781687011,40,0,0,0,-14.7949767429673,-34.4896327688534,-16.3671200873964,100,78.1906906906907,22.8557921750484,1,1,205.475781687011,coarse
165.475781687011,45,0,0,0,-15.4742669028478,-41.2929985282606,-25.3263949287855,100,73.9025790496379,28.0041420917563,1,1,210.475781687011,coarse
165.475781687011,50,0,0,0,-36.8933314369086,-48.3451552792106,-39.2413374252953,100,71.2263734322558,31.0206654360452,1,1,215.475781687011,coarse
165.475781687011,55,0,0,0,-38.2411321185385,-48.3860433766848,-39.2413374252953,100,68.6694046988165,33.753545540498,1,1,220.475781687011,coarse
165.475781687011,60,0,0,0,-38.2411321185385,-48.4823772549994,-39.2434228623155,100,66.1610139551316,36.2568096888929,1,1,225.475781687011,coarse
165.475781687011,65,0,0,0,-38.2429057442629,-48.5144304424156,-39.2434228623155,100,63.5488429606077,38.9401647832155,1,1,230.475781687011,coarse
165.475781687011,70,0,0,0,-38.2429057442629,-48.5825203690927,-39.2434228623155,100,60.8991344285462,41.3758948268876,1,1,235.475781687011,coarse
165.475781687011,75,0,0,0,-38.2429057442629,-48.6562716178255,-39.2434228623155,100,58.1279809220986,44.311377245509,1,1,240.475781687011,coarse
165.475781687011,80,0,0,0,-38.2429057442629,-48.7590575623787,-39.2519727646532,100,55.202261084614,47.2738733060195,1,1,245.475781687011,coarse
165.475781687011,85,0,0,0,-38.2488489364718,-49.0597323227592,-39.2519727646532,100,52.2632927044692,49.6983476655711,1,1,250.475781687011,coarse
165.475781687011,90,0,0,0,-38.2488489364718,-49.1707285585249,-39.2519727646532,100,49.4501854795972,52.0417810994552,1,1,255.475781687011,coarse
165.475781687011,95,0,0,0,-38.2488489364718,-49.3243443967081,-39.2519727646532,100,46.8399108777658,54.6080770789249,1,1,260.475781687011,coarse
165.475781687011,100,0,0,0,-38.249124136219,-49.5853963487337,-39.2723037708833,100,44.3912554322649,57.4152446985728,1,1,265.475781687011,coarse
165.475781687011,105,0,0,0,-38.2664553415062,-50.2730743225221,-39.2730748783408,100,41.856566146787,60.0963486560713,1,1,270.475781687011,coarse
165.475781687011,110,0,0,0,-38.2664553415062,-50.8616980050225,-39.2730748783408,100,39.5160045002316,62.7797037503939,1,1,275.475781687011,coarse
165.475781687011,115,0,0,0,-38.2664553415062,-51.2413505488542,-39.2730748783408,100,37.0651430588339,65.4180361082347,1,1,280.475781687011,coarse
165.475781687011,120,0,0,0,-38.2664553415062,-52.1344076470404,-39.2730748783408,100,34.2811762370122,68.0090945927693,1,1,285.475781687011,coarse
165.475781687011,125,0,0,0,-38.2664553415062,-53.4827217560457,-39.2730748783408,100,31.2920517967837,70.8912874151552,1,1,290.475781687011,coarse
165.475781687011,130,0,0,0,-38.2664553415062,-54.5756190661417,-39.2730748783408,100,27.9411440294721,74.1114943807722,1,1,295.475781687011,coarse
165.475781687011,135,0,0,0,-38.266912983748,-56.3139646940679,-39.4516798559332,100,24.1887450089343,77.5987537554245,1,1,300.475781687011,coarse
165.475781687011,140,0,0,0,-44.7322594906042,-57.9832836135601,-46.3045787833515,100,20.0017647967175,81.3641927228219,1,1,305.475781687011,coarse
165.475781687011,145,0,0,0,-48.1911938194599,-60.0063222650032,-50.0073482337431,100,16.1699499238931,85.029487036831,1,1,310.475781687011,coarse
165.475781687011,165.475781687011,0,0,0,-2969.09346595255,-2969.09346595255,-2969.09346595255,100,0,100,1,1,330.951563374022,coarse
38,3,0.222160510969175,0.222160510969175,0.166620383226881,6.10004813617158,-16.9507573678077,-3.24764424330847,99.7778394890308,20.739723560398,0.369422499165461,0,0,41,refinement
38,4,0.222160510969175,0.222160510969175,0.124965287420161,6.10004813617158,-17.655551290984,-3.24764424330847,99.7778394890308,20.4898473729233,0.560810058974074,0,0,42,refinement
38,5,0.222160510969175,0.222160510969175,0.124965287420161,6.10004813617158,-18.0898878432255,-3.24764424330847,99.7778394890308,20.3075052901715,0.727717814621119,0,0,43,refinement
38,6,0.222160510969175,0.222160510969175,0.0833101916134407,6.10004813617158,-18.4466683453877,-3.24764424330847,99.7778394890308,19.9495745351402,1.05353203367701,0,0,44,refinement
38,7,0.222160510969175,0.222160510969175,0.0833101916134407,6.10004813617158,-18.7442424978825,-3.24764424330847,99.7778394890308,19.6501733375355,1.3529332312818,0,0,45,refinement
38,8,0.222160510969175,0.222160510969175,0.0833101916134407,6.10004813617158,-19.2840183954877,-3.24764424330847,99.7778394890308,19.1751834676512,1.82792310116609,0,0,46,refinement
38,9,0.222160510969175,0.222160510969175,0.0833101916134407,6.10004813617158,-19.4574382336944,-3.24764424330847,99.7778394890308,18.702444734591,2.30066183422628,0,0,47,refinement
38,10,0.222160510969175,0.222160510969175,0.0833101916134407,6.10004813617158,-20.1163743067675,-3.24764424330847,99.7778394890308,18.1239025707983,2.879203998019,0,0,48,refinement
38,11,0.222160510969175,0.222160510969175,0.0833101916134407,6.10004813617158,-20.488836890067,-3.24764424330847,99.7778394890308,17.5273513124128,3.47575525640448,0,0,49,refinement
38,12,0.222160510969175,0.222160510969175,0.0833101916134407,6.10004813617158,-20.8546910645632,-3.24764424330847,99.7778394890308,17.0095898428706,4.00829454457215,0,0,50,refinement
38,13,0.166620383226881,0.166620383226881,0.0833101916134407,6.10004813617158,-22.0365645898039,-3.32496890265701,99.8333796167731,16.2622124172707,4.82246952835188,0,0,51,refinement
38,14,0.166620383226881,0.166620383226881,0.0833101916134407,6.10004813617158,-22.7248892089529,-3.32496890265701,99.8333796167731,15.4518031605961,5.81611022787493,0,0,52,refinement
38,15,0.166620383226881,0.166620383226881,0.0833101916134407,6.10004813617158,-23.111243368687,-3.32496890265701,99.8333796167731,14.6616541353383,6.58673379261615,0,0,53,refinement
38,16,0.166620383226881,0.166620383226881,0.0833101916134407,6.10004813617158,-23.4379475926367,-3.32496890265701,99.8333796167731,14.0335869614155,7.42139198021551,0,0,54,refinement
38,17,0.166620383226881,0.166620383226881,0.0833101916134407,6.10004813617158,-23.6435181425823,-3.32496890265701,99.8333796167731,13.2794561253433,8.07498675145734,0,0,55,refinement
38,18,0.166620383226881,0.166620383226881,0.0833101916134407,6.09977654751678,-24.0243912634718,-3.32496890265701,99.8333796167731,12.5838548466976,8.77495142201025,0,0,56,refinement
38,19,0.166620383226881,0.166620383226881,0.0833101916134407,6.09977654751678,-24.573042572789,-3.32496890265701,99.8333796167731,11.9782990410157,9.31372549019608,0,0,57,refinement
38,20,0.166620383226881,0.166620383226881,0.0833101916134407,6.09977654751678,-25.0590572133785,-3.32496890265701,99.8333796167731,11.4560352978254,9.82821056350468,0,0,58,refinement
38,21,0.166620383226881,0.166620383226881,0.0833101916134407,6.09977654751678,-25.5015388802292,-3.32496890265701,99.8333796167731,10.8729908603845,10.2941176470588,0,0,59,refinement
38,22,0.166620383226881,0.166620383226881,0.0833101916134407,6.09977654751678,-25.8481469435588,-3.32496890265701,99.8333796167731,10.3057043807123,10.8373078961314,0,0,60,refinement
39,3,0.222160510969175,0.222160510969175,0.166620383226881,6.10004813617158,-16.9507573678077,-3.24764424330847,99.7778394890308,21.6401782900365,0.369422499165461,0,0,42,refinement
39,4,0.222160510969175,0.222160510969175,0.124965287420161,6.10004813617158,-17.655551290984,-3.24764424330847,99.7778394890308,21.3903021025618,0.560810058974074,0,0,43,refinement
39,5,0.222160510969175,0.222160510969175,0.124965287420161,6.10004813617158,-18.0898878432255,-3.24764424330847,99.7778394890308,21.20796001981,0.727717814621119,0,0,44,refinement
39,6,0.222160510969175,0.222160510969175,0.0833101916134407,6.10004813617158,-18.4737267991872,-3.24764424330847,99.7778394890308,20.8500292647787,1.05353203367701,0,0,45,refinement
39,7,0.222160510969175,0.222160510969175,0.0833101916134407,6.10004813617158,-18.7677221239791,-3.24764424330847,99.7778394890308,20.5506280671739,1.3529332312818,0,0,46,refinement
39,8,0.222160510969175,0.222160510969175,0.0833101916134407,6.10004813617158,-19.3007348671755,-3.24764424330847,99.7778394890308,20.0756381972896,1.82792310116609,0,0,47,refinement
39,9,0.222160510969175,0.222160510969175,0.0833101916134407,6.10004813617158,-19.4645199329377,-3.24764424330847,99.7778394890308,19.6028994642294,2.30066183422628,0,0,48,refinement
39,10,0.222160510969175,0.222160510969175,0.0833101916134407,6.10004813617158,-20.1340941687928,-3.24764424330847,99.7778394890308,19.0243573004367,2.879203998019,0,0,49,refinement
39,11,0.222160510969175,0.222160510969175,0.0833101916134407,6.10004813617158,-20.5785702108597,-3.24764424330847,99.7778394890308,18.4278060420512,3.47575525640448,0,0,50,refinement
39,12,0.222160510969175,0.222160510969175,0.0833101916134407,6.10004813617158,-20.8696603163374,-3.24764424330847,99.7778394890308,17.9100445725091,4.00829454457215,0,0,51,refinement
39,13,0.166620383226881,0.166620383226881,0.0833101916134407,6.10004813617158,-22.0564888287205,-3.32496890265701,99.8333796167731,17.1626671469092,4.82246952835188,0,0,52,refinement
39,14,0.166620383226881,0.166620383226881,0.0833101916134407,6.10004813617158,-22.7494843236871,-3.32496890265701,99.8333796167731,16.3522578902346,5.81611022787493,0,0,53,refinement
39,15,0.166620383226881,0.166620383226881,0.0833101916134407,6.10004813617158,-23.1259312459373,-3.32496890265701,99.8333796167731,15.5621088649768,6.58673379261615,0,0,54,refinement
39,16,0.166620383226881,0.166620383226881,0.0833101916134407,6.10004813617158,-23.4379475926367,-3.32496890265701,99.8333796167731,14.934041691054,7.42139198021551,0,0,55,refinement
39,17,0.166620383226881,0.166620383226881,0.0833101916134407,6.10004813617158,-23.6435181425823,-3.32496890265701,99.8333796167731,14.1799108549818,8.07498675145734,0,0,56,refinement
39,18,0.166620383226881,0.166620383226881,0.0833101916134407,6.09977654751678,-24.0243912634718,-3.32496890265701,99.8333796167731,13.4843095763361,8.77495142201025,0,0,57,refinement
39,19,0.166620383226881,0.166620383226881,0.0833101916134407,6.09977654751678,-24.573042572789,-3.32496890265701,99.8333796167731,12.8787537706542,9.31372549019608,0,0,58,refinement
39,20,0.166620383226881,0.166620383226881,0.0833101916134407,6.09977654751678,-25.0590572133785,-3.32496890265701,99.8333796167731,12.3564900274639,9.82821056350468,0,0,59,refinement
39,21,0.166620383226881,0.166620383226881,0.0833101916134407,6.09977654751678,-25.5015388802292,-3.32496890265701,99.8333796167731,11.773445590023,10.2941176470588,0,0,60,refinement
39,22,0.166620383226881,0.166620383226881,0.0833101916134407,6.09977654751678,-25.8481469435588,-3.32496890265701,99.8333796167731,11.2061591103507,10.8373078961314,0,0,61,refinement
40,3,0.222160510969175,0.222160510969175,0.152735351291308,1.94924878210691,-16.9507573678077,-3.24764424330847,99.7778394890308,22.5924091666291,0.369422499165461,0,0,43,refinement
40,4,0.222160510969175,0.222160510969175,0.111080255484588,1.94924878210691,-17.6728233588922,-3.24764424330847,99.7778394890308,22.3425329791545,0.560810058974074,0,0,44,refinement
40,5,0.222160510969175,0.222160510969175,0.111080255484588,1.94924878210691,-18.1195611251351,-3.24764424330847,99.7778394890308,22.1601908964027,0.727717814621119,0,0,45,refinement
40,6,0.222160510969175,0.222160510969175,0.0694251596778673,1.94924878210691,-18.5367900282982,-3.24764424330847,99.7778394890308,21.8022601413714,1.05353203367701,0,0,46,refinement
40,7,0.222160510969175,0.222160510969175,0.0694251596778673,1.94924878210691,-18.7878586342865,-3.24764424330847,99.7778394890308,21.5028589437666,1.3529332312818,0,0,47,refinement
40,8,0.222160510969175,0.222160510969175,0.0694251596778673,1.94924878210691,-19.3634368829156,-3.24764424330847,99.7778394890308,21.0278690738823,1.82792310116609,0,0,48,refinement
40,9,0.222160510969175,0.222160510969175,0.0694251596778673,1.94924878210691,-19.4872639292517,-3.24764424330847,99.7778394890308,20.5551303408221,2.30066183422628,0,0,49,refinement
40,10,0.222160510969175,0.222160510969175,0.0694251596778673,1.94924878210691,-20.1925534208558,-3.24764424330847,99.7778394890308,19.9765881770294,2.879203998019,0,0,50,refinement
40,11,0.222160510969175,0.222160510969175,0.0694251596778673,1.94924878210691,-20.680140799581,-3.24764424330847,99.7778394890308,19.3800369186439,3.47575525640448,0,0,51,refinement
40,12,0.222160510969175,0.222160510969175,0.0694251596778673,1.94924878210691,-21.2269324423687,-3.24764424330847,99.7778394890308,18.8622754491018,4.00829454457215,0,0,52,refinement
40,13,0.166620383226881,0.166620383226881,0.0694251596778673,1.94924878210691,-22.1050576474863,-3.32496890265701,99.8333796167731,18.1148980235019,4.82246952835188,0,0,53,refinement
40,14,0.166620383226881,0.166620383226881,0.0694251596778673,1.94924878210691,-22.8126888681543,-3.32496890265701,99.8333796167731,17.3044887668272,5.81611022787493,0,0,54,refinement
40,15,0.166620383226881,0.166620383226881,0.0694251596778673,1.94924878210691,-23.2316504249079,-3.32496890265701,99.8333796167731,16.5143397415695,6.58673379261615,0,0,55,refinement
40,16,0.166620383226881,0.166620383226881,0.0694251596778673,1.94924878210691,-23.4662914707856,-3.32496890265701,99.8333796167731,15.8862725676467,7.42139198021551,0,0,56,refinement
40,17,0.166620383226881,0.166620383226881,0.0694251596778673,1.94924878210691,-23.6477603311604,-3.32496890265701,99.8333796167731,15.1321417315744,8.07498675145734,0,0,57,refinement
40,18,0.166620383226881,0.166620383226881,0.0694251596778673,1.94858781456256,-24.0243912634718,-3.32496890265701,99.8333796167731,14.4365404529287,8.77495142201025,0,0,58,refinement
40,19,0.166620383226881,0.166620383226881,0.0694251596778673,1.94858781456256,-24.573042572789,-3.32496890265701,99.8333796167731,13.8309846472469,9.31372549019608,0,0,59,refinement
40,20,0.166620383226881,0.166620383226881,0.0694251596778673,1.94858781456256,-25.0590572133785,-3.32496890265701,99.8333796167731,13.3087209040565,9.82821056350468,0,0,60,refinement
40,21,0.166620383226881,0.166620383226881,0.0694251596778673,1.94858781456256,-25.5015388802292,-3.32496890265701,99.8333796167731,12.7256764666156,10.2941176470588,0,0,61,refinement
40,22,0.166620383226881,0.166620383226881,0.0694251596778673,1.94858781456256,-25.8481469435588,-3.32496890265701,99.8333796167731,12.1583899869434,10.8373078961314,0,0,62,refinement
41,3,0.194390447098028,0.194390447098028,0.138850319355735,-0.555772106295848,-16.9616846777108,-4.22181647780476,99.805609552902,23.6054207374724,0.369422499165461,0,0,44,refinement
41,4,0.194390447098028,0.194390447098028,0.0971952235490142,-0.555772106295848,-17.6787854664244,-4.22181647780476,99.805609552902,23.3555445499977,0.560810058974074,0,0,45,refinement
41,5,0.194390447098028,0.194390447098028,0.0971952235490142,-0.555772106295848,-18.1287131011301,-4.22181647780476,99.805609552902,23.173202467246,0.727717814621119,0,0,46,refinement
41,6,0.194390447098028,0.194390447098028,0.0555401277422938,-0.555772106295848,-18.5845278147093,-4.22181647780476,99.805609552902,22.8152717122147,1.05353203367701,0,0,47,refinement
41,7,0.194390447098028,0.194390447098028,0.0555401277422938,-0.555772106295848,-18.8681343479935,-4.22181647780476,99.805609552902,22.5158705146099,1.3529332312818,0,0,48,refinement
41,8,0.194390447098028,0.194390447098028,0.0555401277422938,-0.555772106295848,-19.4574382336944,-4.22181647780476,99.805609552902,22.0408806447256,1.82792310116609,0,0,49,refinement
41,9,0.194390447098028,0.194390447098028,0.0555401277422938,-0.555772106295848,-19.5658509291431,-4.22181647780476,99.805609552902,21.5681419116654,2.30066183422628,0,0,50,refinement
41,10,0.194390447098028,0.194390447098028,0.0555401277422938,-0.555772106295848,-20.3324335574108,-4.22181647780476,99.805609552902,20.9895997478727,2.879203998019,0,0,51,refinement
41,11,0.194390447098028,0.194390447098028,0.0555401277422938,-0.555772106295848,-20.7811290683479,-4.22181647780476,99.805609552902,20.3930484894872,3.47575525640448,0,0,52,refinement
41,12,0.194390447098028,0.194390447098028,0.0555401277422938,-0.555772106295848,-21.2515966614435,-4.22181647780476,99.805609552902,19.8752870199451,4.00829454457215,0,0,53,refinement
41,13,0.138850319355735,0.138850319355735,0.0555401277422938,-0.555772106295848,-22.1321896496616,-4.99753203320125,99.8611496806443,19.1279095943451,4.82246952835188,0,0,54,refinement
41,14,0.138850319355735,0.138850319355735,0.0555401277422938,-0.555772106295848,-22.8333200698421,-4.99753203320125,99.8611496806443,18.3175003376705,5.81611022787493,0,0,55,refinement
41,15,0.138850319355735,0.138850319355735,0.0555401277422938,-0.555772106295848,-23.2504816031902,-4.99753203320125,99.8611496806443,17.5273513124128,6.58673379261615,0,0,56,refinement
41,16,0.138850319355735,0.138850319355735,0.0555401277422938,-0.555772106295848,-23.4908754106862,-4.99753203320125,99.8611496806443,16.8992841384899,7.42139198021551,0,0,57,refinement
41,17,0.138850319355735,0.138850319355735,0.0555401277422938,-0.555772106295848,-23.6541770430223,-4.99753203320125,99.8611496806443,16.1451533024177,8.07498675145734,0,0,58,refinement
41,18,0.138850319355735,0.138850319355735,0.0555401277422938,-0.555772106295848,-24.0243912634718,-4.99753203320125,99.8611496806443,15.449552023772,8.77495142201025,0,0,59,refinement
41,19,0.138850319355735,0.138850319355735,0.0555401277422938,-0.55619569864956,-24.573042572789,-4.99765066077352,99.8611496806443,14.8439962180901,9.31372549019608,0,0,60,refinement
41,20,0.138850319355735,0.138850319355735,0.0555401277422938,-0.55619569864956,-25.0590572133785,-4.99765066077352,99.8611496806443,14.3217324748998,9.82821056350468,0,0,61,refinement
41,21,0.138850319355735,0.138850319355735,0.0555401277422938,-0.55619569864956,-25.5015388802292,-4.99765066077352,99.8611496806443,13.7386880374589,10.2941176470588,0,0,62,refinement
41,22,0.138850319355735,0.138850319355735,0.0555401277422938,-0.55619569864956,-25.8481469435588,-4.99765066077352,99.8611496806443,13.1714015577867,10.8373078961314,0,0,63,refinement
42,3,0.166620383226881,0.166620383226881,0.138850319355735,-0.555772106295848,-16.9786454051609,-4.97812270224689,99.8333796167731,24.859303948494,0.369422499165461,0,0,45,refinement
42,4,0.166620383226881,0.166620383226881,0.0971952235490142,-0.555772106295848,-17.683066868656,-4.97812270224689,99.8333796167731,24.6094277610193,0.560810058974074,0,0,46,refinement
42,5,0.166620383226881,0.166620383226881,0.0971952235490142,-0.555772106295848,-18.1568022158868,-4.97812270224689,99.8333796167731,24.4270856782675,0.727717814621119,0,0,47,refinement
42,6,0.166620383226881,0.166620383226881,0.0555401277422938,-0.555772106295848,-18.610658739271,-4.97812270224689,99.8333796167731,24.0691549232362,1.05353203367701,0,0,48,refinement
42,7,0.166620383226881,0.166620383226881,0.0555401277422938,-0.555772106295848,-18.9292533612976,-4.97812270224689,99.8333796167731,23.7697537256314,1.3529332312818,0,0,49,refinement
42,8,0.166620383226881,0.166620383226881,0.0555401277422938,-0.555772106295848,-19.4679120519929,-4.97812270224689,99.8333796167731,23.2947638557472,1.82792310116609,0,0,50,refinement
42,9,0.166620383226881,0.166620383226881,0.0555401277422938,-0.555772106295848,-19.6146911153519,-4.97812270224689,99.8333796167731,22.822025122687,2.30066183422628,0,0,51,refinement
42,10,0.166620383226881,0.166620383226881,0.0555401277422938,-0.555772106295848,-20.3831548329819,-4.97812270224689,99.8333796167731,22.2434829588942,2.879203998019,0,0,52,refinement
42,11,0.166620383226881,0.166620383226881,0.0555401277422938,-0.555772106295848,-20.8034540734215,-4.97812270224689,99.8333796167731,21.6469317005088,3.47575525640448,0,0,53,refinement
42,12,0.166620383226881,0.166620383226881,0.0555401277422938,-0.555772106295848,-21.3158836534966,-4.97812270224689,99.8333796167731,21.1291702309666,4.00829454457215,0,0,54,refinement
42,13,0.111080255484588,0.111080255484588,0.0555401277422938,-0.555772106295848,-22.1595379336859,-5.81330586280746,99.8889197445154,20.3817928053667,4.82246952835188,0,0,55,refinement
42,14,0.111080255484588,0.111080255484588,0.0555401277422938,-0.555772106295848,-22.839495443705,-5.8702622480168,99.8889197445154,19.5713835486921,5.81611022787493,0,0,56,refinement
42,15,0.111080255484588,0.111080255484588,0.0555401277422938,-0.555772106295848,-23.2629183853242,-5.95385678516315,99.8889197445154,18.7812345234343,6.58673379261615,0,0,57,refinement
42,16,0.111080255484588,0.111080255484588,0.0555401277422938,-0.555772106295848,-23.4942282725315,-6.00739477915402,99.8889197445154,18.1531673495115,7.42139198021551,0,0,58,refinement
42,17,0.111080255484588,0.111080255484588,0.0555401277422938,-0.555772106295848,-23.688716294497,-6.00739477915402,99.8889197445154,17.3990365134393,8.07498675145734,0,0,59,refinement
42,18,0.111080255484588,0.111080255484588,0.0555401277422938,-0.555772106295848,-24.0243912634718,-6.00739477915402,99.8889197445154,16.7034352347936,8.77495142201025,0,0,60,refinement
42,19,0.111080255484588,0.111080255484588,0.0555401277422938,-0.55619569864956,-24.573042572789,-6.00845068200035,99.8889197445154,16.0978794291117,9.31372549019608,0,0,61,refinement
42,20,0.111080255484588,0.111080255484588,0.0555401277422938,-0.55619569864956,-25.0590572133785,-6.00845068200035,99.8889197445154,15.5756156859214,9.82821056350468,0,0,62,refinement
42,21,0.111080255484588,0.111080255484588,0.0555401277422938,-0.55619569864956,-25.5015388802292,-6.00845068200035,99.8889197445154,14.9925712484805,10.2941176470588,0,0,63,refinement
42,22,0.111080255484588,0.111080255484588,0.0555401277422938,-0.55619569864956,-25.8481469435588,-6.00845068200035,99.8889197445154,14.4252847688082,10.8373078961314,0,0,64,refinement
43,3,0.138850319355735,0.138850319355735,0.124965287420161,-0.555772106295848,-16.9786454051609,-5.5763148629812,99.8611496806443,26.1492053487011,0.369422499165461,0,0,46,refinement
43,4,0.138850319355735,0.138850319355735,0.0971952235490142,-0.555772106295848,-17.683066868656,-5.5763148629812,99.8611496806443,25.8993291612264,0.560810058974074,0,0,47,refinement
43,5,0.138850319355735,0.138850319355735,0.0971952235490142,-0.555772106295848,-18.1808260058524,-5.5763148629812,99.8611496806443,25.7169870784746,0.727717814621119,0,0,48,refinement
43,6,0.138850319355735,0.138850319355735,0.0416550958067204,-0.555772106295848,-18.6197732184121,-5.60315715453846,99.8611496806443,25.3590563234433,1.05353203367701,0,0,49,refinement
43,7,0.138850319355735,0.138850319355735,0.0416550958067204,-0.555772106295848,-19.0189215471252,-5.60315715453846,99.8611496806443,25.0596551258385,1.3529332312818,0,0,50,refinement
43,8,0.138850319355735,0.138850319355735,0.0416550958067204,-0.555772106295848,-19.5301914375971,-5.60315715453846,99.8611496806443,24.5846652559543,1.82792310116609,0,0,51,refinement
43,9,0.138850319355735,0.138850319355735,0.0416550958067204,-0.555772106295848,-19.6752987584678,-5.60315715453846,99.8611496806443,24.1119265228941,2.30066183422628,0,0,52,refinement
43,10,0.138850319355735,0.138850319355735,0.0416550958067204,-0.555772106295848,-20.4405960633232,-5.60315715453846,99.8611496806443,23.5333843591013,2.879203998019,0,0,53,refinement
43,11,0.138850319355735,0.138850319355735,0.0416550958067204,-0.555772106295848,-20.854293902027,-5.60315715453846,99.8611496806443,22.9368331007159,3.47575525640448,0,0,54,refinement
43,12,0.138850319355735,0.138850319355735,0.0416550958067204,-0.555772106295848,-21.402145189219,-5.60315715453846,99.8611496806443,22.4190716311737,4.00829454457215,0,0,55,refinement
43,13,0.0833101916134407,0.0833101916134407,0.0416550958067204,-0.555772106295848,-22.2950373098788,-6.15031144710937,99.9166898083866,21.6716942055738,4.82246952835188,0,1,56,refinement
43,14,0.0833101916134407,0.0833101916134407,0.0416550958067204,-0.555772106295848,-22.8565962502705,-6.7887799332433,99.9166898083866,20.8612849488992,5.81611022787493,0,1,57,refinement
43,15,0.0833101916134407,0.0833101916134407,0.0416550958067204,-0.555772106295848,-23.2964025726554,-7.59121352971327,99.9166898083866,20.0711359236414,6.58673379261615,0,1,58,refinement
43,16,0.0833101916134407,0.0833101916134407,0.0416550958067204,-0.555772106295848,-23.521543539775,-8.19007962200336,99.9166898083866,19.4430687497186,7.42139198021551,0,1,59,refinement
43,17,0.0833101916134407,0.0833101916134407,0.0416550958067204,-0.555772106295848,-23.717207415236,-8.23781223623958,99.9166898083866,18.6889379136464,8.07498675145734,0,1,60,refinement
43,18,0.0833101916134407,0.0833101916134407,0.0416550958067204,-0.555772106295848,-24.0243912634718,-8.23781223623958,99.9166898083866,17.9933366350007,8.77495142201025,0,1,61,refinement
43,19,0.0833101916134407,0.0833101916134407,0.0416550958067204,-0.55619569864956,-24.573042572789,-8.23781223623958,99.9166898083866,17.3877808293188,9.31372549019608,0,1,62,refinement
43,20,0.0833101916134407,0.0833101916134407,0.0416550958067204,-0.55619569864956,-25.0590572133785,-8.23808961962665,99.9166898083866,16.8655170861285,9.82821056350468,0,1,63,refinement
43,21,0.0833101916134407,0.0833101916134407,0.0416550958067204,-0.55619569864956,-25.5015388802292,-8.23808961962665,99.9166898083866,16.2824726486876,10.2941176470588,0,1,64,refinement
43,22,0.0833101916134407,0.0833101916134407,0.0416550958067204,-0.55619569864956,-25.8481469435588,-8.23808961962665,99.9166898083866,15.7151861690154,10.8373078961314,0,1,65,refinement
44,3,0.138850319355735,0.138850319355735,0.111080255484588,-0.555772106295848,-16.9786454051609,-5.5763148629812,99.8611496806443,26.9551123317275,0.369422499165461,0,0,47,refinement
44,4,0.138850319355735,0.138850319355735,0.0833101916134407,-0.555772106295848,-17.683066868656,-5.5763148629812,99.8611496806443,26.7052361442528,0.560810058974074,0,0,48,refinement
44,5,0.138850319355735,0.138850319355735,0.0833101916134407,-0.555772106295848,-18.1808260058524,-5.5763148629812,99.8611496806443,26.5228940615011,0.727717814621119,0,0,49,refinement
44,6,0.111080255484588,0.111080255484588,0.0416550958067204,-0.555772106295848,-18.6197732184121,-5.81330586280746,99.8889197445154,26.1649633064698,1.05353203367701,0,0,50,refinement
44,7,0.111080255484588,0.111080255484588,0.0416550958067204,-0.555772106295848,-19.0189215471252,-5.81330586280746,99.8889197445154,25.865562108865,1.3529332312818,0,0,51,refinement
44,8,0.111080255484588,0.111080255484588,0.0416550958067204,-0.555772106295848,-19.5301914375971,-5.81330586280746,99.8889197445154,25.3905722389807,1.82792310116609,0,0,52,refinement
44,9,0.111080255484588,0.111080255484588,0.0416550958067204,-0.555772106295848,-19.6752987584678,-5.81330586280746,99.8889197445154,24.9178335059205,2.30066183422628,0,0,53,refinement
44,10,0.111080255484588,0.111080255484588,0.0416550958067204,-0.555772106295848,-20.4405960633232,-5.81330586280746,99.8889197445154,24.3392913421278,2.879203998019,0,0,54,refinement
44,11,0.111080255484588,0.111080255484588,0.0416550958067204,-0.555772106295848,-20.8569895629452,-5.81330586280746,99.8889197445154,23.7427400837423,3.47575525640448,0,0,55,refinement
44,12,0.111080255484588,0.111080255484588,0.0416550958067204,-0.555772106295848,-21.430473572997,-5.81330586280746,99.8889197445154,23.2249786142002,4.00829454457215,0,0,56,refinement
44,13,0.0555401277422938,0.0555401277422938,0.0416550958067204,-0.555772106295848,-22.3157119420547,-6.24068271577977,99.9444598722577,22.4776011886002,4.82246952835188,0,1,57,refinement
44,14,0.0555401277422938,0.0555401277422938,0.0416550958067204,-0.555772106295848,-22.8641639651755,-7.54829780644796,99.9444598722577,21.6671919319256,5.81611022787493,0,1,58,refinement
44,15,0.0555401277422938,0.0555401277422938,0.0416550958067204,-0.555772106295848,-23.3066333402741,-8.09584024895079,99.9444598722577,20.8770429066679,6.58673379261615,0,1,59,refinement
44,16,0.0555401277422938,0.0555401277422938,0.0416550958067204,-0.555772106295848,-23.5392586794574,-9.26852253797025,99.9444598722577,20.248975732745,7.42139198021551,0,1,60,refinement
44,17,0.0555401277422938,0.0555401277422938,0.0416550958067204,-0.555772106295848,-23.7323952188376,-9.26852253797025,99.9444598722577,19.4948448966728,8.07498675145734,0,1,61,refinement
44,18,0.0555401277422938,0.0555401277422938,0.0416550958067204,-0.555772106295848,-24.0243912634718,-9.26852253797025,99.9444598722577,18.7992436180271,8.77495142201025,0,1,62,refinement
44,19,0.0555401277422938,0.0555401277422938,0.0416550958067204,-0.55619569864956,-24.573042572789,-9.26852253797025,99.9444598722577,18.1936878123452,9.31372549019608,0,1,63,refinement
44,20,0.0555401277422938,0.0555401277422938,0.0416550958067204,-0.55619569864956,-25.0590572133785,-9.26852253797025,99.9444598722577,17.6714240691549,9.82821056350468,0,1,64,refinement
44,21,0.0555401277422938,0.0555401277422938,0.0416550958067204,-0.55619569864956,-25.5015388802292,-9.28816203683307,99.9444598722577,17.088379631714,10.2941176470588,0,1,65,refinement
44,22,0.0555401277422938,0.0555401277422938,0.0416550958067204,-0.55619569864956,-25.8481469435588,-9.28816203683307,99.9444598722577,16.5210931520418,10.8373078961314,0,1,66,refinement
45,3,0.138850319355735,0.138850319355735,0.0971952235490142,-4.14449181845622,-16.9786454051609,-5.5763148629812,99.8611496806443,27.7407590833371,0.369422499165461,0,0,48,refinement
45,4,0.138850319355735,0.138850319355735,0.0694251596778673,-4.14449181845622,-17.683066868656,-5.5763148629812,99.8611496806443,27.4908828958624,0.560810058974074,0,0,49,refinement
45,5,0.138850319355735,0.138850319355735,0.0694251596778673,-4.14449181845622,-18.1910106493654,-5.5763148629812,99.8611496806443,27.3085408131106,0.727717814621119,0,0,50,refinement
45,6,0.0833101916134407,0.0833101916134407,0.0416550958067204,-4.14449181845622,-18.6360321493365,-6.15031144710937,99.9166898083866,26.9506100580793,1.05353203367701,0,1,51,refinement
45,7,0.0833101916134407,0.0833101916134407,0.0416550958067204,-4.14449181845622,-19.0332795796677,-6.15031144710937,99.9166898083866,26.6512088604745,1.3529332312818,0,1,52,refinement
45,8,0.0833101916134407,0.0833101916134407,0.0416550958067204,-4.14449181845622,-19.5658509291431,-6.15031144710937,99.9166898083866,26.1762189905902,1.82792310116609,0,1,53,refinement
45,9,0.0833101916134407,0.0833101916134407,0.0416550958067204,-4.14449181845622,-19.7062713492518,-6.15031144710937,99.9166898083866,25.7034802575301,2.30066183422628,0,1,54,refinement
45,10,0.0833101916134407,0.0833101916134407,0.0416550958067204,-4.14449181845622,-20.488836890067,-6.15031144710937,99.9166898083866,25.1249380937373,2.879203998019,0,1,55,refinement
45,11,0.0833101916134407,0.0833101916134407,0.0416550958067204,-4.14449181845622,-20.8710884527297,-6.15031144710937,99.9166898083866,24.5283868353519,3.47575525640448,0,1,56,refinement
45,12,0.0833101916134407,0.0833101916134407,0.0416550958067204,-4.14449181845622,-21.4566886222302,-6.15031144710937,99.9166898083866,24.0106253658097,4.00829454457215,0,1,57,refinement
45,13,0.0555401277422938,0.0555401277422938,0.0277700638711469,-4.1801157198415,-22.3471103614881,-6.7887799332433,99.9444598722577,23.2632479402098,4.82246952835188,0,1,58,refinement
45,14,0.0555401277422938,0.0555401277422938,0.0277700638711469,-4.1947866397944,-22.8861407722067,-8.38460360481463,99.9444598722577,22.4528386835352,5.81611022787493,0,1,59,refinement
45,15,0.0555401277422938,0.0555401277422938,0.0277700638711469,-4.1947866397944,-23.3159812588669,-9.26902972525946,99.9444598722577,21.6626896582774,6.58673379261615,0,1,60,refinement
45,16,0.0555401277422938,0.0555401277422938,0.0277700638711469,-4.1947866397944,-23.5509006883612,-10.101942163571,99.9444598722577,21.0346224843546,7.42139198021551,0,1,61,refinement
45,17,0.0555401277422938,0.0555401277422938,0.0277700638711469,-4.1947866397944,-23.7706569533974,-11.3333024976617,99.9444598722577,20.2804916482824,8.07498675145734,0,1,62,refinement
45,18,0.0555401277422938,0.0555401277422938,0.0277700638711469,-4.1947866397944,-24.0875993220089,-12.088093637431,99.9444598722577,19.5848903696367,8.77495142201025,0,1,63,refinement
45,19,0.0555401277422938,0.0555401277422938,0.0277700638711469,-4.1947866397944,-24.6350504317991,-12.7939080946873,99.9444598722577,18.9793345639548,9.31372549019608,0,1,64,refinement
45,20,0.0555401277422938,0.0555401277422938,0.0277700638711469,-4.1947866397944,-25.0900455269418,-12.7939080946873,99.9444598722577,18.4570708207645,9.82821056350468,0,1,65,refinement
45,21,0.0555401277422938,0.0555401277422938,0.0277700638711469,-4.1947866397944,-25.5422687879962,-12.7939080946873,99.9444598722577,17.8740263833236,10.2941176470588,0,1,66,refinement
45,22,0.0555401277422938,0.0555401277422938,0.0277700638711469,-4.1947866397944,-25.8540206973802,-12.7939080946873,99.9444598722577,17.3067399036513,10.8373078961314,0,1,67,refinement
46,3,0.138850319355735,0.138850319355735,0.0833101916134407,-4.14449181845622,-16.9786454051609,-5.5763148629812,99.8611496806443,28.4161001305659,0.369422499165461,0,0,49,refinement
46,4,0.138850319355735,0.138850319355735,0.0555401277422938,-4.14449181845622,-17.683066868656,-5.5763148629812,99.8611496806443,28.1662239430913,0.560810058974074,0,0,50,refinement
46,5,0.138850319355735,0.138850319355735,0.0555401277422938,-4.14449181845622,-18.1910106493654,-5.5763148629812,99.8611496806443,27.9838818603395,0.727717814621119,0,0,51,refinement
46,6,0.0555401277422938,0.0555401277422938,0.0416550958067204,-4.14449181845622,-18.6360321493365,-6.21401057396657,99.9444598722577,27.6259511053082,1.05353203367701,0,1,52,refinement
46,7,0.0555401277422938,0.0555401277422938,0.0416550958067204,-4.14449181845622,-19.0332795796677,-6.21401057396657,99.9444598722577,27.3265499077034,1.3529332312818,0,1,53,refinement
46,8,0.0555401277422938,0.0555401277422938,0.0416550958067204,-4.14449181845622,-19.5658509291431,-6.21401057396657,99.9444598722577,26.8515600378191,1.82792310116609,0,1,54,refinement
46,9,0.0555401277422938,0.0555401277422938,0.0416550958067204,-4.14449181845622,-19.7388466848444,-6.21401057396657,99.9444598722577,26.3788213047589,2.30066183422628,0,1,55,refinement
46,10,0.0555401277422938,0.0555401277422938,0.0416550958067204,-4.14449181845622,-20.547304425222,-6.21401057396657,99.9444598722577,25.8002791409662,2.879203998019,0,1,56,refinement
46,11,0.0555401277422938,0.0555401277422938,0.0416550958067204,-4.14449181845622,-20.8861578180802,-6.21615816297945,99.9444598722577,25.2037278825807,3.47575525640448,0,1,57,refinement
46,12,0.0555401277422938,0.0555401277422938,0.0416550958067204,-4.14449181845622,-21.4772679541995,-6.24068271577977,99.9444598722577,24.6859664130386,4.00829454457215,0,1,58,refinement
46,13,0.0555401277422938,0.0555401277422938,0.0138850319355735,-4.1801157198415,-22.3816420328512,-7.57087896576603,99.9444598722577,23.9385889874387,4.82246952835188,0,1,59,refinement
46,14,0.0555401277422938,0.0555401277422938,0.0138850319355735,-4.1947866397944,-22.9164452716627,-9.26902972525946,99.9444598722577,23.128179730764,5.81611022787493,0,1,60,refinement
46,15,0.0555401277422938,0.0555401277422938,0.0138850319355735,-4.1947866397944,-23.3388910898718,-9.76583258267972,99.9444598722577,22.3380307055063,6.58673379261615,0,1,61,refinement
46,16,0.0555401277422938,0.0555401277422938,0.0138850319355735,-4.1947866397944,-23.5874249862729,-11.3252467687943,99.9444598722577,21.7099635315835,7.42139198021551,0,1,62,refinement
46,17,0.0555401277422938,0.0555401277422938,0.0138850319355735,-4.1947866397944,-23.7812110534383,-11.9974391074685,99.9444598722577,20.9558326955112,8.07498675145734,0,1,63,refinement
46,18,0.0555401277422938,0.0555401277422938,0.0138850319355735,-4.1947866397944,-24.1225960396784,-13.5612258996297,99.9444598722577,20.2602314168655,8.77495142201025,0,1,64,refinement
46,19,0.0555401277422938,0.0555401277422938,0.0138850319355735,-4.1947866397944,-24.6350504317991,-13.7130750575997,99.9444598722577,19.6546756111836,9.31372549019608,0,1,65,refinement
46,20,0.0555401277422938,0.0555401277422938,0.0138850319355735,-4.1947866397944,-25.0900455269418,-13.7130750575997,99.9444598722577,19.1324118679933,9.82821056350468,0,1,66,refinement
46,21,0.0555401277422938,0.0555401277422938,0.0138850319355735,-4.1947866397944,-25.5422687879962,-13.7130750575997,99.9444598722577,18.5493674305524,10.2941176470588,0,1,67,refinement
46,22,0.0555401277422938,0.0555401277422938,0.0138850319355735,-4.1947866397944,-25.8540206973802,-13.7130750575997,99.9444598722577,17.9820809508802,10.8373078961314,0,1,68,refinement
47,3,0.138850319355735,0.138850319355735,0.0694251596778673,-4.14449181845622,-16.9616846777108,-5.5763148629812,99.8611496806443,29.0531718517852,0.369422499165461,0,0,50,refinement
47,4,0.138850319355735,0.138850319355735,0.0416550958067204,-4.14449181845622,-17.6787854664244,-5.5763148629812,99.8611496806443,28.8032956643105,0.560810058974074,0,0,51,refinement
47,5,0.138850319355735,0.138850319355735,0.0416550958067204,-4.14449181845622,-18.1808260058525,-5.5763148629812,99.8611496806443,28.6209535815587,0.727717814621119,0,0,52,refinement
47,6,0.0555401277422938,0.0555401277422938,0.0138850319355735,-4.14449181845622,-18.6360321493365,-6.21401057396657,99.9444598722577,28.2630228265274,1.05353203367701,0,1,53,refinement
47,7,0.0555401277422938,0.0555401277422938,0.0138850319355735,-4.14449181845622,-19.0332795796677,-6.21401057396657,99.9444598722577,27.9636216289226,1.3529332312818,0,1,54,refinement
47,8,0.0555401277422938,0.0555401277422938,0.0138850319355735,-4.14449181845622,-19.5658509291431,-6.21401057396657,99.9444598722577,27.4886317590383,1.82792310116609,0,1,55,refinement
47,9,0.0555401277422938,0.0555401277422938,0.0138850319355735,-4.14449181845622,-19.7388466848444,-6.21401057396657,99.9444598722577,27.0158930259781,2.30066183422628,0,1,56,refinement
47,10,0.0555401277422938,0.0555401277422938,0.0138850319355735,-4.14449181845622,-20.547304425222,-6.21401057396657,99.9444598722577,26.4373508621854,2.879203998019,0,1,57,refinement
47,11,0.0555401277422938,0.0555401277422938,0.0138850319355735,-4.14449181845622,-20.8861578180802,-6.21615816297945,99.9444598722577,25.8407996037999,3.47575525640448,0,1,58,refinement
47,12,0.0555401277422938,0.0555401277422938,0.0138850319355735,-4.14449181845622,-21.4772679541995,-6.24068271577977,99.9444598722577,25.3230381342578,4.00829454457215,0,1,59,refinement
47,13,0.0277700638711469,0.0277700638711469,0,-4.1801157198415,-22.4241486422765,-7.57087896576603,99.9722299361289,24.5756607086579,4.82246952835188,0,1,60,refinement
47,14,0.0277700638711469,0.0277700638711469,0,-4.1947866397944,-22.9375652255944,-9.2833694842711,99.9722299361289,23.7652514519833,5.81611022787493,0,1,61,refinement
47,15,0.0277700638711469,0.0277700638711469,0,-4.1947866397944,-23.3615022387104,-10.0623138510665,99.9722299361289,22.9751024267255,6.58673379261615,0,1,62,refinement
47,16,0.0277700638711469,0.0277700638711469,0,-4.1947866397944,-23.6435181425823,-13.8161851211591,99.9722299361289,22.3470352528027,7.42139198021551,0,1,63,refinement
47,17,0.0277700638711469,0.0277700638711469,0,-4.1947866397944,-23.7927334267457,-13.8714362583215,99.9722299361289,21.5929044167304,8.07498675145734,0,1,64,refinement
47,18,0.0277700638711469,0.0277700638711469,0,-4.1947866397944,-24.2367432254266,-13.8714362583215,99.9722299361289,20.8973031380847,8.77495142201025,0,1,65,refinement
47,19,0.0277700638711469,0.0277700638711469,0,-4.1947866397944,-24.7744843028871,-15.3064176172927,99.9722299361289,20.2917473324029,9.31372549019608,0,1,66,refinement
47,20,0.0277700638711469,0.0277700638711469,0,-4.1947866397944,-25.1215357428114,-15.357737127703,99.9722299361289,19.7694835892126,9.82821056350468,0,1,67,refinement
47,21,0.0277700638711469,0.0277700638711469,0,-4.1947866397944,-25.5975603591366,-15.357737127703,99.9722299361289,19.1864391517716,10.2941176470588,0,1,68,refinement
47,22,0.0277700638711469,0.0277700638711469,0,-4.1947866397944,-25.9658990851495,-15.357737127703,99.9722299361289,18.6191526720994,10.8373078961314,0,1,69,refinement
48,3,0.138850319355735,0.138850319355735,0.0694251596778673,-4.14449181845622,-16.9616846777108,-5.5763148629812,99.8611496806443,29.658727657467,0.369422499165461,0,0,51,refinement
48,4,0.138850319355735,0.138850319355735,0.0277700638711469,-4.14449181845622,-17.6787854664244,-5.5763148629812,99.8611496806443,29.4088514699923,0.560810058974074,0,0,52,refinement
48,5,0.138850319355735,0.138850319355735,0.0277700638711469,-4.14449181845622,-18.1808260058525,-5.5763148629812,99.8611496806443,29.2265093872406,0.727717814621119,0,0,53,refinement
48,6,0.0555401277422938,0.0555401277422938,0,-4.14449181845622,-18.6360321493365,-6.21401057396657,99.9444598722577,28.8685786322093,1.05353203367701,0,1,54,refinement
48,7,0.0555401277422938,0.0555401277422938,0,-4.14449181845622,-19.0332795796677,-6.21401057396657,99.9444598722577,28.5691774346045,1.3529332312818,0,1,55,refinement
48,8,0.0555401277422938,0.0555401277422938,0,-4.14449181845622,-19.5658509291431,-6.21401057396657,99.9444598722577,28.0941875647202,1.82792310116609,0,1,56,refinement
48,9,0.0555401277422938,0.0555401277422938,0,-4.14449181845622,-19.7388466848444,-6.21401057396657,99.9444598722577,27.62144883166,2.30066183422628,0,1,57,refinement
48,10,0.0555401277422938,0.0555401277422938,0,-4.14449181845622,-20.547304425222,-6.21401057396657,99.9444598722577,27.0429066678673,2.879203998019,0,1,58,refinement
48,11,0.0555401277422938,0.0555401277422938,0,-4.14449181845622,-20.9980032901941,-6.21615816297945,99.9444598722577,26.4463554094818,3.47575525640448,0,1,59,refinement
48,12,0.0555401277422938,0.0555401277422938,0,-4.14449181845622,-21.4815722181905,-6.24068271577977,99.9444598722577,25.9285939399397,4.00829454457215,0,1,60,refinement
48,13,0,0,0,-6.14608224506732,-22.4646103626006,-7.57087896576603,100,25.1812165143397,4.82246952835188,1,1,61,refinement
48,14,0,0,0,-6.71000685110226,-22.9454065371659,-9.2833694842711,100,24.3708072576651,5.81611022787493,1,1,62,refinement
48,15,0,0,0,-7.5376755357224,-23.3755874281091,-10.0623138510665,100,23.5806582324074,6.58673379261615,1,1,63,refinement
48,16,0,0,0,-9.27889268271379,-23.6541770430223,-14.0769559220876,100,22.9525910584845,7.42139198021551,1,1,64,refinement
48,17,0,0,0,-9.96773572974689,-23.8215947597785,-14.2575652768055,100,22.1984602224123,8.07498675145734,1,1,65,refinement
48,18,0,0,0,-11.6607716626108,-24.3376913150351,-14.2592643384175,100,21.5028589437666,8.77495142201025,1,1,66,refinement
48,19,0,0,0,-12.7107332656277,-24.8371715198359,-15.5054437666734,100,20.8973031380847,9.31372549019608,1,1,67,refinement
48,20,0,0,0,-12.7107332656277,-25.1469211119307,-15.5054437666734,100,20.3750393948944,9.82821056350468,1,1,68,refinement
48,21,0,0,0,-12.7107332656277,-25.6030251861456,-15.5054437666734,100,19.7919949574535,10.2941176470588,1,1,69,refinement
48,22,0,0,0,-12.7107332656277,-26.0216403599959,-15.5054437666734,100,19.2247084777813,10.8373078961314,1,1,70,refinement
49,3,0.138850319355735,0.138850319355735,0.0694251596778673,-4.14449181845622,-16.9616846777108,-5.5763148629812,99.8611496806443,30.2057539057224,0.369422499165461,0,0,52,refinement
49,4,0.138850319355735,0.138850319355735,0.0277700638711469,-4.14449181845622,-17.6787854664244,-5.5763148629812,99.8611496806443,29.9558777182477,0.560810058974074,0,0,53,refinement
49,5,0.138850319355735,0.138850319355735,0.0277700638711469,-4.14449181845622,-18.1808260058525,-5.5763148629812,99.8611496806443,29.7735356354959,0.727717814621119,0,0,54,refinement
49,6,0.0555401277422938,0.0555401277422938,0,-4.14449181845622,-18.6360321493365,-6.21401057396657,99.9444598722577,29.4156048804646,1.05353203367701,0,1,55,refinement
49,7,0.0555401277422938,0.0555401277422938,0,-4.14449181845622,-19.0332795796677,-6.21401057396657,99.9444598722577,29.1162036828598,1.3529332312818,0,1,56,refinement
49,8,0.0555401277422938,0.0555401277422938,0,-4.14449181845622,-19.5658509291431,-6.21401057396657,99.9444598722577,28.6412138129756,1.82792310116609,0,1,57,refinement
49,9,0.0555401277422938,0.0555401277422938,0,-4.14449181845622,-19.7388466848444,-6.21401057396657,99.9444598722577,28.1684750799154,2.30066183422628,0,1,58,refinement
49,10,0.0555401277422938,0.0555401277422938,0,-4.14449181845622,-20.547304425222,-6.21401057396657,99.9444598722577,27.5899329161226,2.879203998019,0,1,59,refinement
49,11,0.0555401277422938,0.0555401277422938,0,-4.14449181845622,-20.9980032901941,-6.21615816297945,99.9444598722577,26.9933816577372,3.47575525640448,0,1,60,refinement
49,12,0.0555401277422938,0.0555401277422938,0,-4.14449181845622,-21.4815722181905,-6.24068271577977,99.9444598722577,26.475620188195,4.00829454457215,0,1,61,refinement
49,13,0,0,0,-6.14608224506732,-22.4646103626006,-7.57087896576603,100,25.7282427625951,4.82246952835188,1,1,62,refinement
49,14,0,0,0,-6.71000685110226,-22.9454065371659,-9.2833694842711,100,24.9178335059205,5.81611022787493,1,1,63,refinement
49,15,0,0,0,-7.5376755357224,-23.3755874281091,-10.0623138510665,100,24.1276844806627,6.58673379261615,1,1,64,refinement
49,16,0,0,0,-9.27889268271379,-23.6541770430223,-14.0769559220876,100,23.4996173067399,7.42139198021551,1,1,65,refinement
49,17,0,0,0,-9.96773572974689,-23.8215947597785,-14.2575652768055,100,22.7454864706677,8.07498675145734,1,1,66,refinement
49,18,0,0,0,-11.6607716626108,-24.3376913150351,-14.2592643384175,100,22.049885192022,8.77495142201025,1,1,67,refinement
49,19,0,0,0,-12.7107332656277,-24.8371715198359,-15.5054437666734,100,21.4443293863401,9.31372549019608,1,1,68,refinement
49,20,0,0,0,-12.7107332656277,-25.1469211119307,-15.5054437666734,100,20.9220656431498,9.82821056350468,1,1,69,refinement
49,21,0,0,0,-12.7107332656277,-25.6030251861456,-15.5054437666734,100,20.3390212057089,10.2941176470588,1,1,70,refinement
49,22,0,0,0,-12.7107332656277,-26.0216403599959,-15.5054437666734,100,19.7717347260366,10.8373078961314,1,1,71,refinement
50,3,0.138850319355735,0.138850319355735,0.0694251596778673,-4.14449181845622,-16.9616846777108,-5.5763148629812,99.8611496806443,30.757282427626,0.369422499165461,0,0,53,refinement
50,4,0.138850319355735,0.138850319355735,0.0277700638711469,-4.14449181845622,-17.6787854664244,-5.5763148629812,99.8611496806443,30.5074062401513,0.560810058974074,0,0,54,refinement
50,5,0.138850319355735,0.138850319355735,0.0277700638711469,-4.14449181845622,-18.1808260058525,-5.5763148629812,99.8611496806443,30.3250641573995,0.727717814621119,0,0,55,refinement
50,6,0.0555401277422938,0.0555401277422938,0,-4.14449181845622,-18.6360321493365,-6.21401057396657,99.9444598722577,29.9671334023682,1.05353203367701,0,1,56,refinement
50,7,0.0555401277422938,0.0555401277422938,0,-4.14449181845622,-19.0332795796677,-6.21401057396657,99.9444598722577,29.6677322047634,1.3529332312818,0,1,57,refinement
50,8,0.0555401277422938,0.0555401277422938,0,-4.14449181845622,-19.5658509291431,-6.21401057396657,99.9444598722577,29.1927423348791,1.82792310116609,0,1,58,refinement
50,9,0.0555401277422938,0.0555401277422938,0,-4.14449181845622,-19.7388466848444,-6.21401057396657,99.9444598722577,28.7200036018189,2.30066183422628,0,1,59,refinement
50,10,0.0555401277422938,0.0555401277422938,0,-4.14449181845622,-20.547304425222,-6.21401057396657,99.9444598722577,28.1414614380262,2.879203998019,0,1,60,refinement
50,11,0.0555401277422938,0.0555401277422938,0,-4.14449181845622,-20.9980032901941,-6.21615816297945,99.9444598722577,27.5449101796407,3.47575525640448,0,1,61,refinement
50,12,0.0555401277422938,0.0555401277422938,0,-4.14449181845622,-21.4815722181905,-6.24068271577977,99.9444598722577,27.0271487100986,4.00829454457215,0,1,62,refinement
50,13,0,0,0,-6.14608224506732,-22.4646103626006,-7.57087896576603,100,26.2797712844987,4.82246952835188,1,1,63,refinement
50,14,0,0,0,-6.71000685110226,-22.9454065371659,-9.28336948427119,100,25.4693620278241,5.81611022787493,1,1,64,refinement
50,15,0,0,0,-7.5376755357224,-23.3755874281091,-10.0623138510664,100,24.6792130025663,6.58673379261615,1,1,65,refinement
50,16,0,0,0,-9.27889268271393,-23.6541770430223,-14.0769559220876,100,24.0511458286435,7.42139198021551,1,1,66,refinement
50,17,0,0,0,-9.96773572974671,-23.8215947597785,-14.2575652768055,100,23.2970149925712,8.07498675145734,1,1,67,refinement
50,18,0,0,0,-11.6607716626113,-24.3376913150351,-14.2592643384175,100,22.6014137139255,8.77495142201025,1,1,68,refinement
50,19,0,0,0,-12.7107332656277,-24.8371715198359,-15.5054437666734,100,21.9958579082437,9.31372549019608,1,1,69,refinement
50,20,0,0,0,-12.7107332656277,-25.1469211119307,-15.5054437666734,100,21.4735941650534,9.82821056350468,1,1,70,refinement
50,21,0,0,0,-12.7107332656277,-25.6030251861456,-15.5054437666734,100,20.8905497276124,10.2941176470588,1,1,71,refinement
50,22,0,0,0,-12.7107332656277,-26.0216403599959,-15.5054437666734,100,20.3232632479402,10.8373078961314,1,1,72,refinement
51,3,0.138850319355735,0.138850319355735,0.0694251596778673,-4.14449181845622,-16.9616846777108,-5.5763148629812,99.8611496806443,31.3043086758813,0.369422499165461,0,0,54,refinement
51,4,0.138850319355735,0.138850319355735,0.0277700638711469,-4.14449181845622,-17.6787854664244,-5.5763148629812,99.8611496806443,31.0544324884066,0.560810058974074,0,0,55,refinement
51,5,0.138850319355735,0.138850319355735,0.0277700638711469,-4.14449181845622,-18.1808260058525,-5.5763148629812,99.8611496806443,30.8720904056549,0.727717814621119,0,0,56,refinement
51,6,0.0555401277422938,0.0555401277422938,0,-4.14449181845622,-18.6360321493365,-6.21401057396657,99.9444598722577,30.5141596506236,1.05353203367701,0,1,57,refinement
51,7,0.0555401277422938,0.0555401277422938,0,-4.14449181845622,-19.0332795796677,-6.21401057396657,99.9444598722577,30.2147584530188,1.3529332312818,0,1,58,refinement
51,8,0.0555401277422938,0.0555401277422938,0,-4.14449181845622,-19.5658509291431,-6.21401057396657,99.9444598722577,29.7397685831345,1.82792310116609,0,1,59,refinement
51,9,0.0555401277422938,0.0555401277422938,0,-4.14449181845622,-19.7388466848444,-6.21401057396657,99.9444598722577,29.2670298500743,2.30066183422628,0,1,60,refinement
51,10,0.0555401277422938,0.0555401277422938,0,-4.14449181845622,-20.547304425222,-6.21401057396657,99.9444598722577,28.6884876862816,2.879203998019,0,1,61,refinement
51,11,0.0555401277422938,0.0555401277422938,0,-4.14449181845622,-20.9980032901941,-6.21615816297945,99.9444598722577,28.0919364278961,3.47575525640448,0,1,62,refinement
51,12,0.0555401277422938,0.0555401277422938,0,-4.14449181845622,-21.4815722181905,-6.24068271577977,99.9444598722577,27.574174958354,4.00829454457215,0,1,63,refinement
51,13,0,0,0,-6.14608224506732,-22.4834357743833,-7.57087896576603,100,26.826797532754,4.82246952835188,1,1,64,refinement
51,14,0,0,0,-6.71000685110226,-22.9745865975096,-9.28336948427121,100,26.0163882760794,5.81611022787493,1,1,65,refinement
51,15,0,0,0,-7.5376755357224,-23.3952271570586,-10.0623138510664,100,25.2262392508217,6.58673379261615,1,1,66,refinement
51,16,0,0,0,-9.27889268271394,-23.688716294497,-14.0769559220876,100,24.5981720768988,7.42139198021551,1,1,67,refinement
51,17,0,0,0,-9.96773572974671,-23.8427286143677,-14.2575652768055,100,23.8440412408266,8.07498675145734,1,1,68,refinement
51,18,0,0,0,-11.6607716626113,-24.3441863713798,-14.2592643384175,100,23.1484399621809,8.77495142201025,1,1,69,refinement
51,19,0,0,0,-12.7107332656277,-24.8676435288426,-15.5054437666734,100,22.542884156499,9.31372549019608,1,1,70,refinement
51,20,0,0,0,-12.7107332656277,-25.1718280388644,-15.5054437666734,100,22.0206204133087,9.82821056350468,1,1,71,refinement
51,21,0,0,0,-12.7107332656277,-25.6434887201371,-15.5054437666734,100,21.4375759758678,10.2941176470588,1,1,72,refinement
51,22,0,0,0,-12.7107332656277,-26.0574967262764,-15.5054437666734,100,20.8702894961956,10.8373078961314,1,1,73,refinement
52,3,0.138850319355735,0.138850319355735,0.0694251596778673,-4.14449181845622,-16.9616846777108,-5.5763148629812,99.8611496806443,31.8333258295439,0.369422499165461,0,0,55,refinement
52,4,0.138850319355735,0.138850319355735,0.0277700638711469,-4.14449181845622,-17.6787854664244,-5.5763148629812,99.8611496806443,31.5834496420692,0.560810058974074,0,0,56,refinement
52,5,0.138850319355735,0.138850319355735,0.0277700638711469,-4.14449181845622,-18.1808260058525,-5.5763148629812,99.8611496806443,31.4011075593175,0.727717814621119,0,0,57,refinement
52,6,0.0555401277422938,0.0555401277422938,0,-4.14449181845622,-18.6360321493365,-6.21401057396657,99.9444598722577,31.0431768042862,1.05353203367701,0,1,58,refinement
52,7,0.0555401277422938,0.0555401277422938,0,-4.14449181845622,-19.0332795796677,-6.21401057396657,99.9444598722577,30.7437756066814,1.3529332312818,0,1,59,refinement
52,8,0.0555401277422938,0.0555401277422938,0,-4.14449181845622,-19.5658509291431,-6.21401057396657,99.9444598722577,30.2687857367971,1.82792310116609,0,1,60,refinement
52,9,0.0555401277422938,0.0555401277422938,0,-4.14449181845622,-19.7388466848444,-6.21401057396657,99.9444598722577,29.7960470037369,2.30066183422628,0,1,61,refinement
52,10,0.0555401277422938,0.0555401277422938,0,-4.14449181845622,-20.547304425222,-6.21401057396657,99.9444598722577,29.2175048399442,2.879203998019,0,1,62,refinement
52,11,0.0555401277422938,0.0555401277422938,0,-4.14449181845622,-20.9980032901941,-6.21615816297945,99.9444598722577,28.6209535815587,3.47575525640448,0,1,63,refinement
52,12,0.0555401277422938,0.0555401277422938,0,-4.14449181845622,-21.4815722181905,-6.24068271577977,99.9444598722577,28.1031921120166,4.00829454457215,0,1,64,refinement
52,13,0,0,0,-6.14608224506732,-22.4834357743833,-7.57087896576603,100,27.3558146864166,4.82246952835188,1,1,65,refinement
52,14,0,0,0,-6.71000685110226,-22.9745865975096,-9.28336948427121,100,26.545405429742,5.81611022787493,1,1,66,refinement
52,15,0,0,0,-7.5376755357224,-23.3952271570586,-10.0623138510664,100,25.7552564044843,6.58673379261615,1,1,67,refinement
52,16,0,0,0,-9.27889268271394,-23.688716294497,-14.0769559220876,100,25.1271892305614,7.42139198021551,1,1,68,refinement
52,17,0,0,0,-9.96773572974671,-23.8427286143677,-14.2575652768055,100,24.3730583944892,8.07498675145734,1,1,69,refinement
52,18,0,0,0,-11.6607716626113,-24.3441863713798,-14.2592643384175,100,23.6774571158435,8.77495142201025,1,1,70,refinement
52,19,0,0,0,-12.7107332656277,-24.8676435288426,-15.5054437666734,100,23.0719013101616,9.31372549019608,1,1,71,refinement
52,20,0,0,0,-12.7107332656277,-25.1718280388644,-15.5054437666734,100,22.5496375669713,9.82821056350468,1,1,72,refinement
52,21,0,0,0,-12.7107332656277,-25.6434887201371,-15.5054437666734,100,21.9665931295304,10.2941176470588,1,1,73,refinement
52,22,0,0,0,-12.7107332656277,-26.0574967262764,-15.5054437666734,100,21.3993066498582,10.8373078961314,1,1,74,refinement
53,3,0.138850319355735,0.138850319355735,0.0694251596778673,-4.14449181845622,-16.9616846777108,-5.5763148629812,99.8611496806443,32.4253748142812,0.369422499165461,0,0,56,refinement
53,4,0.138850319355735,0.138850319355735,0.0277700638711469,-4.14449181845622,-17.6787854664244,-5.5763148629812,99.8611496806443,32.1754986268065,0.560810058974074,0,0,57,refinement
53,5,0.138850319355735,0.138850319355735,0.0277700638711469,-4.14449181845622,-18.1808260058524,-5.5763148629812,99.8611496806443,31.9931565440547,0.727717814621119,0,0,58,refinement
53,6,0.0555401277422938,0.0555401277422938,0,-4.14449181845622,-18.6360321493365,-6.21401057396657,99.9444598722577,31.6352257890235,1.05353203367701,0,1,59,refinement
53,7,0.0555401277422938,0.0555401277422938,0,-4.14449181845622,-19.0332795796677,-6.21401057396657,99.9444598722577,31.3358245914187,1.3529332312818,0,1,60,refinement
53,8,0.0555401277422938,0.0555401277422938,0,-4.14449181845622,-19.5658509291431,-6.21401057396657,99.9444598722577,30.8608347215344,1.82792310116609,0,1,61,refinement
53,9,0.0555401277422938,0.0555401277422938,0,-4.14449181845622,-19.7388466848444,-6.21401057396657,99.9444598722577,30.3880959884742,2.30066183422628,0,1,62,refinement
53,10,0.0555401277422938,0.0555401277422938,0,-4.14449181845622,-20.547304425222,-6.21401057396657,99.9444598722577,29.8095538246815,2.879203998019,0,1,63,refinement
53,11,0.0555401277422938,0.0555401277422938,0,-4.14449181845622,-20.9980032901941,-6.21615816297945,99.9444598722577,29.213002566296,3.47575525640448,0,1,64,refinement
53,12,0.0555401277422938,0.0555401277422938,0,-4.14449181845622,-21.4815722181905,-6.24068271577977,99.9444598722577,28.6952410967539,4.00829454457215,0,1,65,refinement
53,13,0,0,0,-6.14608224506732,-22.4834357743833,-7.57087896576603,100,27.9478636711539,4.82246952835188,1,1,66,refinement
53,14,0,0,0,-6.71000685110226,-22.9745865975096,-9.28336948427121,100,27.1374544144793,5.81611022787493,1,1,67,refinement
53,15,0,0,0,-7.5376755357224,-23.3952271570586,-10.0623138510664,100,26.3473053892216,6.58673379261615,1,1,68,refinement
53,16,0,0,0,-9.27889268271394,-23.688716294497,-14.0769559220876,100,25.7192382152987,7.42139198021551,1,1,69,refinement
53,17,0,0,0,-9.96773572974671,-23.8427286143677,-14.2575652768055,100,24.9651073792265,8.07498675145734,1,1,70,refinement
53,18,0,0,0,-11.6607716626113,-24.3441863713798,-14.2592643384175,100,24.2695061005808,8.77495142201025,1,1,71,refinement
53,19,0,0,0,-12.7107332656277,-24.8676435288426,-15.5054437666734,100,23.6639502948989,9.31372549019608,1,1,72,refinement
53,20,0,0,0,-12.7107332656277,-25.1718280388644,-15.5054437666734,100,23.1416865517086,9.82821056350468,1,1,73,refinement
53,21,0,0,0,-12.7107332656277,-25.6434887201371,-15.5054437666734,100,22.5586421142677,10.2941176470588,1,1,74,refinement
53,22,0,0,0,-12.7107332656277,-26.0574967262764,-15.5054437666734,100,21.9913556345955,10.8373078961314,1,1,75,refinement
54,3,0.138850319355735,0.138850319355735,0.0694251596778673,-4.14449181845622,-16.9616846777108,-5.5763148629812,99.8611496806443,32.9926612939534,0.369422499165461,0,0,57,refinement
54,4,0.138850319355735,0.138850319355735,0.0277700638711469,-4.14449181845622,-17.6787854664244,-5.5763148629812,99.8611496806443,32.7427851064788,0.560810058974074,0,0,58,refinement
54,5,0.138850319355735,0.138850319355735,0.0277700638711469,-4.14449181845622,-18.1808260058524,-5.5763148629812,99.8611496806443,32.560443023727,0.727717814621119,0,0,59,refinement
54,6,0.0555401277422938,0.0555401277422938,0,-4.14449181845622,-18.6360321493366,-6.21401057396657,99.9444598722577,32.2025122686957,1.05353203367701,0,1,60,refinement
54,7,0.0555401277422938,0.0555401277422938,0,-4.14449181845622,-19.0332795796677,-6.21401057396657,99.9444598722577,31.9031110710909,1.3529332312818,0,1,61,refinement
54,8,0.0555401277422938,0.0555401277422938,0,-4.14449181845622,-19.5658509291431,-6.21401057396657,99.9444598722577,31.4281212012066,1.82792310116609,0,1,62,refinement
54,9,0.0555401277422938,0.0555401277422938,0,-4.14449181845622,-19.7388466848444,-6.21401057396657,99.9444598722577,30.9553824681464,2.30066183422628,0,1,63,refinement
54,10,0.0555401277422938,0.0555401277422938,0,-4.14449181845622,-20.547304425222,-6.21401057396657,99.9444598722577,30.3768403043537,2.879203998019,0,1,64,refinement
54,11,0.0555401277422938,0.0555401277422938,0,-4.14449181845622,-20.9980032901941,-6.21615816297945,99.9444598722577,29.7802890459682,3.47575525640448,0,1,65,refinement
54,12,0.0555401277422938,0.0555401277422938,0,-4.14449181845622,-21.4815722181905,-6.24068271577977,99.9444598722577,29.2625275764261,4.00829454457215,0,1,66,refinement
54,13,0,0,0,-6.14608224506732,-22.4834357743833,-7.57087896576603,100,28.5151501508262,4.82246952835188,1,1,67,refinement
54,14,0,0,0,-6.71000685110226,-22.9745865975096,-9.28336948427121,100,27.7047408941515,5.81611022787493,1,1,68,refinement
54,15,0,0,0,-7.5376755357224,-23.3952271570586,-10.0623138510664,100,26.9145918688938,6.58673379261615,1,1,69,refinement
54,16,0,0,0,-9.27889268271394,-23.688716294497,-14.0769559220876,100,26.286524694971,7.42139198021551,1,1,70,refinement
54,17,0,0,0,-9.96773572974671,-23.8427286143677,-14.2575652768055,100,25.5323938588987,8.07498675145734,1,1,71,refinement
54,18,0,0,0,-11.6607716626113,-24.3441863713798,-14.2592643384175,100,24.836792580253,8.77495142201025,1,1,72,refinement
54,19,0,0,0,-12.7107332656277,-24.8676435288426,-15.5054437666734,100,24.2312367745712,9.31372549019608,1,1,73,refinement
54,20,0,0,0,-12.7107332656277,-25.1718280388644,-15.5054437666734,100,23.7089730313808,9.82821056350468,1,1,74,refinement
54,21,0,0,0,-12.7107332656277,-25.6434887201371,-15.5054437666734,100,23.1259285939399,10.2941176470588,1,1,75,refinement
54,22,0,0,0,-12.7107332656277,-26.0574967262764,-15.5054437666734,100,22.5586421142677,10.8373078961314,1,1,76,refinement
55,3,0.138850319355735,0.138850319355735,0.0694251596778673,-4.14449181845622,-16.9616846777108,-5.5763148629812,99.8611496806443,33.4901625320787,0.369422499165461,0,0,58,refinement
55,4,0.138850319355735,0.138850319355735,0.0277700638711469,-4.14449181845622,-17.6787854664244,-5.5763148629812,99.8611496806443,33.240286344604,0.560810058974074,0,0,59,refinement
55,5,0.138850319355735,0.138850319355735,0.0277700638711469,-4.14449181845622,-18.1808260058524,-5.5763148629812,99.8611496806443,33.0579442618522,0.727717814621119,0,0,60,refinement
55,6,0.0555401277422938,0.0555401277422938,0,-4.14449181845622,-18.6360321493366,-6.21401057396657,99.9444598722577,32.7000135068209,1.05353203367701,0,1,61,refinement
55,7,0.0555401277422938,0.0555401277422938,0,-4.14449181845622,-19.0332795796677,-6.21401057396657,99.9444598722577,32.4006123092162,1.3529332312818,0,1,62,refinement
55,8,0.0555401277422938,0.0555401277422938,0,-4.14449181845622,-19.5658509291431,-6.21401057396657,99.9444598722577,31.9256224393319,1.82792310116609,0,1,63,refinement
55,9,0.0555401277422938,0.0555401277422938,0,-4.14449181845622,-19.7388466848444,-6.21401057396657,99.9444598722577,31.4528837062717,2.30066183422628,0,1,64,refinement
55,10,0.0555401277422938,0.0555401277422938,0,-4.14449181845622,-20.547304425222,-6.21401057396657,99.9444598722577,30.874341542479,2.879203998019,0,1,65,refinement
55,11,0.0555401277422938,0.0555401277422938,0,-4.14449181845622,-20.9980032901941,-6.21615816297945,99.9444598722577,30.2777902840935,3.47575525640448,0,1,66,refinement
55,12,0.0555401277422938,0.0555401277422938,0,-4.14449181845622,-21.4815722181905,-6.24068271577977,99.9444598722577,29.7600288145513,4.00829454457215,0,1,67,refinement
55,13,0,0,0,-6.14608224506732,-22.4834357743833,-7.57087896576603,100,29.0126513889514,4.82246952835188,1,1,68,refinement
55,14,0,0,0,-6.71000685110226,-22.9745865975096,-9.28336948427121,100,28.2022421322768,5.81611022787493,1,1,69,refinement
55,15,0,0,0,-7.5376755357224,-23.3952271570586,-10.0623138510664,100,27.412093107019,6.58673379261615,1,1,70,refinement
55,16,0,0,0,-9.27889268271394,-23.688716294497,-14.0769559220876,100,26.7840259330962,7.42139198021551,1,1,71,refinement
55,17,0,0,0,-9.96773572974671,-23.8427286143677,-14.2575652768055,100,26.029895097024,8.07498675145734,1,1,72,refinement
55,18,0,0,0,-11.6607716626113,-24.3441863713798,-14.2592643384175,100,25.3342938183783,8.77495142201025,1,1,73,refinement
55,19,0,0,0,-12.7107332656277,-24.8739598331295,-15.5054437666734,100,24.7287380126964,9.31372549019608,1,1,74,refinement
55,20,0,0,0,-12.7107332656277,-25.1883347839434,-15.5054437666734,100,24.2064742695061,9.82821056350468,1,1,75,refinement
55,21,0,0,0,-12.7107332656277,-25.6827860668854,-15.5054437666734,100,23.6234298320652,10.2941176470588,1,1,76,refinement
55,22,0,0,0,-12.7107332656277,-26.0883138848646,-15.5054437666734,100,23.056143352393,10.8373078961314,1,1,77,refinement
56,3,0.138850319355735,0.138850319355735,0.0694251596778673,-4.14449181845622,-16.9616846777108,-5.5763148629812,99.8611496806443,34.0439421908064,0.369422499165461,0,0,59,refinement
56,4,0.138850319355735,0.138850319355735,0.0277700638711469,-4.14449181845622,-17.6787854664244,-5.5763148629812,99.8611496806443,33.7940660033317,0.560810058974074,0,0,60,refinement
56,5,0.138850319355735,0.138850319355735,0.0277700638711469,-4.14449181845622,-18.1808260058524,-5.5763148629812,99.8611496806443,33.6117239205799,0.727717814621119,0,0,61,refinement
56,6,0.0555401277422938,0.0555401277422938,0,-4.14449181845622,-18.6360321493366,-6.21401057396657,99.9444598722577,33.2537931655486,1.05353203367701,0,1,62,refinement
56,7,0.0555401277422938,0.0555401277422938,0,-4.14449181845622,-19.0332795796677,-6.21401057396657,99.9444598722577,32.9543919679438,1.3529332312818,0,1,63,refinement
56,8,0.0555401277422938,0.0555401277422938,0,-4.14449181845622,-19.5658509291431,-6.21401057396657,99.9444598722577,32.4794020980595,1.82792310116609,0,1,64,refinement
56,9,0.0555401277422938,0.0555401277422938,0,-4.14449181845622,-19.7388466848444,-6.21401057396657,99.9444598722577,32.0066633649993,2.30066183422628,0,1,65,refinement
56,10,0.0555401277422938,0.0555401277422938,0,-4.14449181845622,-20.547304425222,-6.21401057396657,99.9444598722577,31.4281212012066,2.879203998019,0,1,66,refinement
56,11,0.0555401277422938,0.0555401277422938,0,-4.14449181845622,-20.9980032901941,-6.21615816297945,99.9444598722577,30.8315699428211,3.47575525640448,0,1,67,refinement
56,12,0.0555401277422938,0.0555401277422938,0,-4.14449181845622,-21.4815722181905,-6.24068271577977,99.9444598722577,30.313808473279,4.00829454457215,0,1,68,refinement
56,13,0,0,0,-6.14608224506732,-22.4834357743833,-7.57087896576603,100,29.5664310476791,4.82246952835188,1,1,69,refinement
56,14,0,0,0,-6.71000685110226,-22.9745865975096,-9.28336948427121,100,28.7560217910045,5.81611022787493,1,1,70,refinement
56,15,0,0,0,-7.5376755357224,-23.3952271570586,-10.0623138510664,100,27.9658727657467,6.58673379261615,1,1,71,refinement
56,16,0,0,0,-9.27889268271394,-23.688716294497,-14.0769559220876,100,27.3378055918239,7.42139198021551,1,1,72,refinement
56,17,0,0,0,-9.96773572974671,-23.8427286143677,-14.2575652768055,100,26.5836747557517,8.07498675145734,1,1,73,refinement
56,18,0,0,0,-11.6607716626113,-24.3441863713798,-14.2592643384175,100,25.8880734771059,8.77495142201025,1,1,74,refinement
56,19,0,0,0,-12.7107332656277,-24.8739598331295,-15.5054437666734,100,25.2825176714241,9.31372549019608,1,1,75,refinement
56,20,0,0,0,-12.7107332656277,-25.1883347839434,-15.5054437666734,100,24.7602539282338,9.82821056350468,1,1,76,refinement
56,21,0,0,0,-12.7107332656277,-25.6827860668854,-15.5054437666734,100,24.1772094907929,10.2941176470588,1,1,77,refinement
56,22,0,0,0,-12.7107332656277,-26.0883138848646,-15.5054437666734,100,23.6099230111206,10.8373078961314,1,1,78,refinement
57,3,0.138850319355735,0.138850319355735,0.0694251596778673,-4.14449181845622,-16.9616846777108,-5.5763148629812,99.8611496806443,34.5301877448111,0.369422499165461,0,0,60,refinement
57,4,0.138850319355735,0.138850319355735,0.0277700638711469,-4.14449181845622,-17.6787854664244,-5.5763148629812,99.8611496806443,34.2803115573365,0.560810058974074,0,0,61,refinement
57,5,0.138850319355735,0.138850319355735,0.0277700638711469,-4.14449181845622,-18.1808260058524,-5.5763148629812,99.8611496806443,34.0979694745847,0.727717814621119,0,0,62,refinement
57,6,0.0555401277422938,0.0555401277422938,0,-4.14449181845622,-18.6360321493366,-6.21401057396657,99.9444598722577,33.7400387195534,1.05353203367701,0,1,63,refinement
57,7,0.0555401277422938,0.0555401277422938,0,-4.14449181845622,-19.0332795796677,-6.21401057396657,99.9444598722577,33.4406375219486,1.3529332312818,0,1,64,refinement
57,8,0.0555401277422938,0.0555401277422938,0,-4.14449181845622,-19.5658509291431,-6.21401057396657,99.9444598722577,32.9656476520643,1.82792310116609,0,1,65,refinement
57,9,0.0555401277422938,0.0555401277422938,0,-4.14449181845622,-19.7388466848444,-6.21401057396657,99.9444598722577,32.4929089190041,2.30066183422628,0,1,66,refinement
57,10,0.0555401277422938,0.0555401277422938,0,-4.14449181845622,-20.547304425222,-6.21401057396657,99.9444598722577,31.9143667552114,2.879203998019,0,1,67,refinement
57,11,0.0555401277422938,0.0555401277422938,0,-4.14449181845622,-20.9980032901941,-6.21615816297945,99.9444598722577,31.3178154968259,3.47575525640448,0,1,68,refinement
57,12,0.0555401277422938,0.0555401277422938,0,-4.14449181845622,-21.4815722181905,-6.24068271577977,99.9444598722577,30.8000540272838,4.00829454457215,0,1,69,refinement
57,13,0,0,0,-6.14608224506732,-22.4834357743833,-7.57087896576603,100,30.0526766016838,4.82246952835188,1,1,70,refinement
57,14,0,0,0,-6.71000685110226,-22.9745865975096,-9.28336948427121,100,29.2422673450092,5.81611022787493,1,1,71,refinement
57,15,0,0,0,-7.5376755357224,-23.3952271570586,-10.0623138510664,100,28.4521183197515,6.58673379261615,1,1,72,refinement
57,16,0,0,0,-9.27889268271394,-23.688716294497,-14.0769559220876,100,27.8240511458286,7.42139198021551,1,1,73,refinement
57,17,0,0,0,-9.96773572974671,-23.8427286143677,-14.2575652768055,100,27.0699203097564,8.07498675145734,1,1,74,refinement
57,18,0,0,0,-11.6607716626113,-24.3441863713798,-14.2592643384175,100,26.3743190311107,8.77495142201025,1,1,75,refinement
57,19,0,0,0,-12.7107332656277,-24.8739598331295,-15.5054437666734,100,25.7687632254288,9.31372549019608,1,1,76,refinement
57,20,0,0,0,-12.7107332656277,-25.1883347839434,-15.5054437666734,100,25.2464994822385,9.82821056350468,1,1,77,refinement
57,21,0,0,0,-12.7107332656277,-25.6827860668854,-15.5054437666734,100,24.6634550447976,10.2941176470588,1,1,78,refinement
57,22,0,0,0,-12.7107332656277,-26.0883138848646,-15.5054437666734,100,24.0961685651254,10.8373078961314,1,1,79,refinement
165.475781687011,3,0.138850319355735,0.138850319355735,0.0694251596778673,-4.14449181845622,-17.1878029859963,-5.5763148629812,99.8611496806443,99.8255608549726,0.369422499165461,0,0,168.475781687011,refinement
165.475781687011,4,0.138850319355735,0.138850319355735,0.0277700638711469,-4.14449181845622,-17.7308168282226,-5.5763148629812,99.8611496806443,99.6091679915209,0.560810058974074,0,0,169.475781687011,refinement
165.475781687011,5,0.138850319355735,0.138850319355735,0.0277700638711469,-4.14449181845622,-18.1990961390427,-5.5763148629812,99.8611496806443,99.4281045751634,0.727717814621119,0,0,170.475781687011,refinement
165.475781687011,6,0.0555401277422938,0.0555401277422938,0,-4.14449181845622,-18.6835861855895,-6.21401057396657,99.9444598722577,99.1344285461932,1.05353203367701,0,1,171.475781687011,refinement
165.475781687011,7,0.0555401277422938,0.0555401277422938,0,-4.14449181845622,-19.1321285016383,-6.21401057396657,99.9444598722577,98.8849143260908,1.3529332312818,0,1,172.475781687011,refinement
165.475781687011,8,0.0555401277422938,0.0555401277422938,0,-4.14449181845622,-19.7473030038042,-6.21401057396657,99.9444598722577,98.3571807101219,1.82792310116609,0,1,173.475781687011,refinement
165.475781687011,9,0.0555401277422938,0.0555401277422938,0,-4.14449181845622,-19.9646659977659,-6.21401057396657,99.9444598722577,97.8925114053633,2.30066183422628,0,1,174.475781687011,refinement
165.475781687011,10,0.0555401277422938,0.0555401277422938,0,-4.14449181845622,-20.842253156524,-6.21401057396657,99.9444598722577,97.4051407588739,2.879203998019,0,1,175.475781687011,refinement
165.475781687011,11,0.0555401277422938,0.0555401277422938,0,-4.14449181845622,-21.4815722181905,-6.21615816297945,99.9444598722577,96.9177701123846,3.47575525640448,0,1,176.475781687011,refinement
165.475781687011,12,0.0555401277422938,0.0555401277422938,0,-4.14449181845622,-21.9690673591138,-6.24068271577977,99.9444598722577,96.330254812507,4.00829454457215,0,1,177.475781687011,refinement
165.475781687011,13,0,0,0,-6.14608224506732,-22.8474407403623,-7.57087896576603,100,95.5491265160788,4.82246952835188,1,1,178.475781687011,refinement
165.475781687011,14,0,0,0,-6.71000685110225,-23.3952271570586,-9.28336948427095,100,94.6767553132302,5.81611022787493,1,1,179.475781687011,refinement
165.475781687011,15,0,0,0,-7.5376755357224,-23.7849402176646,-10.0623138510666,100,93.9401357516413,6.58673379261615,1,1,180.475781687011,refinement
165.475781687011,16,0,0,0,-9.27889268271363,-24.2693878804583,-14.110414781593,100,93.2457994881495,7.42139198021551,1,1,181.475781687011,refinement
165.475781687011,17,0,0,0,-9.96773572974691,-24.7667727941781,-14.4975628170179,100,92.4001335262045,8.07498675145734,1,1,182.475781687011,refinement
165.475781687011,18,0,0,0,-11.6607716626111,-25.4840607080021,-14.633874505923,100,91.690013456575,8.77495142201025,1,1,183.475781687011,refinement
165.475781687011,19,0,0,0,-14.7905756346158,-25.878801085361,-15.8892707132391,100,91.1164545233946,9.31372549019608,1,1,184.475781687011,refinement
165.475781687011,20,0,0,0,-14.7949767429673,-26.2453297982589,-15.8923838170759,100,90.5009816681741,9.82821056350468,1,1,185.475781687011,refinement
165.475781687011,21,0,0,0,-14.7949767429673,-26.4459619091247,-15.8923838170759,100,89.9494826939622,10.2941176470588,1,1,186.475781687011,refinement
165.475781687011,22,0,0,0,-14.7949767429673,-26.646685043221,-15.8923838170759,100,89.3913657320597,10.8373078961314,1,1,187.475781687011,refinement
165.475781687011,165.475781687011,0,0,0,-2969.09346595255,-2969.09346595255,-2969.09346595255,100,0,100,1,1,330.951563374022,refinement
43.5,4.5,0.138850319355735,0.138850319355735,0.0971952235490142,-0.555772106295848,-17.9238109730848,-5.5763148629812,99.8611496806443,26.2324974111927,0.640925781684656,0,0,48,final
43.5,5,0.138850319355735,0.138850319355735,0.0971952235490142,-0.555772106295848,-18.1808260058524,-5.5763148629812,99.8611496806443,26.146954211877,0.727717814621119,0,0,48.5,final
43.5,5.5,0.138850319355735,0.138850319355735,0.0971952235490142,-0.555772106295848,-18.2205862845322,-5.5763148629812,99.8611496806443,25.9983791814867,0.867920329364638,0,0,49,final
43.5,6,0.138850319355735,0.138850319355735,0.0416550958067204,-0.555772106295848,-18.6197732184121,-5.60315715453846,99.8611496806443,25.7890234568457,1.05353203367701,0,0,49.5,final
43.5,6.5,0.138850319355735,0.138850319355735,0.0416550958067204,-0.555772106295848,-18.7816171530722,-5.60315715453846,99.8611496806443,25.6269416055108,1.21561388501193,0,0,50,final
43.5,7,0.138850319355735,0.138850319355735,0.0416550958067204,-0.555772106295848,-19.0189215471252,-5.60315715453846,99.8611496806443,25.4896222592409,1.3529332312818,0,0,50.5,final
43.5,7.5,0.138850319355735,0.138850319355735,0.0416550958067204,-0.555772106295848,-19.4645199329377,-5.60315715453846,99.8611496806443,25.2217369771735,1.62081851334924,0,0,51,final
43.5,11.5,0.138850319355735,0.138850319355735,0.0416550958067204,-0.555772106295848,-21.2269324423687,-5.60315715453846,99.8611496806443,23.0764035838098,3.76615190671289,0,0,55,final
43.5,12,0.138850319355735,0.138850319355735,0.0416550958067204,-0.555772106295848,-21.402145189219,-5.60315715453846,99.8611496806443,22.8490387645761,4.00829454457215,0,0,55.5,final
43.5,12.5,0.111080255484588,0.111080255484588,0.0416550958067204,-0.555772106295848,-21.881997638666,-5.81330586280746,99.8889197445154,22.4415829994147,4.4338456103162,0,0,56,final
43.5,13,0.0833101916134407,0.0833101916134407,0.0416550958067204,-0.555772106295848,-22.2950373098788,-6.15031144710937,99.9166898083866,22.1016613389762,4.82246952835188,0,1,56.5,final
43.5,13.5,0.0833101916134407,0.0833101916134407,0.0416550958067204,-0.555772106295848,-22.652953813888,-6.24068271577977,99.9166898083866,21.7572374048895,5.20005299417064,0,1,57,final
43.5,14,0.0833101916134407,0.0833101916134407,0.0416550958067204,-0.555772106295848,-22.8565962502705,-6.7887799332433,99.9166898083866,21.2912520823016,5.81611022787493,0,1,57.5,final
43.5,14.5,0.0833101916134407,0.0833101916134407,0.0416550958067204,-0.555772106295848,-22.9375652255944,-7.54829780644796,99.9166898083866,20.9288190536221,6.17382087970323,0,1,58,final
44,4.5,0.138850319355735,0.138850319355735,0.0833101916134407,-0.555772106295848,-17.9238109730848,-5.5763148629812,99.8611496806443,26.6084372608167,0.640925781684656,0,0,48.5,final
44,5,0.138850319355735,0.138850319355735,0.0833101916134407,-0.555772106295848,-18.1808260058524,-5.5763148629812,99.8611496806443,26.5228940615011,0.727717814621119,0,0,49,final
44,5.5,0.138850319355735,0.138850319355735,0.0833101916134407,-0.555772106295848,-18.2205862845322,-5.5763148629812,99.8611496806443,26.3743190311107,0.867920329364638,0,0,49.5,final
44,6,0.111080255484588,0.111080255484588,0.0416550958067204,-0.555772106295848,-18.6197732184121,-5.81330586280746,99.8889197445154,26.1649633064698,1.05353203367701,0,0,50,final
44,6.5,0.111080255484588,0.111080255484588,0.0416550958067204,-0.555772106295848,-18.7816171530722,-5.81330586280746,99.8889197445154,26.0028814551348,1.21561388501193,0,0,50.5,final
44,7,0.111080255484588,0.111080255484588,0.0416550958067204,-0.555772106295848,-19.0189215471252,-5.81330586280746,99.8889197445154,25.865562108865,1.3529332312818,0,0,51,final
44,7.5,0.111080255484588,0.111080255484588,0.0416550958067204,-0.555772106295848,-19.4645199329377,-5.81330586280746,99.8889197445154,25.5976768267975,1.62081851334924,0,0,51.5,final
44,11.5,0.111080255484588,0.111080255484588,0.0416550958067204,-0.555772106295848,-21.2515966614435,-5.81330586280746,99.8889197445154,23.4523434334339,3.76615190671289,0,0,55.5,final
44,12,0.111080255484588,0.111080255484588,0.0416550958067204,-0.555772106295848,-21.430473572997,-5.81330586280746,99.8889197445154,23.2249786142002,4.00829454457215,0,0,56,final
44,12.5,0.0833101916134407,0.0833101916134407,0.0416550958067204,-0.555772106295848,-21.8862999885017,-6.15031144710937,99.9166898083866,22.8175228490388,4.4338456103162,0,1,56.5,final
44,13,0.0555401277422938,0.0555401277422938,0.0416550958067204,-0.555772106295848,-22.3157119420547,-6.24068271577977,99.9444598722577,22.4776011886002,4.82246952835188,0,1,57,final
44,13.5,0.0555401277422938,0.0555401277422938,0.0416550958067204,-0.555772106295848,-22.6826612493007,-6.7887799332433,99.9444598722577,22.1331772545135,5.20005299417064,0,1,57.5,final
44,14,0.0555401277422938,0.0555401277422938,0.0416550958067204,-0.555772106295848,-22.8641639651755,-7.54829780644796,99.9444598722577,21.6671919319256,5.81611022787493,0,1,58,final
44,14.5,0.0555401277422938,0.0555401277422938,0.0416550958067204,-0.555772106295848,-22.9454065371659,-8.09033584346677,99.9444598722577,21.3047589032461,6.17382087970323,0,1,58.5,final
44.5,4.5,0.138850319355735,0.138850319355735,0.0694251596778673,-4.14449181845622,-17.9238109730848,-5.5763148629812,99.8611496806443,27.0068884786817,0.640925781684656,0,0,49,final
44.5,5,0.138850319355735,0.138850319355735,0.0694251596778673,-4.14449181845622,-18.1910106493654,-5.5763148629812,99.8611496806443,26.9213452793661,0.727717814621119,0,0,49.5,final
44.5,5.5,0.138850319355735,0.138850319355735,0.0694251596778673,-4.14449181845622,-18.2447758079007,-5.5763148629812,99.8611496806443,26.7727702489757,0.867920329364638,0,0,50,final
44.5,6,0.0833101916134407,0.0833101916134407,0.0416550958067204,-4.14449181845622,-18.6360321493365,-6.15031144710937,99.9166898083866,26.5634145243348,1.05353203367701,0,1,50.5,final
44.5,6.5,0.0833101916134407,0.0833101916134407,0.0416550958067204,-4.14449181845622,-18.7878586342865,-6.15031144710937,99.9166898083866,26.4013326729999,1.21561388501193,0,1,51,final
44.5,7,0.0833101916134407,0.0833101916134407,0.0416550958067204,-4.14449181845622,-19.0332795796677,-6.15031144710937,99.9166898083866,26.26401332673,1.3529332312818,0,1,51.5,final
44.5,7.5,0.0833101916134407,0.0833101916134407,0.0416550958067204,-4.14449181845622,-19.4679120519929,-6.15031144710937,99.9166898083866,25.9961280446626,1.62081851334924,0,1,52,final
44.5,11.5,0.0833101916134407,0.0833101916134407,0.0416550958067204,-4.14449181845622,-21.285557255841,-6.15031144710937,99.9166898083866,23.8507946512989,3.76615190671289,0,1,56,final
44.5,12,0.0833101916134407,0.0833101916134407,0.0416550958067204,-4.14449181845622,-21.4566886222302,-6.15031144710937,99.9166898083866,23.6234298320652,4.00829454457215,0,1,56.5,final
44.5,12.5,0.0555401277422938,0.0555401277422938,0.0416550958067204,-4.1801157198415,-21.9404155413742,-6.24068271577977,99.9444598722577,23.2159740669038,4.4338456103162,0,1,57,final
44.5,13,0.0555401277422938,0.0555401277422938,0.0277700638711469,-4.1801157198415,-22.3227383963279,-6.7887799332433,99.9444598722577,22.8760524064653,4.82246952835188,0,1,57.5,final
44.5,13.5,0.0555401277422938,0.0555401277422938,0.0277700638711469,-4.1947866397944,-22.6950373239806,-7.54829780644796,99.9444598722577,22.5316284723786,5.20005299417064,0,1,58,final
44.5,14,0.0555401277422938,0.0555401277422938,0.0277700638711469,-4.1947866397944,-22.8661604690387,-8.09033584346677,99.9444598722577,22.0656431497906,5.81611022787493,0,1,58.5,final
44.5,14.5,0.0555401277422938,0.0555401277422938,0.0277700638711469,-4.1947866397944,-22.9745865975096,-8.38460360481463,99.9444598722577,21.7032101211112,6.17382087970323,0,1,59,final
45,4.5,0.138850319355735,0.138850319355735,0.0694251596778673,-4.14449181845622,-17.9238109730848,-5.5763148629812,99.8611496806443,27.3940840124263,0.640925781684656,0,0,49.5,final
45,5,0.138850319355735,0.138850319355735,0.0694251596778673,-4.14449181845622,-18.1910106493654,-5.5763148629812,99.8611496806443,27.3085408131106,0.727717814621119,0,0,50,final
45,5.5,0.138850319355735,0.138850319355735,0.0694251596778673,-4.14449181845622,-18.2447758079007,-5.5763148629812,99.8611496806443,27.1599657827203,0.867920329364638,0,0,50.5,final
45,6,0.0833101916134407,0.0833101916134407,0.0416550958067204,-4.14449181845622,-18.6360321493365,-6.15031144710937,99.9166898083866,26.9506100580793,1.05353203367701,0,1,51,final
45,6.5,0.0833101916134407,0.0833101916134407,0.0416550958067204,-4.14449181845622,-18.7878586342865,-6.15031144710937,99.9166898083866,26.7885282067444,1.21561388501193,0,1,51.5,final
45,7,0.0833101916134407,0.0833101916134407,0.0416550958067204,-4.14449181845622,-19.0332795796677,-6.15031144710937,99.9166898083866,26.6512088604745,1.3529332312818,0,1,52,final
45,7.5,0.0833101916134407,0.0833101916134407,0.0416550958067204,-4.14449181845622,-19.4679120519929,-6.15031144710937,99.9166898083866,26.3833235784071,1.62081851334924,0,1,52.5,final
45,11.5,0.0833101916134407,0.0833101916134407,0.0416550958067204,-4.14449181845622,-21.285557255841,-6.15031144710937,99.9166898083866,24.2379901850434,3.76615190671289,0,1,56.5,final
45,12,0.0833101916134407,0.0833101916134407,0.0416550958067204,-4.14449181845622,-21.4566886222302,-6.15031144710937,99.9166898083866,24.0106253658097,4.00829454457215,0,1,57,final
45,12.5,0.0555401277422938,0.0555401277422938,0.0416550958067204,-4.1801157198415,-21.9404155413742,-6.24068271577977,99.9444598722577,23.6031696006483,4.4338456103162,0,1,57.5,final
45,13,0.0555401277422938,0.0555401277422938,0.0277700638711469,-4.1801157198415,-22.3471103614881,-6.7887799332433,99.9444598722577,23.2632479402098,4.82246952835188,0,1,58,final
45,13.5,0.0555401277422938,0.0555401277422938,0.0277700638711469,-4.1947866397944,-22.7001393708396,-7.57087896576603,99.9444598722577,22.9188240061231,5.20005299417064,0,1,58.5,final
45,14,0.0555401277422938,0.0555401277422938,0.0277700638711469,-4.1947866397944,-22.8861407722067,-8.38460360481463,99.9444598722577,22.4528386835352,5.81611022787493,0,1,59,final
45,14.5,0.0555401277422938,0.0555401277422938,0.0277700638711469,-4.1947866397944,-23.0070681997755,-9.26902972525946,99.9444598722577,22.0904056548557,6.17382087970323,0,1,59.5,final
45.5,4.5,0.138850319355735,0.138850319355735,0.0555401277422938,-4.14449181845622,-17.9238109730848,-5.5763148629812,99.8611496806443,27.7565170411058,0.640925781684656,0,0,50,final
45.5,5,0.138850319355735,0.138850319355735,0.0555401277422938,-4.14449181845622,-18.1910106493654,-5.5763148629812,99.8611496806443,27.6709738417901,0.727717814621119,0,0,50.5,final
45.5,5.5,0.138850319355735,0.138850319355735,0.0555401277422938,-4.14449181845622,-18.2447758079007,-5.5763148629812,99.8611496806443,27.5223988113998,0.867920329364638,0,0,51,final
45.5,6,0.0555401277422938,0.0555401277422938,0.0416550958067204,-4.14449181845622,-18.6360321493365,-6.21401057396657,99.9444598722577,27.3130430867588,1.05353203367701,0,1,51.5,final
45.5,6.5,0.0555401277422938,0.0555401277422938,0.0416550958067204,-4.14449181845622,-18.7878586342865,-6.21401057396657,99.9444598722577,27.1509612354239,1.21561388501193,0,1,52,final
45.5,7,0.0555401277422938,0.0555401277422938,0.0416550958067204,-4.14449181845622,-19.0332795796677,-6.21401057396657,99.9444598722577,27.013641889154,1.3529332312818,0,1,52.5,final
45.5,7.5,0.0555401277422938,0.0555401277422938,0.0416550958067204,-4.14449181845622,-19.4679120519929,-6.21401057396657,99.9444598722577,26.7457566070866,1.62081851334924,0,1,53,final
45.5,11.5,0.0555401277422938,0.0555401277422938,0.0416550958067204,-4.14449181845622,-21.3158836534966,-6.24068271577977,99.9444598722577,24.6004232137229,3.76615190671289,0,1,57,final
45.5,12,0.0555401277422938,0.0555401277422938,0.0416550958067204,-4.14449181845622,-21.4772679541995,-6.24068271577977,99.9444598722577,24.3730583944892,4.00829454457215,0,1,57.5,final
45.5,12.5,0.0555401277422938,0.0555401277422938,0.0277700638711469,-4.1801157198415,-21.9690673591138,-6.7887799332433,99.9444598722577,23.9656026293278,4.4338456103162,0,1,58,final
45.5,13,0.0555401277422938,0.0555401277422938,0.0138850319355735,-4.1801157198415,-22.3816420328512,-7.57087896576603,99.9444598722577,23.6256809688893,4.82246952835188,0,1,58.5,final
45.5,13.5,0.0555401277422938,0.0555401277422938,0.0138850319355735,-4.1947866397944,-22.7015270525085,-8.38460360481463,99.9444598722577,23.2812570348026,5.20005299417064,0,1,59,final
45.5,14,0.0555401277422938,0.0555401277422938,0.0138850319355735,-4.1947866397944,-22.8861407722067,-9.26902972525946,99.9444598722577,22.8152717122147,5.81611022787493,0,1,59.5,final
45.5,14.5,0.0555401277422938,0.0555401277422938,0.0138850319355735,-4.1947866397944,-23.0070681997755,-9.76583258267972,99.9444598722577,22.4528386835352,6.17382087970323,0,1,60,final
46,4.5,0.138850319355735,0.138850319355735,0.0555401277422938,-4.14449181845622,-17.9238109730848,-5.5763148629812,99.8611496806443,28.0694250596551,0.640925781684656,0,0,50.5,final
46,5,0.138850319355735,0.138850319355735,0.0555401277422938,-4.14449181845622,-18.1910106493654,-5.5763148629812,99.8611496806443,27.9838818603395,0.727717814621119,0,0,51,final
46,5.5,0.138850319355735,0.138850319355735,0.0555401277422938,-4.14449181845622,-18.2447758079007,-5.5763148629812,99.8611496806443,27.8353068299491,0.867920329364638,0,0,51.5,final
46,6,0.0555401277422938,0.0555401277422938,0.0416550958067204,-4.14449181845622,-18.6360321493365,-6.21401057396657,99.9444598722577,27.6259511053082,1.05353203367701,0,1,52,final
46,6.5,0.0555401277422938,0.0555401277422938,0.0416550958067204,-4.14449181845622,-18.7878586342865,-6.21401057396657,99.9444598722577,27.4638692539733,1.21561388501193,0,1,52.5,final
46,7,0.0555401277422938,0.0555401277422938,0.0416550958067204,-4.14449181845622,-19.0332795796677,-6.21401057396657,99.9444598722577,27.3265499077034,1.3529332312818,0,1,53,final
46,7.5,0.0555401277422938,0.0555401277422938,0.0416550958067204,-4.14449181845622,-19.4679120519929,-6.21401057396657,99.9444598722577,27.0586646256359,1.62081851334924,0,1,53.5,final
46,11.5,0.0555401277422938,0.0555401277422938,0.0416550958067204,-4.14449181845622,-21.3158836534966,-6.24068271577977,99.9444598722577,24.9133312322723,3.76615190671289,0,1,57.5,final
46,12,0.0555401277422938,0.0555401277422938,0.0416550958067204,-4.14449181845622,-21.4772679541995,-6.24068271577977,99.9444598722577,24.6859664130386,4.00829454457215,0,1,58,final
46,12.5,0.0555401277422938,0.0555401277422938,0.0277700638711469,-4.1801157198415,-21.9690673591138,-6.7887799332433,99.9444598722577,24.2785106478772,4.4338456103162,0,1,58.5,final
46,13,0.0555401277422938,0.0555401277422938,0.0138850319355735,-4.1801157198415,-22.3816420328512,-7.57087896576603,99.9444598722577,23.9385889874387,4.82246952835188,0,1,59,final
46,13.5,0.0555401277422938,0.0555401277422938,0.0138850319355735,-4.1947866397944,-22.7095289908189,-8.38460360481463,99.9444598722577,23.5941650533519,5.20005299417064,0,1,59.5,final
46,14,0.0555401277422938,0.0555401277422938,0.0138850319355735,-4.1947866397944,-22.9164452716627,-9.26902972525946,99.9444598722577,23.128179730764,5.81611022787493,0,1,60,final
46,14.5,0.0555401277422938,0.0555401277422938,0.0138850319355735,-4.1947866397944,-23.0377907361038,-9.76583258267972,99.9444598722577,22.7657467020846,6.17382087970323,0,1,60.5,final
46.5,4.5,0.138850319355735,0.138850319355735,0.0555401277422938,-4.14449181845622,-17.9238109730848,-5.5763148629812,99.8611496806443,28.3755796677322,0.640925781684656,0,0,51,final
46.5,5,0.138850319355735,0.138850319355735,0.0555401277422938,-4.14449181845622,-18.1910106493654,-5.5763148629812,99.8611496806443,28.2900364684165,0.727717814621119,0,0,51.5,final
46.5,5.5,0.138850319355735,0.138850319355735,0.0555401277422938,-4.14449181845622,-18.2447758079007,-5.5763148629812,99.8611496806443,28.1414614380262,0.867920329364638,0,0,52,final
46.5,6,0.0555401277422938,0.0555401277422938,0.0416550958067204,-4.14449181845622,-18.6360321493365,-6.21401057396657,99.9444598722577,27.9321057133853,1.05353203367701,0,1,52.5,final
46.5,6.5,0.0555401277422938,0.0555401277422938,0.0416550958067204,-4.14449181845622,-18.7878586342865,-6.21401057396657,99.9444598722577,27.7700238620503,1.21561388501193,0,1,53,final
46.5,7,0.0555401277422938,0.0555401277422938,0.0416550958067204,-4.14449181845622,-19.0332795796677,-6.21401057396657,99.9444598722577,27.6327045157805,1.3529332312818,0,1,53.5,final
46.5,7.5,0.0555401277422938,0.0555401277422938,0.0416550958067204,-4.14449181845622,-19.4679120519929,-6.21401057396657,99.9444598722577,27.364819233713,1.62081851334924,0,1,54,final
46.5,11.5,0.0555401277422938,0.0555401277422938,0.0416550958067204,-4.14449181845622,-21.3158836534966,-6.24068271577977,99.9444598722577,25.2194858403494,3.76615190671289,0,1,58,final
46.5,12,0.0555401277422938,0.0555401277422938,0.0416550958067204,-4.14449181845622,-21.4772679541995,-6.24068271577977,99.9444598722577,24.9921210211157,4.00829454457215,0,1,58.5,final
46.5,12.5,0.0555401277422938,0.0555401277422938,0.0277700638711469,-4.1801157198415,-21.9690673591138,-6.7887799332433,99.9444598722577,24.5846652559543,4.4338456103162,0,1,59,final
46.5,13,0.0555401277422938,0.0555401277422938,0.0138850319355735,-4.1801157198415,-22.3816420328512,-7.57087896576603,99.9444598722577,24.2447435955157,4.82246952835188,0,1,59.5,final
46.5,13.5,0.0555401277422938,0.0555401277422938,0.0138850319355735,-4.1947866397944,-22.7095289908189,-8.38460360481463,99.9444598722577,23.900319661429,5.20005299417064,0,1,60,final
46.5,14,0.0555401277422938,0.0555401277422938,0.0138850319355735,-4.1947866397944,-22.9164452716627,-9.26902972525946,99.9444598722577,23.4343343388411,5.81611022787493,0,1,60.5,final
46.5,14.5,0.0555401277422938,0.0555401277422938,0.0138850319355735,-4.1947866397944,-23.0377907361038,-9.76583258267972,99.9444598722577,23.0719013101616,6.17382087970323,0,1,61,final
47,4.5,0.138850319355735,0.138850319355735,0.0416550958067204,-4.14449181845622,-17.8984964436327,-5.5763148629812,99.8611496806443,28.7064967808743,0.640925781684656,0,0,51.5,final
47,5,0.138850319355735,0.138850319355735,0.0416550958067204,-4.14449181845622,-18.1808260058525,-5.5763148629812,99.8611496806443,28.6209535815587,0.727717814621119,0,0,52,final
47,5.5,0.138850319355735,0.138850319355735,0.0416550958067204,-4.14449181845622,-18.2426389578472,-5.5763148629812,99.8611496806443,28.4723785511683,0.867920329364638,0,0,52.5,final
47,6,0.0555401277422938,0.0555401277422938,0.0138850319355735,-4.14449181845622,-18.6360321493365,-6.21401057396657,99.9444598722577,28.2630228265274,1.05353203367701,0,1,53,final
47,6.5,0.0555401277422938,0.0555401277422938,0.0138850319355735,-4.14449181845622,-18.7878586342865,-6.21401057396657,99.9444598722577,28.1009409751925,1.21561388501193,0,1,53.5,final
47,7,0.0555401277422938,0.0555401277422938,0.0138850319355735,-4.14449181845622,-19.0332795796677,-6.21401057396657,99.9444598722577,27.9636216289226,1.3529332312818,0,1,54,final
47,7.5,0.0555401277422938,0.0555401277422938,0.0138850319355735,-4.14449181845622,-19.4679120519929,-6.21401057396657,99.9444598722577,27.6957363468552,1.62081851334924,0,1,54.5,final
47,11.5,0.0555401277422938,0.0555401277422938,0.0138850319355735,-4.14449181845622,-21.3158836534966,-6.24068271577977,99.9444598722577,25.5504029534915,3.76615190671289,0,1,58.5,final
47,12,0.0555401277422938,0.0555401277422938,0.0138850319355735,-4.14449181845622,-21.4772679541995,-6.24068271577977,99.9444598722577,25.3230381342578,4.00829454457215,0,1,59,final
47,12.5,0.0277700638711469,0.0277700638711469,0.0138850319355735,-4.1801157198415,-21.9786719066344,-6.7887799332433,99.9722299361289,24.9155823690964,4.4338456103162,0,1,59.5,final
47,13,0.0277700638711469,0.0277700638711469,0,-4.1801157198415,-22.4241486422765,-7.57087896576603,99.9722299361289,24.5756607086579,4.82246952835188,0,1,60,final
47,13.5,0.0277700638711469,0.0277700638711469,0,-4.1947866397944,-22.7248892089529,-8.38460360481463,99.9722299361289,24.2312367745712,5.20005299417064,0,1,60.5,final
47,14,0.0277700638711469,0.0277700638711469,0,-4.1947866397944,-22.9375652255944,-9.2833694842711,99.9722299361289,23.7652514519833,5.81611022787493,0,1,61,final
47,14.5,0.0277700638711469,0.0277700638711469,0,-4.1947866397944,-23.0696428844093,-10.0623138510665,99.9722299361289,23.4028184233038,6.17382087970323,0,1,61.5,final
47.5,4.5,0.138850319355735,0.138850319355735,0.0277700638711469,-4.14449181845622,-17.8984964436327,-5.5763148629812,99.8611496806443,29.0013957048309,0.640925781684656,0,0,52,final
47.5,5,0.138850319355735,0.138850319355735,0.0277700638711469,-4.14449181845622,-18.1808260058525,-5.5763148629812,99.8611496806443,28.9158525055153,0.727717814621119,0,0,52.5,final
47.5,5.5,0.138850319355735,0.138850319355735,0.0277700638711469,-4.14449181845622,-18.2426389578472,-5.5763148629812,99.8611496806443,28.7672774751249,0.867920329364638,0,0,53,final
47.5,6,0.0555401277422938,0.0555401277422938,0,-4.14449181845622,-18.6360321493365,-6.21401057396657,99.9444598722577,28.557921750484,1.05353203367701,0,1,53.5,final
47.5,6.5,0.0555401277422938,0.0555401277422938,0,-4.14449181845622,-18.7878586342865,-6.21401057396657,99.9444598722577,28.3958398991491,1.21561388501193,0,1,54,final
47.5,7,0.0555401277422938,0.0555401277422938,0,-4.14449181845622,-19.0332795796677,-6.21401057396657,99.9444598722577,28.2585205528792,1.3529332312818,0,1,54.5,final
47.5,7.5,0.0555401277422938,0.0555401277422938,0,-4.14449181845622,-19.4679120519929,-6.21401057396657,99.9444598722577,27.9906352708118,1.62081851334924,0,1,55,final
47.5,11.5,0.0555401277422938,0.0555401277422938,0,-4.14449181845622,-21.3352089298604,-6.24068271577977,99.9444598722577,25.8453018774481,3.76615190671289,0,1,59,final
47.5,12,0.0555401277422938,0.0555401277422938,0,-4.14449181845622,-21.4815722181905,-6.24068271577977,99.9444598722577,25.6179370582144,4.00829454457215,0,1,59.5,final
47.5,12.5,0.0277700638711469,0.0277700638711469,0,-5.5837478235841,-21.9890360008479,-6.7887799332433,99.9722299361289,25.210481293053,4.4338456103162,0,1,60,final
47.5,13,0,0,0,-6.14608224506732,-22.4646103626006,-7.57087896576603,100,24.8705596326145,4.82246952835188,1,1,60.5,final
47.5,13.5,0,0,0,-6.18795553261248,-22.7494843236871,-8.38460360481463,100,24.5261356985278,5.20005299417064,1,1,61,final
47.5,14,0,0,0,-6.71000685110226,-22.9454065371659,-9.2833694842711,100,24.0601503759398,5.81611022787493,1,1,61.5,final
47.5,14.5,0,0,0,-7.48993835745176,-23.1015972981732,-10.0623138510665,100,23.6977173472604,6.17382087970323,1,1,62,final
48,4.5,0.138850319355735,0.138850319355735,0.0277700638711469,-4.14449181845622,-17.8984964436327,-5.5763148629812,99.8611496806443,29.3120525865562,0.640925781684656,0,0,52.5,final
48,5,0.138850319355735,0.138850319355735,0.0277700638711469,-4.14449181845622,-18.1808260058525,-5.5763148629812,99.8611496806443,29.2265093872406,0.727717814621119,0,0,53,final
48,5.5,0.138850319355735,0.138850319355735,0.0277700638711469,-4.14449181845622,-18.2426389578472,-5.5763148629812,99.8611496806443,29.0779343568502,0.867920329364638,0,0,53.5,final
48,6,0.0555401277422938,0.0555401277422938,0,-4.14449181845622,-18.6360321493365,-6.21401057396657,99.9444598722577,28.8685786322093,1.05353203367701,0,1,54,final
48,6.5,0.0555401277422938,0.0555401277422938,0,-4.14449181845622,-18.7878586342865,-6.21401057396657,99.9444598722577,28.7064967808743,1.21561388501193,0,1,54.5,final
48,7,0.0555401277422938,0.0555401277422938,0,-4.14449181845622,-19.0332795796677,-6.21401057396657,99.9444598722577,28.5691774346045,1.3529332312818,0,1,55,final
48,7.5,0.0555401277422938,0.0555401277422938,0,-4.14449181845622,-19.4679120519929,-6.21401057396657,99.9444598722577,28.301292152537,1.62081851334924,0,1,55.5,final
48,11.5,0.0555401277422938,0.0555401277422938,0,-4.14449181845622,-21.3352089298604,-6.24068271577977,99.9444598722577,26.1559587591734,3.76615190671289,0,1,59.5,final
48,12,0.0555401277422938,0.0555401277422938,0,-4.14449181845622,-21.4815722181905,-6.24068271577977,99.9444598722577,25.9285939399397,4.00829454457215,0,1,60,final
48,12.5,0.0277700638711469,0.0277700638711469,0,-5.5837478235841,-21.9890360008479,-6.7887799332433,99.9722299361289,25.5211381747783,4.4338456103162,0,1,60.5,final
48,13,0,0,0,-6.14608224506732,-22.4646103626006,-7.57087896576603,100,25.1812165143397,4.82246952835188,1,1,61,final
48,13.5,0,0,0,-6.18795553261248,-22.7494843236871,-8.38460360481463,100,24.836792580253,5.20005299417064,1,1,61.5,final
48,14,0,0,0,-6.71000685110226,-22.9454065371659,-9.2833694842711,100,24.3708072576651,5.81611022787493,1,1,62,final
48,14.5,0,0,0,-7.48993835745176,-23.1015972981732,-10.0623138510665,100,24.0083742289856,6.17382087970323,1,1,62.5,final
48.5,4.5,0.138850319355735,0.138850319355735,0.0277700638711469,-4.14449181845622,-17.8984964436327,-5.5763148629812,99.8611496806443,29.6227094682815,0.640925781684656,0,0,53,final
48.5,5,0.138850319355735,0.138850319355735,0.0277700638711469,-4.14449181845622,-18.1808260058525,-5.5763148629812,99.8611496806443,29.5371662689658,0.727717814621119,0,0,53.5,final
48.5,5.5,0.138850319355735,0.138850319355735,0.0277700638711469,-4.14449181845622,-18.2426389578472,-5.5763148629812,99.8611496806443,29.3885912385755,0.867920329364638,0,0,54,final
48.5,6,0.0555401277422938,0.0555401277422938,0,-4.14449181845622,-18.6360321493365,-6.21401057396657,99.9444598722577,29.1792355139345,1.05353203367701,0,1,54.5,final
48.5,6.5,0.0555401277422938,0.0555401277422938,0,-4.14449181845622,-18.7878586342865,-6.21401057396657,99.9444598722577,29.0171536625996,1.21561388501193,0,1,55,final
48.5,7,0.0555401277422938,0.0555401277422938,0,-4.14449181845622,-19.0332795796677,-6.21401057396657,99.9444598722577,28.8798343163297,1.3529332312818,0,1,55.5,final
48.5,7.5,0.0555401277422938,0.0555401277422938,0,-4.14449181845622,-19.4679120519929,-6.21401057396657,99.9444598722577,28.6119490342623,1.62081851334924,0,1,56,final
48.5,11.5,0.0555401277422938,0.0555401277422938,0,-4.14449181845622,-21.3352089298604,-6.24068271577977,99.9444598722577,26.4666156408987,3.76615190671289,0,1,60,final
48.5,12,0.0555401277422938,0.0555401277422938,0,-4.14449181845622,-21.4815722181905,-6.24068271577977,99.9444598722577,26.2392508216649,4.00829454457215,0,1,60.5,final
48.5,12.5,0.0277700638711469,0.0277700638711469,0,-5.5837478235841,-21.9890360008479,-6.7887799332433,99.9722299361289,25.8317950565035,4.4338456103162,0,1,61,final
48.5,13,0,0,0,-6.14608224506732,-22.4646103626006,-7.57087896576603,100,25.491873396065,4.82246952835188,1,1,61.5,final
48.5,13.5,0,0,0,-6.18795553261248,-22.7494843236871,-8.38460360481463,100,25.1474494619783,5.20005299417064,1,1,62,final
48.5,14,0,0,0,-6.71000685110226,-22.9454065371659,-9.2833694842711,100,24.6814641393904,5.81611022787493,1,1,62.5,final
48.5,14.5,0,0,0,-7.48993835745176,-23.1015972981732,-10.0623138510665,100,24.3190311107109,6.17382087970323,1,1,63,final
49,4.5,0.138850319355735,0.138850319355735,0.0277700638711469,-4.14449181845622,-17.8984964436327,-5.5763148629812,99.8611496806443,29.8590788348116,0.640925781684656,0,0,53.5,final
49,5,0.138850319355735,0.138850319355735,0.0277700638711469,-4.14449181845622,-18.1808260058525,-5.5763148629812,99.8611496806443,29.7735356354959,0.727717814621119,0,0,54,final
49,5.5,0.138850319355735,0.138850319355735,0.0277700638711469,-4.14449181845622,-18.2426389578472,-5.5763148629812,99.8611496806443,29.6249606051056,0.867920329364638,0,0,54.5,final
49,6,0.0555401277422938,0.0555401277422938,0,-4.14449181845622,-18.6360321493365,-6.21401057396657,99.9444598722577,29.4156048804646,1.05353203367701,0,1,55,final
49,6.5,0.0555401277422938,0.0555401277422938,0,-4.14449181845622,-18.7878586342865,-6.21401057396657,99.9444598722577,29.2535230291297,1.21561388501193,0,1,55.5,final
49,7,0.0555401277422938,0.0555401277422938,0,-4.14449181845622,-19.0332795796677,-6.21401057396657,99.9444598722577,29.1162036828598,1.3529332312818,0,1,56,final
49,7.5,0.0555401277422938,0.0555401277422938,0,-4.14449181845622,-19.4679120519929,-6.21401057396657,99.9444598722577,28.8483184007924,1.62081851334924,0,1,56.5,final
49,11.5,0.0555401277422938,0.0555401277422938,0,-4.14449181845622,-21.3352089298604,-6.24068271577977,99.9444598722577,26.7029850074288,3.76615190671289,0,1,60.5,final
49,12,0.0555401277422938,0.0555401277422938,0,-4.14449181845622,-21.4815722181905,-6.24068271577977,99.9444598722577,26.475620188195,4.00829454457215,0,1,61,final
49,12.5,0.0277700638711469,0.0277700638711469,0,-5.5837478235841,-21.9890360008479,-6.7887799332433,99.9722299361289,26.0681644230336,4.4338456103162,0,1,61.5,final
49,13,0,0,0,-6.14608224506732,-22.4646103626006,-7.57087896576603,100,25.7282427625951,4.82246952835188,1,1,62,final
49,13.5,0,0,0,-6.18795553261248,-22.7494843236871,-8.38460360481463,100,25.3838188285084,5.20005299417064,1,1,62.5,final
49,14,0,0,0,-6.71000685110226,-22.9454065371659,-9.2833694842711,100,24.9178335059205,5.81611022787493,1,1,63,final
49,14.5,0,0,0,-7.48993835745176,-23.1015972981732,-10.0623138510665,100,24.555400477241,6.17382087970323,1,1,63.5,final
49.5,4.5,0.138850319355735,0.138850319355735,0.0277700638711469,-4.14449181845622,-17.8984964436327,-5.5763148629812,99.8611496806443,30.1314663905272,0.640925781684656,0,0,54,final
49.5,5,0.138850319355735,0.138850319355735,0.0277700638711469,-4.14449181845622,-18.1808260058525,-5.5763148629812,99.8611496806443,30.0459231912116,0.727717814621119,0,0,54.5,final
49.5,5.5,0.138850319355735,0.138850319355735,0.0277700638711469,-4.14449181845622,-18.2426389578472,-5.5763148629812,99.8611496806443,29.8973481608212,0.867920329364638,0,0,55,final
49.5,6,0.0555401277422938,0.0555401277422938,0,-4.14449181845622,-18.6360321493365,-6.21401057396657,99.9444598722577,29.6879924361803,1.05353203367701,0,1,55.5,final
49.5,6.5,0.0555401277422938,0.0555401277422938,0,-4.14449181845622,-18.7878586342865,-6.21401057396657,99.9444598722577,29.5259105848453,1.21561388501193,0,1,56,final
49.5,7,0.0555401277422938,0.0555401277422938,0,-4.14449181845622,-19.0332795796677,-6.21401057396657,99.9444598722577,29.3885912385755,1.3529332312818,0,1,56.5,final
49.5,7.5,0.0555401277422938,0.0555401277422938,0,-4.14449181845622,-19.4679120519929,-6.21401057396657,99.9444598722577,29.120705956508,1.62081851334924,0,1,57,final
49.5,11.5,0.0555401277422938,0.0555401277422938,0,-4.14449181845622,-21.3352089298604,-6.24068271577977,99.9444598722577,26.9753725631444,3.76615190671289,0,1,61,final
49.5,12,0.0555401277422938,0.0555401277422938,0,-4.14449181845622,-21.4815722181905,-6.24068271577977,99.9444598722577,26.7480077439107,4.00829454457215,0,1,61.5,final
49.5,12.5,0.0277700638711469,0.0277700638711469,0,-5.5837478235841,-21.9890360008479,-6.7887799332433,99.9722299361289,26.3405519787493,4.4338456103162,0,1,62,final
49.5,13,0,0,0,-6.14608224506732,-22.4646103626006,-7.57087896576603,100,26.0006303183107,4.82246952835188,1,1,62.5,final
49.5,13.5,0,0,0,-6.18795553261248,-22.7494843236871,-8.38460360481464,100,25.656206384224,5.20005299417064,1,1,63,final
49.5,14,0,0,0,-6.71000685110226,-22.9454065371659,-9.2833694842712,100,25.1902210616361,5.81611022787493,1,1,63.5,final
49.5,14.5,0,0,0,-7.48993835745176,-23.1015972981732,-10.0623138510666,100,24.8277880329566,6.17382087970323,1,1,64,final
165.475781687011,4.5,0.138850319355735,0.138850319355735,0.0277700638711469,-4.14449181845622,-17.952705059947,-5.5763148629812,99.8611496806443,99.5296767355591,0.640925781684656,0,0,169.975781687011,final
165.475781687011,5,0.138850319355735,0.138850319355735,0.0277700638711469,-4.14449181845622,-18.1990961390427,-5.5763148629812,99.8611496806443,99.4281045751634,0.727717814621119,0,0,170.475781687011,final
165.475781687011,5.5,0.138850319355735,0.138850319355735,0.0277700638711469,-4.14449181845622,-18.2993249722882,-5.5763148629812,99.8611496806443,99.2956191485603,0.867920329364638,0,0,170.975781687011,final
165.475781687011,6,0.0555401277422938,0.0555401277422938,0,-4.14449181845622,-18.6835861855895,-6.21401057396657,99.9444598722577,99.1344285461932,1.05353203367701,0,1,171.475781687011,final
165.475781687011,6.5,0.0555401277422938,0.0555401277422938,0,-4.14449181845622,-19.0189215471252,-6.21401057396657,99.9444598722577,99.0063593004769,1.21561388501193,0,1,171.975781687011,final
165.475781687011,7,0.0555401277422938,0.0555401277422938,0,-4.14449181845622,-19.1321285016383,-6.21401057396657,99.9444598722577,98.8849143260908,1.3529332312818,0,1,172.475781687011,final
165.475781687011,7.5,0.0555401277422938,0.0555401277422938,0,-4.14449181845622,-19.663859409648,-6.21401057396657,99.9444598722577,98.6133192015545,1.62081851334924,0,1,172.975781687011,final
165.475781687011,11.5,0.0555401277422938,0.0555401277422938,0,-4.14449181845622,-21.6930515684737,-6.24068271577977,99.9444598722577,96.6707466340269,3.76615190671289,0,1,176.975781687011,final
165.475781687011,12,0.0555401277422938,0.0555401277422938,0,-4.14449181845622,-21.9690673591138,-6.24068271577977,99.9444598722577,96.330254812507,4.00829454457215,0,1,177.475781687011,final
165.475781687011,12.5,0.0277700638711469,0.0277700638711469,0,-5.5837478235841,-22.5076876403801,-6.78877993324328,99.9722299361289,95.9007455213086,4.4338456103162,0,1,177.975781687011,final
165.475781687011,13,0,0,0,-6.14608224506732,-22.8474407403623,-7.57087896576603,100,95.5491265160788,4.82246952835188,1,1,178.475781687011,final
165.475781687011,13.5,0,0,0,-6.18795553261248,-23.2648169091708,-8.38460360481461,100,95.2130855680427,5.20005299417064,1,1,178.975781687011,final
165.475781687011,14,0,0,0,-6.71000685110225,-23.3952271570586,-9.28336948427095,100,94.6767553132302,5.81611022787493,1,1,179.475781687011,final
165.475781687011,14.5,0,0,0,-7.48993835745176,-23.4679062157321,-10.0623138510666,100,94.2605986424836,6.17382087970323,1,1,179.975781687011,final
165.475781687011,165.475781687011,0,0,0,-2969.09346595255,-2969.09346595255,-2969.09346595255,100,0,100,1,1,330.951563374022,final
