Time,AggregateInterferenceDbm,IOverNDb,DominantSatelliteIndex,VisibleSatelliteCount,EligibleCandidateCount,CandidateSatelliteCount,EffectiveContributorCount,PracticalSelectedIOverNDb
01-Aug-2026 00:00:00,-139.538518016464,-32.1054282831291,0,25,25,25,10,-32.1054282831291
01-Aug-2026 00:00:02,-147.341679760238,-39.9085900269024,0,25,25,25,10,-39.9085900269024
01-Aug-2026 00:00:04,-145.846883820754,-38.4137940874185,0,25,25,25,9,-38.4137940874185
01-Aug-2026 00:00:06,-145.694542554207,-38.2614528208714,0,25,25,25,9,-38.2614528208714
01-Aug-2026 00:00:08,-148.452188963863,-41.019099230528,0,25,25,25,6,-41.019099230528
01-Aug-2026 00:00:10,-148.511046993013,-41.0779572596774,0,25,25,25,6,-41.0779572596774
01-Aug-2026 00:00:12,-148.380141872741,-40.9470521394053,0,25,25,25,7,-40.9470521394053
01-Aug-2026 00:00:14,-148.088877785141,-40.6557880518063,0,25,25,25,8,-40.6557880518063
01-Aug-2026 00:00:16,-148.134886992661,-40.7017972593256,0,25,25,25,9,-40.7017972593256
01-Aug-2026 00:00:18,-148.029260275743,-40.5961705424082,0,25,25,25,9,-40.5961705424082
01-Aug-2026 00:00:20,-148.31030689214,-40.8772171588051,0,25,25,25,7,-40.8772171588051
01-Aug-2026 00:00:22,-148.011620192447,-40.578530459112,0,24,24,24,7,-40.578530459112
01-Aug-2026 00:00:24,-155.597074885613,-48.1639851522776,0,24,24,24,8,-48.1639851522776
01-Aug-2026 00:00:26,-156.56340376508,-49.1303140317444,0,24,24,24,8,-49.1303140317444
01-Aug-2026 00:00:28,-155.793734745753,-48.3606450124174,0,24,24,24,9,-48.3606450124174
01-Aug-2026 00:00:30,-156.572673079595,-49.1395833462602,0,24,24,24,9,-49.1395833462602
01-Aug-2026 00:00:32,-167.696120108675,-60.2630303753402,0,24,24,24,9,-60.2630303753402
01-Aug-2026 00:00:34,-167.90517816008,-60.4720884267448,0,24,24,24,9,-60.4720884267448
01-Aug-2026 00:00:36,-165.916548008349,-58.4834582750141,0,24,24,24,8,-58.4834582750141
01-Aug-2026 00:00:38,-147.161192959204,-39.7281032258686,0,24,24,24,10,-39.7281032258686
01-Aug-2026 00:00:40,-145.558494924878,-38.125405191543,0,24,24,24,11,-38.125405191543
01-Aug-2026 00:00:42,-146.097712745824,-38.664623012489,0,24,24,24,11,-38.664623012489
01-Aug-2026 00:00:44,-139.813131152084,-32.380041418749,0,24,24,24,8,-32.380041418749
01-Aug-2026 00:00:46,-139.12075049173,-31.6876607583945,0,24,24,24,10,-31.6876607583945
01-Aug-2026 00:00:48,-139.239620942451,-31.8065312091162,0,24,24,24,8,-31.8065312091162
01-Aug-2026 00:00:50,-138.312211152903,-30.8791214195674,0,25,25,25,10,-30.8791214195674
01-Aug-2026 00:00:52,-138.394029120375,-30.9609393870402,0,25,25,25,10,-30.9609393870402
01-Aug-2026 00:00:54,-135.616049030525,-28.1829592971894,0,25,25,25,12,-28.1829592971894
01-Aug-2026 00:00:56,-135.792252732765,-28.3591629994297,0,25,25,25,13,-28.3591629994297
01-Aug-2026 00:00:58,-135.843769491774,-28.4106797584385,0,26,26,26,13,-28.4106797584385
01-Aug-2026 00:01:00,-135.924639862048,-28.491550128713,0,26,26,26,12,-28.491550128713
01-Aug-2026 00:01:02,-134.586342212465,-27.1532524791299,0,26,26,26,12,-27.1532524791299
01-Aug-2026 00:01:04,-134.845890781419,-27.4128010480843,0,26,26,26,12,-27.4128010480843
01-Aug-2026 00:01:06,-134.460054310797,-27.0269645774618,0,26,26,26,12,-27.0269645774618
01-Aug-2026 00:01:08,-133.888668623921,-26.455578890586,0,26,26,26,13,-26.455578890586
01-Aug-2026 00:01:10,-134.013403214434,-26.5803134810986,0,25,25,25,13,-26.5803134810986
01-Aug-2026 00:01:12,-134.231322989871,-26.7982332565354,0,26,26,26,15,-26.7982332565354
01-Aug-2026 00:01:14,-134.00494698386,-26.5718572505249,0,26,26,26,14,-26.5718572505249
01-Aug-2026 00:01:16,-134.234402793053,-26.8013130597174,0,26,26,26,13,-26.8013130597174
01-Aug-2026 00:01:18,-134.351453488738,-26.9183637554024,0,26,26,26,12,-26.9183637554024
01-Aug-2026 00:01:20,-134.27726232729,-26.8441725939547,0,26,26,26,11,-26.8441725939547
01-Aug-2026 00:01:22,-134.203047397206,-26.7699576638708,0,26,26,26,11,-8.02914058066499
01-Aug-2026 00:01:24,-133.741758932462,-26.3086691991265,0,26,26,26,13,-4.1801157198415
01-Aug-2026 00:01:26,-135.207423923353,-27.7743341900179,0,25,25,25,13,-27.7743341900179
01-Aug-2026 00:01:28,-140.702761702325,-33.26967196899,0,25,25,25,14,-27.2678233018586
01-Aug-2026 00:01:30,-140.713007097192,-33.2799173638564,0,24,24,24,13,-27.2262394031483
01-Aug-2026 00:01:32,-140.743511714892,-33.3104219815564,0,24,24,24,14,-26.8707464519403
01-Aug-2026 00:01:34,-140.785505754854,-33.3524160215187,0,24,24,24,16,-26.2863181355789
01-Aug-2026 00:01:36,-145.074575811266,-37.6414860779306,0,24,24,24,16,-26.4796075581281
01-Aug-2026 00:01:38,-132.998174527435,-25.5650847941,0,24,24,24,14,-22.9201412238571
01-Aug-2026 00:01:40,-150.243918485879,-42.8108287525442,0,24,24,24,14,-25.4836031627205
01-Aug-2026 00:01:42,-150.811318090988,-43.3782283576531,0,24,24,24,13,-25.4834954608959
01-Aug-2026 00:01:44,-150.713236181885,-43.2801464485497,0,24,24,24,13,-24.9572100686051
01-Aug-2026 00:01:46,-150.722404334634,-43.2893146012987,0,24,24,24,12,-24.5696741924774
01-Aug-2026 00:01:48,-150.664915610559,-43.2318258772235,0,25,25,25,11,-43.2318258772235
01-Aug-2026 00:01:50,-150.862019929667,-43.428930196332,0,25,25,25,10,-43.428930196332
01-Aug-2026 00:01:52,-150.772909483322,-43.3398197499868,0,25,25,25,11,-43.3398197499868
01-Aug-2026 00:01:54,-150.941515400967,-43.5084256676321,0,25,25,25,9,-43.5084256676321
01-Aug-2026 00:01:56,-150.85740404476,-43.4243143114251,0,26,26,26,8,-43.4243143114251
01-Aug-2026 00:01:58,-146.961723870917,-39.5286341375821,0,26,26,26,9,-39.5286341375821
01-Aug-2026 00:02:00,-150.567585701022,-43.1344959676865,0,26,26,26,9,-43.1344959676865
01-Aug-2026 00:02:02,-151.002426262876,-43.5693365295411,0,25,25,25,10,-43.5693365295411
01-Aug-2026 00:02:04,-151.289501649303,-43.856411915968,0,25,25,25,10,-43.856411915968
01-Aug-2026 00:02:06,-150.8222226478,-43.3891329144652,0,25,25,25,9,-43.3891329144652
01-Aug-2026 00:02:08,-151.080334898631,-43.6472451652962,0,25,25,25,9,-43.6472451652962
01-Aug-2026 00:02:10,-151.493452133319,-44.0603623999837,0,25,25,25,8,-44.0603623999837
01-Aug-2026 00:02:12,-151.794437560526,-44.3613478271907,0,25,25,25,8,-44.3613478271907
01-Aug-2026 00:02:14,-151.626137014698,-44.1930472813624,0,25,25,25,9,-44.1930472813624
01-Aug-2026 00:02:16,-151.158226296273,-43.7251365629381,0,25,25,25,9,-43.7251365629381
01-Aug-2026 00:02:18,-150.781795097896,-43.3487053645605,0,25,25,25,9,-43.3487053645605
01-Aug-2026 00:02:20,-150.447938893464,-43.0148491601286,0,25,25,25,8,-43.0148491601286
01-Aug-2026 00:02:22,-150.579201559308,-43.1461118259728,0,25,25,25,10,-24.4637693798592
01-Aug-2026 00:02:24,-140.394664428538,-32.9615746952028,0,25,25,25,13,-23.7880989937927
01-Aug-2026 00:02:26,-140.16436072634,-32.7312709930044,0,25,25,25,13,-23.2362035078654
01-Aug-2026 00:02:28,-139.749814230398,-32.3167244970627,0,25,25,25,14,-22.7812040459349
01-Aug-2026 00:02:30,-139.366399809964,-31.9333100766289,0,25,25,25,12,-23.6561329168426
01-Aug-2026 00:02:32,-139.065966298186,-31.6328765648507,0,25,25,25,12,-22.7124348122934
01-Aug-2026 00:02:34,-138.642580392565,-31.2094906592297,0,25,25,25,12,-21.7097335674226
01-Aug-2026 00:02:36,-138.617037221602,-31.1839474882664,0,25,25,25,11,-20.6826309438932
01-Aug-2026 00:02:38,-138.438196064614,-31.0051063312789,0,26,26,26,14,-20.9154879114539
01-Aug-2026 00:02:40,-138.135317812332,-30.7022280789969,0,26,26,26,14,-20.6049651782856
01-Aug-2026 00:02:42,-138.069103714374,-30.6360139810388,0,26,26,26,12,-19.7234156330956
01-Aug-2026 00:02:44,-137.577903759618,-30.1448140262831,0,26,26,26,12,-20.0578002227456
01-Aug-2026 00:02:46,-127.301149307884,-19.8680595745488,0,26,26,26,11,-19.8680595745488
01-Aug-2026 00:02:48,-127.618887672027,-20.1857979386915,0,26,26,26,11,-20.1857979386915
01-Aug-2026 00:02:50,-137.06371630933,-29.6306265759943,0,26,26,26,13,-29.6306265759943
01-Aug-2026 00:02:52,-135.762448376153,-28.3293586428176,0,26,26,26,13,-28.3293586428176
01-Aug-2026 00:02:54,-133.51651604286,-26.0834263095246,0,26,26,26,12,-26.0834263095246
01-Aug-2026 00:02:56,-131.622750183216,-24.1896604498805,0,26,26,26,13,-24.1896604498805
01-Aug-2026 00:02:58,-128.716362298839,-21.2832725655034,0,26,26,26,14,-21.2832725655034
01-Aug-2026 00:03:00,-141.028948538017,-33.5958588046822,0,26,26,26,12,-33.5958588046822
01-Aug-2026 00:03:02,-140.586280305464,-33.1531905721284,0,24,24,24,10,-33.1531905721284
01-Aug-2026 00:03:04,-140.303125517269,-32.8700357839336,0,24,24,24,9,-32.8700357839336
01-Aug-2026 00:03:06,-140.209620218395,-32.7765304850599,0,25,25,25,10,-32.7765304850599
01-Aug-2026 00:03:08,-140.563732480959,-33.1306427476241,0,26,26,26,9,-33.1306427476241
01-Aug-2026 00:03:10,-140.161652554463,-32.7285628211276,0,26,26,26,9,-32.7285628211276
01-Aug-2026 00:03:12,-140.176249484905,-32.7431597515694,0,25,25,25,8,-32.7431597515694
01-Aug-2026 00:03:14,-164.083230038749,-56.6501403054141,0,25,25,25,7,-56.6501403054141
01-Aug-2026 00:03:16,-163.838351821614,-56.4052620882789,0,26,26,26,7,-56.4052620882789
01-Aug-2026 00:03:18,-163.681121180306,-56.2480314469711,0,26,26,26,7,-56.2480314469711
01-Aug-2026 00:03:20,-155.121353240911,-47.6882635075757,0,26,26,26,7,-47.6882635075757
01-Aug-2026 00:03:22,-154.428206748869,-46.9951170155338,0,26,26,26,6,-46.9951170155338
01-Aug-2026 00:03:24,-154.524796602853,-47.0917068695181,0,26,26,26,5,-47.0917068695181
01-Aug-2026 00:03:26,-143.628920117269,-36.1958303839336,0,26,26,26,5,-36.1958303839336
01-Aug-2026 00:03:28,-143.994817977895,-36.5617282445594,0,26,26,26,7,-36.5617282445594
01-Aug-2026 00:03:30,-143.980016329003,-36.5469265956679,0,26,26,26,7,-36.5469265956679
01-Aug-2026 00:03:32,-132.772650460305,-25.3395607269696,0,26,26,26,8,-25.3395607269696
01-Aug-2026 00:03:34,-133.312286683804,-25.8791969504685,0,26,26,26,7,-25.8791969504685
01-Aug-2026 00:03:36,-133.938864585596,-26.505774852261,0,24,24,24,8,-26.505774852261
01-Aug-2026 00:03:38,-134.353760230215,-26.9206704968794,0,25,25,25,10,-26.9206704968794
01-Aug-2026 00:03:40,-134.985438912492,-27.552349179157,0,25,25,25,8,-27.552349179157
01-Aug-2026 00:03:42,-133.406248550946,-25.9731588176112,0,25,25,25,8,-25.9731588176112
01-Aug-2026 00:03:44,-134.767860242803,-27.3347705094682,0,25,25,25,9,-27.3347705094682
01-Aug-2026 00:03:46,-134.899831436729,-27.4667417033937,0,25,25,25,10,-27.4667417033937
01-Aug-2026 00:03:48,-135.449363204807,-28.0162734714722,0,25,25,25,10,-28.0162734714722
01-Aug-2026 00:03:50,-135.913065134516,-28.4799754011808,0,25,25,25,10,-28.4799754011808
01-Aug-2026 00:03:52,-135.641560871894,-28.2084711385585,0,25,25,25,11,-28.2084711385585
01-Aug-2026 00:03:54,-135.441203558027,-28.0081138246915,0,25,25,25,11,-28.0081138246915
01-Aug-2026 00:03:56,-135.688854084215,-28.2557643508803,0,25,25,25,11,-28.2557643508803
01-Aug-2026 00:03:58,-135.529092310741,-28.0960025774058,0,25,25,25,12,-28.0960025774058
01-Aug-2026 00:04:00,-136.362665195897,-28.9295754625616,0,25,25,25,11,-28.9295754625616
01-Aug-2026 00:04:02,-140.442054830068,-33.0089650967324,0,25,25,25,10,-33.0089650967324
01-Aug-2026 00:04:04,-140.596792234216,-33.1637025008811,0,25,25,25,10,-33.1637025008811
01-Aug-2026 00:04:06,-140.355630436441,-32.9225407031055,0,24,24,24,9,-32.9225407031055
01-Aug-2026 00:04:08,-140.145041964097,-32.7119522307621,0,24,24,24,10,-32.7119522307621
01-Aug-2026 00:04:10,-140.395382367821,-32.962292634486,0,24,24,24,10,-32.962292634486
01-Aug-2026 00:04:12,-138.308081896366,-30.8749921630303,0,24,24,24,12,-30.8749921630303
01-Aug-2026 00:04:14,-138.248041425536,-30.814951692201,0,24,24,24,10,-30.814951692201
01-Aug-2026 00:04:16,-138.237826426276,-30.8047366929404,0,24,24,24,11,-30.8047366929404
01-Aug-2026 00:04:18,-138.903496508112,-31.4704067747765,0,24,24,24,9,-31.4704067747765
01-Aug-2026 00:04:20,-138.672483311845,-31.23939357851,0,24,24,24,10,-31.23939357851
01-Aug-2026 00:04:22,-138.261911276698,-30.8288215433626,0,24,24,24,11,-30.8288215433626
01-Aug-2026 00:04:24,-137.71637195751,-30.2832822241748,0,25,25,25,11,-30.2832822241748
01-Aug-2026 00:04:26,-140.950451918726,-33.5173621853911,0,25,25,25,10,-33.5173621853911
01-Aug-2026 00:04:28,-140.771680428871,-33.3385906955354,0,25,25,25,12,-33.3385906955354
01-Aug-2026 00:04:30,-141.173728740621,-33.7406390072857,0,25,25,25,12,-33.7406390072857
01-Aug-2026 00:04:32,-138.461244821594,-31.0281550882583,0,25,25,25,11,-31.0281550882583
01-Aug-2026 00:04:34,-138.267626182528,-30.8345364491925,0,25,25,25,11,-30.8345364491925
01-Aug-2026 00:04:36,-138.521788126847,-31.0886983935119,0,24,24,24,10,-31.0886983935119
01-Aug-2026 00:04:38,-137.994923295721,-30.5618335623861,0,24,24,24,11,-30.5618335623861
01-Aug-2026 00:04:40,-142.586331709435,-35.1532419760996,0,25,25,25,12,-35.1532419760996
01-Aug-2026 00:04:42,-142.307034514007,-34.8739447806722,0,25,25,25,12,-34.8739447806722
01-Aug-2026 00:04:44,-142.512745015031,-35.0796552816955,0,25,25,25,13,-35.0796552816955
01-Aug-2026 00:04:46,-142.34757551014,-34.9144857768048,0,25,25,25,13,-34.9144857768048
01-Aug-2026 00:04:48,-139.924651668994,-32.4915619356587,0,26,26,26,15,-32.4915619356587
01-Aug-2026 00:04:50,-139.875628920063,-32.4425391867282,0,26,26,26,15,-32.4425391867282
01-Aug-2026 00:04:52,-139.897973102829,-32.4648833694937,0,26,26,26,18,-32.4648833694937
01-Aug-2026 00:04:54,-139.197017244333,-31.7639275109974,0,26,26,26,16,-31.7639275109974
01-Aug-2026 00:04:56,-139.367616986878,-31.9345272535431,0,26,26,26,16,-31.9345272535431
01-Aug-2026 00:04:58,-139.233201918556,-31.8001121852208,0,26,26,26,17,-31.8001121852208
01-Aug-2026 00:05:00,-139.150109476035,-31.7170197426998,0,26,26,26,17,-31.7170197426998
01-Aug-2026 00:05:02,-141.8045727488,-34.3714830154643,0,26,26,26,20,-30.3382397003164
01-Aug-2026 00:05:04,-141.794586797201,-34.3614970638658,0,26,26,26,20,-30.397202983902
01-Aug-2026 00:05:06,-140.738518876904,-33.3054291435691,0,26,26,26,19,-29.7461190697261
01-Aug-2026 00:05:08,-140.793177266945,-33.3600875336094,0,26,26,26,19,-29.9470884622363
01-Aug-2026 00:05:10,-141.073500183081,-33.6404104497462,0,26,26,26,18,-30.2466784507329
01-Aug-2026 00:05:12,-141.105196507403,-33.6721067740681,0,26,26,26,18,-29.9217454871385
01-Aug-2026 00:05:14,-143.461472743185,-36.0283830098494,0,26,26,26,17,-30.8120600045018
01-Aug-2026 00:05:16,-153.244525581011,-45.8114358476753,0,25,25,25,15,-31.9401915592426
01-Aug-2026 00:05:18,-153.3928813272,-45.9597915938644,0,24,24,24,15,-31.7109434529538
01-Aug-2026 00:05:20,-153.126612711155,-45.69352297782,0,24,24,24,15,-31.3610315261732
01-Aug-2026 00:05:22,-153.279981341863,-45.846891608528,0,24,24,24,15,-32.039388868788
01-Aug-2026 00:05:24,-153.459277653738,-46.0261879204031,0,24,24,24,15,-31.7028105003929
01-Aug-2026 00:05:26,-153.988304444246,-46.5552147109108,0,24,24,24,14,-34.1703146939916
01-Aug-2026 00:05:28,-152.796777549941,-45.3636878166054,0,24,24,24,14,-27.8747011412182
01-Aug-2026 00:05:30,-152.777803663852,-45.3447139305168,0,24,24,24,13,-27.1318273501905
01-Aug-2026 00:05:32,-152.818640720572,-45.3855509872365,0,24,24,24,12,-27.5758085723319
01-Aug-2026 00:05:34,-152.86644013567,-45.4333504023353,0,24,24,24,12,-27.1659175482228
01-Aug-2026 00:05:36,-152.763658479677,-45.3305687463414,0,24,24,24,12,-27.3986468683636
01-Aug-2026 00:05:38,-144.569187511426,-37.1360977780904,0,24,24,24,13,-26.2993659967586
01-Aug-2026 00:05:40,-144.187115347125,-36.7540256137903,0,24,24,24,12,-27.2061288425203
01-Aug-2026 00:05:42,-144.37194868623,-36.9388589528944,0,26,26,26,12,-26.3637272429328
01-Aug-2026 00:05:44,-144.546942824194,-37.1138530908592,0,26,26,26,13,-25.8099557875272
01-Aug-2026 00:05:46,-144.36877092465,-36.9356811913148,0,26,26,26,13,-26.0512439892884
01-Aug-2026 00:05:48,-143.273285046746,-35.8401953134104,0,25,25,25,12,-25.667662988111
01-Aug-2026 00:05:50,-143.033379940472,-35.6002902071372,0,25,25,25,14,-25.1066255550876
01-Aug-2026 00:05:52,-159.550553055791,-52.1174633224557,0,25,25,25,14,-25.256185003135
01-Aug-2026 00:05:54,-154.887370209734,-47.4542804763992,0,25,25,25,14,-25.2990845969785
01-Aug-2026 00:05:56,-155.369068934437,-47.9359792011016,0,25,25,25,13,-25.4671479515496
01-Aug-2026 00:05:58,-155.832157511477,-48.3990677781416,0,25,25,25,13,-25.1073719998148
01-Aug-2026 00:06:00,-155.227290501637,-47.7942007683019,0,25,25,25,14,-25.1173998991069
01-Aug-2026 00:06:02,-155.419425169015,-47.9863354356803,0,25,25,25,12,-28.4122516987248
01-Aug-2026 00:06:04,-155.449668879029,-48.016579145694,0,25,25,25,11,-48.016579145694
01-Aug-2026 00:06:06,-155.067945154708,-47.6348554213733,0,25,25,25,11,-47.6348554213733
01-Aug-2026 00:06:08,-155.207888931926,-47.7747991985907,0,25,25,25,11,-47.7747991985907
01-Aug-2026 00:06:10,-153.516673858251,-46.0835841249156,0,25,25,25,11,-46.0835841249156
01-Aug-2026 00:06:12,-141.702314659908,-34.2692249265723,0,25,25,25,13,-34.2692249265723
01-Aug-2026 00:06:14,-141.614000468032,-34.1809107346972,0,25,25,25,14,-34.1809107346972
01-Aug-2026 00:06:16,-141.081304564238,-33.6482148309024,0,25,25,25,15,-33.6482148309024
01-Aug-2026 00:06:18,-135.179990711029,-27.7469009776933,0,25,25,25,14,-27.7469009776933
01-Aug-2026 00:06:20,-136.247979349227,-28.814889615892,0,25,25,25,14,-28.814889615892
01-Aug-2026 00:06:22,-134.555288985072,-27.122199251737,0,25,25,25,14,-27.122199251737
01-Aug-2026 00:06:24,-134.75739812593,-27.3243083925948,0,25,25,25,13,-27.3243083925948
01-Aug-2026 00:06:26,-134.277626770665,-26.8445370373295,0,25,25,25,12,-26.8445370373295
01-Aug-2026 00:06:28,-133.687518524079,-26.254428790744,0,26,26,26,13,-26.254428790744
01-Aug-2026 00:06:30,-133.417429221967,-25.9843394886313,0,26,26,26,14,-25.9843394886313
01-Aug-2026 00:06:32,-133.302593983903,-25.8695042505683,0,26,26,26,14,-25.8695042505683
01-Aug-2026 00:06:34,-132.924691090687,-25.4916013573518,0,26,26,26,14,-25.4916013573518
01-Aug-2026 00:06:36,-132.399313290116,-24.9662235567804,0,26,26,26,13,-24.9662235567804
01-Aug-2026 00:06:38,-136.19308195035,-28.7599922170144,0,26,26,26,13,-28.7599922170144
01-Aug-2026 00:06:40,-135.716753835595,-28.2836641022595,0,26,26,26,14,-28.2836641022595
01-Aug-2026 00:06:42,-135.382153861706,-27.9490641283707,0,26,26,26,14,-27.9490641283707
01-Aug-2026 00:06:44,-134.877461546717,-27.4443718133822,0,26,26,26,15,-27.4443718133822
01-Aug-2026 00:06:46,-133.605263185142,-26.1721734518071,0,26,26,26,16,-26.1721734518071
01-Aug-2026 00:06:48,-133.594464101988,-26.1613743686524,0,26,26,26,18,-26.1613743686524
01-Aug-2026 00:06:50,-133.2984023591,-25.8653126257651,0,26,26,26,17,-25.8653126257651
01-Aug-2026 00:06:52,-133.421099719894,-25.9880099865592,0,26,26,26,17,-25.9880099865592
01-Aug-2026 00:06:54,-133.818927898589,-26.3858381652539,0,25,25,25,16,-26.3858381652539
01-Aug-2026 00:06:56,-133.046788717773,-25.6136989844374,0,26,26,26,17,-25.6136989844374
01-Aug-2026 00:06:58,-132.990277086816,-25.5571873534806,0,27,27,27,17,-25.5571873534806
01-Aug-2026 00:07:00,-133.656795140826,-26.2237054074908,0,26,26,26,15,-26.2237054074908
01-Aug-2026 00:07:02,-133.875275844212,-26.442186110877,0,25,25,25,14,-26.442186110877
01-Aug-2026 00:07:04,-133.711192794738,-26.2781030614024,0,26,26,26,15,-26.2781030614024
01-Aug-2026 00:07:06,-134.162121303777,-26.7290315704413,0,26,26,26,14,-26.7290315704413
01-Aug-2026 00:07:08,-134.535233741034,-27.1021440076988,0,26,26,26,12,-27.1021440076988
01-Aug-2026 00:07:10,-133.050101314615,-25.6170115812801,0,26,26,26,12,-25.6170115812801
01-Aug-2026 00:07:12,-133.557685048104,-26.124595314769,0,26,26,26,12,-26.124595314769
01-Aug-2026 00:07:14,-138.490334037016,-31.0572443036809,0,26,26,26,12,-31.0572443036809
01-Aug-2026 00:07:16,-144.832514338439,-37.3994246051034,0,26,26,26,12,-37.3994246051034
01-Aug-2026 00:07:18,-144.349147287255,-36.9160575539194,0,26,26,26,13,-36.9160575539194
01-Aug-2026 00:07:20,-143.962291517811,-36.5292017844757,0,26,26,26,12,-36.5292017844757
01-Aug-2026 00:07:22,-152.354715574434,-44.9216258410987,0,26,26,26,11,-44.9216258410987
01-Aug-2026 00:07:24,-137.141805238792,-29.7087155054566,0,26,26,26,12,-29.7087155054566
01-Aug-2026 00:07:26,-133.604994215446,-26.171904482111,0,25,25,25,11,-26.171904482111
01-Aug-2026 00:07:28,-134.262699685618,-26.8296099522832,0,24,24,24,8,-26.8296099522832
01-Aug-2026 00:07:30,-134.164820550946,-26.7317308176106,0,24,24,24,9,-26.7317308176106
01-Aug-2026 00:07:32,-134.120298595554,-26.6872088622193,0,25,25,25,10,-26.6872088622193
01-Aug-2026 00:07:34,-140.869004891561,-33.4359151582255,0,25,25,25,9,-33.4359151582255
01-Aug-2026 00:07:36,-141.88338536193,-34.4502956285945,0,25,25,25,8,-34.4502956285945
01-Aug-2026 00:07:38,-142.524995890075,-35.0919061567398,0,25,25,25,8,-35.0919061567398
01-Aug-2026 00:07:40,-142.978724103693,-35.5456343703578,0,25,25,25,9,-35.5456343703578
01-Aug-2026 00:07:42,-143.740063471247,-36.3069737379117,0,25,25,25,9,-36.3069737379117
01-Aug-2026 00:07:44,-144.279459388185,-36.8463696548502,0,25,25,25,11,-36.8463696548502
01-Aug-2026 00:07:46,-144.184779572378,-36.7516898390429,0,25,25,25,11,-36.7516898390429
01-Aug-2026 00:07:48,-144.268045073496,-36.8349553401613,0,25,25,25,10,-36.8349553401613
01-Aug-2026 00:07:50,-141.752953769177,-34.3198640358422,0,24,24,24,8,-34.3198640358422
01-Aug-2026 00:07:52,-141.437390991995,-34.0043012586602,0,24,24,24,8,-34.0043012586602
01-Aug-2026 00:07:54,-141.589452819694,-34.1563630863589,0,24,24,24,7,-34.1563630863589
01-Aug-2026 00:07:56,-141.828408595654,-34.3953188623185,0,24,24,24,8,-34.3953188623185
01-Aug-2026 00:07:58,-141.738719545349,-34.3056298120133,0,24,24,24,8,-34.3056298120133
01-Aug-2026 00:08:00,-141.764831246878,-34.3317415135431,0,25,25,25,8,-34.3317415135431
01-Aug-2026 00:08:02,-141.797238170611,-34.3641484372757,0,25,25,25,9,-34.3641484372757
01-Aug-2026 00:08:04,-141.863132501836,-34.4300427685005,0,25,25,25,9,-34.4300427685005
01-Aug-2026 00:08:06,-150.796869285719,-43.3637795523836,0,25,25,25,10,-34.3584094114285
01-Aug-2026 00:08:08,-150.213061188276,-42.7799714549411,0,25,25,25,10,-32.7479696027047
01-Aug-2026 00:08:10,-150.630667003579,-43.1975772702437,0,25,25,25,10,-32.6964741005158
01-Aug-2026 00:08:12,-149.905332377164,-42.4722426438291,0,25,25,25,12,-32.4044380979781
01-Aug-2026 00:08:14,-148.970318086401,-41.537228353066,0,25,25,25,12,-32.3411417819197
01-Aug-2026 00:08:16,-149.105911715751,-41.6728219824157,0,25,25,25,12,-32.5542142958435
01-Aug-2026 00:08:18,-148.707749433826,-41.2746597004911,0,25,25,25,11,-31.6708649430112
01-Aug-2026 00:08:20,-148.52845048218,-41.0953607488449,0,25,25,25,10,-31.8332535911586
01-Aug-2026 00:08:22,-148.650526710323,-41.2174369769874,0,24,24,24,7,-31.2387056010888
01-Aug-2026 00:08:24,-148.41050692476,-40.9774171914249,0,24,24,24,8,-30.8524319063628
01-Aug-2026 00:08:26,-145.157078194384,-37.7239884610493,0,24,24,24,9,-30.2648483213328
01-Aug-2026 00:08:28,-144.842742710451,-37.4096529771154,0,24,24,24,10,-34.1680746106076
01-Aug-2026 00:08:30,-136.941367085818,-29.5082773524828,0,24,24,24,12,-28.7365282972566
01-Aug-2026 00:08:32,-137.245390173188,-29.8123004398524,0,25,25,25,14,-29.0557991900095
01-Aug-2026 00:08:34,-137.393386900282,-29.9602971669464,0,25,25,25,13,-29.1002171566061
01-Aug-2026 00:08:36,-137.39633692192,-29.9632471885847,0,25,25,25,13,-28.846354591067
01-Aug-2026 00:08:38,-137.954369613001,-30.5212798796659,0,26,26,26,12,-28.202889705614
01-Aug-2026 00:08:40,-138.417849003971,-30.9847592706362,0,26,26,26,11,-28.3238725333771
01-Aug-2026 00:08:42,-138.821951190463,-31.3888614571282,0,26,26,26,11,-28.4244117231491
01-Aug-2026 00:08:44,-138.771269949729,-31.3381802163943,0,26,26,26,11,-28.3136787680949
01-Aug-2026 00:08:46,-139.050655374195,-31.61756564086,0,26,26,26,11,-28.2711251502085
01-Aug-2026 00:08:48,-139.58234416917,-32.1492544358352,0,26,26,26,13,-28.3704199332099
01-Aug-2026 00:08:50,-140.185185972184,-32.752096238849,0,26,26,26,14,-28.4617508138797
01-Aug-2026 00:08:52,-140.036530564208,-32.6034408308729,0,26,26,26,14,-27.896584471618
01-Aug-2026 00:08:54,-139.734665590266,-32.301575856931,0,26,26,26,13,-21.4442380831319
01-Aug-2026 00:08:56,-139.849970868908,-32.4168811355733,0,26,26,26,15,-20.9988335864198
01-Aug-2026 00:08:58,-139.881507822781,-32.4484180894457,0,26,26,26,15,-20.7636908375654
01-Aug-2026 00:09:00,-139.95067269784,-32.5175829645048,0,26,26,26,16,-20.3450441199089
01-Aug-2026 00:09:02,-143.13693260347,-35.703842870135,0,26,26,26,14,-19.9439018770544
01-Aug-2026 00:09:04,-142.901432988285,-35.4683432549497,0,25,25,25,13,-19.6269254794867
01-Aug-2026 00:09:06,-142.714219112887,-35.2811293795519,0,25,25,25,12,-19.3352746193901
01-Aug-2026 00:09:08,-143.98186030186,-36.5487705685247,0,24,24,24,12,-19.1584742702887
01-Aug-2026 00:09:10,-146.719267867156,-39.2861781338209,0,24,24,24,11,-19.3164729666093
01-Aug-2026 00:09:12,-143.703248498556,-36.270158765221,0,24,24,24,11,-36.270158765221
01-Aug-2026 00:09:14,-145.144094444144,-37.7110047108087,0,24,24,24,11,-37.7110047108087
01-Aug-2026 00:09:16,-145.434701863634,-38.0016121302986,0,24,24,24,15,-38.0016121302986
01-Aug-2026 00:09:18,-146.664092264774,-39.2310025314384,0,24,24,24,14,-39.2310025314384
01-Aug-2026 00:09:20,-146.754149152442,-39.3210594191068,0,24,24,24,14,-39.3210594191068
01-Aug-2026 00:09:22,-146.50025517944,-39.0671654461049,0,24,24,24,13,-39.0671654461049
01-Aug-2026 00:09:24,-144.885765063427,-37.4526753300917,0,24,24,24,11,-37.4526753300917
01-Aug-2026 00:09:26,-144.627202291203,-37.1941125578676,0,24,24,24,11,-37.1941125578676
01-Aug-2026 00:09:28,-143.635714105316,-36.2026243719809,0,24,24,24,10,-36.2026243719809
01-Aug-2026 00:09:30,-143.745197109167,-36.3121073758322,0,25,25,25,10,-36.3121073758322
01-Aug-2026 00:09:32,-143.622184969744,-36.1890952364088,0,25,25,25,10,-36.1890952364088
01-Aug-2026 00:09:34,-142.963611723148,-35.5305219898131,0,26,26,26,13,-35.5305219898131
01-Aug-2026 00:09:36,-144.285546296871,-36.8524565635358,0,25,25,25,14,-36.8524565635358
01-Aug-2026 00:09:38,-144.233412157056,-36.8003224237213,0,25,25,25,14,-36.8003224237213
01-Aug-2026 00:09:40,-141.576059673477,-34.1429699401421,0,25,25,25,14,-34.1429699401421
01-Aug-2026 00:09:42,-141.255145535045,-33.8220558017101,0,25,25,25,13,-33.8220558017101
01-Aug-2026 00:09:44,-141.045651290731,-33.6125615573962,0,25,25,25,13,-33.6125615573962
01-Aug-2026 00:09:46,-140.764933746149,-33.3318440128141,0,25,25,25,12,-33.3318440128141
01-Aug-2026 00:09:48,-140.737809169954,-33.304719436619,0,25,25,25,12,-33.304719436619
01-Aug-2026 00:09:50,-140.530423180752,-33.0973334474165,0,25,25,25,13,-33.0973334474165
01-Aug-2026 00:09:52,-140.163176238652,-32.7300865053166,0,25,25,25,12,-32.7300865053166
01-Aug-2026 00:09:54,-139.996717274374,-32.5636275410387,0,25,25,25,12,-32.5636275410387
01-Aug-2026 00:09:56,-139.945523938079,-32.512434204744,0,25,25,25,11,-32.512434204744
01-Aug-2026 00:09:58,-136.073386045284,-28.6402963119493,0,25,25,25,11,-28.6402963119493
01-Aug-2026 00:10:00,-135.580967139601,-28.1478774062658,0,25,25,25,12,-28.1478774062658
01-Aug-2026 00:10:02,-135.804824788245,-28.3717350549102,0,25,25,25,11,-28.3717350549102
01-Aug-2026 00:10:04,-135.260998189406,-27.827908456071,0,25,25,25,12,-27.827908456071
01-Aug-2026 00:10:06,-155.70956165323,-48.2764719198948,0,25,25,25,13,-26.3312469825162
01-Aug-2026 00:10:08,-156.062096733538,-48.6290070002032,0,25,25,25,12,-26.3583329059392
01-Aug-2026 00:10:10,-155.679470506583,-48.2463807732475,0,25,25,25,11,-25.7948668565153
01-Aug-2026 00:10:12,-154.712938861254,-47.279849127919,0,25,25,25,13,-25.5027287661381
01-Aug-2026 00:10:14,-153.911218663982,-46.4781289306468,0,25,25,25,11,-24.8589414705825
01-Aug-2026 00:10:16,-154.028865481645,-46.5957757483098,0,26,26,26,12,-24.5655157281748
01-Aug-2026 00:10:18,-153.524866787468,-46.0917770541325,0,26,26,26,12,-23.7592092941882
01-Aug-2026 00:10:20,-143.057886337167,-35.6247966038316,0,26,26,26,11,-23.6961327526316
01-Aug-2026 00:10:22,-143.338151787623,-35.9050620542875,0,26,26,26,10,-23.6569122865051
01-Aug-2026 00:10:24,-143.743284574786,-36.3101948414508,0,26,26,26,10,-23.4395206416061
01-Aug-2026 00:10:26,-143.833050477327,-36.3999607439915,0,26,26,26,10,-23.4515613915071
01-Aug-2026 00:10:28,-141.759706730003,-34.3266169966676,0,26,26,26,12,-24.1652602294564
01-Aug-2026 00:10:30,-141.584378345713,-34.1512886123776,0,26,26,26,12,-24.7700425081077
01-Aug-2026 00:10:32,-134.300020148429,-26.8669304150936,0,26,26,26,11,-24.4067702209799
01-Aug-2026 00:10:34,-134.737471343916,-27.3043816105809,0,26,26,26,13,-11.3923626053855
01-Aug-2026 00:10:36,-135.267351246478,-27.8342615131432,0,26,26,26,13,-11.5693988735545
01-Aug-2026 00:10:38,-136.04111424634,-28.6080245130051,0,26,26,26,13,-12.6913545103632
01-Aug-2026 00:10:40,-120.539016985165,-13.1059272518301,0,26,26,26,12,-13.1059272518301
01-Aug-2026 00:10:42,-120.442959444154,-13.0098697108185,0,26,26,26,12,-13.0098697108185
01-Aug-2026 00:10:44,-121.049183955673,-13.6160942223376,0,26,26,26,13,-13.6160942223376
01-Aug-2026 00:10:46,-121.397305535455,-13.96421580212,0,26,26,26,13,-13.96421580212
01-Aug-2026 00:10:48,-122.171150363271,-14.7380606299355,0,27,27,27,12,-14.7380606299355
01-Aug-2026 00:10:50,-125.771503683144,-18.3384139498092,0,27,27,27,12,-18.3384139498092
01-Aug-2026 00:10:52,-127.03537761683,-19.602287883495,0,28,28,28,13,-19.602287883495
01-Aug-2026 00:10:54,-128.374795779135,-20.9417060457996,0,27,27,27,14,-20.9417060457996
01-Aug-2026 00:10:56,-129.762907337946,-22.3298176046104,0,26,26,26,13,-22.3298176046104
01-Aug-2026 00:10:58,-130.406730967074,-22.9736412337389,0,26,26,26,11,-22.9736412337389
01-Aug-2026 00:11:00,-131.56108233088,-24.1279925975447,0,26,26,26,10,-24.1279925975447
01-Aug-2026 00:11:02,-135.830390453907,-28.3973007205721,0,26,26,26,11,-28.3973007205721
01-Aug-2026 00:11:04,-134.349550230996,-26.9164604976611,0,26,26,26,16,-26.9164604976611
01-Aug-2026 00:11:06,-134.291526725247,-26.8584369919122,0,26,26,26,15,-26.8584369919122
01-Aug-2026 00:11:08,-132.969473720404,-25.536383987069,0,26,26,26,15,-25.536383987069
01-Aug-2026 00:11:10,-132.111750256156,-24.6786605228213,0,26,26,26,13,-24.6786605228213
01-Aug-2026 00:11:12,-132.761735317175,-25.3286455838399,0,26,26,26,12,-25.3286455838399
01-Aug-2026 00:11:14,-133.609103652518,-26.1760139191833,0,26,26,26,12,-26.1760139191833
01-Aug-2026 00:11:16,-133.929493779391,-26.4964040460562,0,26,26,26,12,-26.4964040460562
01-Aug-2026 00:11:18,-134.151622358656,-26.7185326253206,0,25,25,25,12,-26.7185326253206
01-Aug-2026 00:11:20,-133.958475177633,-26.5253854442974,0,24,24,24,14,-26.5253854442974
01-Aug-2026 00:11:22,-134.331191930478,-26.8981021971433,0,24,24,24,13,-26.8981021971433
01-Aug-2026 00:11:24,-134.576779688034,-27.1436899546992,0,24,24,24,13,-8.99193162985797
01-Aug-2026 00:11:26,-135.455241224745,-28.0221514914103,0,24,24,24,14,-4.73649338336696
01-Aug-2026 00:11:28,-130.974089572671,-23.5409998393355,0,25,25,25,15,-23.5409998393355
01-Aug-2026 00:11:30,-138.306161204421,-30.8730714710857,0,25,25,25,15,-30.8730714710857
01-Aug-2026 00:11:32,-137.935797185141,-30.5027074518057,0,25,25,25,17,-30.5027074518057
01-Aug-2026 00:11:34,-138.132083397142,-30.6989936638068,0,24,24,24,17,-30.6989936638068
01-Aug-2026 00:11:36,-138.352626944275,-30.9195372109396,0,24,24,24,16,-30.9195372109396
01-Aug-2026 00:11:38,-142.119031478434,-34.6859417450984,0,25,25,25,14,-32.7388655745186
01-Aug-2026 00:11:40,-132.673188040857,-25.2400983075215,0,25,25,25,14,-24.9400896154085
01-Aug-2026 00:11:42,-136.261539068882,-28.8284493355468,0,25,25,25,14,-28.1173445930791
01-Aug-2026 00:11:44,-139.390260164151,-31.9571704308159,0,25,25,25,13,-31.9571704308159
01-Aug-2026 00:11:46,-141.299561983885,-33.8664722505499,0,25,25,25,14,-33.8664722505499
01-Aug-2026 00:11:48,-144.996343976797,-37.5632542434617,0,25,25,25,10,-37.5632542434617
01-Aug-2026 00:11:50,-145.54566656966,-38.1125768363249,0,25,25,25,10,-38.1125768363249
01-Aug-2026 00:11:52,-145.939779361295,-38.50668962796,0,25,25,25,10,-38.50668962796
01-Aug-2026 00:11:54,-146.561504762886,-39.1284150295508,0,25,25,25,9,-39.1284150295508
01-Aug-2026 00:11:56,-145.070082565068,-37.6369928317325,0,25,25,25,9,-37.6369928317325
01-Aug-2026 00:11:58,-145.044774250791,-37.6116845174557,0,25,25,25,9,-37.6116845174557
01-Aug-2026 00:12:00,-144.989168212088,-37.5560784787528,0,25,25,25,10,-37.5560784787528
01-Aug-2026 00:12:02,-144.880191470459,-37.4471017371239,0,25,25,25,12,-30.9820547845887
01-Aug-2026 00:12:04,-145.541222315404,-38.1081325820689,0,25,25,25,11,-31.2120315173383
01-Aug-2026 00:12:06,-146.913889560297,-39.4807998269619,0,24,24,24,10,-31.1077406711638
01-Aug-2026 00:12:08,-147.085147637458,-39.6520579041232,0,24,24,24,9,-30.9070244842181
01-Aug-2026 00:12:10,-146.995897828731,-39.5628080953958,0,24,24,24,8,-30.1829379460688
01-Aug-2026 00:12:12,-146.951804073939,-39.5187143406038,0,24,24,24,10,-30.0090933668495
01-Aug-2026 00:12:14,-147.05249625744,-39.6194065241047,0,24,24,24,10,-29.2815067561138
01-Aug-2026 00:12:16,-147.056143804073,-39.6230540707381,0,24,24,24,9,-39.6230540707381
01-Aug-2026 00:12:18,-146.805333633802,-39.3722439004671,0,24,24,24,9,-39.3722439004671
01-Aug-2026 00:12:20,-152.897364169974,-45.4642744366384,0,24,24,24,8,-45.4642744366384
01-Aug-2026 00:12:22,-149.068365498703,-41.6352757653674,0,24,24,24,9,-41.6352757653674
01-Aug-2026 00:12:24,-148.261577179587,-40.8284874462517,0,25,25,25,9,-24.0152774263716
01-Aug-2026 00:12:26,-157.990214341125,-50.5571246077899,0,25,25,25,10,-23.403693121157
01-Aug-2026 00:12:28,-157.803187036639,-50.3700973033041,0,26,26,26,10,-22.8568595214171
01-Aug-2026 00:12:30,-134.696548957743,-27.263459224408,0,26,26,26,10,-21.5679953066337
01-Aug-2026 00:12:32,-134.620431527292,-27.1873417939565,0,26,26,26,9,-21.3411371946191
01-Aug-2026 00:12:34,-134.167322624532,-26.7342328911969,0,26,26,26,8,-26.7342328911969
01-Aug-2026 00:12:36,-134.198021874593,-26.7649321412577,0,26,26,26,7,-26.7649321412577
01-Aug-2026 00:12:38,-134.406007168647,-26.9729174353114,0,26,26,26,9,-26.9729174353114
01-Aug-2026 00:12:40,-133.578512507303,-26.1454227739676,0,26,26,26,10,-26.1454227739676
01-Aug-2026 00:12:42,-134.062212395779,-26.6291226624438,0,26,26,26,10,-26.6291226624438
01-Aug-2026 00:12:44,-134.870621824782,-27.4375320914472,0,27,27,27,12,-27.4375320914472
01-Aug-2026 00:12:46,-135.101244340564,-27.6681546072284,0,26,26,26,11,-20.83431290908
01-Aug-2026 00:12:48,-135.132750630174,-27.699660896839,0,26,26,26,13,-16.9329689408006
01-Aug-2026 00:12:50,-144.182869840492,-36.7497801071568,0,26,26,26,12,-36.7497801071568
01-Aug-2026 00:12:52,-139.929631988693,-32.4965422553576,0,25,25,25,10,-32.4965422553576
01-Aug-2026 00:12:54,-148.765286424485,-41.3321966911501,0,25,25,25,7,-41.3321966911501
01-Aug-2026 00:12:56,-148.042257974875,-40.6091682415403,0,25,25,25,7,-40.6091682415403
01-Aug-2026 00:12:58,-147.977051016825,-40.54396128349,0,25,25,25,6,-40.54396128349
01-Aug-2026 00:13:00,-147.643023458111,-40.2099337247754,0,24,24,24,7,-40.2099337247754
01-Aug-2026 00:13:02,-144.817860391113,-37.384770657778,0,24,24,24,8,-37.384770657778
01-Aug-2026 00:13:04,-144.766824270543,-37.3337345372073,0,24,24,24,7,-37.3337345372073
01-Aug-2026 00:13:06,-144.053415786666,-36.6203260533307,0,24,24,24,7,-36.6203260533307
01-Aug-2026 00:13:08,-144.410210469893,-36.9771207365574,0,24,24,24,6,-36.9771207365574
01-Aug-2026 00:13:10,-144.926084068648,-37.4929943353124,0,24,24,24,7,-37.4929943353124
01-Aug-2026 00:13:12,-144.771048227117,-37.337958493782,0,24,24,24,7,-37.337958493782
01-Aug-2026 00:13:14,-144.358340694029,-36.9252509606941,0,24,24,24,9,-36.9252509606941
01-Aug-2026 00:13:16,-143.749647829656,-36.3165580963209,0,25,25,25,10,-36.3165580963209
01-Aug-2026 00:13:18,-143.650602814862,-36.2175130815271,0,25,25,25,9,-36.2175130815271
01-Aug-2026 00:13:20,-142.290959409966,-34.8578696766313,0,25,25,25,11,-34.8578696766313
01-Aug-2026 00:13:22,-141.957150288016,-34.5240605546812,0,25,25,25,11,-34.5240605546812
01-Aug-2026 00:13:24,-142.292921531529,-34.8598317981941,0,24,24,24,10,-34.8598317981941
01-Aug-2026 00:13:26,-142.448375024713,-35.0152852913781,0,24,24,24,10,-35.0152852913781
01-Aug-2026 00:13:28,-142.47158256552,-35.0384928321847,0,25,25,25,10,-35.0384928321847
01-Aug-2026 00:13:30,-136.401356722066,-28.9682669887304,0,25,25,25,12,-26.2844609680343
01-Aug-2026 00:13:32,-135.696910819026,-28.2638210856905,0,25,25,25,11,-28.2638210856905
01-Aug-2026 00:13:34,-134.552129434588,-27.1190397012531,0,25,25,25,12,-25.9294045837063
01-Aug-2026 00:13:36,-134.245004413277,-26.8119146799414,0,25,25,25,12,-25.7883529488868
01-Aug-2026 00:13:38,-132.959228033111,-25.5261382997754,0,25,25,25,14,-24.813374241923
01-Aug-2026 00:13:40,-132.173462995571,-24.7403732622363,0,25,25,25,15,-24.1033087736377
01-Aug-2026 00:13:42,-145.930970132935,-38.4978803996003,0,25,25,25,14,-23.8815176256295
01-Aug-2026 00:13:44,-146.438155794871,-39.0050660615354,0,25,25,25,14,-23.6262514233513
01-Aug-2026 00:13:46,-146.086277341251,-38.6531876079163,0,25,25,25,15,-22.3587241667884
01-Aug-2026 00:13:48,-145.63992235205,-38.2068326187147,0,25,25,25,15,-21.5588745181598
01-Aug-2026 00:13:50,-145.124422374092,-37.6913326407566,0,25,25,25,14,-21.0067827635725
01-Aug-2026 00:13:52,-144.614276515655,-37.1811867823197,0,25,25,25,15,-19.7225703374618
01-Aug-2026 00:13:54,-144.538751289626,-37.1056615562907,0,25,25,25,14,-14.186599357608
01-Aug-2026 00:13:56,-141.899785937452,-34.4666962041173,0,25,25,25,13,-14.1399939190307
01-Aug-2026 00:13:58,-141.476926868428,-34.0438371350931,0,25,25,25,14,-13.7592219743976
01-Aug-2026 00:14:00,-141.281173218584,-33.8480834852493,0,25,25,25,14,-13.6952641623338
01-Aug-2026 00:14:02,-143.636305400095,-36.2032156667597,0,25,25,25,14,-12.91830138996
01-Aug-2026 00:14:04,-144.222824700456,-36.7897349671207,0,25,25,25,14,-13.65432498461
01-Aug-2026 00:14:06,-144.614212890932,-37.1811231575968,0,26,26,26,15,-13.4542390748712
01-Aug-2026 00:14:08,-144.582167666115,-37.1490779327797,0,26,26,26,15,-12.8269860937423
01-Aug-2026 00:14:10,-144.054371083078,-36.6212813497424,0,26,26,26,15,-12.0102786752118
01-Aug-2026 00:14:12,-144.544812467881,-37.1117227345463,0,26,26,26,14,-11.0736098427611
01-Aug-2026 00:14:14,-144.915571500058,-37.4824817667229,0,26,26,26,15,-10.6389557684272
01-Aug-2026 00:14:16,-146.121989617248,-38.6888998839133,0,26,26,26,14,-10.6852008265108
01-Aug-2026 00:14:18,-145.894999186898,-38.4619094535624,0,26,26,26,14,-10.8868940976091
01-Aug-2026 00:14:20,-142.706774528728,-35.273684795393,0,26,26,26,15,-10.8892394846373
01-Aug-2026 00:14:22,-166.260569725615,-58.8274799922795,0,26,26,26,13,-10.9607731089917
01-Aug-2026 00:14:24,-165.373859534849,-57.9407698015142,0,26,26,26,13,-11.8672282707305
01-Aug-2026 00:14:26,-133.873529096452,-26.440439363117,0,26,26,26,14,-12.8485752728961
01-Aug-2026 00:14:28,-134.120798348949,-26.6877086156143,0,26,26,26,13,-13.7689667022091
01-Aug-2026 00:14:30,-134.282684715497,-26.8495949821619,0,26,26,26,14,-14.9600147712776
01-Aug-2026 00:14:32,-134.402408952143,-26.9693192188078,0,26,26,26,14,-15.3427480280289
01-Aug-2026 00:14:34,-124.460557826396,-17.0274680930609,0,27,27,27,14,-17.0274680930609
01-Aug-2026 00:14:36,-125.752551706417,-18.3194619730814,0,27,27,27,15,-18.3194619730814
01-Aug-2026 00:14:38,-127.224599922856,-19.7915101895204,0,27,27,27,14,-19.7915101895204
01-Aug-2026 00:14:40,-128.089351785236,-20.6562620519011,0,29,29,29,14,-20.6562620519011
01-Aug-2026 00:14:42,-129.287336723654,-21.8542469903188,0,29,29,29,16,-21.8542469903188
01-Aug-2026 00:14:44,-129.822694244933,-22.3896045115981,0,28,28,28,17,-22.3896045115981
01-Aug-2026 00:14:46,-130.334396738088,-22.901307004753,0,27,27,27,16,-22.901307004753
01-Aug-2026 00:14:48,-128.946920792005,-21.5138310586698,0,27,27,27,15,-21.5138310586698
01-Aug-2026 00:14:50,-129.653682479093,-22.2205927457582,0,27,27,27,14,-22.2205927457582
01-Aug-2026 00:14:52,-130.132268954773,-22.6991792214381,0,26,26,26,14,-22.6991792214381
01-Aug-2026 00:14:54,-131.546263573371,-24.1131738400356,0,26,26,26,14,-24.1131738400356
01-Aug-2026 00:14:56,-132.099851098041,-24.6667613647062,0,26,26,26,13,-24.6667613647062
01-Aug-2026 00:14:58,-132.779927328942,-25.3468375956072,0,26,26,26,13,-25.3468375956072
01-Aug-2026 00:15:00,-134.727129656565,-27.2940399232297,0,26,26,26,13,-27.2940399232297
01-Aug-2026 00:15:02,-135.347885603582,-27.9147958702466,0,26,26,26,10,-27.9147958702466
01-Aug-2026 00:15:04,-136.004478624132,-28.5713888907973,0,26,26,26,11,-28.5713888907973
01-Aug-2026 00:15:06,-136.648781227951,-29.2156914946153,0,26,26,26,12,-29.2156914946153
01-Aug-2026 00:15:08,-139.487718892651,-32.0546291593156,0,25,25,25,11,-32.0546291593156
01-Aug-2026 00:15:10,-139.840719664826,-32.4076299314905,0,25,25,25,13,-32.4076299314905
01-Aug-2026 00:15:12,-139.19678434966,-31.7636946163244,0,24,24,24,13,-31.7636946163244
01-Aug-2026 00:15:14,-139.217399055141,-31.7843093218057,0,25,25,25,13,-31.7843093218057
01-Aug-2026 00:15:16,-139.321633883347,-31.8885441500115,0,25,25,25,13,-31.8885441500115
01-Aug-2026 00:15:18,-140.547873933624,-33.1147842002891,0,24,24,24,12,-33.1147842002891
01-Aug-2026 00:15:20,-140.582354246374,-33.1492645130384,0,24,24,24,11,-33.1492645130384
01-Aug-2026 00:15:22,-141.124330628743,-33.6912408954074,0,24,24,24,11,-33.6912408954074
01-Aug-2026 00:15:24,-141.163359895664,-33.7302701623284,0,25,25,25,12,-33.7302701623284
01-Aug-2026 00:15:26,-141.211910989897,-33.778821256562,0,25,25,25,12,-33.778821256562
01-Aug-2026 00:15:28,-138.592527056895,-31.1594373235598,0,25,25,25,13,-30.8805213491017
01-Aug-2026 00:15:30,-139.044709310462,-31.6116195771264,0,25,25,25,13,-31.2647736918761
01-Aug-2026 00:15:32,-139.600679973507,-32.1675902401722,0,25,25,25,12,-31.7393618049111
01-Aug-2026 00:15:34,-139.440144847221,-32.0070551138856,0,25,25,25,12,-31.5154973616228
01-Aug-2026 00:15:36,-139.811620411699,-32.3785306783636,0,25,25,25,10,-32.3785306783636
01-Aug-2026 00:15:38,-139.559104555514,-32.1260148221783,0,25,25,25,11,-32.1260148221783
01-Aug-2026 00:15:40,-139.899520462935,-32.4664307295999,0,25,25,25,10,-32.4664307295999
01-Aug-2026 00:15:42,-141.715637293497,-34.2825475601622,0,25,25,25,11,-34.2825475601622
01-Aug-2026 00:15:44,-141.676611433201,-34.2435216998659,0,25,25,25,11,-34.2435216998659
01-Aug-2026 00:15:46,-142.279342694342,-34.8462529610069,0,25,25,25,11,-34.8462529610069
01-Aug-2026 00:15:48,-142.411839311368,-34.9787495780327,0,25,25,25,9,-34.9787495780327
01-Aug-2026 00:15:50,-142.633034631177,-35.1999448978417,0,25,25,25,11,-35.1999448978417
01-Aug-2026 00:15:52,-143.007246613874,-35.5741568805387,0,24,24,24,11,-35.5741568805387
01-Aug-2026 00:15:54,-142.622200004672,-35.1891102713366,0,24,24,24,11,-35.1891102713366
01-Aug-2026 00:15:56,-141.347319569322,-33.9142298359866,0,24,24,24,11,-33.9142298359866
01-Aug-2026 00:15:58,-141.066359731757,-33.6332699984213,0,24,24,24,11,-33.6332699984213
01-Aug-2026 00:16:00,-142.689023422327,-35.2559336889923,0,24,24,24,10,-35.2559336889923
01-Aug-2026 00:16:02,-141.132472064577,-33.6993823312421,0,24,24,24,11,-33.6993823312421
01-Aug-2026 00:16:04,-138.97253858945,-31.5394488561146,0,24,24,24,10,-31.5394488561146
01-Aug-2026 00:16:06,-139.123086501529,-31.6899967681942,0,24,24,24,12,-30.0720135004409
01-Aug-2026 00:16:08,-137.473185281232,-30.0400955478969,0,24,24,24,13,-24.8626482974653
01-Aug-2026 00:16:10,-137.715762215238,-30.2826724819027,0,24,24,24,11,-24.1422943790459
01-Aug-2026 00:16:12,-137.259015660942,-29.8259259276065,0,24,24,24,11,-23.1964080407431
01-Aug-2026 00:16:14,-139.95619545697,-32.5231057236346,0,24,24,24,11,-32.5231057236346
01-Aug-2026 00:16:16,-137.229047286266,-29.7959575529309,0,25,25,25,13,-29.7959575529309
01-Aug-2026 00:16:18,-137.866140231015,-30.4330504976801,0,26,26,26,13,-29.2961115384222
01-Aug-2026 00:16:20,-137.627349290075,-30.1942595567397,0,26,26,26,13,-29.1871027077592
01-Aug-2026 00:16:22,-138.331779214221,-30.8986894808857,0,26,26,26,13,-29.7557701616167
01-Aug-2026 00:16:24,-138.185800359605,-30.7527106262697,0,26,26,26,13,-29.5345595954797
01-Aug-2026 00:16:26,-137.991114145158,-30.5580244118227,0,26,26,26,13,-29.3829200212084
01-Aug-2026 00:16:28,-138.233781615271,-30.8006918819358,0,26,26,26,14,-29.7351807761405
01-Aug-2026 00:16:30,-138.525823570216,-31.0927338368807,0,26,26,26,14,-29.9097402628992
01-Aug-2026 00:16:32,-139.053253142317,-31.620163408982,0,26,26,26,13,-31.620163408982
01-Aug-2026 00:16:34,-137.948107738175,-30.5150180048395,0,26,26,26,12,-30.5150180048395
01-Aug-2026 00:16:36,-137.953874772522,-30.5207850391865,0,27,27,27,14,-30.5207850391865
01-Aug-2026 00:16:38,-138.060908394815,-30.6278186614801,0,26,26,26,16,-30.6278186614801
01-Aug-2026 00:16:40,-137.358731294108,-29.9256415607728,0,25,25,25,15,-29.9256415607728
01-Aug-2026 00:16:42,-138.305237778711,-30.8721480453757,0,25,25,25,17,-30.8721480453757
01-Aug-2026 00:16:44,-138.364164920917,-30.9310751875815,0,25,25,25,17,-30.9310751875815
01-Aug-2026 00:16:46,-138.220330805402,-30.7872410720672,0,25,25,25,17,-30.7872410720672
01-Aug-2026 00:16:48,-138.922265548808,-31.4891758154724,0,25,25,25,15,-31.4891758154724
01-Aug-2026 00:16:50,-138.315967887508,-30.8828781541729,0,25,25,25,16,-30.8828781541729
01-Aug-2026 00:16:52,-146.816662526157,-39.3835727928214,0,24,24,24,13,-39.3835727928214
01-Aug-2026 00:16:54,-144.067004779911,-36.6339150465761,0,24,24,24,13,-32.6227429263944
01-Aug-2026 00:16:56,-145.02516626224,-37.5920765289048,0,24,24,24,13,-32.8707736015832
01-Aug-2026 00:16:58,-144.934323037141,-37.5012333038053,0,24,24,24,13,-32.7235648090648
01-Aug-2026 00:17:00,-145.117330308239,-37.6842405749037,0,24,24,24,14,-32.3009401593756
01-Aug-2026 00:17:02,-145.189218633383,-37.7561289000482,0,24,24,24,14,-32.3904699008188
01-Aug-2026 00:17:04,-146.23074806764,-38.797658334305,0,25,25,25,14,-32.5249107384572
01-Aug-2026 00:17:06,-140.591635459392,-33.1585457260571,0,25,25,25,13,-30.321658680856
01-Aug-2026 00:17:08,-140.325459529091,-32.8923697957554,0,25,25,25,13,-30.4944012507252
01-Aug-2026 00:17:10,-139.800998411602,-32.3679086782665,0,24,24,24,12,-30.0629698363064
01-Aug-2026 00:17:12,-139.492429346937,-32.0593396136014,0,24,24,24,11,-29.826312373421
01-Aug-2026 00:17:14,-139.384572328938,-31.9514825956032,0,24,24,24,12,-29.3072253589575
01-Aug-2026 00:17:16,-137.258346554927,-29.8252568215918,0,24,24,24,14,-28.1962438631899
01-Aug-2026 00:17:18,-137.595333398591,-30.1622436652559,0,24,24,24,14,-28.2330870286944
01-Aug-2026 00:17:20,-142.582776608111,-35.1496868747757,0,25,25,25,12,-30.7737877914609
01-Aug-2026 00:17:22,-146.944379064955,-39.5112893316195,0,26,26,26,14,-30.3044368794478
01-Aug-2026 00:17:24,-146.283388623159,-38.8502988898243,0,26,26,26,14,-30.054878934841
01-Aug-2026 00:17:26,-148.754808032239,-41.3217182989042,0,26,26,26,14,-30.6104299778167
01-Aug-2026 00:17:28,-148.292758587066,-40.8596688537304,0,26,26,26,15,-30.3402970615961
01-Aug-2026 00:17:30,-151.844741427766,-44.4116516944313,0,26,26,26,14,-30.1962682651487
01-Aug-2026 00:17:32,-151.568089549957,-44.1349998166215,0,26,26,26,13,-31.8223920451465
01-Aug-2026 00:17:34,-152.197657133072,-44.7645673997366,0,26,26,26,12,-31.7485497979046
01-Aug-2026 00:17:36,-150.887609004985,-43.4545192716502,0,26,26,26,11,-27.2245105100807
01-Aug-2026 00:17:38,-150.657896302914,-43.2248065695792,0,26,26,26,12,-27.6247148430888
01-Aug-2026 00:17:40,-151.533307023324,-44.1002172899884,0,26,26,26,11,-28.5060052244767
01-Aug-2026 00:17:42,-150.859054365371,-43.4259646320355,0,26,26,26,10,-29.1663127929589
01-Aug-2026 00:17:44,-150.543887577278,-43.1107978439427,0,26,26,26,11,-30.1643972281501
01-Aug-2026 00:17:46,-150.593105352083,-43.160015618748,0,26,26,26,10,-30.3983659001617
01-Aug-2026 00:17:48,-150.565926253437,-43.1328365201016,0,26,26,26,12,-31.1358874559732
01-Aug-2026 00:17:50,-150.743525090246,-43.3104353569108,0,26,26,26,12,-31.3528047018908
01-Aug-2026 00:17:52,-150.826522430817,-43.3934326974815,0,26,26,26,12,-32.4067939212018
01-Aug-2026 00:17:54,-150.337351365285,-42.9042616319501,0,26,26,26,13,-31.3269949448098
01-Aug-2026 00:17:56,-149.746990102453,-42.3139003691179,0,27,27,27,14,-31.3169702248913
01-Aug-2026 00:17:58,-139.247865695136,-31.8147759618006,0,27,27,27,14,-31.8147759618006
01-Aug-2026 00:18:00,-140.147147616705,-32.7140578833695,0,27,27,27,13,-32.7140578833695
01-Aug-2026 00:18:02,-140.149982519619,-32.716892786284,0,27,27,27,15,-32.716892786284
01-Aug-2026 00:18:04,-140.028425524684,-32.5953357913489,0,27,27,27,15,-32.5953357913489
01-Aug-2026 00:18:06,-140.194881540693,-32.7617918073578,0,27,27,27,14,-32.7617918073578
01-Aug-2026 00:18:08,-140.246562630461,-32.8134728971258,0,27,27,27,14,-32.8134728971258
01-Aug-2026 00:18:10,-140.300334174756,-32.8672444414204,0,27,27,27,19,-27.7941272795741
01-Aug-2026 00:18:12,-139.92395398495,-32.4908642516148,0,27,27,27,18,-27.9262299834164
01-Aug-2026 00:18:14,-139.743721031179,-32.310631297844,0,27,27,27,18,-28.3886872964519
01-Aug-2026 00:18:16,-139.450887338241,-32.017797604906,0,27,27,27,16,-28.8958796182123
01-Aug-2026 00:18:18,-139.964957511347,-32.5318677780116,0,27,27,27,14,-29.6107213284924
01-Aug-2026 00:18:20,-140.319938561321,-32.8868488279863,0,27,27,27,14,-30.074367225988
01-Aug-2026 00:18:22,-140.176903721314,-32.7438139879792,0,27,27,27,15,-28.7398823755851
01-Aug-2026 00:18:24,-138.120320936233,-30.6872312028975,0,28,28,28,16,-30.6872312028975
01-Aug-2026 00:18:26,-137.53877317666,-30.1056834433247,0,28,28,28,16,-30.1056834433247
01-Aug-2026 00:18:28,-137.475977413464,-30.0428876801288,0,29,29,29,18,-30.0428876801288
01-Aug-2026 00:18:30,-133.311370583877,-25.8782808505416,0,29,29,29,19,-25.8782808505416
01-Aug-2026 00:18:32,-134.102785886784,-26.6696961534491,0,29,29,29,19,-26.6696961534491
01-Aug-2026 00:18:34,-135.7889484802,-28.3558587468645,0,28,28,28,17,-28.3558587468645
01-Aug-2026 00:18:36,-136.511017563019,-29.077927829684,0,28,28,28,16,-29.077927829684
01-Aug-2026 00:18:38,-135.73623112665,-28.3031413933153,0,28,28,28,17,-28.3031413933153
01-Aug-2026 00:18:40,-136.081058670278,-28.6479689369431,0,28,28,28,17,-28.6479689369431
01-Aug-2026 00:18:42,-136.601156119702,-29.1680663863665,0,28,28,28,17,-29.1680663863665
01-Aug-2026 00:18:44,-137.504692380776,-30.0716026474404,0,28,28,28,17,-30.0716026474404
01-Aug-2026 00:18:46,-140.642037204575,-33.2089474712402,0,27,27,27,15,-33.2089474712402
01-Aug-2026 00:18:48,-141.187779660674,-33.7546899273391,0,27,27,27,15,-33.7546899273391
01-Aug-2026 00:18:50,-142.049903402522,-34.6168136691864,0,27,27,27,15,-34.6168136691864
01-Aug-2026 00:18:52,-143.000911958833,-35.5678222254977,0,27,27,27,16,-35.5678222254977
01-Aug-2026 00:18:54,-143.651423201727,-36.2183334683923,0,28,28,28,16,-36.2183334683923
01-Aug-2026 00:18:56,-144.038258063279,-36.6051683299438,0,28,28,28,16,-36.6051683299438
01-Aug-2026 00:18:58,-143.818169609922,-36.3850798765865,0,27,27,27,16,-36.3850798765865
01-Aug-2026 00:19:00,-144.193893616696,-36.760803883361,0,26,26,26,15,-36.760803883361
01-Aug-2026 00:19:02,-142.686463117089,-35.2533733837538,0,26,26,26,16,-35.2533733837538
01-Aug-2026 00:19:04,-143.12003410131,-35.6869443679749,0,25,25,25,16,-35.6869443679749
01-Aug-2026 00:19:06,-143.186486692743,-35.7533969594078,0,25,25,25,15,-35.7533969594078
01-Aug-2026 00:19:08,-141.40937868957,-33.9762889562344,0,25,25,25,16,-33.9762889562344
01-Aug-2026 00:19:10,-141.420900837733,-33.9878111043978,0,25,25,25,16,-33.9878111043978
01-Aug-2026 00:19:12,-141.936310945676,-34.5032212123409,0,25,25,25,17,-34.5032212123409
01-Aug-2026 00:19:14,-142.473835104858,-35.0407453715231,0,25,25,25,16,-35.0407453715231
01-Aug-2026 00:19:16,-140.763556458169,-33.3304667248335,0,25,25,25,15,-33.3304667248335
01-Aug-2026 00:19:18,-141.277088977636,-33.8439992443006,0,25,25,25,15,-33.8439992443006
01-Aug-2026 00:19:20,-137.974759218138,-30.5416694848031,0,26,26,26,16,-30.5416694848031
01-Aug-2026 00:19:22,-141.759891506336,-34.3268017730006,0,26,26,26,13,-34.3268017730006
01-Aug-2026 00:19:24,-144.978505421855,-37.5454156885199,0,26,26,26,14,-37.5454156885199
01-Aug-2026 00:19:26,-142.477185074136,-35.0440953408012,0,26,26,26,13,-35.0440953408012
01-Aug-2026 00:19:28,-138.867951734603,-31.4348620012676,0,26,26,26,14,-31.4348620012676
01-Aug-2026 00:19:30,-138.619649983678,-31.1865602503426,0,26,26,26,16,-31.1865602503426
01-Aug-2026 00:19:32,-138.001911145099,-30.5688214117642,0,26,26,26,15,-30.5688214117642
01-Aug-2026 00:19:34,-137.816738752714,-30.3836490193787,0,26,26,26,17,-30.3836490193787
01-Aug-2026 00:19:36,-137.354746861441,-29.9216571281056,0,25,25,25,16,-29.9216571281056
01-Aug-2026 00:19:38,-137.344642661178,-29.911552927843,0,25,25,25,15,-29.911552927843
01-Aug-2026 00:19:40,-141.554816776957,-34.1217270436214,0,25,25,25,14,-34.1217270436214
01-Aug-2026 00:19:42,-141.227294483496,-33.7942047501613,0,24,24,24,12,-33.7942047501613
01-Aug-2026 00:19:44,-141.004727355283,-33.5716376219475,0,24,24,24,11,-33.5716376219475
01-Aug-2026 00:19:46,-140.841091097207,-33.408001363872,0,24,24,24,11,-33.408001363872
01-Aug-2026 00:19:48,-140.842912757949,-33.4098230246141,0,24,24,24,10,-33.4098230246141
01-Aug-2026 00:19:50,-140.427594357991,-32.994504624656,0,24,24,24,11,-32.994504624656
01-Aug-2026 00:19:52,-140.128891233184,-32.6958014998487,0,24,24,24,12,-32.6958014998487
01-Aug-2026 00:19:54,-139.944829802195,-32.5117400688601,0,24,24,24,13,-32.5117400688601
01-Aug-2026 00:19:56,-140.285570655111,-32.8524809217756,0,24,24,24,14,-32.8524809217756
01-Aug-2026 00:19:58,-139.447018527817,-32.0139287944821,0,24,24,24,15,-32.0139287944821
01-Aug-2026 00:20:00,-138.876901924234,-31.4438121908993,0,24,24,24,13,-31.4438121908993
01-Aug-2026 00:20:02,-138.533504690124,-31.1004149567889,0,24,24,24,12,-31.1004149567889
01-Aug-2026 00:20:04,-138.265347176524,-30.8322574431892,0,24,24,24,13,-30.8322574431892
01-Aug-2026 00:20:06,-138.039625841425,-30.6065361080903,0,26,26,26,15,-30.6065361080903
01-Aug-2026 00:20:08,-137.710891077399,-30.2778013440638,0,26,26,26,15,-30.2778013440638
01-Aug-2026 00:20:10,-134.840600402879,-27.407510669544,0,26,26,26,14,-27.407510669544
01-Aug-2026 00:20:12,-134.362145667981,-26.9290559346455,0,26,26,26,13,-26.9290559346455
01-Aug-2026 00:20:14,-134.479134676847,-27.0460449435123,0,26,26,26,11,-27.0460449435123
01-Aug-2026 00:20:16,-138.332443968096,-30.8993542347604,0,26,26,26,11,-30.8993542347604
01-Aug-2026 00:20:18,-141.30522791856,-33.8721381852249,0,26,26,26,12,-33.8721381852249
01-Aug-2026 00:20:20,-141.476496825287,-34.0434070919522,0,26,26,26,12,-34.0434070919522
01-Aug-2026 00:20:22,-141.802142270262,-34.3690525369263,0,26,26,26,12,-34.3690525369263
01-Aug-2026 00:20:24,-163.348964965576,-55.9158752322405,0,26,26,26,11,-55.9158752322405
01-Aug-2026 00:20:26,-163.687792598392,-56.2547028650572,0,27,27,27,11,-56.2547028650572
01-Aug-2026 00:20:28,-170.212842646131,-62.7797529127954,0,25,25,25,8,-62.7797529127954
01-Aug-2026 00:20:30,-169.203071833971,-61.7699821006361,0,25,25,25,8,-61.7699821006361
01-Aug-2026 00:20:32,-145.83013204577,-38.3970423124351,0,25,25,25,9,-38.3970423124351
01-Aug-2026 00:20:34,-145.722140734949,-38.2890510016143,0,25,25,25,9,-38.2890510016143
01-Aug-2026 00:20:36,-143.926488335123,-36.4933986017877,0,25,25,25,10,-36.4933986017877
01-Aug-2026 00:20:38,-138.216792305735,-30.7837025723999,0,25,25,25,10,-30.7837025723999
01-Aug-2026 00:20:40,-137.942649962377,-30.5095602290415,0,26,26,26,11,-30.5095602290415
01-Aug-2026 00:20:42,-136.437681641847,-29.0045919085122,0,26,26,26,11,-29.0045919085122
01-Aug-2026 00:20:44,-136.043068187359,-28.6099784540239,0,25,25,25,10,-28.6099784540239
01-Aug-2026 00:20:46,-135.171342683517,-27.7382529501815,0,25,25,25,10,-27.7382529501815
01-Aug-2026 00:20:48,-135.179277023938,-27.746187290603,0,25,25,25,10,-27.746187290603
01-Aug-2026 00:20:50,-135.221838907236,-27.7887491739009,0,26,26,26,12,-27.7887491739009
01-Aug-2026 00:20:52,-134.9840796137,-27.5509898803653,0,26,26,26,12,-27.5509898803653
01-Aug-2026 00:20:54,-134.786452482458,-27.3533627491227,0,26,26,26,13,-27.3533627491227
01-Aug-2026 00:20:56,-135.012039111003,-27.5789493776677,0,26,26,26,11,-27.5789493776677
01-Aug-2026 00:20:58,-135.305882852881,-27.8727931195455,0,25,25,25,15,-27.8727931195455
01-Aug-2026 00:21:00,-137.181148870984,-29.7480591376491,0,25,25,25,13,-29.7480591376491
01-Aug-2026 00:21:02,-139.265877576635,-31.8327878432999,0,25,25,25,12,-29.7253220329204
01-Aug-2026 00:21:04,-139.542286340854,-32.1091966075191,0,25,25,25,15,-29.0520459574944
01-Aug-2026 00:21:06,-139.614276270193,-32.1811865368578,0,25,25,25,14,-31.20065357462
01-Aug-2026 00:21:08,-140.07991408815,-32.6468243548143,0,25,25,25,13,-31.7104195935099
01-Aug-2026 00:21:10,-140.632601623065,-33.1995118897296,0,25,25,25,13,-32.152324124185
01-Aug-2026 00:21:12,-140.304835142459,-32.8717454091239,0,25,25,25,14,-21.2077281168229
01-Aug-2026 00:21:14,-140.884941036024,-33.4518513026889,0,26,26,26,14,-28.6526035956374
01-Aug-2026 00:21:16,-140.821070834358,-33.3879811010225,0,26,26,26,16,-18.1525349006848
01-Aug-2026 00:21:18,-141.329539317599,-33.8964495842634,0,26,26,26,15,-18.045770614587
01-Aug-2026 00:21:20,-141.610004035506,-34.1769143021704,0,26,26,26,15,-18.2953910582037
01-Aug-2026 00:21:22,-141.91535843958,-34.4822687062444,0,26,26,26,14,-18.4027878197209
01-Aug-2026 00:21:24,-142.425318887032,-34.9922291536967,0,26,26,26,14,-19.4154282346511
01-Aug-2026 00:21:26,-142.377658641648,-34.9445689083125,0,26,26,26,15,-19.3910240933447
01-Aug-2026 00:21:28,-145.904643227298,-38.4715534939625,0,26,26,26,17,-19.5241485623631
01-Aug-2026 00:21:30,-145.939088162538,-38.5059984292027,0,26,26,26,17,-19.2444175190102
01-Aug-2026 00:21:32,-145.950553148868,-38.5174634155332,0,26,26,26,16,-20.10351736697
01-Aug-2026 00:21:34,-145.28420480135,-37.8511150680148,0,26,26,26,14,-20.1483400107326
01-Aug-2026 00:21:36,-142.497635840412,-35.0645461070768,0,26,26,26,15,-20.7655567266846
01-Aug-2026 00:21:38,-140.963026202835,-33.5299364695001,0,26,26,26,15,-21.4867842861554
01-Aug-2026 00:21:40,-130.114471894663,-22.6813821613278,0,26,26,26,16,-22.6813821613278
01-Aug-2026 00:21:42,-130.371396807789,-22.9383070744543,0,26,26,26,15,-22.9383070744543
01-Aug-2026 00:21:44,-130.141236319646,-22.7081465863111,0,26,26,26,15,-22.7081465863111
01-Aug-2026 00:21:46,-130.662847209939,-23.2297574766034,0,27,27,27,15,-23.2297574766034
01-Aug-2026 00:21:48,-130.599292713401,-23.1662029800656,0,27,27,27,15,-23.1662029800656
01-Aug-2026 00:21:50,-130.391647077228,-22.9585573438925,0,27,27,27,15,-22.9585573438925
01-Aug-2026 00:21:52,-130.540408714981,-23.1073189816459,0,27,27,27,15,-23.1073189816459
01-Aug-2026 00:21:54,-131.25691632384,-23.823826590505,0,27,27,27,15,-23.823826590505
01-Aug-2026 00:21:56,-131.629863925072,-24.1967741917364,0,27,27,27,13,-24.1967741917364
01-Aug-2026 00:21:58,-132.145727042036,-24.7126373087007,0,27,27,27,12,-24.7126373087007
01-Aug-2026 00:22:00,-132.638656952433,-25.2055672190978,0,27,27,27,11,-25.2055672190978
01-Aug-2026 00:22:02,-133.324818888395,-25.8917291550593,0,27,27,27,10,-25.8917291550593
01-Aug-2026 00:22:04,-133.322805422296,-25.8897156889606,0,27,27,27,9,-25.8897156889606
01-Aug-2026 00:22:06,-133.763411607052,-26.3303218737167,0,27,27,27,8,-26.3303218737167
01-Aug-2026 00:22:08,-134.727178905135,-27.2940891718,0,27,27,27,8,-27.2940891718
01-Aug-2026 00:22:10,-135.676098963563,-28.2430092302282,0,27,27,27,8,-28.2430092302282
01-Aug-2026 00:22:12,-136.51988514307,-29.0867954097343,0,27,27,27,9,-29.0867954097343
01-Aug-2026 00:22:14,-136.739628904173,-29.3065391708381,0,28,28,28,10,-29.3065391708381
01-Aug-2026 00:22:16,-141.014339950261,-33.581250216926,0,29,29,29,10,-33.581250216926
01-Aug-2026 00:22:18,-141.382465200967,-33.9493754676317,0,29,29,29,9,-33.9493754676317
01-Aug-2026 00:22:20,-140.636534936364,-33.2034452030288,0,29,29,29,10,-33.2034452030288
01-Aug-2026 00:22:22,-140.046535583808,-32.6134458504731,0,29,29,29,9,-32.6134458504731
01-Aug-2026 00:22:24,-139.128779940901,-31.6956902075654,0,29,29,29,10,-31.6956902075654
01-Aug-2026 00:22:26,-139.565938911736,-32.1328491784007,0,28,28,28,9,-32.1328491784007
01-Aug-2026 00:22:28,-139.273168983056,-31.8400792497211,0,28,28,28,8,-31.8400792497211
01-Aug-2026 00:22:30,-140.217870107267,-32.7847803739321,0,28,28,28,9,-32.7847803739321
01-Aug-2026 00:22:32,-147.589343812573,-40.1562540792378,0,29,29,29,11,-32.6664078586579
01-Aug-2026 00:22:34,-148.148873058714,-40.715783325379,0,29,29,29,11,-40.715783325379
01-Aug-2026 00:22:36,-150.239390029901,-42.8063002965653,0,29,29,29,10,-42.8063002965653
01-Aug-2026 00:22:38,-150.68026579146,-43.2471760581246,0,29,29,29,11,-43.2471760581246
01-Aug-2026 00:22:40,-151.051408350231,-43.6183186168957,0,28,28,28,12,-43.6183186168957
01-Aug-2026 00:22:42,-145.833149346211,-38.4000596128755,0,27,27,27,12,-38.4000596128755
01-Aug-2026 00:22:44,-144.371013766765,-36.9379240334301,0,27,27,27,13,-36.9379240334301
01-Aug-2026 00:22:46,-144.569760921422,-37.1366711880867,0,27,27,27,12,-37.1366711880867
01-Aug-2026 00:22:48,-144.036547957716,-36.6034582243804,0,26,26,26,9,-36.6034582243804
01-Aug-2026 00:22:50,-143.850927453845,-36.4178377205094,0,26,26,26,8,-36.4178377205094
01-Aug-2026 00:22:52,-144.949696262437,-37.5166065291015,0,26,26,26,6,-37.5166065291015
01-Aug-2026 00:22:54,-145.636385161541,-38.203295428206,0,26,26,26,4,-38.203295428206
01-Aug-2026 00:22:56,-145.26920348744,-37.8361137541046,0,26,26,26,6,-32.3513747830102
01-Aug-2026 00:22:58,-145.246630675041,-37.8135409417058,0,25,25,25,6,-32.3303603605735
01-Aug-2026 00:23:00,-144.519423115808,-37.0863333824727,0,25,25,25,6,-32.0268481916429
01-Aug-2026 00:23:02,-144.682749518733,-37.249659785398,0,25,25,25,7,-31.8504230404288
01-Aug-2026 00:23:04,-144.734821709671,-37.3017319763354,0,25,25,25,7,-31.7584910675642
01-Aug-2026 00:23:06,-140.952335481468,-33.5192457481332,0,25,25,25,7,-30.0735723079823
01-Aug-2026 00:23:08,-140.495545423584,-33.0624556902486,0,25,25,25,8,-29.8259613202185
01-Aug-2026 00:23:10,-139.788197290524,-32.3551075571888,0,25,25,25,9,-29.2886163957021
01-Aug-2026 00:23:12,-139.965652496319,-32.5325627629835,0,25,25,25,9,-29.3206590994382
01-Aug-2026 00:23:14,-139.316291726392,-31.8832019930571,0,25,25,25,8,-28.8953881729323
01-Aug-2026 00:23:16,-137.991153588199,-30.5580638548633,0,26,26,26,8,-28.0569465182606
01-Aug-2026 00:23:18,-139.855848102084,-32.4227583687493,0,26,26,26,9,-28.7147726438689
01-Aug-2026 00:23:20,-138.484670449802,-31.0515807164673,0,25,25,25,11,-28.070474000309
01-Aug-2026 00:23:22,-138.039461280014,-30.606371546679,0,25,25,25,14,-27.7365788516702
01-Aug-2026 00:23:24,-137.606002320015,-30.1729125866793,0,25,25,25,15,-27.2296691541033
01-Aug-2026 00:23:26,-137.917224090223,-30.4841343568876,0,25,25,25,14,-27.4909690684435
01-Aug-2026 00:23:28,-137.529569148336,-30.0964794150009,0,25,25,25,13,-27.0274272513126
01-Aug-2026 00:23:30,-138.082117005346,-30.6490272720108,0,25,25,25,12,-27.5405187271387
01-Aug-2026 00:23:32,-138.290752263741,-30.8576625304054,0,25,25,25,11,-27.4327272870193
01-Aug-2026 00:23:34,-138.146189574886,-30.7130998415512,0,25,25,25,12,-27.3485156839488
01-Aug-2026 00:23:36,-137.827452785066,-30.3943630517304,0,25,25,25,12,-27.366441867217
01-Aug-2026 00:23:38,-137.605007642295,-30.1719179089598,0,25,25,25,11,-27.0936073306422
01-Aug-2026 00:23:40,-137.675854648725,-30.2427649153898,0,25,25,25,11,-26.9505595195717
01-Aug-2026 00:23:42,-137.967134483019,-30.5340447496839,0,25,25,25,12,-27.1972612517776
01-Aug-2026 00:23:44,-137.472375046991,-30.0392853136562,0,25,25,25,12,-26.6086646432134
01-Aug-2026 00:23:46,-137.528107811395,-30.0950180780599,0,25,25,25,11,-26.5289181036392
01-Aug-2026 00:23:48,-136.867225727266,-29.4341359939312,0,25,25,25,11,-26.0668550627052
01-Aug-2026 00:23:50,-136.810304968759,-29.3772152354238,0,25,25,25,12,-25.8290019501177
01-Aug-2026 00:23:52,-138.442958652236,-31.0098689189009,0,25,25,25,12,-31.0098689189009
01-Aug-2026 00:23:54,-138.09445287384,-30.6613631405044,0,25,25,25,13,-25.8413485942707
01-Aug-2026 00:23:56,-138.030336036421,-30.5972463030858,0,26,26,26,13,-30.5972463030858
01-Aug-2026 00:23:58,-137.812933084025,-30.37984335069,0,26,26,26,13,-30.37984335069
01-Aug-2026 00:24:00,-137.534792700525,-30.10170296719,0,26,26,26,14,-30.10170296719
01-Aug-2026 00:24:02,-137.06687365329,-29.6337839199548,0,26,26,26,15,-29.6337839199548
01-Aug-2026 00:24:04,-137.287732491478,-29.8546427581427,0,26,26,26,14,-29.8546427581427
01-Aug-2026 00:24:06,-137.074531829643,-29.6414420963082,0,27,27,27,14,-29.6414420963082
01-Aug-2026 00:24:08,-136.99418191267,-29.5610921793345,0,27,27,27,15,-29.5610921793345
01-Aug-2026 00:24:10,-136.891697443976,-29.4586077106408,0,27,27,27,15,-29.4586077106408
01-Aug-2026 00:24:12,-136.680039268384,-29.2469495350486,0,27,27,27,18,-29.2469495350486
01-Aug-2026 00:24:14,-137.826431532627,-30.3933417992915,0,26,26,26,18,-30.3933417992915
01-Aug-2026 00:24:16,-138.155463353205,-30.7223736198701,0,27,27,27,19,-30.7223736198701
01-Aug-2026 00:24:18,-138.255556673465,-30.8224669401299,0,27,27,27,17,-30.8224669401299
01-Aug-2026 00:24:20,-138.508272898498,-31.0751831651624,0,26,26,26,14,-31.0751831651624
01-Aug-2026 00:24:22,-135.729472986505,-28.2963832531698,0,26,26,26,14,-28.2963832531698
01-Aug-2026 00:24:24,-135.537369100701,-28.1042793673659,0,26,26,26,13,-28.1042793673659
01-Aug-2026 00:24:26,-135.801509904776,-28.3684201714412,0,26,26,26,13,-28.3684201714412
01-Aug-2026 00:24:28,-135.630801355037,-28.1977116217014,0,26,26,26,13,-28.1977116217014
01-Aug-2026 00:24:30,-135.475960590958,-28.0428708576225,0,26,26,26,12,-28.0428708576225
01-Aug-2026 00:24:32,-135.661705827546,-28.2286160942104,0,26,26,26,13,-28.2286160942104
01-Aug-2026 00:24:34,-136.093967809989,-28.6608780766538,0,26,26,26,13,-28.6608780766538
01-Aug-2026 00:24:36,-136.303507658534,-28.8704179251986,0,25,25,25,14,-28.8704179251986
01-Aug-2026 00:24:38,-136.354771801831,-28.9216820684959,0,26,26,26,14,-15.9096857148611
01-Aug-2026 00:24:40,-136.392952155534,-28.9598624221989,0,26,26,26,14,-19.8898806012242
01-Aug-2026 00:24:42,-136.496707739002,-29.0636180056671,0,26,26,26,14,-29.0636180056671
01-Aug-2026 00:24:44,-136.846091602677,-29.4130018693421,0,26,26,26,13,-29.4130018693421
01-Aug-2026 00:24:46,-137.367799106632,-29.9347093732965,0,25,25,25,13,-29.9347093732965
01-Aug-2026 00:24:48,-141.321479752906,-33.8883900195708,0,25,25,25,11,-33.8883900195708
01-Aug-2026 00:24:50,-151.681715840461,-44.2486261071256,0,25,25,25,9,-44.2486261071256
01-Aug-2026 00:24:52,-140.107268160154,-32.6741784268193,0,25,25,25,11,-32.6741784268193
01-Aug-2026 00:24:54,-140.159108655163,-32.7260189218279,0,25,25,25,9,-32.7260189218279
01-Aug-2026 00:24:56,-140.018561724393,-32.585471991058,0,25,25,25,8,-32.585471991058
01-Aug-2026 00:24:58,-140.561819579669,-33.1287298463341,0,25,25,25,8,-33.1287298463341
01-Aug-2026 00:25:00,-141.530599055696,-34.0975093223608,0,25,25,25,8,-28.4860482845513
01-Aug-2026 00:25:02,-141.999851818266,-34.5667620849312,0,25,25,25,8,-29.0548288633384
01-Aug-2026 00:25:04,-142.705214833982,-35.2721251006469,0,25,25,25,10,-27.0933511737137
01-Aug-2026 00:25:06,-142.435919374731,-35.002829641396,0,25,25,25,11,-27.315270481903
01-Aug-2026 00:25:08,-142.133175307582,-34.7000855742468,0,26,26,26,12,-29.5397382288577
01-Aug-2026 00:25:10,-156.323835193605,-48.8907454602699,0,26,26,26,12,-31.7930956488888
01-Aug-2026 00:25:12,-156.123268903116,-48.6901791697813,0,26,26,26,12,-32.1019201601308
01-Aug-2026 00:25:14,-155.902816835023,-48.4697271016881,0,26,26,26,11,-31.695155895505
01-Aug-2026 00:25:16,-155.742923492343,-48.3098337590073,0,26,26,26,10,-32.010118151772
01-Aug-2026 00:25:18,-138.946780588526,-31.5136908551904,0,26,26,26,10,-31.5136908551904
01-Aug-2026 00:25:20,-139.313585136042,-31.8804954027064,0,26,26,26,10,-31.8804954027064
01-Aug-2026 00:25:22,-139.435766445775,-32.0026767124396,0,26,26,26,9,-32.0026767124396
01-Aug-2026 00:25:24,-139.285420077539,-31.8523303442036,0,26,26,26,8,-31.8523303442036
01-Aug-2026 00:25:26,-139.885563198574,-32.4524734652393,0,26,26,26,9,-32.4524734652393
01-Aug-2026 00:25:28,-140.124151443587,-32.6910617102515,0,26,26,26,9,-32.6910617102515
01-Aug-2026 00:25:30,-140.812669031801,-33.3795792984654,0,26,26,26,10,-33.3795792984654
01-Aug-2026 00:25:32,-141.065653033892,-33.6325633005566,0,26,26,26,10,-33.6325633005566
01-Aug-2026 00:25:34,-141.417079090395,-33.9839893570595,0,26,26,26,11,-33.9839893570595
01-Aug-2026 00:25:36,-141.259809919425,-33.8267201860903,0,27,27,27,12,-33.8267201860903
01-Aug-2026 00:25:38,-138.751676446684,-31.3185867133487,0,27,27,27,13,-31.3185867133487
01-Aug-2026 00:25:40,-138.72422074144,-31.2911310081047,0,27,27,27,13,-31.2911310081047
01-Aug-2026 00:25:42,-139.317770957621,-31.8846812242863,0,27,27,27,13,-31.8846812242863
01-Aug-2026 00:25:44,-139.766645754574,-32.3335560212393,0,27,27,27,12,-17.0296581566682
01-Aug-2026 00:25:46,-140.16316716107,-32.7300774277344,0,27,27,27,12,-18.1674620521647
01-Aug-2026 00:25:48,-140.501632785687,-33.0685430523519,0,27,27,27,14,-18.9637510448544
01-Aug-2026 00:25:50,-142.927781448192,-35.494691714857,0,27,27,27,13,-19.9109910516828
01-Aug-2026 00:25:52,-138.171764762609,-30.7386750292735,0,27,27,27,14,-20.4433343338976
01-Aug-2026 00:25:54,-138.087702550573,-30.6546128172382,0,27,27,27,16,-20.7053496557324
01-Aug-2026 00:25:56,-138.546874510239,-31.1137847769033,0,27,27,27,14,-21.3652086216863
01-Aug-2026 00:25:58,-138.440604972385,-31.0075152390498,0,27,27,27,14,-21.8769778119853
01-Aug-2026 00:26:00,-132.915460048841,-25.4823703155062,0,27,27,27,15,-25.4823703155062
01-Aug-2026 00:26:02,-133.849202827529,-26.4161130941935,0,28,28,28,15,-26.4161130941935
01-Aug-2026 00:26:04,-134.153104356453,-26.7200146231174,0,29,29,29,16,-26.7200146231174
01-Aug-2026 00:26:06,-134.623512522028,-27.190422788693,0,29,29,29,17,-27.190422788693
01-Aug-2026 00:26:08,-135.082155373566,-27.649065640231,0,29,29,29,15,-27.649065640231
01-Aug-2026 00:26:10,-135.471981418167,-28.0388916848316,0,29,29,29,16,-28.0388916848316
01-Aug-2026 00:26:12,-136.644021675581,-29.2109319422454,0,29,29,29,17,-29.2109319422454
01-Aug-2026 00:26:14,-136.901153101699,-29.4680633683637,0,30,30,30,17,-29.4680633683637
01-Aug-2026 00:26:16,-138.773802124185,-31.3407123908503,0,29,29,29,16,-31.3407123908503
01-Aug-2026 00:26:18,-136.592111005238,-29.1590212719028,0,29,29,29,18,-29.1590212719028
01-Aug-2026 00:26:20,-136.988903586729,-29.5558138533942,0,29,29,29,19,-29.5558138533942
01-Aug-2026 00:26:22,-137.189482121033,-29.7563923876981,0,29,29,29,18,-29.7563923876981
01-Aug-2026 00:26:24,-137.145819090157,-29.7127293568223,0,28,28,28,17,-29.7127293568223
01-Aug-2026 00:26:26,-137.537603193478,-30.1045134601431,0,28,28,28,18,-30.1045134601431
01-Aug-2026 00:26:28,-137.672463043108,-30.2393733097723,0,28,28,28,18,-30.2393733097723
01-Aug-2026 00:26:30,-137.655445781773,-30.2223560484383,0,28,28,28,19,-27.1893889145968
01-Aug-2026 00:26:32,-146.096448244764,-38.663358511429,0,28,28,28,17,-29.3196892544082
01-Aug-2026 00:26:34,-146.25570896153,-38.8226192281952,0,27,27,27,17,-30.3045267684576
01-Aug-2026 00:26:36,-146.355285901832,-38.9221961684965,0,27,27,27,17,-30.2372173899088
01-Aug-2026 00:26:38,-146.45512397345,-39.0220342401146,0,26,26,26,16,-30.0416734868864
01-Aug-2026 00:26:40,-148.004116352192,-40.5710266188571,0,26,26,26,15,-28.496697909461
01-Aug-2026 00:26:42,-152.933876492372,-45.5007867590372,0,26,26,26,14,-27.9699982054981
01-Aug-2026 00:26:44,-153.00685982349,-45.5737700901548,0,26,26,26,13,-27.2497585367658
01-Aug-2026 00:26:46,-148.361765355259,-40.9286756219239,0,26,26,26,13,-27.5329277810033
01-Aug-2026 00:26:48,-146.839458643291,-39.4063689099554,0,26,26,26,14,-27.24515263606
01-Aug-2026 00:26:50,-147.058692575371,-39.6256028420358,0,25,25,25,14,-27.2800914009715
01-Aug-2026 00:26:52,-148.673904798575,-41.2408150652399,0,25,25,25,14,-27.5019552072809
01-Aug-2026 00:26:54,-149.128310422048,-41.6952206887128,0,25,25,25,13,-26.9827831868809
01-Aug-2026 00:26:56,-149.074306157943,-41.6412164246078,0,25,25,25,13,-27.4735249297973
01-Aug-2026 00:26:58,-149.074652188106,-41.6415624547711,0,25,25,25,13,-27.2148018917176
01-Aug-2026 00:27:00,-149.45653269362,-42.0234429602844,0,25,25,25,11,-26.5792507540228
01-Aug-2026 00:27:02,-150.624858930129,-43.1917691967941,0,25,25,25,11,-26.3938218026154
01-Aug-2026 00:27:04,-150.376850041259,-42.9437603079242,0,24,24,24,10,-25.5465468665586
01-Aug-2026 00:27:06,-149.193967053622,-41.760877320287,0,24,24,24,11,-25.8826205616458
01-Aug-2026 00:27:08,-146.042082212265,-38.6089924789297,0,24,24,24,11,-25.7652607503694
01-Aug-2026 00:27:10,-145.977532542181,-38.5444428088455,0,24,24,24,12,-25.7749091270063
01-Aug-2026 00:27:12,-145.788562524872,-38.3554727915366,0,24,24,24,11,-25.9031675824431
01-Aug-2026 00:27:14,-144.216409694237,-36.7833199609016,0,25,25,25,12,-25.5512889222796
01-Aug-2026 00:27:16,-145.243898436418,-37.8108087030823,0,25,25,25,13,-25.2875330438581
01-Aug-2026 00:27:18,-146.081680149119,-38.6485904157843,0,25,25,25,13,-24.3929951397305
01-Aug-2026 00:27:20,-129.525730405975,-22.0926406726396,0,25,25,25,14,-19.7717742739385
01-Aug-2026 00:27:22,-125.5670763129,-18.1339865795648,0,25,25,25,15,-16.8078034032556
01-Aug-2026 00:27:24,-144.19595963743,-36.7628699040947,0,25,25,25,13,-21.859679637312
01-Aug-2026 00:27:26,-144.369727535165,-36.9366378018302,0,25,25,25,12,-21.8213924710677
01-Aug-2026 00:27:28,-142.800609484551,-35.3675197512155,0,25,25,25,12,-35.3675197512155
01-Aug-2026 00:27:30,-142.879278014142,-35.4461882808064,0,25,25,25,14,-33.0154063874532
01-Aug-2026 00:27:32,-143.006697377922,-35.5736076445872,0,25,25,25,14,-32.931703968665
01-Aug-2026 00:27:34,-142.798224205923,-35.3651344725876,0,25,25,25,13,-32.7276290556802
01-Aug-2026 00:27:36,-142.042456463719,-34.6093667303835,0,25,25,25,13,-32.0559765410511
01-Aug-2026 00:27:38,-143.138865156945,-35.7057754236096,0,26,26,26,14,-32.8285804445838
01-Aug-2026 00:27:40,-143.246283394546,-35.8131936612111,0,26,26,26,14,-32.6532022041082
01-Aug-2026 00:27:42,-144.792268480713,-37.3591787473781,0,26,26,26,13,-33.2778131798889
01-Aug-2026 00:27:44,-146.644330877373,-39.2112411440378,0,27,27,27,11,-34.0205613398844
01-Aug-2026 00:27:46,-146.423617916048,-38.9905281827127,0,27,27,27,12,-27.3996857728948
01-Aug-2026 00:27:48,-144.742376545122,-37.3092868117866,0,27,27,27,15,-26.8139377186245
01-Aug-2026 00:27:50,-144.3060055455,-36.8729158121652,0,28,28,28,14,-26.0091309422885
01-Aug-2026 00:27:52,-146.401427736408,-38.9683380030727,0,28,28,28,14,-26.1344561574058
01-Aug-2026 00:27:54,-145.665274431334,-38.2321846979989,0,28,28,28,15,-26.2045495835755
01-Aug-2026 00:27:56,-146.492227381057,-39.0591376477214,0,28,28,28,15,-25.7604436116425
01-Aug-2026 00:27:58,-146.258134155998,-38.8250444226626,0,28,28,28,15,-32.5169642939934
01-Aug-2026 00:28:00,-144.571550966114,-37.1384612327792,0,28,28,28,16,-31.923609175199
01-Aug-2026 00:28:02,-144.300181273823,-36.8670915404881,0,27,27,27,15,-32.0061732379307
01-Aug-2026 00:28:04,-147.503890227381,-40.0708004940459,0,27,27,27,15,-33.0826979041396
01-Aug-2026 00:28:06,-141.131333198154,-33.6982434648191,0,27,27,27,14,-30.7431875853156
01-Aug-2026 00:28:08,-141.069294999095,-33.6362052657594,0,27,27,27,15,-30.5624376116632
01-Aug-2026 00:28:10,-140.687823953662,-33.2547342203269,0,27,27,27,15,-30.5979412507708
01-Aug-2026 00:28:12,-140.549787944991,-33.1166982116561,0,26,26,26,14,-30.5454160498264
01-Aug-2026 00:28:14,-140.745266203454,-33.3121764701192,0,26,26,26,13,-32.2965775060441
01-Aug-2026 00:28:16,-136.70652218016,-29.2734324468251,0,26,26,26,14,-28.8239059782276
01-Aug-2026 00:28:18,-136.46500452908,-29.0319147957449,0,26,26,26,15,-27.9567744351386
01-Aug-2026 00:28:20,-137.29307615956,-29.8599864262245,0,26,26,26,14,-28.4418410392108
01-Aug-2026 00:28:22,-136.736686735836,-29.3035970025005,0,26,26,26,14,-27.9517606021548
01-Aug-2026 00:28:24,-135.994857668619,-28.5617679352835,0,27,27,27,12,-27.3764892779382
01-Aug-2026 00:28:26,-144.056768508802,-36.6236787754669,0,26,26,26,12,-26.7232605001005
01-Aug-2026 00:28:28,-142.686080591278,-35.2529908579424,0,26,26,26,13,-26.6420227011331
01-Aug-2026 00:28:30,-144.660617040069,-37.2275273067341,0,26,26,26,13,-26.6435848039862
01-Aug-2026 00:28:32,-144.771332789008,-37.3382430556724,0,26,26,26,12,-26.3237706153038
01-Aug-2026 00:28:34,-145.266679184933,-37.8335894515982,0,25,25,25,11,-26.046934257865
01-Aug-2026 00:28:36,-147.231622449487,-39.7985327161516,0,25,25,25,11,-25.4352596505024
01-Aug-2026 00:28:38,-146.975467486164,-39.5423777528286,0,25,25,25,12,-25.142140507611
01-Aug-2026 00:28:40,-147.050890137548,-39.6178004042133,0,25,25,25,12,-24.4745150016248
01-Aug-2026 00:28:42,-147.392354086554,-39.9592643532184,0,25,25,25,11,-24.0932034242327
01-Aug-2026 00:28:44,-147.238730522466,-39.8056407891312,0,25,25,25,12,-23.3385066940829
01-Aug-2026 00:28:46,-147.800942003271,-40.3678522699356,0,25,25,25,12,-34.4582570235737
01-Aug-2026 00:28:48,-147.469065093706,-40.0359753603713,0,25,25,25,9,-34.4091610262393
01-Aug-2026 00:28:50,-148.830168194754,-41.3970784614188,0,25,25,25,8,-34.5002679481901
01-Aug-2026 00:28:52,-149.281529339174,-41.8484396058391,0,25,25,25,8,-34.6008383305322
01-Aug-2026 00:28:54,-142.507640237673,-35.0745505043383,0,25,25,25,10,-35.0745505043383
01-Aug-2026 00:28:56,-139.483470531292,-32.050380797957,0,25,25,25,10,-32.050380797957
01-Aug-2026 00:28:58,-139.826428450454,-32.3933387171191,0,25,25,25,12,-32.3933387171191
01-Aug-2026 00:29:00,-140.376394288144,-32.9433045548087,0,25,25,25,13,-32.9433045548087
01-Aug-2026 00:29:02,-140.517747665249,-33.0846579319137,0,26,26,26,12,-33.0846579319137
01-Aug-2026 00:29:04,-139.660791008579,-32.2277012752435,0,26,26,26,12,-32.2277012752435
01-Aug-2026 00:29:06,-139.695538778146,-32.2624490448108,0,26,26,26,12,-32.2624490448108
01-Aug-2026 00:29:08,-139.323058136115,-31.8899684027796,0,26,26,26,12,-31.8899684027796
01-Aug-2026 00:29:10,-139.219246363729,-31.7861566303933,0,26,26,26,11,-31.7861566303933
01-Aug-2026 00:29:12,-139.63436481678,-32.2012750834446,0,26,26,26,10,-32.2012750834446
01-Aug-2026 00:29:14,-139.127518397149,-31.6944286638136,0,26,26,26,10,-31.6944286638136
01-Aug-2026 00:29:16,-139.486996913511,-32.0539071801755,0,26,26,26,9,-32.0539071801755
01-Aug-2026 00:29:18,-138.236901149738,-30.8038114164026,0,26,26,26,10,-30.8038114164026
01-Aug-2026 00:29:20,-138.226431446502,-30.793341713167,0,26,26,26,11,-30.793341713167
01-Aug-2026 00:29:22,-138.554302965938,-31.1212132326032,0,26,26,26,12,-31.1212132326032
01-Aug-2026 00:29:24,-138.429935031417,-30.9968452980816,0,26,26,26,11,-30.9968452980816
01-Aug-2026 00:29:26,-138.433991683159,-31.0009019498236,0,27,27,27,13,-31.0009019498236
01-Aug-2026 00:29:28,-138.516745860622,-31.0836561272868,0,27,27,27,13,-31.0836561272868
01-Aug-2026 00:29:30,-138.258502534398,-30.8254128010624,0,27,27,27,15,-30.8254128010624
01-Aug-2026 00:29:32,-141.155947698556,-33.7228579652211,0,27,27,27,13,-17.8749446228644
01-Aug-2026 00:29:34,-140.533501997861,-33.1004122645259,0,27,27,27,11,-19.1675299958654
01-Aug-2026 00:29:36,-140.722405959031,-33.2893162256961,0,27,27,27,11,-20.142059031484
01-Aug-2026 00:29:38,-142.570002018833,-35.1369122854977,0,27,27,27,10,-21.6455046507886
01-Aug-2026 00:29:40,-164.865379932791,-57.4322901994555,0,27,27,27,10,-22.8296580654038
01-Aug-2026 00:29:42,-165.507843196762,-58.0747534634268,0,27,27,27,8,-24.8212706761914
01-Aug-2026 00:29:44,-165.670119790294,-58.2370300569587,0,27,27,27,8,-26.4639576993505
01-Aug-2026 00:29:46,-165.569195681556,-58.1361059482205,0,27,27,27,8,-27.8093251950192
01-Aug-2026 00:29:48,-135.275044174347,-27.8419544410119,0,27,27,27,8,-27.8419544410119
01-Aug-2026 00:29:50,-135.317278582609,-27.884188849274,0,27,27,27,7,-27.884188849274
01-Aug-2026 00:29:52,-135.001711796645,-27.5686220633098,0,29,29,29,9,-27.5686220633098
01-Aug-2026 00:29:54,-131.917533692417,-24.4844439590815,0,30,30,30,12,-24.4844439590815
01-Aug-2026 00:29:56,-132.383453008242,-24.9503632749065,0,30,30,30,14,-24.9503632749065
01-Aug-2026 00:29:58,-133.331334352906,-25.8982446195708,0,30,30,30,12,-25.8982446195708
01-Aug-2026 00:30:00,-133.555075913398,-26.1219861800626,0,30,30,30,11,-26.1219861800626
01-Aug-2026 00:30:02,-134.236706487625,-26.8036167542896,0,30,30,30,14,-25.9049651599208
01-Aug-2026 00:30:04,-135.110968856794,-27.677879123459,0,29,29,29,13,-27.677879123459
01-Aug-2026 00:30:06,-135.595809672677,-28.1627199393415,0,29,29,29,11,-28.1627199393415
01-Aug-2026 00:30:08,-136.088282642414,-28.655192909079,0,28,28,28,11,-28.655192909079
01-Aug-2026 00:30:10,-136.006592342203,-28.5735026088678,0,28,28,28,11,-28.5735026088678
01-Aug-2026 00:30:12,-136.661731846855,-29.2286421135203,0,28,28,28,11,-29.2286421135203
01-Aug-2026 00:30:14,-136.79034321964,-29.3572534863052,0,28,28,28,13,-29.3572534863052
01-Aug-2026 00:30:16,-139.185251655037,-31.7521619217015,0,28,28,28,11,-31.7521619217015
01-Aug-2026 00:30:18,-140.263429101156,-32.8303393678205,0,28,28,28,13,-32.8303393678205
01-Aug-2026 00:30:20,-140.340881071487,-32.9077913381523,0,28,28,28,11,-32.9077913381523
01-Aug-2026 00:30:22,-140.077303639378,-32.6442139060431,0,28,28,28,10,-32.6442139060431
01-Aug-2026 00:30:24,-140.213544332103,-32.7804545987677,0,28,28,28,10,-32.7804545987677
01-Aug-2026 00:30:26,-139.872496500671,-32.439406767336,0,26,26,26,10,-32.439406767336
01-Aug-2026 00:30:28,-139.734334013292,-32.301244279957,0,26,26,26,11,-32.301244279957
01-Aug-2026 00:30:30,-139.890027064006,-32.4569373306712,0,26,26,26,12,-32.4569373306712
01-Aug-2026 00:30:32,-139.896433365116,-32.4633436317804,0,26,26,26,13,-32.4633436317804
01-Aug-2026 00:30:34,-139.752246903649,-32.3191571703142,0,26,26,26,13,-32.3191571703142
01-Aug-2026 00:30:36,-139.738465876994,-32.3053761436583,0,26,26,26,13,-32.3053761436583
01-Aug-2026 00:30:38,-139.681848891478,-32.2487591581426,0,26,26,26,13,-32.2487591581426
01-Aug-2026 00:30:40,-139.605268851842,-32.1721791185065,0,26,26,26,12,-32.1721791185065
01-Aug-2026 00:30:42,-139.816019666634,-32.3829299332984,0,26,26,26,16,-32.3829299332984
01-Aug-2026 00:30:44,-139.914835483399,-32.4817457500637,0,25,25,25,16,-32.4817457500637
01-Aug-2026 00:30:46,-139.564715294227,-32.1316255608915,0,24,24,24,14,-32.1316255608915
01-Aug-2026 00:30:48,-139.591935291894,-32.1588455585584,0,24,24,24,14,-32.1588455585584
01-Aug-2026 00:30:50,-146.268568125451,-38.835478392116,0,24,24,24,13,-38.835478392116
01-Aug-2026 00:30:52,-146.665733301376,-39.2326435680413,0,24,24,24,12,-39.2326435680413
01-Aug-2026 00:30:54,-150.6240578815,-43.1909681481652,0,24,24,24,10,-43.1909681481652
01-Aug-2026 00:30:56,-150.357206466389,-42.924116733054,0,24,24,24,9,-42.924116733054
01-Aug-2026 00:30:58,-146.293139910662,-38.8600501773269,0,24,24,24,10,-38.8600501773269
01-Aug-2026 00:31:00,-145.919857908232,-38.4867681748971,0,24,24,24,12,-38.4867681748971
01-Aug-2026 00:31:02,-145.288120855811,-37.8550311224761,0,24,24,24,11,-37.8550311224761
01-Aug-2026 00:31:04,-144.564045782417,-37.1309560490822,0,24,24,24,11,-37.1309560490822
01-Aug-2026 00:31:06,-144.355905326644,-36.9228155933088,0,24,24,24,11,-36.9228155933088
01-Aug-2026 00:31:08,-143.084553592128,-35.6514638587929,0,24,24,24,12,-35.6514638587929
01-Aug-2026 00:31:10,-146.612083376128,-39.1789936427924,0,24,24,24,12,-31.447348981341
01-Aug-2026 00:31:12,-138.272399465979,-30.8393097326435,0,26,26,26,13,-28.6309705787181
01-Aug-2026 00:31:14,-138.107952017816,-30.6748622844813,0,26,26,26,15,-28.3703376509329
01-Aug-2026 00:31:16,-137.904656510879,-30.4715667775441,0,26,26,26,16,-28.2138771594209
01-Aug-2026 00:31:18,-138.436822661579,-31.0037329282441,0,26,26,26,14,-28.5001352047512
01-Aug-2026 00:31:20,-149.416974650016,-41.983884916681,0,26,26,26,14,-31.2863497108827
01-Aug-2026 00:31:22,-149.383704525041,-41.9506147917059,0,26,26,26,13,-30.9495460694028
01-Aug-2026 00:31:24,-151.075273594906,-43.6421838615705,0,26,26,26,11,-31.2478416442204
01-Aug-2026 00:31:26,-141.249334709462,-33.816244976127,0,26,26,26,13,-29.5575809985218
01-Aug-2026 00:31:28,-141.104719274521,-33.6716295411859,0,26,26,26,13,-28.9201971041139
01-Aug-2026 00:31:30,-141.22888360792,-33.7957938745845,0,26,26,26,15,-29.2557187645118
01-Aug-2026 00:31:32,-140.658028882163,-33.2249391488276,0,26,26,26,16,-29.0501938173031
01-Aug-2026 00:31:34,-140.520449698728,-33.087359965393,0,27,27,27,17,-29.1586410954783
01-Aug-2026 00:31:36,-137.393579476045,-29.9604897427103,0,27,27,27,17,-27.6184712645317
01-Aug-2026 00:31:38,-137.340998810251,-29.9079090769161,0,27,27,27,15,-27.5427716318651
01-Aug-2026 00:31:40,-137.321162109638,-29.8880723763033,0,27,27,27,14,-27.3548538948679
01-Aug-2026 00:31:42,-136.988992460694,-29.5559027273589,0,28,28,28,15,-27.1486044436423
01-Aug-2026 00:31:44,-136.885196945097,-29.4521072117619,0,28,28,28,14,-27.2259911662335
01-Aug-2026 00:31:46,-136.965654214731,-29.532564481396,0,28,28,28,13,-27.4171691501683
01-Aug-2026 00:31:48,-136.959304734716,-29.5262150013808,0,28,28,28,14,-27.2075882859209
01-Aug-2026 00:31:50,-136.816575216841,-29.3834854835059,0,27,27,27,13,-29.3834854835059
01-Aug-2026 00:31:52,-137.793277831082,-30.3601880977473,0,27,27,27,15,-30.3601880977473
01-Aug-2026 00:31:54,-137.795924404719,-30.3628346713838,0,27,27,27,14,-30.3628346713838
01-Aug-2026 00:31:56,-137.520998516106,-30.0879087827711,0,27,27,27,14,-30.0879087827711
01-Aug-2026 00:31:58,-136.694080752087,-29.260991018752,0,28,28,28,14,-29.260991018752
01-Aug-2026 00:32:00,-136.752107115328,-29.3190173819924,0,28,28,28,15,-29.3190173819924
01-Aug-2026 00:32:02,-136.370907589454,-28.9378178561188,0,28,28,28,16,-28.9378178561188
01-Aug-2026 00:32:04,-135.741498771311,-28.3084090379756,0,27,27,27,13,-28.3084090379756
01-Aug-2026 00:32:06,-135.554255119707,-28.1211653863722,0,27,27,27,11,-28.1211653863722
01-Aug-2026 00:32:08,-134.378444311159,-26.9453545778234,0,27,27,27,11,-26.9453545778234
01-Aug-2026 00:32:10,-141.653265503197,-34.2201757698621,0,27,27,27,10,-26.715682848576
01-Aug-2026 00:32:12,-142.059361988634,-34.626272255299,0,28,28,28,13,-26.0346093530002
01-Aug-2026 00:32:14,-141.721232687311,-34.2881429539755,0,27,27,27,15,-23.7855525058791
01-Aug-2026 00:32:16,-141.849134854648,-34.4160451213128,0,27,27,27,13,-34.4160451213128
01-Aug-2026 00:32:18,-141.538609051576,-34.1055193182409,0,26,26,26,13,-34.1055193182409
01-Aug-2026 00:32:20,-141.464088690519,-34.0309989571842,0,26,26,26,13,-34.0309989571842
01-Aug-2026 00:32:22,-141.410025771803,-33.9769360384674,0,25,25,25,12,-33.9769360384674
01-Aug-2026 00:32:24,-141.13152672214,-33.6984369888049,0,25,25,25,11,-33.6984369888049
01-Aug-2026 00:32:26,-143.90601129098,-36.4729215576445,0,25,25,25,11,-36.4729215576445
01-Aug-2026 00:32:28,-144.289194859147,-36.856105125812,0,25,25,25,11,-36.856105125812
01-Aug-2026 00:32:30,-144.280712715657,-36.8476229823217,0,25,25,25,9,-36.8476229823217
01-Aug-2026 00:32:32,-144.107699315942,-36.6746095826064,0,25,25,25,9,-36.6746095826064
01-Aug-2026 00:32:34,-143.752699602056,-36.3196098687204,0,25,25,25,10,-36.3196098687204
01-Aug-2026 00:32:36,-150.675447503333,-43.2423577699976,0,25,25,25,10,-43.2423577699976
01-Aug-2026 00:32:38,-150.226233888172,-42.7931441548373,0,25,25,25,11,-42.7931441548373
01-Aug-2026 00:32:40,-150.744172280353,-43.3110825470174,0,25,25,25,11,-43.3110825470174
01-Aug-2026 00:32:42,-145.829870634744,-38.3967809014084,0,25,25,25,12,-38.3967809014084
01-Aug-2026 00:32:44,-145.929823128806,-38.4967333954712,0,25,25,25,13,-38.4967333954712
01-Aug-2026 00:32:46,-146.271654330647,-38.8385645973115,0,25,25,25,13,-38.8385645973115
01-Aug-2026 00:32:48,-149.180001836033,-41.7469121026974,0,25,25,25,12,-41.7469121026974
01-Aug-2026 00:32:50,-149.408510963173,-41.9754212298379,0,25,25,25,11,-41.9754212298379
01-Aug-2026 00:32:52,-149.770678098183,-42.3375883648476,0,25,25,25,10,-42.3375883648476
01-Aug-2026 00:32:54,-149.309126752472,-41.8760370191372,0,26,26,26,11,-41.8760370191372
01-Aug-2026 00:32:56,-147.448074142236,-40.0149844089013,0,26,26,26,11,-40.0149844089013
01-Aug-2026 00:32:58,-147.242981040852,-39.8098913075168,0,26,26,26,12,-39.8098913075168
01-Aug-2026 00:33:00,-147.194963066519,-39.7618733331841,0,26,26,26,13,-39.7618733331841
01-Aug-2026 00:33:02,-146.948828823411,-39.5157390900758,0,26,26,26,14,-39.5157390900758
01-Aug-2026 00:33:04,-147.222354861592,-39.7892651282572,0,26,26,26,13,-39.7892651282572
01-Aug-2026 00:33:06,-147.50863828956,-40.0755485562247,0,26,26,26,13,-40.0755485562247
01-Aug-2026 00:33:08,-145.07328870542,-37.6401989720849,0,26,26,26,14,-37.6401989720849
01-Aug-2026 00:33:10,-145.172387363827,-37.7392976304918,0,26,26,26,16,-37.7392976304918
01-Aug-2026 00:33:12,-145.351355607551,-37.9182658742156,0,26,26,26,16,-37.9182658742156
01-Aug-2026 00:33:14,-145.304278570942,-37.8711888376069,0,26,26,26,16,-37.8711888376069
01-Aug-2026 00:33:16,-145.371200648084,-37.9381109147489,0,26,26,26,16,-37.9381109147489
01-Aug-2026 00:33:18,-144.703348176343,-37.2702584430082,0,27,27,27,16,-37.2702584430082
01-Aug-2026 00:33:20,-142.362437819729,-34.9293480863936,0,27,27,27,16,-34.9293480863936
01-Aug-2026 00:33:22,-140.327786403506,-32.8946966701713,0,27,27,27,16,-32.8946966701713
01-Aug-2026 00:33:24,-140.44075684779,-33.0076671144548,0,27,27,27,16,-33.0076671144548
01-Aug-2026 00:33:26,-140.492084373271,-33.0589946399363,0,27,27,27,15,-33.0589946399363
01-Aug-2026 00:33:28,-140.741312339748,-33.3082226064128,0,27,27,27,14,-33.3082226064128
01-Aug-2026 00:33:30,-141.316683932425,-33.8835941990896,0,27,27,27,13,-33.8835941990896
01-Aug-2026 00:33:32,-144.115644716707,-36.6825549833716,0,27,27,27,14,-36.6825549833716
01-Aug-2026 00:33:34,-144.295960611302,-36.8628708779667,0,28,28,28,14,-36.8628708779667
01-Aug-2026 00:33:36,-144.435879807899,-37.0027900745642,0,28,28,28,15,-37.0027900745642
01-Aug-2026 00:33:38,-145.98856195067,-38.5554722173348,0,28,28,28,17,-38.5554722173348
01-Aug-2026 00:33:40,-146.540898837926,-39.1078091045905,0,28,28,28,18,-39.1078091045905
01-Aug-2026 00:33:42,-147.451079618409,-40.0179898850741,0,29,29,29,18,-40.0179898850741
01-Aug-2026 00:33:44,-144.899285725841,-37.4661959925058,0,29,29,29,18,-37.4661959925058
01-Aug-2026 00:33:46,-144.988476168763,-37.5553864354283,0,29,29,29,17,-37.5553864354283
01-Aug-2026 00:33:48,-145.290660023545,-37.8575702902101,0,29,29,29,15,-37.8575702902101
01-Aug-2026 00:33:50,-145.420461508832,-37.987371775497,0,29,29,29,16,-37.987371775497
01-Aug-2026 00:33:52,-148.717718021464,-41.2846282881284,0,29,29,29,15,-37.665022656152
01-Aug-2026 00:33:54,-145.225059652703,-37.7919699193683,0,28,28,28,13,-37.7919699193683
01-Aug-2026 00:33:56,-153.584544952753,-46.151455219418,0,29,29,29,12,-38.5397668625835
01-Aug-2026 00:33:58,-153.571791520932,-46.1387017875973,0,28,28,28,12,-38.6007022356889
01-Aug-2026 00:34:00,-153.046733994454,-45.613644261119,0,28,28,28,14,-38.4810032203692
01-Aug-2026 00:34:02,-149.82087420542,-42.3877844720846,0,28,28,28,15,-37.823713743764
01-Aug-2026 00:34:04,-146.627019578435,-39.1939298450994,0,28,28,28,16,-36.2515914896182
01-Aug-2026 00:34:06,-146.429884926059,-38.9967951927241,0,28,28,28,16,-36.1712142917519
01-Aug-2026 00:34:08,-146.170009389673,-38.7369196563375,0,28,28,28,15,-35.9933407904513
01-Aug-2026 00:34:10,-149.15272052806,-41.7196307947246,0,28,28,28,15,-37.1101495430912
01-Aug-2026 00:34:12,-148.98296315687,-41.549873423535,0,28,28,28,17,-36.9465178397801
01-Aug-2026 00:34:14,-148.954385304564,-41.5212955712289,0,28,28,28,17,-41.5212955712289
01-Aug-2026 00:34:16,-140.495293135129,-33.0622034017934,0,27,27,27,16,-27.8151973322604
01-Aug-2026 00:34:18,-140.489413650352,-33.056323917017,0,26,26,26,12,-27.6988561873057
01-Aug-2026 00:34:20,-141.024447134248,-33.5913574009126,0,26,26,26,11,-27.6307092094957
01-Aug-2026 00:34:22,-140.442636701401,-33.0095469680663,0,26,26,26,11,-27.4373908435652
01-Aug-2026 00:34:24,-139.959947014686,-32.5268572813512,0,26,26,26,10,-27.4440442532513
01-Aug-2026 00:34:26,-139.791933875192,-32.358844141857,0,26,26,26,9,-27.5487201725309
01-Aug-2026 00:34:28,-139.340252025445,-31.9071622921097,0,26,26,26,9,-27.5724551315558
01-Aug-2026 00:34:30,-139.119824476452,-31.686734743117,0,25,25,25,9,-26.6124665070443
01-Aug-2026 00:34:32,-138.964938338754,-31.531848605419,0,25,25,25,9,-31.531848605419
01-Aug-2026 00:34:34,-138.510227952375,-31.0771382190397,0,25,25,25,9,-31.0771382190397
01-Aug-2026 00:34:36,-147.361703910245,-39.9286141769095,0,24,24,24,9,-39.9286141769095
01-Aug-2026 00:34:38,-148.501502301609,-41.068412568274,0,24,24,24,8,-41.068412568274
01-Aug-2026 00:34:40,-148.821165793098,-41.3880760597625,0,24,24,24,9,-41.3880760597625
01-Aug-2026 00:34:42,-140.672993850097,-33.2399041167615,0,24,24,24,10,-33.2399041167615
01-Aug-2026 00:34:44,-148.231153027099,-40.7980632937636,0,24,24,24,9,-40.7980632937636
01-Aug-2026 00:34:46,-147.0669017467,-39.6338120133653,0,25,25,25,10,-39.6338120133653
01-Aug-2026 00:34:48,-154.330285309729,-46.8971955763942,0,25,25,25,10,-46.8971955763942
01-Aug-2026 00:34:50,-155.768318368122,-48.3352286347872,0,25,25,25,10,-38.803215835268
01-Aug-2026 00:34:52,-149.617929310039,-42.1848395767038,0,25,25,25,12,-37.3641090837691
01-Aug-2026 00:34:54,-148.879925991088,-41.4468362577528,0,25,25,25,12,-36.9522692536712
01-Aug-2026 00:34:56,-139.890029741187,-32.456940007852,0,25,25,25,12,-31.6514465582997
01-Aug-2026 00:34:58,-139.38987890593,-31.956789172595,0,25,25,25,12,-31.2000152197861
01-Aug-2026 00:35:00,-137.983341038987,-30.5502513056522,0,25,25,25,12,-29.9665593793113
01-Aug-2026 00:35:02,-142.548099810572,-35.1150100772364,0,25,25,25,12,-33.6970469192376
01-Aug-2026 00:35:04,-141.673911068462,-34.2408213351268,0,25,25,25,11,-32.9834942885358
01-Aug-2026 00:35:06,-141.399561657215,-33.9664719238801,0,25,25,25,11,-32.698615560118
01-Aug-2026 00:35:08,-141.30107562988,-33.867985896545,0,25,25,25,10,-32.6447274354513
01-Aug-2026 00:35:10,-139.425684433637,-31.9925947003017,0,26,26,26,11,-31.1153089980584
01-Aug-2026 00:35:12,-139.391518426772,-31.9584286934367,0,26,26,26,11,-31.0175169075963
01-Aug-2026 00:35:14,-139.263122891254,-31.8300331579184,0,26,26,26,12,-30.8526320414879
01-Aug-2026 00:35:16,-139.534290611076,-32.101200877741,0,26,26,26,12,-31.0883976661324
01-Aug-2026 00:35:18,-141.826647531159,-34.3935577978239,0,26,26,26,11,-32.7612420527101
01-Aug-2026 00:35:20,-142.596147845902,-35.1630581125669,0,26,26,26,11,-33.3261957784659
01-Aug-2026 00:35:22,-142.484020811735,-35.0509310784,0,27,27,27,12,-33.1178796807355
01-Aug-2026 00:35:24,-142.563211126814,-35.1301213934789,0,27,27,27,12,-35.1301213934789
01-Aug-2026 00:35:26,-142.470278029503,-35.0371882961676,0,27,27,27,12,-35.0371882961676
01-Aug-2026 00:35:28,-141.989193071293,-34.5561033379577,0,27,27,27,10,-34.5561033379577
01-Aug-2026 00:35:30,-134.926254923567,-27.4931651902318,0,27,27,27,11,-27.4931651902318
01-Aug-2026 00:35:32,-134.232198489664,-26.7991087563288,0,27,27,27,12,-26.7991087563288
01-Aug-2026 00:35:34,-134.131466797253,-26.6983770639178,0,28,28,28,14,-26.6983770639178
01-Aug-2026 00:35:36,-133.935646417075,-26.50255668374,0,27,27,27,13,-26.50255668374
01-Aug-2026 00:35:38,-133.100961038831,-25.667871305496,0,27,27,27,13,-25.667871305496
01-Aug-2026 00:35:40,-132.193507563688,-24.7604178303526,0,27,27,27,13,-24.7604178303526
01-Aug-2026 00:35:42,-132.060758953268,-24.6276692199324,0,27,27,27,14,-24.6276692199324
01-Aug-2026 00:35:44,-131.392092661064,-23.9590029277293,0,27,27,27,15,-23.9590029277293
01-Aug-2026 00:35:46,-131.401934279057,-23.9688445457214,0,27,27,27,13,-23.9688445457214
01-Aug-2026 00:35:48,-131.143016055894,-23.7099263225587,0,27,27,27,14,-23.7099263225587
01-Aug-2026 00:35:50,-131.265858988827,-23.8327692554922,0,28,28,28,15,-23.8327692554922
01-Aug-2026 00:35:52,-131.471745447873,-24.0386557145376,0,28,28,28,14,-24.0386557145376
01-Aug-2026 00:35:54,-131.502579595115,-24.0694898617794,0,27,27,27,13,-24.0694898617794
01-Aug-2026 00:35:56,-131.185886533816,-23.7527968004811,0,27,27,27,14,-23.7527968004811
01-Aug-2026 00:35:58,-131.428265846361,-23.9951761130259,0,27,27,27,15,-23.9951761130259
01-Aug-2026 00:36:00,-131.75526060029,-24.3221708669548,0,28,28,28,17,-24.3221708669548
01-Aug-2026 00:36:02,-131.484347682563,-24.0512579492276,0,28,28,28,16,-24.0512579492276
01-Aug-2026 00:36:04,-138.640329113087,-31.2072393797515,0,28,28,28,14,-31.2072393797515
01-Aug-2026 00:36:06,-138.602085140609,-31.1689954072735,0,28,28,28,13,-31.1689954072735
01-Aug-2026 00:36:08,-138.302824941492,-30.8697352081564,0,28,28,28,12,-30.8697352081564
01-Aug-2026 00:36:10,-138.054841717276,-30.6217519839413,0,26,26,26,13,-30.6217519839413
01-Aug-2026 00:36:12,-137.965483443106,-30.5323937097707,0,26,26,26,11,-30.5323937097707
01-Aug-2026 00:36:14,-136.889738756488,-29.4566490231528,0,26,26,26,14,-29.4566490231528
01-Aug-2026 00:36:16,-137.455195325575,-30.0221055922397,0,25,25,25,12,-30.0221055922397
01-Aug-2026 00:36:18,-137.662249921517,-30.2291601881816,0,25,25,25,12,-30.2291601881816
01-Aug-2026 00:36:20,-138.695847890256,-31.2627581569213,0,25,25,25,12,-31.2627581569213
01-Aug-2026 00:36:22,-139.072781348626,-31.6396916152905,0,25,25,25,11,-31.6396916152905
01-Aug-2026 00:36:24,-138.415055731186,-30.981965997851,0,25,25,25,11,-30.4758476517028
01-Aug-2026 00:36:26,-137.651606640623,-30.218516907288,0,25,25,25,9,-30.218516907288
01-Aug-2026 00:36:28,-137.788282914511,-30.3551931811762,0,25,25,25,10,-30.3551931811762
01-Aug-2026 00:36:30,-137.940832735493,-30.5077430021581,0,25,25,25,9,-30.5077430021581
01-Aug-2026 00:36:32,-137.351031486683,-29.9179417533481,0,25,25,25,7,-29.9179417533481
01-Aug-2026 00:36:34,-137.380572945704,-29.9474832123688,0,25,25,25,7,-29.9474832123688
01-Aug-2026 00:36:36,-136.319643156228,-28.8865534228926,0,25,25,25,8,-28.8865534228926
01-Aug-2026 00:36:38,-136.185811801638,-28.7527220683027,0,25,25,25,8,-28.7527220683027
01-Aug-2026 00:36:40,-136.01669606838,-28.5836063350444,0,25,25,25,7,-28.5836063350444
01-Aug-2026 00:36:42,-135.608423590444,-28.1753338571089,0,25,25,25,6,-28.1753338571089
01-Aug-2026 00:36:44,-151.075465618872,-43.6423758855367,0,25,25,25,5,-43.6423758855367
01-Aug-2026 00:36:46,-150.951448554122,-43.5183588207865,0,25,25,25,6,-43.5183588207865
01-Aug-2026 00:36:48,-151.334701717266,-43.9016119839304,0,26,26,26,7,-43.9016119839304
01-Aug-2026 00:36:50,-150.803823849895,-43.3707341165597,0,26,26,26,8,-43.3707341165597
01-Aug-2026 00:36:52,-146.168519541431,-38.7354298080959,0,26,26,26,11,-38.7354298080959
01-Aug-2026 00:36:54,-146.422310945473,-38.9892212121383,0,26,26,26,12,-38.9892212121383
01-Aug-2026 00:36:56,-146.666988470977,-39.2338987376423,0,26,26,26,12,-39.2338987376423
01-Aug-2026 00:36:58,-146.944780054543,-39.5116903212075,0,26,26,26,11,-39.5116903212075
01-Aug-2026 00:37:00,-146.945890233473,-39.5128005001383,0,26,26,26,10,-39.5128005001383
01-Aug-2026 00:37:02,-146.599269556901,-39.1661798235653,0,26,26,26,12,-39.1661798235653
01-Aug-2026 00:37:04,-146.824535730392,-39.3914459970567,0,26,26,26,10,-39.3914459970567
01-Aug-2026 00:37:06,-146.427227945061,-38.994138211726,0,26,26,26,12,-33.6163657798797
01-Aug-2026 00:37:08,-145.968338208107,-38.5352484747714,0,27,27,27,13,-34.2941247666828
01-Aug-2026 00:37:10,-148.427214029098,-40.9941242957632,0,27,27,27,14,-35.8011960651727
01-Aug-2026 00:37:12,-148.285438998877,-40.8523492655419,0,27,27,27,12,-36.2311640863194
01-Aug-2026 00:37:14,-147.913733180977,-40.4806434476422,0,28,28,28,14,-36.3273848214943
01-Aug-2026 00:37:16,-147.16682269464,-39.7337329613053,0,28,28,28,13,-36.3183868848908
01-Aug-2026 00:37:18,-143.285373583705,-35.8522838503695,0,28,28,28,12,-34.3796233073249
01-Aug-2026 00:37:20,-143.242271733016,-35.809181999681,0,28,28,28,10,-34.6186629340244
01-Aug-2026 00:37:22,-141.767245756815,-34.33415602348,0,27,27,27,11,-34.33415602348
01-Aug-2026 00:37:24,-141.69789464406,-34.2648049107245,0,27,27,27,12,-34.2648049107245
01-Aug-2026 00:37:26,-141.608127465031,-34.1750377316953,0,27,27,27,13,-34.1750377316953
01-Aug-2026 00:37:28,-141.520101735227,-34.0870120018916,0,27,27,27,12,-34.0870120018916
01-Aug-2026 00:37:30,-141.422026613076,-33.9889368797408,0,27,27,27,13,-33.9889368797408
01-Aug-2026 00:37:32,-141.900176812483,-34.4670870791478,0,28,28,28,12,-34.4670870791478
01-Aug-2026 00:37:34,-141.582735451815,-34.1496457184799,0,29,29,29,12,-34.1496457184799
01-Aug-2026 00:37:36,-140.708462740543,-33.2753730072079,0,29,29,29,12,-33.2753730072079
01-Aug-2026 00:37:38,-138.290429639468,-30.8573399061333,0,29,29,29,14,-30.8573399061333
01-Aug-2026 00:37:40,-140.131315910756,-32.698226177421,0,29,29,29,14,-32.698226177421
01-Aug-2026 00:37:42,-139.345398017134,-31.9123082837986,0,29,29,29,15,-31.9123082837986
01-Aug-2026 00:37:44,-139.359746349196,-31.926656615861,0,29,29,29,13,-31.926656615861
01-Aug-2026 00:37:46,-138.967691837924,-31.5346021045887,0,29,29,29,15,-31.5346021045887
01-Aug-2026 00:37:48,-139.436368359534,-32.0032786261992,0,29,29,29,15,-32.0032786261992
01-Aug-2026 00:37:50,-138.909889002962,-31.4767992696268,0,28,28,28,15,-31.4767992696268
01-Aug-2026 00:37:52,-139.674760962705,-32.2416712293696,0,28,28,28,13,-32.2416712293696
01-Aug-2026 00:37:54,-141.56948365952,-34.1363939261848,0,28,28,28,12,-34.1363939261848
01-Aug-2026 00:37:56,-141.442495593449,-34.0094058601135,0,28,28,28,13,-34.0094058601135
01-Aug-2026 00:37:58,-141.722213610845,-34.2891238775103,0,28,28,28,11,-34.2891238775103
01-Aug-2026 00:38:00,-141.317778893684,-33.8846891603488,0,28,28,28,11,-33.8846891603488
01-Aug-2026 00:38:02,-141.85475399528,-34.4216642619444,0,28,28,28,10,-34.4216642619444
01-Aug-2026 00:38:04,-141.895376962298,-34.4622872289625,0,28,28,28,10,-34.4622872289625
01-Aug-2026 00:38:06,-141.943646766186,-34.5105570328511,0,27,27,27,10,-34.5105570328511
01-Aug-2026 00:38:08,-141.761963225805,-34.3288734924699,0,27,27,27,11,-34.3288734924699
01-Aug-2026 00:38:10,-149.334655796284,-41.9015660629487,0,26,26,26,9,-41.9015660629487
01-Aug-2026 00:38:12,-146.076559797739,-38.6434700644043,0,25,25,25,10,-38.6434700644043
01-Aug-2026 00:38:14,-145.508013088604,-38.0749233552692,0,25,25,25,11,-38.0749233552692
01-Aug-2026 00:38:16,-145.709620650317,-38.2765309169821,0,25,25,25,14,-36.4203728339928
01-Aug-2026 00:38:18,-141.072928842744,-33.6398391094092,0,25,25,25,15,-32.9553463596895
01-Aug-2026 00:38:20,-140.844430648568,-33.4113409152329,0,25,25,25,15,-32.7343196900369
01-Aug-2026 00:38:22,-140.914360920762,-33.4812711874267,0,25,25,25,15,-31.4533451535485
01-Aug-2026 00:38:24,-140.831933545031,-33.3988438116961,0,26,26,26,16,-31.4078995754417
01-Aug-2026 00:38:26,-141.20092759764,-33.7678378643045,0,26,26,26,16,-31.7648611554726
01-Aug-2026 00:38:28,-140.775882305246,-33.3427925719111,0,26,26,26,17,-31.4321124422517
01-Aug-2026 00:38:30,-139.424040333931,-31.990950600596,0,25,25,25,17,-30.4203095096979
01-Aug-2026 00:38:32,-139.793945237245,-32.3608555039094,0,25,25,25,17,-30.68485253806
01-Aug-2026 00:38:34,-141.222179312581,-33.7890895792461,0,25,25,25,16,-32.3195378865175
01-Aug-2026 00:38:36,-141.781327183139,-34.3482374498034,0,25,25,25,16,-32.7247295742389
01-Aug-2026 00:38:38,-142.248287890957,-34.815198157622,0,25,25,25,14,-32.922013821497
01-Aug-2026 00:38:40,-143.515624810145,-36.0825350768095,0,25,25,25,13,-33.6702070721353
01-Aug-2026 00:38:42,-142.931597777516,-35.4985080441808,0,25,25,25,14,-33.3054915900179
01-Aug-2026 00:38:44,-147.51387548079,-40.080785747455,0,25,25,25,12,-35.3271358672227
01-Aug-2026 00:38:46,-138.938838683512,-31.5057489501773,0,25,25,25,14,-30.5541350115286
01-Aug-2026 00:38:48,-139.077381758268,-31.6442920249329,0,25,25,25,12,-30.7494620783178
01-Aug-2026 00:38:50,-147.445484553579,-40.0123948202443,0,25,25,25,11,-35.9137753258692
01-Aug-2026 00:38:52,-146.685864764939,-39.2527750316034,0,25,25,25,12,-35.5002969241682
01-Aug-2026 00:38:54,-147.111901586694,-39.6788118533585,0,25,25,25,12,-36.0071964083492
01-Aug-2026 00:38:56,-146.951971804163,-39.5188820708274,0,25,25,25,12,-35.6653734207185
01-Aug-2026 00:38:58,-149.219726230827,-41.7866364974915,0,25,25,25,10,-41.7866364974915
01-Aug-2026 00:39:00,-149.463907110884,-42.0308173775488,0,25,25,25,12,-42.0308173775488
01-Aug-2026 00:39:02,-149.17401458178,-41.7409248484453,0,25,25,25,12,-41.7409248484453
01-Aug-2026 00:39:04,-148.988137201938,-41.5550474686028,0,25,25,25,12,-41.5550474686028
01-Aug-2026 00:39:06,-149.210379963825,-41.7772902304902,0,25,25,25,12,-41.7772902304902
01-Aug-2026 00:39:08,-148.762986267989,-41.3298965346537,0,25,25,25,12,-41.3298965346537
01-Aug-2026 00:39:10,-149.129160508774,-41.6960707754393,0,27,27,27,12,-41.6960707754393
01-Aug-2026 00:39:12,-148.979114763673,-41.5460250303379,0,27,27,27,13,-41.5460250303379
01-Aug-2026 00:39:14,-162.226471769988,-54.7933820366526,0,27,27,27,11,-54.7933820366526
01-Aug-2026 00:39:16,-161.769545933228,-54.3364561998926,0,27,27,27,12,-54.3364561998926
01-Aug-2026 00:39:18,-162.108049370532,-54.6749596371967,0,27,27,27,13,-54.6749596371967
01-Aug-2026 00:39:20,-141.789767872766,-34.356678139431,0,27,27,27,14,-34.356678139431
01-Aug-2026 00:39:22,-141.723772128356,-34.2906823950204,0,27,27,27,14,-34.2906823950204
01-Aug-2026 00:39:24,-141.674975330423,-34.2418855970877,0,27,27,27,13,-34.2418855970877
01-Aug-2026 00:39:26,-160.386587237399,-52.953497504064,0,27,27,27,13,-52.953497504064
01-Aug-2026 00:39:28,-145.874645280935,-38.4415555475993,0,27,27,27,15,-38.4415555475993
01-Aug-2026 00:39:30,-145.997724692428,-38.5646349590928,0,27,27,27,15,-38.5646349590928
01-Aug-2026 00:39:32,-140.632980807667,-33.1998910743318,0,27,27,27,17,-33.1998910743318
01-Aug-2026 00:39:34,-142.414523272014,-34.9814335386793,0,27,27,27,14,-34.9814335386793
01-Aug-2026 00:39:36,-162.160871562843,-54.7277818295074,0,27,27,27,13,-54.7277818295074
01-Aug-2026 00:39:38,-162.075369961816,-54.6422802284812,0,27,27,27,14,-54.6422802284812
01-Aug-2026 00:39:40,-163.963180205731,-56.5300904723961,0,27,27,27,12,-56.5300904723961
01-Aug-2026 00:39:42,-159.398701523341,-51.965611790006,0,28,28,28,12,-51.965611790006
01-Aug-2026 00:39:44,-159.432966597889,-51.9998768645538,0,28,28,28,12,-51.9998768645538
01-Aug-2026 00:39:46,-159.276336938417,-51.8432472050815,0,28,28,28,11,-51.8432472050815
01-Aug-2026 00:39:48,-157.85917706035,-50.4260873270149,0,28,28,28,12,-50.4260873270149
01-Aug-2026 00:39:50,-158.288183491869,-50.8550937585335,0,28,28,28,11,-50.8550937585335
01-Aug-2026 00:39:52,-158.207441321609,-50.7743515882741,0,28,28,28,11,-50.7743515882741
01-Aug-2026 00:39:54,-158.213345882174,-50.7802561488388,0,28,28,28,10,-50.7802561488388
01-Aug-2026 00:39:56,-158.456196219847,-51.0231064865117,0,28,28,28,10,-51.0231064865117
01-Aug-2026 00:39:58,-158.405421123478,-50.972331390143,0,27,27,27,10,-50.972331390143
01-Aug-2026 00:40:00,-158.716602310897,-51.2835125775617,0,27,27,27,10,-51.2835125775617
01-Aug-2026 00:40:02,-160.321949061657,-52.888859328322,0,26,26,26,9,-52.888859328322
01-Aug-2026 00:40:04,-160.927376043792,-53.4942863104568,0,26,26,26,8,-53.4942863104568
01-Aug-2026 00:40:06,-146.745025924222,-39.311936190887,0,26,26,26,12,-39.311936190887
01-Aug-2026 00:40:08,-146.895427814635,-39.4623380812994,0,26,26,26,12,-39.4623380812994
01-Aug-2026 00:40:10,-145.469786590755,-38.0366968574199,0,26,26,26,11,-38.0366968574199
01-Aug-2026 00:40:12,-145.737319617575,-38.3042298842395,0,26,26,26,11,-38.3042298842395
01-Aug-2026 00:40:14,-146.115785545728,-38.6826958123932,0,26,26,26,12,-38.6826958123932
01-Aug-2026 00:40:16,-140.837663041448,-33.4045733081125,0,26,26,26,12,-33.4045733081125
01-Aug-2026 00:40:18,-141.403434575912,-33.9703448425768,0,25,25,25,11,-33.9703448425768
01-Aug-2026 00:40:20,-141.345475942748,-33.9123862094126,0,25,25,25,12,-33.9123862094126
01-Aug-2026 00:40:22,-140.999338797338,-33.5662490640025,0,25,25,25,11,-33.5662490640025
01-Aug-2026 00:40:24,-141.785756079469,-34.3526663461341,0,25,25,25,10,-34.3526663461341
01-Aug-2026 00:40:26,-142.103819260893,-34.6707295275579,0,25,25,25,11,-34.6707295275579
01-Aug-2026 00:40:28,-137.856769552938,-30.4236798196026,0,25,25,25,11,-30.4236798196026
01-Aug-2026 00:40:30,-137.673295910316,-30.2402061769804,0,25,25,25,11,-30.2402061769804
01-Aug-2026 00:40:32,-136.732654365571,-29.2995646322358,0,25,25,25,14,-29.2995646322358
01-Aug-2026 00:40:34,-133.884996921715,-26.4519071883799,0,25,25,25,14,-26.4519071883799
01-Aug-2026 00:40:36,-134.912012861388,-27.4789231280532,0,25,25,25,14,-27.4789231280532
01-Aug-2026 00:40:38,-134.964450126127,-27.5313603927921,0,25,25,25,13,-27.5313603927921
01-Aug-2026 00:40:40,-134.946520633159,-27.5134308998238,0,26,26,26,11,-27.5134308998238
01-Aug-2026 00:40:42,-135.797351439764,-28.3642617064292,0,26,26,26,11,-28.3642617064292
01-Aug-2026 00:40:44,-142.533386266543,-35.1002965332079,0,26,26,26,11,-35.1002965332079
01-Aug-2026 00:40:46,-142.170103745841,-34.7370140125053,0,26,26,26,12,-34.7370140125053
01-Aug-2026 00:40:48,-141.87892315728,-34.4458334239449,0,26,26,26,12,-34.4458334239449
01-Aug-2026 00:40:50,-141.987675398543,-34.5545856652077,0,26,26,26,11,-34.5545856652077
01-Aug-2026 00:40:52,-141.12459733439,-33.6915076010553,0,26,26,26,13,-33.6915076010553
01-Aug-2026 00:40:54,-141.137227129397,-33.7041373960614,0,26,26,26,12,-33.7041373960614
01-Aug-2026 00:40:56,-141.445993534212,-34.0129038008768,0,27,27,27,14,-34.0129038008768
01-Aug-2026 00:40:58,-141.054861169767,-33.6217714364316,0,27,27,27,13,-33.6217714364316
01-Aug-2026 00:41:00,-140.88293464902,-33.4498449156852,0,27,27,27,12,-33.4498449156852
01-Aug-2026 00:41:02,-141.517841974239,-34.0847522409037,0,27,27,27,10,-34.0847522409037
01-Aug-2026 00:41:04,-141.400233908566,-33.9671441752312,0,27,27,27,14,-33.9671441752312
01-Aug-2026 00:41:06,-141.618126718894,-34.1850369855586,0,27,27,27,15,-34.1850369855586
01-Aug-2026 00:41:08,-141.433334948923,-34.0002452155874,0,27,27,27,15,-34.0002452155874
01-Aug-2026 00:41:10,-141.305945795144,-33.8728560618088,0,27,27,27,15,-33.8728560618088
01-Aug-2026 00:41:12,-141.134496381867,-33.7014066485321,0,27,27,27,15,-33.7014066485321
01-Aug-2026 00:41:14,-141.181787836404,-33.7486981030683,0,27,27,27,15,-33.7486981030683
01-Aug-2026 00:41:16,-141.233155210064,-33.800065476729,0,27,27,27,15,-33.800065476729
01-Aug-2026 00:41:18,-140.593785428105,-33.1606956947693,0,27,27,27,15,-33.1606956947693
01-Aug-2026 00:41:20,-142.593051926355,-35.1599621930194,0,28,28,28,16,-35.1599621930194
01-Aug-2026 00:41:22,-142.422331260341,-34.9892415270057,0,28,28,28,16,-34.9892415270057
01-Aug-2026 00:41:24,-137.375885040768,-29.942795307433,0,29,29,29,17,-29.942795307433
01-Aug-2026 00:41:26,-136.329236958092,-28.8961472247568,0,29,29,29,18,-28.8961472247568
01-Aug-2026 00:41:28,-136.344598189166,-28.9115084558305,0,29,29,29,16,-28.9115084558305
01-Aug-2026 00:41:30,-136.311902600753,-28.8788128674183,0,29,29,29,13,-28.8788128674183
01-Aug-2026 00:41:32,-136.740571384783,-29.3074816514475,0,29,29,29,14,-29.3074816514475
01-Aug-2026 00:41:34,-139.19710411977,-31.7640143864346,0,29,29,29,15,-31.7640143864346
01-Aug-2026 00:41:36,-139.461905929581,-32.0288161962455,0,28,28,28,15,-32.0288161962455
01-Aug-2026 00:41:38,-139.542767216643,-32.109677483308,0,29,29,29,16,-32.109677483308
01-Aug-2026 00:41:40,-139.451405867926,-32.0183161345905,0,28,28,28,15,-32.0183161345905
01-Aug-2026 00:41:42,-140.28934572389,-32.8562559905553,0,28,28,28,15,-32.8562559905553
01-Aug-2026 00:41:44,-140.136881273294,-32.7037915399586,0,28,28,28,13,-32.7037915399586
01-Aug-2026 00:41:46,-139.961397329199,-32.5283075958639,0,28,28,28,13,-32.5283075958639
01-Aug-2026 00:41:48,-139.367503368763,-31.9344136354274,0,28,28,28,15,-31.9344136354274
01-Aug-2026 00:41:50,-139.451651196235,-32.0185614628995,0,28,28,28,16,-32.0185614628995
01-Aug-2026 00:41:52,-140.663424751782,-33.2303350184465,0,28,28,28,15,-33.2303350184465
01-Aug-2026 00:41:54,-140.765227155557,-33.332137422222,0,26,26,26,14,-33.332137422222
01-Aug-2026 00:41:56,-140.473122517892,-33.0400327845573,0,26,26,26,13,-33.0400327845573
01-Aug-2026 00:41:58,-140.154877795098,-32.7217880617627,0,26,26,26,13,-32.7217880617627
01-Aug-2026 00:42:00,-140.50459625318,-33.0715065198451,0,26,26,26,12,-33.0715065198451
01-Aug-2026 00:42:02,-140.638022601817,-33.2049328684816,0,26,26,26,12,-33.2049328684816
01-Aug-2026 00:42:04,-141.023168447952,-33.5900787146164,0,26,26,26,12,-33.5900787146164
01-Aug-2026 00:42:06,-141.355063538754,-33.9219738054187,0,26,26,26,10,-33.9219738054187
01-Aug-2026 00:42:08,-141.436178232139,-34.0030884988037,0,26,26,26,10,-34.0030884988037
01-Aug-2026 00:42:10,-140.602315604811,-33.169225871476,0,26,26,26,12,-33.169225871476
01-Aug-2026 00:42:12,-140.822095893876,-33.3890061605406,0,26,26,26,11,-33.3890061605406
01-Aug-2026 00:42:14,-140.902725565082,-33.4696358317471,0,26,26,26,12,-33.4696358317471
01-Aug-2026 00:42:16,-138.385107289783,-30.952017556448,0,26,26,26,12,-30.952017556448
01-Aug-2026 00:42:18,-133.188163500687,-25.7550737673519,0,26,26,26,14,-25.7550737673519
01-Aug-2026 00:42:20,-133.109777641676,-25.6766879083403,0,26,26,26,13,-25.6766879083403
01-Aug-2026 00:42:22,-133.031031827816,-25.5979420944806,0,25,25,25,13,-25.5979420944806
01-Aug-2026 00:42:24,-132.830922580273,-25.3978328469382,0,25,25,25,12,-25.3978328469382
01-Aug-2026 00:42:26,-137.369964564149,-29.9368748308143,0,25,25,25,11,-29.9368748308143
01-Aug-2026 00:42:28,-137.129045335018,-29.695955601683,0,25,25,25,11,-29.695955601683
01-Aug-2026 00:42:30,-136.921485999886,-29.4883962665511,0,25,25,25,11,-29.4883962665511
01-Aug-2026 00:42:32,-136.57112945469,-29.1380397213545,0,25,25,25,12,-29.1380397213545
01-Aug-2026 00:42:34,-136.542329241365,-29.1092395080296,0,25,25,25,13,-29.1092395080296
01-Aug-2026 00:42:36,-136.721287521282,-29.2881977879472,0,25,25,25,13,-29.2881977879472
01-Aug-2026 00:42:38,-138.970242800166,-31.5371530668312,0,25,25,25,14,-31.5371530668312
01-Aug-2026 00:42:40,-138.619750236305,-31.1866605029696,0,25,25,25,15,-31.1866605029696
01-Aug-2026 00:42:42,-138.7049224908,-31.2718327574644,0,25,25,25,15,-31.2718327574644
01-Aug-2026 00:42:44,-138.749630173439,-31.3165404401042,0,25,25,25,14,-31.3165404401042
01-Aug-2026 00:42:46,-138.305291133584,-30.8722014002485,0,25,25,25,15,-30.8722014002485
01-Aug-2026 00:42:48,-137.933856925631,-30.5007671922957,0,25,25,25,17,-30.5007671922957
01-Aug-2026 00:42:50,-137.100510940338,-29.6674212070027,0,25,25,25,17,-29.6674212070027
01-Aug-2026 00:42:52,-135.455190628377,-28.0221008950422,0,25,25,25,17,-28.0221008950422
01-Aug-2026 00:42:54,-134.964725809119,-27.5316360757841,0,25,25,25,16,-27.5316360757841
01-Aug-2026 00:42:56,-134.526482662726,-27.0933929293904,0,25,25,25,17,-27.0933929293904
01-Aug-2026 00:42:58,-134.945964400049,-27.5128746667134,0,25,25,25,17,-27.5128746667134
01-Aug-2026 00:43:00,-134.204366860683,-26.771277127348,0,26,26,26,17,-26.771277127348
01-Aug-2026 00:43:02,-133.888490678856,-26.4554009455205,0,26,26,26,17,-26.4554009455205
01-Aug-2026 00:43:04,-132.585504469528,-25.1524147361931,0,26,26,26,17,-25.1524147361931
01-Aug-2026 00:43:06,-137.24416418066,-29.8110744473249,0,26,26,26,17,-24.7447733328924
01-Aug-2026 00:43:08,-136.691152291446,-29.2580625581107,0,26,26,26,18,-25.9197042580384
01-Aug-2026 00:43:10,-137.239354060198,-29.8062643268632,0,25,25,25,17,-26.1959225734433
01-Aug-2026 00:43:12,-137.621283942496,-30.1881942091611,0,26,26,26,15,-30.1881942091611
01-Aug-2026 00:43:14,-136.913900695812,-29.4808109624767,0,26,26,26,14,-29.4808109624767
01-Aug-2026 00:43:16,-136.59133688902,-29.1582471556848,0,27,27,27,15,-29.1582471556848
01-Aug-2026 00:43:18,-136.81053493812,-29.3774452047848,0,27,27,27,14,-29.3774452047848
01-Aug-2026 00:43:20,-146.810687393777,-39.3775976604421,0,27,27,27,14,-27.8904504864103
01-Aug-2026 00:43:22,-146.10266372936,-38.6695739960253,0,27,27,27,15,-27.2711766147867
01-Aug-2026 00:43:24,-145.748306660614,-38.315216927279,0,27,27,27,13,-26.6767596453991
01-Aug-2026 00:43:26,-145.8714553029,-38.4383655695651,0,27,27,27,12,-25.834642082676
01-Aug-2026 00:43:28,-146.245934859541,-38.8128451262062,0,27,27,27,11,-25.6492438315851
01-Aug-2026 00:43:30,-149.549117801501,-42.1160280681662,0,27,27,27,9,-24.8294688952544
01-Aug-2026 00:43:32,-149.092454577593,-41.6593648442575,0,28,28,28,10,-24.1836856666024
01-Aug-2026 00:43:34,-149.738850677451,-42.3057609441155,0,29,29,29,10,-23.8573043631297
01-Aug-2026 00:43:36,-149.383245492528,-41.9501557591925,0,28,28,28,12,-22.4195967121718
01-Aug-2026 00:43:38,-149.611040072053,-42.1779503387178,0,28,28,28,11,-21.4607151317192
01-Aug-2026 00:43:40,-150.019055988622,-42.5859662552868,0,28,28,28,11,-20.7603189465555
01-Aug-2026 00:43:42,-149.754619701052,-42.3215299677173,0,28,28,28,12,-20.1543036681945
01-Aug-2026 00:43:44,-139.542398292679,-32.109308559344,0,28,28,28,12,-19.3459477894831
01-Aug-2026 00:43:46,-139.524059949126,-32.0909702157908,0,28,28,28,13,-32.0909702157908
01-Aug-2026 00:43:48,-139.236058055517,-31.802968322182,0,27,27,27,11,-31.802968322182
01-Aug-2026 00:43:50,-138.527520455163,-31.0944307218277,0,27,27,27,12,-31.0944307218277
01-Aug-2026 00:43:52,-138.093606607094,-30.6605168737591,0,27,27,27,10,-30.6605168737591
01-Aug-2026 00:43:54,-138.489982677887,-31.0568929445514,0,26,26,26,8,-31.0568929445514
01-Aug-2026 00:43:56,-138.815231523251,-31.3821417899155,0,26,26,26,8,-31.3821417899155
01-Aug-2026 00:43:58,-137.045561936657,-29.6124722033222,0,26,26,26,8,-29.6124722033222
01-Aug-2026 00:44:00,-137.156139597794,-29.723049864459,0,26,26,26,7,-29.723049864459
01-Aug-2026 00:44:02,-136.672243943169,-29.2391542098334,0,26,26,26,7,-29.2391542098334
01-Aug-2026 00:44:04,-136.928480128848,-29.4953903955125,0,26,26,26,7,-29.4953903955125
01-Aug-2026 00:44:06,-137.62194829517,-30.1888585618349,0,26,26,26,8,-30.1888585618349
01-Aug-2026 00:44:08,-124.070525764072,-16.6374360307373,0,26,26,26,11,-16.6374360307373
01-Aug-2026 00:44:10,-124.431409447349,-16.9983197140135,0,26,26,26,12,-16.9983197140135
01-Aug-2026 00:44:12,-128.260181097131,-20.8270913637957,0,26,26,26,11,-20.8270913637957
01-Aug-2026 00:44:14,-129.427762989995,-21.9946732566601,0,26,26,26,10,-21.9946732566601
01-Aug-2026 00:44:16,-130.415112175129,-22.9820224417938,0,26,26,26,10,-22.9820224417938
01-Aug-2026 00:44:18,-131.300830243121,-23.8677405097854,0,25,25,25,9,-23.8677405097854
01-Aug-2026 00:44:20,-133.015484300792,-25.5823945674569,0,25,25,25,8,-25.5823945674569
01-Aug-2026 00:44:22,-134.553057770736,-27.1199680374004,0,25,25,25,8,-27.1199680374004
01-Aug-2026 00:44:24,-135.536134281996,-28.1030445486607,0,25,25,25,9,-28.1030445486607
01-Aug-2026 00:44:26,-134.923737460269,-27.4906477269341,0,25,25,25,10,-27.4906477269341
01-Aug-2026 00:44:28,-135.573115765281,-28.1400260319457,0,25,25,25,9,-28.1400260319457
01-Aug-2026 00:44:30,-136.455859835005,-29.0227701016694,0,25,25,25,10,-29.0227701016694
01-Aug-2026 00:44:32,-136.356520151744,-28.923430418409,0,25,25,25,10,-28.923430418409
01-Aug-2026 00:44:34,-136.972713130818,-29.539623397483,0,26,26,26,11,-29.539623397483
01-Aug-2026 00:44:36,-137.977877021173,-30.5447872878382,0,26,26,26,10,-30.5447872878382
01-Aug-2026 00:44:38,-138.583370973938,-31.1502812406029,0,25,25,25,9,-31.1502812406029
01-Aug-2026 00:44:40,-139.755364011703,-32.3222742783678,0,26,26,26,10,-32.3222742783678
01-Aug-2026 00:44:42,-143.232252300146,-35.7991625668108,0,26,26,26,9,-35.7991625668108
01-Aug-2026 00:44:44,-164.853876096281,-57.4207863629454,0,26,26,26,10,-57.4207863629454
01-Aug-2026 00:44:46,-144.026101791417,-36.5930120580818,0,26,26,26,10,-36.5930120580818
01-Aug-2026 00:44:48,-144.247679614377,-36.8145898810416,0,26,26,26,11,-36.8145898810416
01-Aug-2026 00:44:50,-144.628548032308,-37.1954582989729,0,26,26,26,11,-37.1954582989729
01-Aug-2026 00:44:52,-144.162020872991,-36.7289311396555,0,27,27,27,12,-36.7289311396555
01-Aug-2026 00:44:54,-144.606646299885,-37.17355656655,0,27,27,27,11,-37.17355656655
01-Aug-2026 00:44:56,-145.317481779354,-37.8843920460191,0,27,27,27,11,-37.8843920460191
01-Aug-2026 00:44:58,-145.453307367681,-38.020217634346,0,27,27,27,13,-38.020217634346
01-Aug-2026 00:45:00,-144.899689196444,-37.4665994631091,0,27,27,27,12,-37.4665994631091
01-Aug-2026 00:45:02,-144.785512368914,-37.3524226355787,0,27,27,27,13,-37.3524226355787
01-Aug-2026 00:45:04,-144.892001745536,-37.4589120122013,0,27,27,27,13,-37.4589120122013
01-Aug-2026 00:45:06,-145.667260882171,-38.2341711488358,0,27,27,27,13,-38.2341711488358
01-Aug-2026 00:45:08,-145.552759609152,-38.1196698758172,0,27,27,27,12,-38.1196698758172
01-Aug-2026 00:45:10,-142.585095144252,-35.1520054109171,0,28,28,28,13,-35.1520054109171
01-Aug-2026 00:45:12,-140.179253793108,-32.7461640597732,0,28,28,28,16,-32.7461640597732
01-Aug-2026 00:45:14,-136.092882698965,-28.6597929656294,0,28,28,28,14,-28.6597929656294
01-Aug-2026 00:45:16,-142.546443256062,-35.1133535227273,0,29,29,29,13,-35.1133535227273
01-Aug-2026 00:45:18,-142.200477591619,-34.7673878582837,0,29,29,29,12,-34.7673878582837
01-Aug-2026 00:45:20,-141.8354085539,-34.4023188205648,0,29,29,29,12,-34.4023188205648
01-Aug-2026 00:45:22,-141.849000436548,-34.4159107032128,0,29,29,29,12,-34.4159107032128
01-Aug-2026 00:45:24,-141.165620052994,-33.7325303196584,0,29,29,29,13,-33.7325303196584
01-Aug-2026 00:45:26,-141.318222586004,-33.8851328526691,0,28,28,28,13,-33.8851328526691
01-Aug-2026 00:45:28,-143.189983767477,-35.7568940341416,0,29,29,29,13,-35.7568940341416
01-Aug-2026 00:45:30,-143.506925033398,-36.0738353000627,0,29,29,29,12,-36.0738353000627
01-Aug-2026 00:45:32,-143.673109416314,-36.2400196829791,0,28,28,28,13,-36.2400196829791
01-Aug-2026 00:45:34,-143.658670055229,-36.2255803218936,0,28,28,28,11,-36.2255803218936
01-Aug-2026 00:45:36,-143.414178944436,-35.9810892111012,0,27,27,27,12,-35.9810892111012
01-Aug-2026 00:45:38,-143.073174456903,-35.6400847235676,0,27,27,27,12,-35.6400847235676
01-Aug-2026 00:45:40,-143.32324916244,-35.8901594291046,0,28,28,28,13,-35.8901594291046
01-Aug-2026 00:45:42,-148.343892309573,-40.9108025762382,0,28,28,28,11,-40.9108025762382
01-Aug-2026 00:45:44,-148.727068468437,-41.2939787351018,0,27,27,27,8,-41.2939787351018
01-Aug-2026 00:45:46,-148.31038555157,-40.8772958182346,0,27,27,27,7,-40.8772958182346
01-Aug-2026 00:45:48,-148.350438213863,-40.9173484805282,0,27,27,27,7,-40.9173484805282
01-Aug-2026 00:45:50,-148.252431712637,-40.8193419793016,0,27,27,27,8,-40.8193419793016
01-Aug-2026 00:45:52,-145.340470544582,-37.907380811247,0,26,26,26,10,-37.907380811247
01-Aug-2026 00:45:54,-146.536317208079,-39.1032274747441,0,26,26,26,9,-39.1032274747441
01-Aug-2026 00:45:56,-147.289878631714,-39.8567888983787,0,26,26,26,9,-39.8567888983787
01-Aug-2026 00:45:58,-147.041902891262,-39.608813157927,0,26,26,26,10,-39.608813157927
01-Aug-2026 00:46:00,-148.642855608016,-41.2097658746812,0,26,26,26,11,-41.2097658746812
01-Aug-2026 00:46:02,-145.382381946955,-37.94929221362,0,26,26,26,12,-37.94929221362
01-Aug-2026 00:46:04,-146.49061522099,-39.0575254876549,0,26,26,26,10,-39.0575254876549
01-Aug-2026 00:46:06,-143.128665894179,-35.6955761608443,0,26,26,26,10,-35.6955761608443
01-Aug-2026 00:46:08,-143.515249977254,-36.0821602439187,0,26,26,26,9,-36.0821602439187
01-Aug-2026 00:46:10,-143.596878546975,-36.16378881364,0,26,26,26,10,-36.16378881364
01-Aug-2026 00:46:12,-147.393736672222,-39.960646938887,0,26,26,26,8,-39.960646938887
01-Aug-2026 00:46:14,-147.51045701858,-40.0773672852449,0,26,26,26,9,-40.0773672852449
01-Aug-2026 00:46:16,-145.585719465866,-38.1526297325307,0,25,25,25,10,-38.1526297325307
01-Aug-2026 00:46:18,-146.074152869809,-38.6410631364739,0,25,25,25,9,-38.6410631364739
01-Aug-2026 00:46:20,-145.737719329199,-38.3046295958639,0,25,25,25,10,-38.3046295958639
01-Aug-2026 00:46:22,-145.929858970406,-38.4967692370712,0,25,25,25,12,-38.4967692370712
01-Aug-2026 00:46:24,-145.90383151222,-38.4707417788851,0,25,25,25,12,-38.4707417788851
01-Aug-2026 00:46:26,-145.862461198925,-38.4293714655894,0,25,25,25,13,-38.4293714655894
01-Aug-2026 00:46:28,-144.15743301525,-36.7243432819143,0,25,25,25,12,-36.7243432819143
01-Aug-2026 00:46:30,-144.41406704028,-36.9809773069443,0,25,25,25,11,-36.9809773069443
01-Aug-2026 00:46:32,-145.726305490853,-38.2932157575176,0,25,25,25,11,-38.2932157575176
01-Aug-2026 00:46:34,-142.580033557016,-35.1469438236805,0,25,25,25,11,-35.1469438236805
01-Aug-2026 00:46:36,-142.307669018954,-34.8745792856192,0,25,25,25,13,-34.8745792856192
01-Aug-2026 00:46:38,-145.141658888846,-37.7085691555111,0,25,25,25,12,-37.7085691555111
01-Aug-2026 00:46:40,-145.338580199092,-37.9054904657571,0,25,25,25,11,-37.9054904657571
01-Aug-2026 00:46:42,-145.259911726619,-37.8268219932835,0,25,25,25,11,-37.8268219932835
01-Aug-2026 00:46:44,-145.134069164547,-37.7009794312116,0,25,25,25,11,-32.0524304769764
01-Aug-2026 00:46:46,-145.24039308327,-37.8073033499347,0,25,25,25,11,-31.9248677603588
01-Aug-2026 00:46:48,-147.72015245547,-40.2870627221347,0,26,26,26,12,-31.7851331749258
01-Aug-2026 00:46:50,-147.764574205351,-40.3314844720155,0,26,26,26,14,-31.5262416516862
01-Aug-2026 00:46:52,-147.43429280745,-40.0012030741144,0,26,26,26,15,-30.5681857020224
01-Aug-2026 00:46:54,-146.996482760931,-39.5633930275955,0,26,26,26,16,-29.8101722392246
01-Aug-2026 00:46:56,-146.726508480022,-39.2934187466873,0,26,26,26,16,-29.3403463249023
01-Aug-2026 00:46:58,-146.982678846871,-39.5495891135359,0,25,25,25,16,-28.5698848958244
01-Aug-2026 00:47:00,-149.56760879618,-42.1345190628445,0,25,25,25,14,-28.5804101108707
01-Aug-2026 00:47:02,-148.727016780141,-41.2939270468061,0,25,25,25,14,-34.5350449471094
01-Aug-2026 00:47:04,-157.725900836508,-50.2928111031729,0,25,25,25,10,-34.9568461418143
01-Aug-2026 00:47:06,-157.356916457689,-49.9238267243543,0,25,25,25,10,-34.7363470266926
01-Aug-2026 00:47:08,-167.040379838194,-59.6072901048585,0,26,26,26,9,-33.7718948879721
01-Aug-2026 00:47:10,-167.23702562965,-59.8039358963143,0,26,26,26,8,-59.8039358963143
01-Aug-2026 00:47:12,-168.782585867672,-61.3494961343368,0,26,26,26,8,-61.3494961343368
01-Aug-2026 00:47:14,-169.584259062373,-62.1511693290381,0,26,26,26,7,-62.1511693290381
01-Aug-2026 00:47:16,-169.987592943989,-62.5545032106539,0,27,27,27,6,-62.5545032106539
01-Aug-2026 00:47:18,-170.331534044091,-62.8984443107562,0,27,27,27,6,-62.8984443107562
01-Aug-2026 00:47:20,-170.608771093774,-63.1756813604388,0,28,28,28,6,-63.1756813604388
01-Aug-2026 00:47:22,-170.699049209693,-63.2659594763583,0,28,28,28,5,-63.2659594763583
01-Aug-2026 00:47:24,-155.252939613872,-47.8198498805364,0,29,29,29,6,-47.8198498805364
01-Aug-2026 00:47:26,-170.76457268794,-63.3314829546051,0,29,29,29,5,-63.3314829546051
01-Aug-2026 00:47:28,-169.516542921385,-62.0834531880496,0,28,28,28,6,-62.0834531880496
01-Aug-2026 00:47:30,-169.252211819156,-61.8191220858212,0,28,28,28,6,-61.8191220858212
01-Aug-2026 00:47:32,-163.732323549649,-56.2992338163139,0,28,28,28,6,-56.2992338163139
01-Aug-2026 00:47:34,-163.980854076455,-56.5477643431196,0,28,28,28,7,-56.5477643431196
01-Aug-2026 00:47:36,-143.071857949187,-35.6387682158519,0,27,27,27,8,-35.6387682158519
01-Aug-2026 00:47:38,-142.773110816726,-35.340021083391,0,27,27,27,7,-35.340021083391
01-Aug-2026 00:47:40,-142.430410379094,-34.9973206457584,0,27,27,27,10,-34.9973206457584
01-Aug-2026 00:47:42,-142.043776148652,-34.6106864153169,0,27,27,27,10,-34.6106864153169
01-Aug-2026 00:47:44,-140.972278519802,-33.5391887864668,0,27,27,27,10,-33.5391887864668
01-Aug-2026 00:47:46,-140.998699149577,-33.5656094162422,0,26,26,26,9,-33.5656094162422
01-Aug-2026 00:47:48,-141.248657298694,-33.8155675653587,0,26,26,26,8,-33.8155675653587
01-Aug-2026 00:47:50,-141.157694976113,-33.7246052427775,0,26,26,26,7,-33.7246052427775
01-Aug-2026 00:47:52,-141.280702945192,-33.8476132118564,0,26,26,26,7,-33.8476132118564
01-Aug-2026 00:47:54,-141.279654979164,-33.8465652458287,0,26,26,26,7,-33.8465652458287
01-Aug-2026 00:47:56,-140.952916445694,-33.5198267123592,0,26,26,26,8,-33.5198267123592
01-Aug-2026 00:47:58,-140.57156043816,-33.1384707048247,0,26,26,26,9,-33.1384707048247
01-Aug-2026 00:48:00,-140.895899320392,-33.4628095870567,0,26,26,26,10,-33.4628095870567
01-Aug-2026 00:48:02,-140.770359258131,-33.3372695247958,0,26,26,26,12,-33.3372695247958
01-Aug-2026 00:48:04,-140.179201285457,-32.7461115521219,0,26,26,26,13,-32.7461115521219
01-Aug-2026 00:48:06,-140.251831755053,-32.818742021718,0,26,26,26,14,-32.818742021718
01-Aug-2026 00:48:08,-139.396239844454,-31.9631501111188,0,26,26,26,14,-31.9631501111188
01-Aug-2026 00:48:10,-139.49143281212,-32.0583430787852,0,26,26,26,14,-32.0583430787852
01-Aug-2026 00:48:12,-139.028892707192,-31.5958029738573,0,25,25,25,15,-31.5958029738573
01-Aug-2026 00:48:14,-138.187578871615,-30.7544891382796,0,25,25,25,14,-30.7544891382796
01-Aug-2026 00:48:16,-138.960468581739,-31.5273788484039,0,24,24,24,13,-31.5273788484039
01-Aug-2026 00:48:18,-139.03953818594,-31.6064484526051,0,24,24,24,13,-27.7192959912451
01-Aug-2026 00:48:20,-139.27358091191,-31.8404911785748,0,24,24,24,12,-28.4651889619548
01-Aug-2026 00:48:22,-137.148936384435,-29.7158466510994,0,25,25,25,13,-27.5258328967682
01-Aug-2026 00:48:24,-137.251489080514,-29.8183993471785,0,25,25,25,14,-27.8245484539729
01-Aug-2026 00:48:26,-136.561221637344,-29.1281319040089,0,25,25,25,15,-27.6981520429538
01-Aug-2026 00:48:28,-136.443776076191,-29.0106863428559,0,26,26,26,14,-27.7884623986481
01-Aug-2026 00:48:30,-136.533114374709,-29.1000246413742,0,26,26,26,14,-28.1848078964859
01-Aug-2026 00:48:32,-136.631176461843,-29.1980867285075,0,26,26,26,13,-28.6254010883674
01-Aug-2026 00:48:34,-136.963161035149,-29.5300713018138,0,26,26,26,11,-28.9514320232342
01-Aug-2026 00:48:36,-139.069493481995,-31.6364037486595,0,26,26,26,11,-30.7188099817287
01-Aug-2026 00:48:38,-139.178203842068,-31.7451141087327,0,26,26,26,11,-30.6387212573269
01-Aug-2026 00:48:40,-139.568047387403,-32.1349576540674,0,26,26,26,10,-30.9815916668282
01-Aug-2026 00:48:42,-140.230038095291,-32.7969483619562,0,26,26,26,8,-32.7969483619562
01-Aug-2026 00:48:44,-140.146467519937,-32.7133777866019,0,27,27,27,8,-32.7133777866019
01-Aug-2026 00:48:46,-140.515900671259,-33.0828109379234,0,27,27,27,9,-33.0828109379234
01-Aug-2026 00:48:48,-140.680731280848,-33.2476415475132,0,27,27,27,10,-33.2476415475132
01-Aug-2026 00:48:50,-140.032223555098,-32.5991338217625,0,27,27,27,13,-32.5991338217625
01-Aug-2026 00:48:52,-141.380471909983,-33.9473821766477,0,27,27,27,13,-33.9473821766477
01-Aug-2026 00:48:54,-140.920351518781,-33.4872617854456,0,27,27,27,14,-33.4872617854456
01-Aug-2026 00:48:56,-139.330125163192,-31.8970354298569,0,27,27,27,16,-31.8970354298569
01-Aug-2026 00:48:58,-139.317208997249,-31.8841192639134,0,27,27,27,16,-31.8841192639134
01-Aug-2026 00:49:00,-136.087358883339,-28.6542691500038,0,28,28,28,16,-28.6542691500038
01-Aug-2026 00:49:02,-135.550484179878,-28.1173944465432,0,28,28,28,17,-28.1173944465432
01-Aug-2026 00:49:04,-135.640587097999,-28.2074973646638,0,28,28,28,16,-28.2074973646638
01-Aug-2026 00:49:06,-135.643287842903,-28.2101981095681,0,29,29,29,14,-28.2101981095681
01-Aug-2026 00:49:08,-135.376903967253,-27.9438142339177,0,29,29,29,14,-27.9438142339177
01-Aug-2026 00:49:10,-135.636320617991,-28.2032308846563,0,29,29,29,13,-28.2032308846563
01-Aug-2026 00:49:12,-135.562636744015,-28.1295470106803,0,29,29,29,13,-28.1295470106803
01-Aug-2026 00:49:14,-135.518652731072,-28.0855629977371,0,29,29,29,13,-28.0855629977371
01-Aug-2026 00:49:16,-136.798598398115,-29.3655086647799,0,27,27,27,13,-29.3655086647799
01-Aug-2026 00:49:18,-137.010373631862,-29.5772838985266,0,27,27,27,13,-29.5772838985266
01-Aug-2026 00:49:20,-136.087055141356,-28.6539654080206,0,29,29,29,15,-28.6539654080206
01-Aug-2026 00:49:22,-138.427325436267,-30.9942357029313,0,28,28,28,11,-30.9942357029313
01-Aug-2026 00:49:24,-139.864316091206,-32.4312263578711,0,28,28,28,11,-32.4312263578711
01-Aug-2026 00:49:26,-138.107103340504,-30.6740136071684,0,28,28,28,10,-30.6740136071684
01-Aug-2026 00:49:28,-137.600405846426,-30.1673161130909,0,28,28,28,10,-30.1673161130909
01-Aug-2026 00:49:30,-139.302177169189,-31.8690874358542,0,28,28,28,10,-31.8690874358542
01-Aug-2026 00:49:32,-139.307150272402,-31.8740605390666,0,27,27,27,10,-31.8740605390666
01-Aug-2026 00:49:34,-139.23296024121,-31.7998705078751,0,27,27,27,11,-31.7998705078751
01-Aug-2026 00:49:36,-139.25590098324,-31.8228112499044,0,27,27,27,11,-31.8228112499044
01-Aug-2026 00:49:38,-139.431934408013,-31.9988446746776,0,27,27,27,9,-31.9988446746776
01-Aug-2026 00:49:40,-139.502595550086,-32.0695058167509,0,27,27,27,11,-32.0695058167509
01-Aug-2026 00:49:42,-139.244910326798,-31.8118205934629,0,27,27,27,13,-31.8118205934629
01-Aug-2026 00:49:44,-138.188681194581,-30.7555914612456,0,26,26,26,13,-30.7555914612456
01-Aug-2026 00:49:46,-138.089247553851,-30.6561578205158,0,26,26,26,13,-30.6561578205158
01-Aug-2026 00:49:48,-137.621943289594,-30.1888535562588,0,26,26,26,13,-30.1888535562588
01-Aug-2026 00:49:50,-142.81370037799,-35.3806106446551,0,26,26,26,12,-35.3806106446551
01-Aug-2026 00:49:52,-143.000571937377,-35.5674822040418,0,26,26,26,12,-35.5674822040418
01-Aug-2026 00:49:54,-142.505104136721,-35.0720144033856,0,26,26,26,12,-35.0720144033856
01-Aug-2026 00:49:56,-142.520696685303,-35.0876069519676,0,26,26,26,12,-35.0876069519676
01-Aug-2026 00:49:58,-141.996926950332,-34.5638372169968,0,26,26,26,12,-34.5638372169968
01-Aug-2026 00:50:00,-138.266356546162,-30.8332668128264,0,26,26,26,13,-30.8332668128264
01-Aug-2026 00:50:02,-143.806068704051,-36.372978970716,0,26,26,26,12,-36.372978970716
01-Aug-2026 00:50:04,-144.034338559495,-36.6012488261603,0,26,26,26,11,-36.6012488261603
01-Aug-2026 00:50:06,-144.366595695488,-36.9335059621528,0,26,26,26,11,-36.9335059621528
01-Aug-2026 00:50:08,-145.112618186671,-37.6795284533358,0,25,25,25,11,-37.6795284533358
01-Aug-2026 00:50:10,-138.180329348566,-30.7472396152305,0,25,25,25,12,-30.7472396152305
01-Aug-2026 00:50:12,-138.135786918225,-30.7026971848897,0,25,25,25,12,-30.7026971848897
01-Aug-2026 00:50:14,-137.795198012312,-30.3621082789772,0,25,25,25,13,-30.3621082789772
01-Aug-2026 00:50:16,-134.344905181629,-26.9118154482936,0,25,25,25,13,-26.9118154482936
01-Aug-2026 00:50:18,-134.421356952788,-26.9882672194523,0,25,25,25,12,-26.9882672194523
01-Aug-2026 00:50:20,-133.502353306481,-26.0692635731457,0,25,25,25,10,-26.0692635731457
01-Aug-2026 00:50:22,-133.552134823781,-26.1190450904462,0,25,25,25,9,-26.1190450904462
01-Aug-2026 00:50:24,-137.65538685971,-30.2222971263746,0,25,25,25,10,-26.0766832926793
01-Aug-2026 00:50:26,-137.976231314323,-30.5431415809878,0,25,25,25,8,-25.7632364518194
01-Aug-2026 00:50:28,-137.864674771532,-30.4315850381967,0,25,25,25,8,-28.7678225526465
01-Aug-2026 00:50:30,-138.423212754379,-30.9901230210434,0,25,25,25,9,-28.9010029229136
01-Aug-2026 00:50:32,-138.322502613978,-30.8894128806423,0,25,25,25,9,-28.6780366339018
01-Aug-2026 00:50:34,-137.91826559035,-30.4851758570152,0,25,25,25,9,-28.3574899048134
01-Aug-2026 00:50:36,-137.734347838847,-30.301258105512,0,26,26,26,9,-30.301258105512
01-Aug-2026 00:50:38,-137.099018920934,-29.6659291875984,0,26,26,26,10,-29.6659291875984
01-Aug-2026 00:50:40,-137.235379220264,-29.8022894869285,0,26,26,26,9,-29.8022894869285
01-Aug-2026 00:50:42,-137.105262569329,-29.6721728359939,0,26,26,26,13,-29.6721728359939
01-Aug-2026 00:50:44,-137.474290122623,-30.0412003892877,0,25,25,25,12,-30.0412003892877
01-Aug-2026 00:50:46,-138.027444584446,-30.5943548511111,0,25,25,25,13,-30.5943548511111
01-Aug-2026 00:50:48,-136.366409155316,-28.9333194219809,0,25,25,25,13,-28.9333194219809
01-Aug-2026 00:50:50,-137.101096259435,-29.6680065260994,0,25,25,25,12,-29.6680065260994
01-Aug-2026 00:50:52,-137.080983181831,-29.6478934484959,0,25,25,25,15,-29.2747521286669
01-Aug-2026 00:50:54,-136.834205648316,-29.4011159149813,0,25,25,25,12,-28.956209728664
01-Aug-2026 00:50:56,-136.451165112612,-29.0180753792768,0,25,25,25,12,-28.4719944543721
01-Aug-2026 00:50:58,-136.955568290929,-29.5224785575936,0,25,25,25,13,-28.7921924073
01-Aug-2026 00:51:00,-136.93753048336,-29.5044407500248,0,26,26,26,12,-28.8264821557701
01-Aug-2026 00:51:02,-136.618391191138,-29.1853014578024,0,26,26,26,11,-25.3464352483168
01-Aug-2026 00:51:04,-136.29529497104,-28.8622052377045,0,26,26,26,12,-24.9820157151008
01-Aug-2026 00:51:06,-136.293710595018,-28.860620861683,0,26,26,26,13,-24.8639883706636
01-Aug-2026 00:51:08,-136.182512012132,-28.7494222787973,0,27,27,27,14,-24.270361385325
01-Aug-2026 00:51:10,-136.343464643154,-28.9103749098189,0,27,27,27,13,-24.3111944224231
01-Aug-2026 00:51:12,-135.91350733566,-28.4804176023247,0,27,27,27,14,-24.2590998853778
01-Aug-2026 00:51:14,-136.342311970098,-28.9092222367627,0,28,28,28,15,-23.9010586311409
01-Aug-2026 00:51:16,-136.35000601697,-28.9169162836346,0,28,28,28,16,-23.0268717537947
01-Aug-2026 00:51:18,-136.958791738521,-29.5257020051858,0,27,27,27,15,-23.2691372683915
01-Aug-2026 00:51:20,-137.055542012584,-29.6224522792484,0,27,27,27,15,-22.6700893020449
01-Aug-2026 00:51:22,-137.610467600082,-30.1773778667467,0,28,28,28,15,-22.2197536299178
01-Aug-2026 00:51:24,-151.663593564287,-44.2305038309518,0,27,27,27,13,-22.4928074029516
01-Aug-2026 00:51:26,-142.826946629414,-35.3938568960789,0,27,27,27,12,-35.3938568960789
01-Aug-2026 00:51:28,-143.529727328112,-36.0966375947765,0,27,27,27,12,-36.0966375947765
01-Aug-2026 00:51:30,-142.503813326534,-35.0707235931983,0,27,27,27,14,-35.0707235931983
01-Aug-2026 00:51:32,-142.647064063968,-35.2139743306327,0,27,27,27,15,-35.2139743306327
01-Aug-2026 00:51:34,-143.061086200112,-35.6279964667764,0,27,27,27,14,-35.6279964667764
01-Aug-2026 00:51:36,-142.773411505126,-35.3403217717909,0,26,26,26,13,-35.3403217717909
01-Aug-2026 00:51:38,-130.339732500732,-22.9066427673973,0,26,26,26,13,-22.9066427673973
01-Aug-2026 00:51:40,-130.977161803924,-23.5440720705888,0,26,26,26,13,-23.5440720705888
01-Aug-2026 00:51:42,-131.001465940475,-23.56837620714,0,26,26,26,14,-23.56837620714
01-Aug-2026 00:51:44,-130.666226270887,-23.2331365375517,0,26,26,26,14,-23.2331365375517
01-Aug-2026 00:51:46,-130.723038411595,-23.2899486782601,0,25,25,25,13,-23.2899486782601
01-Aug-2026 00:51:48,-131.351894797277,-23.9188050639422,0,25,25,25,12,-23.9188050639422
01-Aug-2026 00:51:50,-131.527857159489,-24.094767426154,0,25,25,25,13,-24.094767426154
01-Aug-2026 00:51:52,-131.809515694925,-24.3764259615902,0,25,25,25,12,-24.3764259615902
01-Aug-2026 00:51:54,-131.77254091523,-24.3394511818951,0,25,25,25,13,-24.3394511818951
01-Aug-2026 00:51:56,-131.754732989435,-24.3216432561003,0,25,25,25,13,-24.3216432561003
01-Aug-2026 00:51:58,-132.269014377094,-24.8359246437593,0,25,25,25,14,-24.8359246437593
01-Aug-2026 00:52:00,-132.516829225962,-25.0837394926264,0,25,25,25,14,-17.4854692526937
01-Aug-2026 00:52:02,-132.641357516824,-25.2082677834889,0,25,25,25,14,-17.7355202213429
01-Aug-2026 00:52:04,-132.150005935007,-24.716916201672,0,25,25,25,15,-18.1036692759385
01-Aug-2026 00:52:06,-132.651240348662,-25.2181506153267,0,26,26,26,15,-19.2049046399777
01-Aug-2026 00:52:08,-133.23865916376,-25.8055694304252,0,26,26,26,15,-24.4496194572903
01-Aug-2026 00:52:10,-133.514025405349,-26.0809356720141,0,26,26,26,15,-24.8060374104659
01-Aug-2026 00:52:12,-132.739710082449,-25.3066203491137,0,26,26,26,14,-24.4603619419058
01-Aug-2026 00:52:14,-133.051270886673,-25.6181811533383,0,25,25,25,12,-25.6181811533383
01-Aug-2026 00:52:16,-133.65592029307,-26.2228305597345,0,25,25,25,11,-26.2228305597345
01-Aug-2026 00:52:18,-133.893728689571,-26.4606389562357,0,25,25,25,10,-26.4606389562357
01-Aug-2026 00:52:20,-134.255380395854,-26.8222906625184,0,26,26,26,9,-26.8222906625184
01-Aug-2026 00:52:22,-134.268090452647,-26.8350007193117,0,26,26,26,9,-26.8350007193117
01-Aug-2026 00:52:24,-134.385594956387,-26.9525052230516,0,26,26,26,11,-26.9525052230516
01-Aug-2026 00:52:26,-134.796102053063,-27.3630123197281,0,26,26,26,13,-27.3630123197281
01-Aug-2026 00:52:28,-137.873732297284,-30.4406425639491,0,26,26,26,14,-30.4406425639491
01-Aug-2026 00:52:30,-137.998941136309,-30.5658514029743,0,26,26,26,12,-30.5658514029743
01-Aug-2026 00:52:32,-137.961312796339,-30.5282230630039,0,26,26,26,10,-30.5282230630039
01-Aug-2026 00:52:34,-137.849639085188,-30.4165493518529,0,26,26,26,10,-30.4165493518529
01-Aug-2026 00:52:36,-137.974817519752,-30.5417277864173,0,27,27,27,11,-30.5417277864173
01-Aug-2026 00:52:38,-142.989897900824,-35.5568081674884,0,27,27,27,12,-35.5568081674884
01-Aug-2026 00:52:40,-141.192158403243,-33.7590686699073,0,27,27,27,15,-33.7590686699073
01-Aug-2026 00:52:42,-141.813394531535,-34.3803047981999,0,27,27,27,16,-34.3803047981999
01-Aug-2026 00:52:44,-141.171107445523,-33.738017712188,0,27,27,27,17,-33.738017712188
01-Aug-2026 00:52:46,-141.076830725605,-33.6437409922699,0,27,27,27,18,-33.6437409922699
01-Aug-2026 00:52:48,-141.077433642392,-33.6443439090569,0,27,27,27,19,-33.6443439090569
01-Aug-2026 00:52:50,-140.915970769096,-33.4828810357604,0,28,28,28,18,-33.4828810357604
01-Aug-2026 00:52:52,-141.309544942096,-33.8764552087607,0,28,28,28,19,-33.8764552087607
01-Aug-2026 00:52:54,-142.081056432387,-34.6479666990516,0,28,28,28,18,-34.6479666990516
01-Aug-2026 00:52:56,-142.204414811875,-34.7713250785399,0,27,27,27,16,-34.7713250785399
01-Aug-2026 00:52:58,-138.964934907968,-31.5318451746328,0,28,28,28,17,-31.5318451746328
01-Aug-2026 00:53:00,-139.412192323096,-31.979102589761,0,28,28,28,17,-31.979102589761
01-Aug-2026 00:53:02,-139.399375636107,-31.9662859027721,0,29,29,29,16,-31.9662859027721
01-Aug-2026 00:53:04,-139.116249658463,-31.6831599251279,0,29,29,29,16,-31.6831599251279
01-Aug-2026 00:53:06,-138.914230886683,-31.4811411533481,0,28,28,28,15,-31.4811411533481
01-Aug-2026 00:53:08,-138.827741251688,-31.3946515183524,0,28,28,28,17,-31.3946515183524
01-Aug-2026 00:53:10,-139.013839486578,-31.5807497532431,0,29,29,29,17,-31.5807497532431
01-Aug-2026 00:53:12,-138.519950019409,-31.0868602860734,0,29,29,29,16,-31.0868602860734
01-Aug-2026 00:53:14,-138.573399658561,-31.140309925226,0,28,28,28,14,-31.140309925226
01-Aug-2026 00:53:16,-138.335064130921,-30.9019743975855,0,28,28,28,13,-30.9019743975855
01-Aug-2026 00:53:18,-138.919573932108,-31.4864841987727,0,28,28,28,13,-31.4864841987727
01-Aug-2026 00:53:20,-138.762792707583,-31.3297029742474,0,28,28,28,12,-31.3297029742474
01-Aug-2026 00:53:22,-138.893768541396,-31.4606788080606,0,27,27,27,12,-31.4606788080606
01-Aug-2026 00:53:24,-138.927053204731,-31.4939634713955,0,27,27,27,11,-31.4939634713955
01-Aug-2026 00:53:26,-138.992649587063,-31.5595598537278,0,27,27,27,11,-31.5595598537278
01-Aug-2026 00:53:28,-139.543352002863,-32.1102622695281,0,27,27,27,10,-32.1102622695281
01-Aug-2026 00:53:30,-139.612636328029,-32.179546594694,0,27,27,27,10,-32.179546594694
01-Aug-2026 00:53:32,-140.101568773502,-32.6684790401673,0,27,27,27,8,-32.6684790401673
01-Aug-2026 00:53:34,-140.047100448387,-32.6140107150519,0,26,26,26,9,-32.6140107150519
01-Aug-2026 00:53:36,-139.99264611866,-32.5595563853244,0,26,26,26,10,-32.5595563853244
01-Aug-2026 00:53:38,-139.982277524356,-32.5491877910211,0,26,26,26,11,-32.5491877910211
01-Aug-2026 00:53:40,-139.476912434717,-32.0438227013817,0,26,26,26,12,-32.0438227013817
01-Aug-2026 00:53:42,-138.967338386736,-31.5342486534013,0,26,26,26,12,-31.5342486534013
01-Aug-2026 00:53:44,-138.460263097443,-31.0271733641076,0,26,26,26,12,-31.0271733641076
01-Aug-2026 00:53:46,-138.482616856702,-31.0495271233672,0,26,26,26,10,-31.0495271233672
01-Aug-2026 00:53:48,-137.553434820227,-30.1203450868923,0,26,26,26,11,-30.1203450868923
01-Aug-2026 00:53:50,-141.055492017823,-33.6224022844879,0,26,26,26,11,-33.6224022844879
01-Aug-2026 00:53:52,-141.149871807404,-33.7167820740686,0,26,26,26,13,-33.7167820740686
01-Aug-2026 00:53:54,-143.25733133483,-35.8242416014951,0,26,26,26,12,-35.8242416014951
01-Aug-2026 00:53:56,-143.019802816072,-35.586713082737,0,26,26,26,14,-35.586713082737
01-Aug-2026 00:53:58,-143.029730569632,-35.5966408362964,0,26,26,26,14,-35.5966408362964
01-Aug-2026 00:54:00,-143.60174790183,-36.1686581684949,0,26,26,26,12,-36.1686581684949
01-Aug-2026 00:54:02,-144.033019922769,-36.5999301894341,0,25,25,25,10,-36.5999301894341
01-Aug-2026 00:54:04,-138.884778338733,-31.4516886053978,0,25,25,25,12,-31.4516886053978
01-Aug-2026 00:54:06,-138.427836250535,-30.9947465172003,0,25,25,25,12,-30.9947465172003
01-Aug-2026 00:54:08,-137.999216536576,-30.5661268032403,0,25,25,25,9,-30.5661268032403
01-Aug-2026 00:54:10,-137.00777726968,-29.5746875363449,0,25,25,25,10,-29.5746875363449
01-Aug-2026 00:54:12,-134.937152895217,-27.5040631618819,0,25,25,25,11,-27.5040631618819
01-Aug-2026 00:54:14,-131.447999934977,-24.0149102016417,0,25,25,25,11,-24.0149102016417
01-Aug-2026 00:54:16,-127.354858391789,-19.9217686584537,0,25,25,25,11,-19.9217686584537
01-Aug-2026 00:54:18,-139.129532231203,-31.6964424978675,0,25,25,25,13,-31.6964424978675
01-Aug-2026 00:54:20,-139.393188942069,-31.9600992087339,0,25,25,25,13,-31.9600992087339
01-Aug-2026 00:54:22,-139.192877073296,-31.759787339961,0,25,25,25,12,-31.759787339961
01-Aug-2026 00:54:24,-139.450001562917,-32.0169118295819,0,26,26,26,12,-32.0169118295819
01-Aug-2026 00:54:26,-139.467121142039,-32.0340314087038,0,26,26,26,11,-32.0340314087038
01-Aug-2026 00:54:28,-139.670833326328,-32.2377435929926,0,26,26,26,12,-32.2377435929926
01-Aug-2026 00:54:30,-139.678730134037,-32.2456404007013,0,26,26,26,12,-32.2456404007013
01-Aug-2026 00:54:32,-130.10594961072,-22.6728598773845,0,25,25,25,11,-22.6728598773845
01-Aug-2026 00:54:34,-134.740524301494,-27.3074345681592,0,25,25,25,11,-27.3074345681592
01-Aug-2026 00:54:36,-138.037261650037,-30.6041719167019,0,25,25,25,11,-30.6041719167019
01-Aug-2026 00:54:38,-139.922122251758,-32.4890325184228,0,25,25,25,13,-32.4890325184228
01-Aug-2026 00:54:40,-141.755591042789,-34.3225013094534,0,25,25,25,12,-34.3225013094534
01-Aug-2026 00:54:42,-142.058019101668,-34.6249293683328,0,25,25,25,13,-34.6249293683328
01-Aug-2026 00:54:44,-142.111915029715,-34.6788252963794,0,25,25,25,13,-34.6788252963794
01-Aug-2026 00:54:46,-142.195987434774,-34.7628977014386,0,25,25,25,13,-34.7628977014386
01-Aug-2026 00:54:48,-141.252609834942,-33.8195201016065,0,25,25,25,16,-33.8195201016065
01-Aug-2026 00:54:50,-141.342535295924,-33.909445562589,0,25,25,25,15,-33.909445562589
01-Aug-2026 00:54:52,-140.999339511872,-33.5662497785372,0,26,26,26,14,-33.5662497785372
01-Aug-2026 00:54:54,-141.059681411864,-33.626591678529,0,26,26,26,13,-33.626591678529
01-Aug-2026 00:54:56,-141.198755863333,-33.7656661299983,0,27,27,27,12,-33.7656661299983
01-Aug-2026 00:54:58,-155.636954460291,-48.2038647269556,0,27,27,27,10,-48.2038647269556
01-Aug-2026 00:55:00,-155.511307622798,-48.078217889463,0,27,27,27,11,-48.078217889463
01-Aug-2026 00:55:02,-155.679861443105,-48.2467717097696,0,27,27,27,12,-48.2467717097696
01-Aug-2026 00:55:04,-155.806521319023,-48.373431585688,0,27,27,27,12,-48.373431585688
01-Aug-2026 00:55:06,-158.316726446696,-50.8836367133612,0,28,28,28,12,-20.1597157943106
01-Aug-2026 00:55:08,-159.082109025189,-51.6490192918541,0,28,28,28,12,-20.9220781562733
01-Aug-2026 00:55:10,-159.396392610196,-51.9633028768612,0,27,27,27,11,-21.3320101600438
01-Aug-2026 00:55:12,-159.939629751533,-52.5065400181977,0,27,27,27,8,-21.4067973889278
01-Aug-2026 00:55:14,-159.890633974995,-52.4575442416603,0,26,26,26,5,-22.6906007311214
01-Aug-2026 00:55:16,-159.709080744338,-52.2759910110027,0,25,25,25,6,-24.4433214805616
01-Aug-2026 00:55:18,-131.483065996908,-24.0499762635729,0,25,25,25,7,-24.0499762635729
01-Aug-2026 00:55:20,-129.186870937221,-21.753781203886,0,25,25,25,7,-21.753781203886
01-Aug-2026 00:55:22,-130.763572235364,-23.3304825020289,0,25,25,25,6,-23.3304825020289
01-Aug-2026 00:55:24,-133.01000952124,-25.5769197879051,0,25,25,25,7,-23.347270234168
01-Aug-2026 00:55:26,-134.049471138578,-26.6163814052429,0,25,25,25,7,-23.820987006865
01-Aug-2026 00:55:28,-135.079194753127,-27.6461050197919,0,24,24,24,9,-24.0945693953306
01-Aug-2026 00:55:30,-136.029964281484,-28.5968745481486,0,24,24,24,10,-24.464107330374
01-Aug-2026 00:55:32,-136.028766898354,-28.5956771650185,0,25,25,25,10,-28.5956771650185
01-Aug-2026 00:55:34,-137.603996140289,-30.1709064069539,0,25,25,25,10,-30.1709064069539
01-Aug-2026 00:55:36,-138.492815625654,-31.0597258923185,0,25,25,25,10,-31.0597258923185
01-Aug-2026 00:55:38,-138.650999579362,-31.2179098460265,0,25,25,25,11,-31.2179098460265
01-Aug-2026 00:55:40,-139.24373583038,-31.8106460970453,0,25,25,25,11,-31.8106460970453
01-Aug-2026 00:55:42,-139.875597519512,-32.4425077861764,0,25,25,25,11,-28.1134631070832
01-Aug-2026 00:55:44,-142.189003652406,-34.7559139190705,0,25,25,25,12,-28.8960883616203
01-Aug-2026 00:55:46,-142.347995947045,-34.91490621371,0,25,25,25,12,-29.6063451346348
01-Aug-2026 00:55:48,-143.295730456724,-35.8626407233887,0,25,25,25,10,-30.542983847477
01-Aug-2026 00:55:50,-143.812695847222,-36.3796061138866,0,26,26,26,12,-30.8633459572382
01-Aug-2026 00:55:52,-142.165870840244,-34.7327811069092,0,26,26,26,13,-30.4512188081374
01-Aug-2026 00:55:54,-138.813783337339,-31.3806936040034,0,26,26,26,13,-28.8930466541047
01-Aug-2026 00:55:56,-138.772864090236,-31.3397743569007,0,26,26,26,13,-29.0132682465068
01-Aug-2026 00:55:58,-139.340183075502,-31.9070933421673,0,26,26,26,11,-29.604414827878
01-Aug-2026 00:56:00,-139.796978324728,-32.3638885913925,0,26,26,26,11,-30.0547527639239
01-Aug-2026 00:56:02,-144.202347506946,-36.7692577736109,0,26,26,26,9,-32.3164184434698
01-Aug-2026 00:56:04,-144.225879595287,-36.7927898619515,0,26,26,26,8,-36.7927898619515
01-Aug-2026 00:56:06,-144.740415483547,-37.3073257502118,0,26,26,26,10,-37.3073257502118
01-Aug-2026 00:56:08,-145.970693661555,-38.5376039282197,0,26,26,26,9,-38.5376039282197
01-Aug-2026 00:56:10,-145.285924554079,-37.8528348207443,0,26,26,26,10,-37.8528348207443
01-Aug-2026 00:56:12,-144.286699047989,-36.8536093146541,0,26,26,26,10,-36.8536093146541
01-Aug-2026 00:56:14,-142.717080993259,-35.2839912599234,0,26,26,26,10,-35.2839912599234
01-Aug-2026 00:56:16,-143.318187253356,-35.8850975200207,0,26,26,26,10,-35.8850975200207
01-Aug-2026 00:56:18,-143.781844432212,-36.3487546988767,0,26,26,26,9,-36.3487546988767
01-Aug-2026 00:56:20,-143.899668705288,-36.4665789719526,0,26,26,26,10,-36.4665789719526
01-Aug-2026 00:56:22,-144.008964756415,-36.57587502308,0,26,26,26,10,-36.57587502308
01-Aug-2026 00:56:24,-144.499962278189,-37.0668725448535,0,26,26,26,9,-37.0668725448535
01-Aug-2026 00:56:26,-142.236561414127,-34.8034716807915,0,26,26,26,10,-34.8034716807915
01-Aug-2026 00:56:28,-142.23897626439,-34.8058865310546,0,26,26,26,13,-34.8058865310546
01-Aug-2026 00:56:30,-142.595398269016,-35.1623085356811,0,27,27,27,15,-35.1623085356811
01-Aug-2026 00:56:32,-146.424122547892,-38.9910328145565,0,27,27,27,14,-38.9910328145565
01-Aug-2026 00:56:34,-151.988873350331,-44.5557836169953,0,27,27,27,13,-44.5557836169953
01-Aug-2026 00:56:36,-146.247651349619,-38.8145616162841,0,26,26,26,13,-38.8145616162841
01-Aug-2026 00:56:38,-141.23444657629,-33.8013568429544,0,27,27,27,14,-33.8013568429544
01-Aug-2026 00:56:40,-141.593371046545,-34.1602813132097,0,27,27,27,15,-34.1602813132097
01-Aug-2026 00:56:42,-147.08113860029,-39.6480488669545,0,28,28,28,14,-39.6480488669545
01-Aug-2026 00:56:44,-146.757660540972,-39.3245708076372,0,28,28,28,15,-39.3245708076372
01-Aug-2026 00:56:46,-147.619756580706,-40.1866668473706,0,28,28,28,14,-40.1866668473706
01-Aug-2026 00:56:48,-142.703835285579,-35.270745552244,0,29,29,29,17,-35.270745552244
01-Aug-2026 00:56:50,-138.444607198756,-31.011517465421,0,29,29,29,18,-31.011517465421
01-Aug-2026 00:56:52,-137.731503402223,-30.2984136688877,0,29,29,29,17,-30.2984136688877
01-Aug-2026 00:56:54,-138.873563591163,-31.4404738578278,0,29,29,29,15,-31.4404738578278
01-Aug-2026 00:56:56,-138.949887793743,-31.5167980604077,0,28,28,28,15,-31.5167980604077
01-Aug-2026 00:56:58,-138.768660034791,-31.3355703014556,0,28,28,28,14,-31.3355703014556
01-Aug-2026 00:57:00,-138.306492646703,-30.8734029133682,0,28,28,28,16,-30.8734029133682
01-Aug-2026 00:57:02,-138.209907296312,-30.7768175629765,0,29,29,29,16,-30.7768175629765
01-Aug-2026 00:57:04,-139.000742222767,-31.5676524894321,0,28,28,28,17,-31.5676524894321
01-Aug-2026 00:57:06,-139.138123732094,-31.7050339987588,0,28,28,28,16,-31.7050339987588
01-Aug-2026 00:57:08,-138.823198798003,-31.3901090646676,0,28,28,28,16,-31.3901090646676
01-Aug-2026 00:57:10,-138.791497347892,-31.3584076145564,0,27,27,27,16,-31.3584076145564
01-Aug-2026 00:57:12,-139.515710789383,-32.0826210560483,0,27,27,27,16,-32.0826210560483
01-Aug-2026 00:57:14,-139.82426778011,-32.3911780467747,0,27,27,27,15,-32.3911780467747
01-Aug-2026 00:57:16,-139.984566594979,-32.5514768616437,0,27,27,27,12,-32.5514768616437
01-Aug-2026 00:57:18,-137.449267330454,-30.0161775971189,0,27,27,27,12,-30.0161775971189
01-Aug-2026 00:57:20,-137.882252479149,-30.4491627458142,0,27,27,27,12,-30.4491627458142
01-Aug-2026 00:57:22,-135.383632120657,-27.9505423873216,0,27,27,27,12,-27.9505423873216
01-Aug-2026 00:57:24,-135.021286458463,-27.5881967251278,0,26,26,26,13,-27.5881967251278
01-Aug-2026 00:57:26,-134.490715338672,-27.0576256053366,0,26,26,26,13,-27.0576256053366
01-Aug-2026 00:57:28,-133.980245145053,-26.547155411718,0,26,26,26,14,-26.547155411718
01-Aug-2026 00:57:30,-133.746413069309,-26.313323335974,0,26,26,26,14,-26.313323335974
01-Aug-2026 00:57:32,-133.321937296627,-25.8888475632921,0,26,26,26,13,-25.8888475632921
01-Aug-2026 00:57:34,-133.030472266462,-25.5973825331269,0,26,26,26,13,-25.5973825331269
01-Aug-2026 00:57:36,-132.76905205995,-25.3359623266146,0,26,26,26,13,-25.3359623266146
01-Aug-2026 00:57:38,-132.47300444534,-25.0399147120052,0,26,26,26,15,-25.0399147120052
01-Aug-2026 00:57:40,-135.203322316445,-27.77023258311,0,26,26,26,14,-27.77023258311
01-Aug-2026 00:57:42,-135.084687495354,-27.6515977620191,0,26,26,26,15,-27.6515977620191
01-Aug-2026 00:57:44,-135.039464208007,-27.6063744746722,0,26,26,26,15,-27.6063744746722
01-Aug-2026 00:57:46,-135.011978500802,-27.578888767467,0,26,26,26,15,-27.578888767467
01-Aug-2026 00:57:48,-134.494902811024,-27.0618130776887,0,26,26,26,15,-27.0618130776887
01-Aug-2026 00:57:50,-137.80214416793,-30.3690544345945,0,26,26,26,14,-27.5245362699131
01-Aug-2026 00:57:52,-137.766813862248,-30.3337241289129,0,26,26,26,15,-27.2759431507189
01-Aug-2026 00:57:54,-137.697196323685,-30.2641065903498,0,26,26,26,14,-26.9940203523885
01-Aug-2026 00:57:56,-137.111114892082,-29.6780251587466,0,25,25,25,15,-26.2221332627163
01-Aug-2026 00:57:58,-137.696448724042,-30.263358990707,0,25,25,25,13,-26.1536654422822
01-Aug-2026 00:58:00,-137.992808372253,-30.5597186389182,0,25,25,25,12,-26.0194595775025
01-Aug-2026 00:58:02,-136.907494414491,-29.4744046811557,0,25,25,25,13,-25.176434151788
01-Aug-2026 00:58:04,-135.432563267077,-27.9994735337415,0,25,25,25,14,-23.7162490079652
01-Aug-2026 00:58:06,-133.440977895129,-26.0078881617934,0,25,25,25,15,-26.0078881617934
01-Aug-2026 00:58:08,-129.900737564313,-22.467647830978,0,25,25,25,16,-22.467647830978
01-Aug-2026 00:58:10,-140.023452709986,-32.5903629766505,0,25,25,25,14,-32.5903629766505
01-Aug-2026 00:58:12,-139.268097350713,-31.8350076173782,0,26,26,26,15,-31.8350076173782
01-Aug-2026 00:58:14,-139.566208103919,-32.1331183705833,0,26,26,26,14,-32.1331183705833
01-Aug-2026 00:58:16,-140.242915024317,-32.8098252909814,0,26,26,26,16,-32.8098252909814
01-Aug-2026 00:58:18,-142.523747109281,-35.0906573759457,0,25,25,25,14,-35.0906573759457
01-Aug-2026 00:58:20,-142.417088905599,-34.9839991722639,0,25,25,25,14,-34.9839991722639
01-Aug-2026 00:58:22,-145.105921862322,-37.6728321289868,0,25,25,25,14,-35.3202335960772
01-Aug-2026 00:58:24,-144.193568603381,-36.7604788700457,0,25,25,25,15,-34.7825795000301
01-Aug-2026 00:58:26,-147.142211088089,-39.7091213547538,0,25,25,25,15,-36.072398522726
01-Aug-2026 00:58:28,-144.456811373881,-37.0237216405454,0,25,25,25,16,-34.3348549115007
01-Aug-2026 00:58:30,-144.368320295555,-36.9352305622201,0,25,25,25,17,-26.3835346650507
01-Aug-2026 00:58:32,-143.019601974418,-35.586512241083,0,25,25,25,18,-25.3821186576982
01-Aug-2026 00:58:34,-142.884944483723,-35.4518547503878,0,25,25,25,17,-24.7220775541434
01-Aug-2026 00:58:36,-142.843365997261,-35.4102762639257,0,25,25,25,16,-24.6218973874983
01-Aug-2026 00:58:38,-143.096536586936,-35.6634468536013,0,25,25,25,16,-23.8708893924893
01-Aug-2026 00:58:40,-145.618070527435,-38.1849807941003,0,25,25,25,15,-23.9939548238535
01-Aug-2026 00:58:42,-147.77808354139,-40.3449938080544,0,25,25,25,16,-24.7421940564622
01-Aug-2026 00:58:44,-147.597799283606,-40.164709550271,0,26,26,26,16,-25.0989604169626
01-Aug-2026 00:58:46,-141.513198288708,-34.0801085553727,0,26,26,26,18,-26.2951416890821
01-Aug-2026 00:58:48,-141.670654825834,-34.2375650924992,0,26,26,26,17,-26.0772031120801
01-Aug-2026 00:58:50,-141.33582977343,-33.9027400400952,0,26,26,26,16,-26.5143285300335
01-Aug-2026 00:58:52,-140.494245289526,-33.0611555561906,0,26,26,26,15,-24.2456453661875
01-Aug-2026 00:58:54,-141.305983560819,-33.8728938274838,0,26,26,26,14,-25.0940156154612
01-Aug-2026 00:58:56,-140.976912689971,-33.5438229566354,0,26,26,26,16,-24.8595974195429
01-Aug-2026 00:58:58,-139.810060608365,-32.3769708750299,0,27,27,27,18,-24.6009418273543
01-Aug-2026 00:59:00,-139.587137170729,-32.1540474373933,0,26,26,26,16,-25.7534494742883
01-Aug-2026 00:59:02,-139.455928011521,-32.0228382781857,0,25,25,25,15,-26.5974964433599
01-Aug-2026 00:59:04,-140.210665147962,-32.7775754146271,0,25,25,25,15,-27.3877831178013
01-Aug-2026 00:59:06,-141.437619881604,-34.0045301482684,0,25,25,25,13,-28.1735559415652
01-Aug-2026 00:59:08,-133.463965300416,-26.0308755670807,0,25,25,25,13,-26.0308755670807
01-Aug-2026 00:59:10,-133.663797462063,-26.2307077287281,0,25,25,25,14,-26.2307077287281
01-Aug-2026 00:59:12,-134.235469465226,-26.8023797318905,0,25,25,25,15,-26.8023797318905
01-Aug-2026 00:59:14,-134.894916280046,-27.4618265467108,0,25,25,25,14,-27.4618265467108
01-Aug-2026 00:59:16,-135.473414718952,-28.0403249856166,0,25,25,25,14,-28.0403249856166
01-Aug-2026 00:59:18,-136.054096680658,-28.6210069473228,0,25,25,25,14,-28.6210069473228
01-Aug-2026 00:59:20,-136.516463601464,-29.0833738681285,0,24,24,24,14,-29.0833738681285
01-Aug-2026 00:59:22,-136.613127503103,-29.1800377697675,0,24,24,24,14,-29.1800377697675
01-Aug-2026 00:59:24,-136.522151705456,-29.0890619721207,0,24,24,24,13,-29.0890619721207
01-Aug-2026 00:59:26,-136.83904986753,-29.4059601341953,0,24,24,24,13,-29.4059601341953
01-Aug-2026 00:59:28,-138.249243193645,-30.8161534603101,0,24,24,24,13,-30.8161534603101
01-Aug-2026 00:59:30,-138.115483890658,-30.682394157323,0,24,24,24,13,-30.682394157323
01-Aug-2026 00:59:32,-138.102004629732,-30.6689148963971,0,24,24,24,12,-30.6689148963971
01-Aug-2026 00:59:34,-138.480240239441,-31.0471505061055,0,25,25,25,12,-31.0471505061055
01-Aug-2026 00:59:36,-138.845582425976,-31.4124926926408,0,25,25,25,12,-31.4124926926408
01-Aug-2026 00:59:38,-139.186197904899,-31.7531081715635,0,25,25,25,14,-31.7531081715635
01-Aug-2026 00:59:40,-142.010579926579,-34.5774901932435,0,25,25,25,15,-34.5774901932435
01-Aug-2026 00:59:42,-141.969576519506,-34.5364867861711,0,25,25,25,14,-34.5364867861711
01-Aug-2026 00:59:44,-142.693636661727,-35.2605469283923,0,25,25,25,14,-27.8045158101522
01-Aug-2026 00:59:46,-141.02211469014,-33.5890249568051,0,25,25,25,15,-27.8169871770066
01-Aug-2026 00:59:48,-140.268084797966,-32.834995064631,0,25,25,25,15,-28.5067664426016
01-Aug-2026 00:59:50,-139.616616424118,-32.1835266907833,0,26,26,26,15,-28.5636191062721
01-Aug-2026 00:59:52,-140.707640365682,-33.2745506323471,0,26,26,26,13,-28.7688807404167
01-Aug-2026 00:59:54,-141.29345925626,-33.8603695229249,0,26,26,26,11,-29.6738296027916
01-Aug-2026 00:59:56,-140.966480545745,-33.5333908124093,0,26,26,26,9,-29.5325442542095
01-Aug-2026 00:59:58,-141.014887181144,-33.581797447809,0,26,26,26,9,-29.8481991485046
01-Aug-2026 01:00:00,-137.638466110305,-30.2053763769696,0,26,26,26,9,-30.2053763769696
01-Aug-2026 01:00:02,-138.428331435771,-30.9952417024362,0,26,26,26,10,-30.9952417024362
01-Aug-2026 01:00:04,-139.035375539938,-31.6022858066027,0,26,26,26,10,-31.6022858066027
01-Aug-2026 01:00:06,-139.81173681374,-32.3786470804044,0,27,27,27,11,-32.3786470804044
01-Aug-2026 01:00:08,-132.776754337032,-25.343664603697,0,26,26,26,11,-25.343664603697
01-Aug-2026 01:00:10,-132.438789078616,-25.005699345281,0,26,26,26,10,-25.005699345281
01-Aug-2026 01:00:12,-132.771241150108,-25.3381514167732,0,26,26,26,10,-25.3381514167732
01-Aug-2026 01:00:14,-132.932332266816,-25.4992425334812,0,26,26,26,12,-25.4992425334812
01-Aug-2026 01:00:16,-133.160183382941,-25.7270936496061,0,25,25,25,10,-25.7270936496061
01-Aug-2026 01:00:18,-133.608397857822,-26.1753081244872,0,25,25,25,10,-26.1753081244872
01-Aug-2026 01:00:20,-133.947446760478,-26.514357027143,0,25,25,25,10,-26.514357027143
01-Aug-2026 01:00:22,-134.093271420365,-26.66018168703,0,25,25,25,11,-26.66018168703
01-Aug-2026 01:00:24,-134.801462143209,-27.3683724098739,0,27,27,27,12,-27.3683724098739
01-Aug-2026 01:00:26,-134.948868035313,-27.5157783019774,0,27,27,27,13,-27.5157783019774
01-Aug-2026 01:00:28,-135.079249742355,-27.64616000902,0,28,28,28,16,-27.64616000902
01-Aug-2026 01:00:30,-135.475655308896,-28.0425655755604,0,28,28,28,16,-28.0425655755604
01-Aug-2026 01:00:32,-135.524118406242,-28.0910286729069,0,28,28,28,18,-28.0910286729069
01-Aug-2026 01:00:34,-135.368294115263,-27.9352043819282,0,28,28,28,18,-27.9352043819282
01-Aug-2026 01:00:36,-134.715209450123,-27.2821197167877,0,28,28,28,18,-27.2821197167877
01-Aug-2026 01:00:38,-134.747773618562,-27.3146838852271,0,28,28,28,18,-27.3146838852271
01-Aug-2026 01:00:40,-134.394626132301,-26.9615363989658,0,29,29,29,19,-26.9615363989658
01-Aug-2026 01:00:42,-134.326151208878,-26.893061475543,0,29,29,29,18,-26.893061475543
01-Aug-2026 01:00:44,-134.550814463681,-27.1177247303463,0,29,29,29,17,-27.1177247303463
01-Aug-2026 01:00:46,-134.919177079089,-27.4860873457535,0,28,28,28,16,-27.4860873457535
01-Aug-2026 01:00:48,-133.734658122175,-26.3015683888403,0,28,28,28,17,-26.3015683888403
01-Aug-2026 01:00:50,-132.428296489065,-24.9952067557295,0,28,28,28,17,-24.9952067557295
01-Aug-2026 01:00:52,-132.449409117995,-25.0163193846601,0,29,29,29,18,-25.0163193846601
01-Aug-2026 01:00:54,-132.450839358577,-25.0177496252416,0,29,29,29,18,-25.0177496252416
01-Aug-2026 01:00:56,-132.833439308441,-25.4003495751062,0,28,28,28,17,-25.4003495751062
01-Aug-2026 01:00:58,-132.669689056551,-25.2365993232159,0,27,27,27,17,-25.2365993232159
01-Aug-2026 01:01:00,-132.83836078038,-25.405271047045,0,27,27,27,18,-25.405271047045
01-Aug-2026 01:01:02,-133.254179568411,-25.8210898350763,0,27,27,27,18,-23.7617028274531
01-Aug-2026 01:01:04,-133.610677900559,-26.1775881672236,0,27,27,27,17,-22.1905536843985
01-Aug-2026 01:01:06,-138.597380920949,-31.164291187614,0,27,27,27,15,-31.164291187614
01-Aug-2026 01:01:08,-139.041662212503,-31.6085724791678,0,27,27,27,16,-31.6085724791678
01-Aug-2026 01:01:10,-138.59371353695,-31.160623803615,0,27,27,27,16,-31.160623803615
01-Aug-2026 01:01:12,-137.89253444382,-30.4594447104849,0,27,27,27,14,-30.4594447104849
01-Aug-2026 01:01:14,-137.502333788631,-30.0692440552961,0,26,26,26,15,-30.0692440552961
01-Aug-2026 01:01:16,-137.698593352664,-30.2655036193289,0,26,26,26,15,-30.2655036193289
01-Aug-2026 01:01:18,-135.560602679821,-28.1275129464857,0,26,26,26,15,-28.1275129464857
01-Aug-2026 01:01:20,-135.660732158514,-28.2276424251789,0,26,26,26,14,-28.2276424251789
01-Aug-2026 01:01:22,-135.579773424557,-28.1466836912218,0,26,26,26,15,-28.1466836912218
01-Aug-2026 01:01:24,-136.250644165812,-28.817554432477,0,26,26,26,15,-28.817554432477
01-Aug-2026 01:01:26,-136.4904995664,-29.057409833065,0,26,26,26,17,-29.057409833065
01-Aug-2026 01:01:28,-136.418765689825,-28.9856759564895,0,26,26,26,17,-28.9856759564895
01-Aug-2026 01:01:30,-136.118096089608,-28.6850063562727,0,26,26,26,17,-28.6850063562727
01-Aug-2026 01:01:32,-136.026567528089,-28.5934777947539,0,26,26,26,16,-28.5934777947539
01-Aug-2026 01:01:34,-141.934407139918,-34.5013174065823,0,26,26,26,16,-28.0597093237479
01-Aug-2026 01:01:36,-151.799789298796,-44.366699565461,0,26,26,26,16,-27.614839156226
01-Aug-2026 01:01:38,-152.574012404655,-45.1409226713194,0,26,26,26,17,-27.0306672026941
01-Aug-2026 01:01:40,-152.943081265705,-45.50999153237,0,26,26,26,16,-26.9205932185009
01-Aug-2026 01:01:42,-152.927682026898,-45.4945922935631,0,26,26,26,16,-26.4977675222566
01-Aug-2026 01:01:44,-153.162364633723,-45.7292749003876,0,26,26,26,16,-26.4954145422508
01-Aug-2026 01:01:46,-152.412254492886,-44.9791647595508,0,26,26,26,17,-25.7256502487607
01-Aug-2026 01:01:48,-152.354625337111,-44.9215356037761,0,25,25,25,17,-25.3155124412198
01-Aug-2026 01:01:50,-152.788589294209,-45.3554995608733,0,25,25,25,17,-24.6148166655511
01-Aug-2026 01:01:52,-149.996241980737,-42.5631522474015,0,25,25,25,17,-28.8241264391516
01-Aug-2026 01:01:54,-150.132974305527,-42.699884572192,0,25,25,25,15,-31.2537810651594
01-Aug-2026 01:01:56,-150.75749009149,-43.3244003581544,0,25,25,25,14,-31.024748354214
01-Aug-2026 01:01:58,-150.739083854609,-43.3059941212742,0,25,25,25,14,-28.3205942394789
01-Aug-2026 01:02:00,-148.178026990985,-40.7449372576494,0,25,25,25,14,-27.9663504993382
01-Aug-2026 01:02:02,-148.088209851969,-40.6551201186337,0,25,25,25,15,-27.5632224026033
01-Aug-2026 01:02:04,-148.017472193627,-40.5843824602915,0,25,25,25,14,-30.9018859790539
01-Aug-2026 01:02:06,-153.101152959472,-45.6680632261368,0,24,24,24,13,-31.5490980784947
01-Aug-2026 01:02:08,-153.040558345073,-45.6074686117383,0,24,24,24,13,-45.6074686117383
01-Aug-2026 01:02:10,-151.726298393392,-44.2932086600566,0,24,24,24,14,-44.2932086600566
01-Aug-2026 01:02:12,-151.637428465204,-44.2043387318688,0,24,24,24,14,-44.2043387318688
01-Aug-2026 01:02:14,-150.277536753215,-42.8444470198799,0,24,24,24,13,-42.8444470198799
01-Aug-2026 01:02:16,-149.74798082908,-42.3148910957444,0,24,24,24,13,-30.7774917616123
01-Aug-2026 01:02:18,-150.411820889805,-42.97873115647,0,24,24,24,13,-31.177411139295
01-Aug-2026 01:02:20,-150.125036705699,-42.6919469723633,0,24,24,24,12,-28.1371655669365
01-Aug-2026 01:02:22,-150.136431289721,-42.7033415563861,0,24,24,24,12,-27.8178597812969
01-Aug-2026 01:02:24,-149.795976673792,-42.3628869404564,0,24,24,24,12,-27.7311435261857
01-Aug-2026 01:02:26,-150.021458537701,-42.588368804366,0,24,24,24,12,-27.3001278456387
01-Aug-2026 01:02:28,-151.028915425982,-43.5958256926465,0,24,24,24,12,-26.9458231817274
01-Aug-2026 01:02:30,-153.355800093428,-45.9227103600931,0,25,25,25,9,-26.9844376265573
01-Aug-2026 01:02:32,-153.068312966758,-45.6352232334226,0,25,25,25,8,-26.4357488546012
01-Aug-2026 01:02:34,-152.978774544008,-45.5456848106729,0,25,25,25,8,-25.9331145786628
01-Aug-2026 01:02:36,-143.508296499999,-36.0752067666636,0,26,26,26,8,-25.1986740104075
01-Aug-2026 01:02:38,-139.908181073339,-32.4750913400035,0,26,26,26,10,-21.6939800453403
01-Aug-2026 01:02:40,-136.241292777568,-28.8082030442329,0,26,26,26,11,-20.9973339186315
01-Aug-2026 01:02:42,-131.946073020824,-24.5129832874886,0,26,26,26,12,-20.8247124520685
01-Aug-2026 01:02:44,-127.778195340208,-20.3451056068725,0,26,26,26,11,-19.0349419445091
01-Aug-2026 01:02:46,-122.737916682364,-15.3048269490286,0,26,26,26,11,-14.8475020869997
01-Aug-2026 01:02:48,-155.42929913589,-47.9962094025553,0,26,26,26,10,-24.4769814329881
01-Aug-2026 01:02:50,-152.649778060253,-45.216688326918,0,27,27,27,14,-22.260887866076
01-Aug-2026 01:02:52,-153.092370403065,-45.65928066973,0,25,25,25,14,-21.9436822851776
01-Aug-2026 01:02:54,-150.289250660304,-42.8561609269687,0,25,25,25,13,-21.5520717715223
01-Aug-2026 01:02:56,-150.580113583929,-43.147023850594,0,25,25,25,13,-21.425344575185
01-Aug-2026 01:02:58,-150.62466497622,-43.1915752428848,0,25,25,25,15,-21.5465242629899
01-Aug-2026 01:03:00,-152.833841098538,-45.4007513652024,0,25,25,25,14,-21.7149715748901
01-Aug-2026 01:03:02,-120.143822998963,-12.7107332656277,0,25,25,25,12,-12.217915159555
01-Aug-2026 01:03:04,-125.311486033308,-17.8783962999731,0,25,25,25,12,-16.4540515383923
01-Aug-2026 01:03:06,-130.332492584985,-22.8994028516501,0,25,25,25,13,-19.3158693432841
01-Aug-2026 01:03:08,-134.511320059153,-27.078230325818,0,25,25,25,12,-20.5528272781679
01-Aug-2026 01:03:10,-138.939364694884,-31.5062749615492,0,25,25,25,12,-21.0833206440606
01-Aug-2026 01:03:12,-142.151139420095,-34.71804968676,0,24,24,24,10,-21.4189759287018
01-Aug-2026 01:03:14,-145.901021371076,-38.4679316377403,0,24,24,24,10,-22.6736633773229
01-Aug-2026 01:03:16,-147.076826634955,-39.6437369016195,0,24,24,24,10,-22.72686945137
01-Aug-2026 01:03:18,-148.093246486999,-40.660156753664,0,25,25,25,12,-23.4906098549906
01-Aug-2026 01:03:20,-148.542157068288,-41.1090673349532,0,25,25,25,13,-23.6867367236812
01-Aug-2026 01:03:22,-149.001052975761,-41.5679632424259,0,25,25,25,12,-23.958974595659
01-Aug-2026 01:03:24,-135.883752433228,-28.4506626998926,0,25,25,25,15,-26.854255386361
01-Aug-2026 01:03:26,-135.796235836073,-28.3631461027382,0,25,25,25,14,-26.9519973229767
01-Aug-2026 01:03:28,-136.186035750038,-28.7529460167028,0,25,25,25,14,-27.4280187118431
01-Aug-2026 01:03:30,-136.305421619292,-28.8723318859573,0,25,25,25,15,-27.6081327191919
01-Aug-2026 01:03:32,-136.330268415116,-28.8971786817806,0,25,25,25,15,-27.492166399443
01-Aug-2026 01:03:34,-136.536279439569,-29.1031897062337,0,25,25,25,16,-27.1339879382991
01-Aug-2026 01:03:36,-136.515715621257,-29.082625887922,0,25,25,25,16,-27.0618532928358
01-Aug-2026 01:03:38,-137.560478791209,-30.1273890578736,0,25,25,25,15,-28.0862991206212
01-Aug-2026 01:03:40,-138.04959752366,-30.6165077903245,0,25,25,25,17,-28.395671448854
01-Aug-2026 01:03:42,-135.822403910785,-28.3893141774501,0,25,25,25,17,-27.0214283901863
01-Aug-2026 01:03:44,-134.651708601227,-27.2186188678917,0,25,25,25,17,-27.2186188678917
01-Aug-2026 01:03:46,-135.015669524358,-27.5825797910226,0,25,25,25,16,-27.5825797910226
01-Aug-2026 01:03:48,-135.081117433035,-27.6480276996994,0,25,25,25,15,-27.6480276996994
01-Aug-2026 01:03:50,-134.865219596854,-27.4321298635186,0,25,25,25,15,-27.4321298635186
01-Aug-2026 01:03:52,-135.492689044577,-28.0595993112422,0,25,25,25,15,-28.0595993112422
01-Aug-2026 01:03:54,-135.904603901007,-28.4715141676718,0,24,24,24,14,-28.4715141676718
01-Aug-2026 01:03:56,-136.229274963116,-28.7961852297809,0,24,24,24,14,-28.7961852297809
01-Aug-2026 01:03:58,-136.099479469419,-28.6663897360837,0,25,25,25,14,-28.6663897360837
01-Aug-2026 01:04:00,-138.850318102675,-31.4172283693399,0,25,25,25,15,-31.4172283693399
01-Aug-2026 01:04:02,-135.459680324218,-28.0265905908826,0,25,25,25,15,-28.0265905908826
01-Aug-2026 01:04:04,-135.525164391431,-28.0920746580954,0,24,24,24,15,-28.0920746580954
01-Aug-2026 01:04:06,-136.671098911931,-29.2380091785959,0,25,25,25,14,-29.2380091785959
01-Aug-2026 01:04:08,-135.543086261435,-28.1099965281001,0,25,25,25,13,-28.1099965281001
01-Aug-2026 01:04:10,-135.779187130369,-28.3460973970338,0,25,25,25,12,-28.3460973970338
01-Aug-2026 01:04:12,-135.683562769553,-28.2504730362181,0,25,25,25,13,-28.2504730362181
01-Aug-2026 01:04:14,-135.187593910004,-27.7545041766684,0,25,25,25,14,-27.7545041766684
01-Aug-2026 01:04:16,-140.260739022277,-32.8276492889422,0,25,25,25,14,-32.8276492889422
01-Aug-2026 01:04:18,-138.469011762215,-31.0359220288798,0,26,26,26,16,-31.0359220288798
01-Aug-2026 01:04:20,-138.62645336566,-31.1933636323248,0,27,27,27,17,-31.1933636323248
01-Aug-2026 01:04:22,-138.619772386578,-31.1866826532426,0,27,27,27,19,-31.1866826532426
01-Aug-2026 01:04:24,-138.700381261769,-31.2672915284338,0,27,27,27,20,-31.2672915284338
01-Aug-2026 01:04:26,-140.651720588369,-33.2186308550338,0,27,27,27,19,-33.2186308550338
01-Aug-2026 01:04:28,-140.919489294435,-33.4863995610993,0,27,27,27,19,-33.4863995610993
01-Aug-2026 01:04:30,-140.984975863317,-33.5518861299817,0,27,27,27,19,-33.5518861299817
01-Aug-2026 01:04:32,-138.023118151767,-30.5900284184315,0,28,28,28,18,-30.5900284184315
01-Aug-2026 01:04:34,-138.269527555397,-30.8364378220614,0,28,28,28,18,-30.8364378220614
01-Aug-2026 01:04:36,-138.255613667304,-30.8225239339689,0,27,27,27,18,-30.8225239339689
01-Aug-2026 01:04:38,-138.572954532502,-31.1398647991672,0,27,27,27,16,-31.1398647991672
01-Aug-2026 01:04:40,-138.476295897874,-31.0432061645393,0,27,27,27,16,-31.0432061645393
01-Aug-2026 01:04:42,-139.337855572594,-31.9047658392591,0,28,28,28,16,-31.9047658392591
01-Aug-2026 01:04:44,-139.412743492621,-31.9796537592858,0,28,28,28,16,-31.9796537592858
01-Aug-2026 01:04:46,-139.214266732541,-31.7811769992057,0,26,26,26,13,-31.7811769992057
01-Aug-2026 01:04:48,-138.74491730563,-31.3118275722947,0,26,26,26,17,-31.3118275722947
01-Aug-2026 01:04:50,-138.774847422237,-31.3417576889023,0,26,26,26,18,-31.3417576889023
01-Aug-2026 01:04:52,-138.692858410917,-31.2597686775815,0,26,26,26,17,-31.2597686775815
01-Aug-2026 01:04:54,-138.576134729477,-31.1430449961421,0,26,26,26,16,-31.1430449961421
01-Aug-2026 01:04:56,-141.4339642941,-34.0008745607653,0,26,26,26,16,-34.0008745607653
01-Aug-2026 01:04:58,-141.557623345933,-34.1245336125974,0,26,26,26,16,-34.1245336125974
01-Aug-2026 01:05:00,-141.590326109759,-34.1572363764234,0,26,26,26,16,-34.1572363764234
01-Aug-2026 01:05:02,-141.379668953339,-33.9465792200043,0,26,26,26,15,-33.9465792200043
01-Aug-2026 01:05:04,-140.028883715222,-32.5957939818865,0,25,25,25,15,-32.5957939818865
01-Aug-2026 01:05:06,-143.724445061963,-36.2913553286277,0,25,25,25,17,-31.1599915608999
01-Aug-2026 01:05:08,-144.042510188207,-36.6094204548714,0,25,25,25,16,-31.2467720174945
01-Aug-2026 01:05:10,-145.1845729757,-37.7514832423651,0,25,25,25,15,-31.2542052556811
01-Aug-2026 01:05:12,-144.736186604501,-37.303096871166,0,25,25,25,13,-31.1184976254736
01-Aug-2026 01:05:14,-143.740846170155,-36.3077564368194,0,25,25,25,13,-30.9168211211882
01-Aug-2026 01:05:16,-143.829530221416,-36.3964404880812,0,25,25,25,14,-31.0327377830644
01-Aug-2026 01:05:18,-142.633941167007,-35.2008514336717,0,25,25,25,14,-30.4123172822145
01-Aug-2026 01:05:20,-147.66806551025,-40.2349757769148,0,25,25,25,14,-30.2697255842516
01-Aug-2026 01:05:22,-146.709183322407,-39.2760935890723,0,25,25,25,15,-29.91824212708
01-Aug-2026 01:05:24,-153.255857525618,-45.8227677922826,0,25,25,25,14,-29.9612788567794
01-Aug-2026 01:05:26,-153.389948191466,-45.956858458131,0,25,25,25,12,-33.2490160526566
01-Aug-2026 01:05:28,-154.565474794933,-47.1323850615982,0,25,25,25,11,-33.4815322792676
01-Aug-2026 01:05:30,-165.687141457115,-58.2540517237798,0,25,25,25,8,-33.2346210491015
01-Aug-2026 01:05:32,-165.937587275281,-58.5044975419455,0,25,25,25,8,-32.6585145790314
01-Aug-2026 01:05:34,-163.707787989666,-56.2746982563312,0,25,25,25,8,-32.3276793092145
01-Aug-2026 01:05:36,-165.198816501082,-57.765726767747,0,25,25,25,8,-31.2775651014904
01-Aug-2026 01:05:38,-165.085397918253,-57.6523081849182,0,25,25,25,9,-31.2923910769569
01-Aug-2026 01:05:40,-152.93461230428,-45.5015225709453,0,25,25,25,10,-30.6583773626125
01-Aug-2026 01:05:42,-153.221934921616,-45.7888451882813,0,24,24,24,9,-30.6853075081396
01-Aug-2026 01:05:44,-153.435474133999,-46.0023844006636,0,24,24,24,11,-30.7716645906561
01-Aug-2026 01:05:46,-154.030279320552,-46.5971895872169,0,25,25,25,11,-30.2089713941086
01-Aug-2026 01:05:48,-152.51609835093,-45.0830086175952,0,25,25,25,11,-45.0830086175952
01-Aug-2026 01:05:50,-152.161270857904,-44.7281811245688,0,25,25,25,10,-44.7281811245688
01-Aug-2026 01:05:52,-151.367147424589,-43.9340576912543,0,24,24,24,13,-31.1948838578184
01-Aug-2026 01:05:54,-150.820738179605,-43.3876484462698,0,24,24,24,11,-43.3876484462698
01-Aug-2026 01:05:56,-164.314408678988,-56.8813189456529,0,24,24,24,10,-43.00431196847
01-Aug-2026 01:05:58,-164.444045434313,-57.0109557009777,0,24,24,24,10,-42.9035433808894
01-Aug-2026 01:06:00,-164.487700935419,-57.0546112020843,0,24,24,24,10,-41.6660730401644
01-Aug-2026 01:06:02,-163.838462587639,-56.4053728543042,0,24,24,24,10,-41.364246781585
01-Aug-2026 01:06:04,-163.398187462398,-55.9650977290629,0,24,24,24,11,-40.8238876832455
01-Aug-2026 01:06:06,-164.331327590438,-56.8982378571025,0,24,24,24,10,-40.724818437244
01-Aug-2026 01:06:08,-163.797240670159,-56.3641509368242,0,24,24,24,10,-40.0079694971852
01-Aug-2026 01:06:10,-163.939422615753,-56.5063328824174,0,24,24,24,11,-39.6881638303334
01-Aug-2026 01:06:12,-164.321339614856,-56.8882498815204,0,24,24,24,13,-38.7158531312579
01-Aug-2026 01:06:14,-164.257128871197,-56.8240391378621,0,24,24,24,13,-38.7290916567257
01-Aug-2026 01:06:16,-164.407732933255,-56.9746431999201,0,24,24,24,12,-38.0901932457391
01-Aug-2026 01:06:18,-164.86017221231,-57.4270824789745,0,25,25,25,12,-37.9080131620458
01-Aug-2026 01:06:20,-162.536978915267,-55.1038891819317,0,25,25,25,13,-37.9404164101906
01-Aug-2026 01:06:22,-162.824752794143,-55.3916630608079,0,25,25,25,11,-55.3916630608079
01-Aug-2026 01:06:24,-153.03445242486,-45.6013626915248,0,25,25,25,11,-45.6013626915248
01-Aug-2026 01:06:26,-150.401925291776,-42.9688355584411,0,26,26,26,12,-42.9688355584411
01-Aug-2026 01:06:28,-147.386917436096,-39.9538277027606,0,26,26,26,10,-39.9538277027606
01-Aug-2026 01:06:30,-146.503519208587,-39.0704294752515,0,26,26,26,10,-24.2707611550005
01-Aug-2026 01:06:32,-146.92122657727,-39.488136843935,0,26,26,26,11,-25.1913505221548
01-Aug-2026 01:06:34,-150.49641611274,-43.063326379405,0,26,26,26,12,-25.3330195000633
01-Aug-2026 01:06:36,-150.860339979411,-43.4272502460762,0,26,26,26,12,-15.0303165242071
01-Aug-2026 01:06:38,-150.432722869073,-42.9996331357379,0,26,26,26,12,-16.1921256462477
01-Aug-2026 01:06:40,-150.254941521547,-42.8218517882115,0,26,26,26,14,-17.2483190154386
01-Aug-2026 01:06:42,-150.175558785229,-42.7424690518936,0,25,25,25,12,-18.5268425127388
01-Aug-2026 01:06:44,-150.871401606419,-43.4383118730841,0,25,25,25,13,-19.3639080006169
01-Aug-2026 01:06:46,-150.100490980793,-42.6674012474578,0,25,25,25,13,-19.7713657853525
01-Aug-2026 01:06:48,-128.352191156684,-20.9191014233489,0,25,25,25,14,-20.5959051035905
01-Aug-2026 01:06:50,-129.255080865831,-21.8219911324961,0,25,25,25,14,-21.4146402692511
01-Aug-2026 01:06:52,-130.081711566284,-22.6486218329492,0,25,25,25,12,-22.1010730579757
01-Aug-2026 01:06:54,-130.720078704915,-23.28698897158,0,25,25,25,12,-22.7687322121664
01-Aug-2026 01:06:56,-131.927901204623,-24.4948114712876,0,25,25,25,13,-23.9082726848514
01-Aug-2026 01:06:58,-132.86573958282,-25.4326498494844,0,25,25,25,13,-25.4326498494844
01-Aug-2026 01:07:00,-133.773614955961,-26.3405252226256,0,25,25,25,12,-26.3405252226256
01-Aug-2026 01:07:02,-134.437226951703,-27.0041372183679,0,25,25,25,13,-27.0041372183679
01-Aug-2026 01:07:04,-135.468994200666,-28.0359044673312,0,25,25,25,14,-28.0359044673312
01-Aug-2026 01:07:06,-135.323708801554,-27.8906190682193,0,25,25,25,15,-25.1505218304296
01-Aug-2026 01:07:08,-135.856300082396,-28.4232103490612,0,25,25,25,16,-25.6233712656528
01-Aug-2026 01:07:10,-136.350071779647,-28.916982046312,0,25,25,25,16,-26.0791165853479
01-Aug-2026 01:07:12,-137.015870564327,-29.582780830992,0,25,25,25,18,-26.6149363676642
01-Aug-2026 01:07:14,-137.038575053159,-29.6054853198242,0,25,25,25,17,-26.8820875922194
01-Aug-2026 01:07:16,-137.513819742346,-30.0807300090105,0,25,25,25,16,-27.3504417119304
01-Aug-2026 01:07:18,-137.877118789303,-30.4440290559673,0,25,25,25,15,-27.6942324010419
01-Aug-2026 01:07:20,-138.00227310256,-30.5691833692244,0,25,25,25,16,-27.8599011842504
01-Aug-2026 01:07:22,-138.28112338651,-30.848033653175,0,25,25,25,16,-28.108466957721
01-Aug-2026 01:07:24,-141.518418255625,-34.0853285222897,0,25,25,25,16,-25.0607253077046
01-Aug-2026 01:07:26,-141.387614523111,-33.9545247897756,0,25,25,25,16,-26.8205214128386
01-Aug-2026 01:07:28,-137.59540735324,-30.1623176199046,0,25,25,25,14,-26.3978739098696
01-Aug-2026 01:07:30,-138.655644113181,-31.2225543798457,0,25,25,25,14,-27.278648054443
01-Aug-2026 01:07:32,-134.503474681249,-27.0703849479143,0,24,24,24,13,-27.0703849479143
01-Aug-2026 01:07:34,-134.799492008905,-27.3664022755697,0,24,24,24,13,-27.3664022755697
01-Aug-2026 01:07:36,-134.692690594958,-27.2596008616225,0,24,24,24,13,-27.2596008616225
01-Aug-2026 01:07:38,-135.821231513449,-28.3881417801138,0,24,24,24,14,-28.3881417801138
01-Aug-2026 01:07:40,-136.560899333282,-29.1278095999468,0,24,24,24,14,-29.1278095999468
01-Aug-2026 01:07:42,-136.78640876221,-29.353319028875,0,24,24,24,13,-29.353319028875
01-Aug-2026 01:07:44,-136.604864212684,-29.1717744793488,0,24,24,24,13,-29.1717744793488
01-Aug-2026 01:07:46,-137.305188068393,-29.872098335058,0,24,24,24,12,-29.872098335058
01-Aug-2026 01:07:48,-142.507211897956,-35.0741221646208,0,24,24,24,11,-35.0741221646208
01-Aug-2026 01:07:50,-143.432297826347,-35.9992080930122,0,26,26,26,14,-35.9992080930122
01-Aug-2026 01:07:52,-142.526264291883,-35.0931745585476,0,26,26,26,14,-35.0931745585476
01-Aug-2026 01:07:54,-143.394697231789,-35.9616074984534,0,26,26,26,15,-35.9616074984534
01-Aug-2026 01:07:56,-143.65504527945,-36.221955546115,0,26,26,26,14,-36.221955546115
01-Aug-2026 01:07:58,-143.706378967991,-36.2732892346562,0,26,26,26,15,-36.2732892346562
01-Aug-2026 01:08:00,-143.572896228227,-36.1398064948917,0,25,25,25,15,-36.1398064948917
01-Aug-2026 01:08:02,-143.756757146282,-36.3236674129471,0,25,25,25,15,-36.3236674129471
01-Aug-2026 01:08:04,-144.063663584878,-36.630573851543,0,25,25,25,14,-36.630573851543
01-Aug-2026 01:08:06,-144.418702669815,-36.9856129364794,0,25,25,25,13,-36.9856129364794
01-Aug-2026 01:08:08,-144.460770211632,-37.0276804782971,0,25,25,25,11,-37.0276804782971
01-Aug-2026 01:08:10,-141.93627938047,-34.5031896471353,0,26,26,26,12,-34.5031896471353
01-Aug-2026 01:08:12,-143.009234156374,-35.5761444230386,0,26,26,26,12,-35.5761444230386
01-Aug-2026 01:08:14,-143.133692653309,-35.700602919974,0,27,27,27,15,-35.700602919974
01-Aug-2026 01:08:16,-142.888303572159,-35.4552138388243,0,27,27,27,15,-35.4552138388243
01-Aug-2026 01:08:18,-142.709095394741,-35.2760056614059,0,27,27,27,15,-35.2760056614059
01-Aug-2026 01:08:20,-142.840841019538,-35.4077512862027,0,27,27,27,15,-35.4077512862027
01-Aug-2026 01:08:22,-138.719050599659,-31.2859608663238,0,27,27,27,16,-31.2859608663238
01-Aug-2026 01:08:24,-137.852977055622,-30.4198873222865,0,27,27,27,18,-30.4198873222865
01-Aug-2026 01:08:26,-141.141045974615,-33.7079562412796,0,27,27,27,18,-33.7079562412796
01-Aug-2026 01:08:28,-140.965637403212,-33.5325476698767,0,27,27,27,19,-33.5325476698767
01-Aug-2026 01:08:30,-142.594576856677,-35.1614871233422,0,27,27,27,19,-35.1614871233422
01-Aug-2026 01:08:32,-142.536394890792,-35.1033051574566,0,27,27,27,19,-35.1033051574566
01-Aug-2026 01:08:34,-142.811151193941,-35.3780614606057,0,27,27,27,19,-35.3780614606057
01-Aug-2026 01:08:36,-136.533991219215,-29.1009014858801,0,27,27,27,20,-29.1009014858801
01-Aug-2026 01:08:38,-140.494410754503,-33.0613210211682,0,26,26,26,19,-28.3853357845038
01-Aug-2026 01:08:40,-140.459687970408,-33.0265982370725,0,26,26,26,19,-28.1207472153955
01-Aug-2026 01:08:42,-140.526290940987,-33.0932012076515,0,26,26,26,17,-27.8643960491006
01-Aug-2026 01:08:44,-140.819000251019,-33.3859105176837,0,26,26,26,19,-27.6936739635287
01-Aug-2026 01:08:46,-140.896760999734,-33.4636712663991,0,26,26,26,18,-27.5009106572874
01-Aug-2026 01:08:48,-141.130969818626,-33.697880085291,0,26,26,26,18,-27.7416422193822
01-Aug-2026 01:08:50,-142.587564426011,-35.1544746926763,0,26,26,26,17,-28.2926693523697
01-Aug-2026 01:08:52,-142.697100947742,-35.2640112144067,0,25,25,25,14,-28.5078780872675
01-Aug-2026 01:08:54,-142.681803205565,-35.2487134722296,0,25,25,25,14,-28.1730903551805
01-Aug-2026 01:08:56,-142.792861124275,-35.3597713909399,0,25,25,25,12,-27.8219846030896
01-Aug-2026 01:08:58,-142.788649619852,-35.3555598865173,0,25,25,25,12,-28.0188651443744
01-Aug-2026 01:09:00,-141.480818913055,-34.0477291797198,0,25,25,25,11,-27.0046113929918
01-Aug-2026 01:09:02,-141.762764072398,-34.3296743390628,0,25,25,25,12,-26.8168321009441
01-Aug-2026 01:09:04,-144.529032352955,-37.0959426196198,0,25,25,25,11,-27.3978280888699
01-Aug-2026 01:09:06,-144.040726224803,-36.6076364914675,0,25,25,25,12,-26.8670351652659
01-Aug-2026 01:09:08,-143.802175691439,-36.3690859581038,0,25,25,25,13,-26.5024685665388
01-Aug-2026 01:09:10,-144.39521001688,-36.9621202835447,0,25,25,25,13,-26.1706175702979
01-Aug-2026 01:09:12,-147.820782461602,-40.3876927282672,0,25,25,25,13,-26.8149232882749
01-Aug-2026 01:09:14,-150.753736965256,-43.3206472319209,0,25,25,25,13,-26.1475057052136
01-Aug-2026 01:09:16,-149.170537956213,-41.7374482228782,0,25,25,25,13,-25.9230724162268
01-Aug-2026 01:09:18,-147.647550862533,-40.2144611291977,0,25,25,25,13,-26.0238808555381
01-Aug-2026 01:09:20,-147.749927658143,-40.3168379248076,0,25,25,25,12,-40.3168379248076
01-Aug-2026 01:09:22,-147.667113426631,-40.2340236932962,0,25,25,25,11,-40.2340236932962
01-Aug-2026 01:09:24,-147.637863424653,-40.2047736913182,0,25,25,25,10,-40.2047736913182
01-Aug-2026 01:09:26,-147.961561280168,-40.528471546833,0,25,25,25,11,-40.528471546833
01-Aug-2026 01:09:28,-146.635537622469,-39.2024478891336,0,25,25,25,10,-39.2024478891336
01-Aug-2026 01:09:30,-146.010881614028,-38.5777918806924,0,25,25,25,10,-38.5777918806924
01-Aug-2026 01:09:32,-145.763494509027,-38.3304047756921,0,25,25,25,10,-38.3304047756921
01-Aug-2026 01:09:34,-144.523932693989,-37.0908429606538,0,26,26,26,13,-37.0908429606538
01-Aug-2026 01:09:36,-145.130366861758,-37.6972771284231,0,25,25,25,13,-37.6972771284231
01-Aug-2026 01:09:38,-143.72663980471,-36.2935500713743,0,25,25,25,16,-36.2935500713743
01-Aug-2026 01:09:40,-143.701193104369,-36.2681033710333,0,24,24,24,15,-36.2681033710333
01-Aug-2026 01:09:42,-149.344883740005,-41.9117940066702,0,24,24,24,14,-35.9595090417954
01-Aug-2026 01:09:44,-149.913747601037,-42.4806578677016,0,24,24,24,13,-36.2507982539588
01-Aug-2026 01:09:46,-150.477379565763,-43.0442898324277,0,24,24,24,13,-35.9588004323746
01-Aug-2026 01:09:48,-150.451980049299,-43.0188903159643,0,24,24,24,12,-36.1220627830247
01-Aug-2026 01:09:50,-149.768342700062,-42.335252966727,0,24,24,24,13,-36.1850216764807
01-Aug-2026 01:09:52,-150.293392408319,-42.8603026749839,0,24,24,24,11,-42.8603026749839
01-Aug-2026 01:09:54,-151.74987528769,-44.3167855543549,0,24,24,24,12,-36.992249152516
01-Aug-2026 01:09:56,-163.922348069938,-56.4892583366027,0,24,24,24,11,-37.5821295290969
01-Aug-2026 01:09:58,-164.116666205716,-56.6835764723807,0,24,24,24,11,-36.7435273390711
01-Aug-2026 01:10:00,-164.834759858006,-57.4016701246711,0,24,24,24,9,-36.7988919290806
01-Aug-2026 01:10:02,-164.63403254235,-57.2009428090149,0,24,24,24,9,-36.5248436082838
01-Aug-2026 01:10:04,-164.268492814863,-56.8354030815274,0,25,25,25,9,-36.3656475308064
01-Aug-2026 01:10:06,-159.455362511835,-52.0222727784997,0,25,25,25,9,-35.7079281625348
01-Aug-2026 01:10:08,-159.166663687183,-51.7335739538475,0,25,25,25,10,-35.647361312639
01-Aug-2026 01:10:10,-159.688091480634,-52.2550017472987,0,25,25,25,9,-35.8852474112364
01-Aug-2026 01:10:12,-159.355630473762,-51.9225407404267,0,25,25,25,10,-35.5579265429194
01-Aug-2026 01:10:14,-158.676240496693,-51.2431507633575,0,25,25,25,10,-35.2225705840547
01-Aug-2026 01:10:16,-158.41100809914,-50.9779183658045,0,25,25,25,10,-34.8922998890348
01-Aug-2026 01:10:18,-156.715027320044,-49.2819375867093,0,26,26,26,12,-35.1770417588614
01-Aug-2026 01:10:20,-156.557161715471,-49.1240719821358,0,26,26,26,11,-21.6069073511524
01-Aug-2026 01:10:22,-150.990128447237,-43.5570387139021,0,26,26,26,11,-23.0084423294605
01-Aug-2026 01:10:24,-148.555628706074,-41.1225389727392,0,26,26,26,12,-24.3206750860988
01-Aug-2026 01:10:26,-147.329680967087,-39.8965912337516,0,26,26,26,12,-25.6421319342604
01-Aug-2026 01:10:28,-147.548005319164,-40.1149155858292,0,26,26,26,12,-26.7212516889256
01-Aug-2026 01:10:30,-147.412094793973,-39.9790050606383,0,26,26,26,12,-26.7265405678542
01-Aug-2026 01:10:32,-147.341879261513,-39.9087895281778,0,24,24,24,12,-29.3228923836882
01-Aug-2026 01:10:34,-145.418882364395,-37.9857926310596,0,25,25,25,12,-29.6927707936965
01-Aug-2026 01:10:36,-145.54650310558,-38.1134133722445,0,25,25,25,13,-29.5275923363026
01-Aug-2026 01:10:38,-136.636496734918,-29.2034070015833,0,25,25,25,14,-29.2034070015833
01-Aug-2026 01:10:40,-136.017753955207,-28.5846642218719,0,25,25,25,13,-28.5846642218719
01-Aug-2026 01:10:42,-136.300226399948,-28.867136666613,0,25,25,25,14,-28.867136666613
01-Aug-2026 01:10:44,-135.703004036223,-28.2699143028877,0,25,25,25,15,-28.2699143028877
01-Aug-2026 01:10:46,-136.343104730771,-28.910014997436,0,25,25,25,14,-28.910014997436
01-Aug-2026 01:10:48,-136.099700910283,-28.6666111769479,0,26,26,26,14,-28.6666111769479
01-Aug-2026 01:10:50,-136.061709390235,-28.6286196568994,0,26,26,26,14,-28.6286196568994
01-Aug-2026 01:10:52,-136.607250611853,-29.1741608785174,0,26,26,26,18,-29.1741608785174
01-Aug-2026 01:10:54,-137.152886463626,-29.7197967302907,0,25,25,25,17,-29.7197967302907
01-Aug-2026 01:10:56,-137.184640779205,-29.7515510458699,0,25,25,25,17,-29.7515510458699
01-Aug-2026 01:10:58,-137.818367253946,-30.3852775206104,0,25,25,25,17,-30.3852775206104
01-Aug-2026 01:11:00,-137.893070889455,-30.4599811561194,0,25,25,25,16,-30.4599811561194
01-Aug-2026 01:11:02,-137.677855830435,-30.2447660970996,0,25,25,25,15,-30.2447660970996
01-Aug-2026 01:11:04,-137.389552216551,-29.9564624832159,0,25,25,25,16,-29.9564624832159
01-Aug-2026 01:11:06,-139.638000811187,-32.2049110778515,0,25,25,25,15,-32.2049110778515
01-Aug-2026 01:11:08,-135.855109186048,-28.4220194527127,0,24,24,24,13,-28.4220194527127
01-Aug-2026 01:11:10,-143.632591985263,-36.1995022519276,0,24,24,24,13,-36.1995022519276
01-Aug-2026 01:11:12,-145.201470085657,-37.768380352322,0,24,24,24,12,-37.768380352322
01-Aug-2026 01:11:14,-145.607914116189,-38.174824382854,0,24,24,24,12,-38.174824382854
01-Aug-2026 01:11:16,-143.311071397051,-35.877981663716,0,24,24,24,12,-35.877981663716
01-Aug-2026 01:11:18,-142.77463488023,-35.341545146895,0,24,24,24,12,-35.341545146895
01-Aug-2026 01:11:20,-142.925089997201,-35.4920002638659,0,24,24,24,10,-35.4920002638659
01-Aug-2026 01:11:22,-145.315139130462,-37.8820493971267,0,24,24,24,11,-37.8820493971267
01-Aug-2026 01:11:24,-136.934350555586,-29.5012608222507,0,24,24,24,13,-29.5012608222507
01-Aug-2026 01:11:26,-139.683963790195,-32.25087405686,0,24,24,24,12,-32.25087405686
01-Aug-2026 01:11:28,-142.788018643709,-35.3549289103734,0,24,24,24,11,-35.3549289103734
01-Aug-2026 01:11:30,-142.576261415364,-35.1431716820291,0,24,24,24,13,-35.1431716820291
01-Aug-2026 01:11:32,-142.658084811319,-35.2249950779841,0,24,24,24,12,-35.2249950779841
01-Aug-2026 01:11:34,-142.754440362297,-35.3213506289622,0,25,25,25,14,-35.3213506289622
01-Aug-2026 01:11:36,-149.173684446333,-41.7405947129974,0,25,25,25,13,-41.7405947129974
01-Aug-2026 01:11:38,-148.891056042931,-41.4579663095962,0,25,25,25,14,-41.4579663095962
01-Aug-2026 01:11:40,-150.676942133353,-43.2438524000177,0,25,25,25,13,-43.2438524000177
01-Aug-2026 01:11:42,-150.606934476256,-43.1738447429207,0,26,26,26,13,-43.1738447429207
01-Aug-2026 01:11:44,-150.712814000339,-43.2797242670034,0,26,26,26,13,-43.2797242670034
01-Aug-2026 01:11:46,-150.836657054139,-43.4035673208035,0,26,26,26,12,-43.4035673208035
01-Aug-2026 01:11:48,-150.964718925431,-43.5316291920954,0,26,26,26,11,-43.5316291920954
01-Aug-2026 01:11:50,-146.12323644208,-38.690146708745,0,26,26,26,11,-38.690146708745
01-Aug-2026 01:11:52,-121.234459672755,-13.8013699394197,0,26,26,26,15,-13.8013699394197
01-Aug-2026 01:11:54,-121.928185602478,-14.4950958691427,0,25,25,25,14,-14.4950958691427
01-Aug-2026 01:11:56,-122.753665873097,-15.3205761397622,0,25,25,25,13,-15.3205761397622
01-Aug-2026 01:11:58,-124.114479962098,-16.681390228763,0,25,25,25,12,-16.681390228763
01-Aug-2026 01:12:00,-124.878889642785,-17.4457999094501,0,26,26,26,13,-17.4457999094501
01-Aug-2026 01:12:02,-125.723599528955,-18.2905097956196,0,26,26,26,12,-18.2905097956196
01-Aug-2026 01:12:04,-146.03293818734,-38.5998484540052,0,26,26,26,11,-38.5998484540052
01-Aug-2026 01:12:06,-145.616755358006,-38.1836656246704,0,26,26,26,12,-38.1836656246704
01-Aug-2026 01:12:08,-145.69004768729,-38.2569579539543,0,26,26,26,13,-38.2569579539543
01-Aug-2026 01:12:10,-147.476028224639,-40.0429384913034,0,26,26,26,12,-40.0429384913034
01-Aug-2026 01:12:12,-146.92460026943,-39.491510536095,0,27,27,27,14,-39.491510536095
01-Aug-2026 01:12:14,-146.983163034022,-39.5500733006872,0,26,26,26,14,-39.5500733006872
01-Aug-2026 01:12:16,-146.547714437246,-39.1146247039104,0,27,27,27,15,-37.1662611014648
01-Aug-2026 01:12:18,-146.823734653197,-39.3906449198618,0,27,27,27,13,-37.6063464707165
01-Aug-2026 01:12:20,-146.715122930899,-39.2820331975638,0,27,27,27,13,-37.3806707650363
01-Aug-2026 01:12:22,-147.581348005952,-40.1482582726167,0,26,26,26,11,-37.8002627163332
01-Aug-2026 01:12:24,-144.276542505263,-36.8434527719282,0,27,27,27,13,-35.5998535233757
01-Aug-2026 01:12:26,-144.587581699809,-37.1544919664739,0,27,27,27,14,-35.8539384884315
01-Aug-2026 01:12:28,-144.584754868934,-37.1516651355984,0,27,27,27,16,-35.9197029148499
01-Aug-2026 01:12:30,-145.05010712982,-37.6170173964849,0,26,26,26,16,-35.9744690249536
01-Aug-2026 01:12:32,-145.451113929188,-38.018024195853,0,26,26,26,15,-36.0805868058679
01-Aug-2026 01:12:34,-142.854295495538,-35.4212057622027,0,26,26,26,16,-34.3307358326661
01-Aug-2026 01:12:36,-143.743285511052,-36.3101957777164,0,26,26,26,14,-35.139823156904
01-Aug-2026 01:12:38,-143.885246697733,-36.4521569643976,0,26,26,26,13,-35.3032247612753
01-Aug-2026 01:12:40,-143.62646580861,-36.1933760752745,0,26,26,26,13,-35.0446240377166
01-Aug-2026 01:12:42,-143.500879347526,-36.0677896141913,0,25,25,25,13,-35.0021784689491
01-Aug-2026 01:12:44,-143.671408007377,-36.2383182740416,0,25,25,25,12,-34.8704706009694
01-Aug-2026 01:12:46,-142.836167415285,-35.4030776819502,0,25,25,25,12,-34.1082769943023
01-Aug-2026 01:12:48,-145.646842857868,-38.2137531245331,0,25,25,25,12,-33.8555486016001
01-Aug-2026 01:12:50,-147.262396079219,-39.8293063458833,0,25,25,25,10,-34.3379179673056
01-Aug-2026 01:12:52,-147.201430738903,-39.7683410055675,0,25,25,25,9,-36.793595516621
01-Aug-2026 01:12:54,-145.180012267649,-37.7469225343135,0,25,25,25,11,-35.3365293377961
01-Aug-2026 01:12:56,-144.874982428049,-37.4418926947138,0,25,25,25,11,-34.9589192699186
01-Aug-2026 01:12:58,-146.730688270749,-39.2975985374141,0,25,25,25,10,-35.695091611185
01-Aug-2026 01:13:00,-146.984055666631,-39.5509659332958,0,25,25,25,11,-35.7487667707096
01-Aug-2026 01:13:02,-146.736830713306,-39.3037409799706,0,25,25,25,12,-35.1981258358616
01-Aug-2026 01:13:04,-146.50210561882,-39.069015885485,0,25,25,25,10,-39.069015885485
01-Aug-2026 01:13:06,-144.693355245883,-37.2602655125483,0,25,25,25,10,-37.2602655125483
01-Aug-2026 01:13:08,-144.757371079584,-37.3242813462486,0,25,25,25,11,-37.3242813462486
01-Aug-2026 01:13:10,-144.598257781666,-37.1651680483305,0,25,25,25,11,-37.1651680483305
01-Aug-2026 01:13:12,-144.812624404544,-37.3795346712085,0,25,25,25,11,-37.3795346712085
01-Aug-2026 01:13:14,-145.080130179209,-37.6470404458734,0,25,25,25,12,-37.6470404458734
01-Aug-2026 01:13:16,-144.927490789951,-37.4944010566157,0,25,25,25,12,-37.4944010566157
01-Aug-2026 01:13:18,-144.740914351048,-37.3078246177126,0,25,25,25,13,-37.3078246177126
01-Aug-2026 01:13:20,-145.26774743123,-37.8346576978945,0,25,25,25,12,-37.8346576978945
01-Aug-2026 01:13:22,-145.048304144474,-37.6152144111387,0,26,26,26,13,-37.6152144111387
01-Aug-2026 01:13:24,-145.23486338582,-37.8017736524844,0,26,26,26,13,-37.8017736524844
01-Aug-2026 01:13:26,-145.233606913573,-37.8005171802375,0,25,25,25,13,-37.8005171802375
01-Aug-2026 01:13:28,-145.23327027137,-37.8001805380349,0,24,24,24,11,-37.8001805380349
01-Aug-2026 01:13:30,-144.810113427674,-37.3770236943389,0,24,24,24,12,-26.3473049300883
01-Aug-2026 01:13:32,-149.423172582645,-41.9900828493101,0,24,24,24,12,-25.7661019122611
01-Aug-2026 01:13:34,-149.089775515211,-41.6566857818758,0,24,24,24,12,-25.4918703095648
01-Aug-2026 01:13:36,-149.731971089102,-42.2988813557666,0,24,24,24,13,-25.2473708148689
01-Aug-2026 01:13:38,-149.805476315573,-42.3723865822379,0,24,24,24,14,-24.8145538951838
01-Aug-2026 01:13:40,-149.916052686807,-42.4829629534718,0,24,24,24,13,-24.2724759510813
01-Aug-2026 01:13:42,-152.657586068994,-45.2244963356591,0,24,24,24,12,-24.1316223997975
01-Aug-2026 01:13:44,-152.786481323741,-45.3533915904057,0,24,24,24,12,-23.8001991546716
01-Aug-2026 01:13:46,-152.94726080029,-45.5141710669553,0,24,24,24,12,-23.6002363481864
01-Aug-2026 01:13:48,-158.144716424824,-50.7116266914891,0,24,24,24,10,-31.1691804384813
01-Aug-2026 01:13:50,-157.955715089439,-50.522625356104,0,24,24,24,8,-30.95529456035
01-Aug-2026 01:13:52,-158.106313119547,-50.6732233862117,0,25,25,25,10,-30.7432590217018
01-Aug-2026 01:13:54,-158.412734634213,-50.9796449008782,0,25,25,25,10,-30.717293150754
01-Aug-2026 01:13:56,-159.450005687002,-52.0169159536669,0,25,25,25,10,-30.4995037635111
01-Aug-2026 01:13:58,-148.215775723402,-40.7826859900664,0,25,25,25,11,-29.5924105021956
01-Aug-2026 01:14:00,-148.118540965494,-40.6854512321592,0,25,25,25,10,-30.1041391971328
01-Aug-2026 01:14:02,-147.808022860399,-40.3749331270637,0,25,25,25,10,-29.8664793009989
01-Aug-2026 01:14:04,-147.485769621554,-40.0526798882186,0,25,25,25,11,-29.1839500722403
01-Aug-2026 01:14:06,-147.053386162226,-39.6202964288912,0,25,25,25,10,-29.0165329487224
01-Aug-2026 01:14:08,-147.128913060026,-39.6958233266906,0,25,25,25,12,-28.9156375966074
01-Aug-2026 01:14:10,-146.846160388522,-39.4130706551866,0,26,26,26,14,-25.0356123792232
01-Aug-2026 01:14:12,-146.856468912591,-39.4233791792556,0,26,26,26,15,-26.2555907747438
01-Aug-2026 01:14:14,-147.067618021952,-39.6345282886167,0,26,26,26,13,-30.4367566555851
01-Aug-2026 01:14:16,-146.974118129378,-39.5410283960426,0,26,26,26,12,-39.5410283960426
01-Aug-2026 01:14:18,-146.926741262717,-39.4936515293814,0,26,26,26,11,-39.4936515293814
01-Aug-2026 01:14:20,-147.142641370463,-39.7095516371277,0,25,25,25,12,-32.1071731930398
01-Aug-2026 01:14:22,-147.741824783453,-40.3087350501178,0,25,25,25,11,-33.5848618621458
01-Aug-2026 01:14:24,-154.994698423821,-47.5616086904858,0,24,24,24,11,-34.7205958593614
01-Aug-2026 01:14:26,-154.942305223904,-47.5092154905688,0,25,25,25,10,-35.007422381041
01-Aug-2026 01:14:28,-143.180935532778,-35.7478457994425,0,25,25,25,10,-35.7478457994425
01-Aug-2026 01:14:30,-143.355593182874,-35.9225034495391,0,25,25,25,10,-35.9225034495391
01-Aug-2026 01:14:32,-152.590455020588,-45.1573652872531,0,26,26,26,8,-45.1573652872531
01-Aug-2026 01:14:34,-152.612701368502,-45.1796116351667,0,26,26,26,8,-45.1796116351667
01-Aug-2026 01:14:36,-151.088607218283,-43.6555174849478,0,26,26,26,10,-43.6555174849478
01-Aug-2026 01:14:38,-150.968109474038,-43.5350197407026,0,26,26,26,9,-43.5350197407026
01-Aug-2026 01:14:40,-155.803608115912,-48.3705183825772,0,26,26,26,7,-48.3705183825772
01-Aug-2026 01:14:42,-154.505270264781,-47.0721805314457,0,26,26,26,8,-47.0721805314457
01-Aug-2026 01:14:44,-154.422321552888,-46.9892318195527,0,25,25,25,7,-46.9892318195527
01-Aug-2026 01:14:46,-152.372180761576,-44.9390910282406,0,24,24,24,8,-44.9390910282406
01-Aug-2026 01:14:48,-144.078656784517,-36.6455670511822,0,24,24,24,9,-36.6455670511822
01-Aug-2026 01:14:50,-143.560355171887,-36.127265438552,0,24,24,24,8,-36.127265438552
01-Aug-2026 01:14:52,-143.266809054327,-35.8337193209919,0,24,24,24,9,-33.7444615338609
01-Aug-2026 01:14:54,-144.586416995947,-37.1533272626122,0,24,24,24,9,-34.9477933894161
01-Aug-2026 01:14:56,-143.86985238185,-36.4367626485144,0,24,24,24,9,-34.443293818519
01-Aug-2026 01:14:58,-141.500260649134,-34.0671709157983,0,24,24,24,8,-34.0671709157983
01-Aug-2026 01:15:00,-141.062834370713,-33.6297446373783,0,24,24,24,9,-33.6297446373783
01-Aug-2026 01:15:02,-141.249719364499,-33.8166296311635,0,24,24,24,10,-33.8166296311635
01-Aug-2026 01:15:04,-140.615451371043,-33.1823616377077,0,24,24,24,13,-33.1823616377077
01-Aug-2026 01:15:06,-140.608839518453,-33.175749785118,0,24,24,24,13,-33.175749785118
01-Aug-2026 01:15:08,-140.877180376718,-33.4440906433825,0,24,24,24,12,-33.4440906433825
01-Aug-2026 01:15:10,-140.846761931321,-33.4136721979863,0,24,24,24,12,-20.0499960033039
01-Aug-2026 01:15:12,-140.615703671888,-33.1826139385526,0,24,24,24,12,-20.4070782683214
01-Aug-2026 01:15:14,-140.479139922721,-33.0460501893856,0,24,24,24,12,-20.4239154467365
01-Aug-2026 01:15:16,-140.697636261132,-33.2645465277965,0,24,24,24,12,-19.9597078191989
01-Aug-2026 01:15:18,-141.742230413914,-34.3091406805793,0,25,25,25,13,-20.7342232300955
01-Aug-2026 01:15:20,-142.021351896442,-34.5882621631073,0,25,25,25,12,-21.0229717212796
01-Aug-2026 01:15:22,-141.561921676379,-34.1288319430439,0,25,25,25,13,-21.3162229906075
01-Aug-2026 01:15:24,-141.777601185431,-34.3445114520962,0,25,25,25,12,-21.7864800954356
01-Aug-2026 01:15:26,-141.855669632188,-34.4225798988523,0,25,25,25,12,-22.6292322564716
01-Aug-2026 01:15:28,-141.202517540105,-33.7694278067696,0,25,25,25,13,-22.6525440667249
01-Aug-2026 01:15:30,-140.818414940986,-33.3853252076507,0,25,25,25,14,-23.1041211585287
01-Aug-2026 01:15:32,-131.062347172697,-23.6292574393616,0,25,25,25,14,-23.6292574393616
01-Aug-2026 01:15:34,-131.144813690947,-23.7117239576121,0,26,26,26,15,-23.7117239576121
01-Aug-2026 01:15:36,-131.474803678125,-24.04171394479,0,26,26,26,14,-24.04171394479
01-Aug-2026 01:15:38,-132.183024112732,-24.7499343793971,0,26,26,26,14,-24.7499343793971
01-Aug-2026 01:15:40,-132.964052567806,-25.5309628344704,0,26,26,26,14,-25.5309628344704
01-Aug-2026 01:15:42,-133.057604114257,-25.6245143809223,0,26,26,26,16,-25.6245143809223
01-Aug-2026 01:15:44,-133.525099516345,-26.0920097830099,0,26,26,26,17,-26.0920097830099
01-Aug-2026 01:15:46,-134.093311900306,-26.6602221669705,0,26,26,26,18,-26.6602221669705
01-Aug-2026 01:15:48,-133.84981842359,-26.416728690255,0,26,26,26,17,-26.416728690255
01-Aug-2026 01:15:50,-142.207952935038,-34.774863201703,0,26,26,26,15,-34.774863201703
01-Aug-2026 01:15:52,-141.29795416315,-33.8648644298143,0,26,26,26,18,-33.8648644298143
01-Aug-2026 01:15:54,-140.395096065063,-32.9620063317275,0,26,26,26,16,-32.9620063317275
01-Aug-2026 01:15:56,-140.263347055385,-32.8302573220494,0,26,26,26,15,-32.8302573220494
01-Aug-2026 01:15:58,-140.181290561246,-32.7482008279105,0,26,26,26,14,-32.7482008279105
01-Aug-2026 01:16:00,-140.472008579487,-33.0389188461517,0,26,26,26,16,-33.0389188461517
01-Aug-2026 01:16:02,-140.196747198297,-32.7636574649617,0,25,25,25,16,-32.7636574649617
01-Aug-2026 01:16:04,-140.282816535073,-32.8497268017377,0,25,25,25,13,-32.8497268017377
01-Aug-2026 01:16:06,-139.771088657658,-32.3379989243233,0,25,25,25,14,-32.3379989243233
01-Aug-2026 01:16:08,-139.982236476387,-32.5491467430516,0,26,26,26,14,-32.5491467430516
01-Aug-2026 01:16:10,-138.40169501376,-30.9686052804249,0,26,26,26,13,-30.9686052804249
01-Aug-2026 01:16:12,-138.243402568419,-30.8103128350833,0,26,26,26,14,-30.8103128350833
01-Aug-2026 01:16:14,-138.493361623137,-31.0602718898019,0,26,26,26,14,-31.0602718898019
01-Aug-2026 01:16:16,-138.28791263074,-30.8548228974046,0,27,27,27,15,-30.8548228974046
01-Aug-2026 01:16:18,-138.099072692534,-30.665982959199,0,27,27,27,15,-30.665982959199
01-Aug-2026 01:16:20,-137.524738254337,-30.0916485210015,0,26,26,26,15,-30.0916485210015
01-Aug-2026 01:16:22,-137.53620663608,-30.1031169027452,0,26,26,26,14,-30.1031169027452
01-Aug-2026 01:16:24,-137.845875605101,-30.4127858717654,0,26,26,26,16,-30.4127858717654
01-Aug-2026 01:16:26,-137.111753638866,-29.6786639055308,0,26,26,26,13,-29.6786639055308
01-Aug-2026 01:16:28,-136.848200920383,-29.4151111870481,0,26,26,26,13,-29.4151111870481
01-Aug-2026 01:16:30,-136.417553194623,-28.9844634612878,0,26,26,26,13,-28.9844634612878
01-Aug-2026 01:16:32,-136.559920767824,-29.1268310344885,0,25,25,25,13,-29.1268310344885
01-Aug-2026 01:16:34,-136.463803446045,-29.0307137127098,0,25,25,25,13,-29.0307137127098
01-Aug-2026 01:16:36,-137.360293308361,-29.9272035750258,0,25,25,25,12,-28.5341313982171
01-Aug-2026 01:16:38,-137.103153083761,-29.6700633504256,0,25,25,25,13,-28.2030658243474
01-Aug-2026 01:16:40,-136.834861341539,-29.4017716082036,0,25,25,25,14,-27.543371918603
01-Aug-2026 01:16:42,-136.81566000001,-29.3825702666745,0,25,25,25,15,-27.3342976143149
01-Aug-2026 01:16:44,-137.023579922495,-29.5904901891597,0,25,25,25,16,-27.389281294639
01-Aug-2026 01:16:46,-136.8464192555,-29.4133295221652,0,25,25,25,16,-27.1017279519365
01-Aug-2026 01:16:48,-137.113198057008,-29.6801083236726,0,25,25,25,13,-27.1270205935257
01-Aug-2026 01:16:50,-136.808676467875,-29.37558673454,0,25,25,25,14,-26.7177305250416
01-Aug-2026 01:16:52,-136.887508107219,-29.4544183738839,0,25,25,25,14,-26.4263912270254
01-Aug-2026 01:16:54,-142.278464785527,-34.8453750521917,0,25,25,25,14,-25.7255255479946
01-Aug-2026 01:16:56,-142.199015115027,-34.7659253816918,0,25,25,25,13,-25.7676534785537
01-Aug-2026 01:16:58,-141.899284230176,-34.466194496841,0,25,25,25,13,-25.4835619658364
01-Aug-2026 01:17:00,-141.546280729203,-34.1131909958676,0,25,25,25,15,-24.9472986995575
01-Aug-2026 01:17:02,-142.047244785621,-34.6141550522854,0,25,25,25,14,-26.2456731025493
01-Aug-2026 01:17:04,-141.586865499591,-34.1537757662555,0,25,25,25,13,-26.894099154254
01-Aug-2026 01:17:06,-141.896985634136,-34.463895900801,0,25,25,25,11,-26.230689342105
01-Aug-2026 01:17:08,-141.99747806573,-34.5643883323945,0,25,25,25,11,-25.4248536571152
01-Aug-2026 01:17:10,-140.93216298123,-33.4990732478952,0,26,26,26,14,-24.8209204538728
01-Aug-2026 01:17:12,-140.436104034841,-33.0030143015059,0,26,26,26,14,-24.820060329941
01-Aug-2026 01:17:14,-140.366808609217,-32.9337188758819,0,25,25,25,11,-24.6154423350154
01-Aug-2026 01:17:16,-139.478699644961,-32.0456099116253,0,25,25,25,10,-32.0456099116253
01-Aug-2026 01:17:18,-149.128547569751,-41.6954578364158,0,25,25,25,9,-41.6954578364158
01-Aug-2026 01:17:20,-149.304161660942,-41.8710719276067,0,25,25,25,8,-41.8710719276067
01-Aug-2026 01:17:22,-148.529021791093,-41.0959320577574,0,24,24,24,9,-41.0959320577574
01-Aug-2026 01:17:24,-145.601589202269,-38.168499468934,0,24,24,24,11,-38.168499468934
01-Aug-2026 01:17:26,-146.139070887409,-38.7059811540734,0,24,24,24,11,-38.7059811540734
01-Aug-2026 01:17:28,-147.593662299754,-40.1605725664187,0,24,24,24,10,-40.1605725664187
01-Aug-2026 01:17:30,-147.286627189457,-39.8535374561217,0,24,24,24,10,-39.8535374561217
01-Aug-2026 01:17:32,-147.869711474234,-40.4366217408989,0,24,24,24,10,-40.4366217408989
01-Aug-2026 01:17:34,-147.579382337793,-40.1462926044576,0,24,24,24,11,-40.1462926044576
01-Aug-2026 01:17:36,-146.121067351278,-38.6879776179433,0,24,24,24,13,-38.6879776179433
01-Aug-2026 01:17:38,-145.894065797906,-38.4609760645707,0,24,24,24,14,-38.4609760645707
01-Aug-2026 01:17:40,-146.195845582443,-38.762755849108,0,25,25,25,15,-38.762755849108
01-Aug-2026 01:17:42,-146.627420138273,-39.1943304049382,0,25,25,25,12,-39.1943304049382
01-Aug-2026 01:17:44,-146.708806372422,-39.2757166390872,0,25,25,25,12,-39.2757166390872
01-Aug-2026 01:17:46,-148.94822491092,-41.5151351775849,0,25,25,25,10,-41.5151351775849
01-Aug-2026 01:17:48,-148.619994172232,-41.186904438897,0,25,25,25,10,-41.186904438897
01-Aug-2026 01:17:50,-148.764211170472,-41.3311214371364,0,25,25,25,10,-41.3311214371364
01-Aug-2026 01:17:52,-148.823587122771,-41.3904973894356,0,25,25,25,11,-41.3904973894356
01-Aug-2026 01:17:54,-148.387948772512,-40.9548590391769,0,25,25,25,11,-40.9548590391769
01-Aug-2026 01:17:56,-148.437594792197,-41.0045050588614,0,25,25,25,11,-41.0045050588614
01-Aug-2026 01:17:58,-147.956107212162,-40.5230174788271,0,25,25,25,9,-27.0351762383867
01-Aug-2026 01:18:00,-145.756810263484,-38.3237205301491,0,25,25,25,11,-27.954307534676
01-Aug-2026 01:18:02,-145.39001565515,-37.9569259218149,0,26,26,26,11,-28.7680949651188
01-Aug-2026 01:18:04,-145.137584741458,-37.7044950081231,0,26,26,26,10,-29.3720088892711
01-Aug-2026 01:18:06,-145.111609456844,-37.678519723509,0,26,26,26,10,-29.432668965448
01-Aug-2026 01:18:08,-145.132579674481,-37.6994899411456,0,26,26,26,11,-30.7865034012858
01-Aug-2026 01:18:10,-145.5552636762,-38.1221739428643,0,25,25,25,11,-31.79843595271
01-Aug-2026 01:18:12,-146.79860887416,-39.3655191408247,0,25,25,25,10,-32.0719026806098
01-Aug-2026 01:18:14,-146.913524267575,-39.4804345342399,0,24,24,24,11,-32.1427434592298
01-Aug-2026 01:18:16,-139.898691828144,-32.4656020948088,0,24,24,24,11,-32.4656020948088
01-Aug-2026 01:18:18,-140.002297781051,-32.5692080477154,0,26,26,26,10,-32.5692080477154
01-Aug-2026 01:18:20,-140.389191027545,-32.9561012942098,0,25,25,25,11,-32.9561012942098
01-Aug-2026 01:18:22,-140.60221574015,-33.1691260068151,0,25,25,25,13,-33.1691260068151
01-Aug-2026 01:18:24,-130.606892338013,-23.1738026046779,0,25,25,25,13,-23.1738026046779
01-Aug-2026 01:18:26,-131.341566231685,-23.9084764983497,0,25,25,25,13,-23.9084764983497
01-Aug-2026 01:18:28,-132.432314402525,-24.9992246691902,0,25,25,25,16,-24.9465288401034
01-Aug-2026 01:18:30,-133.00322634607,-25.5701366127344,0,25,25,25,16,-25.511683444076
01-Aug-2026 01:18:32,-133.177276184586,-25.7441864512511,0,25,25,25,16,-25.674859269797
01-Aug-2026 01:18:34,-133.803450805713,-26.3703610723781,0,25,25,25,15,-26.295485586958
01-Aug-2026 01:18:36,-143.594706336334,-36.1616166029992,0,25,25,25,15,-35.5268306423867
01-Aug-2026 01:18:38,-143.843451643813,-36.4103619104775,0,24,24,24,15,-36.4103619104775
01-Aug-2026 01:18:40,-144.399034992295,-36.9659452589601,0,24,24,24,15,-36.9659452589601
01-Aug-2026 01:18:42,-144.388888900806,-36.9557991674703,0,24,24,24,15,-36.9557991674703
01-Aug-2026 01:18:44,-143.940474552435,-36.5073848190999,0,24,24,24,15,-36.5073848190999
01-Aug-2026 01:18:46,-145.444517032301,-38.0114272989657,0,24,24,24,13,-38.0114272989657
01-Aug-2026 01:18:48,-145.336751162924,-37.9036614295885,0,24,24,24,14,-37.9036614295885
01-Aug-2026 01:18:50,-146.504323299919,-39.0712335665835,0,24,24,24,14,-39.0712335665835
01-Aug-2026 01:18:52,-146.133084464004,-38.6999947306692,0,24,24,24,14,-38.6999947306692
01-Aug-2026 01:18:54,-146.386000706843,-38.9529109735076,0,24,24,24,15,-38.9529109735076
01-Aug-2026 01:18:56,-144.995466526014,-37.5623767926784,0,24,24,24,16,-37.5623767926784
01-Aug-2026 01:18:58,-144.449100470499,-37.0160107371635,0,24,24,24,15,-37.0160107371635
01-Aug-2026 01:19:00,-144.634292815426,-37.2012030820912,0,24,24,24,16,-22.838782709947
01-Aug-2026 01:19:02,-144.536218116697,-37.1031283833614,0,25,25,25,15,-37.1031283833614
01-Aug-2026 01:19:04,-144.899052319158,-37.4659625858229,0,25,25,25,13,-37.4659625858229
01-Aug-2026 01:19:06,-145.186352686691,-37.7532629533561,0,25,25,25,14,-37.7532629533561
01-Aug-2026 01:19:08,-145.479758571579,-38.0466688382436,0,25,25,25,14,-38.0466688382436
01-Aug-2026 01:19:10,-145.023557409176,-37.5904676758403,0,25,25,25,14,-37.5904676758403
01-Aug-2026 01:19:12,-145.150639988369,-37.7175502550341,0,25,25,25,16,-37.7175502550341
01-Aug-2026 01:19:14,-145.601909264093,-38.168819530758,0,25,25,25,15,-38.168819530758
01-Aug-2026 01:19:16,-145.742721229435,-38.3096314960996,0,25,25,25,15,-38.3096314960996
01-Aug-2026 01:19:18,-145.927788392753,-38.4946986594175,0,25,25,25,14,-38.4946986594175
01-Aug-2026 01:19:20,-146.066405413263,-38.6333156799283,0,25,25,25,15,-38.6333156799283
01-Aug-2026 01:19:22,-146.506315905059,-39.0732261717237,0,25,25,25,15,-39.0732261717237
01-Aug-2026 01:19:24,-146.57064752368,-39.1375577903446,0,25,25,25,16,-39.1375577903446
01-Aug-2026 01:19:26,-147.275406114746,-39.842316381411,0,26,26,26,17,-39.842316381411
01-Aug-2026 01:19:28,-147.530867985891,-40.0977782525561,0,26,26,26,17,-40.0977782525561
01-Aug-2026 01:19:30,-148.389559675397,-40.9564699420614,0,26,26,26,16,-40.9564699420614
01-Aug-2026 01:19:32,-143.335200749757,-35.9021110164221,0,26,26,26,16,-35.9021110164221
01-Aug-2026 01:19:34,-144.98952622237,-37.5564364890347,0,26,26,26,16,-37.5564364890347
01-Aug-2026 01:19:36,-143.578989521909,-36.1458997885734,0,26,26,26,15,-36.1458997885734
01-Aug-2026 01:19:38,-143.62601456324,-36.192924829905,0,26,26,26,16,-36.192924829905
01-Aug-2026 01:19:40,-142.752365048584,-35.3192753152491,0,27,27,27,16,-35.3192753152491
01-Aug-2026 01:19:42,-142.464603511198,-35.0315137778631,0,27,27,27,14,-35.0315137778631
01-Aug-2026 01:19:44,-142.266106031411,-34.8330162980761,0,26,26,26,14,-34.8330162980761
01-Aug-2026 01:19:46,-143.023650476353,-35.5905607430183,0,26,26,26,14,-35.5905607430183
01-Aug-2026 01:19:48,-143.023146106032,-35.5900563726965,0,26,26,26,14,-35.5900563726965
01-Aug-2026 01:19:50,-142.154886007808,-34.7217962744729,0,25,25,25,12,-34.7217962744729
01-Aug-2026 01:19:52,-141.586009067047,-34.1529193337121,0,25,25,25,14,-34.1529193337121
01-Aug-2026 01:19:54,-140.99297291162,-33.559883178285,0,25,25,25,13,-33.559883178285
01-Aug-2026 01:19:56,-137.013886090403,-29.5807963570674,0,24,24,24,13,-29.5807963570674
01-Aug-2026 01:19:58,-136.98724306814,-29.5541533348044,0,24,24,24,13,-29.5541533348044
01-Aug-2026 01:20:00,-136.743756298098,-29.3106665647627,0,25,25,25,13,-29.3106665647627
01-Aug-2026 01:20:02,-139.228671880242,-31.7955821469073,0,25,25,25,15,-31.7955821469073
01-Aug-2026 01:20:04,-134.714920754734,-27.2818310213989,0,25,25,25,15,-27.2818310213989
01-Aug-2026 01:20:06,-134.349524487711,-26.9164347543758,0,26,26,26,16,-26.9164347543758
01-Aug-2026 01:20:08,-134.297669917051,-26.8645801837161,0,27,27,27,16,-26.8645801837161
01-Aug-2026 01:20:10,-134.787635515524,-27.3545457821886,0,27,27,27,18,-27.3545457821886
01-Aug-2026 01:20:12,-137.637558065822,-30.2044683324871,0,26,26,26,16,-30.2044683324871
01-Aug-2026 01:20:14,-137.623504966586,-30.1904152332509,0,26,26,26,17,-30.1904152332509
01-Aug-2026 01:20:16,-138.27942786051,-30.8463381271745,0,26,26,26,17,-30.8463381271745
01-Aug-2026 01:20:18,-138.50864805149,-31.0755583181549,0,26,26,26,16,-31.0755583181549
01-Aug-2026 01:20:20,-135.34681990934,-27.9137301760045,0,25,25,25,16,-27.9137301760045
01-Aug-2026 01:20:22,-138.982836789415,-31.5497470560797,0,25,25,25,16,-27.5485968797293
01-Aug-2026 01:20:24,-139.605106807932,-32.1720170745968,0,25,25,25,15,-27.1626314928531
01-Aug-2026 01:20:26,-140.229077084091,-32.7959873507559,0,25,25,25,15,-27.0445286075681
01-Aug-2026 01:20:28,-150.504525783167,-43.0714360498313,0,25,25,25,15,-28.3896861527717
01-Aug-2026 01:20:30,-150.210018625301,-42.7769288919662,0,25,25,25,15,-27.7822001560973
01-Aug-2026 01:20:32,-150.313985998082,-42.8808962647469,0,25,25,25,17,-26.9870304388681
01-Aug-2026 01:20:34,-150.449841006692,-43.0167512733563,0,25,25,25,16,-26.753961595493
01-Aug-2026 01:20:36,-150.325706632642,-42.8926168993071,0,25,25,25,16,-26.1192898208482
01-Aug-2026 01:20:38,-149.761237284231,-42.3281475508962,0,25,25,25,16,-25.783777935055
01-Aug-2026 01:20:40,-150.377468863203,-42.9443791298679,0,25,25,25,15,-26.2545552239679
01-Aug-2026 01:20:42,-150.185024104354,-42.7519343710188,0,25,25,25,15,-25.8936539586676
01-Aug-2026 01:20:44,-150.063693589256,-42.6306038559203,0,25,25,25,15,-20.3409662289945
01-Aug-2026 01:20:46,-150.314839530163,-42.8817497968282,0,25,25,25,16,-19.5723084199376
01-Aug-2026 01:20:48,-148.604133026692,-41.1710432933564,0,25,25,25,16,-19.0705313789879
01-Aug-2026 01:20:50,-148.433197560716,-41.0001078273812,0,25,25,25,16,-32.3390537827334
01-Aug-2026 01:20:52,-140.991514027061,-33.5584242937255,0,25,25,25,19,-30.6199154193066
01-Aug-2026 01:20:54,-141.175418517712,-33.742328784377,0,25,25,25,18,-30.6729998067228
01-Aug-2026 01:20:56,-148.318530729916,-40.8854409965811,0,26,26,26,17,-32.306896150003
01-Aug-2026 01:20:58,-150.116317463453,-42.6832277301183,0,26,26,26,15,-31.9582202989093
01-Aug-2026 01:21:00,-150.193431402214,-42.7603416688785,0,25,25,25,14,-31.5871284185241
01-Aug-2026 01:21:02,-150.349012336615,-42.9159226032799,0,25,25,25,13,-30.8426250237297
01-Aug-2026 01:21:04,-150.456010139354,-43.022920406019,0,25,25,25,13,-31.2717569774148
01-Aug-2026 01:21:06,-150.242656493645,-42.8095667603098,0,25,25,25,13,-31.1929824787609
01-Aug-2026 01:21:08,-150.377856671376,-42.9447669380406,0,25,25,25,13,-31.1024725899165
01-Aug-2026 01:21:10,-150.314615803436,-42.8815260701006,0,25,25,25,12,-30.5984473194326
01-Aug-2026 01:21:12,-156.053293237081,-48.6202035037462,0,25,25,25,12,-30.5974508132255
01-Aug-2026 01:21:14,-157.634097922603,-50.2010081892682,0,24,24,24,10,-50.2010081892682
01-Aug-2026 01:21:16,-156.642069276922,-49.2089795435872,0,24,24,24,10,-49.2089795435872
01-Aug-2026 01:21:18,-156.844836883026,-49.4117471496907,0,24,24,24,11,-49.4117471496907
01-Aug-2026 01:21:20,-156.614974258663,-49.1818845253275,0,24,24,24,11,-49.1818845253275
01-Aug-2026 01:21:22,-156.284224031917,-48.8511342985822,0,24,24,24,12,-32.7551069208209
01-Aug-2026 01:21:24,-156.42191707145,-48.9888273381152,0,24,24,24,12,-32.349735779428
01-Aug-2026 01:21:26,-156.439614919692,-49.0065251863567,0,24,24,24,12,-31.2145828929298
01-Aug-2026 01:21:28,-156.49471182072,-49.0616220873843,0,25,25,25,13,-31.2665439805832
01-Aug-2026 01:21:30,-156.2167679634,-48.7836782300652,0,25,25,25,14,-30.9805411760585
01-Aug-2026 01:21:32,-167.478574919876,-60.0454851865404,0,25,25,25,13,-30.6210294027727
01-Aug-2026 01:21:34,-168.506374569892,-61.0732848365566,0,25,25,25,10,-29.7591973455205
01-Aug-2026 01:21:36,-167.488616640829,-60.0555269074942,0,25,25,25,13,-30.2579499496277
01-Aug-2026 01:21:38,-167.318347179573,-59.8852574462375,0,25,25,25,13,-29.7117593892111
01-Aug-2026 01:21:40,-163.976899688595,-56.5438099552599,0,25,25,25,13,-29.4669856947578
01-Aug-2026 01:21:42,-168.005268833357,-60.572179100022,0,25,25,25,11,-29.0814327894698
01-Aug-2026 01:21:44,-167.904271004245,-60.4711812709098,0,25,25,25,10,-28.3373345939714
01-Aug-2026 01:21:46,-161.896175727975,-54.46308599464,0,25,25,25,12,-22.3680517288354
01-Aug-2026 01:21:48,-162.30190245694,-54.8688127236043,0,25,25,25,11,-22.9777996314656
01-Aug-2026 01:21:50,-162.15724038927,-54.7241506559348,0,25,25,25,11,-23.5583991250155
01-Aug-2026 01:21:52,-162.106076231512,-54.6729864981769,0,24,24,24,11,-24.0787576810947
01-Aug-2026 01:21:54,-149.78497431684,-42.3518845835051,0,25,25,25,12,-17.7051974085026
01-Aug-2026 01:21:56,-149.489879385208,-42.0567896518731,0,25,25,25,13,-18.7995032217244
01-Aug-2026 01:21:58,-162.592720300465,-55.1596305671294,0,25,25,25,12,-20.3154978222855
01-Aug-2026 01:22:00,-162.586375215945,-55.1532854826095,0,25,25,25,10,-23.3045542905718
01-Aug-2026 01:22:02,-162.971013082687,-55.5379233493519,0,24,24,24,9,-23.3610504528139
01-Aug-2026 01:22:04,-137.334755274565,-29.9016655412297,0,24,24,24,10,-29.9016655412297
01-Aug-2026 01:22:06,-137.84343545058,-30.4103457172445,0,24,24,24,10,-30.4103457172445
01-Aug-2026 01:22:08,-139.238587054842,-31.8054973215069,0,24,24,24,12,-31.8054973215069
01-Aug-2026 01:22:10,-139.012851915166,-31.5797621818309,0,25,25,25,12,-31.5797621818309
01-Aug-2026 01:22:12,-139.155520427068,-31.7224306937332,0,25,25,25,11,-31.7224306937332
01-Aug-2026 01:22:14,-139.638163680213,-32.2050739468782,0,25,25,25,11,-32.2050739468782
01-Aug-2026 01:22:16,-139.366134059205,-31.9330443258695,0,25,25,25,11,-31.9330443258695
01-Aug-2026 01:22:18,-139.483785960422,-32.0506962270867,0,25,25,25,12,-32.0506962270867
01-Aug-2026 01:22:20,-149.238758916898,-41.805669183563,0,25,25,25,10,-41.805669183563
01-Aug-2026 01:22:22,-149.163708446628,-41.7306187132925,0,25,25,25,10,-41.7306187132925
01-Aug-2026 01:22:24,-149.627350481355,-42.1942607480197,0,25,25,25,11,-42.1942607480197
01-Aug-2026 01:22:26,-149.643799074989,-42.2107093416537,0,25,25,25,11,-42.2107093416537
01-Aug-2026 01:22:28,-139.958385390004,-32.5252956566692,0,24,24,24,11,-32.5252956566692
01-Aug-2026 01:22:30,-140.36115296607,-32.9280632327352,0,24,24,24,12,-32.9280632327352
01-Aug-2026 01:22:32,-140.706128629279,-33.2730388959438,0,24,24,24,11,-33.2730388959438
01-Aug-2026 01:22:34,-141.6232987499,-34.1902090165646,0,24,24,24,11,-34.1902090165646
01-Aug-2026 01:22:36,-142.127664184865,-34.6945744515303,0,24,24,24,10,-34.6945744515303
01-Aug-2026 01:22:38,-142.821526663103,-35.3884369297675,0,24,24,24,11,-35.3884369297675
01-Aug-2026 01:22:40,-142.712910176958,-35.2798204436227,0,24,24,24,12,-35.2798204436227
01-Aug-2026 01:22:42,-143.391315288518,-35.9582255551828,0,24,24,24,13,-35.9582255551828
01-Aug-2026 01:22:44,-143.681247278721,-36.248157545386,0,24,24,24,12,-36.248157545386
01-Aug-2026 01:22:46,-134.060122797392,-26.6270330640565,0,25,25,25,12,-26.6270330640565
01-Aug-2026 01:22:48,-150.545430128344,-43.1123403950088,0,25,25,25,11,-43.1123403950088
01-Aug-2026 01:22:50,-150.619430157212,-43.1863404238765,0,25,25,25,9,-43.1863404238765
01-Aug-2026 01:22:52,-150.27017944727,-42.837089713935,0,25,25,25,10,-18.8898166223462
01-Aug-2026 01:22:54,-152.344844419419,-44.9117546860835,0,25,25,25,9,-19.3357470731657
01-Aug-2026 01:22:56,-144.392825746928,-36.9597360135925,0,25,25,25,9,-24.4183803784627
01-Aug-2026 01:22:58,-144.843808664694,-37.4107189313584,0,25,25,25,7,-24.8302726381021
01-Aug-2026 01:23:00,-144.65176568459,-37.2186759512547,0,25,25,25,6,-37.2186759512547
01-Aug-2026 01:23:02,-144.499782355756,-37.0666926224205,0,25,25,25,7,-37.0666926224205
01-Aug-2026 01:23:04,-143.862146592265,-36.4290568589301,0,25,25,25,10,-36.4290568589301
01-Aug-2026 01:23:06,-143.503919835941,-36.0708301026058,0,25,25,25,8,-36.0708301026058
01-Aug-2026 01:23:08,-142.923457043394,-35.4903673100592,0,25,25,25,9,-35.4903673100592
01-Aug-2026 01:23:10,-143.056863058441,-35.6237733251056,0,25,25,25,8,-35.6237733251056
01-Aug-2026 01:23:12,-142.803412027533,-35.3703222941978,0,25,25,25,9,-35.3703222941978
01-Aug-2026 01:23:14,-140.541853690935,-33.1087639575996,0,25,25,25,11,-33.1087639575996
01-Aug-2026 01:23:16,-139.237791484287,-31.8047017509521,0,25,25,25,12,-31.8047017509521
01-Aug-2026 01:23:18,-139.207032598571,-31.7739428652362,0,26,26,26,11,-31.7739428652362
01-Aug-2026 01:23:20,-139.342931620636,-31.9098418873011,0,26,26,26,11,-31.9098418873011
01-Aug-2026 01:23:22,-140.889283271472,-33.4561935381366,0,26,26,26,11,-33.4561935381366
01-Aug-2026 01:23:24,-133.911054195707,-26.4779644623719,0,26,26,26,15,-26.4779644623719
01-Aug-2026 01:23:26,-134.801631758478,-27.3685420251431,0,26,26,26,14,-27.3685420251431
01-Aug-2026 01:23:28,-135.555007636118,-28.121917902783,0,26,26,26,14,-28.121917902783
01-Aug-2026 01:23:30,-136.022154333589,-28.589064600254,0,26,26,26,14,-28.589064600254
01-Aug-2026 01:23:32,-134.803995602487,-27.370905869152,0,27,27,27,12,-27.370905869152
01-Aug-2026 01:23:34,-133.541887615095,-26.1087978817601,0,27,27,27,13,-26.1087978817601
01-Aug-2026 01:23:36,-133.483748198844,-26.0506584655084,0,27,27,27,13,-26.0506584655084
01-Aug-2026 01:23:38,-133.441707358574,-26.0086176252387,0,25,25,25,8,-26.0086176252387
01-Aug-2026 01:23:40,-134.138613540228,-26.7055238068926,0,25,25,25,7,-26.7055238068926
01-Aug-2026 01:23:42,-134.631558581149,-27.1984688478141,0,25,25,25,7,-27.1984688478141
01-Aug-2026 01:23:44,-134.462074589627,-27.028984856292,0,24,24,24,8,-27.028984856292
01-Aug-2026 01:23:46,-128.901464958369,-21.4683752250336,0,24,24,24,9,-21.4683752250336
01-Aug-2026 01:23:48,-129.633438944513,-22.2003492111775,0,24,24,24,9,-22.2003492111775
01-Aug-2026 01:23:50,-130.190608377002,-22.7575186436667,0,24,24,24,10,-22.5728390956078
01-Aug-2026 01:23:52,-130.61958975756,-23.1865000242251,0,24,24,24,11,-22.9875220347472
01-Aug-2026 01:23:54,-131.066631267055,-23.6335415337193,0,25,25,25,12,-23.3948774004304
01-Aug-2026 01:23:56,-131.296834895389,-23.8637451620542,0,26,26,26,14,-23.6138117883853
01-Aug-2026 01:23:58,-131.976108306547,-24.5430185732122,0,26,26,26,14,-24.2468106022078
01-Aug-2026 01:24:00,-135.233359937447,-27.8002702041119,0,26,26,26,15,-27.1358878685788
01-Aug-2026 01:24:02,-134.65978734467,-27.2266976113353,0,26,26,26,16,-26.6511749618994
01-Aug-2026 01:24:04,-133.904687810949,-26.4715980776141,0,25,25,25,13,-25.993751913953
01-Aug-2026 01:24:06,-134.323217565853,-26.8901278325183,0,25,25,25,12,-26.3027346955569
01-Aug-2026 01:24:08,-148.188390010683,-40.7553002773481,0,24,24,24,12,-26.2153887090483
01-Aug-2026 01:24:10,-148.041492177098,-40.6084024437626,0,25,25,25,12,-26.2990399592192
01-Aug-2026 01:24:12,-148.370458028093,-40.9373682947578,0,25,25,25,13,-26.2798434295321
01-Aug-2026 01:24:14,-148.846790703148,-41.4137009698126,0,25,25,25,11,-26.246984566158
01-Aug-2026 01:24:16,-149.323005080274,-41.8899153469393,0,25,25,25,11,-26.0246829775457
01-Aug-2026 01:24:18,-153.252481677468,-45.8193919441325,0,25,25,25,10,-24.9431059386252
01-Aug-2026 01:24:20,-153.053655392629,-45.6205656592934,0,25,25,25,10,-34.9145052069645
01-Aug-2026 01:24:22,-149.94759449722,-42.5145047638844,0,25,25,25,11,-33.6963708482138
01-Aug-2026 01:24:24,-149.741265291912,-42.3081755585773,0,25,25,25,12,-30.2925191963571
01-Aug-2026 01:24:26,-149.575360266008,-42.1422705326732,0,25,25,25,13,-29.8569457391787
01-Aug-2026 01:24:28,-153.228323086143,-45.7952333528077,0,25,25,25,12,-30.3110844910996
01-Aug-2026 01:24:30,-153.325290859971,-45.8922011266361,0,25,25,25,12,-30.2679618496012
01-Aug-2026 01:24:32,-153.168083490764,-45.7349937574287,0,25,25,25,13,-30.0151295939901
01-Aug-2026 01:24:34,-153.282359288424,-45.8492695550892,0,25,25,25,12,-29.1620850271104
01-Aug-2026 01:24:36,-153.126683373345,-45.6935936400094,0,25,25,25,12,-28.9038553199073
01-Aug-2026 01:24:38,-153.585989344968,-46.1528996116332,0,25,25,25,11,-32.4543799514491
01-Aug-2026 01:24:40,-157.136405637942,-49.7033159046068,0,25,25,25,10,-32.5502112308226
01-Aug-2026 01:24:42,-157.739481377867,-50.3063916445322,0,25,25,25,9,-32.3210551583989
01-Aug-2026 01:24:44,-158.303678859276,-50.870589125941,0,26,26,26,9,-32.2637132555482
01-Aug-2026 01:24:46,-146.728700945111,-39.2956112117757,0,26,26,26,9,-31.9263818801381
01-Aug-2026 01:24:48,-146.744829716162,-39.3117399828266,0,25,25,25,8,-31.7842615108698
01-Aug-2026 01:24:50,-147.108007979028,-39.674918245693,0,25,25,25,8,-32.0881498728954
01-Aug-2026 01:24:52,-157.269081558727,-49.8359918253921,0,25,25,25,7,-32.1016427394618
01-Aug-2026 01:24:54,-154.698995023651,-47.2659052903154,0,25,25,25,9,-31.6965244361408
01-Aug-2026 01:24:56,-150.936457417312,-43.5033676839773,0,25,25,25,10,-31.7117895656523
01-Aug-2026 01:24:58,-151.823440977582,-44.3903512442465,0,25,25,25,9,-30.9335931933676
01-Aug-2026 01:25:00,-157.523872773299,-50.0907830399643,0,25,25,25,8,-30.3106647679846
01-Aug-2026 01:25:02,-157.135810887898,-49.7027211545631,0,25,25,25,8,-49.7027211545631
01-Aug-2026 01:25:04,-156.904662461288,-49.4715727279526,0,25,25,25,7,-49.4715727279526
01-Aug-2026 01:25:06,-156.429325869354,-48.9962361360188,0,25,25,25,9,-48.9962361360188
01-Aug-2026 01:25:08,-153.790411675651,-46.3573219423155,0,24,24,24,11,-37.2004647317461
01-Aug-2026 01:25:10,-154.101246083315,-46.6681563499799,0,24,24,24,11,-36.9754463523225
01-Aug-2026 01:25:12,-154.639885259156,-47.2067955258205,0,24,24,24,11,-36.4215328496841
01-Aug-2026 01:25:14,-154.362796375091,-46.9297066417559,0,24,24,24,11,-36.2969533316756
01-Aug-2026 01:25:16,-157.811847110026,-50.3787573766906,0,25,25,25,12,-35.9114168833524
01-Aug-2026 01:25:18,-155.937879026635,-48.5047892932997,0,25,25,25,11,-35.7515437484734
01-Aug-2026 01:25:20,-132.675493042322,-25.2424033089866,0,25,25,25,12,-24.9121811511189
01-Aug-2026 01:25:22,-132.509976742028,-25.0768870086928,0,25,25,25,14,-24.7363272264103
01-Aug-2026 01:25:24,-132.177966377524,-24.7448766441886,0,24,24,24,14,-24.4313968718327
01-Aug-2026 01:25:26,-132.893598668482,-25.4605089351465,0,24,24,24,14,-25.1033771701726
01-Aug-2026 01:25:28,-132.841473576566,-25.4083838432308,0,24,24,24,14,-25.0979936959099
01-Aug-2026 01:25:30,-133.067212217853,-25.6341224845178,0,24,24,24,13,-25.3251724517368
01-Aug-2026 01:25:32,-129.939026927663,-22.5059371943277,0,24,24,24,15,-25.2498600473918
01-Aug-2026 01:25:34,-130.152919236306,-22.7198295029703,0,24,24,24,15,-24.888472777465
01-Aug-2026 01:25:36,-129.715554160123,-22.2824644267874,0,24,24,24,16,-23.9898606097792
01-Aug-2026 01:25:38,-133.243883034642,-25.8107933013069,0,24,24,24,16,-25.422894776663
01-Aug-2026 01:25:40,-128.509822395988,-21.0767326626532,0,24,24,24,16,-20.9372105761093
01-Aug-2026 01:25:42,-149.9321024775,-42.4990127441644,0,24,24,24,16,-35.0652551316139
01-Aug-2026 01:25:44,-149.614663567371,-42.1815738340357,0,25,25,25,16,-35.2422494644102
01-Aug-2026 01:25:46,-149.568198170402,-42.1351084370672,0,25,25,25,15,-35.0131805875897
01-Aug-2026 01:25:48,-149.517231538606,-42.0841418052711,0,25,25,25,15,-35.2701104095576
01-Aug-2026 01:25:50,-149.517253491321,-42.0841637579861,0,25,25,25,13,-35.0534380282295
01-Aug-2026 01:25:52,-149.563827563949,-42.130737830614,0,25,25,25,15,-35.1551227368443
01-Aug-2026 01:25:54,-149.734892026947,-42.3018022936117,0,25,25,25,16,-34.8853754752262
01-Aug-2026 01:25:56,-125.320568717032,-17.8874789836964,0,24,24,24,14,-17.82095565147
01-Aug-2026 01:25:58,-136.986321105135,-29.5532313718002,0,24,24,24,12,-28.6799351111333
01-Aug-2026 01:26:00,-137.56121780026,-30.1281280669243,0,24,24,24,14,-29.0594294176624
01-Aug-2026 01:26:02,-136.159499954713,-28.7264102213781,0,25,25,25,15,-28.7264102213781
01-Aug-2026 01:26:04,-136.430891480867,-28.9978017475322,0,25,25,25,14,-28.9978017475322
01-Aug-2026 01:26:06,-136.579892810227,-29.1468030768916,0,25,25,25,12,-29.1468030768916
01-Aug-2026 01:26:08,-137.235949169292,-29.8028594359565,0,25,25,25,13,-29.8028594359565
01-Aug-2026 01:26:10,-137.544843727202,-30.1117539938673,0,25,25,25,13,-30.1117539938673
01-Aug-2026 01:26:12,-137.778737527296,-30.3456477939611,0,25,25,25,11,-30.3456477939611
01-Aug-2026 01:26:14,-138.000791379933,-30.5677016465978,0,25,25,25,13,-30.5677016465978
01-Aug-2026 01:26:16,-139.305422176448,-31.872332443113,0,25,25,25,12,-31.872332443113
01-Aug-2026 01:26:18,-139.710176080437,-32.2770863471013,0,25,25,25,11,-32.2770863471013
01-Aug-2026 01:26:20,-139.339102520366,-31.9060127870307,0,24,24,24,11,-31.9060127870307
01-Aug-2026 01:26:22,-140.190200300219,-32.7571105668843,0,24,24,24,9,-32.7571105668843
01-Aug-2026 01:26:24,-139.895321272822,-32.4622315394871,0,24,24,24,9,-32.4622315394871
01-Aug-2026 01:26:26,-138.694282542477,-31.2611928091418,0,24,24,24,11,-31.2611928091418
01-Aug-2026 01:26:28,-137.43238441861,-29.9992946852744,0,24,24,24,10,-29.9992946852744
01-Aug-2026 01:26:30,-134.514345650945,-27.0812559176099,0,24,24,24,9,-27.0812559176099
01-Aug-2026 01:26:32,-129.794455934031,-22.3613662006962,0,25,25,25,9,-22.3613662006962
01-Aug-2026 01:26:34,-141.045290623048,-33.6122008897127,0,25,25,25,9,-33.6122008897127
01-Aug-2026 01:26:36,-141.384474972035,-33.9513852386995,0,25,25,25,9,-33.9513852386995
01-Aug-2026 01:26:38,-141.291652237079,-33.8585625037436,0,25,25,25,10,-33.8585625037436
01-Aug-2026 01:26:40,-141.42218075931,-33.9890910259753,0,25,25,25,10,-33.9890910259753
01-Aug-2026 01:26:42,-141.317901491277,-33.8848117579417,0,25,25,25,12,-33.8848117579417
01-Aug-2026 01:26:44,-141.257971117465,-33.8248813841303,0,25,25,25,12,-33.8248813841303
01-Aug-2026 01:26:46,-132.3579651804,-24.924875447065,0,25,25,25,13,-24.924875447065
01-Aug-2026 01:26:48,-136.322366836559,-28.8892771032241,0,25,25,25,14,-28.8892771032241
01-Aug-2026 01:26:50,-138.889197019542,-31.4561072862065,0,25,25,25,14,-31.4561072862065
01-Aug-2026 01:26:52,-140.467749486051,-33.0346597527155,0,25,25,25,10,-33.0346597527155
01-Aug-2026 01:26:54,-141.067707202912,-33.6346174695765,0,25,25,25,10,-33.6346174695765
01-Aug-2026 01:26:56,-141.076616229491,-33.6435264961553,0,25,25,25,11,-9.47817377437829
01-Aug-2026 01:26:58,-140.882583714846,-33.4494939815107,0,25,25,25,11,-9.49231223388715
01-Aug-2026 01:27:00,-140.898961279046,-33.4658715457109,0,25,25,25,11,-9.35645890518347
01-Aug-2026 01:27:02,-141.558277837243,-34.125188103908,0,25,25,25,12,-9.61231135152887
01-Aug-2026 01:27:04,-141.240530969378,-33.8074412360428,0,25,25,25,11,-9.98503459850892
01-Aug-2026 01:27:06,-142.111177894264,-34.6780881609291,0,25,25,25,10,-34.6780881609291
01-Aug-2026 01:27:08,-143.558215398842,-36.1251256655066,0,25,25,25,12,-36.1251256655066
01-Aug-2026 01:27:10,-145.959411056416,-38.5263213230805,0,26,26,26,13,-38.5263213230805
01-Aug-2026 01:27:12,-146.516714662724,-39.0836249293888,0,26,26,26,13,-39.0836249293888
01-Aug-2026 01:27:14,-145.603188434349,-38.1700987010142,0,26,26,26,13,-38.1700987010142
01-Aug-2026 01:27:16,-146.016027494895,-38.5829377615598,0,26,26,26,13,-38.5829377615598
01-Aug-2026 01:27:18,-148.782145203739,-41.3490554704039,0,26,26,26,13,-41.3490554704039
01-Aug-2026 01:27:20,-151.598746470346,-44.165656737011,0,26,26,26,12,-44.165656737011
01-Aug-2026 01:27:22,-141.268799779432,-33.8357100460966,0,27,27,27,15,-33.8357100460966
01-Aug-2026 01:27:24,-141.015183645538,-33.5820939122025,0,27,27,27,17,-33.5820939122025
01-Aug-2026 01:27:26,-141.108569563554,-33.6754798302188,0,26,26,26,17,-33.6754798302188
01-Aug-2026 01:27:28,-141.499210281924,-34.066120548589,0,26,26,26,14,-34.066120548589
01-Aug-2026 01:27:30,-152.080587456861,-44.6474977235254,0,25,25,25,13,-38.4954850026816
01-Aug-2026 01:27:32,-140.982145422859,-33.5490556895239,0,24,24,24,12,-32.679362826337
01-Aug-2026 01:27:34,-140.538704356467,-33.1056146231316,0,24,24,24,13,-32.2814046494611
01-Aug-2026 01:27:36,-140.746184744583,-33.3130950112478,0,24,24,24,14,-32.5406640433704
01-Aug-2026 01:27:38,-141.013917716888,-33.5808279835527,0,24,24,24,15,-32.6768689605148
01-Aug-2026 01:27:40,-152.832364365169,-45.3992746318335,0,24,24,24,14,-38.7590072863703
01-Aug-2026 01:27:42,-152.880428980537,-45.4473392472015,0,24,24,24,13,-38.7175296713719
01-Aug-2026 01:27:44,-153.096869522614,-45.6637797892793,0,24,24,24,12,-45.6637797892793
01-Aug-2026 01:27:46,-150.822580780414,-43.3894910470788,0,25,25,25,11,-43.3894910470788
01-Aug-2026 01:27:48,-150.656701278549,-43.2236115452133,0,26,26,26,11,-43.2236115452133
01-Aug-2026 01:27:50,-150.772156478143,-43.3390667448083,0,26,26,26,12,-43.3390667448083
01-Aug-2026 01:27:52,-142.428416370225,-34.9953266368896,0,26,26,26,13,-34.9953266368896
01-Aug-2026 01:27:54,-143.012727232993,-35.5796374996575,0,25,25,25,13,-35.5796374996575
01-Aug-2026 01:27:56,-144.06921494942,-36.6361252160847,0,25,25,25,14,-36.6361252160847
01-Aug-2026 01:27:58,-143.992881374831,-36.5597916414959,0,24,24,24,13,-36.5597916414959
01-Aug-2026 01:28:00,-143.746487278579,-36.3133975452438,0,24,24,24,12,-36.3133975452438
01-Aug-2026 01:28:02,-144.08517440606,-36.652084672725,0,24,24,24,12,-36.652084672725
01-Aug-2026 01:28:04,-144.321034274279,-36.8879445409442,0,24,24,24,10,-36.8879445409442
01-Aug-2026 01:28:06,-143.351838918492,-35.9187491851565,0,24,24,24,10,-35.9187491851565
01-Aug-2026 01:28:08,-146.834623920003,-39.4015341866676,0,24,24,24,10,-39.4015341866676
01-Aug-2026 01:28:10,-147.434897687923,-40.0018079545875,0,24,24,24,12,-40.0018079545875
01-Aug-2026 01:28:12,-147.387334628851,-39.9542448955156,0,24,24,24,12,-39.9542448955156
01-Aug-2026 01:28:14,-147.813895701648,-40.3808059683125,0,25,25,25,13,-40.3808059683125
01-Aug-2026 01:28:16,-149.149326911032,-41.7162371776968,0,25,25,25,11,-41.7162371776968
01-Aug-2026 01:28:18,-156.282075114487,-48.848985381152,0,25,25,25,10,-48.848985381152
01-Aug-2026 01:28:20,-163.629262806189,-56.1961730728537,0,25,25,25,9,-56.1961730728537
01-Aug-2026 01:28:22,-162.745787445325,-55.3126977119895,0,25,25,25,11,-55.3126977119895
01-Aug-2026 01:28:24,-163.811764799154,-56.378675065819,0,25,25,25,9,-56.378675065819
01-Aug-2026 01:28:26,-156.206202612178,-48.7731128788424,0,25,25,25,9,-48.7731128788424
01-Aug-2026 01:28:28,-147.927177811216,-40.4940880778806,0,25,25,25,10,-40.4940880778806
01-Aug-2026 01:28:30,-147.798485142747,-40.3653954094119,0,25,25,25,9,-40.3653954094119
01-Aug-2026 01:28:32,-147.794684352536,-40.3615946192009,0,26,26,26,9,-40.3615946192009
01-Aug-2026 01:28:34,-145.40120600077,-37.9681162674344,0,25,25,25,11,-37.9681162674344
01-Aug-2026 01:28:36,-145.702918008172,-38.2698282748369,0,25,25,25,11,-38.2698282748369
01-Aug-2026 01:28:38,-144.471781506661,-37.0386917733255,0,25,25,25,13,-37.0386917733255
01-Aug-2026 01:28:40,-142.918488216574,-35.4853984832383,0,25,25,25,14,-35.4853984832383
01-Aug-2026 01:28:42,-142.721831485808,-35.2887417524727,0,25,25,25,13,-35.2887417524727
01-Aug-2026 01:28:44,-142.489792852568,-35.0567031192333,0,25,25,25,13,-35.0567031192333
01-Aug-2026 01:28:46,-142.721898209283,-35.2888084759478,0,25,25,25,11,-35.2888084759478
01-Aug-2026 01:28:48,-143.096157045733,-35.6630673123977,0,25,25,25,12,-35.6630673123977
01-Aug-2026 01:28:50,-142.959007777391,-35.5259180440555,0,25,25,25,12,-35.5259180440555
01-Aug-2026 01:28:52,-142.889373714463,-35.4562839811278,0,25,25,25,11,-35.4562839811278
01-Aug-2026 01:28:54,-143.44843680442,-36.0153470710849,0,24,24,24,9,-36.0153470710849
01-Aug-2026 01:28:56,-143.946067207856,-36.5129774745211,0,24,24,24,7,-36.5129774745211
01-Aug-2026 01:28:58,-148.509725722389,-41.0766359890542,0,24,24,24,6,-41.0766359890542
01-Aug-2026 01:29:00,-147.838871072614,-40.4057813392784,0,24,24,24,6,-40.4057813392784
01-Aug-2026 01:29:02,-147.613833675584,-40.180743942249,0,23,23,23,7,-40.180743942249
01-Aug-2026 01:29:04,-147.750879383331,-40.3177896499954,0,24,24,24,7,-40.3177896499954
01-Aug-2026 01:29:06,-147.048601431199,-39.6155116978639,0,24,24,24,7,-39.6155116978639
01-Aug-2026 01:29:08,-146.944266690372,-39.5111769570364,0,24,24,24,9,-39.5111769570364
01-Aug-2026 01:29:10,-146.736692084202,-39.3036023508664,0,24,24,24,9,-39.3036023508664
01-Aug-2026 01:29:12,-146.55055649459,-39.1174667612546,0,24,24,24,7,-39.1174667612546
01-Aug-2026 01:29:14,-158.530681171156,-51.0975914378204,0,24,24,24,7,-51.0975914378204
01-Aug-2026 01:29:16,-159.129380990389,-51.6962912570533,0,24,24,24,7,-51.6962912570533
01-Aug-2026 01:29:18,-158.159698467555,-50.7266087342199,0,24,24,24,11,-50.7266087342199
01-Aug-2026 01:29:20,-155.216029126228,-47.782939392893,0,24,24,24,12,-47.782939392893
01-Aug-2026 01:29:22,-155.011214579144,-47.5781248458085,0,24,24,24,13,-47.5781248458085
01-Aug-2026 01:29:24,-154.603379535912,-47.1702898025772,0,24,24,24,13,-47.1702898025772
01-Aug-2026 01:29:26,-153.834273080644,-46.4011833473087,0,24,24,24,14,-46.4011833473087
01-Aug-2026 01:29:28,-153.410991048147,-45.9779013148123,0,24,24,24,14,-45.9779013148123
01-Aug-2026 01:29:30,-150.621856609721,-43.1887668763857,0,24,24,24,13,-43.1887668763857
01-Aug-2026 01:29:32,-150.484404195208,-43.0513144618729,0,24,24,24,13,-43.0513144618729
01-Aug-2026 01:29:34,-151.129909102082,-43.696819368747,0,24,24,24,12,-43.696819368747
01-Aug-2026 01:29:36,-150.307500918901,-42.8744111855655,0,25,25,25,11,-42.8744111855655
01-Aug-2026 01:29:38,-150.292333803032,-42.8592440696964,0,26,26,26,11,-42.8592440696964
01-Aug-2026 01:29:40,-149.982194757782,-42.5491050244463,0,26,26,26,11,-42.5491050244463
01-Aug-2026 01:29:42,-152.943106772782,-45.5100170394471,0,26,26,26,12,-45.5100170394471
01-Aug-2026 01:29:44,-153.149890694529,-45.7168009611936,0,26,26,26,10,-45.7168009611936
01-Aug-2026 01:29:46,-152.788516993509,-45.3554272601742,0,25,25,25,11,-45.3554272601742
01-Aug-2026 01:29:48,-153.072622863834,-45.6395331304986,0,25,25,25,12,-45.6395331304986
01-Aug-2026 01:29:50,-142.737936367412,-35.3048466340769,0,25,25,25,13,-35.3048466340769
01-Aug-2026 01:29:52,-143.217483272291,-35.7843935389562,0,25,25,25,12,-35.7843935389562
01-Aug-2026 01:29:54,-143.189799758045,-35.7567100247096,0,26,26,26,12,-35.7567100247096
01-Aug-2026 01:29:56,-142.805277136325,-35.3721874029902,0,26,26,26,11,-35.3721874029902
01-Aug-2026 01:29:58,-143.642890940437,-36.2098012071023,0,26,26,26,11,-36.2098012071023
01-Aug-2026 01:30:00,-144.216617591766,-36.7835278584308,0,26,26,26,11,-36.7835278584308
01-Aug-2026 01:30:02,-141.94399850217,-34.5109087688344,0,26,26,26,13,-34.5109087688344
01-Aug-2026 01:30:04,-142.1877742552,-34.7546845218648,0,26,26,26,13,-34.7546845218648
01-Aug-2026 01:30:06,-142.589649946587,-35.1565602132514,0,26,26,26,13,-35.1565602132514
01-Aug-2026 01:30:08,-142.748982279845,-35.3158925465096,0,26,26,26,12,-35.3158925465096
01-Aug-2026 01:30:10,-144.469360376456,-37.0362706431204,0,25,25,25,10,-37.0362706431204
01-Aug-2026 01:30:12,-144.43851968804,-37.0054299547044,0,25,25,25,11,-37.0054299547044
01-Aug-2026 01:30:14,-144.861654498359,-37.4285647650241,0,25,25,25,12,-37.4285647650241
01-Aug-2026 01:30:16,-146.326537645499,-38.8934479121642,0,25,25,25,13,-38.8934479121642
01-Aug-2026 01:30:18,-150.472556174692,-43.0394664413566,0,26,26,26,12,-43.0394664413566
01-Aug-2026 01:30:20,-150.38723447618,-42.954144742845,0,26,26,26,13,-42.954144742845
01-Aug-2026 01:30:22,-150.368037314836,-42.9349475815004,0,26,26,26,14,-42.9349475815004
01-Aug-2026 01:30:24,-150.514467134551,-43.0813774012158,0,26,26,26,13,-43.0813774012158
01-Aug-2026 01:30:26,-150.790260763228,-43.3571710298926,0,26,26,26,14,-25.8510991642711
01-Aug-2026 01:30:28,-151.180668952126,-43.7475792187908,0,26,26,26,15,-26.9253789278626
01-Aug-2026 01:30:30,-151.244061093618,-43.8109713602828,0,26,26,26,15,-26.6148408737822
01-Aug-2026 01:30:32,-151.124370842927,-43.6912811095916,0,26,26,26,14,-43.6912811095916
01-Aug-2026 01:30:34,-150.824779768477,-43.3916900351423,0,26,26,26,15,-43.3916900351423
01-Aug-2026 01:30:36,-150.897299722433,-43.4642099890974,0,26,26,26,16,-43.4642099890974
01-Aug-2026 01:30:38,-150.389289301356,-42.9561995680205,0,26,26,26,16,-42.9561995680205
01-Aug-2026 01:30:40,-151.334815114821,-43.9017253814862,0,26,26,26,17,-43.9017253814862
01-Aug-2026 01:30:42,-151.300913654004,-43.8678239206684,0,26,26,26,17,-43.8678239206684
01-Aug-2026 01:30:44,-153.751570348872,-46.3184806155372,0,26,26,26,17,-46.3184806155372
01-Aug-2026 01:30:46,-152.799987318373,-45.3668975850375,0,26,26,26,15,-45.3668975850375
01-Aug-2026 01:30:48,-144.938137233745,-37.5050475004102,0,26,26,26,15,-37.5050475004102
01-Aug-2026 01:30:50,-145.308008948802,-37.8749192154671,0,26,26,26,14,-37.8749192154671
01-Aug-2026 01:30:52,-146.043024104378,-38.6099343710428,0,26,26,26,14,-38.6099343710428
01-Aug-2026 01:30:54,-147.191313331953,-39.7582235986179,0,26,26,26,13,-39.7582235986179
01-Aug-2026 01:30:56,-168.226157532297,-60.7930677989615,0,26,26,26,10,-60.7930677989615
01-Aug-2026 01:30:58,-141.052191831243,-33.6191020979078,0,26,26,26,13,-33.6191020979078
01-Aug-2026 01:31:00,-154.349688482412,-46.9165987490765,0,26,26,26,10,-46.9165987490765
01-Aug-2026 01:31:02,-154.450482697587,-47.0173929642519,0,27,27,27,14,-47.0173929642519
01-Aug-2026 01:31:04,-154.620105712213,-47.1870159788782,0,27,27,27,14,-47.1870159788782
01-Aug-2026 01:31:06,-151.243745281038,-43.810655547703,0,27,27,27,15,-43.810655547703
01-Aug-2026 01:31:08,-147.661965304162,-40.2288755708266,0,27,27,27,15,-40.2288755708266
01-Aug-2026 01:31:10,-149.471727533894,-42.0386378005585,0,27,27,27,14,-42.0386378005585
01-Aug-2026 01:31:12,-141.835338797176,-34.4022490638409,0,28,28,28,15,-34.4022490638409
01-Aug-2026 01:31:14,-142.134835998983,-34.7017462656476,0,27,27,27,15,-34.7017462656476
01-Aug-2026 01:31:16,-141.81821072018,-34.3851209868448,0,26,26,26,15,-34.3851209868448
01-Aug-2026 01:31:18,-141.390818631742,-33.9577288984069,0,26,26,26,16,-33.9577288984069
01-Aug-2026 01:31:20,-141.039429707418,-33.6063399740826,0,26,26,26,16,-33.6063399740826
01-Aug-2026 01:31:22,-140.943941876615,-33.5108521432803,0,26,26,26,16,-33.5108521432803
01-Aug-2026 01:31:24,-148.533893840247,-41.1008041069114,0,25,25,25,15,-33.2371983858645
01-Aug-2026 01:31:26,-148.629436372813,-41.1963466394775,0,25,25,25,14,-33.3187813351235
01-Aug-2026 01:31:28,-148.582660411406,-41.149570678071,0,25,25,25,13,-33.757163484647
01-Aug-2026 01:31:30,-148.451553589195,-41.0184638558601,0,25,25,25,13,-33.9772829576375
01-Aug-2026 01:31:32,-148.32611815262,-40.8930284192848,0,25,25,25,11,-37.7855747303688
01-Aug-2026 01:31:34,-148.178731629934,-40.7456418965987,0,25,25,25,10,-40.7456418965987
01-Aug-2026 01:31:36,-148.499161525341,-41.0660717920059,0,24,24,24,10,-41.0660717920059
01-Aug-2026 01:31:38,-147.824872893041,-40.3917831597063,0,26,26,26,11,-40.3917831597063
01-Aug-2026 01:31:40,-147.381624037354,-39.9485343040184,0,26,26,26,11,-39.9485343040184
01-Aug-2026 01:31:42,-149.793736577891,-42.3606468445555,0,26,26,26,10,-42.3606468445555
01-Aug-2026 01:31:44,-146.731887006271,-39.2987972729354,0,26,26,26,11,-39.2987972729354
01-Aug-2026 01:31:46,-146.556922715158,-39.1238329818227,0,24,24,24,11,-39.1238329818227
01-Aug-2026 01:31:48,-146.740943143363,-39.3078534100277,0,24,24,24,10,-39.3078534100277
01-Aug-2026 01:31:50,-146.296579342101,-38.8634896087654,0,24,24,24,10,-38.8634896087654
01-Aug-2026 01:31:52,-146.373382683678,-38.9402929503429,0,24,24,24,11,-38.9402929503429
01-Aug-2026 01:31:54,-146.567728800493,-39.1346390671576,0,24,24,24,12,-39.1346390671576
01-Aug-2026 01:31:56,-146.473547791173,-39.0404580578373,0,24,24,24,12,-39.0404580578373
01-Aug-2026 01:31:58,-156.689356899485,-49.25626716615,0,24,24,24,11,-49.25626716615
01-Aug-2026 01:32:00,-157.020445204699,-49.5873554713638,0,24,24,24,11,-49.5873554713638
01-Aug-2026 01:32:02,-156.477770088131,-49.0446803547956,0,24,24,24,11,-49.0446803547956
01-Aug-2026 01:32:04,-142.646076108432,-35.2129863750965,0,24,24,24,13,-35.2129863750965
01-Aug-2026 01:32:06,-142.372457264787,-34.9393675314516,0,24,24,24,12,-34.9393675314516
01-Aug-2026 01:32:08,-142.377726827679,-34.944637094344,0,24,24,24,12,-34.944637094344
01-Aug-2026 01:32:10,-143.021225760653,-35.5881360273181,0,24,24,24,12,-35.5881360273181
01-Aug-2026 01:32:12,-142.64718096591,-35.2140912325748,0,24,24,24,12,-35.2140912325748
01-Aug-2026 01:32:14,-141.789115974224,-34.3560262408884,0,24,24,24,12,-34.3560262408884
01-Aug-2026 01:32:16,-142.157089416982,-34.7239996836468,0,24,24,24,11,-34.7239996836468
01-Aug-2026 01:32:18,-142.401162113112,-34.9680723797767,0,25,25,25,12,-34.9680723797767
01-Aug-2026 01:32:20,-142.3920021555,-34.9589124221644,0,24,24,24,12,-34.9589124221644
01-Aug-2026 01:32:22,-141.829828863911,-34.3967391305762,0,23,23,23,11,-34.3967391305762
01-Aug-2026 01:32:24,-141.801143507726,-34.3680537743908,0,24,24,24,9,-34.3680537743908
01-Aug-2026 01:32:26,-153.352136973556,-45.9190472402207,0,24,24,24,8,-45.9190472402207
01-Aug-2026 01:32:28,-153.147669726148,-45.7145799928131,0,24,24,24,8,-45.7145799928131
01-Aug-2026 01:32:30,-152.873285304151,-45.4401955708154,0,24,24,24,8,-45.4401955708154
01-Aug-2026 01:32:32,-152.612384669994,-45.1792949366589,0,24,24,24,9,-45.1792949366589
01-Aug-2026 01:32:34,-141.243552901981,-33.8104631686462,0,24,24,24,9,-33.8104631686462
01-Aug-2026 01:32:36,-140.811087249236,-33.3779975159007,0,24,24,24,9,-33.3779975159007
01-Aug-2026 01:32:38,-140.68147652615,-33.2483867928146,0,24,24,24,9,-33.2483867928146
01-Aug-2026 01:32:40,-140.939146678187,-33.5060569448519,0,24,24,24,10,-33.5060569448519
01-Aug-2026 01:32:42,-140.632892391553,-33.1998026582176,0,24,24,24,9,-33.1998026582176
01-Aug-2026 01:32:44,-140.740248196498,-33.3071584631626,0,24,24,24,9,-33.3071584631626
01-Aug-2026 01:32:46,-140.643757953764,-33.2106682204284,0,24,24,24,9,-33.2106682204284
01-Aug-2026 01:32:48,-141.131235819924,-33.698146086589,0,24,24,24,9,-33.698146086589
01-Aug-2026 01:32:50,-140.888195437273,-33.4551057039381,0,25,25,25,11,-33.4551057039381
01-Aug-2026 01:32:52,-141.456949656622,-34.0238599232868,0,26,26,26,13,-34.0238599232868
01-Aug-2026 01:32:54,-142.08349556491,-34.6504058315744,0,25,25,25,12,-34.6504058315744
01-Aug-2026 01:32:56,-141.417388029273,-33.9842982959377,0,25,25,25,12,-33.9842982959377
01-Aug-2026 01:32:58,-141.049351807995,-33.6162620746598,0,25,25,25,12,-33.6162620746598
01-Aug-2026 01:33:00,-140.804150973383,-33.3710612400477,0,25,25,25,12,-33.3710612400477
01-Aug-2026 01:33:02,-140.563471997053,-33.1303822637177,0,25,25,25,14,-33.1303822637177
01-Aug-2026 01:33:04,-140.667566100064,-33.2344763667291,0,25,25,25,14,-33.2344763667291
01-Aug-2026 01:33:06,-140.254270351431,-32.8211806180959,0,25,25,25,13,-32.8211806180959
01-Aug-2026 01:33:08,-140.017123229955,-32.5840334966198,0,25,25,25,10,-18.2857677664732
01-Aug-2026 01:33:10,-140.038404955568,-32.6053152222327,0,25,25,25,12,-19.2834078104189
01-Aug-2026 01:33:12,-139.31921915313,-31.8861294197951,0,25,25,25,13,-19.5290974323222
01-Aug-2026 01:33:14,-147.993024018611,-40.5599342852753,0,25,25,25,12,-20.6730956864523
01-Aug-2026 01:33:16,-148.099357970512,-40.6662682371771,0,25,25,25,12,-21.5845429767036
01-Aug-2026 01:33:18,-148.027972402052,-40.5948826687165,0,25,25,25,13,-23.1537889326956
01-Aug-2026 01:33:20,-147.412051074372,-39.9789613410367,0,25,25,25,12,-39.9789613410367
01-Aug-2026 01:33:22,-147.71294276105,-40.2798530277147,0,25,25,25,12,-40.2798530277147
01-Aug-2026 01:33:24,-147.565843218028,-40.1327534846928,0,26,26,26,13,-40.1327534846928
01-Aug-2026 01:33:26,-147.581568465993,-40.1484787326575,0,26,26,26,13,-40.1484787326575
01-Aug-2026 01:33:28,-147.365058745203,-39.9319690118679,0,27,27,27,14,-39.9319690118679
01-Aug-2026 01:33:30,-147.349455609904,-39.9163658765685,0,27,27,27,14,-39.9163658765685
01-Aug-2026 01:33:32,-147.354223822318,-39.9211340889832,0,26,26,26,14,-39.9211340889832
01-Aug-2026 01:33:34,-147.27522350059,-39.8421337672543,0,26,26,26,13,-39.8421337672543
01-Aug-2026 01:33:36,-147.111181336658,-39.678091603323,0,26,26,26,13,-39.678091603323
01-Aug-2026 01:33:38,-147.36539268505,-39.9323029517152,0,25,25,25,12,-39.9323029517152
01-Aug-2026 01:33:40,-147.17988498197,-39.7467952486351,0,25,25,25,13,-39.7467952486351
01-Aug-2026 01:33:42,-156.409540052016,-48.9764503186803,0,25,25,25,12,-48.9764503186803
01-Aug-2026 01:33:44,-149.838411764422,-42.4053220310869,0,25,25,25,14,-42.4053220310869
01-Aug-2026 01:33:46,-149.663099322436,-42.2300095891008,0,25,25,25,13,-42.2300095891008
01-Aug-2026 01:33:48,-134.910703297742,-27.4776135644071,0,26,26,26,15,-27.4776135644071
01-Aug-2026 01:33:50,-135.127059137686,-27.6939694043512,0,26,26,26,15,-27.6939694043512
01-Aug-2026 01:33:52,-135.258373908782,-27.8252841754468,0,26,26,26,15,-27.8252841754468
01-Aug-2026 01:33:54,-135.997963874203,-28.5648741408682,0,26,26,26,15,-28.5648741408682
01-Aug-2026 01:33:56,-135.764974652413,-28.3318849190775,0,26,26,26,15,-28.3318849190775
01-Aug-2026 01:33:58,-136.193576948089,-28.7604872147541,0,26,26,26,14,-28.7604872147541
01-Aug-2026 01:34:00,-135.783883490842,-28.3507937575063,0,26,26,26,14,-28.3507937575063
01-Aug-2026 01:34:02,-136.339893665709,-28.906803932374,0,26,26,26,15,-28.906803932374
01-Aug-2026 01:34:04,-136.812132147829,-29.3790424144942,0,26,26,26,15,-29.3790424144942
01-Aug-2026 01:34:06,-138.53936438373,-31.1062746503945,0,26,26,26,17,-31.1062746503945
01-Aug-2026 01:34:08,-137.256651348765,-29.8235616154298,0,26,26,26,16,-29.8235616154298
01-Aug-2026 01:34:10,-137.744598006525,-30.31150827319,0,26,26,26,16,-30.31150827319
01-Aug-2026 01:34:12,-136.678636573437,-29.245546840102,0,26,26,26,18,-29.245546840102
01-Aug-2026 01:34:14,-142.230568916403,-34.7974791830674,0,26,26,26,16,-34.7974791830674
01-Aug-2026 01:34:16,-141.884095331541,-34.4510055982063,0,26,26,26,16,-34.4510055982063
01-Aug-2026 01:34:18,-141.9251301033,-34.4920403699653,0,26,26,26,15,-34.4920403699653
01-Aug-2026 01:34:20,-142.144936200269,-34.7118464669338,0,26,26,26,14,-34.7118464669338
01-Aug-2026 01:34:22,-142.076314220593,-34.6432244872576,0,26,26,26,13,-34.6432244872576
01-Aug-2026 01:34:24,-142.228179779176,-34.7950900458407,0,26,26,26,14,-20.5084894054623
01-Aug-2026 01:34:26,-142.233719216962,-34.8006294836265,0,26,26,26,13,-21.287949970947
01-Aug-2026 01:34:28,-149.894228992318,-42.4611392589823,0,26,26,26,12,-22.9335812316546
01-Aug-2026 01:34:30,-149.657203734383,-42.2241140010474,0,26,26,26,13,-21.9321874407722
01-Aug-2026 01:34:32,-149.215729464105,-41.7826397307696,0,26,26,26,14,-22.87492804332
01-Aug-2026 01:34:34,-153.566060483646,-46.1329707503108,0,26,26,26,14,-22.7455777609628
01-Aug-2026 01:34:36,-150.684221022573,-43.2511312892377,0,26,26,26,14,-23.5491767641914
01-Aug-2026 01:34:38,-150.291086449504,-42.857996716169,0,26,26,26,15,-23.4466313142994
01-Aug-2026 01:34:40,-150.508241355636,-43.0751516223012,0,26,26,26,14,-23.6520275423163
01-Aug-2026 01:34:42,-132.260085862575,-24.8269961292394,0,26,26,26,14,-24.8269961292394
01-Aug-2026 01:34:44,-132.067864575623,-24.6347748422878,0,26,26,26,12,-24.6347748422878
01-Aug-2026 01:34:46,-133.15506285972,-25.7219731263845,0,26,26,26,11,-25.7219731263845
01-Aug-2026 01:34:48,-132.50807117166,-25.0749814383248,0,26,26,26,10,-25.0749814383248
01-Aug-2026 01:34:50,-132.668063888875,-25.2349741555396,0,26,26,26,10,-25.2349741555396
01-Aug-2026 01:34:52,-133.635483334922,-26.2023936015867,0,27,27,27,10,-26.2023936015867
01-Aug-2026 01:34:54,-133.367183747471,-25.9340940141356,0,27,27,27,10,-25.9340940141356
01-Aug-2026 01:34:56,-134.285677679389,-26.8525879460535,0,27,27,27,10,-26.8525879460535
01-Aug-2026 01:34:58,-134.384202292454,-26.9511125591187,0,27,27,27,11,-26.9511125591187
01-Aug-2026 01:35:00,-135.006715176979,-27.5736254436438,0,27,27,27,12,-27.5736254436438
01-Aug-2026 01:35:02,-135.757023840321,-28.3239341069863,0,25,25,25,12,-28.3239341069863
01-Aug-2026 01:35:04,-135.69173963985,-28.2586499065152,0,26,26,26,13,-28.2586499065152
01-Aug-2026 01:35:06,-134.823913345285,-27.3908236119498,0,26,26,26,13,-27.3908236119498
01-Aug-2026 01:35:08,-133.187033852628,-25.753944119293,0,26,26,26,14,-25.753944119293
01-Aug-2026 01:35:10,-134.125527262007,-26.6924375286717,0,26,26,26,13,-26.6924375286717
01-Aug-2026 01:35:12,-133.829431642491,-26.3963419091561,0,26,26,26,13,-26.3963419091561
01-Aug-2026 01:35:14,-133.58965664806,-26.1565669147249,0,26,26,26,13,-26.1565669147249
01-Aug-2026 01:35:16,-133.461431742123,-26.0283420087881,0,26,26,26,14,-26.0283420087881
01-Aug-2026 01:35:18,-133.170009502068,-25.7369197687328,0,25,25,25,14,-25.7369197687328
01-Aug-2026 01:35:20,-134.057181218121,-26.6240914847858,0,25,25,25,14,-26.6240914847858
01-Aug-2026 01:35:22,-134.629789422866,-27.1966996895312,0,25,25,25,15,-26.9945229937383
01-Aug-2026 01:35:24,-135.050325431108,-27.6172356977725,0,25,25,25,16,-27.4056684666933
01-Aug-2026 01:35:26,-134.660287807862,-27.2271980745265,0,25,25,25,16,-27.0113464774436
01-Aug-2026 01:35:28,-134.455046757159,-27.0219570238236,0,26,26,26,17,-26.7820424233633
01-Aug-2026 01:35:30,-134.289494196745,-26.8564044634098,0,26,26,26,18,-26.54227870924
01-Aug-2026 01:35:32,-134.120981341076,-26.6878916077412,0,27,27,27,19,-26.4674055780389
01-Aug-2026 01:35:34,-134.400642726369,-26.9675529930333,0,26,26,26,19,-26.9675529930333
01-Aug-2026 01:35:36,-134.957644987994,-27.5245552546587,0,26,26,26,18,-27.5245552546587
01-Aug-2026 01:35:38,-142.102610030665,-34.6695202973301,0,25,25,25,17,-34.6695202973301
01-Aug-2026 01:35:40,-149.964284747204,-42.5311950138685,0,25,25,25,15,-42.5311950138685
01-Aug-2026 01:35:42,-150.192768687572,-42.7596789542364,0,24,24,24,14,-42.7596789542364
01-Aug-2026 01:35:44,-149.568291162371,-42.1352014290357,0,24,24,24,14,-42.1352014290357
01-Aug-2026 01:35:46,-145.83969121805,-38.4066014847151,0,24,24,24,13,-38.4066014847151
01-Aug-2026 01:35:48,-145.625223950999,-38.1921342176639,0,24,24,24,14,-38.1921342176639
01-Aug-2026 01:35:50,-144.230241923986,-36.797152190651,0,24,24,24,12,-36.797152190651
01-Aug-2026 01:35:52,-144.785912428608,-37.3528226952724,0,24,24,24,13,-37.3528226952724
01-Aug-2026 01:35:54,-146.477119151281,-39.0440294179456,0,24,24,24,13,-39.0440294179456
01-Aug-2026 01:35:56,-146.516298116155,-39.0832083828194,0,24,24,24,12,-39.0832083828194
01-Aug-2026 01:35:58,-145.783485298413,-38.3503955650776,0,23,23,23,11,-38.3503955650776
01-Aug-2026 01:36:00,-144.161418316783,-36.7283285834477,0,23,23,23,12,-36.7283285834477
01-Aug-2026 01:36:02,-143.999606963245,-36.5665172299099,0,23,23,23,14,-36.5665172299099
01-Aug-2026 01:36:04,-143.528930404861,-36.095840671526,0,23,23,23,16,-36.095840671526
01-Aug-2026 01:36:06,-143.732864122554,-36.2997743892188,0,24,24,24,16,-36.2997743892188
01-Aug-2026 01:36:08,-143.622525266416,-36.1894355330809,0,23,23,23,16,-36.1894355330809
01-Aug-2026 01:36:10,-143.400584479703,-35.967494746368,0,24,24,24,16,-35.967494746368
01-Aug-2026 01:36:12,-143.995262092937,-36.5621723596023,0,24,24,24,16,-36.5621723596023
01-Aug-2026 01:36:14,-146.397438083598,-38.964348350263,0,24,24,24,13,-38.964348350263
01-Aug-2026 01:36:16,-146.280502849761,-38.8474131164259,0,24,24,24,13,-38.8474131164259
01-Aug-2026 01:36:18,-146.272413422159,-38.839323688824,0,24,24,24,12,-38.839323688824
01-Aug-2026 01:36:20,-146.028685705592,-38.5955959722566,0,24,24,24,12,-38.5955959722566
01-Aug-2026 01:36:22,-145.901982621827,-38.4688928884923,0,24,24,24,13,-38.4688928884923
01-Aug-2026 01:36:24,-145.001085804132,-37.5679960707969,0,24,24,24,14,-37.5679960707969
01-Aug-2026 01:36:26,-144.938011999622,-37.5049222662865,0,24,24,24,12,-37.5049222662865
01-Aug-2026 01:36:28,-145.031835712768,-37.5987459794326,0,24,24,24,14,-37.5987459794326
01-Aug-2026 01:36:30,-147.360651497427,-39.9275617640917,0,24,24,24,13,-39.9275617640917
01-Aug-2026 01:36:32,-147.336693594364,-39.9036038610288,0,24,24,24,14,-32.1185878242352
01-Aug-2026 01:36:34,-146.714695152224,-39.2816054188888,0,24,24,24,16,-32.238603178077
01-Aug-2026 01:36:36,-146.560749936999,-39.1276602036639,0,24,24,24,16,-32.3396917177453
01-Aug-2026 01:36:38,-146.623581418516,-39.1904916851807,0,24,24,24,16,-39.1904916851807
01-Aug-2026 01:36:40,-146.410623675522,-38.9775339421864,0,25,25,25,17,-38.9775339421864
01-Aug-2026 01:36:42,-145.984964029547,-38.5518742962116,0,26,26,26,18,-38.5518742962116
01-Aug-2026 01:36:44,-145.673725738354,-38.2406360050188,0,26,26,26,18,-38.2406360050188
01-Aug-2026 01:36:46,-150.691653761249,-43.2585640279136,0,25,25,25,16,-43.2585640279136
01-Aug-2026 01:36:48,-151.896173937036,-44.463084203701,0,25,25,25,15,-44.463084203701
01-Aug-2026 01:36:50,-152.842740362322,-45.4096506289866,0,25,25,25,14,-45.4096506289866
01-Aug-2026 01:36:52,-153.296692413686,-45.8636026803512,0,25,25,25,13,-45.8636026803512
01-Aug-2026 01:36:54,-153.472694373705,-46.0396046403697,0,25,25,25,13,-22.8046446715784
01-Aug-2026 01:36:56,-153.902460116819,-46.469370383484,0,25,25,25,13,-24.0252847867372
01-Aug-2026 01:36:58,-153.977056339216,-46.543966605881,0,25,25,25,12,-24.2331180367501
01-Aug-2026 01:37:00,-154.060405878803,-46.6273161454682,0,25,25,25,12,-24.7564935031661
01-Aug-2026 01:37:02,-153.706841892744,-46.2737521594091,0,25,25,25,12,-25.1773993130612
01-Aug-2026 01:37:04,-154.110537847598,-46.6774481142631,0,25,25,25,12,-26.6056082410121
01-Aug-2026 01:37:06,-156.431935614179,-48.9988458808434,0,25,25,25,12,-27.0173037382229
01-Aug-2026 01:37:08,-157.028799719766,-49.5957099864306,0,25,25,25,12,-27.7275902741223
01-Aug-2026 01:37:10,-157.094846562112,-49.6617568287768,0,25,25,25,13,-28.8763686541869
01-Aug-2026 01:37:12,-148.498353244209,-41.0652635108735,0,26,26,26,12,-41.0652635108735
01-Aug-2026 01:37:14,-148.378921356062,-40.9458316227271,0,26,26,26,13,-40.9458316227271
01-Aug-2026 01:37:16,-149.048244939025,-41.6151552056899,0,26,26,26,12,-41.6151552056899
01-Aug-2026 01:37:18,-149.50173864071,-42.0686489073745,0,26,26,26,10,-42.0686489073745
01-Aug-2026 01:37:20,-149.263617388532,-41.8305276551965,0,27,27,27,10,-41.8305276551965
01-Aug-2026 01:37:22,-149.405684176093,-41.9725944427574,0,27,27,27,10,-41.9725944427574
01-Aug-2026 01:37:24,-150.319803549264,-42.8867138159289,0,26,26,26,9,-42.8867138159289
01-Aug-2026 01:37:26,-149.516853260009,-42.0837635266743,0,26,26,26,10,-42.0837635266743
01-Aug-2026 01:37:28,-144.401785583891,-36.9686958505557,0,25,25,25,10,-36.9686958505557
01-Aug-2026 01:37:30,-146.219387428065,-38.7862976947303,0,25,25,25,10,-38.7862976947303
01-Aug-2026 01:37:32,-146.998146168426,-39.5650564350904,0,25,25,25,11,-39.5650564350904
01-Aug-2026 01:37:34,-147.975251827135,-40.5421620938003,0,25,25,25,11,-40.5421620938003
01-Aug-2026 01:37:36,-148.799795743168,-41.3667060098325,0,25,25,25,11,-41.3667060098325
01-Aug-2026 01:37:38,-148.887716151042,-41.4546264177073,0,25,25,25,11,-41.4546264177073
01-Aug-2026 01:37:40,-146.381476181823,-38.9483864484875,0,26,26,26,11,-38.9483864484875
01-Aug-2026 01:37:42,-143.747599922665,-36.3145101893299,0,26,26,26,11,-36.3145101893299
01-Aug-2026 01:37:44,-137.466079331031,-30.0329895976953,0,26,26,26,12,-30.0329895976953
01-Aug-2026 01:37:46,-137.697798980747,-30.2647092474121,0,26,26,26,13,-30.2647092474121
01-Aug-2026 01:37:48,-137.654313756454,-30.2212240231189,0,27,27,27,14,-30.2212240231189
01-Aug-2026 01:37:50,-137.451066658709,-30.0179769253741,0,27,27,27,15,-30.0179769253741
01-Aug-2026 01:37:52,-137.636937647175,-30.2038479138396,0,26,26,26,13,-30.2038479138396
01-Aug-2026 01:37:54,-137.468353823668,-30.0352640903328,0,26,26,26,12,-30.0352640903328
01-Aug-2026 01:37:56,-137.63597424986,-30.2028845165252,0,26,26,26,12,-25.8320892409044
01-Aug-2026 01:37:58,-137.712105217337,-30.2790154840016,0,26,26,26,12,-26.0496030816376
01-Aug-2026 01:38:00,-137.668019448177,-30.2349297148422,0,26,26,26,12,-30.2349297148422
01-Aug-2026 01:38:02,-138.148895696952,-30.7158059636165,0,26,26,26,11,-30.7158059636165
01-Aug-2026 01:38:04,-142.225958715805,-34.7928689824701,0,26,26,26,12,-34.7928689824701
01-Aug-2026 01:38:06,-145.435490979235,-38.0024012458995,0,26,26,26,10,-38.0024012458995
01-Aug-2026 01:38:08,-145.315333223655,-37.8822434903201,0,26,26,26,10,-37.8822434903201
01-Aug-2026 01:38:10,-146.25873395187,-38.8256442185351,0,26,26,26,7,-38.8256442185351
01-Aug-2026 01:38:12,-147.535514660885,-40.1024249275498,0,26,26,26,7,-40.1024249275498
01-Aug-2026 01:38:14,-147.757852011013,-40.3247622776775,0,26,26,26,8,-40.3247622776775
01-Aug-2026 01:38:16,-156.164554742583,-48.7314650092474,0,26,26,26,7,-48.7314650092474
01-Aug-2026 01:38:18,-147.599571645966,-40.1664819126313,0,26,26,26,9,-40.1664819126313
01-Aug-2026 01:38:20,-147.131273773658,-39.6981840403229,0,26,26,26,10,-39.6981840403229
01-Aug-2026 01:38:22,-147.102045747118,-39.6689560137833,0,26,26,26,10,-39.6689560137833
01-Aug-2026 01:38:24,-146.667602636939,-39.2345129036038,0,26,26,26,11,-39.2345129036038
01-Aug-2026 01:38:26,-145.97168748728,-38.5385977539444,0,26,26,26,14,-38.5385977539444
01-Aug-2026 01:38:28,-140.482460161162,-33.0493704278269,0,26,26,26,14,-33.0493704278269
01-Aug-2026 01:38:30,-140.12541388767,-32.6923241543348,0,26,26,26,14,-32.6923241543348
01-Aug-2026 01:38:32,-139.685011204841,-32.2519214715057,0,26,26,26,13,-32.2519214715057
01-Aug-2026 01:38:34,-139.077815504674,-31.6447257713392,0,26,26,26,14,-31.6447257713392
01-Aug-2026 01:38:36,-139.270910654942,-31.8378209216071,0,26,26,26,12,-31.8378209216071
01-Aug-2026 01:38:38,-132.75367974522,-25.3205900118851,0,26,26,26,15,-25.3205900118851
01-Aug-2026 01:38:40,-133.043442659158,-25.6103529258227,0,26,26,26,14,-25.6103529258227
01-Aug-2026 01:38:42,-133.88403291277,-26.4509431794353,0,26,26,26,16,-26.4509431794353
01-Aug-2026 01:38:44,-133.970172447307,-26.5370827139717,0,27,27,27,17,-26.5370827139717
01-Aug-2026 01:38:46,-134.534680244434,-27.101590511099,0,27,27,27,17,-27.101590511099
01-Aug-2026 01:38:48,-134.87507624189,-27.4419865085551,0,25,25,25,13,-27.4419865085551
01-Aug-2026 01:38:50,-132.457501358355,-25.0244116250201,0,25,25,25,14,-25.0244116250201
01-Aug-2026 01:38:52,-133.258221372807,-25.8251316394718,0,24,24,24,12,-25.8251316394718
01-Aug-2026 01:38:54,-133.431539989061,-25.998450255726,0,25,25,25,13,-25.998450255726
01-Aug-2026 01:38:56,-133.187403137777,-25.7543134044422,0,25,25,25,12,-25.7543134044422
01-Aug-2026 01:38:58,-133.080824656108,-25.6477349227731,0,25,25,25,12,-25.6477349227731
01-Aug-2026 01:39:00,-133.201019515371,-25.7679297820363,0,25,25,25,12,-25.7679297820363
01-Aug-2026 01:39:02,-132.799255298103,-25.3661655647678,0,25,25,25,12,-25.3661655647678
01-Aug-2026 01:39:04,-132.362580977734,-24.9294912443988,0,25,25,25,12,-24.9294912443988
01-Aug-2026 01:39:06,-132.32897073769,-24.8958810043551,0,25,25,25,13,-24.8958810043551
01-Aug-2026 01:39:08,-132.118559199981,-24.6854694666461,0,25,25,25,14,-24.6854694666461
01-Aug-2026 01:39:10,-132.258519003846,-24.8254292705103,0,24,24,24,14,-24.8254292705103
01-Aug-2026 01:39:12,-131.965402921281,-24.5323131879459,0,24,24,24,13,-24.5323131879459
01-Aug-2026 01:39:14,-131.937714842858,-24.5046251095224,0,24,24,24,12,-24.5046251095224
01-Aug-2026 01:39:16,-131.217781933937,-23.7846922006021,0,24,24,24,14,-23.7137236112184
01-Aug-2026 01:39:18,-131.31247989631,-23.8793901629744,0,24,24,24,14,-23.5846123499616
01-Aug-2026 01:39:20,-131.040188077651,-23.6070983443158,0,25,25,25,13,-23.3439972650201
01-Aug-2026 01:39:22,-130.248608759831,-22.8155190264958,0,24,24,24,14,-22.7519131440876
01-Aug-2026 01:39:24,-129.306167635991,-21.8730779026558,0,25,25,25,14,-21.8841934376947
01-Aug-2026 01:39:26,-129.482204049173,-22.0491143158382,0,25,25,25,13,-21.5885826497693
01-Aug-2026 01:39:28,-129.541804227433,-22.1087144940982,0,25,25,25,12,-21.0296871385473
01-Aug-2026 01:39:30,-129.846132855308,-22.4130431219732,0,24,24,24,12,-19.058467927204
01-Aug-2026 01:39:32,-130.056561011075,-22.6234712777397,0,24,24,24,11,-16.2961655387308
01-Aug-2026 01:39:34,-130.06829069635,-22.6352009630148,0,24,24,24,8,-13.5130556310739
01-Aug-2026 01:39:36,-130.642524815504,-23.209435082169,0,25,25,25,13,-23.011754920022
01-Aug-2026 01:39:38,-130.131068256421,-22.697978523086,0,25,25,25,13,-22.5108595453949
01-Aug-2026 01:39:40,-128.180597952201,-20.7475082188653,0,25,25,25,12,-20.7475082188653
01-Aug-2026 01:39:42,-125.523082816302,-18.0899930829671,0,25,25,25,12,-18.0899930829671
01-Aug-2026 01:39:44,-142.182332085605,-34.7492423522696,0,25,25,25,12,-34.7492423522696
01-Aug-2026 01:39:46,-142.179504713176,-34.7464149798413,0,25,25,25,11,-34.7464149798413
01-Aug-2026 01:39:48,-142.630450331891,-35.1973605985555,0,25,25,25,10,-35.1973605985555
01-Aug-2026 01:39:50,-152.959950621638,-45.5268608883027,0,25,25,25,8,-45.5268608883027
01-Aug-2026 01:39:52,-152.849189633423,-45.4160999000875,0,26,26,26,10,-45.4160999000875
01-Aug-2026 01:39:54,-150.154552026602,-42.7214622932664,0,26,26,26,10,-42.7214622932664
01-Aug-2026 01:39:56,-146.759235767906,-39.3261460345707,0,25,25,25,11,-39.3261460345707
01-Aug-2026 01:39:58,-134.066414549732,-26.6333248163967,0,25,25,25,10,-26.6333248163967
01-Aug-2026 01:40:00,-137.8274563473,-30.3943666139644,0,25,25,25,11,-30.3943666139644
01-Aug-2026 01:40:02,-140.755545336385,-33.3224556030494,0,25,25,25,11,-33.3224556030494
01-Aug-2026 01:40:04,-150.293711412361,-42.8606216790256,0,25,25,25,10,-42.8606216790256
01-Aug-2026 01:40:06,-150.388414872945,-42.9553251396098,0,25,25,25,10,-42.9553251396098
01-Aug-2026 01:40:08,-150.009735895047,-42.5766461617115,0,24,24,24,12,-42.5766461617115
01-Aug-2026 01:40:10,-150.216228465994,-42.7831387326593,0,24,24,24,12,-42.7831387326593
01-Aug-2026 01:40:12,-150.065339649357,-42.6322499160217,0,24,24,24,11,-42.6322499160217
01-Aug-2026 01:40:14,-149.65096274964,-42.2178730163052,0,24,24,24,12,-42.2178730163052
01-Aug-2026 01:40:16,-139.674410457538,-32.2413207242024,0,24,24,24,14,-32.2413207242024
01-Aug-2026 01:40:18,-139.655724540617,-32.2226348072815,0,24,24,24,15,-32.2226348072815
01-Aug-2026 01:40:20,-139.215316051411,-31.7822263180759,0,24,24,24,14,-31.7822263180759
01-Aug-2026 01:40:22,-139.21202752572,-31.7789377923847,0,24,24,24,15,-31.7789377923847
01-Aug-2026 01:40:24,-139.318776238277,-31.8856865049417,0,24,24,24,15,-31.8856865049417
01-Aug-2026 01:40:26,-139.483458195881,-32.0503684625462,0,24,24,24,16,-32.0503684625462
01-Aug-2026 01:40:28,-139.076046029879,-31.6429562965433,0,25,25,25,17,-31.6429562965433
01-Aug-2026 01:40:30,-138.981850536581,-31.5487608032454,0,25,25,25,17,-31.5487608032454
01-Aug-2026 01:40:32,-138.935551012465,-31.5024612791302,0,25,25,25,15,-31.5024612791302
01-Aug-2026 01:40:34,-139.276695234598,-31.8436055012626,0,25,25,25,15,-31.8436055012626
01-Aug-2026 01:40:36,-139.411077088942,-31.9779873556064,0,25,25,25,14,-31.9779873556064
01-Aug-2026 01:40:38,-139.214977472445,-31.7818877391095,0,25,25,25,14,-22.0142858049691
01-Aug-2026 01:40:40,-138.981307777241,-31.5482180439061,0,24,24,24,13,-22.4172794138464
01-Aug-2026 01:40:42,-138.807288395773,-31.3741986624377,0,24,24,24,11,-22.7023059108451
01-Aug-2026 01:40:44,-139.140650555873,-31.7075608225379,0,24,24,24,13,-23.000863868262
01-Aug-2026 01:40:46,-155.123314133482,-47.6902244001464,0,24,24,24,12,-24.6128964011193
01-Aug-2026 01:40:48,-155.141597514068,-47.7085077807333,0,24,24,24,12,-25.2913917332008
01-Aug-2026 01:40:50,-154.831825775049,-47.3987360417138,0,24,24,24,11,-47.3987360417138
01-Aug-2026 01:40:52,-153.312878659372,-45.879788926037,0,24,24,24,12,-45.879788926037
01-Aug-2026 01:40:54,-152.942992068289,-45.5099023349535,0,24,24,24,12,-45.5099023349535
01-Aug-2026 01:40:56,-152.640415653876,-45.207325920541,0,24,24,24,11,-45.207325920541
01-Aug-2026 01:40:58,-152.752341778626,-45.3192520452913,0,24,24,24,11,-45.3192520452913
01-Aug-2026 01:41:00,-151.268976782589,-43.835887049254,0,25,25,25,13,-43.835887049254
01-Aug-2026 01:41:02,-135.955759628644,-28.5226698953091,0,25,25,25,15,-28.5226698953091
01-Aug-2026 01:41:04,-136.354312446171,-28.9212227128358,0,25,25,25,15,-28.9212227128358
01-Aug-2026 01:41:06,-136.403426509459,-28.9703367761241,0,25,25,25,13,-28.9703367761241
01-Aug-2026 01:41:08,-136.15361157456,-28.720521841225,0,25,25,25,13,-28.720521841225
01-Aug-2026 01:41:10,-136.208012470432,-28.7749227370973,0,26,26,26,12,-28.7749227370973
01-Aug-2026 01:41:12,-137.023721874693,-29.5906321413582,0,26,26,26,12,-29.5906321413582
01-Aug-2026 01:41:14,-137.187003958921,-29.7539142255857,0,26,26,26,12,-29.7539142255857
01-Aug-2026 01:41:16,-137.368743411711,-29.9356536783753,0,25,25,25,13,-23.7468354828407
01-Aug-2026 01:41:18,-137.945672092218,-30.5125823588824,0,24,24,24,12,-30.5125823588824
01-Aug-2026 01:41:20,-138.51611247846,-31.0830227451251,0,24,24,24,12,-31.0830227451251
01-Aug-2026 01:41:22,-138.892226268826,-31.4591365354905,0,24,24,24,11,-31.4591365354905
01-Aug-2026 01:41:24,-138.837155872211,-31.4040661388762,0,24,24,24,11,-31.4040661388762
01-Aug-2026 01:41:26,-137.791073684233,-30.3579839508974,0,24,24,24,11,-30.3579839508974
01-Aug-2026 01:41:28,-138.054357591206,-30.6212678578711,0,24,24,24,11,-30.6212678578711
01-Aug-2026 01:41:30,-138.543065679502,-31.1099759461669,0,24,24,24,12,-31.1099759461669
01-Aug-2026 01:41:32,-138.848251066875,-31.4151613335401,0,24,24,24,11,-31.4151613335401
01-Aug-2026 01:41:34,-138.268961200948,-30.8358714676124,0,25,25,25,12,-30.8358714676124
01-Aug-2026 01:41:36,-145.851911011659,-38.4188212783235,0,26,26,26,11,-38.4188212783235
01-Aug-2026 01:41:38,-145.706344683619,-38.2732549502837,0,26,26,26,11,-38.2732549502837
01-Aug-2026 01:41:40,-145.764988576238,-38.3318988429028,0,26,26,26,11,-38.3318988429028
01-Aug-2026 01:41:42,-145.557573771209,-38.1244840378739,0,26,26,26,13,-38.1244840378739
01-Aug-2026 01:41:44,-145.021297823025,-37.5882080896902,0,25,25,25,13,-37.5882080896902
01-Aug-2026 01:41:46,-143.743063547581,-36.3099738142458,0,25,25,25,13,-36.3099738142458
01-Aug-2026 01:41:48,-141.111063649628,-33.6779739162927,0,25,25,25,13,-27.3508132294565
01-Aug-2026 01:41:50,-138.137009795504,-30.7039200621691,0,25,25,25,10,-30.7039200621691
01-Aug-2026 01:41:52,-134.464876458425,-27.0317867250895,0,25,25,25,10,-27.0317867250895
01-Aug-2026 01:41:54,-130.179138588485,-22.7460488551495,0,25,25,25,10,-22.7460488551495
01-Aug-2026 01:41:56,-124.345110700559,-16.9120209672241,0,25,25,25,10,-16.9120209672241
01-Aug-2026 01:41:58,-145.031177185939,-37.5980874526038,0,25,25,25,11,-37.5980874526038
01-Aug-2026 01:42:00,-145.019808685508,-37.5867189521729,0,25,25,25,12,-37.5867189521729
01-Aug-2026 01:42:02,-145.326950524356,-37.8938607910208,0,25,25,25,12,-37.8938607910208
01-Aug-2026 01:42:04,-143.106654869716,-35.6735651363804,0,25,25,25,13,-35.6735651363804
01-Aug-2026 01:42:06,-143.235854551579,-35.8027648182434,0,25,25,25,14,-35.8027648182434
01-Aug-2026 01:42:08,-144.513123251795,-37.0800335184595,0,25,25,25,13,-37.0800335184595
01-Aug-2026 01:42:10,-143.403397286161,-35.9703075528253,0,25,25,25,14,-35.9703075528253
01-Aug-2026 01:42:12,-143.49078492213,-36.0576951887944,0,25,25,25,14,-36.0576951887944
01-Aug-2026 01:42:14,-143.208628693505,-35.77553896017,0,25,25,25,13,-35.77553896017
01-Aug-2026 01:42:16,-142.767801424697,-35.3347116913618,0,25,25,25,12,-35.3347116913618
01-Aug-2026 01:42:18,-142.171463234928,-34.7383735015933,0,25,25,25,14,-34.7383735015933
01-Aug-2026 01:42:20,-142.028944822928,-34.5958550895923,0,25,25,25,15,-34.5958550895923
01-Aug-2026 01:42:22,-130.250906508684,-22.8178167753491,0,25,25,25,16,-22.8178167753491
01-Aug-2026 01:42:24,-130.426670971946,-22.9935812386103,0,25,25,25,15,-22.9935812386103
01-Aug-2026 01:42:26,-129.976846572845,-22.5437568395097,0,25,25,25,15,-22.5437568395097
01-Aug-2026 01:42:28,-129.775237311605,-22.3421475782702,0,25,25,25,16,-22.3421475782702
01-Aug-2026 01:42:30,-129.920787226523,-22.4876974931878,0,25,25,25,15,-22.4876974931878
01-Aug-2026 01:42:32,-129.505452354578,-22.0723626212427,0,25,25,25,15,-22.0723626212427
01-Aug-2026 01:42:34,-126.995745586191,-19.5626558528563,0,25,25,25,14,-19.5626558528563
01-Aug-2026 01:42:36,-128.310915719699,-20.8778259863634,0,24,24,24,15,-20.8778259863634
01-Aug-2026 01:42:38,-129.303418423626,-21.8703286902908,0,24,24,24,15,-21.8703286902908
01-Aug-2026 01:42:40,-130.227970633636,-22.7948809003005,0,24,24,24,14,-22.7948809003005
01-Aug-2026 01:42:42,-130.760007605283,-23.3269178719477,0,24,24,24,15,-23.3269178719477
01-Aug-2026 01:42:44,-131.569005664623,-24.1359159312876,0,24,24,24,15,-24.1359159312876
01-Aug-2026 01:42:46,-131.276678146686,-23.8435884133512,0,25,25,25,16,-23.8435884133512
01-Aug-2026 01:42:48,-131.421941483618,-23.9888517502832,0,25,25,25,16,-23.9888517502832
01-Aug-2026 01:42:50,-132.897838142142,-25.4647484088064,0,25,25,25,16,-25.4647484088064
01-Aug-2026 01:42:52,-133.579722503247,-26.146632769912,0,25,25,25,14,-26.146632769912
01-Aug-2026 01:42:54,-133.678334882274,-26.2452451489392,0,25,25,25,15,-26.2452451489392
01-Aug-2026 01:42:56,-134.556622061809,-27.1235323284734,0,25,25,25,13,-27.1235323284734
01-Aug-2026 01:42:58,-135.48674947355,-28.0536597402145,0,25,25,25,14,-28.0536597402145
01-Aug-2026 01:43:00,-135.987528045121,-28.5544383117858,0,25,25,25,13,-28.5544383117858
01-Aug-2026 01:43:02,-135.87889593576,-28.4458062024244,0,25,25,25,11,-28.4458062024244
01-Aug-2026 01:43:04,-136.058673097233,-28.6255833638976,0,24,24,24,10,-28.6255833638976
01-Aug-2026 01:43:06,-136.760842783051,-29.3277530497154,0,25,25,25,10,-29.3277530497154
01-Aug-2026 01:43:08,-137.408314122215,-29.97522438888,0,25,25,25,10,-29.97522438888
01-Aug-2026 01:43:10,-138.178193008303,-30.7451032749682,0,25,25,25,8,-30.7451032749682
01-Aug-2026 01:43:12,-138.427498514517,-30.9944087811821,0,25,25,25,8,-30.9944087811821
01-Aug-2026 01:43:14,-138.753765689031,-31.3206759556956,0,25,25,25,8,-31.3206759556956
01-Aug-2026 01:43:16,-138.686670840345,-31.2535811070094,0,25,25,25,9,-31.2535811070094
01-Aug-2026 01:43:18,-139.251472534503,-31.8183828011676,0,26,26,26,10,-31.8183828011676
01-Aug-2026 01:43:20,-138.781022016682,-31.3479322833473,0,25,25,25,9,-31.3479322833473
01-Aug-2026 01:43:22,-139.148083693673,-31.7149939603374,0,25,25,25,10,-31.7149939603374
01-Aug-2026 01:43:24,-140.453860152601,-33.0207704192656,0,25,25,25,9,-33.0207704192656
01-Aug-2026 01:43:26,-140.749254527355,-33.3161647940194,0,25,25,25,10,-33.3161647940194
01-Aug-2026 01:43:28,-142.3983059626,-34.9652162292651,0,25,25,25,10,-34.9652162292651
01-Aug-2026 01:43:30,-141.619342631693,-34.1862528983574,0,25,25,25,11,-34.1862528983574
01-Aug-2026 01:43:32,-141.305080040162,-33.8719903068265,0,25,25,25,12,-33.8719903068265
01-Aug-2026 01:43:34,-141.487758824548,-34.0546690912131,0,25,25,25,11,-34.0546690912131
01-Aug-2026 01:43:36,-142.239012979784,-34.8059232464491,0,25,25,25,11,-34.8059232464491
01-Aug-2026 01:43:38,-141.863145956997,-34.4300562236614,0,25,25,25,12,-24.4794793768645
01-Aug-2026 01:43:40,-142.386277044478,-34.9531873111429,0,26,26,26,12,-24.4505856140524
01-Aug-2026 01:43:42,-142.118779191449,-34.6856894581135,0,25,25,25,11,-34.6856894581135
01-Aug-2026 01:43:44,-147.324296720141,-39.8912069868059,0,25,25,25,10,-39.8912069868059
01-Aug-2026 01:43:46,-147.275866682445,-39.8427769491096,0,25,25,25,10,-39.8427769491096
01-Aug-2026 01:43:48,-149.904203275533,-42.4711135421975,0,25,25,25,9,-42.4711135421975
01-Aug-2026 01:43:50,-148.404504303249,-40.9714145699143,0,25,25,25,8,-40.9714145699143
01-Aug-2026 01:43:52,-150.316135661658,-42.8830459283224,0,25,25,25,10,-42.8830459283224
01-Aug-2026 01:43:54,-147.959613306106,-40.5265235727712,0,25,25,25,12,-40.5265235727712
01-Aug-2026 01:43:56,-147.944863705146,-40.5117739718106,0,25,25,25,14,-40.5117739718106
01-Aug-2026 01:43:58,-150.206811540274,-42.7737218069386,0,25,25,25,11,-42.7737218069386
01-Aug-2026 01:44:00,-150.029768271507,-42.5966785381722,0,25,25,25,10,-42.5966785381722
01-Aug-2026 01:44:02,-157.645503658636,-50.2124139253007,0,25,25,25,10,-50.2124139253007
01-Aug-2026 01:44:04,-156.967566421377,-49.534476688042,0,25,25,25,8,-49.534476688042
01-Aug-2026 01:44:06,-156.057873983468,-48.6247842501325,0,25,25,25,8,-48.6247842501325
01-Aug-2026 01:44:08,-156.131405021267,-48.6983152879317,0,25,25,25,7,-48.6983152879317
01-Aug-2026 01:44:10,-155.780575756708,-48.3474860233729,0,25,25,25,7,-48.3474860233729
01-Aug-2026 01:44:12,-166.629951729067,-59.1968619957321,0,25,25,25,4,-59.1968619957321
01-Aug-2026 01:44:14,-166.990230456255,-59.5571407229195,0,24,24,24,3,-59.5571407229195
01-Aug-2026 01:44:16,-167.077113885954,-59.6440241526193,0,24,24,24,4,-59.6440241526193
01-Aug-2026 01:44:18,-167.358313713915,-59.9252239805795,0,25,25,25,5,-59.9252239805795
01-Aug-2026 01:44:20,-167.05471365123,-59.6216239178947,0,25,25,25,8,-31.358192630162
01-Aug-2026 01:44:22,-166.567161001622,-59.1340712682868,0,25,25,25,9,-25.6740780281046
01-Aug-2026 01:44:24,-132.238763107725,-24.8056733743896,0,25,25,25,11,-22.1046257558316
01-Aug-2026 01:44:26,-131.54485667839,-24.1117669450545,0,25,25,25,12,-22.1231449730878
01-Aug-2026 01:44:28,-131.219865676243,-23.7867759429074,0,25,25,25,12,-21.9348194790175
01-Aug-2026 01:44:30,-131.36193260627,-23.9288428729352,0,25,25,25,12,-21.9673744766468
01-Aug-2026 01:44:32,-131.083844933766,-23.650755200431,0,24,24,24,12,-21.8885751893381
01-Aug-2026 01:44:34,-129.427263172535,-21.9941734392001,0,24,24,24,15,-20.8333705144214
01-Aug-2026 01:44:36,-128.979427384726,-21.5463376513907,0,24,24,24,15,-18.827168732165
01-Aug-2026 01:44:38,-129.138356535287,-21.705266801952,0,24,24,24,14,-19.0695117536952
01-Aug-2026 01:44:40,-128.975122247136,-21.5420325138006,0,24,24,24,14,-19.0469350936611
01-Aug-2026 01:44:42,-128.679983234505,-21.2468935011701,0,24,24,24,14,-19.0578304129423
01-Aug-2026 01:44:44,-133.510903488167,-26.077813754832,0,24,24,24,14,-21.7487205287204
01-Aug-2026 01:44:46,-151.09529605394,-43.6622063206044,0,24,24,24,11,-32.9252229717793
01-Aug-2026 01:44:48,-150.238659169981,-42.8055694366463,0,25,25,25,12,-32.9443503551975
01-Aug-2026 01:44:50,-148.743767728694,-41.310677995359,0,25,25,25,12,-33.1652149795511
01-Aug-2026 01:44:52,-140.382702719631,-32.9496129862955,0,25,25,25,13,-32.9496129862955
01-Aug-2026 01:44:54,-139.91805188888,-32.4849621555451,0,25,25,25,14,-32.4849621555451
01-Aug-2026 01:44:56,-142.766480839545,-35.3333911062098,0,25,25,25,14,-35.3333911062098
01-Aug-2026 01:44:58,-143.112066201201,-35.6789764678655,0,25,25,25,14,-35.6789764678655
01-Aug-2026 01:45:00,-144.208234939381,-36.7751452060456,0,25,25,25,11,-36.7751452060456
01-Aug-2026 01:45:02,-143.847065497837,-36.413975764502,0,26,26,26,12,-36.413975764502
01-Aug-2026 01:45:04,-144.345432776429,-36.9123430430936,0,26,26,26,11,-36.9123430430936
01-Aug-2026 01:45:06,-144.520011689632,-37.0869219562969,0,25,25,25,9,-37.0869219562969
01-Aug-2026 01:45:08,-145.530484398856,-38.0973946655207,0,25,25,25,8,-38.0973946655207
01-Aug-2026 01:45:10,-146.111319012698,-38.6782292793626,0,24,24,24,9,-28.9693036245833
01-Aug-2026 01:45:12,-146.659011999583,-39.2259222662476,0,24,24,24,9,-29.4581610361709
01-Aug-2026 01:45:14,-146.940229699024,-39.5071399656888,0,24,24,24,9,-29.5897483939586
01-Aug-2026 01:45:16,-146.975975459247,-39.5428857259114,0,24,24,24,9,-29.5948851978488
01-Aug-2026 01:45:18,-146.911980831426,-39.4788910980906,0,24,24,24,9,-29.0668005560136
01-Aug-2026 01:45:20,-165.400824849917,-57.9677351165821,0,24,24,24,9,-30.0680203700187
01-Aug-2026 01:45:22,-168.250608814006,-60.8175190806706,0,25,25,25,7,-30.8661927693204
01-Aug-2026 01:45:24,-153.544043168864,-46.1109534355288,0,25,25,25,9,-30.8778123973223
01-Aug-2026 01:45:26,-150.115867425144,-42.6827776918086,0,25,25,25,11,-31.5505826521112
01-Aug-2026 01:45:28,-146.813472945687,-39.3803832123522,0,26,26,26,12,-30.7921931819616
01-Aug-2026 01:45:30,-146.138576685515,-38.7054869521795,0,26,26,26,12,-29.6466767971444
01-Aug-2026 01:45:32,-146.441299504299,-39.0082097709636,0,26,26,26,11,-30.9006308837683
01-Aug-2026 01:45:34,-144.621577676141,-37.1884879428063,0,25,25,25,12,-30.6092419142233
01-Aug-2026 01:45:36,-144.198083289558,-36.7649935562223,0,25,25,25,12,-30.4488885905874
01-Aug-2026 01:45:38,-143.729728850141,-36.296639116806,0,25,25,25,13,-30.3074513393508
01-Aug-2026 01:45:40,-143.453998114985,-36.0209083816496,0,25,25,25,13,-29.7434501254347
01-Aug-2026 01:45:42,-143.099397030381,-35.6663072970455,0,25,25,25,14,-35.6663072970455
01-Aug-2026 01:45:44,-142.682333181121,-35.2492434477861,0,25,25,25,13,-35.2492434477861
01-Aug-2026 01:45:46,-142.132851105257,-34.6997613719219,0,25,25,25,14,-34.6997613719219
01-Aug-2026 01:45:48,-144.407324680255,-36.9742349469196,0,25,25,25,13,-36.9742349469196
01-Aug-2026 01:45:50,-139.764936804195,-32.3318470708596,0,25,25,25,12,-32.3318470708596
01-Aug-2026 01:45:52,-140.440390966523,-33.0073012331874,0,25,25,25,11,-33.0073012331874
01-Aug-2026 01:45:54,-140.37752986547,-32.944440132135,0,25,25,25,10,-32.944440132135
01-Aug-2026 01:45:56,-140.073868076833,-32.640778343498,0,25,25,25,10,-32.640778343498
01-Aug-2026 01:45:58,-138.218518528773,-30.7854287954376,0,25,25,25,11,-30.7854287954376
01-Aug-2026 01:46:00,-137.123556978919,-29.6904672455843,0,25,25,25,9,-29.6904672455843
01-Aug-2026 01:46:02,-137.89827628927,-30.4651865559348,0,25,25,25,8,-30.4651865559348
01-Aug-2026 01:46:04,-137.990876128494,-30.557786395159,0,25,25,25,8,-30.557786395159
01-Aug-2026 01:46:06,-136.772416309871,-29.3393265765361,0,25,25,25,10,-29.3393265765361
01-Aug-2026 01:46:08,-139.615028781359,-32.1819390480234,0,25,25,25,7,-32.1819390480234
01-Aug-2026 01:46:10,-139.244240600119,-31.8111508667837,0,25,25,25,7,-31.8111508667837
01-Aug-2026 01:46:12,-139.117232060851,-31.6841423275154,0,25,25,25,7,-31.6841423275154
01-Aug-2026 01:46:14,-141.374620930032,-33.9415311966968,0,25,25,25,6,-33.9415311966968
01-Aug-2026 01:46:16,-140.9787683741,-33.5456786407645,0,25,25,25,7,-33.5456786407645
01-Aug-2026 01:46:18,-140.147275591941,-32.7141858586063,0,25,25,25,8,-32.7141858586063
01-Aug-2026 01:46:20,-142.715552993783,-35.2824632604481,0,24,24,24,6,-35.2824632604481
01-Aug-2026 01:46:22,-142.442080629114,-35.008990895779,0,23,23,23,7,-35.008990895779
01-Aug-2026 01:46:24,-142.24603755238,-34.8129478190453,0,23,23,23,7,-34.8129478190453
01-Aug-2026 01:46:26,-141.891194350354,-34.4581046170186,0,24,24,24,9,-34.4581046170186
01-Aug-2026 01:46:28,-142.206733368564,-34.7736436352284,0,24,24,24,9,-34.7736436352284
01-Aug-2026 01:46:30,-141.698733838542,-34.2656441052069,0,24,24,24,11,-34.2656441052069
01-Aug-2026 01:46:32,-141.587236612931,-34.1541468795959,0,24,24,24,12,-34.1541468795959
01-Aug-2026 01:46:34,-141.210864615152,-33.7777748818171,0,24,24,24,13,-33.7777748818171
01-Aug-2026 01:46:36,-138.940257061321,-31.5071673279861,0,25,25,25,14,-31.5071673279861
01-Aug-2026 01:46:38,-138.438747966091,-31.0056582327563,0,26,26,26,13,-31.0056582327563
01-Aug-2026 01:46:40,-140.861443865422,-33.428354132087,0,26,26,26,14,-33.428354132087
01-Aug-2026 01:46:42,-139.852833836951,-32.4197441036156,0,26,26,26,15,-32.4197441036156
01-Aug-2026 01:46:44,-138.288848948797,-30.8557592154618,0,26,26,26,13,-30.8557592154618
01-Aug-2026 01:46:46,-138.594597071803,-31.1615073384674,0,26,26,26,14,-31.1615073384674
01-Aug-2026 01:46:48,-138.63193669933,-31.198846965995,0,26,26,26,14,-31.198846965995
01-Aug-2026 01:46:50,-138.110641741822,-30.6775520084865,0,26,26,26,14,-30.6775520084865
01-Aug-2026 01:46:52,-138.188607712489,-30.7555179791537,0,26,26,26,14,-30.7555179791537
01-Aug-2026 01:46:54,-138.688778491422,-31.2556887580865,0,26,26,26,12,-31.2556887580865
01-Aug-2026 01:46:56,-138.581022598569,-31.1479328652342,0,25,25,25,9,-31.1479328652342
01-Aug-2026 01:46:58,-138.386771564187,-30.9536818308518,0,24,24,24,7,-30.9536818308518
01-Aug-2026 01:47:00,-138.553664341081,-31.1205746077461,0,25,25,25,8,-31.1205746077461
01-Aug-2026 01:47:02,-138.567088794314,-31.1339990609791,0,25,25,25,9,-31.1339990609791
01-Aug-2026 01:47:04,-138.426359496748,-30.9932697634127,0,25,25,25,10,-30.9932697634127
01-Aug-2026 01:47:06,-137.878855269166,-30.4457655358308,0,25,25,25,10,-30.4457655358308
01-Aug-2026 01:47:08,-137.634983186048,-30.2018934527132,0,25,25,25,10,-30.2018934527132
01-Aug-2026 01:47:10,-137.479425801818,-30.0463360684823,0,26,26,26,13,-30.0463360684823
01-Aug-2026 01:47:12,-137.288311413892,-29.8552216805568,0,25,25,25,14,-28.3592345064056
01-Aug-2026 01:47:14,-136.989973463785,-29.5568837304502,0,25,25,25,15,-27.9876146097226
01-Aug-2026 01:47:16,-137.269502373811,-29.836412640476,0,25,25,25,15,-28.0830071907924
01-Aug-2026 01:47:18,-137.165137373612,-29.7320476402772,0,25,25,25,14,-27.7898876559685
01-Aug-2026 01:47:20,-141.388920065045,-33.95583033171,0,25,25,25,12,-29.3372204321184
01-Aug-2026 01:47:22,-140.563259003846,-33.1301692705112,0,25,25,25,13,-29.1637633201816
01-Aug-2026 01:47:24,-140.326657475926,-32.8935677425907,0,25,25,25,14,-28.8556668330767
01-Aug-2026 01:47:26,-140.175671857657,-32.7425821243222,0,26,26,26,16,-28.544452286736
01-Aug-2026 01:47:28,-139.366092208478,-31.933002475143,0,26,26,26,17,-28.0057560841416
01-Aug-2026 01:47:30,-139.440924970491,-32.0078352371563,0,25,25,25,14,-28.0652965529184
01-Aug-2026 01:47:32,-139.715979953839,-32.282890220504,0,25,25,25,14,-28.5894008993135
01-Aug-2026 01:47:34,-139.980156096825,-32.5470663634902,0,25,25,25,14,-28.1865121925679
01-Aug-2026 01:47:36,-136.372813710075,-28.9397239767401,0,25,25,25,15,-25.8409375750391
01-Aug-2026 01:47:38,-136.903153553186,-29.4700638198504,0,25,25,25,12,-25.3719099668817
01-Aug-2026 01:47:40,-139.11173054642,-31.6786408130848,0,25,25,25,12,-25.8902230389737
01-Aug-2026 01:47:42,-138.333457682847,-30.9003679495116,0,25,25,25,10,-19.6502961260621
01-Aug-2026 01:47:44,-138.842468258829,-31.409378525494,0,25,25,25,8,-19.3051963332373
01-Aug-2026 01:47:46,-138.6589699617,-31.2258802283648,0,25,25,25,8,-19.0702174219361
01-Aug-2026 01:47:48,-151.869684552658,-44.4365948193229,0,25,25,25,8,-19.5372686004082
01-Aug-2026 01:47:50,-155.136770590766,-47.7036808574308,0,25,25,25,7,-18.8673582606232
01-Aug-2026 01:47:52,-165.074933033459,-57.6418433001238,0,25,25,25,6,-18.6919639707148
01-Aug-2026 01:47:54,-155.335138160863,-47.902048427528,0,25,25,25,8,-18.4896481624896
01-Aug-2026 01:47:56,-163.117838796534,-55.6847490631985,0,25,25,25,8,-18.1100988051515
01-Aug-2026 01:47:58,-154.314019951976,-46.8809302186406,0,25,25,25,9,-18.5783019854334
01-Aug-2026 01:48:00,-151.839684131229,-44.4065943978935,0,25,25,25,10,-19.1668975100269
01-Aug-2026 01:48:02,-151.68183414988,-44.2487444165453,0,25,25,25,10,-19.0821713987466
01-Aug-2026 01:48:04,-151.510179048784,-44.0770893154491,0,25,25,25,10,-19.0846775378404
01-Aug-2026 01:48:06,-144.59146571041,-37.1583759770753,0,26,26,26,12,-19.4938126802105
01-Aug-2026 01:48:08,-137.226850468471,-29.7937607351362,0,26,26,26,16,-18.8245736365961
01-Aug-2026 01:48:10,-136.786270979018,-29.3531812456831,0,26,26,26,14,-19.1549871115045
01-Aug-2026 01:48:12,-136.598079301542,-29.1649895682069,0,26,26,26,14,-19.5188568084811
01-Aug-2026 01:48:14,-135.904437323559,-28.4713475902233,0,26,26,26,15,-20.1436562817288
01-Aug-2026 01:48:16,-135.867909646299,-28.4348199129638,0,25,25,25,14,-20.708680139857
01-Aug-2026 01:48:18,-135.58936522265,-28.1562754893146,0,25,25,25,14,-21.1700089671618
01-Aug-2026 01:48:20,-135.32524285064,-27.8921531173045,0,25,25,25,14,-21.1254465453076
01-Aug-2026 01:48:22,-135.113315202692,-27.6802254693572,0,25,25,25,14,-21.539533075281
01-Aug-2026 01:48:24,-134.47586986313,-27.042780129795,0,24,24,24,12,-21.5872908385494
01-Aug-2026 01:48:26,-133.980637713277,-26.5475479799415,0,24,24,24,13,-21.6076011745162
01-Aug-2026 01:48:28,-134.112264843013,-26.6791751096783,0,24,24,24,14,-21.9286373083683
01-Aug-2026 01:48:30,-134.206870442975,-26.7737807096395,0,24,24,24,14,-22.583501821567
01-Aug-2026 01:48:32,-134.120998233207,-26.6879084998722,0,24,24,24,14,-22.6392567253157
01-Aug-2026 01:48:34,-133.404564554104,-25.9714748207691,0,24,24,24,13,-22.3893673765855
01-Aug-2026 01:48:36,-133.558420028998,-26.1253302956628,0,25,25,25,14,-22.8382007492252
01-Aug-2026 01:48:38,-133.072010295897,-25.6389205625621,0,25,25,25,14,-22.7716066535536
01-Aug-2026 01:48:40,-130.310603638842,-22.8775139055064,0,25,25,25,15,-22.8775139055064
01-Aug-2026 01:48:42,-130.549921304851,-23.1168315715157,0,25,25,25,17,-23.1168315715157
01-Aug-2026 01:48:44,-129.937290933202,-22.5042011998668,0,25,25,25,16,-22.5042011998668
01-Aug-2026 01:48:46,-128.932009865427,-21.4989201320917,0,25,25,25,16,-21.4989201320917
01-Aug-2026 01:48:48,-132.880410591016,-25.4473208576812,0,25,25,25,15,-24.5664569302199
01-Aug-2026 01:48:50,-133.437204138426,-26.0041144050904,0,25,25,25,15,-25.0935446526948
01-Aug-2026 01:48:52,-134.811815928257,-27.3787261949222,0,25,25,25,15,-26.2775201872607
01-Aug-2026 01:48:54,-135.033385984959,-27.6002962516235,0,26,26,26,15,-26.3853222985239
01-Aug-2026 01:48:56,-142.720916740356,-35.2878270070206,0,26,26,26,15,-30.1767796650049
01-Aug-2026 01:48:58,-143.166014204309,-35.7329244709737,0,25,25,25,14,-29.7982163029316
01-Aug-2026 01:49:00,-142.602385091027,-35.1692953576916,0,24,24,24,13,-29.8650934108298
01-Aug-2026 01:49:02,-128.245287360849,-20.8121976275139,0,24,24,24,14,-20.4548179141074
01-Aug-2026 01:49:04,-132.079344206852,-24.6462544735168,0,24,24,24,13,-23.7820622140082
01-Aug-2026 01:49:06,-142.55631530473,-35.1232255713944,0,24,24,24,13,-29.7205486496332
01-Aug-2026 01:49:08,-142.552208741269,-35.1191190079338,0,25,25,25,13,-29.3624847437834
01-Aug-2026 01:49:10,-142.80030452135,-35.3672147880145,0,25,25,25,13,-29.5260851946437
01-Aug-2026 01:49:12,-137.312068811872,-29.8789790785366,0,25,25,25,14,-27.2188961458551
01-Aug-2026 01:49:14,-137.649071602208,-30.2159818688732,0,25,25,25,14,-27.3350405886106
01-Aug-2026 01:49:16,-135.061600102997,-27.6285103696619,0,25,25,25,14,-27.6285103696619
01-Aug-2026 01:49:18,-137.282731098064,-29.8496413647287,0,25,25,25,13,-29.8496413647287
01-Aug-2026 01:49:20,-137.907777379462,-30.4746876461264,0,25,25,25,11,-30.4746876461264
01-Aug-2026 01:49:22,-137.521268195784,-30.0881784624492,0,26,26,26,10,-30.0881784624492
01-Aug-2026 01:49:24,-137.439296650865,-30.0062069175295,0,26,26,26,8,-30.0062069175295
01-Aug-2026 01:49:26,-136.784945615447,-29.351855882112,0,25,25,25,9,-29.351855882112
01-Aug-2026 01:49:28,-134.961812964863,-27.5287232315281,0,25,25,25,9,-27.5287232315281
01-Aug-2026 01:49:30,-134.947590003176,-27.5145002698407,0,25,25,25,9,-27.5145002698407
01-Aug-2026 01:49:32,-135.132262922237,-27.6991731889016,0,25,25,25,11,-27.6991731889016
01-Aug-2026 01:49:34,-135.180013443841,-27.7469237105061,0,25,25,25,12,-27.7469237105061
01-Aug-2026 01:49:36,-135.51088016534,-28.0777904320043,0,25,25,25,13,-28.0777904320043
01-Aug-2026 01:49:38,-135.791968902654,-28.3588791693191,0,25,25,25,14,-28.3588791693191
01-Aug-2026 01:49:40,-137.770890187231,-30.3378004538954,0,25,25,25,12,-30.3378004538954
01-Aug-2026 01:49:42,-137.538281609708,-30.1051918763729,0,25,25,25,13,-30.1051918763729
01-Aug-2026 01:49:44,-137.474937656385,-30.0418479230502,0,25,25,25,12,-30.0418479230502
01-Aug-2026 01:49:46,-137.226160089411,-29.7930703560757,0,25,25,25,13,-29.7930703560757
01-Aug-2026 01:49:48,-137.307593741794,-29.8745040084587,0,25,25,25,13,-29.8745040084587
01-Aug-2026 01:49:50,-137.112093960514,-29.6790042271787,0,25,25,25,13,-29.6790042271787
01-Aug-2026 01:49:52,-137.137289743795,-29.7042000104599,0,25,25,25,13,-29.7042000104599
01-Aug-2026 01:49:54,-135.810663083222,-28.3775733498873,0,25,25,25,12,-28.3775733498873
01-Aug-2026 01:49:56,-136.146827176233,-28.7137374428979,0,25,25,25,14,-28.7137374428979
01-Aug-2026 01:49:58,-136.130588572581,-28.697498839246,0,25,25,25,13,-28.697498839246
01-Aug-2026 01:50:00,-136.276640707557,-28.8435509742217,0,25,25,25,13,-28.8435509742217
01-Aug-2026 01:50:02,-136.455458411337,-29.0223686780018,0,25,25,25,12,-29.0223686780018
01-Aug-2026 01:50:04,-136.110411280984,-28.6773215476489,0,24,24,24,13,-28.6773215476489
01-Aug-2026 01:50:06,-135.961450600119,-28.5283608667833,0,24,24,24,13,-28.5283608667833
01-Aug-2026 01:50:08,-136.17565523108,-28.7425654977447,0,23,23,23,11,-28.7425654977447
01-Aug-2026 01:50:10,-135.258457572993,-27.8253678396579,0,24,24,24,10,-27.8253678396579
01-Aug-2026 01:50:12,-134.821597696479,-27.3885079631442,0,24,24,24,11,-27.3885079631442
01-Aug-2026 01:50:14,-134.658790805099,-27.225701071764,0,24,24,24,11,-27.225701071764
01-Aug-2026 01:50:16,-134.69024853252,-27.2571587991845,0,25,25,25,13,-27.2571587991845
01-Aug-2026 01:50:18,-134.992578425294,-27.559488691959,0,25,25,25,13,-27.559488691959
01-Aug-2026 01:50:20,-134.594217905727,-27.1611281723914,0,25,25,25,12,-27.1611281723914
01-Aug-2026 01:50:22,-134.362739173428,-26.929649440093,0,25,25,25,12,-26.929649440093
01-Aug-2026 01:50:24,-134.40486350097,-26.9717737676351,0,25,25,25,12,-26.9717737676351
01-Aug-2026 01:50:26,-134.635257808226,-27.2021680748911,0,25,25,25,11,-27.2021680748911
01-Aug-2026 01:50:28,-134.160631192445,-26.7275414591101,0,26,26,26,11,-26.7275414591101
01-Aug-2026 01:50:30,-133.435908185749,-26.0028184524135,0,26,26,26,11,-26.0028184524135
01-Aug-2026 01:50:32,-133.217884133245,-25.7847943999099,0,26,26,26,10,-25.7847943999099
01-Aug-2026 01:50:34,-133.048605738148,-25.6155160048127,0,26,26,26,12,-25.6155160048127
01-Aug-2026 01:50:36,-132.403671329341,-24.9705815960062,0,26,26,26,11,-24.9705815960062
01-Aug-2026 01:50:38,-135.534820775458,-28.1017310421225,0,26,26,26,11,-28.1017310421225
01-Aug-2026 01:50:40,-134.695546377858,-27.2624566445225,0,26,26,26,12,-27.2624566445225
01-Aug-2026 01:50:42,-134.118631950461,-26.6855422171257,0,26,26,26,12,-26.3319502183068
01-Aug-2026 01:50:44,-133.581059852207,-26.1479701188716,0,26,26,26,12,-25.8338901655302
01-Aug-2026 01:50:46,-136.502282470957,-29.0691927376215,0,25,25,25,12,-28.4216779136772
01-Aug-2026 01:50:48,-136.268219422152,-28.8351296888167,0,24,24,24,12,-28.166426540024
01-Aug-2026 01:50:50,-135.692145976412,-28.2590562430764,0,24,24,24,13,-27.5745299305862
01-Aug-2026 01:50:52,-135.420795978301,-27.9877062449659,0,25,25,25,13,-27.3015738254279
01-Aug-2026 01:50:54,-135.52630164387,-28.0932119105352,0,25,25,25,14,-26.9304730198104
01-Aug-2026 01:50:56,-137.213368380456,-29.7802786471207,0,25,25,25,14,-26.4663304014639
01-Aug-2026 01:50:58,-137.027313976729,-29.5942242433938,0,25,25,25,11,-29.5942242433938
01-Aug-2026 01:51:00,-135.517002878872,-28.0839131455371,0,25,25,25,12,-28.0839131455371
01-Aug-2026 01:51:02,-134.936787915715,-27.5036981823798,0,25,25,25,12,-27.5036981823798
01-Aug-2026 01:51:04,-135.147466638941,-27.7143769056063,0,25,25,25,11,-27.7143769056063
01-Aug-2026 01:51:06,-135.862803858128,-28.4297141247923,0,25,25,25,10,-28.4297141247923
01-Aug-2026 01:51:08,-136.458509135517,-29.0254194021819,0,25,25,25,9,-29.0254194021819
01-Aug-2026 01:51:10,-136.643679403864,-29.2105896705292,0,25,25,25,9,-29.2105896705292
01-Aug-2026 01:51:12,-136.934228123384,-29.5011383900484,0,25,25,25,10,-23.2455827251636
01-Aug-2026 01:51:14,-137.345313207042,-29.9122234737068,0,26,26,26,11,-23.4322348177203
01-Aug-2026 01:51:16,-137.672232479301,-30.2391427459663,0,25,25,25,13,-23.3977618581827
01-Aug-2026 01:51:18,-137.584214657489,-30.1511249241536,0,25,25,25,13,-23.1361205759275
01-Aug-2026 01:51:20,-141.178147079923,-33.7450573465876,0,25,25,25,13,-22.9712727532606
01-Aug-2026 01:51:22,-140.924154508477,-33.4910647751418,0,25,25,25,12,-22.9045290823567
01-Aug-2026 01:51:24,-139.066533988958,-31.6334442556228,0,25,25,25,12,-22.360788686835
01-Aug-2026 01:51:26,-139.042408584051,-31.6093188507155,0,25,25,25,10,-22.395119293144
01-Aug-2026 01:51:28,-138.826053813712,-31.3929640803768,0,25,25,25,12,-21.9192153703913
01-Aug-2026 01:51:30,-141.320084962958,-33.8869952296232,0,25,25,25,11,-21.2118543552357
01-Aug-2026 01:51:32,-140.99006877911,-33.5569790457749,0,25,25,25,12,-21.2241461197736
01-Aug-2026 01:51:34,-140.672074773246,-33.2389850399111,0,25,25,25,12,-21.2893154181458
01-Aug-2026 01:51:36,-140.480437026856,-33.0473472935212,0,25,25,25,11,-20.4956439632458
01-Aug-2026 01:51:38,-140.260181124649,-32.8270913913136,0,25,25,25,12,-19.8058948031091
01-Aug-2026 01:51:40,-140.769877964007,-33.3367882306716,0,25,25,25,11,-19.3926016000422
01-Aug-2026 01:51:42,-140.364263420228,-32.9311736868926,0,25,25,25,11,-18.8806291113085
01-Aug-2026 01:51:44,-140.294205894457,-32.8611161611222,0,25,25,25,11,-18.4137179874558
01-Aug-2026 01:51:46,-140.05428833016,-32.6211985968243,0,25,25,25,13,-18.1329299707804
01-Aug-2026 01:51:48,-139.902660926662,-32.4695711933267,0,25,25,25,14,-18.1682394562676
01-Aug-2026 01:51:50,-139.655738155712,-32.2226484223771,0,25,25,25,16,-17.6183341731439
01-Aug-2026 01:51:52,-138.90166545624,-31.4685757229045,0,25,25,25,16,-17.0656139028746
01-Aug-2026 01:51:54,-142.322050774085,-34.88896104075,0,25,25,25,14,-34.88896104075
01-Aug-2026 01:51:56,-142.4393640661,-35.0062743327648,0,26,26,26,14,-35.0062743327648
01-Aug-2026 01:51:58,-159.775404331883,-52.3423145985483,0,26,26,26,12,-52.3423145985483
01-Aug-2026 01:52:00,-160.001091004749,-52.5680012714141,0,26,26,26,13,-52.5680012714141
01-Aug-2026 01:52:02,-160.187209166105,-52.7541194327696,0,26,26,26,12,-52.7541194327696
01-Aug-2026 01:52:04,-135.142377484489,-27.7092877511543,0,26,26,26,13,-27.7092877511543
01-Aug-2026 01:52:06,-160.560789751126,-53.1277000177905,0,26,26,26,13,-53.1277000177905
01-Aug-2026 01:52:08,-133.649009393888,-26.2159196605523,0,26,26,26,15,-26.2159196605523
01-Aug-2026 01:52:10,-133.363114423021,-25.9300246896858,0,26,26,26,13,-25.9300246896858
01-Aug-2026 01:52:12,-133.35984728674,-25.926757553405,0,26,26,26,12,-25.926757553405
01-Aug-2026 01:52:14,-133.833831056224,-26.4007413228888,0,26,26,26,12,-26.4007413228888
01-Aug-2026 01:52:16,-169.61749106033,-62.1844013269946,0,25,25,25,11,-62.1844013269946
01-Aug-2026 01:52:18,-165.624769940326,-58.1916802069912,0,24,24,24,9,-58.1916802069912
01-Aug-2026 01:52:20,-144.435950720641,-37.0028609873057,0,24,24,24,10,-37.0028609873057
01-Aug-2026 01:52:22,-144.391171650152,-36.9580819168169,0,24,24,24,8,-36.9580819168169
01-Aug-2026 01:52:24,-142.948204097393,-35.5151143640579,0,25,25,25,9,-35.5151143640579
01-Aug-2026 01:52:26,-148.383263355368,-40.9501736220332,0,25,25,25,8,-40.9501736220332
01-Aug-2026 01:52:28,-148.224527406601,-40.791437673266,0,25,25,25,8,-40.791437673266
01-Aug-2026 01:52:30,-148.681303438494,-41.2482137051592,0,25,25,25,8,-41.2482137051592
01-Aug-2026 01:52:32,-148.389424548233,-40.9563348148983,0,25,25,25,11,-40.9563348148983
01-Aug-2026 01:52:34,-147.642120325681,-40.2090305923459,0,25,25,25,9,-40.2090305923459
01-Aug-2026 01:52:36,-147.232222566507,-39.7991328331714,0,25,25,25,11,-39.7991328331714
01-Aug-2026 01:52:38,-147.338894119817,-39.9058043864821,0,25,25,25,11,-39.9058043864821
01-Aug-2026 01:52:40,-147.244415942245,-39.81132620891,0,25,25,25,11,-39.81132620891
01-Aug-2026 01:52:42,-147.041839770351,-39.6087500370155,0,25,25,25,10,-39.6087500370155
01-Aug-2026 01:52:44,-146.929188147955,-39.4960984146197,0,25,25,25,10,-39.4960984146197
01-Aug-2026 01:52:46,-145.694708498402,-38.2616187650671,0,26,26,26,11,-38.2616187650671
01-Aug-2026 01:52:48,-145.786720841287,-38.3536311079514,0,26,26,26,11,-38.3536311079514
01-Aug-2026 01:52:50,-140.291716348873,-32.8586266155382,0,24,24,24,12,-32.8586266155382
01-Aug-2026 01:52:52,-140.077994364909,-32.6449046315739,0,24,24,24,14,-32.6449046315739
01-Aug-2026 01:52:54,-140.58135450128,-33.1482647679446,0,24,24,24,14,-33.1482647679446
01-Aug-2026 01:52:56,-140.706156207104,-33.2730664737689,0,25,25,25,14,-33.2730664737689
01-Aug-2026 01:52:58,-140.781735809985,-33.34864607665,0,25,25,25,14,-33.34864607665
01-Aug-2026 01:53:00,-138.636216412962,-31.2031266796272,0,25,25,25,15,-31.2031266796272
01-Aug-2026 01:53:02,-138.803778729367,-31.3706889960321,0,25,25,25,15,-31.3706889960321
01-Aug-2026 01:53:04,-138.805732797943,-31.3726430646077,0,25,25,25,16,-31.3726430646077
01-Aug-2026 01:53:06,-138.967384705617,-31.5342949722813,0,25,25,25,15,-31.5342949722813
01-Aug-2026 01:53:08,-139.270181927588,-31.8370921942524,0,25,25,25,15,-31.8370921942524
01-Aug-2026 01:53:10,-138.898096909063,-31.4650071757275,0,25,25,25,15,-31.4650071757275
01-Aug-2026 01:53:12,-139.241626611026,-31.8085368776906,0,25,25,25,15,-31.8085368776906
01-Aug-2026 01:53:14,-139.208160144622,-31.7750704112863,0,25,25,25,15,-31.7750704112863
01-Aug-2026 01:53:16,-138.751235249305,-31.3181455159701,0,25,25,25,14,-31.3181455159701
01-Aug-2026 01:53:18,-140.502115845391,-33.0690261120562,0,25,25,25,14,-33.0690261120562
01-Aug-2026 01:53:20,-150.971282727334,-43.5381929939989,0,25,25,25,14,-43.5381929939989
01-Aug-2026 01:53:22,-151.268972525904,-43.8358827925685,0,25,25,25,13,-43.8358827925685
01-Aug-2026 01:53:24,-150.98240086891,-43.5493111355747,0,25,25,25,13,-43.5493111355747
01-Aug-2026 01:53:26,-151.519222191437,-44.0861324581016,0,25,25,25,13,-44.0861324581016
01-Aug-2026 01:53:28,-151.604762953096,-44.1716732197608,0,25,25,25,13,-44.1716732197608
01-Aug-2026 01:53:30,-139.353369692427,-31.920279959092,0,25,25,25,14,-31.920279959092
01-Aug-2026 01:53:32,-139.749003762139,-32.3159140288041,0,25,25,25,15,-32.3159140288041
01-Aug-2026 01:53:34,-151.297538352068,-43.8644486187325,0,25,25,25,14,-43.8644486187325
01-Aug-2026 01:53:36,-151.423613668876,-43.9905239355411,0,25,25,25,14,-43.9905239355411
01-Aug-2026 01:53:38,-149.070492104819,-41.6374023714839,0,25,25,25,15,-41.6374023714839
01-Aug-2026 01:53:40,-149.338785980906,-41.9056962475706,0,25,25,25,13,-41.9056962475706
01-Aug-2026 01:53:42,-148.814031224405,-41.3809414910696,0,25,25,25,13,-41.3809414910696
01-Aug-2026 01:53:44,-143.75894534527,-36.3258556119352,0,26,26,26,15,-36.3258556119352
01-Aug-2026 01:53:46,-143.524922391364,-36.0918326580284,0,26,26,26,15,-36.0918326580284
01-Aug-2026 01:53:48,-147.122247345737,-39.6891576124017,0,25,25,25,13,-39.6891576124017
01-Aug-2026 01:53:50,-145.899303835983,-38.4662141026478,0,25,25,25,14,-38.4662141026478
01-Aug-2026 01:53:52,-146.61557484396,-39.1824851106247,0,25,25,25,13,-39.1824851106247
01-Aug-2026 01:53:54,-146.297764133003,-38.8646743996677,0,24,24,24,13,-38.8646743996677
01-Aug-2026 01:53:56,-137.711407871411,-30.278318138076,0,24,24,24,13,-30.278318138076
01-Aug-2026 01:53:58,-138.616844571701,-31.1837548383654,0,24,24,24,12,-31.1837548383654
01-Aug-2026 01:54:00,-136.968673091462,-29.5355833581264,0,24,24,24,13,-29.5355833581264
01-Aug-2026 01:54:02,-139.398445003538,-31.9653552702028,0,24,24,24,14,-31.9653552702028
01-Aug-2026 01:54:04,-138.978419966742,-31.5453302334071,0,24,24,24,13,-31.5453302334071
01-Aug-2026 01:54:06,-141.171984928323,-33.7388951949882,0,25,25,25,14,-31.6305884676801
01-Aug-2026 01:54:08,-140.842457019779,-33.4093672864434,0,25,25,25,14,-31.2032828727716
01-Aug-2026 01:54:10,-141.555271062522,-34.1221813291869,0,25,25,25,15,-31.6558238074293
01-Aug-2026 01:54:12,-141.46916158269,-34.0360718493551,0,25,25,25,15,-31.6900980338647
01-Aug-2026 01:54:14,-141.007067949214,-33.5739782158793,0,25,25,25,16,-31.0312733840449
01-Aug-2026 01:54:16,-140.567495422827,-33.1344056894921,0,25,25,25,14,-30.7367860113171
01-Aug-2026 01:54:18,-140.698568503181,-33.265478769846,0,25,25,25,14,-30.7996713944778
01-Aug-2026 01:54:20,-140.789326665862,-33.3562369325265,0,26,26,26,15,-30.773032295484
01-Aug-2026 01:54:22,-139.745046589115,-32.3119568557796,0,26,26,26,15,-30.1498925715117
01-Aug-2026 01:54:24,-139.146071454289,-31.7129817209537,0,26,26,26,17,-29.7807534000965
01-Aug-2026 01:54:26,-138.933475730781,-31.5003859974455,0,26,26,26,16,-29.699530178741
01-Aug-2026 01:54:28,-138.689303524408,-31.2562137910725,0,26,26,26,15,-31.2562137910725
01-Aug-2026 01:54:30,-138.723581408928,-31.2904916755932,0,26,26,26,15,-31.2904916755932
01-Aug-2026 01:54:32,-138.687667070155,-31.2545773368197,0,26,26,26,15,-31.2545773368197
01-Aug-2026 01:54:34,-138.612534683795,-31.1794449504598,0,25,25,25,14,-31.1794449504598
01-Aug-2026 01:54:36,-138.364845632373,-30.9317558990383,0,25,25,25,16,-30.9317558990383
01-Aug-2026 01:54:38,-138.232904723924,-30.7998149905888,0,25,25,25,16,-30.7998149905888
01-Aug-2026 01:54:40,-139.450717530835,-32.0176277974997,0,24,24,24,16,-32.0176277974997
01-Aug-2026 01:54:42,-139.374629445226,-31.9415397118906,0,25,25,25,16,-31.9415397118906
01-Aug-2026 01:54:44,-139.377245214093,-31.9441554807574,0,25,25,25,15,-31.9441554807574
01-Aug-2026 01:54:46,-139.204166870396,-31.7710771370604,0,25,25,25,14,-31.7710771370604
01-Aug-2026 01:54:48,-139.370318192848,-31.9372284595126,0,25,25,25,13,-31.9372284595126
01-Aug-2026 01:54:50,-139.636971608219,-32.2038818748839,0,25,25,25,13,-32.2038818748839
01-Aug-2026 01:54:52,-139.639005814414,-32.2059160810786,0,25,25,25,14,-32.2059160810786
01-Aug-2026 01:54:54,-139.053226336552,-31.6201366032164,0,25,25,25,15,-19.3249714449436
01-Aug-2026 01:54:56,-141.805872864519,-34.3727831311838,0,25,25,25,15,-19.5861929538415
01-Aug-2026 01:54:58,-148.418489036766,-40.9853993034311,0,25,25,25,14,-19.8606694236371
01-Aug-2026 01:55:00,-148.372657696874,-40.9395679635388,0,26,26,26,16,-19.161373504776
01-Aug-2026 01:55:02,-148.283920524585,-40.8508307912498,0,26,26,26,16,-19.0384346749175
01-Aug-2026 01:55:04,-148.273732131098,-40.8406423977627,0,25,25,25,16,-18.9111348729368
01-Aug-2026 01:55:06,-140.835878006253,-33.4027882729182,0,25,25,25,18,-18.7142257637469
01-Aug-2026 01:55:08,-141.08361545979,-33.6505257264548,0,25,25,25,17,-17.788378680377
01-Aug-2026 01:55:10,-140.615227622915,-33.1821378895795,0,25,25,25,15,-18.5638351803271
01-Aug-2026 01:55:12,-140.380054493216,-32.9469647598804,0,25,25,25,14,-32.9469647598804
01-Aug-2026 01:55:14,-140.251473599077,-32.8183838657422,0,25,25,25,14,-32.8183838657422
01-Aug-2026 01:55:16,-140.655198702759,-33.2221089694233,0,25,25,25,13,-33.2221089694233
01-Aug-2026 01:55:18,-141.151582537972,-33.7184928046366,0,25,25,25,12,-33.7184928046366
01-Aug-2026 01:55:20,-140.802581912277,-33.3694921789422,0,25,25,25,13,-27.2529115905616
01-Aug-2026 01:55:22,-140.705321723229,-33.2722319898942,0,25,25,25,14,-27.2465139328389
01-Aug-2026 01:55:24,-141.029537958215,-33.5964482248802,0,25,25,25,14,-27.5921285829609
01-Aug-2026 01:55:26,-155.75635756825,-48.3232678349149,0,25,25,25,12,-28.2720021937673
01-Aug-2026 01:55:28,-162.479024428964,-55.0459346956285,0,25,25,25,13,-28.1197239344098
01-Aug-2026 01:55:30,-163.094943672189,-55.6618539388541,0,25,25,25,12,-27.8392238350633
01-Aug-2026 01:55:32,-151.942941006043,-44.5098512727082,0,25,25,25,14,-27.9659243825448
01-Aug-2026 01:55:34,-152.153084783363,-44.7199950500274,0,25,25,25,14,-28.2793915810252
01-Aug-2026 01:55:36,-152.201660289217,-44.768570555882,0,25,25,25,14,-28.9022271866036
01-Aug-2026 01:55:38,-151.871144054524,-44.4380543211892,0,25,25,25,14,-24.0942097482371
01-Aug-2026 01:55:40,-151.753923662552,-44.3208339292168,0,25,25,25,14,-23.4948521962726
01-Aug-2026 01:55:42,-151.074634457125,-43.6415447237893,0,25,25,25,14,-23.9370653873587
01-Aug-2026 01:55:44,-151.069864220105,-43.6367744867701,0,26,26,26,16,-13.399269901908
01-Aug-2026 01:55:46,-150.885219438981,-43.452129705646,0,26,26,26,17,-12.6935635526851
01-Aug-2026 01:55:48,-146.79027202236,-39.3571822890245,0,26,26,26,19,-12.7687572876861
01-Aug-2026 01:55:50,-148.249737097211,-40.8166473638759,0,26,26,26,19,-12.8741034047439
01-Aug-2026 01:55:52,-148.147129051071,-40.7140393177355,0,26,26,26,18,-12.1344259072153
01-Aug-2026 01:55:54,-148.614985793921,-41.181896060586,0,26,26,26,18,-9.84702655310595
01-Aug-2026 01:55:56,-166.59868686669,-59.1655971333547,0,26,26,26,17,-10.9790657052192
01-Aug-2026 01:55:58,-119.276994722178,-11.8439049888424,0,26,26,26,16,-11.7823096876648
01-Aug-2026 01:56:00,-119.763719442988,-12.3306297096533,0,26,26,26,14,-12.2706251089216
01-Aug-2026 01:56:02,-120.509046780268,-13.0759570469323,0,26,26,26,13,-13.0120498122133
01-Aug-2026 01:56:04,-120.814239897653,-13.3811501643178,0,26,26,26,11,-13.3811501643178
01-Aug-2026 01:56:06,-121.381144640472,-13.948054907137,0,26,26,26,11,-13.948054907137
01-Aug-2026 01:56:08,-122.32333949836,-14.8902497650244,0,26,26,26,11,-14.8902497650244
01-Aug-2026 01:56:10,-122.953974937044,-15.5208852037091,0,25,25,25,10,-15.5208852037091
01-Aug-2026 01:56:12,-123.695056971827,-16.2619672384918,0,26,26,26,11,-16.2619672384918
01-Aug-2026 01:56:14,-128.613320376876,-21.1802306435407,0,25,25,25,10,-21.1802306435407
01-Aug-2026 01:56:16,-129.267673484574,-21.8345837512385,0,25,25,25,12,-21.8345837512385
01-Aug-2026 01:56:18,-129.764329444878,-22.3312397115428,0,25,25,25,14,-22.3312397115428
01-Aug-2026 01:56:20,-129.673167745992,-22.2400780126568,0,25,25,25,15,-22.2400780126568
01-Aug-2026 01:56:22,-129.964515752106,-22.5314260187712,0,25,25,25,15,-22.5314260187712
01-Aug-2026 01:56:24,-129.035258004399,-21.6021682710641,0,25,25,25,16,-21.6021682710641
01-Aug-2026 01:56:26,-128.74571555682,-21.3126258234852,0,25,25,25,17,-21.3126258234852
01-Aug-2026 01:56:28,-124.308369482439,-16.8752797491035,0,25,25,25,17,-16.8752797491035
01-Aug-2026 01:56:30,-125.539848739836,-18.1067590065007,0,25,25,25,16,-18.1067590065007
01-Aug-2026 01:56:32,-122.942416168815,-15.50932643548,0,25,25,25,16,-15.50932643548
01-Aug-2026 01:56:34,-124.694935275833,-17.2618455424982,0,25,25,25,14,-17.2618455424982
01-Aug-2026 01:56:36,-124.75097364679,-17.3178839134552,0,26,26,26,16,-17.3178839134552
01-Aug-2026 01:56:38,-125.486764035037,-18.053674301702,0,26,26,26,15,-18.053674301702
01-Aug-2026 01:56:40,-130.439033468386,-23.0059437350509,0,26,26,26,14,-23.0059437350509
01-Aug-2026 01:56:42,-132.745450073546,-25.3123603402106,0,24,24,24,14,-25.3123603402106
01-Aug-2026 01:56:44,-133.48790711277,-26.0548173794346,0,25,25,25,14,-26.0548173794346
01-Aug-2026 01:56:46,-134.111412922221,-26.6783231888853,0,25,25,25,13,-26.6783231888853
01-Aug-2026 01:56:48,-134.203356236339,-26.7702665030039,0,25,25,25,13,-26.7702665030039
01-Aug-2026 01:56:50,-135.955858367456,-28.5227686341206,0,25,25,25,12,-28.5227686341206
01-Aug-2026 01:56:52,-136.781473591201,-29.3483838578657,0,25,25,25,13,-29.3483838578657
01-Aug-2026 01:56:54,-137.442224585559,-30.0091348522235,0,25,25,25,12,-30.0091348522235
01-Aug-2026 01:56:56,-140.962073739231,-33.5289840058962,0,25,25,25,14,-33.5289840058962
01-Aug-2026 01:56:58,-141.556447017265,-34.1233572839295,0,25,25,25,13,-34.1233572839295
01-Aug-2026 01:57:00,-141.424312067834,-33.9912223344993,0,25,25,25,13,-33.9912223344993
01-Aug-2026 01:57:02,-141.993770184765,-34.5606804514296,0,25,25,25,14,-34.5606804514296
01-Aug-2026 01:57:04,-141.678166470861,-34.2450767375258,0,25,25,25,14,-34.2450767375258
01-Aug-2026 01:57:06,-142.134833838049,-34.701744104714,0,24,24,24,13,-34.701744104714
01-Aug-2026 01:57:08,-142.029485531645,-34.5963957983103,0,24,24,24,12,-34.5963957983103
01-Aug-2026 01:57:10,-140.209543406328,-32.7764536729928,0,25,25,25,12,-32.7764536729928
01-Aug-2026 01:57:12,-141.140405355339,-33.7073156220038,0,25,25,25,12,-33.7073156220038
01-Aug-2026 01:57:14,-141.10254546488,-33.6694557315451,0,25,25,25,11,-33.6694557315451
01-Aug-2026 01:57:16,-140.828006540784,-33.3949168074489,0,25,25,25,12,-33.3949168074489
01-Aug-2026 01:57:18,-140.071815959174,-32.6387262258388,0,26,26,26,14,-32.6387262258388
01-Aug-2026 01:57:20,-141.609797723939,-34.1767079906035,0,26,26,26,15,-34.1767079906035
01-Aug-2026 01:57:22,-142.805918772658,-35.3728290393226,0,26,26,26,14,-35.3728290393226
01-Aug-2026 01:57:24,-143.388463700324,-35.9553739669884,0,26,26,26,13,-35.9553739669884
01-Aug-2026 01:57:26,-143.42514814182,-35.992058408485,0,26,26,26,12,-35.992058408485
01-Aug-2026 01:57:28,-145.618018248879,-38.1849285155442,0,26,26,26,15,-35.9142307443658
01-Aug-2026 01:57:30,-144.896305594371,-37.4632158610356,0,26,26,26,15,-35.136792791174
01-Aug-2026 01:57:32,-144.694284326971,-37.2611945936359,0,25,25,25,14,-35.0647572864811
01-Aug-2026 01:57:34,-144.391208541969,-36.9581188086334,0,25,25,25,16,-34.5531209200059
01-Aug-2026 01:57:36,-144.265024778093,-36.8319350447581,0,25,25,25,16,-34.3390349286773
01-Aug-2026 01:57:38,-144.211475576533,-36.7783858431979,0,25,25,25,16,-34.1475196195545
01-Aug-2026 01:57:40,-145.668189515402,-38.2350997820673,0,24,24,24,13,-34.7594918246941
01-Aug-2026 01:57:42,-150.365979898268,-42.9328901649325,0,24,24,24,12,-32.5510686511814
01-Aug-2026 01:57:44,-149.903332416644,-42.470242683309,0,24,24,24,12,-32.5528042096359
01-Aug-2026 01:57:46,-147.981943861957,-40.5488541286223,0,24,24,24,13,-30.4050147064289
01-Aug-2026 01:57:48,-147.699913768219,-40.2668240348841,0,24,24,24,13,-29.8545403265269
01-Aug-2026 01:57:50,-147.732179385767,-40.2990896524315,0,24,24,24,13,-29.9067956906318
01-Aug-2026 01:57:52,-147.906445613166,-40.4733558798303,0,24,24,24,13,-29.4931142681315
01-Aug-2026 01:57:54,-147.856981804121,-40.423892070786,0,24,24,24,13,-29.5014921481419
01-Aug-2026 01:57:56,-148.243317332031,-40.8102275986962,0,25,25,25,11,-29.2619383456385
01-Aug-2026 01:57:58,-148.17798133861,-40.7448916052751,0,25,25,25,11,-28.7172695133838
01-Aug-2026 01:58:00,-142.139143497838,-34.7060537645031,0,25,25,25,11,-34.7060537645031
01-Aug-2026 01:58:02,-141.655767844374,-34.2226781110385,0,25,25,25,13,-30.6646633685034
01-Aug-2026 01:58:04,-141.392606584761,-33.9595168514255,0,25,25,25,12,-30.1077934377807
01-Aug-2026 01:58:06,-137.750247845493,-30.3171581121577,0,25,25,25,13,-26.3106942249004
01-Aug-2026 01:58:08,-138.420569595631,-30.9874798622959,0,25,25,25,14,-26.1183653287337
01-Aug-2026 01:58:10,-138.641447039765,-31.2083573064295,0,25,25,25,14,-27.7286027256509
01-Aug-2026 01:58:12,-138.290019321096,-30.8569295877606,0,26,26,26,12,-27.2976028339957
01-Aug-2026 01:58:14,-141.591625798501,-34.1585360651657,0,26,26,26,11,-28.3721901579781
01-Aug-2026 01:58:16,-141.604506484786,-34.171416751451,0,26,26,26,11,-28.4266625111559
01-Aug-2026 01:58:18,-139.733103440385,-32.3000137070497,0,26,26,26,11,-27.3868330334695
01-Aug-2026 01:58:20,-139.912479857283,-32.4793901239473,0,26,26,26,12,-26.8082260419169
01-Aug-2026 01:58:22,-139.39795214402,-31.9648624106844,0,25,25,25,11,-26.4594126347488
01-Aug-2026 01:58:24,-139.135214844838,-31.7021251115027,0,25,25,25,10,-26.3960184125573
01-Aug-2026 01:58:26,-144.945244017161,-37.5121542838257,0,25,25,25,10,-26.9438867141134
01-Aug-2026 01:58:28,-144.948289388378,-37.5151996550433,0,25,25,25,10,-27.1934502741589
01-Aug-2026 01:58:30,-143.026473787214,-35.5933840538785,0,25,25,25,12,-26.380835025892
01-Aug-2026 01:58:32,-142.421422396973,-34.9883326636382,0,25,25,25,13,-25.8771909887729
01-Aug-2026 01:58:34,-142.714400969369,-35.2813112360341,0,25,25,25,14,-35.2813112360341
01-Aug-2026 01:58:36,-142.258728068722,-34.8256383353865,0,25,25,25,13,-34.8256383353865
01-Aug-2026 01:58:38,-141.844948226486,-34.411858493151,0,25,25,25,13,-34.411858493151
01-Aug-2026 01:58:40,-141.374995306485,-33.9419055731503,0,25,25,25,13,-33.9419055731503
01-Aug-2026 01:58:42,-141.474189753166,-34.0411000198312,0,25,25,25,11,-34.0411000198312
01-Aug-2026 01:58:44,-141.059256367391,-33.6261666340562,0,25,25,25,10,-33.6261666340562
01-Aug-2026 01:58:46,-141.346833448733,-33.9137437153976,0,25,25,25,12,-33.9137437153976
01-Aug-2026 01:58:48,-134.906657662607,-27.473567929272,0,25,25,25,13,-27.473567929272
01-Aug-2026 01:58:50,-134.399647993473,-26.9665582601376,0,26,26,26,12,-26.9665582601376
01-Aug-2026 01:58:52,-134.37408997614,-26.9410002428051,0,25,25,25,11,-26.9410002428051
01-Aug-2026 01:58:54,-133.851136028589,-26.418046295254,0,25,25,25,11,-26.418046295254
01-Aug-2026 01:58:56,-133.95895237813,-26.5258626447946,0,25,25,25,11,-26.5258626447946
01-Aug-2026 01:58:58,-133.705843958087,-26.2727542247517,0,25,25,25,11,-26.2727542247517
01-Aug-2026 01:59:00,-133.257068066299,-25.8239783329634,0,25,25,25,11,-25.8239783329634
01-Aug-2026 01:59:02,-132.820720429907,-25.387630696572,0,25,25,25,11,-25.072298459464
01-Aug-2026 01:59:04,-133.657033266805,-26.22394353347,0,25,25,25,11,-25.4068213240166
01-Aug-2026 01:59:06,-133.456320608634,-26.023230875299,0,25,25,25,11,-25.1360107740853
01-Aug-2026 01:59:08,-134.747647861925,-27.3145581285893,0,25,25,25,11,-26.1894779479927
01-Aug-2026 01:59:10,-135.318058362482,-27.8849686291468,0,25,25,25,12,-26.5167052367356
01-Aug-2026 01:59:12,-135.658959486752,-28.2258697534173,0,25,25,25,13,-26.7694649680053
01-Aug-2026 01:59:14,-145.837747976464,-38.4046582431287,0,25,25,25,12,-30.8679171562487
01-Aug-2026 01:59:16,-145.686780040837,-38.2536903075023,0,25,25,25,12,-30.581031334607
01-Aug-2026 01:59:18,-146.782203798456,-39.3491140651209,0,25,25,25,12,-30.6178261104444
01-Aug-2026 01:59:20,-146.316689133341,-38.8835994000054,0,25,25,25,14,-14.9367427016632
01-Aug-2026 01:59:22,-145.70992965697,-38.2768399236353,0,25,25,25,13,-15.1505836332066
01-Aug-2026 01:59:24,-161.692018363731,-54.2589286303962,0,25,25,25,12,-15.3324108643952
01-Aug-2026 01:59:26,-163.09646181209,-55.6633720787553,0,25,25,25,10,-15.6231607428444
01-Aug-2026 01:59:28,-170.147182537692,-62.7140928043567,0,25,25,25,8,-16.3657015130373
01-Aug-2026 01:59:30,-170.545140003559,-63.1120502702237,0,25,25,25,8,-16.0592406322336
01-Aug-2026 01:59:32,-171.49348100784,-64.0603912745051,0,25,25,25,7,-16.0815446697453
01-Aug-2026 01:59:34,-167.823198167372,-60.3901084340367,0,26,26,26,9,-15.9234883619263
01-Aug-2026 01:59:36,-167.510394079071,-60.0773043457354,0,26,26,26,10,-15.3173320438712
01-Aug-2026 01:59:38,-167.53028728237,-60.0971975490352,0,26,26,26,11,-14.4501040986942
01-Aug-2026 01:59:40,-168.335470158724,-60.9023804253885,0,26,26,26,11,-13.9659343956993
01-Aug-2026 01:59:42,-168.364733982919,-60.9316442495835,0,26,26,26,10,-13.8435677485799
01-Aug-2026 01:59:44,-168.730726219039,-61.2976364857041,0,26,26,26,9,-14.1150155565103
01-Aug-2026 01:59:46,-168.368728296493,-60.9356385631573,0,26,26,26,9,-14.6794132323731
01-Aug-2026 01:59:48,-123.609208239305,-16.1761185059694,0,26,26,26,9,-16.1514100751409
01-Aug-2026 01:59:50,-136.539742321527,-29.106652588192,0,26,26,26,8,-28.2013704912874
01-Aug-2026 01:59:52,-161.376498097579,-53.9434083642443,0,26,26,26,6,-35.8884961925465
01-Aug-2026 01:59:54,-161.079954354251,-53.6468646209158,0,26,26,26,5,-38.4731481144546
01-Aug-2026 01:59:56,-160.379348142514,-52.9462584091786,0,26,26,26,8,-38.366158523803
01-Aug-2026 01:59:58,-154.510145631979,-47.0770558986441,0,26,26,26,10,-38.1487304776501
01-Aug-2026 02:00:00,-144.649362423167,-37.2162726898322,0,27,27,27,11,-37.2162726898322
