OuterAngleDeg,InnerAngleDeg,WorstExceedancePercent,RobustExceedancePercent,MedianExceedancePercent,MaximumIOverNDb,P95IOverNDb,PracticalPercentileIOverNDb,RobustAvailabilityPercent,RetaskDutyPercent,ShutdownDutyPercent,Feasible,PracticalFeasible,Score,SearchStage
0,0,1.02749236323244,1.02749236323244,0.76367675645654,34.5149515502124,-21.1613817740699,26.550149688786,98.9725076367676,0,0,0,0,0,coarse
0.5,0,1.02749236323244,1.02749236323244,0.76367675645654,34.5149515502124,-21.1613817740699,26.550149688786,98.9725076367676,0,0,0,0,0.5,coarse
0.5,0.5,1.02749236323244,1.02749236323244,0.76367675645654,34.5149515502124,-21.1613817740699,26.550149688786,98.9725076367676,0,0,0,0,1,coarse
1,0,1.02749236323244,1.02749236323244,0.76367675645654,34.5149515502124,-21.1613817740699,26.550149688786,98.9725076367676,0.0111457868925546,0,0,0,1,coarse
1,0.5,1.02749236323244,1.02749236323244,0.76367675645654,34.5149515502124,-21.1613817740699,26.550149688786,98.9725076367676,0.0111457868925546,0,0,0,1.5,coarse
1,1,1.02749236323244,1.02749236323244,0.735906692585393,34.5149515502124,-21.2500657670426,26.550149688786,98.9725076367676,0,0.0111457868925546,0,0,2,coarse
2,0,1.02749236323244,1.02749236323244,0.76367675645654,34.5149515502124,-21.1613817740699,26.550149688786,98.9725076367676,0.0334373606776638,0,0,0,2,coarse
2,0.5,1.02749236323244,1.02749236323244,0.76367675645654,34.5149515502124,-21.1613817740699,26.550149688786,98.9725076367676,0.0334373606776638,0,0,0,2.5,coarse
2,1,1.02749236323244,1.02749236323244,0.735906692585393,34.5149515502124,-21.2500657670426,26.550149688786,98.9725076367676,0.0222915737851092,0.0111457868925546,0,0,3,coarse
2,2,0.999722299361288,0.999722299361288,0.694251596778673,34.5149515502124,-21.5063533308667,26.550149688786,99.0002777006387,0,0.0334373606776638,0,0,4,coarse
3,0,1.02749236323244,1.02749236323244,0.708136628714246,34.5149515502124,-21.1613817740699,26.1290944788584,98.9725076367676,0.0713330361123495,0,0,0,3,coarse
3,0.5,1.02749236323244,1.02749236323244,0.708136628714246,34.5149515502124,-21.1613817740699,26.1290944788584,98.9725076367676,0.0713330361123495,0,0,0,3.5,coarse
3,1,1.02749236323244,1.02749236323244,0.680366564843099,34.5149515502124,-21.2500657670426,26.1290944788584,98.9725076367676,0.0601872492197949,0.0111457868925546,0,0,4,coarse
3,2,0.999722299361288,0.999722299361288,0.638711469036379,34.5149515502124,-21.5063533308667,26.1290944788584,99.0002777006387,0.0378956754346857,0.0334373606776638,0,0,5,coarse
3,3,0.971952235490142,0.971952235490142,0.583171341294085,34.5149515502124,-21.7715829138709,26.1290944788584,99.0280477645099,0,0.0713330361123495,0,0,6,coarse
5,0,0.833101916134407,0.833101916134407,0.610941405165232,25.5287330430091,-21.1613817740699,13.4674810627733,99.1668980838656,0.237341772151899,0,0,0,5,coarse
5,0.5,0.833101916134407,0.833101916134407,0.610941405165232,25.5287330430091,-21.1613817740699,13.4674810627733,99.1668980838656,0.237341772151899,0,0,0,5.5,coarse
5,1,0.833101916134407,0.833101916134407,0.583171341294085,25.5287330430091,-21.2500657670426,13.4674810627733,99.1668980838656,0.232820976491863,0.0111457868925546,0,0,6,coarse
5,2,0.80533185226326,0.80533185226326,0.569286309358511,25.5287330430091,-21.5063533308667,13.4674810627733,99.1946681477367,0.216998191681736,0.0334373606776638,0,0,7,coarse
5,3,0.777561788392113,0.777561788392113,0.527631213551791,25.5287330430091,-21.7715829138709,13.4674810627733,99.2224382116079,0.183839621815635,0.0713330361123495,0,0,8,coarse
5,5,0.638711469036379,0.638711469036379,0.416550958067204,25.5287330430091,-23.9202360055468,13.4674810627733,99.3612885309636,0,0.237341772151899,0,0,10,coarse
10,0,0.583171341294085,0.583171341294085,0.40266592613163,11.1362262534564,-21.3548715034287,3.83369690279403,99.4168286587059,0.775316455696203,0,0,0,10,coarse
10,0.5,0.583171341294085,0.583171341294085,0.40266592613163,11.1362262534564,-21.3548715034287,3.83369690279403,99.4168286587059,0.775316455696203,0,0,0,10.5,coarse
10,1,0.527631213551791,0.527631213551791,0.40266592613163,11.1362262534564,-21.4000545662075,3.83369690279403,99.4723687864482,0.770795660036166,0.0111457868925546,0,0,11,coarse
10,2,0.44432102193835,0.44432102193835,0.388780894196057,6.69902465137469,-21.575201703781,3.83369690279403,99.5556789780616,0.75497287522604,0.0334373606776638,0,0,12,coarse
10,3,0.388780894196057,0.388780894196057,0.347125798389336,6.69902465137469,-21.8363466511907,3.83369690279403,99.6112191058039,0.71880650994575,0.0713330361123495,0,0,13,coarse
10,5,0.333240766453763,0.333240766453763,0.194390447098028,6.69902465137469,-23.9729686582334,3.83369690279403,99.6667592335462,0.537974683544304,0.237341772151899,0,0,15,coarse
10,10,0.333240766453763,0.333240766453763,0.180505415162455,6.69902465137469,-26.0324298754983,3.83369690279403,99.6667592335462,0,0.775316455696203,0,0,20,coarse
15,0,0.583171341294085,0.583171341294085,0.263815606775896,11.1362262534564,-21.4544014195738,3.83369690279403,99.4168286587059,1.43083182640145,0,0,0,15,coarse
15,0.5,0.583171341294085,0.583171341294085,0.263815606775896,11.1362262534564,-21.4544014195738,3.83369690279403,99.4168286587059,1.43083182640145,0,0,0,15.5,coarse
15,1,0.527631213551791,0.527631213551791,0.263815606775896,11.1362262534564,-21.5063533308667,3.83369690279403,99.4723687864482,1.42631103074141,0.0111457868925546,0,0,16,coarse
15,2,0.44432102193835,0.44432102193835,0.249930574840322,6.69434068787494,-21.6726036315471,3.83369690279403,99.5556789780616,1.41048824593128,0.0334373606776638,0,0,17,coarse
15,3,0.388780894196057,0.388780894196057,0.208275479033602,6.69434068787494,-21.9628789171305,3.83369690279403,99.6112191058039,1.37432188065099,0.0713330361123495,0,0,18,coarse
15,5,0.333240766453763,0.333240766453763,0.111080255484588,6.69434068787494,-24.115353081873,3.83369690279403,99.6667592335462,1.19349005424955,0.237341772151899,0,0,20,coarse
15,10,0.333240766453763,0.333240766453763,0.0971952235490142,6.69434068787494,-26.0997505281045,3.83369690279403,99.6667592335462,0.67543468568881,0.775316455696203,0,0,25,coarse
15,15,0.333240766453763,0.333240766453763,0.0971952235490142,6.69421045786795,-29.3059461791036,3.8336486481537,99.6667592335462,0,1.43083182640145,0,0,30,coarse
20,0,0.472091085809497,0.472091085809497,0.263815606775896,11.1362262534564,-21.1613817740699,0.119848078002257,99.5279089141905,2.36889692585895,0,0,0,20,coarse
20,0.5,0.472091085809497,0.472091085809497,0.263815606775896,11.1362262534564,-21.1613817740699,0.119848078002257,99.5279089141905,2.36889692585895,0,0,0,20.5,coarse
20,1,0.416550958067203,0.416550958067203,0.263815606775896,11.1362262534564,-21.2452395099297,0.119848078002257,99.5834490419328,2.36437613019891,0.0111457868925546,0,0,21,coarse
20,2,0.333240766453763,0.333240766453763,0.249930574840322,5.07039749985381,-21.4544014195738,0.119848078002257,99.6667592335462,2.34855334538879,0.0334373606776638,0,0,22,coarse
20,3,0.277700638711469,0.277700638711469,0.208275479033602,5.07039749985381,-21.7185450681101,-0.719859446187942,99.7222993612885,2.3123869801085,0.0713330361123495,0,0,23,coarse
20,5,0.222160510969175,0.222160510969175,0.111080255484588,5.07039749985381,-24.1015743626563,-0.719859446187942,99.7778394890308,2.13155515370705,0.237341772151899,0,0,25,coarse
20,10,0.222160510969175,0.222160510969175,0.0971952235490142,5.07039749985381,-26.9233166685069,-0.719859446187942,99.7778394890308,1.7142220240749,0.775316455696203,0,0,30,coarse
20,15,0.222160510969175,0.222160510969175,0.0971952235490142,5.07039749985381,-29.3474369703086,-0.719972607579485,99.7778394890308,1.03878733838609,1.43083182640145,0,0,35,coarse
20,20,0.222160510969175,0.222160510969175,0.0971952235490142,5.07039749985381,-31.118981336545,-0.719972607579485,99.7778394890308,0,2.36889692585895,0,0,40,coarse
25,0,0.333240766453763,0.333240766453763,0.236045542904749,11.1362262534564,-21.3218917196084,-1.78202569186238,99.6667592335462,3.88110307414105,0,0,0,25,coarse
25,0.5,0.333240766453763,0.333240766453763,0.236045542904749,11.1362262534564,-21.3218917196084,-1.78202569186238,99.6667592335462,3.88110307414105,0,0,0,25.5,coarse
25,1,0.277700638711469,0.277700638711469,0.236045542904749,11.1362262534564,-21.3548715034287,-1.78202569186238,99.7222993612885,3.87658227848101,0.0111457868925546,0,0,26,coarse
25,2,0.249930574840322,0.249930574840322,0.194390447098028,5.07039749985381,-21.5505152316052,-1.78202569186238,99.7500694251597,3.86075949367089,0.0334373606776638,0,0,27,coarse
25,3,0.194390447098028,0.194390447098028,0.152735351291308,5.07039749985381,-21.796489096239,-2.42295823675975,99.805609552902,3.8245931283906,0.0713330361123495,0,0,28,coarse
25,5,0.111080255484588,0.111080255484588,0.0555401277422938,5.07039749985381,-24.1270416877023,-5.82089253433993,99.8889197445154,3.66250557289345,0.237341772151899,0,0,30,coarse
25,10,0.111080255484588,0.111080255484588,0.0416550958067204,5.07039749985381,-27.8427816990045,-5.88293135233361,99.8889197445154,3.27909050378957,0.775316455696203,0,0,35,coarse
25,15,0.111080255484588,0.111080255484588,0.0416550958067204,5.07039749985381,-29.3909340734012,-5.88293135233361,99.8889197445154,2.60365581810076,1.43083182640145,0,0,40,coarse
25,20,0.111080255484588,0.111080255484588,0.0416550958067204,5.07039749985381,-31.2396965229388,-5.88293135233361,99.8889197445154,1.56486847971467,2.36889692585895,0,0,45,coarse
25,25,0.111080255484588,0.111080255484588,0.0416550958067204,5.07036973919108,-33.0626943187036,-5.88293135233361,99.8889197445154,0,3.88110307414105,0,0,50,coarse
30,0,0.249930574840322,0.249930574840322,0.236045542904749,11.1362262534564,-21.4695091126721,-1.78202569186235,99.7500694251597,6.24164065983058,0,0,0,30,coarse
30,0.5,0.249930574840322,0.249930574840322,0.236045542904749,11.1362262534564,-21.4695091126721,-1.78202569186235,99.7500694251597,6.24164065983058,0,0,0,30.5,coarse
30,1,0.249930574840322,0.249930574840322,0.208275479033602,11.1362262534564,-21.5138902779277,-1.78202569186235,99.7500694251597,6.23049487293803,0.0111457868925546,0,0,31,coarse
30,2,0.249930574840322,0.249930574840322,0.152735351291308,2.24385419825987,-21.6758680770903,-1.78202569186235,99.7500694251597,6.20820329915292,0.0334373606776638,0,0,32,coarse
30,3,0.194390447098028,0.194390447098028,0.111080255484588,-0.443550047634716,-21.9911032419743,-2.42295823675976,99.805609552902,6.17030762371823,0.0713330361123495,0,0,33,coarse
30,5,0.0277700638711469,0.0277700638711469,0.0138850319355735,-4.54179391525098,-24.3133382599867,-7.94615794848394,99.9722299361289,6.05216228265716,0.237341772151899,0,1,35,coarse
30,10,0.0277700638711469,0.0277700638711469,0,-5.55650533214201,-28.3059381894734,-10.8801138106757,99.9722299361289,5.66874721355328,0.775316455696203,0,1,40,coarse
30,15,0.0277700638711469,0.0277700638711469,0,-5.55650533214201,-29.5787017735996,-11.0279993880609,99.9722299361289,4.99331252786447,1.43083182640145,0,1,45,coarse
30,20,0.0277700638711469,0.0277700638711469,0,-5.55650533214201,-31.3914457624877,-11.0279993880609,99.9722299361289,3.95452518947838,2.36889692585895,0,1,50,coarse
30,25,0.0277700638711469,0.0277700638711469,0,-5.55650533214201,-33.1342950607104,-11.0279993880609,99.9722299361289,2.38965670976371,3.88110307414105,0,1,55,coarse
30,30,0.0277700638711469,0.0277700638711469,0,-5.55655040645226,-33.7661039289652,-11.049188474336,99.9722299361289,0,6.24164065983058,0,1,60,coarse
35,0,0.249930574840322,0.249930574840322,0.236045542904749,11.1362262534564,-21.5505152316052,-1.78202569186235,99.7500694251597,9.96879179670085,0,0,0,35,coarse
35,0.5,0.249930574840322,0.249930574840322,0.236045542904749,11.1362262534564,-21.5505152316052,-1.78202569186235,99.7500694251597,9.96879179670085,0,0,0,35.5,coarse
35,1,0.249930574840322,0.249930574840322,0.208275479033602,11.1362262534564,-21.5600233851666,-1.78202569186235,99.7500694251597,9.95764600980829,0.0111457868925546,0,0,36,coarse
35,2,0.249930574840322,0.249930574840322,0.152735351291308,2.24385419825987,-21.7185450681101,-1.78202569186235,99.7500694251597,9.93535443602318,0.0334373606776638,0,0,37,coarse
35,3,0.194390447098028,0.194390447098028,0.111080255484588,-0.443550047634716,-22.0217735910738,-2.42295823675976,99.805609552902,9.8974587605885,0.0713330361123495,0,0,38,coarse
35,5,0.0277700638711469,0.0277700638711469,0,-4.54179391525098,-24.6996211217542,-7.94615794848421,99.9722299361289,9.77931341952742,0.237341772151899,0,1,40,coarse
35,10,0,0,0,-8.57241742340318,-28.4676190729847,-10.8801138106757,100,9.39589835042354,0.775316455696203,1,1,45,coarse
35,15,0,0,0,-10.9325698497794,-29.6931287650509,-11.8214173032683,100,8.72046366473473,1.43083182640145,1,1,50,coarse
35,20,0,0,0,-10.9325698497794,-31.5152644957225,-11.8214173032683,100,7.68167632634864,2.36889692585895,1,1,55,coarse
35,25,0,0,0,-10.9546906934751,-33.2381013963743,-11.8214173032683,100,6.13455309463363,3.88110307414105,1,1,60,coarse
35,30,0,0,0,-10.9546906934751,-33.7500013777492,-11.8214173032683,100,3.86063205812834,6.24164065983058,1,1,65,coarse
35,35,0,0,0,-10.9546906934751,-34.840536188495,-11.8214173032683,100,0,9.96879179670085,1,1,70,coarse
40,0,0.249930574840322,0.249930574840322,0.236045542904749,11.1362262534564,-22.2153678376298,-1.78202569186235,99.7500694251597,15.1039783001808,0,0,0,40,coarse
40,0.5,0.249930574840322,0.249930574840322,0.236045542904749,11.1362262534564,-22.2153678376298,-1.78202569186235,99.7500694251597,15.1039783001808,0,0,0,40.5,coarse
40,1,0.249930574840322,0.249930574840322,0.208275479033602,11.1362262534564,-22.2368547705653,-1.78202569186235,99.7500694251597,15.0994575045208,0.0111457868925546,0,0,41,coarse
40,2,0.249930574840322,0.249930574840322,0.152735351291308,2.24385419825987,-22.3871119315913,-1.78202569186235,99.7500694251597,15.0836347197107,0.0334373606776638,0,0,42,coarse
40,3,0.194390447098028,0.194390447098028,0.111080255484588,-0.443550047634716,-22.9274555491947,-2.42295823675976,99.805609552902,15.0474683544304,0.0713330361123495,0,0,43,coarse
40,5,0.0277700638711469,0.0277700638711469,0,-4.54179391525098,-25.5013093548742,-7.94615794848387,99.9722299361289,14.9019170753455,0.237341772151899,0,1,45,coarse
40,10,0,0,0,-8.57241742340318,-29.0394318101346,-10.8801138106757,100,14.5185020062416,0.775316455696203,1,1,50,coarse
40,15,0,0,0,-17.7770354633064,-30.5469176879539,-19.2799550924889,100,13.8430673205528,1.43083182640145,1,1,55,coarse
40,20,0,0,0,-18.1618098419976,-32.2094960470303,-20.9007744946072,100,12.8042799821667,2.36889692585895,1,1,60,coarse
40,25,0,0,0,-18.1618098419976,-33.4981617107416,-20.9021274137065,100,11.2394115024521,3.88110307414105,1,1,65,coarse
40,30,0,0,0,-18.1692586259696,-34.0983592664866,-20.9567413435359,100,9.15687160940326,6.24164065983058,1,1,70,coarse
40,35,0,0,0,-18.1692586259696,-35.3752816154442,-20.9567413435359,100,5.43851717902351,9.96879179670085,1,1,75,coarse
40,40,0,0,0,-18.1692586259696,-39.0181539055916,-20.9824236797874,100,0,15.1039783001808,1,1,80,coarse
45,0,0.249930574840322,0.249930574840322,0.236045542904749,11.1362262534564,-22.2368547705653,-1.78202569186234,99.7500694251597,19.0800180831826,0,0,0,45,coarse
45,0.5,0.249930574840322,0.249930574840322,0.236045542904749,11.1362262534564,-22.2368547705653,-1.78202569186234,99.7500694251597,19.0800180831826,0,0,0,45.5,coarse
45,1,0.249930574840322,0.249930574840322,0.208275479033602,11.1362262534564,-22.2530919489898,-1.78202569186234,99.7500694251597,19.0754972875226,0.0111457868925546,0,0,46,coarse
45,2,0.249930574840322,0.249930574840322,0.152735351291308,2.24385419825987,-22.4147348508946,-1.78202569186234,99.7500694251597,19.0596745027125,0.0334373606776638,0,0,47,coarse
45,3,0.194390447098028,0.194390447098028,0.111080255484588,-0.443550047634716,-22.9603126363303,-2.42295823675973,99.805609552902,19.0235081374322,0.0713330361123495,0,0,48,coarse
45,5,0.0277700638711469,0.0277700638711469,0,-4.54179391525098,-25.7053682538615,-7.94615794848387,99.9722299361289,18.8426763110307,0.237341772151899,0,1,50,coarse
45,10,0,0,0,-8.57241742340318,-29.2384929631504,-10.8801138106757,100,18.3047016274864,0.775316455696203,1,1,55,coarse
45,15,0,0,0,-17.7770354633064,-30.7049246929855,-19.2799550924889,100,17.6491862567812,1.43083182640145,1,1,60,coarse
45,20,0,0,0,-18.1618098419976,-32.3378712339704,-20.9007744946072,100,16.7111211573237,2.36889692585895,1,1,65,coarse
45,25,0,0,0,-18.1618098419976,-33.6266133196147,-20.9021274137065,100,15.1989150090416,3.88110307414105,1,1,70,coarse
45,30,0,0,0,-18.1692586259696,-34.493689203626,-20.9567413435359,100,13.1329113924051,6.24164065983058,1,1,75,coarse
45,35,0,0,0,-18.1692586259696,-35.485771432433,-20.9567413435359,100,9.41455696202532,9.96879179670085,1,1,80,coarse
45,40,0,0,0,-18.1692586259696,-39.352300155229,-20.9824236797874,100,4.01489143519551,15.1039783001808,1,1,85,coarse
45,45,0,0,0,-18.1692586259696,-43.6335170671111,-20.9841916223666,100,0,19.0800180831826,1,1,90,coarse
50,0,0.249930574840322,0.249930574840322,0.236045542904749,11.1362262534564,-22.2368547705653,-1.78202569186232,99.7500694251597,22.6504681230495,0,0,0,50,coarse
50,0.5,0.249930574840322,0.249930574840322,0.236045542904749,11.1362262534564,-22.2368547705653,-1.78202569186232,99.7500694251597,22.6504681230495,0,0,0,50.5,coarse
50,1,0.249930574840322,0.249930574840322,0.208275479033602,11.1362262534564,-22.2530919489898,-1.78202569186232,99.7500694251597,22.6393223361569,0.0111457868925546,0,0,51,coarse
50,2,0.249930574840322,0.249930574840322,0.152735351291308,2.24385419825987,-22.4147348508946,-1.78202569186232,99.7500694251597,22.6170307623718,0.0334373606776638,0,0,52,coarse
50,3,0.194390447098028,0.194390447098028,0.111080255484588,-0.443550047634716,-22.9603126363303,-2.4229582367597,99.805609552902,22.5791350869371,0.0713330361123495,0,0,53,coarse
50,5,0.0277700638711469,0.0277700638711469,0,-4.54179391525098,-25.7053682538615,-7.94615794848387,99.9722299361289,22.4609897458761,0.237341772151899,0,1,55,coarse
50,10,0,0,0,-8.57241742340318,-29.2384929631504,-10.8801138106757,100,22.0775746767722,0.775316455696203,1,1,60,coarse
50,15,0,0,0,-17.7770354633064,-30.7049246929855,-19.2799550924889,100,21.4021399910834,1.43083182640145,1,1,65,coarse
50,20,0,0,0,-18.1618098419976,-32.3947073235154,-20.9007744946072,100,20.3633526526973,2.36889692585895,1,1,70,coarse
50,25,0,0,0,-18.1618098419976,-33.6311097359482,-20.9021274137065,100,18.8439074412591,3.88110307414105,1,1,75,coarse
50,30,0,0,0,-18.1692586259696,-34.5462186874725,-20.9567413435359,100,16.6885171790235,6.24164065983058,1,1,80,coarse
50,35,0,0,0,-18.1692586259696,-35.786857102302,-20.9567413435359,100,13.0968834990414,9.96879179670085,1,1,85,coarse
50,40,0,0,0,-18.1692586259696,-39.4114761521914,-20.9824236797874,100,7.89379820767756,15.1039783001808,1,1,90,coarse
50,45,0,0,0,-18.1692586259696,-43.6966642244393,-20.9841916223666,100,3.93669193045029,19.0800180831826,1,1,95,coarse
50,50,0,0,0,-18.169784605275,-48.0429369083677,-20.9841916223666,100,0,22.6504681230495,1,1,100,coarse
55,0,0.249930574840322,0.249930574840322,0.236045542904749,11.1362262534563,-22.2368547705653,-1.78202569186232,99.7500694251597,26.2416406598306,0,0,0,55,coarse
55,0.5,0.249930574840322,0.249930574840322,0.236045542904749,11.1362262534563,-22.2368547705653,-1.78202569186232,99.7500694251597,26.2416406598306,0,0,0,55.5,coarse
55,1,0.249930574840322,0.249930574840322,0.208275479033602,11.1362262534563,-22.2530919489898,-1.78202569186232,99.7500694251597,26.230494872938,0.0111457868925546,0,0,56,coarse
55,2,0.249930574840322,0.249930574840322,0.152735351291308,2.24385419825987,-22.4147348508946,-1.78202569186232,99.7500694251597,26.2082032991529,0.0334373606776638,0,0,57,coarse
55,3,0.194390447098028,0.194390447098028,0.111080255484588,-0.443550047634716,-22.9603126363303,-2.4229582367597,99.805609552902,26.1703076237182,0.0713330361123495,0,0,58,coarse
55,5,0.0277700638711469,0.0277700638711469,0,-4.54179391525098,-25.7053682538615,-7.94615794848387,99.9722299361289,26.0521622826572,0.237341772151899,0,1,60,coarse
55,10,0,0,0,-8.57241742340318,-29.2384929631504,-10.8801138106757,100,25.6687472135533,0.775316455696203,1,1,65,coarse
55,15,0,0,0,-17.7770354633064,-30.7049246929855,-19.2799550924889,100,24.9933125278645,1.43083182640145,1,1,70,coarse
55,20,0,0,0,-18.1618098419976,-32.3947073235154,-20.9007744946072,100,23.9545251894784,2.36889692585895,1,1,75,coarse
55,25,0,0,0,-18.1618098419976,-33.6311097359482,-20.9021274137065,100,22.3896567097637,3.88110307414105,1,1,80,coarse
55,30,0,0,0,-18.1692586259696,-34.5462186874725,-20.9567413435359,100,20.1017179023508,6.24164065983058,1,1,85,coarse
55,35,0,0,0,-18.1692586259696,-35.786857102302,-20.9567413435359,100,16.3833634719711,9.96879179670085,1,1,90,coarse
55,40,0,0,0,-18.1692586259696,-39.4114761521914,-20.9824236797874,100,11.2382911669439,15.1039783001808,1,1,95,coarse
55,45,0,0,0,-18.1692586259696,-43.7191456846787,-20.9841916223666,100,7.52786446723139,19.0800180831826,1,1,100,coarse
55,50,0,0,0,-18.169784605275,-48.6163836498244,-20.9841916223666,100,3.5911725367811,22.6504681230495,1,1,105,coarse
55,55,0,0,0,-18.169784605275,-48.6163836498244,-20.9841916223666,100,0,26.2416406598306,1,1,110,coarse
60,0,0.249930574840322,0.249930574840322,0.236045542904749,11.1362262534563,-22.2368547705653,-1.78202569186231,99.7500694251597,29.9728752260398,0,0,0,60,coarse
60,0.5,0.249930574840322,0.249930574840322,0.236045542904749,11.1362262534563,-22.2368547705653,-1.78202569186231,99.7500694251597,29.9728752260398,0,0,0,60.5,coarse
60,1,0.249930574840322,0.249930574840322,0.208275479033602,11.1362262534563,-22.2530919489898,-1.78202569186231,99.7500694251597,29.9683544303797,0.0111457868925546,0,0,61,coarse
60,2,0.249930574840322,0.249930574840322,0.152735351291308,2.24385419825987,-22.4147348508946,-1.78202569186231,99.7500694251597,29.9525316455696,0.0334373606776638,0,0,62,coarse
60,3,0.194390447098028,0.194390447098028,0.111080255484588,-0.443550047634716,-22.9603126363303,-2.42295823675975,99.805609552902,29.9163652802893,0.0713330361123495,0,0,63,coarse
60,5,0.0277700638711469,0.0277700638711469,0,-4.54179391525098,-25.7053682538615,-7.94615794848408,99.9722299361289,29.7355334538879,0.237341772151899,0,1,65,coarse
60,10,0,0,0,-8.57241742340318,-29.2384929631504,-10.8801138106757,100,29.2064199732501,0.775316455696203,1,1,70,coarse
60,15,0,0,0,-17.7770354633064,-30.7049246929855,-19.2799550924889,100,28.5420433996383,1.43083182640145,1,1,75,coarse
60,20,0,0,0,-18.1618098419976,-32.4056712849494,-20.9007744946072,100,27.6039783001808,2.36889692585895,1,1,80,coarse
60,25,0,0,0,-18.1618098419976,-33.6350543761012,-20.9021274137065,100,26.0917721518987,3.88110307414105,1,1,85,coarse
60,30,0,0,0,-18.1692586259696,-34.7557868636606,-20.9567413435359,100,24.0257685352622,6.24164065983058,1,1,90,coarse
60,35,0,0,0,-18.1692586259696,-35.8538817461015,-20.9567413435359,100,20.3074141048825,9.96879179670085,1,1,95,coarse
60,40,0,0,0,-18.1692586259696,-39.6043712228742,-20.9824236797874,100,14.969797776416,15.1039783001808,1,1,100,coarse
60,45,0,0,0,-18.1692586259696,-44.5397624209522,-20.9841916223666,100,11.2054626630482,19.0800180831826,1,1,105,coarse
60,50,0,0,0,-18.169784605275,-49.7659083627723,-20.9841916223666,100,7.3372513562387,22.6504681230495,1,1,110,coarse
60,55,0,0,0,-18.169784605275,-49.7713314455282,-20.9841916223666,100,3.92405063291139,26.2416406598306,1,1,115,coarse
60,60,0,0,0,-18.169784605275,-49.8064592636696,-20.9841919654034,100,0,29.9728752260398,1,1,120,coarse
65,0,0.249930574840322,0.249930574840322,0.236045542904749,11.1362262534563,-22.2530919489898,-1.78202569186231,99.7500694251597,34.120705244123,0,0,0,65,coarse
65,0.5,0.249930574840322,0.249930574840322,0.236045542904749,11.1362262534563,-22.2530919489898,-1.78202569186231,99.7500694251597,34.120705244123,0,0,0,65.5,coarse
65,1,0.249930574840322,0.249930574840322,0.208275479033602,11.1362262534563,-22.2933353015228,-1.78202569186231,99.7500694251597,34.1161844484629,0.0111457868925546,0,0,66,coarse
65,2,0.249930574840322,0.249930574840322,0.152735351291308,2.24385419825987,-22.4508044380404,-1.78202569186231,99.7500694251597,34.1003616636528,0.0334373606776638,0,0,67,coarse
65,3,0.194390447098028,0.194390447098028,0.111080255484588,-0.443550047634716,-23.06698950182,-2.42295823675975,99.805609552902,34.0641952983725,0.0713330361123495,0,0,68,coarse
65,5,0.0277700638711469,0.0277700638711469,0,-4.54179391525098,-25.8046578992059,-7.94615794848408,99.9722299361289,33.8833634719711,0.237341772151899,0,1,70,coarse
65,10,0,0,0,-8.57241742340318,-29.3165466582884,-10.8801138106757,100,33.3453887884268,0.775316455696203,1,1,75,coarse
65,15,0,0,0,-17.7770354633064,-30.8915625594615,-19.2799550924889,100,32.6898734177215,1.43083182640145,1,1,80,coarse
65,20,0,0,0,-18.1618098419976,-32.6429385329863,-20.9007744946072,100,31.751808318264,2.36889692585895,1,1,85,coarse
65,25,0,0,0,-18.1618098419976,-33.8689507555251,-20.9021274137065,100,30.2396021699819,3.88110307414105,1,1,90,coarse
65,30,0,0,0,-18.1692586259696,-35.2470025042153,-20.9567413435359,100,28.1735985533454,6.24164065983058,1,1,95,coarse
65,35,0,0,0,-18.1692586259696,-36.1482896882678,-20.9567413435359,100,24.4552441229656,9.96879179670085,1,1,100,coarse
65,40,0,0,0,-18.1692586259696,-39.9696571628243,-20.9824236797874,100,19.0167269439421,15.1039783001808,1,1,105,coarse
65,45,0,0,0,-18.1692586259696,-45.9607313570353,-20.9841916223666,100,15.0406871609403,19.0800180831826,1,1,110,coarse
65,50,0,0,0,-18.169784605275,-51.6303521946716,-20.9841916223666,100,11.4850813743219,22.6504681230495,1,1,115,coarse
65,55,0,0,0,-18.169784605275,-51.6659856329797,-20.9841916223666,100,8.07188065099458,26.2416406598306,1,1,120,coarse
65,60,0,0,0,-18.169784605275,-51.6693405813715,-20.9841919654034,100,4.14783001808318,29.9728752260398,1,1,125,coarse
65,65,0,0,0,-18.1697961480422,-51.6693405813715,-20.9841923936198,100,0,34.120705244123,1,1,130,coarse
70,0,0.249930574840322,0.249930574840322,0.236045542904749,11.1362262534563,-22.2933353015228,-1.78202569186229,99.7500694251597,38.374773960217,0,0,0,70,coarse
70,0.5,0.249930574840322,0.249930574840322,0.236045542904749,11.1362262534563,-22.2933353015228,-1.78202569186229,99.7500694251597,38.374773960217,0,0,0,70.5,coarse
70,1,0.249930574840322,0.249930574840322,0.208275479033602,11.1362262534563,-22.3323173805362,-1.78202569186229,99.7500694251597,38.370253164557,0.0111457868925546,0,0,71,coarse
70,2,0.249930574840322,0.249930574840322,0.152735351291308,2.24385419825987,-22.5015770189823,-1.78202569186229,99.7500694251597,38.3544303797468,0.0334373606776638,0,0,72,coarse
70,3,0.194390447098028,0.194390447098028,0.111080255484588,-0.443550047634716,-23.1579663549724,-2.42295823675971,99.805609552902,38.3182640144665,0.0713330361123495,0,0,73,coarse
70,5,0.0277700638711469,0.0277700638711469,0,-4.54179391525098,-25.9577574065809,-7.94615794848408,99.9722299361289,38.1374321880651,0.237341772151899,0,1,75,coarse
70,10,0,0,0,-8.57241742340318,-29.3511801887368,-10.8801138106757,100,37.5994575045208,0.775316455696203,1,1,80,coarse
70,15,0,0,0,-17.7770354633064,-30.9639309221744,-19.4129201006794,100,36.9439421338156,1.43083182640145,1,1,85,coarse
70,20,0,0,0,-18.1618098419976,-32.7275931144122,-21.8750642855244,100,36.0058770343581,2.36889692585895,1,1,90,coarse
70,25,0,0,0,-18.1618098419976,-33.9400117237945,-22.0261767801397,100,34.4936708860759,3.88110307414105,1,1,95,coarse
70,30,0,0,0,-18.1692586259696,-35.4223445021317,-22.0261767801397,100,32.4276672694394,6.24164065983058,1,1,100,coarse
70,35,0,0,0,-18.1692586259696,-36.4215138993078,-22.0261767801397,100,28.7093128390597,9.96879179670085,1,1,105,coarse
70,40,0,0,0,-18.1692586259696,-40.0144435661119,-22.0264349124308,100,23.2707956600362,15.1039783001808,1,1,110,coarse
70,45,0,0,0,-18.1692586259696,-46.1051498036957,-22.0308461646627,100,19.2947558770344,19.0800180831826,1,1,115,coarse
70,50,0,0,0,-18.169784605275,-52.1332297716896,-22.032859448054,100,15.7391500904159,22.6504681230495,1,1,120,coarse
70,55,0,0,0,-18.169784605275,-52.1593683711562,-22.032859448054,100,12.3259493670886,26.2416406598306,1,1,125,coarse
70,60,0,0,0,-18.169784605275,-52.1736457494527,-22.032859448054,100,8.40189873417722,29.9728752260398,1,1,130,coarse
70,65,0,0,0,-18.1697961480422,-52.1736457494527,-22.0328600518888,100,4.3468568880963,34.120705244123,1,1,135,coarse
70,70,0,0,0,-18.1697961480422,-52.1741321160792,-22.0328668544749,100,0,38.374773960217,1,1,140,coarse
75,0,0.249930574840322,0.249930574840322,0.236045542904749,11.1362262534563,-22.2933353015228,-1.78202569186229,99.7500694251597,45.6012658227848,0,0,0,75,coarse
75,0.5,0.249930574840322,0.249930574840322,0.236045542904749,11.1362262534563,-22.2933353015228,-1.78202569186229,99.7500694251597,45.6012658227848,0,0,0,75.5,coarse
75,1,0.249930574840322,0.249930574840322,0.208275479033602,11.1362262534563,-22.3323173805362,-1.78202569186229,99.7500694251597,45.5967450271248,0.0111457868925546,0,0,76,coarse
75,2,0.249930574840322,0.249930574840322,0.152735351291308,2.24385419825985,-22.5015770189823,-1.78202569186229,99.7500694251597,45.5809222423146,0.0334373606776638,0,0,77,coarse
75,3,0.194390447098028,0.194390447098028,0.111080255484588,-0.443550047634702,-23.1579663549724,-2.42295823675971,99.805609552902,45.5447558770344,0.0713330361123495,0,0,78,coarse
75,5,0.0277700638711469,0.0277700638711469,0,-4.54179391525098,-25.9577574065809,-7.94615794848408,99.9722299361289,45.3639240506329,0.237341772151899,0,1,80,coarse
75,10,0,0,0,-8.57241742340321,-29.4006917168016,-10.8801138106757,100,44.8259493670886,0.775316455696203,1,1,85,coarse
75,15,0,0,0,-17.7770354633064,-31.0620332514156,-19.4129201006794,100,44.1704339963834,1.43083182640145,1,1,90,coarse
75,20,0,0,0,-18.1618098419976,-32.7542912162553,-22.7774604572119,100,43.2323688969259,2.36889692585895,1,1,95,coarse
75,25,0,0,0,-18.1618098419976,-33.9853968960903,-23.3548486471908,100,41.7201627486438,3.88110307414105,1,1,100,coarse
75,30,0,0,0,-18.1692586259696,-35.4772180752054,-23.3708207495262,100,39.6541591320072,6.24164065983058,1,1,105,coarse
75,35,0,0,0,-18.1692586259696,-36.5403220820102,-23.3708207495262,100,35.9358047016275,9.96879179670085,1,1,110,coarse
75,40,0,0,0,-18.1692586259696,-40.5028581006479,-23.3708207495262,100,30.497287522604,15.1039783001808,1,1,115,coarse
75,45,0,0,0,-18.1692586259696,-46.6979968438592,-23.3890685414746,100,26.5212477396022,19.0800180831826,1,1,120,coarse
75,50,0,0,0,-18.169784605275,-53.1611325397271,-23.3890685414746,100,22.9656419529837,22.6504681230495,1,1,125,coarse
75,55,0,0,0,-18.169784605275,-53.2187894759012,-23.3890837611134,100,19.5524412296564,26.2416406598306,1,1,130,coarse
75,60,0,0,0,-18.169784605275,-53.3542508056865,-23.389210467438,100,15.628390596745,29.9728752260398,1,1,135,coarse
75,65,0,0,0,-18.1697961480422,-53.3614483900433,-23.389216102606,100,11.4805605786618,34.120705244123,1,1,140,coarse
75,70,0,0,0,-18.1697961480422,-53.3821516303152,-23.389216102606,100,7.22649186256781,38.374773960217,1,1,145,coarse
75,75,0,0,0,-18.1698126548709,-53.3996419695871,-23.3892196468415,100,0,45.6012658227848,1,1,150,coarse
80,0,0.249930574840322,0.249930574840322,0.236045542904749,11.1362262534563,-22.2933353015228,-1.78202569186229,99.7500694251597,49.6451175406872,0,0,0,80,coarse
80,0.5,0.249930574840322,0.249930574840322,0.236045542904749,11.1362262534563,-22.2933353015228,-1.78202569186229,99.7500694251597,49.6451175406872,0,0,0,80.5,coarse
80,1,0.249930574840322,0.249930574840322,0.208275479033602,11.1362262534563,-22.3323173805362,-1.78202569186229,99.7500694251597,49.6405967450271,0.0111457868925546,0,0,81,coarse
80,2,0.249930574840322,0.249930574840322,0.152735351291308,2.24385419825985,-22.5015770189823,-1.78202569186229,99.7500694251597,49.624773960217,0.0334373606776638,0,0,82,coarse
80,3,0.194390447098028,0.194390447098028,0.111080255484588,-0.443550047634702,-23.1579663549724,-2.42295823675971,99.805609552902,49.5886075949367,0.0713330361123495,0,0,83,coarse
80,5,0.0277700638711469,0.0277700638711469,0,-4.54179391525098,-25.9577574065809,-7.94615794848408,99.9722299361289,49.4077757685353,0.237341772151899,0,1,85,coarse
80,10,0,0,0,-8.57241742340321,-29.4006917168014,-10.8801138106757,100,48.869801084991,0.775316455696203,1,1,90,coarse
80,15,0,0,0,-17.7770354633064,-31.0620332514156,-19.4129201006794,100,48.2142857142857,1.43083182640145,1,1,95,coarse
80,20,0,0,0,-18.1618098419976,-32.7576494415181,-22.7774604572119,100,47.2762206148282,2.36889692585895,1,1,100,coarse
80,25,0,0,0,-18.1618098419976,-33.9853968960903,-23.3548486471908,100,45.7640144665461,3.88110307414105,1,1,105,coarse
80,30,0,0,0,-18.1692586259696,-35.485771432433,-23.3708207495262,100,43.6980108499096,6.24164065983058,1,1,110,coarse
80,35,0,0,0,-18.1692586259696,-36.5756396292558,-23.3708207495262,100,39.9796564195298,9.96879179670085,1,1,115,coarse
80,40,0,0,0,-18.1692586259696,-40.5028581006479,-23.3708207495262,100,34.5411392405063,15.1039783001808,1,1,120,coarse
80,45,0,0,0,-18.1692586259696,-47.1216817879922,-23.3890685414746,100,30.5650994575045,19.0800180831826,1,1,125,coarse
80,50,0,0,0,-18.169784605275,-53.2369654811751,-23.3890685414746,100,27.0094936708861,22.6504681230495,1,1,130,coarse
80,55,0,0,0,-18.169784605275,-53.2859614349697,-23.3890837611134,100,23.5962929475588,26.2416406598306,1,1,135,coarse
80,60,0,0,0,-18.169784605275,-53.5871306317663,-23.389210467438,100,19.6722423146474,29.9728752260398,1,1,140,coarse
80,65,0,0,0,-18.1697961480422,-53.8960968382885,-23.389216102606,100,15.5244122965642,34.120705244123,1,1,145,coarse
80,70,0,0,0,-18.1697961480422,-53.9206680011757,-23.389216102606,100,11.2703435804702,38.374773960217,1,1,150,coarse
80,75,0,0,0,-18.1698126548709,-53.9359507039613,-23.3892196468415,100,4.04385171790235,45.6012658227848,1,1,155,coarse
80,80,0,0,0,-18.1698126548709,-54.1634853492384,-23.389262580273,100,0,49.6451175406872,1,1,160,coarse
85,0,0.249930574840322,0.249930574840322,0.236045542904749,11.1362262534563,-22.2933353015228,-1.78202569186221,99.7500694251597,52.7983725135624,0,0,0,85,coarse
85,0.5,0.249930574840322,0.249930574840322,0.236045542904749,11.1362262534563,-22.2933353015228,-1.78202569186221,99.7500694251597,52.7983725135624,0,0,0,85.5,coarse
85,1,0.249930574840322,0.249930574840322,0.208275479033602,11.1362262534563,-22.3323173805362,-1.78202569186221,99.7500694251597,52.7938517179023,0.0111457868925546,0,0,86,coarse
85,2,0.249930574840322,0.249930574840322,0.152735351291308,2.24385419825985,-22.5015770189823,-1.78202569186221,99.7500694251597,52.7780289330922,0.0334373606776638,0,0,87,coarse
85,3,0.194390447098028,0.194390447098028,0.111080255484588,-0.443550047634702,-23.1579663549724,-2.42295823675968,99.805609552902,52.7418625678119,0.0713330361123495,0,0,88,coarse
85,5,0.0277700638711469,0.0277700638711469,0,-4.54179391525098,-25.9577574065809,-7.94615794848408,99.9722299361289,52.5610307414105,0.237341772151899,0,1,90,coarse
85,10,0,0,0,-8.57241742340318,-29.4006917168014,-10.8801138106757,100,52.0230560578662,0.775316455696203,1,1,95,coarse
85,15,0,0,0,-17.7770354633064,-31.0620332514156,-19.4126764329321,100,51.3675406871609,1.43083182640145,1,1,100,coarse
85,20,0,0,0,-18.1618098419976,-32.7576494415181,-22.7774604572119,100,50.4294755877034,2.36889692585895,1,1,105,coarse
85,25,0,0,0,-18.1618098419976,-33.9853968960903,-23.3548486471908,100,48.9172694394213,3.88110307414105,1,1,110,coarse
85,30,0,0,0,-18.1692586259696,-35.485771432433,-23.3708207495262,100,46.8512658227848,6.24164065983058,1,1,115,coarse
85,35,0,0,0,-18.1692586259696,-36.5756396292558,-23.3708207495262,100,43.1329113924051,9.96879179670085,1,1,120,coarse
85,40,0,0,0,-18.1692586259696,-40.5028581006479,-23.3708207495262,100,37.6943942133816,15.1039783001808,1,1,125,coarse
85,45,0,0,0,-18.1692586259696,-47.2351242701082,-23.3890685414746,100,33.7183544303797,19.0800180831826,1,1,130,coarse
85,50,0,0,0,-18.169784605275,-53.448569041103,-23.3890685414746,100,30.1627486437613,22.6504681230495,1,1,135,coarse
85,55,0,0,0,-18.169784605275,-53.6006522673718,-23.3890837611134,100,26.749547920434,26.2416406598306,1,1,140,coarse
85,60,0,0,0,-18.169784605275,-54.1314168564517,-23.389210467438,100,22.8254972875226,29.9728752260398,1,1,145,coarse
85,65,0,0,0,-18.1697961480422,-54.181750866562,-23.389216102606,100,18.6776672694394,34.120705244123,1,1,150,coarse
85,70,0,0,0,-18.1697961480422,-54.2311129337691,-23.389216102606,100,14.4235985533454,38.374773960217,1,1,155,coarse
85,75,0,0,0,-18.1698126548709,-54.2330959557976,-23.3892196468415,100,7.19710669077758,45.6012658227848,1,1,160,coarse
85,80,0,0,0,-18.1698126548709,-54.5467470850946,-23.389262580273,100,3.37048595630852,49.6451175406872,1,1,165,coarse
85,85,0,0,0,-18.1698126548709,-54.9885511570473,-23.389262580273,100,0,52.7983725135624,1,1,170,coarse
90,0,0.249930574840322,0.249930574840322,0.236045542904749,11.1362262534563,-22.2933353015228,-1.78202569186221,99.7500694251597,55.9290235081374,0,0,0,90,coarse
90,0.5,0.249930574840322,0.249930574840322,0.236045542904749,11.1362262534563,-22.2933353015228,-1.78202569186221,99.7500694251597,55.9290235081374,0,0,0,90.5,coarse
90,1,0.249930574840322,0.249930574840322,0.208275479033602,11.1362262534563,-22.3323173805362,-1.78202569186221,99.7500694251597,55.9245027124774,0.0111457868925546,0,0,91,coarse
90,2,0.249930574840322,0.249930574840322,0.152735351291308,2.24385419825985,-22.5015770189823,-1.78202569186221,99.7500694251597,55.9086799276673,0.0334373606776638,0,0,92,coarse
90,3,0.194390447098028,0.194390447098028,0.111080255484588,-0.443550047634702,-23.1579663549724,-2.42295823675968,99.805609552902,55.872513562387,0.0713330361123495,0,0,93,coarse
90,5,0.0277700638711469,0.0277700638711469,0,-4.54179391525098,-25.9577574065809,-7.94615794848408,99.9722299361289,55.6916817359855,0.237341772151899,0,1,95,coarse
90,10,0,0,0,-8.57241742340318,-29.4112253453312,-10.8801138106757,100,55.1537070524412,0.775316455696203,1,1,100,coarse
90,15,0,0,0,-17.7770354633064,-31.0850956785794,-19.4126764329321,100,54.498191681736,1.43083182640145,1,1,105,coarse
90,20,0,0,0,-18.1618098419976,-32.799594983004,-22.7774604572119,100,53.5601265822785,2.36889692585895,1,1,110,coarse
90,25,0,0,0,-18.1618098419976,-34.0293799759849,-23.3548486471908,100,52.0479204339964,3.88110307414105,1,1,115,coarse
90,30,0,0,0,-18.1692586259696,-35.4971174859417,-23.3708207495262,100,49.9819168173599,6.24164065983058,1,1,120,coarse
90,35,0,0,0,-18.1692586259696,-36.8840572819338,-23.3708207495262,100,46.2635623869801,9.96879179670085,1,1,125,coarse
90,40,0,0,0,-18.1692586259696,-40.9835288842761,-23.3708207495262,100,40.8250452079566,15.1039783001808,1,1,130,coarse
90,45,0,0,0,-18.1692586259696,-48.3253809462238,-23.3890685414746,100,36.8490054249548,19.0800180831826,1,1,135,coarse
90,50,0,0,0,-18.169784605275,-54.1261872201158,-23.3890685414746,100,33.2933996383363,22.6504681230495,1,1,140,coarse
90,55,0,0,0,-18.169784605275,-54.2909953364391,-23.3890837611134,100,29.880198915009,26.2416406598306,1,1,145,coarse
90,60,0,0,0,-18.169784605275,-54.5902620297453,-23.389210467438,100,25.9561482820977,29.9728752260398,1,1,150,coarse
90,65,0,0,0,-18.1697961480422,-54.8709252176379,-23.389216102606,100,21.8083182640145,34.120705244123,1,1,155,coarse
90,70,0,0,0,-18.1697961480422,-55.1118124485428,-23.389216102606,100,17.5542495479204,38.374773960217,1,1,160,coarse
90,75,0,0,0,-18.1698126548709,-55.3772746637181,-23.3892196468415,100,10.3522068658047,45.6012658227848,1,1,165,coarse
90,80,0,0,0,-18.1698126548709,-55.8509593552157,-23.389262580273,100,6.76103432902363,49.6451175406872,1,1,170,coarse
90,85,0,0,0,-18.1698126548709,-56.2025090846742,-23.389262580273,100,3.39054837271511,52.7983725135624,1,1,175,coarse
90,90,0,0,0,-18.1698126548709,-56.3067148249954,-23.3892835908025,100,0,55.9290235081374,1,1,180,coarse
95,0,0.249930574840322,0.249930574840322,0.236045542904749,11.1362262534563,-22.3512723793515,-1.78202569186221,99.7500694251597,59.2133815551537,0,0,0,95,coarse
95,0.5,0.249930574840322,0.249930574840322,0.236045542904749,11.1362262534563,-22.3512723793515,-1.78202569186221,99.7500694251597,59.2133815551537,0,0,0,95.5,coarse
95,1,0.249930574840322,0.249930574840322,0.208275479033602,11.1362262534563,-22.3707664148564,-1.78202569186221,99.7500694251597,59.2088607594937,0.0111457868925546,0,0,96,coarse
95,2,0.249930574840322,0.249930574840322,0.152735351291308,2.24385419825985,-22.6548208704248,-1.78202569186221,99.7500694251597,59.1930379746835,0.0334373606776638,0,0,97,coarse
95,3,0.194390447098028,0.194390447098028,0.111080255484588,-0.443550047634702,-23.3444896362987,-2.42295823675968,99.805609552902,59.1568716094033,0.0713330361123495,0,0,98,coarse
95,5,0.0277700638711469,0.0277700638711469,0,-4.54179391525098,-26.3402475521846,-7.94615794848399,99.9722299361289,58.9760397830018,0.237341772151899,0,1,100,coarse
95,10,0,0,0,-8.57241742340321,-29.5141461767826,-10.8801138106757,100,58.4380650994575,0.775316455696203,1,1,105,coarse
95,15,0,0,0,-17.7770354633064,-31.2579038303271,-19.7820972147708,100,57.7825497287523,1.43083182640145,1,1,110,coarse
95,20,0,0,0,-18.1618098419976,-32.921604815932,-24.1474108314582,100,56.8444846292948,2.36889692585895,1,1,115,coarse
95,25,0,0,0,-18.1618098419976,-34.2747901714279,-27.0726581734174,100,55.3322784810127,3.88110307414105,1,1,120,coarse
95,30,0,0,0,-18.1692586259696,-35.8915230238345,-27.0726581734174,100,53.2662748643761,6.24164065983058,1,1,125,coarse
95,35,0,0,0,-18.1692586259696,-37.3340099763086,-28.1674956647478,100,49.5479204339964,9.96879179670085,1,1,130,coarse
95,40,0,0,0,-18.1692586259696,-41.647720405441,-29.3346866696855,100,44.1094032549729,15.1039783001808,1,1,135,coarse
95,45,0,0,0,-18.1692586259696,-49.008875363982,-29.3346866696855,100,40.1333634719711,19.0800180831826,1,1,140,coarse
95,50,0,0,0,-18.169784605275,-54.6872437940901,-29.3346866696855,100,36.5777576853526,22.6504681230495,1,1,145,coarse
95,55,0,0,0,-18.169784605275,-54.8757923399077,-29.3346866696855,100,33.1645569620253,26.2416406598306,1,1,150,coarse
95,60,0,0,0,-18.169784605275,-55.1071385538277,-29.3346937381814,100,29.2405063291139,29.9728752260398,1,1,155,coarse
95,65,0,0,0,-18.1697961480422,-55.3333891523761,-29.3346937381814,100,25.0926763110307,34.120705244123,1,1,160,coarse
95,70,0,0,0,-18.1697961480422,-55.4062797665739,-29.3347315090086,100,20.8386075949367,38.374773960217,1,1,165,coarse
95,75,0,0,0,-18.1698126548709,-55.9207683063904,-29.3347502300799,100,13.8497547926884,45.6012658227848,1,1,170,coarse
95,80,0,0,0,-18.1698126548709,-56.322961358182,-29.3349990702777,100,10.2585822559073,49.6451175406872,1,1,175,coarse
95,85,0,0,0,-18.1698126548709,-56.6794283491804,-29.3349990702777,100,6.97715136128863,52.7983725135624,1,1,180,coarse
95,90,0,0,0,-18.1698126548709,-56.7609634248179,-29.3349990702777,100,3.75120371180951,55.9290235081374,1,1,185,coarse
95,95,0,0,0,-18.1699600183465,-57.713129159964,-29.3349990702777,100,0,59.2133815551537,1,1,190,coarse
100,0,0.249930574840322,0.249930574840322,0.236045542904749,11.1362262534563,-22.3512723793515,-1.78202569186221,99.7500694251597,62.9000904159132,0,0,0,100,coarse
100,0.5,0.249930574840322,0.249930574840322,0.236045542904749,11.1362262534563,-22.3512723793515,-1.78202569186221,99.7500694251597,62.9000904159132,0,0,0,100.5,coarse
100,1,0.249930574840322,0.249930574840322,0.208275479033602,11.1362262534563,-22.3707664148564,-1.78202569186221,99.7500694251597,62.8955696202532,0.0111457868925546,0,0,101,coarse
100,2,0.249930574840322,0.249930574840322,0.152735351291308,2.24385419825985,-22.6548208704248,-1.78202569186221,99.7500694251597,62.879746835443,0.0334373606776638,0,0,102,coarse
100,3,0.194390447098028,0.194390447098028,0.111080255484588,-0.443550047634702,-23.3444896362987,-2.42295823675968,99.805609552902,62.8435804701627,0.0713330361123495,0,0,103,coarse
100,5,0.0277700638711469,0.0277700638711469,0,-4.54179391525098,-26.3402475521846,-7.94615794848424,99.9722299361289,62.6627486437613,0.237341772151899,0,1,105,coarse
100,10,0,0,0,-8.57241742340318,-29.6235294331721,-10.8801138106757,100,62.124773960217,0.775316455696203,1,1,110,coarse
100,15,0,0,0,-17.7770354633064,-31.5326959466866,-19.7820972147708,100,61.4692585895118,1.43083182640145,1,1,115,coarse
100,20,0,0,0,-18.1618098419976,-33.1018346678402,-24.1474108314582,100,60.5311934900542,2.36889692585895,1,1,120,coarse
100,25,0,0,0,-18.1618098419976,-34.3909139830403,-27.0726581734174,100,59.0189873417722,3.88110307414105,1,1,125,coarse
100,30,0,0,0,-18.1692586259696,-36.0485885787323,-27.0726581734174,100,56.9529837251356,6.24164065983058,1,1,130,coarse
100,35,0,0,0,-18.1692586259696,-37.5998544238549,-28.1674956647478,100,53.2346292947559,9.96879179670085,1,1,135,coarse
100,40,0,0,0,-18.1692586259696,-41.9427222719272,-30.7938598240482,100,47.7961121157324,15.1039783001808,1,1,140,coarse
100,45,0,0,0,-18.1692586259696,-49.1559843001487,-31.5117796006722,100,43.8200723327306,19.0800180831826,1,1,145,coarse
100,50,0,0,0,-18.169784605275,-55.0851509190463,-34.4317474792456,100,40.2644665461121,22.6504681230495,1,1,150,coarse
100,55,0,0,0,-18.169784605275,-55.2837560165144,-34.4317474792456,100,36.8512658227848,26.2416406598306,1,1,155,coarse
100,60,0,0,0,-18.169784605275,-55.3540813891774,-34.431824295018,100,32.9272151898734,29.9728752260398,1,1,160,coarse
100,65,0,0,0,-18.1697961480422,-55.4058818955978,-34.431824295018,100,28.9077128845296,34.120705244123,1,1,165,coarse
100,70,0,0,0,-18.1697961480422,-55.5822455271,-34.4319609169877,100,24.5608559964333,38.374773960217,1,1,170,coarse
100,75,0,0,0,-18.1698126548709,-56.3691794615674,-34.4325629389047,100,17.8674929778412,45.6012658227848,1,1,175,coarse
100,80,0,0,0,-18.1698126548709,-56.6572257651283,-34.4334923622106,100,14.3252039769941,49.6451175406872,1,1,180,coarse
100,85,0,0,0,-18.1698126548709,-56.8010200421281,-34.4343157191161,100,10.9590262606447,52.7983725135624,1,1,185,coarse
100,90,0,0,0,-18.1698126548709,-56.9361146050232,-34.4343953212193,100,7.77787685585626,55.9290235081374,1,1,190,coarse
100,95,0,0,0,-18.1699600183465,-57.6636995550456,-34.4343953212193,100,4.24004636854073,59.2133815551537,1,1,195,coarse
100,100,0,0,0,-18.1699600183465,-59.2323607493348,-34.4344025065789,100,0,62.9000904159132,1,1,200,coarse
105,0,0.249930574840322,0.249930574840322,0.236045542904749,11.1362262534563,-22.3707664148564,-1.78202569186226,99.7500694251597,67.2875226039783,0,0,0,105,coarse
105,0.5,0.249930574840322,0.249930574840322,0.236045542904749,11.1362262534563,-22.3707664148564,-1.78202569186226,99.7500694251597,67.2875226039783,0,0,0,105.5,coarse
105,1,0.249930574840322,0.249930574840322,0.208275479033602,11.1362262534563,-22.3871119315913,-1.78202569186226,99.7500694251597,67.2830018083183,0.0111457868925546,0,0,106,coarse
105,2,0.249930574840322,0.249930574840322,0.152735351291308,2.24385419825985,-22.7249130569966,-1.78202569186226,99.7500694251597,67.2671790235081,0.0334373606776638,0,0,107,coarse
105,3,0.194390447098028,0.194390447098028,0.111080255484588,-0.443550047634702,-23.4121065924574,-2.42295823675968,99.805609552902,67.2310126582279,0.0713330361123495,0,0,108,coarse
105,5,0.0277700638711469,0.0277700638711469,0,-4.54179391525098,-26.417835282446,-7.94615794848424,99.9722299361289,67.0842621489077,0.237341772151899,0,1,110,coarse
105,10,0,0,0,-8.57241742340318,-29.6235294331721,-10.8801138106757,100,66.7008470798038,0.775316455696203,1,1,115,coarse
105,15,0,0,0,-17.7770354633064,-31.6179762588906,-19.7820972147708,100,66.025412394115,1.43083182640145,1,1,120,coarse
105,20,0,0,0,-22.7203698228255,-33.1342950607104,-24.1474108314582,100,64.9866250557289,2.36889692585895,1,1,125,coarse
105,25,0,0,0,-26.6774081188138,-34.4706787292746,-27.4162879264878,100,63.4217565760143,3.88110307414105,1,1,130,coarse
105,30,0,0,0,-26.6774081188138,-36.1135205827561,-27.4162879264878,100,61.3404159132007,6.24164065983058,1,1,135,coarse
105,35,0,0,0,-27.0887893302681,-37.8708974726964,-29.2076803677205,100,57.622061482821,9.96879179670085,1,1,140,coarse
105,40,0,0,0,-30.3020530168255,-42.1877692365893,-31.0658344057242,100,52.1835443037975,15.1039783001808,1,1,145,coarse
105,45,0,0,0,-31.1587513634292,-49.5404616974856,-33.2095926794965,100,48.5599643334819,19.0800180831826,1,1,150,coarse
105,50,0,0,0,-33.7209264038263,-55.2098205823528,-41.0344055314905,100,44.6518987341772,22.6504681230495,1,1,155,coarse
105,55,0,0,0,-33.7209264038263,-55.2932438320921,-41.0354357861725,100,41.2386980108499,26.2416406598306,1,1,160,coarse
105,60,0,0,0,-33.7209264038263,-55.2932438320921,-41.0354357861725,100,37.4944271065537,29.9728752260398,1,1,165,coarse
105,65,0,0,0,-33.7209264038263,-55.3616302412865,-41.0355880086622,100,33.7449843958983,34.120705244123,1,1,170,coarse
105,70,0,0,0,-33.7210551881509,-55.4333133318682,-41.0413219808903,100,29.3981275078021,38.374773960217,1,1,175,coarse
105,75,0,0,0,-33.7212181624196,-56.1995384445651,-41.0413219808903,100,22.69160461902,45.6012658227848,1,1,180,coarse
105,80,0,0,0,-33.7393703304363,-56.7039139610497,-41.0429698052777,100,19.1493156181729,49.6451175406872,1,1,185,coarse
105,85,0,0,0,-33.7393703304363,-57.3000541436586,-41.0429698052777,100,15.7831379018235,52.7983725135624,1,1,190,coarse
105,90,0,0,0,-33.7395110807828,-57.4293347066193,-41.0441664017057,100,12.6019884970351,55.9290235081374,1,1,195,coarse
105,95,0,0,0,-33.7395110807828,-58.2154513340365,-41.0441664017057,100,9.06415800971956,59.2133815551537,1,1,200,coarse
105,100,0,0,0,-33.7395110807828,-60.0228401719022,-41.0441664017057,100,4.8372715113687,62.9000904159132,1,1,205,coarse
105,105,0,0,0,-33.7395522985957,-61.2247110652961,-41.0441664017057,100,0,67.2875226039783,1,1,210,coarse
110,0,0.249930574840322,0.249930574840322,0.236045542904749,11.1362262534563,-22.3707664148564,-1.7820256918623,99.7500694251597,71.9817209094962,0,0,0,110,coarse
110,0.5,0.249930574840322,0.249930574840322,0.236045542904749,11.1362262534563,-22.3707664148564,-1.7820256918623,99.7500694251597,71.9817209094962,0,0,0,110.5,coarse
110,1,0.249930574840322,0.249930574840322,0.208275479033602,11.1362262534563,-22.3871119315913,-1.7820256918623,99.7500694251597,71.9705751226037,0.0111457868925546,0,0,111,coarse
110,2,0.249930574840322,0.249930574840322,0.152735351291308,2.24385419825985,-22.7249130569966,-1.7820256918623,99.7500694251597,71.9482835488186,0.0334373606776638,0,0,112,coarse
110,3,0.194390447098028,0.194390447098028,0.111080255484588,-0.443550047634702,-23.4121065924574,-2.42295823675966,99.805609552902,71.9103878733839,0.0713330361123495,0,0,113,coarse
110,5,0.0277700638711469,0.0277700638711469,0,-4.54179391525098,-26.417835282446,-7.9461579484839,99.9722299361289,71.7922425323228,0.237341772151899,0,1,115,coarse
110,10,0,0,0,-8.57241742340321,-29.6235294331721,-10.8801138106757,100,71.4088274632189,0.775316455696203,1,1,120,coarse
110,15,0,0,0,-17.7770354633064,-31.6179762588906,-19.7820972147708,100,70.7333927775301,1.43083182640145,1,1,125,coarse
110,20,0,0,0,-22.7203698228255,-33.1342950607104,-24.1474108314582,100,69.694605439144,2.36889692585895,1,1,130,coarse
110,25,0,0,0,-26.6774081188138,-34.4706787292746,-27.4162879264878,100,68.1297369594293,3.88110307414105,1,1,135,coarse
110,30,0,0,0,-26.6774081188138,-36.1135205827561,-27.4162879264878,100,65.8137432188065,6.24164065983058,1,1,140,coarse
110,35,0,0,0,-27.0887893302681,-37.8708974726964,-29.2076803677205,100,62.0953887884268,9.96879179670085,1,1,145,coarse
110,40,0,0,0,-30.3020530168255,-42.1877692365893,-31.0658344057242,100,56.8903254569773,15.1039783001808,1,1,150,coarse
110,45,0,0,0,-31.1587513634292,-49.9437272499193,-33.2095926794965,100,53.267944716897,19.0800180831826,1,1,155,coarse
110,50,0,0,0,-46.4004143969287,-55.2098205823528,-48.2841809600085,100,49.3312527864467,22.6504681230495,1,1,160,coarse
110,55,0,0,0,-46.4004143969287,-55.2932438320921,-48.2950787375543,100,45.7400802496656,26.2416406598306,1,1,165,coarse
110,60,0,0,0,-46.4004143969287,-55.2932438320921,-48.2967186817185,100,42.2024074899688,29.9728752260398,1,1,170,coarse
110,65,0,0,0,-46.4004143969287,-55.3616302412865,-48.2999297891139,100,38.4529647793134,34.120705244123,1,1,175,coarse
110,70,0,0,0,-46.4004143969287,-55.4333133318682,-48.3006298244584,100,34.1061078912171,38.374773960217,1,1,180,coarse
110,75,0,0,0,-46.4145773934727,-56.1995384445651,-48.3125775410857,100,27.3985733392778,45.6012658227848,1,1,185,coarse
110,80,0,0,0,-46.4403966080227,-56.7300428840719,-48.3436856160139,100,23.8262963128093,49.6451175406872,1,1,190,coarse
110,85,0,0,0,-46.4403966080227,-57.3000541436586,-48.3436856160139,100,20.4601185964599,52.7983725135624,1,1,195,coarse
110,90,0,0,0,-46.4403966080227,-57.4293347066193,-48.3436856160139,100,17.2789691916715,55.9290235081374,1,1,200,coarse
110,95,0,0,0,-46.4403966080227,-58.2154513340365,-48.3439129467133,100,13.741138704356,59.2133815551537,1,1,205,coarse
110,100,0,0,0,-46.4403966080227,-60.0228401719022,-48.3596104093015,100,9.54525189478377,62.9000904159132,1,1,210,coarse
110,105,0,0,0,-48.3371407633522,-61.2247110652961,-49.4746651192056,100,4.70798038341507,67.2875226039783,1,1,215,coarse
110,110,0,0,0,-51.8222102850931,-62.5251978893908,-52.1889524979425,100,0,71.9817209094962,1,1,220,coarse
115,0,0.249930574840322,0.249930574840322,0.236045542904749,11.1362262534564,-22.3707664148564,-1.7820256918623,99.7500694251597,76.1992866696389,0,0,0,115,coarse
115,0.5,0.249930574840322,0.249930574840322,0.236045542904749,11.1362262534564,-22.3707664148564,-1.7820256918623,99.7500694251597,76.1992866696389,0,0,0,115.5,coarse
115,1,0.249930574840322,0.249930574840322,0.208275479033602,11.1362262534564,-22.3871119315913,-1.7820256918623,99.7500694251597,76.1881408827463,0.0111457868925546,0,0,116,coarse
115,2,0.249930574840322,0.249930574840322,0.152735351291308,2.24385419825987,-22.7249130569966,-1.7820256918623,99.7500694251597,76.1658493089612,0.0334373606776638,0,0,117,coarse
115,3,0.194390447098028,0.194390447098028,0.111080255484588,-0.443550047634702,-23.4121065924574,-2.42295823675966,99.805609552902,76.1279536335265,0.0713330361123495,0,0,118,coarse
115,5,0.0277700638711469,0.0277700638711469,0,-4.54179391525098,-26.417835282446,-7.9461579484839,99.9722299361289,76.0098082924655,0.237341772151899,0,1,120,coarse
115,10,0,0,0,-8.57241742340321,-29.6235294331721,-10.8801117581523,100,75.6263932233616,0.775316455696203,1,1,125,coarse
115,15,0,0,0,-17.7770354633064,-31.6179762588906,-19.7820972147708,100,74.9509585376728,1.43083182640145,1,1,130,coarse
115,20,0,0,0,-22.7203698228255,-33.1342950607104,-24.1474108314582,100,73.9121711992867,2.36889692585895,1,1,135,coarse
115,25,0,0,0,-26.6774081188138,-34.4706787292746,-27.4162879264878,100,72.402171058391,3.88110307414105,1,1,140,coarse
115,30,0,0,0,-26.6774081188138,-36.1135205827561,-27.4162879264878,100,70.1740506329114,6.24164065983058,1,1,145,coarse
115,35,0,0,0,-27.0887893302681,-37.8708974726964,-29.2076803677205,100,66.4556962025316,9.96879179670085,1,1,150,coarse
115,40,0,0,0,-30.3020530168255,-42.1877692365893,-31.0658344057242,100,61.3411538124836,15.1039783001808,1,1,155,coarse
115,45,0,0,0,-31.1587513634292,-49.9437272499193,-33.2095926794965,100,57.5768186991158,19.0800180831826,1,1,160,coarse
115,50,0,0,0,-46.4004143969287,-55.2098205823528,-48.2841809600085,100,53.6680381686072,22.6504681230495,1,1,165,coarse
115,55,0,0,0,-46.4004143969287,-55.2932438320921,-48.2950787375543,100,50.1028626455397,26.2416406598306,1,1,170,coarse
115,60,0,0,0,-46.4004143969287,-55.2932438320921,-48.2967186817185,100,46.4199732501115,29.9728752260398,1,1,175,coarse
115,65,0,0,0,-46.4004143969287,-55.3616302412865,-48.2999297891139,100,42.968134465552,34.120705244123,1,1,180,coarse
115,70,0,0,0,-46.4004143969287,-55.4333133318682,-48.3006298244584,100,38.7048060929703,38.374773960217,1,1,185,coarse
115,75,0,0,0,-46.4145773934727,-56.1995384445651,-48.3125775410857,100,32.1904676980695,45.6012658227848,1,1,190,coarse
115,80,0,0,0,-46.4403966080227,-56.7300428840719,-48.3436856160139,100,28.6481786972223,49.6451175406872,1,1,195,coarse
115,85,0,0,0,-46.4403966080227,-57.3000541436588,-48.3436856160139,100,25.282000980873,52.7983725135624,1,1,200,coarse
115,90,0,0,0,-46.4403966080227,-57.4293347066193,-48.3436856160139,100,22.1008515760845,55.9290235081374,1,1,205,coarse
115,95,0,0,0,-46.4403966080227,-58.2154513340365,-48.3439129467133,100,18.563021088769,59.2133815551537,1,1,210,coarse
115,100,0,0,0,-46.4403966080227,-60.0228401719022,-48.3596104093015,100,14.3229747202283,62.9000904159132,1,1,215,coarse
115,105,0,0,0,-48.3371407633522,-61.2247110652961,-49.4746651192056,100,9.49886307904944,67.2875226039783,1,1,220,coarse
115,110,0,0,0,-48.9874317607616,-62.5251978893908,-49.9028148283946,100,4.82188238441304,71.9817209094962,1,1,225,coarse
115,115,0,0,0,-56.7133000899269,-63.9877034630717,-57.3910525809392,100,0,76.1992866696389,1,1,230,coarse
120,0,0.249930574840322,0.249930574840322,0.236045542904749,11.1362262534564,-22.3707664148564,-1.7820256918623,99.7500694251597,81.5461121157324,0,0,0,120,coarse
120,0.5,0.249930574840322,0.249930574840322,0.236045542904749,11.1362262534564,-22.3707664148564,-1.7820256918623,99.7500694251597,81.5461121157324,0,0,0,120.5,coarse
120,1,0.249930574840322,0.249930574840322,0.208275479033602,11.1362262534564,-22.3871119315913,-1.7820256918623,99.7500694251597,81.5415913200723,0.0111457868925546,0,0,121,coarse
120,2,0.249930574840322,0.249930574840322,0.152735351291308,2.24385419825987,-22.7249130569966,-1.7820256918623,99.7500694251597,81.5257685352622,0.0334373606776638,0,0,122,coarse
120,3,0.194390447098028,0.194390447098028,0.111080255484588,-0.443550047634702,-23.4121065924574,-2.42295823675966,99.805609552902,81.4896021699819,0.0713330361123495,0,0,123,coarse
120,5,0.0277700638711469,0.0277700638711469,0,-4.54179391525098,-26.417835282446,-7.9461579484839,99.9722299361289,81.3087703435805,0.237341772151899,0,1,125,coarse
120,10,0,0,0,-8.57241742340321,-29.6235294331721,-10.8801117581523,100,80.7707956600362,0.775316455696203,1,1,130,coarse
120,15,0,0,0,-17.7770354633064,-31.6179762588906,-19.7820972147708,100,80.1152802893309,1.43083182640145,1,1,135,coarse
120,20,0,0,0,-22.7203698228255,-33.1342950607104,-24.1474108314582,100,79.1772151898734,2.36889692585895,1,1,140,coarse
120,25,0,0,0,-26.6774081188138,-34.4706787292746,-27.4162879264878,100,77.6650090415913,3.88110307414105,1,1,145,coarse
120,30,0,0,0,-26.6774081188138,-36.1135205827561,-27.4162879264878,100,75.5990054249548,6.24164065983058,1,1,150,coarse
120,35,0,0,0,-27.0887893302681,-37.8708974726964,-29.2076803677205,100,71.880650994575,9.96879179670085,1,1,155,coarse
120,40,0,0,0,-30.3020530168255,-42.1877692365893,-31.0658344057242,100,66.6002801365666,15.1039783001808,1,1,160,coarse
120,45,0,0,0,-31.1587513634292,-49.9437272499193,-33.2095926794965,100,62.8359450231988,19.0800180831826,1,1,165,coarse
120,50,0,0,0,-46.4004143969287,-55.2098205823528,-48.2841809600085,100,58.9271644926902,22.6504681230495,1,1,170,coarse
120,55,0,0,0,-46.4004143969287,-55.2932438320921,-48.2950787375543,100,55.497287522604,26.2416406598306,1,1,175,coarse
120,60,0,0,0,-46.4004143969287,-55.2932438320921,-48.2967186817185,100,51.6304823601506,29.9728752260398,1,1,180,coarse
120,65,0,0,0,-46.4004143969287,-55.3616302412865,-48.2999297891139,100,48.2272607896349,34.120705244123,1,1,185,coarse
120,70,0,0,0,-46.4004143969287,-55.4333133318682,-48.3006298244584,100,43.9639324170533,38.374773960217,1,1,190,coarse
120,75,0,0,0,-46.4145773934727,-56.1995384445651,-48.3125775410857,100,37.5362254224442,45.6012658227848,1,1,195,coarse
120,80,0,0,0,-46.4403966080227,-56.7300428840719,-48.3436856160139,100,33.993936421597,49.6451175406872,1,1,200,coarse
120,85,0,0,0,-46.4403966080227,-57.3000541436589,-48.3436856160139,100,30.6277587052477,52.7983725135624,1,1,205,coarse
120,90,0,0,0,-46.4403966080227,-57.4293347066193,-48.3436856160139,100,27.4466093004592,55.9290235081374,1,1,210,coarse
120,95,0,0,0,-46.4403966080227,-58.2154513340365,-48.3439129467133,100,23.9087788131437,59.2133815551537,1,1,215,coarse
120,100,0,0,0,-46.4403966080227,-60.0228401719022,-48.3596104093015,100,19.668732444603,62.9000904159132,1,1,220,coarse
120,105,0,0,0,-48.3371407633522,-61.2247110652961,-49.4746651192056,100,14.8446208034241,67.2875226039783,1,1,225,coarse
120,110,0,0,0,-48.9874317607616,-62.5251978893909,-49.9028148283946,100,10.1676401087877,71.9817209094962,1,1,230,coarse
120,115,0,0,0,-56.7133000899269,-63.9877034630717,-57.3910525809392,100,5.4249547920434,76.1992866696389,1,1,235,coarse
120,120,0,0,0,-59.4142542819233,-66.8306851300644,-59.8800309217885,100,0,81.5461121157324,1,1,240,coarse
125,0,0.249930574840322,0.249930574840322,0.236045542904749,11.1362262534564,-22.3707664148564,-1.78202569186233,99.7500694251597,86.8987341772152,0,0,0,125,coarse
125,0.5,0.249930574840322,0.249930574840322,0.236045542904749,11.1362262534564,-22.3707664148564,-1.78202569186233,99.7500694251597,86.8987341772152,0,0,0,125.5,coarse
125,1,0.249930574840322,0.249930574840322,0.208275479033602,11.1362262534564,-22.3871119315913,-1.78202569186233,99.7500694251597,86.8942133815551,0.0111457868925546,0,0,126,coarse
125,2,0.249930574840322,0.249930574840322,0.152735351291308,2.24385419825987,-22.7249130569966,-1.78202569186233,99.7500694251597,86.878390596745,0.0334373606776638,0,0,127,coarse
125,3,0.194390447098028,0.194390447098028,0.111080255484588,-0.443550047634702,-23.4121065924574,-2.42295823675963,99.805609552902,86.8422242314647,0.0713330361123495,0,0,128,coarse
125,5,0.0277700638711469,0.0277700638711469,0,-4.54179391525098,-26.417835282446,-7.9461579484839,99.9722299361289,86.6613924050633,0.237341772151899,0,1,130,coarse
125,10,0,0,0,-8.57241742340321,-29.6235294331721,-10.8801117581523,100,86.123417721519,0.775316455696203,1,1,135,coarse
125,15,0,0,0,-17.7770354633064,-31.6179762588906,-19.7820972147708,100,85.4679023508137,1.43083182640145,1,1,140,coarse
125,20,0,0,0,-22.7203698228255,-33.1342950607104,-24.1474108314581,100,84.5859231375295,2.36889692585895,1,1,145,coarse
125,25,0,0,0,-26.6774081188138,-34.4706787292746,-27.4162879264878,100,83.345005690274,3.88110307414105,1,1,150,coarse
125,30,0,0,0,-26.6774081188138,-36.1135205827561,-27.4162879264878,100,81.0710846537687,6.24164065983058,1,1,155,coarse
125,35,0,0,0,-27.0887893302681,-37.8708974726964,-29.2076803677205,100,77.286102813322,9.96879179670085,1,1,160,coarse
125,40,0,0,0,-30.3020530168255,-42.1877692365893,-31.0658344057242,100,72.2839884443666,15.1039783001808,1,1,165,coarse
125,45,0,0,0,-31.1587513634292,-49.9437272499193,-33.2095926794965,100,68.5196533309989,19.0800180831826,1,1,170,coarse
125,50,0,0,0,-46.4004143969287,-55.2098205823528,-48.2841809600085,100,64.6108728004902,22.6504681230495,1,1,175,coarse
125,55,0,0,0,-46.4004143969287,-55.2932438320921,-48.2950787375543,100,61.0456972774227,26.2416406598306,1,1,180,coarse
125,60,0,0,0,-46.4004143969287,-55.2932438320921,-48.2967186817185,100,57.3141906679506,29.9728752260398,1,1,185,coarse
125,65,0,0,0,-46.4004143969287,-55.3616302412865,-48.2999297891139,100,53.910969097435,34.120705244123,1,1,190,coarse
125,70,0,0,0,-46.4004143969287,-55.4333133318682,-48.3006298244584,100,49.6476407248534,38.374773960217,1,1,195,coarse
125,75,0,0,0,-46.4145773934727,-56.1995384445651,-48.3125775410857,100,43.3991707164831,45.6012658227848,1,1,200,coarse
125,80,0,0,0,-46.4403966080227,-56.7300428840719,-48.3436856160139,100,39.856881715636,49.6451175406872,1,1,205,coarse
125,85,0,0,0,-46.4403966080227,-57.3000541436587,-48.3436856160139,100,36.4907039992866,52.7983725135624,1,1,210,coarse
125,90,0,0,0,-46.4403966080227,-57.4293347066193,-48.3436856160139,100,33.3095545944982,55.9290235081374,1,1,215,coarse
125,95,0,0,0,-46.4403966080227,-58.2154513340365,-48.3439129467133,100,29.7717241071827,59.2133815551537,1,1,220,coarse
125,100,0,0,0,-46.4403966080227,-60.0228401719022,-48.3596104093015,100,25.5316777386419,62.9000904159132,1,1,225,coarse
125,105,0,0,0,-48.3371407633522,-61.2247110652961,-49.4746651192056,100,20.7075660974631,67.2875226039783,1,1,230,coarse
125,110,0,0,0,-48.9874317607616,-62.5251978893909,-49.9028148283946,100,16.0305854028267,71.9817209094962,1,1,235,coarse
125,115,0,0,0,-56.7133000899269,-63.9877034630717,-57.3910525809392,100,11.2087030184137,76.1992866696389,1,1,240,coarse
125,120,0,0,0,-59.4142542819233,-66.8306851301005,-59.8800309217885,100,5.86294529403897,81.5461121157324,1,1,245,coarse
125,125,0,0,0,-61.7832963159098,-68.9564323254855,-62.6594582603608,100,0,86.8987341772152,1,1,250,coarse
130,0,0.249930574840322,0.249930574840322,0.236045542904749,11.1362262534564,-22.3707664148564,-1.78202569186249,99.7500694251597,91.9501538187168,0,0,0,130,coarse
130,0.5,0.249930574840322,0.249930574840322,0.236045542904749,11.1362262534564,-22.3707664148564,-1.78202569186249,99.7500694251597,91.9501538187168,0,0,0,130.5,coarse
130,1,0.249930574840322,0.249930574840322,0.208275479033602,11.1362262534564,-22.3871119315913,-1.78202569186249,99.7500694251597,91.9456953051853,0.0111457868925546,0,0,131,coarse
130,2,0.249930574840322,0.249930574840322,0.152735351291308,2.24385419825985,-22.7249130569966,-1.78202569186249,99.7500694251597,91.9323197645905,0.0334373606776638,0,0,132,coarse
130,3,0.194390447098028,0.194390447098028,0.111080255484588,-0.443550047634716,-23.4121065924574,-2.42295823675967,99.805609552902,91.905568683401,0.0713330361123495,0,0,133,coarse
130,5,0.0277700638711469,0.0277700638711469,0,-4.54179391525098,-26.417835282446,-7.94615794848427,99.9722299361289,91.7941058451112,0.237341772151899,0,1,135,coarse
130,10,0,0,0,-8.57241742340321,-29.6235294331721,-10.8801117581523,100,91.4396540193499,0.775316455696203,1,1,140,coarse
130,15,0,0,0,-17.7770354633064,-31.6179762588906,-19.7820972147708,100,90.8243791519907,1.43083182640145,1,1,145,coarse
130,20,0,0,0,-22.7203698228255,-33.1342950607104,-24.1474108314582,100,89.9304471889072,2.36889692585895,1,1,150,coarse
130,25,0,0,0,-26.6774081188138,-34.4706787292746,-27.4162879264878,100,88.6129564403228,3.88110307414105,1,1,155,coarse
130,30,0,0,0,-26.6774081188138,-36.1135205827561,-27.4162879264878,100,86.3324267689152,6.24164065983058,1,1,160,coarse
130,35,0,0,0,-27.0887893302681,-37.8708974726964,-29.2076803677205,100,82.8659324981051,9.96879179670085,1,1,165,coarse
130,40,0,0,0,-30.3020530168255,-42.1877692365893,-31.0658344057242,100,77.6628472067413,15.1039783001808,1,1,170,coarse
130,45,0,0,0,-31.1587513634292,-49.9437272499193,-33.2095926794965,100,73.6479557715458,19.0800180831826,1,1,175,coarse
130,50,0,0,0,-46.4004143969287,-55.2098205823528,-48.2841809600085,100,69.7690489990637,22.6504681230495,1,1,180,coarse
130,55,0,0,0,-46.4004143969287,-55.2932438320921,-48.2950787375543,100,66.4875830398145,26.2416406598306,1,1,185,coarse
130,60,0,0,0,-46.4004143969287,-55.2932438320921,-48.2967186817185,100,62.851665254804,29.9728752260398,1,1,190,coarse
130,65,0,0,0,-46.4004143969287,-55.3616302412867,-48.2999297891139,100,58.9526951714298,34.120705244123,1,1,195,coarse
130,70,0,0,0,-46.4004143969287,-55.4333133318682,-48.3006298244584,100,54.9623255606581,38.374773960217,1,1,200,coarse
130,75,0,0,0,-46.4145773934727,-56.1995384445651,-48.3125775410857,100,48.9790004012662,45.6012658227848,1,1,205,coarse
130,80,0,0,0,-46.4403966080227,-56.7300428840719,-48.3436856160139,100,45.4367114004191,49.6451175406872,1,1,210,coarse
130,85,0,0,0,-46.4403966080227,-57.3000541436585,-48.3436856160139,100,42.0705336840697,52.7983725135624,1,1,215,coarse
130,90,0,0,0,-46.4403966080227,-57.4293347066193,-48.3436856160139,100,38.8893842792813,55.9290235081374,1,1,220,coarse
130,95,0,0,0,-46.4403966080227,-58.2154513340365,-48.3439129467133,100,35.3515537919658,59.2133815551537,1,1,225,coarse
130,100,0,0,0,-46.4403966080227,-60.0228401719022,-48.3596104093015,100,31.111507423425,62.9000904159132,1,1,230,coarse
130,105,0,0,0,-48.3371407633522,-61.2247110652961,-49.4746651192056,100,26.2873957822462,67.2875226039783,1,1,235,coarse
130,110,0,0,0,-48.9874317607616,-62.5251978893909,-49.9028148283946,100,21.6104150876098,71.9817209094962,1,1,240,coarse
130,115,0,0,0,-56.7133000899269,-63.9877034630717,-57.3910525809392,100,16.7885327031968,76.1992866696389,1,1,245,coarse
130,120,0,0,0,-59.4142542819233,-66.8306851301005,-59.8800309217885,100,11.4427749788221,81.5461121157324,1,1,250,coarse
130,125,0,0,0,-61.7832963159098,-68.9564323254855,-62.6594582603608,100,5.57982968478309,86.8987341772152,1,1,255,coarse
130,130,0,0,0,-65.2042228971963,-71.3928098978227,-65.487185723221,100,0,91.9501538187168,1,1,260,coarse
135,0,0.249930574840322,0.249930574840322,0.236045542904749,11.1362262534563,-22.3707664148564,-1.78202569186249,99.7500694251597,95.2695171429845,0,0,0,135,coarse
135,0.5,0.249930574840322,0.249930574840322,0.236045542904749,11.1362262534563,-22.3707664148564,-1.78202569186249,99.7500694251597,95.2695171429845,0,0,0,135.5,coarse
135,1,0.249930574840322,0.249930574840322,0.208275479033602,11.1362262534563,-22.3871119315913,-1.78202569186249,99.7500694251597,95.2650586294529,0.0111457868925546,0,0,136,coarse
135,2,0.249930574840322,0.249930574840322,0.152735351291308,2.24385419825985,-22.7249130569966,-1.78202569186249,99.7500694251597,95.2516830888582,0.0334373606776638,0,0,137,coarse
135,3,0.194390447098028,0.194390447098028,0.111080255484588,-0.443550047634716,-23.4121065924574,-2.42295823675967,99.805609552902,95.2249320076686,0.0713330361123495,0,0,138,coarse
135,5,0.0277700638711469,0.0277700638711469,0,-4.54179391525098,-26.417835282446,-7.94615794848427,99.9722299361289,95.1134691693789,0.237341772151899,0,1,140,coarse
135,10,0,0,0,-8.57241742340321,-29.6235294331721,-10.8801117581523,100,94.7590173436176,0.775316455696203,1,1,145,coarse
135,15,0,0,0,-17.7770354633064,-31.6179762588906,-19.7820972147708,100,94.1437424762584,1.43083182640145,1,1,150,coarse
135,20,0,0,0,-22.7203698228255,-33.1342950607104,-24.1474108314582,100,93.2498105131749,2.36889692585895,1,1,155,coarse
135,25,0,0,0,-26.6774081188138,-34.4706787292746,-27.4162879264878,100,91.9323197645905,3.88110307414105,1,1,160,coarse
135,30,0,0,0,-26.6774081188138,-36.1135205827561,-27.4162879264878,100,89.6517900931829,6.24164065983058,1,1,165,coarse
135,35,0,0,0,-27.0887893302681,-37.8708974726964,-29.2076803677205,100,86.1852958223728,9.96879179670085,1,1,170,coarse
135,40,0,0,0,-30.3020530168255,-42.1877692365893,-31.0658344057242,100,80.982210531009,15.1039783001808,1,1,175,coarse
135,45,0,0,0,-31.1587513634292,-49.9437272499193,-33.2095926794965,100,77.0156701391929,19.0800180831826,1,1,180,coarse
135,50,0,0,0,-46.4004143969287,-55.2098205823528,-48.2841809600085,100,73.1068896086842,22.6504681230495,1,1,185,coarse
135,55,0,0,0,-46.4004143969287,-55.2932438320921,-48.2950787375543,100,69.8069463640822,26.2416406598306,1,1,190,coarse
135,60,0,0,0,-46.4004143969287,-55.2932438320921,-48.2967186817185,100,66.1710285790717,29.9728752260398,1,1,195,coarse
135,65,0,0,0,-46.4004143969287,-55.3616302412867,-48.2999297891139,100,62.406985905629,34.120705244123,1,1,200,coarse
135,70,0,0,0,-46.4004143969287,-55.4333133318682,-48.3006298244584,100,58.2816888849258,38.374773960217,1,1,205,coarse
135,75,0,0,0,-46.4145773934727,-56.1995384445651,-48.3125775410857,100,52.2983637255339,45.6012658227848,1,1,210,coarse
135,80,0,0,0,-46.4403966080227,-56.7300428840719,-48.3436856160139,100,48.7560747246868,49.6451175406872,1,1,215,coarse
135,85,0,0,0,-46.4403966080227,-57.3000541436586,-48.3436856160139,100,45.3898970083374,52.7983725135624,1,1,220,coarse
135,90,0,0,0,-46.4403966080227,-57.4293347066193,-48.3436856160139,100,42.208747603549,55.9290235081374,1,1,225,coarse
135,95,0,0,0,-46.4403966080227,-58.2154513340365,-48.3439129467133,100,38.6709171162334,59.2133815551537,1,1,230,coarse
135,100,0,0,0,-46.4403966080227,-60.0228401719022,-48.3596104093015,100,34.4308707476927,62.9000904159132,1,1,235,coarse
135,105,0,0,0,-48.3371407633522,-61.2247110652961,-49.4746651192056,100,29.6067591065139,67.2875226039783,1,1,240,coarse
135,110,0,0,0,-48.9874317607616,-62.5251978893909,-49.9028148283945,100,24.9297784118775,71.9817209094962,1,1,245,coarse
135,115,0,0,0,-56.7133000899269,-63.9877034630717,-57.3910525809392,100,20.1078960274644,76.1992866696389,1,1,250,coarse
135,120,0,0,0,-59.4142542819233,-66.8306851301005,-59.8800309217885,100,14.7621383030897,81.5461121157324,1,1,255,coarse
135,125,0,0,0,-61.7832963159098,-68.9564323254855,-62.6594582603608,100,8.89919300905078,86.8987341772152,1,1,260,coarse
135,130,0,0,0,-65.2042228971963,-71.3928098978224,-65.487185723221,100,3.74944271065537,91.9501538187168,1,1,265,coarse
135,135,0,0,0,-67.7212132804208,-74.577074955477,-67.9359539112852,100,0,95.2695171429845,1,1,270,coarse
140,0,0.249930574840322,0.249930574840322,0.236045542904749,11.1362262534563,-22.3707664148564,-1.78202569186249,99.7500694251597,99.2156419529837,0,0,0,140,coarse
140,0.5,0.249930574840322,0.249930574840322,0.236045542904749,11.1362262534563,-22.3707664148564,-1.78202569186249,99.7500694251597,99.2156419529837,0,0,0,140.5,coarse
140,1,0.249930574840322,0.249930574840322,0.208275479033602,11.1362262534563,-22.3871119315913,-1.78202569186249,99.7500694251597,99.2111211573237,0.0111457868925546,0,0,141,coarse
140,2,0.249930574840322,0.249930574840322,0.152735351291308,2.24385419825985,-22.7249130569966,-1.78202569186249,99.7500694251597,99.1952983725136,0.0334373606776638,0,0,142,coarse
140,3,0.194390447098028,0.194390447098028,0.111080255484588,-0.443550047634716,-23.4121065924574,-2.42295823675967,99.805609552902,99.1591320072333,0.0713330361123495,0,0,143,coarse
140,5,0.0277700638711469,0.0277700638711469,0,-4.54179391525098,-26.417835282446,-7.94615794848427,99.9722299361289,98.9783001808318,0.237341772151899,0,1,145,coarse
140,10,0,0,0,-8.57241742340321,-29.6235294331721,-10.8801117581523,100,98.4975479268836,0.775316455696203,1,1,150,coarse
140,15,0,0,0,-17.7770354633064,-31.6179762588906,-19.7820972147708,100,97.8967871837521,1.43083182640145,1,1,155,coarse
140,20,0,0,0,-22.7203698228255,-33.1342950607104,-24.1474108314582,100,97.0541889170971,2.36889692585895,1,1,160,coarse
140,25,0,0,0,-26.6774081188138,-34.4706787292746,-27.4162879264878,100,95.8132714698416,3.88110307414105,1,1,165,coarse
140,30,0,0,0,-26.6774081188138,-36.1135205827561,-27.4162879264878,100,93.5393504333363,6.24164065983058,1,1,170,coarse
140,35,0,0,0,-27.0887893302681,-37.8708974726964,-29.2076803677205,100,89.8591109724018,9.96879179670085,1,1,175,coarse
140,40,0,0,0,-30.3020530168255,-42.1877692365893,-31.0658344057242,100,84.7522542239342,15.1039783001808,1,1,180,coarse
140,45,0,0,0,-31.1587513634292,-49.9437272499193,-33.2095926794965,100,80.9879191105664,19.0800180831826,1,1,185,coarse
140,50,0,0,0,-46.4004143969287,-55.2098205823528,-48.2841809600085,100,77.0791385800578,22.6504681230495,1,1,190,coarse
140,55,0,0,0,-46.4004143969287,-55.2932438320921,-48.2950787375543,100,73.5139630569903,26.2416406598306,1,1,195,coarse
140,60,0,0,0,-46.4004143969287,-55.2932438320921,-48.2967186817185,100,69.8448437291007,29.9728752260398,1,1,200,coarse
140,65,0,0,0,-46.4004143969287,-55.3616302412867,-48.2999297891139,100,66.3792348770025,34.120705244123,1,1,205,coarse
140,70,0,0,0,-46.4004143969287,-55.4333133318682,-48.3006298244584,100,62.1159065044209,38.374773960217,1,1,210,coarse
140,75,0,0,0,-46.4145773934727,-56.1995384445651,-48.3125775410857,100,55.9721788755629,45.6012658227848,1,1,215,coarse
140,80,0,0,0,-46.4403966080227,-56.7300428840719,-48.3436856160139,100,52.4298898747158,49.6451175406872,1,1,220,coarse
140,85,0,0,0,-46.4403966080227,-57.3000541436586,-48.3436856160139,100,49.0637121583664,52.7983725135624,1,1,225,coarse
140,90,0,0,0,-46.4403966080227,-57.4293347066193,-48.3436856160139,100,45.882562753578,55.9290235081374,1,1,230,coarse
140,95,0,0,0,-46.4403966080227,-58.2154513340365,-48.3439129467133,100,42.3447322662624,59.2133815551537,1,1,235,coarse
140,100,0,0,0,-46.4403966080227,-60.0228401719022,-48.3596104093015,100,38.1046858977217,62.9000904159132,1,1,240,coarse
140,105,0,0,0,-48.3371407633522,-61.2247110652961,-49.4746651192056,100,33.2805742565429,67.2875226039783,1,1,245,coarse
140,110,0,0,0,-48.9874317607616,-62.5251978893908,-49.9028148283945,100,28.6035935619065,71.9817209094962,1,1,250,coarse
140,115,0,0,0,-56.7133000899269,-63.9877034630717,-57.3910525809392,100,23.7817111774934,76.1992866696389,1,1,255,coarse
140,120,0,0,0,-59.4142542819233,-66.8306851301005,-59.8800309217885,100,18.4359534531187,81.5461121157324,1,1,260,coarse
140,125,0,0,0,-61.7832963159098,-68.9564323254855,-62.6594582603608,100,12.7507802050825,86.8987341772152,1,1,265,coarse
140,130,0,0,0,-65.2042228971963,-71.3928098978224,-65.487185723221,100,7.64155149353544,91.9501538187168,1,1,270,coarse
140,135,0,0,0,-67.7212132804208,-74.577074955477,-67.9359539112852,100,4.07097649186257,95.2695171429845,1,1,275,coarse
140,140,0,0,0,-70.6179662806594,-79.9189084689959,-70.8623296569748,100,0,99.2156419529837,1,1,280,coarse
142.036684186125,0,0.249930574840322,0.249930574840322,0.236045542904749,11.1362262534563,-22.3707664148564,-1.78202569186244,99.7500694251597,100,0,0,0,142.036684186125,coarse
142.036684186125,0.5,0.249930574840322,0.249930574840322,0.236045542904749,11.1362262534563,-22.3707664148564,-1.78202569186244,99.7500694251597,100,0,0,0,142.536684186125,coarse
142.036684186125,1,0.249930574840322,0.249930574840322,0.208275479033602,11.1362262534563,-22.3871119315913,-1.78202569186244,99.7500694251597,99.9956228661472,0.0111457868925546,0,0,143.036684186125,coarse
142.036684186125,2,0.249930574840322,0.249930574840322,0.152735351291308,2.24385419825985,-22.7249130569966,-1.78202569186244,99.7500694251597,99.982491464589,0.0334373606776638,0,0,144.036684186125,coarse
142.036684186125,3,0.194390447098028,0.194390447098028,0.111080255484588,-0.443550047634716,-23.4121065924574,-2.42295823675967,99.805609552902,99.9554148646841,0.0713330361123495,0,0,145.036684186125,coarse
142.036684186125,5,0.0277700638711469,0.0277700638711469,0,-4.54179391525098,-26.417835282446,-7.94615794848427,99.9722299361289,99.8439520263944,0.237341772151899,0,1,147.036684186125,coarse
142.036684186125,10,0,0,0,-8.57241742340321,-29.6235294331721,-10.8801117581523,100,99.4895002006331,0.775316455696203,1,1,152.036684186125,coarse
142.036684186125,15,0,0,0,-17.7770354633064,-31.6179762588906,-19.7820972147708,100,98.8882080014007,1.43083182640145,1,1,157.036684186125,coarse
142.036684186125,20,0,0,0,-22.7203698228255,-33.1342950607104,-24.1474108314582,100,98.0456097347457,2.36889692585895,1,1,162.036684186125,coarse
142.036684186125,25,0,0,0,-26.6774081188138,-34.4706787292746,-27.4162879264878,100,96.8046922874902,3.88110307414105,1,1,167.036684186125,coarse
142.036684186125,30,0,0,0,-26.6774081188138,-36.1135205827561,-27.4162879264878,100,94.5307712509849,6.24164065983058,1,1,172.036684186125,coarse
142.036684186125,35,0,0,0,-27.0887893302681,-37.8708974726964,-29.2076803677205,100,90.9157786793883,9.96879179670085,1,1,177.036684186125,coarse
142.036684186125,40,0,0,0,-30.3020530168255,-42.1877692365893,-31.0658344057242,100,85.7436750415828,15.1039783001808,1,1,182.036684186125,coarse
142.036684186125,45,0,0,0,-31.1587513634292,-49.9437272499193,-33.2095926794965,100,81.979339928215,19.0800180831826,1,1,187.036684186125,coarse
142.036684186125,50,0,0,0,-46.4004143969287,-55.2098205823528,-48.2841809600085,100,78.0705593977064,22.6504681230495,1,1,192.036684186125,coarse
142.036684186125,55,0,0,0,-46.4004143969287,-55.2932438320921,-48.2950787375543,100,74.5374292210977,26.2416406598306,1,1,197.036684186125,coarse
142.036684186125,60,0,0,0,-46.4004143969287,-55.2932438320921,-48.2967186817185,100,70.9015114360872,29.9728752260398,1,1,202.036684186125,coarse
142.036684186125,65,0,0,0,-46.4004143969287,-55.3616302412867,-48.2999297891139,100,67.3706556946511,34.120705244123,1,1,207.036684186125,coarse
142.036684186125,70,0,0,0,-46.4004143969287,-55.4333133318682,-48.3006298244584,100,63.1073273220695,38.374773960217,1,1,212.036684186125,coarse
142.036684186125,75,0,0,0,-46.4145773934727,-56.1995384445651,-48.3125775410857,100,57.0288465825494,45.6012658227848,1,1,217.036684186125,coarse
142.036684186125,80,0,0,0,-46.4403966080227,-56.7300428840719,-48.3436856160139,100,53.4865575817023,49.6451175406872,1,1,222.036684186125,coarse
142.036684186125,85,0,0,0,-46.4403966080227,-57.3000541436586,-48.3436856160139,100,50.1203798653529,52.7983725135624,1,1,227.036684186125,coarse
142.036684186125,90,0,0,0,-46.4403966080227,-57.4293347066193,-48.3436856160139,100,46.9392304605644,55.9290235081374,1,1,232.036684186125,coarse
142.036684186125,95,0,0,0,-46.4403966080227,-58.2154513340365,-48.3439129467133,100,43.4013999732489,59.2133815551537,1,1,237.036684186125,coarse
142.036684186125,100,0,0,0,-46.4403966080227,-60.0228401719022,-48.3596104093015,100,39.1613536047082,62.9000904159132,1,1,242.036684186125,coarse
142.036684186125,105,0,0,0,-48.3371407633522,-61.2247110652961,-49.4746651192056,100,34.3372419635294,67.2875226039783,1,1,247.036684186125,coarse
142.036684186125,110,0,0,0,-48.9874317607616,-62.5251978893908,-49.9028148283945,100,29.660261268893,71.9817209094962,1,1,252.036684186125,coarse
142.036684186125,115,0,0,0,-56.7133000899269,-63.9877034630717,-57.3910525809392,100,24.8383788844799,76.1992866696389,1,1,257.036684186125,coarse
142.036684186125,120,0,0,0,-59.4142542819233,-66.8306851301005,-59.8800309217885,100,19.4926211601052,81.5461121157324,1,1,262.036684186125,coarse
142.036684186125,125,0,0,0,-61.7832963159098,-68.9564323254855,-62.6594582603608,100,13.6803388319215,86.8987341772152,1,1,267.036684186125,coarse
142.036684186125,130,0,0,0,-65.2042228971963,-71.3928098978224,-65.487185723221,100,8.5711101203745,91.9501538187168,1,1,272.036684186125,coarse
142.036684186125,135,0,0,0,-67.7212132804208,-74.577074955477,-67.9359539112852,100,4.96366978902215,95.2695171429845,1,1,277.036684186125,coarse
142.036684186125,140,0,0,0,-70.6179662806594,-79.9189084689959,-70.8623296569748,100,1.05666770698649,99.2156419529837,1,1,282.036684186125,coarse
142.036684186125,142.036684186125,0,0,0,-2969.09346595255,-2969.09346595255,-2969.09346595255,100,0,100,1,1,284.07336837225,coarse
23,0,0.333240766453763,0.333240766453763,0.236045542904749,11.1362262534564,-21.2938597820802,-1.78202569186238,99.6667592335462,3.2120253164557,0,0,0,23,refinement
23,1,0.277700638711469,0.277700638711469,0.236045542904749,11.1362262534564,-21.3218917196084,-1.78202569186238,99.7222993612885,3.20750452079566,0.0111457868925546,0,0,24,refinement
23,2,0.249930574840322,0.249930574840322,0.194390447098028,5.07039749985381,-21.5138902779277,-1.78202569186238,99.7500694251597,3.19168173598553,0.0334373606776638,0,0,25,refinement
23,3,0.194390447098028,0.194390447098028,0.166620383226881,5.07039749985381,-21.7715829138709,-2.42295823675975,99.805609552902,3.15551537070524,0.0713330361123495,0,0,26,refinement
23,4,0.166620383226881,0.166620383226881,0.0971952235490142,5.07039749985381,-22.7249130569966,-5.23423442022326,99.8333796167731,3.06057866184448,0.151446654611212,0,0,27,refinement
23,5,0.138850319355735,0.138850319355735,0.0555401277422938,5.07039749985381,-24.115353081873,-5.59031222971036,99.8611496806443,3.00267498885421,0.237341772151899,0,0,28,refinement
23,6,0.138850319355735,0.138850319355735,0.0416550958067204,5.07039749985381,-25.1446141604109,-5.59031222971036,99.8611496806443,2.92688363798484,0.33001808318264,0,0,29,refinement
23,7,0.138850319355735,0.138850319355735,0.0416550958067204,5.07039749985381,-25.5013093548742,-5.59031222971036,99.8611496806443,2.86446723138654,0.400090415913201,0,0,30,refinement
23,8,0.138850319355735,0.138850319355735,0.0416550958067204,5.07039749985381,-26.3402475521846,-5.59031222971036,99.8611496806443,2.79090503789568,0.504068716094033,0,0,31,refinement
23,9,0.138850319355735,0.138850319355735,0.0416550958067204,5.07039749985381,-26.9242041189584,-5.59031222971036,99.8611496806443,2.7351761034329,0.596745027124774,0,0,32,refinement
23,10,0.138850319355735,0.138850319355735,0.0416550958067204,5.07039749985381,-27.5852812746251,-5.59031222971036,99.8611496806443,2.61925991975033,0.775316455696203,0,0,33,refinement
23,11,0.138850319355735,0.138850319355735,0.0416550958067204,5.07039749985381,-27.8730498078345,-5.59031222971036,99.8611496806443,2.50334373606777,0.899638336347197,0,0,34,refinement
23,12,0.138850319355735,0.138850319355735,0.0416550958067204,5.07039749985381,-28.5790538508166,-5.59031222971036,99.8611496806443,2.37182345073562,1.04430379746835,0,0,35,refinement
23,13,0.138850319355735,0.138850319355735,0.0416550958067204,5.07039749985381,-28.8163334195953,-5.59031222971036,99.8611496806443,2.20686580472581,1.15506329113924,0,0,36,refinement
23,14,0.138850319355735,0.138850319355735,0.0416550958067204,5.07039749985381,-29.2665459040263,-5.59031222971036,99.8611496806443,2.09317877842176,1.27712477396022,0,0,37,refinement
23,15,0.138850319355735,0.138850319355735,0.0416550958067204,5.07039749985381,-29.3676029015364,-5.59031222971036,99.8611496806443,1.94382523406152,1.43083182640145,0,0,38,refinement
23,16,0.138850319355735,0.138850319355735,0.0416550958067204,5.07039749985381,-29.4981693407644,-5.59031222971036,99.8611496806443,1.77218011591618,1.60488245931284,0,0,39,refinement
23,17,0.138850319355735,0.138850319355735,0.0416550958067204,5.07039749985381,-29.7730009555382,-5.59031222971036,99.8611496806443,1.58716005349978,1.74728752260398,0,0,40,refinement
24,0,0.333240766453763,0.333240766453763,0.236045542904749,11.1362262534564,-21.2938597820802,-1.78202569186238,99.6667592335462,3.55786618444846,0,0,0,24,refinement
24,1,0.277700638711469,0.277700638711469,0.236045542904749,11.1362262534564,-21.3218917196084,-1.78202569186238,99.7222993612885,3.55334538878843,0.0111457868925546,0,0,25,refinement
24,2,0.249930574840322,0.249930574840322,0.194390447098028,5.07039749985381,-21.5138902779277,-1.78202569186238,99.7500694251597,3.5375226039783,0.0334373606776638,0,0,26,refinement
24,3,0.194390447098028,0.194390447098028,0.152735351291308,5.07039749985381,-21.7715829138709,-2.42295823675975,99.805609552902,3.50135623869801,0.0713330361123495,0,0,27,refinement
24,4,0.138850319355735,0.138850319355735,0.0971952235490142,5.07039749985381,-22.7249130569966,-5.23423442022326,99.8611496806443,3.40641952983725,0.151446654611212,0,0,28,refinement
24,5,0.111080255484588,0.111080255484588,0.0555401277422938,5.07039749985381,-24.115353081873,-5.82089253433993,99.8889197445154,3.33704859563085,0.237341772151899,0,0,29,refinement
24,6,0.111080255484588,0.111080255484588,0.0416550958067204,5.07039749985381,-25.1446141604109,-5.88293135233361,99.8889197445154,3.26125724476148,0.33001808318264,0,0,30,refinement
24,7,0.111080255484588,0.111080255484588,0.0416550958067204,5.07039749985381,-25.5013093548742,-5.88293135233361,99.8889197445154,3.19884083816317,0.400090415913201,0,0,31,refinement
24,8,0.111080255484588,0.111080255484588,0.0416550958067204,5.07039749985381,-26.3402475521846,-5.88293135233361,99.8889197445154,3.12527864467231,0.504068716094033,0,0,32,refinement
24,9,0.111080255484588,0.111080255484588,0.0416550958067204,5.07039749985381,-26.9242041189584,-5.88293135233361,99.8889197445154,3.06954971020954,0.596745027124774,0,0,33,refinement
24,10,0.111080255484588,0.111080255484588,0.0416550958067204,5.07039749985381,-27.6745033525174,-5.88293135233361,99.8889197445154,2.95363352652697,0.775316455696203,0,0,34,refinement
24,11,0.111080255484588,0.111080255484588,0.0416550958067204,5.07039749985381,-28.1986791073875,-5.88293135233361,99.8889197445154,2.8377173428444,0.899638336347197,0,0,35,refinement
24,12,0.111080255484588,0.111080255484588,0.0416550958067204,5.07039749985381,-28.6811083267633,-5.88293135233361,99.8889197445154,2.70619705751226,1.04430379746835,0,0,36,refinement
24,13,0.111080255484588,0.111080255484588,0.0416550958067204,5.07039749985381,-28.9223088983095,-5.88293135233361,99.8889197445154,2.54123941150245,1.15506329113924,0,0,37,refinement
24,14,0.111080255484588,0.111080255484588,0.0416550958067204,5.07039749985381,-29.2665459040263,-5.88293135233361,99.8889197445154,2.42755238519839,1.27712477396022,0,0,38,refinement
24,15,0.111080255484588,0.111080255484588,0.0416550958067204,5.07039749985381,-29.3676029015364,-5.88293135233361,99.8889197445154,2.27819884083816,1.43083182640145,0,0,39,refinement
24,16,0.111080255484588,0.111080255484588,0.0416550958067204,5.07039749985381,-29.4981693407644,-5.88293135233361,99.8889197445154,2.10655372269282,1.60488245931284,0,0,40,refinement
24,17,0.111080255484588,0.111080255484588,0.0416550958067204,5.07039749985381,-29.7730009555382,-5.88293135233361,99.8889197445154,1.92153366027642,1.74728752260398,0,0,41,refinement
25,0,0.333240766453763,0.333240766453763,0.236045542904749,11.1362262534564,-21.3218917196084,-1.78202569186238,99.6667592335462,3.88110307414105,0,0,0,25,refinement
25,1,0.277700638711469,0.277700638711469,0.236045542904749,11.1362262534564,-21.3548715034287,-1.78202569186238,99.7222993612885,3.87658227848101,0.0111457868925546,0,0,26,refinement
25,2,0.249930574840322,0.249930574840322,0.194390447098028,5.07039749985381,-21.5505152316052,-1.78202569186238,99.7500694251597,3.86075949367089,0.0334373606776638,0,0,27,refinement
25,3,0.194390447098028,0.194390447098028,0.152735351291308,5.07039749985381,-21.796489096239,-2.42295823675975,99.805609552902,3.8245931283906,0.0713330361123495,0,0,28,refinement
25,4,0.138850319355735,0.138850319355735,0.0971952235490142,5.07039749985381,-22.7557477726971,-5.23423442022326,99.8611496806443,3.72965641952984,0.151446654611212,0,0,29,refinement
25,5,0.111080255484588,0.111080255484588,0.0555401277422938,5.07039749985381,-24.1270416877023,-5.82089253433993,99.8889197445154,3.66250557289345,0.237341772151899,0,0,30,refinement
25,6,0.111080255484588,0.111080255484588,0.0416550958067204,5.07039749985381,-25.1680825977738,-5.88293135233361,99.8889197445154,3.58671422202407,0.33001808318264,0,0,31,refinement
25,7,0.111080255484588,0.111080255484588,0.0416550958067204,5.07039749985381,-25.6102692545231,-5.88293135233361,99.8889197445154,3.52429781542577,0.400090415913201,0,0,32,refinement
25,8,0.111080255484588,0.111080255484588,0.0416550958067204,5.07039749985381,-26.366316815054,-5.88293135233361,99.8889197445154,3.45073562193491,0.504068716094033,0,0,33,refinement
25,9,0.111080255484588,0.111080255484588,0.0416550958067204,5.07039749985381,-26.9641508195421,-5.88293135233361,99.8889197445154,3.39500668747214,0.596745027124774,0,0,34,refinement
25,10,0.111080255484588,0.111080255484588,0.0416550958067204,5.07039749985381,-27.8427816990045,-5.88293135233361,99.8889197445154,3.27909050378957,0.775316455696203,0,0,35,refinement
25,11,0.111080255484588,0.111080255484588,0.0416550958067204,5.07039749985381,-28.3282707816563,-5.88293135233361,99.8889197445154,3.163174320107,0.899638336347197,0,0,36,refinement
25,12,0.111080255484588,0.111080255484588,0.0416550958067204,5.07039749985381,-28.7860395488499,-5.88293135233361,99.8889197445154,3.03165403477486,1.04430379746835,0,0,37,refinement
25,13,0.111080255484588,0.111080255484588,0.0416550958067204,5.07039749985381,-29.0394318101346,-5.88293135233361,99.8889197445154,2.86669638876505,1.15506329113924,0,0,38,refinement
25,14,0.111080255484588,0.111080255484588,0.0416550958067204,5.07039749985381,-29.2869487384108,-5.88293135233361,99.8889197445154,2.75300936246099,1.27712477396022,0,0,39,refinement
25,15,0.111080255484588,0.111080255484588,0.0416550958067204,5.07039749985381,-29.3909340734012,-5.88293135233361,99.8889197445154,2.60365581810076,1.43083182640145,0,0,40,refinement
25,16,0.111080255484588,0.111080255484588,0.0416550958067204,5.07039749985381,-29.5779161924281,-5.88293135233361,99.8889197445154,2.43201069995542,1.60488245931284,0,0,41,refinement
25,17,0.111080255484588,0.111080255484588,0.0416550958067204,5.07039749985381,-29.7826691789587,-5.88293135233361,99.8889197445154,2.24699063753901,1.74728752260398,0,0,42,refinement
26,0,0.333240766453763,0.333240766453763,0.236045542904749,11.1362262534564,-21.4000545662075,-1.78202569186238,99.6667592335462,4.35804701627486,0,0,0,26,refinement
26,1,0.277700638711469,0.277700638711469,0.236045542904749,11.1362262534564,-21.438618517874,-1.78202569186238,99.7222993612885,4.35352622061483,0.0111457868925546,0,0,27,refinement
26,2,0.249930574840322,0.249930574840322,0.194390447098028,5.07039749985381,-21.575201703781,-1.78202569186238,99.7500694251597,4.3377034358047,0.0334373606776638,0,0,28,refinement
26,3,0.194390447098028,0.194390447098028,0.152735351291308,5.07039749985381,-21.8363466511907,-2.42295823675975,99.805609552902,4.30153707052441,0.0713330361123495,0,0,29,refinement
26,4,0.138850319355735,0.138850319355735,0.0971952235490142,5.07039749985381,-22.9137762505969,-5.23423442022326,99.8611496806443,4.20660036166365,0.151446654611212,0,0,30,refinement
26,5,0.111080255484588,0.111080255484588,0.0555401277422938,5.07039749985381,-24.1673909408645,-5.82089253433993,99.8889197445154,4.12070524412297,0.237341772151899,0,0,31,refinement
26,6,0.111080255484588,0.111080255484588,0.0416550958067204,5.07039749985381,-25.1924230448528,-5.88293135233361,99.8889197445154,4.02802893309222,0.33001808318264,0,0,32,refinement
26,7,0.111080255484588,0.111080255484588,0.0416550958067204,5.07039749985381,-25.7238470541449,-5.88293135233361,99.8889197445154,3.95795660036166,0.400090415913201,0,0,33,refinement
26,8,0.111080255484588,0.111080255484588,0.0416550958067204,5.07039749985381,-26.4254044447292,-5.88293135233361,99.8889197445154,3.85397830018083,0.504068716094033,0,0,34,refinement
26,9,0.111080255484588,0.111080255484588,0.0416550958067204,5.07039749985381,-27.0335828674088,-5.88293135233361,99.8889197445154,3.78956754346857,0.596745027124774,0,0,35,refinement
26,10,0.111080255484588,0.111080255484588,0.0416550958067204,5.07039749985381,-27.882313988594,-5.88293135233361,99.8889197445154,3.673651359786,0.775316455696203,0,0,36,refinement
26,11,0.111080255484588,0.111080255484588,0.0416550958067204,5.07039749985381,-28.3888073487233,-5.88293135233361,99.8889197445154,3.55773517610343,0.899638336347197,0,0,37,refinement
26,12,0.111080255484588,0.111080255484588,0.0416550958067204,5.07039749985381,-28.8209094103347,-5.88293135233361,99.8889197445154,3.42621489077129,1.04430379746835,0,0,38,refinement
26,13,0.111080255484588,0.111080255484588,0.0416550958067204,5.07039749985381,-29.0833140550561,-5.88293135233361,99.8889197445154,3.26125724476148,1.15506329113924,0,0,39,refinement
26,14,0.111080255484588,0.111080255484588,0.0416550958067204,5.07039749985381,-29.338550549547,-5.88293135233361,99.8889197445154,3.14757021845742,1.27712477396022,0,0,40,refinement
26,15,0.111080255484588,0.111080255484588,0.0416550958067204,5.07039749985381,-29.4435713112893,-5.88293135233361,99.8889197445154,2.99821667409719,1.43083182640145,0,0,41,refinement
26,16,0.111080255484588,0.111080255484588,0.0416550958067204,5.07039749985381,-29.6685223091468,-5.88293135233361,99.8889197445154,2.82657155595185,1.60488245931284,0,0,42,refinement
26,17,0.111080255484588,0.111080255484588,0.0416550958067204,5.07039749985381,-29.7996931996729,-5.88293135233361,99.8889197445154,2.64155149353544,1.74728752260398,0,0,43,refinement
27,0,0.333240766453763,0.333240766453763,0.236045542904749,11.1362262534564,-21.438618517874,-1.78202569186239,99.6667592335462,4.66785555060187,0,0,0,27,refinement
27,1,0.277700638711469,0.277700638711469,0.236045542904749,11.1362262534564,-21.4544014195738,-1.78202569186239,99.7222993612885,4.66320072332731,0.0111457868925546,0,0,28,refinement
27,2,0.249930574840322,0.249930574840322,0.194390447098028,5.07039749985381,-21.6021726321589,-1.78202569186239,99.7500694251597,4.64737793851718,0.0334373606776638,0,0,29,refinement
27,3,0.194390447098028,0.194390447098028,0.152735351291308,5.07039749985381,-21.8850002203561,-2.42295823675976,99.805609552902,4.61121157323689,0.0713330361123495,0,0,30,refinement
27,4,0.138850319355735,0.138850319355735,0.0971952235490142,5.07039749985381,-22.9222782421936,-5.23423442022326,99.8611496806443,4.52073116362015,0.151446654611212,0,0,31,refinement
27,5,0.111080255484588,0.111080255484588,0.0555401277422938,5.07039749985381,-24.1997882967834,-5.82089253433993,99.8889197445154,4.47837717342844,0.237341772151899,0,0,32,refinement
27,6,0.111080255484588,0.111080255484588,0.0416550958067204,5.07039749985381,-25.1987746555909,-5.88293135233361,99.8889197445154,4.40258582255907,0.33001808318264,0,0,33,refinement
27,7,0.111080255484588,0.111080255484588,0.0416550958067204,5.07039749985381,-25.7351982514795,-5.88293135233361,99.8889197445154,4.34016941596077,0.400090415913201,0,0,34,refinement
27,8,0.111080255484588,0.111080255484588,0.0416550958067204,5.07039749985381,-26.5580082264605,-5.88293135233361,99.8889197445154,4.26660722246991,0.504068716094033,0,0,35,refinement
27,9,0.111080255484588,0.111080255484588,0.0416550958067204,5.07039749985381,-27.0495940796237,-5.88293135233361,99.8889197445154,4.21087828800713,0.596745027124774,0,0,36,refinement
27,10,0.111080255484588,0.111080255484588,0.0416550958067204,5.07039749985381,-28.0724531612648,-5.88293135233361,99.8889197445154,4.09496210432457,0.775316455696203,0,0,37,refinement
27,11,0.111080255484588,0.111080255484588,0.0416550958067204,5.07039749985381,-28.5535426313831,-5.88293135233361,99.8889197445154,3.979045920642,0.899638336347197,0,0,38,refinement
27,12,0.111080255484588,0.111080255484588,0.0416550958067204,5.07039749985381,-28.9190506997226,-5.88293135233361,99.8889197445154,3.84752563530985,1.04430379746835,0,0,39,refinement
27,13,0.111080255484588,0.111080255484588,0.0416550958067204,5.07039749985381,-29.2433936910782,-5.88293135233361,99.8889197445154,3.68256798930004,1.15506329113924,0,0,40,refinement
27,14,0.111080255484588,0.111080255484588,0.0416550958067204,5.07039749985381,-29.3474369703086,-5.88293135233361,99.8889197445154,3.56888096299599,1.27712477396022,0,0,41,refinement
27,15,0.111080255484588,0.111080255484588,0.0416550958067204,5.07039749985381,-29.4516588130528,-5.88293135233361,99.8889197445154,3.41952741863576,1.43083182640145,0,0,42,refinement
27,16,0.111080255484588,0.111080255484588,0.0416550958067204,5.07039749985381,-29.6886546457812,-5.88293135233361,99.8889197445154,3.24788230049041,1.60488245931284,0,0,43,refinement
27,17,0.111080255484588,0.111080255484588,0.0416550958067204,5.07039749985381,-29.8328758835003,-5.88293135233361,99.8889197445154,3.06286223807401,1.74728752260398,0,0,44,refinement
28,0,0.305470702582616,0.305470702582616,0.236045542904749,11.1362262534564,-21.4544014195738,-1.78202569186235,99.6945292974174,5.18056174765939,0,0,0,28,refinement
28,1,0.249930574840322,0.249930574840322,0.236045542904749,11.1362262534564,-21.4695091126721,-1.78202569186235,99.7500694251597,5.16941596076683,0.0111457868925546,0,0,29,refinement
28,2,0.249930574840322,0.249930574840322,0.180505415162455,2.24385419825987,-21.6304561480233,-1.78202569186235,99.7500694251597,5.14712438698172,0.0334373606776638,0,0,30,refinement
28,3,0.194390447098028,0.194390447098028,0.138850319355735,1.48005631434711,-21.9360085910751,-2.42295823675976,99.805609552902,5.10922871154704,0.0713330361123495,0,0,31,refinement
28,4,0.0833101916134407,0.0833101916134407,0.0694251596778673,1.48005631434711,-22.9314375405137,-6.52554356795619,99.9166898083866,5.03343736067766,0.151446654611212,0,1,32,refinement
28,5,0.0555401277422938,0.0555401277422938,0.0277700638711469,1.48005631434711,-24.2217352531783,-7.94615794848394,99.9444598722577,4.99108337048596,0.237341772151899,0,1,33,refinement
28,6,0.0555401277422938,0.0555401277422938,0.0138850319355735,1.48005631434711,-25.2084680796494,-9.27040870215878,99.9444598722577,4.91529201961658,0.33001808318264,0,1,34,refinement
28,7,0.0555401277422938,0.0555401277422938,0.0138850319355735,1.48005631434711,-25.7475168593706,-9.27040870215878,99.9444598722577,4.85287561301828,0.400090415913201,0,1,35,refinement
28,8,0.0555401277422938,0.0555401277422938,0.0138850319355735,1.48005631434711,-26.6382757885358,-9.27040870215878,99.9444598722577,4.77931341952742,0.504068716094033,0,1,36,refinement
28,9,0.0555401277422938,0.0555401277422938,0.0138850319355735,1.48005631434711,-27.0592416843333,-9.27040870215878,99.9444598722577,4.72358448506465,0.596745027124774,0,1,37,refinement
28,10,0.0555401277422938,0.0555401277422938,0.0138850319355735,1.48005631434711,-28.1495825273321,-10.8801138106757,99.9444598722577,4.60766830138208,0.775316455696203,0,1,38,refinement
28,11,0.0555401277422938,0.0555401277422938,0.0138850319355735,1.48005631434711,-28.6225867633939,-10.9373680452032,99.9444598722577,4.49175211769951,0.899638336347197,0,1,39,refinement
28,12,0.0555401277422938,0.0555401277422938,0.0138850319355735,1.48005631434711,-29.0116030671845,-10.9373680452032,99.9444598722577,4.36023183236737,1.04430379746835,0,1,40,refinement
28,13,0.0555401277422938,0.0555401277422938,0.0138850319355735,1.48005631434711,-29.2665459040263,-10.9373680452032,99.9444598722577,4.19527418635756,1.15506329113924,0,1,41,refinement
28,14,0.0555401277422938,0.0555401277422938,0.0138850319355735,1.48005631434711,-29.3568228864526,-10.9373680452032,99.9444598722577,4.0815871600535,1.27712477396022,0,1,42,refinement
28,15,0.0555401277422938,0.0555401277422938,0.0138850319355735,1.48005631434711,-29.4700778951478,-10.9373680452032,99.9444598722577,3.93223361569327,1.43083182640145,0,1,43,refinement
28,16,0.0555401277422938,0.0555401277422938,0.0138850319355735,1.48005631434711,-29.7250054393066,-10.9373680452032,99.9444598722577,3.76058849754793,1.60488245931284,0,1,44,refinement
28,17,0.0555401277422938,0.0555401277422938,0.0138850319355735,1.48005631434711,-29.887573849695,-10.9373680452032,99.9444598722577,3.57556843513152,1.74728752260398,0,1,45,refinement
29,0,0.305470702582616,0.305470702582616,0.236045542904749,11.1362262534564,-21.4695091126721,-1.78202569186235,99.6945292974174,5.74008024966563,0,0,0,29,refinement
29,1,0.249930574840322,0.249930574840322,0.236045542904749,11.1362262534564,-21.5138902779277,-1.78202569186235,99.7500694251597,5.72893446277307,0.0111457868925546,0,0,30,refinement
29,2,0.249930574840322,0.249930574840322,0.180505415162455,2.24385419825987,-21.6758680770903,-1.78202569186235,99.7500694251597,5.70664288898796,0.0334373606776638,0,0,31,refinement
29,3,0.194390447098028,0.194390447098028,0.138850319355735,1.48005631434711,-21.9771132933422,-2.42295823675976,99.805609552902,5.66874721355328,0.0713330361123495,0,0,32,refinement
29,4,0.0833101916134407,0.0833101916134407,0.0694251596778673,1.48005631434711,-23.0067738989002,-6.52554356795619,99.9166898083866,5.59295586268391,0.151446654611212,0,1,33,refinement
29,5,0.0555401277422938,0.0555401277422938,0.0277700638711469,1.48005631434711,-24.2655017427997,-7.94615794848394,99.9444598722577,5.5506018724922,0.237341772151899,0,1,34,refinement
29,6,0.0555401277422938,0.0555401277422938,0.0138850319355735,1.48005631434711,-25.2208833936715,-9.27040870215878,99.9444598722577,5.47481052162283,0.33001808318264,0,1,35,refinement
29,7,0.0555401277422938,0.0555401277422938,0.0138850319355735,1.48005631434711,-25.8347410234136,-9.27040870215878,99.9444598722577,5.41239411502452,0.400090415913201,0,1,36,refinement
29,8,0.0555401277422938,0.0555401277422938,0.0138850319355735,1.48005631434711,-26.7799801451462,-9.27040870215878,99.9444598722577,5.33883192153366,0.504068716094033,0,1,37,refinement
29,9,0.0555401277422938,0.0555401277422938,0.0138850319355735,1.48005631434711,-27.1495606272877,-9.27040870215878,99.9444598722577,5.28310298707089,0.596745027124774,0,1,38,refinement
29,10,0.0555401277422938,0.0555401277422938,0.0138850319355735,1.48005631434711,-28.2114389174469,-10.8801138106757,99.9444598722577,5.16718680338832,0.775316455696203,0,1,39,refinement
29,11,0.0555401277422938,0.0555401277422938,0.0138850319355735,1.48005631434711,-28.7250778022553,-11.0279993880609,99.9444598722577,5.05127061970575,0.899638336347197,0,1,40,refinement
29,12,0.0555401277422938,0.0555401277422938,0.0138850319355735,1.48005631434711,-29.0729260527547,-11.0279993880609,99.9444598722577,4.91975033437361,1.04430379746835,0,1,41,refinement
29,13,0.0555401277422938,0.0555401277422938,0.0138850319355735,1.48005631434711,-29.2836561781909,-11.0279993880609,99.9444598722577,4.7547926883638,1.15506329113924,0,1,42,refinement
29,14,0.0555401277422938,0.0555401277422938,0.0138850319355735,1.48005631434711,-29.3696956699513,-11.0279993880609,99.9444598722577,4.64110566205974,1.27712477396022,0,1,43,refinement
29,15,0.0555401277422938,0.0555401277422938,0.0138850319355735,1.48005631434711,-29.5141461767826,-11.0279993880609,99.9444598722577,4.49175211769951,1.43083182640145,0,1,44,refinement
29,16,0.0555401277422938,0.0555401277422938,0.0138850319355735,1.48005631434711,-29.7730009555382,-11.0279993880609,99.9444598722577,4.32010699955417,1.60488245931284,0,1,45,refinement
29,17,0.0555401277422938,0.0555401277422938,0.0138850319355735,1.48005631434711,-29.9311106837902,-11.0279993880609,99.9444598722577,4.13508693713776,1.74728752260398,0,1,46,refinement
30,0,0.249930574840322,0.249930574840322,0.236045542904749,11.1362262534564,-21.4695091126721,-1.78202569186235,99.7500694251597,6.24164065983058,0,0,0,30,refinement
30,1,0.249930574840322,0.249930574840322,0.208275479033602,11.1362262534564,-21.5138902779277,-1.78202569186235,99.7500694251597,6.23049487293803,0.0111457868925546,0,0,31,refinement
30,2,0.249930574840322,0.249930574840322,0.152735351291308,2.24385419825987,-21.6758680770903,-1.78202569186235,99.7500694251597,6.20820329915292,0.0334373606776638,0,0,32,refinement
30,3,0.194390447098028,0.194390447098028,0.111080255484588,-0.443550047634716,-21.9911032419743,-2.42295823675976,99.805609552902,6.17030762371823,0.0713330361123495,0,0,33,refinement
30,4,0.0833101916134407,0.0833101916134407,0.0555401277422938,-0.443550047634716,-23.0723261578877,-6.52554356795619,99.9166898083866,6.09451627284886,0.151446654611212,0,1,34,refinement
30,5,0.0277700638711469,0.0277700638711469,0.0138850319355735,-4.54179391525098,-24.3133382599867,-7.94615794848394,99.9722299361289,6.05216228265716,0.237341772151899,0,1,35,refinement
30,6,0.0277700638711469,0.0277700638711469,0,-5.55650533214201,-25.2557350145507,-9.27040870215878,99.9722299361289,5.97637093178778,0.33001808318264,0,1,36,refinement
30,7,0.0277700638711469,0.0277700638711469,0,-5.55650533214201,-25.8497304615176,-9.27040870215878,99.9722299361289,5.91395452518948,0.400090415913201,0,1,37,refinement
30,8,0.0277700638711469,0.0277700638711469,0,-5.55650533214201,-26.8101198341886,-9.27040870215878,99.9722299361289,5.84039233169862,0.504068716094033,0,1,38,refinement
30,9,0.0277700638711469,0.0277700638711469,0,-5.55650533214201,-27.2338194599916,-9.27040870215878,99.9722299361289,5.78466339723585,0.596745027124774,0,1,39,refinement
30,10,0.0277700638711469,0.0277700638711469,0,-5.55650533214201,-28.3059381894734,-10.8801138106757,99.9722299361289,5.66874721355328,0.775316455696203,0,1,40,refinement
30,11,0.0277700638711469,0.0277700638711469,0,-5.55650533214201,-28.7860395488499,-11.0279993880609,99.9722299361289,5.55283102987071,0.899638336347197,0,1,41,refinement
30,12,0.0277700638711469,0.0277700638711469,0,-5.55650533214201,-29.1484583354609,-11.0279993880609,99.9722299361289,5.42131074453856,1.04430379746835,0,1,42,refinement
30,13,0.0277700638711469,0.0277700638711469,0,-5.55650533214201,-29.2996709938737,-11.0279993880609,99.9722299361289,5.25635309852876,1.15506329113924,0,1,43,refinement
30,14,0.0277700638711469,0.0277700638711469,0,-5.55650533214201,-29.37689654647,-11.0279993880609,99.9722299361289,5.1426660722247,1.27712477396022,0,1,44,refinement
30,15,0.0277700638711469,0.0277700638711469,0,-5.55650533214201,-29.5787017735996,-11.0279993880609,99.9722299361289,4.99331252786447,1.43083182640145,0,1,45,refinement
30,16,0.0277700638711469,0.0277700638711469,0,-5.55650533214201,-29.7826691789587,-11.0279993880609,99.9722299361289,4.82166740971913,1.60488245931284,0,1,46,refinement
30,17,0.0277700638711469,0.0277700638711469,0,-5.55650533214201,-29.9458747523493,-11.0279993880609,99.9722299361289,4.63664734730272,1.74728752260398,0,1,47,refinement
31,0,0.249930574840322,0.249930574840322,0.236045542904749,11.1362262534564,-21.4695091126721,-1.78202569186235,99.7500694251597,6.85242978154258,0,0,0,31,refinement
31,1,0.249930574840322,0.249930574840322,0.208275479033602,11.1362262534564,-21.5138902779277,-1.78202569186235,99.7500694251597,6.84128399465002,0.0111457868925546,0,0,32,refinement
31,2,0.249930574840322,0.249930574840322,0.152735351291308,2.24385419825987,-21.6758680770903,-1.78202569186235,99.7500694251597,6.81899242086491,0.0334373606776638,0,0,33,refinement
31,3,0.194390447098028,0.194390447098028,0.111080255484588,-0.443550047634716,-21.9911032419743,-2.42295823675976,99.805609552902,6.78109674543023,0.0713330361123495,0,0,34,refinement
31,4,0.0833101916134407,0.0833101916134407,0.0555401277422938,-0.443550047634716,-23.0723261578877,-6.52554356795619,99.9166898083866,6.70530539456086,0.151446654611212,0,1,35,refinement
31,5,0.0277700638711469,0.0277700638711469,0.0138850319355735,-4.54179391525098,-24.3133382599867,-7.94615794848421,99.9722299361289,6.66295140436915,0.237341772151899,0,1,36,refinement
31,6,0.0277700638711469,0.0277700638711469,0,-5.55650533214201,-25.2557350145507,-9.27040870215878,99.9722299361289,6.58716005349978,0.33001808318264,0,1,37,refinement
31,7,0.0277700638711469,0.0277700638711469,0,-5.55650533214201,-25.8578885367635,-9.27040870215878,99.9722299361289,6.52474364690147,0.400090415913201,0,1,38,refinement
31,8,0.0277700638711469,0.0277700638711469,0,-5.55650533214201,-26.8730990567961,-9.27040870215878,99.9722299361289,6.45118145341061,0.504068716094033,0,1,39,refinement
31,9,0.0277700638711469,0.0277700638711469,0,-5.55650533214201,-27.3028851640456,-9.27040870215878,99.9722299361289,6.39545251894784,0.596745027124774,0,1,40,refinement
31,10,0.0277700638711469,0.0277700638711469,0,-5.55650533214201,-28.4101961588644,-10.8801138106757,99.9722299361289,6.27953633526527,0.775316455696203,0,1,41,refinement
31,11,0.0277700638711469,0.0277700638711469,0,-5.55650533214201,-28.8209094103347,-11.0279993880609,99.9722299361289,6.1636201515827,0.899638336347197,0,1,42,refinement
31,12,0.0277700638711469,0.0277700638711469,0,-5.55650533214201,-29.221149879889,-11.0279993880609,99.9722299361289,6.03209986625056,1.04430379746835,0,1,43,refinement
31,13,0.0277700638711469,0.0277700638711469,0,-5.55650533214201,-29.3141269436999,-11.0279993880609,99.9722299361289,5.86714222024075,1.15506329113924,0,1,44,refinement
31,14,0.0277700638711469,0.0277700638711469,0,-5.55650533214201,-29.3956288135981,-11.0279993880609,99.9722299361289,5.75345519393669,1.27712477396022,0,1,45,refinement
31,15,0.0277700638711469,0.0277700638711469,0,-5.55650533214201,-29.6457589348584,-11.0279993880609,99.9722299361289,5.60410164957646,1.43083182640145,0,1,46,refinement
31,16,0.0277700638711469,0.0277700638711469,0,-5.55650533214201,-29.7935949215854,-11.0279993880609,99.9722299361289,5.43245653143112,1.60488245931284,0,1,47,refinement
31,17,0.0277700638711469,0.0277700638711469,0,-5.55650533214201,-29.9631980730993,-11.0279993880609,99.9722299361289,5.24743646901471,1.74728752260398,0,1,48,refinement
32,0,0.249930574840322,0.249930574840322,0.236045542904749,11.1362262534564,-21.5138902779277,-1.78202569186235,99.7500694251597,7.57913508693714,0,0,0,32,refinement
32,1,0.249930574840322,0.249930574840322,0.208275479033602,11.1362262534564,-21.5505152316052,-1.78202569186235,99.7500694251597,7.56798930004458,0.0111457868925546,0,0,33,refinement
32,2,0.249930574840322,0.249930574840322,0.152735351291308,2.24385419825987,-21.7101820255191,-1.78202569186235,99.7500694251597,7.54569772625947,0.0334373606776638,0,0,34,refinement
32,3,0.194390447098028,0.194390447098028,0.111080255484588,-0.443550047634716,-22.0063345817783,-2.42295823675976,99.805609552902,7.50780205082479,0.0713330361123495,0,0,35,refinement
32,4,0.0833101916134407,0.0833101916134407,0.0555401277422938,-0.443550047634716,-23.1245358602074,-6.52554356795619,99.9166898083866,7.43201069995542,0.151446654611212,0,1,36,refinement
32,5,0.0277700638711469,0.0277700638711469,0.0138850319355735,-4.54179391525098,-24.4643927145065,-7.94615794848421,99.9722299361289,7.38965670976371,0.237341772151899,0,1,37,refinement
32,6,0.0277700638711469,0.0277700638711469,0,-5.55650533214201,-25.3602392624223,-9.27040870215878,99.9722299361289,7.31386535889434,0.33001808318264,0,1,38,refinement
32,7,0.0277700638711469,0.0277700638711469,0,-5.55650533214201,-25.9364020505316,-9.27040870215878,99.9722299361289,7.25144895229603,0.400090415913201,0,1,39,refinement
32,8,0.0277700638711469,0.0277700638711469,0,-5.55650533214201,-26.9641508195421,-9.27040870215878,99.9722299361289,7.17788675880517,0.504068716094033,0,1,40,refinement
32,9,0.0277700638711469,0.0277700638711469,0,-5.55650533214201,-27.5582049576698,-9.27040870215878,99.9722299361289,7.1221578243424,0.596745027124774,0,1,41,refinement
32,10,0.0277700638711469,0.0277700638711469,0,-5.55650533214201,-28.4600123671761,-10.8801138106757,99.9722299361289,7.00624164065983,0.775316455696203,0,1,42,refinement
32,11,0.0277700638711469,0.0277700638711469,0,-5.55650533214201,-28.8681130899499,-11.0279993880609,99.9722299361289,6.89032545697726,0.899638336347197,0,1,43,refinement
32,12,0.0277700638711469,0.0277700638711469,0,-5.55650533214201,-29.2507215644341,-11.0279993880609,99.9722299361289,6.75880517164512,1.04430379746835,0,1,44,refinement
32,13,0.0277700638711469,0.0277700638711469,0,-5.55650533214201,-29.338550549547,-11.0279993880609,99.9722299361289,6.59384752563531,1.15506329113924,0,1,45,refinement
32,14,0.0277700638711469,0.0277700638711469,0,-5.55650533214201,-29.4435713112893,-11.0279993880609,99.9722299361289,6.48016049933125,1.27712477396022,0,1,46,refinement
32,15,0.0277700638711469,0.0277700638711469,0,-5.55650533214201,-29.6826531304294,-11.0279993880609,99.9722299361289,6.33080695497102,1.43083182640145,0,1,47,refinement
32,16,0.0277700638711469,0.0277700638711469,0,-5.55650533214201,-29.8328758835003,-11.0279993880609,99.9722299361289,6.15916183682568,1.60488245931284,0,1,48,refinement
32,17,0.0277700638711469,0.0277700638711469,0,-5.55650533214201,-29.9766420533649,-11.0279993880609,99.9722299361289,5.97414177440927,1.74728752260398,0,1,49,refinement
33,0,0.249930574840322,0.249930574840322,0.236045542904749,11.1362262534564,-21.5505152316052,-1.78202569186235,99.7500694251597,8.30806954971021,0,0,0,33,refinement
33,1,0.249930574840322,0.249930574840322,0.208275479033602,11.1362262534564,-21.5600233851666,-1.78202569186235,99.7500694251597,8.29692376281766,0.0111457868925546,0,0,34,refinement
33,2,0.249930574840322,0.249930574840322,0.152735351291308,2.24385419825987,-21.7185450681101,-1.78202569186235,99.7500694251597,8.27463218903255,0.0334373606776638,0,0,35,refinement
33,3,0.194390447098028,0.194390447098028,0.111080255484588,-0.443550047634716,-22.0217735910738,-2.42295823675976,99.805609552902,8.23673651359786,0.0713330361123495,0,0,36,refinement
33,4,0.0833101916134407,0.0833101916134407,0.0416550958067204,-0.443550047634716,-23.1436077116868,-6.52554356795619,99.9166898083866,8.16094516272849,0.151446654611212,0,1,37,refinement
33,5,0.0277700638711469,0.0277700638711469,0,-4.54179391525098,-24.6146895931974,-7.94615794848421,99.9722299361289,8.11859117253678,0.237341772151899,0,1,38,refinement
33,6,0,0,0,-8.56769812716901,-25.3735185684361,-9.27040870215878,100,8.04279982166741,0.33001808318264,1,1,39,refinement
33,7,0,0,0,-8.56769812716901,-25.9577574065809,-9.27040870215878,100,7.9803834150691,0.400090415913201,1,1,40,refinement
33,8,0,0,0,-8.56769812716901,-27.0093765023964,-9.27040870215878,100,7.90682122157824,0.504068716094033,1,1,41,refinement
33,9,0,0,0,-8.56769812716901,-27.5582049576698,-9.27040870215878,100,7.85109228711547,0.596745027124774,1,1,42,refinement
33,10,0,0,0,-8.57241742340318,-28.4676190729847,-10.8801138106757,100,7.7351761034329,0.775316455696203,1,1,43,refinement
33,11,0,0,0,-10.9325698497794,-28.951961779622,-11.8214173032683,100,7.61925991975033,0.899638336347197,1,1,44,refinement
33,12,0,0,0,-10.9325698497794,-29.2600489523738,-11.8214173032683,100,7.48773963441819,1.04430379746835,1,1,45,refinement
33,13,0,0,0,-10.9325698497794,-29.3474369703086,-11.8214173032683,100,7.32278198840838,1.15506329113924,1,1,46,refinement
33,14,0,0,0,-10.9325698497794,-29.4516588130528,-11.8214173032683,100,7.20909496210432,1.27712477396022,1,1,47,refinement
33,15,0,0,0,-10.9325698497794,-29.6931287650509,-11.8214173032683,100,7.05974141774409,1.43083182640145,1,1,48,refinement
33,16,0,0,0,-10.9325698497794,-29.887573849695,-11.8214173032683,100,6.88809629959875,1.60488245931284,1,1,49,refinement
33,17,0,0,0,-10.9325698497794,-29.986146612267,-11.8214173032683,100,6.70307623718235,1.74728752260398,1,1,50,refinement
34,0,0.249930574840322,0.249930574840322,0.236045542904749,11.1362262534564,-21.5505152316052,-1.78202569186235,99.7500694251597,9.07712884529648,0,0,0,34,refinement
34,1,0.249930574840322,0.249930574840322,0.208275479033602,11.1362262534564,-21.5600233851666,-1.78202569186235,99.7500694251597,9.06598305840392,0.0111457868925546,0,0,35,refinement
34,2,0.249930574840322,0.249930574840322,0.152735351291308,2.24385419825987,-21.7185450681101,-1.78202569186235,99.7500694251597,9.04369148461881,0.0334373606776638,0,0,36,refinement
34,3,0.194390447098028,0.194390447098028,0.111080255484588,-0.443550047634716,-22.0217735910738,-2.42295823675976,99.805609552902,9.00579580918413,0.0713330361123495,0,0,37,refinement
34,4,0.0833101916134407,0.0833101916134407,0.0416550958067204,-0.443550047634716,-23.1436077116868,-6.52554356795619,99.9166898083866,8.93000445831476,0.151446654611212,0,1,38,refinement
34,5,0.0277700638711469,0.0277700638711469,0,-4.54179391525098,-24.6996211217542,-7.94615794848421,99.9722299361289,8.88765046812305,0.237341772151899,0,1,39,refinement
34,6,0,0,0,-8.56769812716901,-25.4125925390189,-9.27040870215878,100,8.81185911725368,0.33001808318264,1,1,40,refinement
34,7,0,0,0,-8.56769812716901,-26.0203961867001,-9.27040870215878,100,8.74944271065537,0.400090415913201,1,1,41,refinement
34,8,0,0,0,-8.56769812716901,-27.0093765023964,-9.27040870215878,100,8.67588051716451,0.504068716094033,1,1,42,refinement
34,9,0,0,0,-8.56769812716901,-27.5582049576698,-9.27040870215878,100,8.62015158270174,0.596745027124774,1,1,43,refinement
34,10,0,0,0,-8.57241742340318,-28.4676190729847,-10.8801138106757,100,8.50423539901917,0.775316455696203,1,1,44,refinement
34,11,0,0,0,-10.9325698497794,-28.951961779622,-11.8214173032683,100,8.3883192153366,0.899638336347197,1,1,45,refinement
34,12,0,0,0,-10.9325698497794,-29.2600489523738,-11.8214173032683,100,8.25679893000446,1.04430379746835,1,1,46,refinement
34,13,0,0,0,-10.9325698497794,-29.3474369703086,-11.8214173032683,100,8.09184128399465,1.15506329113924,1,1,47,refinement
34,14,0,0,0,-10.9325698497794,-29.4516588130528,-11.8214173032683,100,7.97815425769059,1.27712477396022,1,1,48,refinement
34,15,0,0,0,-10.9325698497794,-29.6931287650509,-11.8214173032683,100,7.82880071333036,1.43083182640145,1,1,49,refinement
34,16,0,0,0,-10.9325698497794,-29.887573849695,-11.8214173032683,100,7.65715559518502,1.60488245931284,1,1,50,refinement
34,17,0,0,0,-10.9325698497794,-29.986146612267,-11.8214173032683,100,7.47213553276861,1.74728752260398,1,1,51,refinement
35,0,0.249930574840322,0.249930574840322,0.236045542904749,11.1362262534564,-21.5505152316052,-1.78202569186235,99.7500694251597,9.96879179670085,0,0,0,35,refinement
35,1,0.249930574840322,0.249930574840322,0.208275479033602,11.1362262534564,-21.5600233851666,-1.78202569186235,99.7500694251597,9.95764600980829,0.0111457868925546,0,0,36,refinement
35,2,0.249930574840322,0.249930574840322,0.152735351291308,2.24385419825987,-21.7185450681101,-1.78202569186235,99.7500694251597,9.93535443602318,0.0334373606776638,0,0,37,refinement
35,3,0.194390447098028,0.194390447098028,0.111080255484588,-0.443550047634716,-22.0217735910738,-2.42295823675976,99.805609552902,9.8974587605885,0.0713330361123495,0,0,38,refinement
35,4,0.0833101916134407,0.0833101916134407,0.0416550958067204,-0.443550047634716,-23.1436077116868,-6.52554356795619,99.9166898083866,9.82166740971913,0.151446654611212,0,1,39,refinement
35,5,0.0277700638711469,0.0277700638711469,0,-4.54179391525098,-24.6996211217542,-7.94615794848421,99.9722299361289,9.77931341952742,0.237341772151899,0,1,40,refinement
35,6,0,0,0,-8.56769812716901,-25.4125925390189,-9.27040870215878,100,9.70352206865805,0.33001808318264,1,1,41,refinement
35,7,0,0,0,-8.56769812716901,-26.0203961867001,-9.27040870215878,100,9.64110566205974,0.400090415913201,1,1,42,refinement
35,8,0,0,0,-8.56769812716901,-27.0335828674088,-9.27040870215878,100,9.56754346856888,0.504068716094033,1,1,43,refinement
35,9,0,0,0,-8.56769812716901,-27.5766157534947,-9.27040870215878,100,9.51181453410611,0.596745027124774,1,1,44,refinement
35,10,0,0,0,-8.57241742340318,-28.4676190729847,-10.8801138106757,100,9.39589835042354,0.775316455696203,1,1,45,refinement
35,11,0,0,0,-10.9325698497794,-28.951961779622,-11.8214173032683,100,9.27998216674097,0.899638336347197,1,1,46,refinement
35,12,0,0,0,-10.9325698497794,-29.2600489523738,-11.8214173032683,100,9.14846188140883,1.04430379746835,1,1,47,refinement
35,13,0,0,0,-10.9325698497794,-29.3474369703086,-11.8214173032683,100,8.98350423539902,1.15506329113924,1,1,48,refinement
35,14,0,0,0,-10.9325698497794,-29.4516588130528,-11.8214173032683,100,8.86981720909496,1.27712477396022,1,1,49,refinement
35,15,0,0,0,-10.9325698497794,-29.6931287650509,-11.8214173032683,100,8.72046366473473,1.43083182640145,1,1,50,refinement
35,16,0,0,0,-10.9325698497794,-29.887573849695,-11.8214173032683,100,8.54881854658939,1.60488245931284,1,1,51,refinement
35,17,0,0,0,-10.9325698497794,-29.986146612267,-11.8214173032683,100,8.36379848417298,1.74728752260398,1,1,52,refinement
36,0,0.249930574840322,0.249930574840322,0.236045542904749,11.1362262534564,-21.7185450681101,-1.78202569186235,99.7500694251597,11.1547035220687,0,0,0,36,refinement
36,1,0.249930574840322,0.249930574840322,0.208275479033602,11.1362262534564,-21.7480882103165,-1.78202569186235,99.7500694251597,11.1435577351761,0.0111457868925546,0,0,37,refinement
36,2,0.249930574840322,0.249930574840322,0.152735351291308,2.24385419825987,-21.9462452606974,-1.78202569186235,99.7500694251597,11.121266161391,0.0334373606776638,0,0,38,refinement
36,3,0.194390447098028,0.194390447098028,0.111080255484588,-0.443550047634716,-22.2530919489898,-2.42295823675976,99.805609552902,11.0833704859563,0.0713330361123495,0,0,39,refinement
36,4,0.0833101916134407,0.0833101916134407,0.0416550958067204,-0.443550047634716,-23.4741325996402,-6.52554356795619,99.9166898083866,11.0075791350869,0.151446654611212,0,1,40,refinement
36,5,0.0277700638711469,0.0277700638711469,0,-4.54179391525098,-24.9271489153156,-7.94615794848421,99.9722299361289,10.9652251448952,0.237341772151899,0,1,41,refinement
36,6,0,0,0,-8.56769812716901,-25.7874999630482,-9.27040870215878,100,10.8894337940259,0.33001808318264,1,1,42,refinement
36,7,0,0,0,-8.56769812716901,-26.3693245735069,-9.27040870215878,100,10.8270173874276,0.400090415913201,1,1,43,refinement
36,8,0,0,0,-8.56769812716901,-27.4346578094331,-9.27040870215878,100,10.7534551939367,0.504068716094033,1,1,44,refinement
36,9,0,0,0,-8.56769812716901,-27.9938309838337,-9.27040870215878,100,10.6977262594739,0.596745027124774,1,1,45,refinement
36,10,0,0,0,-8.57241742340318,-28.6232966981925,-10.8801138106757,100,10.5818100757914,0.775316455696203,1,1,46,refinement
36,11,0,0,0,-12.1557458336471,-29.1180648654942,-15.9282354928808,100,10.4658938921088,0.899638336347197,1,1,47,refinement
36,12,0,0,0,-13.940067162909,-29.3568228864526,-16.648382551353,100,10.3343736067766,1.04430379746835,1,1,48,refinement
36,13,0,0,0,-13.940067162909,-29.4700778951478,-18.2654125443238,100,10.1694159607668,1.15506329113924,1,1,49,refinement
36,14,0,0,0,-16.5602068743882,-29.7250054393066,-18.3547183093457,100,10.0557289344628,1.27712477396022,1,1,50,refinement
36,15,0,0,0,-17.644883633092,-29.887573849695,-18.3547183093457,100,9.90637539010254,1.43083182640145,1,1,51,refinement
36,16,0,0,0,-17.644883633092,-30.1154515774481,-18.7085593636043,100,9.7347302719572,1.60488245931284,1,1,52,refinement
36,17,0,0,0,-17.644883633092,-30.3918898753181,-18.7085593636043,100,9.54971020954079,1.74728752260398,1,1,53,refinement
37,0,0.249930574840322,0.249930574840322,0.236045542904749,11.1362262534564,-21.796489096239,-1.78202569186235,99.7500694251597,12.2915737851092,0,0,0,37,refinement
37,1,0.249930574840322,0.249930574840322,0.208275479033602,11.1362262534564,-21.821434802117,-1.78202569186235,99.7500694251597,12.2804279982167,0.0111457868925546,0,0,38,refinement
37,2,0.249930574840322,0.249930574840322,0.152735351291308,2.24385419825987,-22.0063345817783,-1.78202569186235,99.7500694251597,12.2581364244316,0.0334373606776638,0,0,39,refinement
37,3,0.194390447098028,0.194390447098028,0.111080255484588,-0.443550047634716,-22.3512723793515,-2.42295823675976,99.805609552902,12.2202407489969,0.0713330361123495,0,0,40,refinement
37,4,0.0833101916134407,0.0833101916134407,0.0416550958067204,-0.443550047634716,-23.6893543188189,-6.52554356795614,99.9166898083866,12.1444493981275,0.151446654611212,0,1,41,refinement
37,5,0.0277700638711469,0.0277700638711469,0,-4.54179391525098,-25.0313579790389,-7.94615794848421,99.9722299361289,12.1020954079358,0.237341772151899,0,1,42,refinement
37,6,0,0,0,-8.56769812716901,-25.8897192004364,-9.27040870215878,100,12.0263040570664,0.33001808318264,1,1,43,refinement
37,7,0,0,0,-8.56769812716901,-26.7170948736502,-9.27040870215878,100,11.9638876504681,0.400090415913201,1,1,44,refinement
37,8,0,0,0,-8.56769812716901,-27.8117253614662,-9.27040870215878,100,11.8903254569773,0.504068716094033,1,1,45,refinement
37,9,0,0,0,-8.56769812716901,-28.1434999090177,-9.27040870215878,100,11.8345965225145,0.596745027124774,1,1,46,refinement
37,10,0,0,0,-8.57241742340318,-28.7588652714947,-10.8801138106757,100,11.7186803388319,0.775316455696203,1,1,47,refinement
37,11,0,0,0,-12.1557458336471,-29.221149879889,-15.9282354928808,100,11.6027641551494,0.899638336347197,1,1,48,refinement
37,12,0,0,0,-13.940067162909,-29.4435713112893,-16.648382551353,100,11.4712438698172,1.04430379746835,1,1,49,refinement
37,13,0,0,0,-13.940067162909,-29.6826531304294,-18.2654125443238,100,11.3062862238074,1.15506329113924,1,1,50,refinement
37,14,0,0,0,-16.5602068743882,-29.7996931996729,-18.3547183093457,100,11.1925991975033,1.27712477396022,1,1,51,refinement
37,15,0,0,0,-17.644883633092,-29.986146612267,-18.3547183093457,100,11.0432456531431,1.43083182640145,1,1,52,refinement
37,16,0,0,0,-17.644883633092,-30.3918898753181,-18.7393145495866,100,10.8716005349978,1.60488245931284,1,1,53,refinement
37,17,0,0,0,-17.644883633092,-30.6911783607739,-18.7393145495866,100,10.6865804725814,1.74728752260398,1,1,54,refinement
38,0,0.249930574840322,0.249930574840322,0.236045542904749,11.1362262534564,-21.9462452606974,-1.78202569186235,99.7500694251597,13.3169861792243,0,0,0,38,refinement
38,1,0.249930574840322,0.249930574840322,0.208275479033602,11.1362262534564,-21.9771132933422,-1.78202569186235,99.7500694251597,13.3058403923317,0.0111457868925546,0,0,39,refinement
38,2,0.249930574840322,0.249930574840322,0.152735351291308,2.24385419825987,-22.1390765858178,-1.78202569186235,99.7500694251597,13.2835488185466,0.0334373606776638,0,0,40,refinement
38,3,0.194390447098028,0.194390447098028,0.111080255484588,-0.443550047634716,-22.4508044380404,-2.42295823675976,99.805609552902,13.2456531431119,0.0713330361123495,0,0,41,refinement
38,4,0.0833101916134407,0.0833101916134407,0.0416550958067204,-0.443550047634716,-23.9729686582334,-6.52554356795614,99.9166898083866,13.1698617922425,0.151446654611212,0,1,42,refinement
38,5,0.0277700638711469,0.0277700638711469,0,-4.54179391525098,-25.1680825977738,-7.94615794848387,99.9722299361289,13.1275078020508,0.237341772151899,0,1,43,refinement
38,6,0,0,0,-8.56769812716901,-26.0891746006923,-9.27040870215878,100,13.0517164511815,0.33001808318264,1,1,44,refinement
38,7,0,0,0,-8.56769812716901,-26.8730990567961,-9.27040870215878,100,12.9893000445831,0.400090415913201,1,1,45,refinement
38,8,0,0,0,-8.56769812716901,-27.9280374028346,-9.27040870215878,100,12.9157378510923,0.504068716094033,1,1,46,refinement
38,9,0,0,0,-8.56769812716901,-28.2372865030288,-9.27040870215878,100,12.8600089166295,0.596745027124774,1,1,47,refinement
38,10,0,0,0,-8.57241742340318,-28.8279111659448,-10.8801138106757,100,12.7440927329469,0.775316455696203,1,1,48,refinement
38,11,0,0,0,-12.1557458336471,-29.2600489523738,-15.9282354928808,100,12.6281765492644,0.899638336347197,1,1,49,refinement
38,12,0,0,0,-13.940067162909,-29.5141461767826,-16.648382551353,100,12.4966562639322,1.04430379746835,1,1,50,refinement
38,13,0,0,0,-13.940067162909,-29.7545234023745,-18.3547183093457,100,12.3316986179224,1.15506329113924,1,1,51,refinement
38,14,0,0,0,-16.5602068743882,-29.887573849695,-18.7393145495866,100,12.2180115916184,1.27712477396022,1,1,52,refinement
38,15,0,0,0,-17.744148880708,-30.1262659790473,-18.7393145495866,100,12.0686580472581,1.43083182640145,1,1,53,refinement
38,16,0,0,0,-17.744148880708,-30.4925813107436,-18.7393145495866,100,11.8970129291128,1.60488245931284,1,1,54,refinement
38,17,0,0,0,-17.744148880708,-30.7094229330883,-18.7393145495866,100,11.7119928666964,1.74728752260398,1,1,55,refinement
39,0,0.249930574840322,0.249930574840322,0.236045542904749,11.1362262534564,-22.1928380557229,-1.78202569186235,99.7500694251597,14.2510031208203,0,0,0,39,refinement
39,1,0.249930574840322,0.249930574840322,0.208275479033602,11.1362262534564,-22.2153678376298,-1.78202569186235,99.7500694251597,14.2398573339278,0.0111457868925546,0,0,40,refinement
39,2,0.249930574840322,0.249930574840322,0.152735351291308,2.24385419825987,-22.3707664148564,-1.78202569186235,99.7500694251597,14.2175657601427,0.0334373606776638,0,0,41,refinement
39,3,0.194390447098028,0.194390447098028,0.111080255484588,-0.443550047634716,-22.9137762505969,-2.42295823675976,99.805609552902,14.179670084708,0.0713330361123495,0,0,42,refinement
39,4,0.0833101916134407,0.0833101916134407,0.0416550958067204,-0.443550047634716,-24.2422243118621,-6.52554356795615,99.9166898083866,14.1038787338386,0.151446654611212,0,1,43,refinement
39,5,0.0277700638711469,0.0277700638711469,0,-4.54179391525098,-25.4606507222342,-7.94615794848387,99.9722299361289,14.0615247436469,0.237341772151899,0,1,44,refinement
39,6,0,0,0,-8.56769812716901,-26.7982020908356,-9.27040870215878,100,13.9857333927775,0.33001808318264,1,1,45,refinement
39,7,0,0,0,-8.56769812716901,-27.3744047694096,-9.27040870215878,100,13.9233169861792,0.400090415913201,1,1,46,refinement
39,8,0,0,0,-8.56769812716901,-28.3888073487233,-9.27040870215878,100,13.8497547926884,0.504068716094033,1,1,47,refinement
39,9,0,0,0,-8.56769812716901,-28.6367266475098,-9.27040870215878,100,13.7940258582256,0.596745027124774,1,1,48,refinement
39,10,0,0,0,-8.57241742340318,-29.024576758668,-10.8801138106757,100,13.678109674543,0.775316455696203,1,1,49,refinement
39,11,0,0,0,-12.1557458336471,-29.3252229124187,-15.9282354928808,100,13.5621934908605,0.899638336347197,1,1,50,refinement
39,12,0,0,0,-13.940067162909,-29.7996931996729,-16.648382551353,100,13.4306732055283,1.04430379746835,1,1,51,refinement
39,13,0,0,0,-13.940067162909,-29.9631980730993,-18.5573314471876,100,13.2657155595185,1.15506329113924,1,1,52,refinement
39,14,0,0,0,-16.5602068743882,-30.1545188785853,-19.2799550924889,100,13.1520285332144,1.27712477396022,1,1,53,refinement
39,15,0,0,0,-17.7770354633064,-30.4138815464552,-19.2799550924889,100,13.0026749888542,1.43083182640145,1,1,54,refinement
39,16,0,0,0,-18.1555769844052,-30.7122937275503,-19.75810987831,100,12.8310298707089,1.60488245931284,1,1,55,refinement
39,17,0,0,0,-18.1555769844052,-30.7788937133625,-19.8896765848629,100,12.6460098082925,1.74728752260398,1,1,56,refinement
40,0,0.249930574840322,0.249930574840322,0.236045542904749,11.1362262534564,-22.2153678376298,-1.78202569186235,99.7500694251597,15.1039783001808,0,0,0,40,refinement
40,1,0.249930574840322,0.249930574840322,0.208275479033602,11.1362262534564,-22.2368547705653,-1.78202569186235,99.7500694251597,15.0994575045208,0.0111457868925546,0,0,41,refinement
40,2,0.249930574840322,0.249930574840322,0.152735351291308,2.24385419825987,-22.3871119315913,-1.78202569186235,99.7500694251597,15.0836347197107,0.0334373606776638,0,0,42,refinement
40,3,0.194390447098028,0.194390447098028,0.111080255484588,-0.443550047634716,-22.9274555491947,-2.42295823675976,99.805609552902,15.0474683544304,0.0713330361123495,0,0,43,refinement
40,4,0.0833101916134407,0.0833101916134407,0.0416550958067204,-0.443550047634716,-24.2655017427997,-6.52554356795615,99.9166898083866,14.9525316455696,0.151446654611212,0,1,44,refinement
40,5,0.0277700638711469,0.0277700638711469,0,-4.54179391525098,-25.5013093548742,-7.94615794848387,99.9722299361289,14.9019170753455,0.237341772151899,0,1,45,refinement
40,6,0,0,0,-8.56769812716901,-26.8730990567961,-9.27040870215878,100,14.8261257244761,0.33001808318264,1,1,46,refinement
40,7,0,0,0,-8.56769812716901,-27.544670392017,-9.27040870215878,100,14.7637093178778,0.400090415913201,1,1,47,refinement
40,8,0,0,0,-8.56769812716901,-28.4213243164351,-9.27040870215878,100,14.690147124387,0.504068716094033,1,1,48,refinement
40,9,0,0,0,-8.56769812716901,-28.6774097154579,-9.27040870215878,100,14.6344181899242,0.596745027124774,1,1,49,refinement
40,10,0,0,0,-8.57241742340318,-29.0394318101346,-10.8801138106757,100,14.5185020062416,0.775316455696203,1,1,50,refinement
40,11,0,0,0,-12.1557458336471,-29.3511801887368,-15.9282354928808,100,14.4025858225591,0.899638336347197,1,1,51,refinement
40,12,0,0,0,-13.940067162909,-29.8664549210037,-16.648382551353,100,14.2710655372269,1.04430379746835,1,1,52,refinement
40,13,0,0,0,-13.940067162909,-30.0370824555463,-18.5573314471876,100,14.1061078912171,1.15506329113924,1,1,53,refinement
40,14,0,0,0,-16.5602068743882,-30.2462692041009,-19.2799550924889,100,13.9924208649131,1.27712477396022,1,1,54,refinement
40,15,0,0,0,-17.7770354633064,-30.5469176879539,-19.2799550924889,100,13.8430673205528,1.43083182640145,1,1,55,refinement
40,16,0,0,0,-18.1555769844052,-30.7398758909064,-19.7820972147708,100,13.6714222024075,1.60488245931284,1,1,56,refinement
40,17,0,0,0,-18.1555769844052,-30.8069355390185,-19.9099402259774,100,13.4864021399911,1.74728752260398,1,1,57,refinement
41,0,0.249930574840322,0.249930574840322,0.236045542904749,11.1362262534564,-22.2368547705653,-1.78202569186235,99.7500694251597,15.9877938517179,0,0,0,41,refinement
41,1,0.249930574840322,0.249930574840322,0.208275479033602,11.1362262534564,-22.2530919489898,-1.78202569186235,99.7500694251597,15.9832730560579,0.0111457868925546,0,0,42,refinement
41,2,0.249930574840322,0.249930574840322,0.152735351291308,2.24385419825987,-22.4147348508946,-1.78202569186235,99.7500694251597,15.9674502712477,0.0334373606776638,0,0,43,refinement
41,3,0.194390447098028,0.194390447098028,0.111080255484588,-0.443550047634716,-22.9603126363303,-2.42295823675976,99.805609552902,15.9312839059675,0.0713330361123495,0,0,44,refinement
41,4,0.0833101916134407,0.0833101916134407,0.0416550958067204,-0.443550047634716,-24.4366344662712,-6.52554356795615,99.9166898083866,15.8363471971067,0.151446654611212,0,1,45,refinement
41,5,0.0277700638711469,0.0277700638711469,0,-4.54179391525098,-25.7053682538615,-7.94615794848387,99.9722299361289,15.750452079566,0.237341772151899,0,1,46,refinement
41,6,0,0,0,-8.56769812716901,-26.9275063465021,-9.27040870215878,100,15.6577757685353,0.33001808318264,1,1,47,refinement
41,7,0,0,0,-8.56769812716901,-27.6853381306141,-9.27040870215878,100,15.5877034358047,0.400090415913201,1,1,48,refinement
41,8,0,0,0,-8.56769812716901,-28.4387156805267,-9.27040870215878,100,15.4837251356239,0.504068716094033,1,1,49,refinement
41,9,0,0,0,-8.56769812716901,-28.7161037460199,-9.27040870215878,100,15.3910488245931,0.596745027124774,1,1,50,refinement
41,10,0,0,0,-8.57241742340318,-29.0605733139076,-10.8801138106757,100,15.2608114132858,0.775316455696203,1,1,51,refinement
41,11,0,0,0,-12.1557458336471,-29.3919450183013,-15.9282354928808,100,15.1448952296032,0.899638336347197,1,1,52,refinement
41,12,0,0,0,-13.940067162909,-29.8752943994085,-16.648382551353,100,15.0133749442711,1.04430379746835,1,1,53,refinement
41,13,0,0,0,-13.940067162909,-30.1262659790473,-18.5573314471876,100,14.8484172982613,1.15506329113924,1,1,54,refinement
41,14,0,0,0,-16.5602068743882,-30.3378760709573,-19.2799550924889,100,14.7347302719572,1.27712477396022,1,1,55,refinement
41,15,0,0,0,-17.7770354633064,-30.6099339324694,-19.2799550924889,100,14.585376727597,1.43083182640145,1,1,56,refinement
41,16,0,0,0,-18.1555769844052,-30.7765044639189,-19.7820972147708,100,14.4137316094516,1.60488245931284,1,1,57,refinement
41,17,0,0,0,-18.1555769844052,-30.8655276199574,-19.9099402259774,100,14.2405063291139,1.74728752260398,1,1,58,refinement
42,0,0.249930574840322,0.249930574840322,0.236045542904749,11.1362262534564,-22.2368547705653,-1.78202569186235,99.7500694251597,16.7947558770344,0,0,0,42,refinement
42,1,0.249930574840322,0.249930574840322,0.208275479033602,11.1362262534564,-22.2530919489898,-1.78202569186235,99.7500694251597,16.7902350813743,0.0111457868925546,0,0,43,refinement
42,2,0.249930574840322,0.249930574840322,0.152735351291308,2.24385419825987,-22.4147348508946,-1.78202569186235,99.7500694251597,16.7744122965642,0.0334373606776638,0,0,44,refinement
42,3,0.194390447098028,0.194390447098028,0.111080255484588,-0.443550047634716,-22.9603126363303,-2.42295823675976,99.805609552902,16.7382459312839,0.0713330361123495,0,0,45,refinement
42,4,0.0833101916134407,0.0833101916134407,0.0416550958067204,-0.443550047634716,-24.4366344662712,-6.52554356795615,99.9166898083866,16.6433092224231,0.151446654611212,0,1,46,refinement
42,5,0.0277700638711469,0.0277700638711469,0,-4.54179391525098,-25.7053682538615,-7.94615794848387,99.9722299361289,16.5574141048825,0.237341772151899,0,1,47,refinement
42,6,0,0,0,-8.56769812716901,-26.9719908997349,-9.27040870215878,100,16.4647377938517,0.33001808318264,1,1,48,refinement
42,7,0,0,0,-8.56769812716901,-27.7407621191735,-9.27040870215878,100,16.3946654611212,0.400090415913201,1,1,49,refinement
42,8,0,0,0,-8.56769812716901,-28.5246388616604,-9.27040870215878,100,16.2906871609403,0.504068716094033,1,1,50,refinement
42,9,0,0,0,-8.56769812716901,-28.7261972232988,-9.27040870215878,100,16.1980108499096,0.596745027124774,1,1,51,refinement
42,10,0,0,0,-8.57241742340318,-29.1437983595108,-10.8801138106757,100,16.0194394213382,0.775316455696203,1,1,52,refinement
42,11,0,0,0,-12.1557458336471,-29.4859305590268,-15.9282354928808,100,15.8951175406872,0.899638336347197,1,1,53,refinement
42,12,0,0,0,-13.940067162909,-29.9631980730993,-16.648382551353,100,15.750452079566,1.04430379746835,1,1,54,refinement
42,13,0,0,0,-13.940067162909,-30.1545188785853,-18.5573314471876,100,15.6396925858951,1.15506329113924,1,1,55,refinement
42,14,0,0,0,-16.5602068743882,-30.3833619931842,-19.2799550924889,100,15.5176311030741,1.27712477396022,1,1,56,refinement
42,15,0,0,0,-17.7770354633064,-30.6987277554747,-19.2799550924889,100,15.3639240506329,1.43083182640145,1,1,57,refinement
42,16,0,0,0,-18.1555769844052,-30.785654183786,-19.7820972147708,100,15.1898734177215,1.60488245931284,1,1,58,refinement
42,17,0,0,0,-18.1555769844052,-30.8998943413464,-19.9099402259774,100,15.0474683544304,1.74728752260398,1,1,59,refinement
142.036684186125,0,0.249930574840322,0.249930574840322,0.236045542904749,11.1362262534563,-22.3707664148564,-1.78202569186244,99.7500694251597,100,0,0,0,142.036684186125,refinement
142.036684186125,1,0.249930574840322,0.249930574840322,0.208275479033602,11.1362262534563,-22.3871119315913,-1.78202569186244,99.7500694251597,99.9956228661472,0.0111457868925546,0,0,143.036684186125,refinement
142.036684186125,2,0.249930574840322,0.249930574840322,0.152735351291308,2.24385419825985,-22.7249130569966,-1.78202569186244,99.7500694251597,99.982491464589,0.0334373606776638,0,0,144.036684186125,refinement
142.036684186125,3,0.194390447098028,0.194390447098028,0.111080255484588,-0.443550047634716,-23.4121065924574,-2.42295823675967,99.805609552902,99.9554148646841,0.0713330361123495,0,0,145.036684186125,refinement
142.036684186125,4,0.0833101916134407,0.0833101916134407,0.0416550958067204,-0.443550047634716,-24.9375708226984,-6.52554356795624,99.9166898083866,99.924205269963,0.151446654611212,0,1,146.036684186125,refinement
142.036684186125,5,0.0277700638711469,0.0277700638711469,0,-4.54179391525098,-26.417835282446,-7.94615794848427,99.9722299361289,99.8439520263944,0.237341772151899,0,1,147.036684186125,refinement
142.036684186125,6,0,0,0,-8.56769812716901,-27.9125070020852,-9.27040870215878,100,99.7793035801864,0.33001808318264,1,1,148.036684186125,refinement
142.036684186125,7,0,0,0,-8.56769812716901,-28.4717574623684,-9.27040870215878,100,99.7146551339783,0.400090415913201,1,1,149.036684186125,refinement
142.036684186125,8,0,0,0,-8.56769812716901,-28.9103792294803,-9.27040870215878,100,99.6344018904097,0.504068716094033,1,1,150.036684186125,refinement
142.036684186125,9,0,0,0,-8.56769812716901,-29.2600489523738,-9.27040870215878,100,99.5630656739043,0.596745027124774,1,1,151.036684186125,refinement
142.036684186125,10,0,0,0,-8.57241742340321,-29.6235294331721,-10.8801117581523,100,99.4895002006331,0.775316455696203,1,1,152.036684186125,refinement
142.036684186125,11,0,0,0,-12.1557458336471,-29.9801118529618,-15.9282354928808,100,99.4047884435329,0.899638336347197,1,1,153.036684186125,refinement
142.036684186125,12,0,0,0,-13.940067162909,-30.3135070187334,-16.648382551353,100,99.2888670917116,1.04430379746835,1,1,154.036684186125,refinement
142.036684186125,13,0,0,0,-13.940067162909,-30.7548193857924,-18.5573314471876,100,99.1729457398903,1.15506329113924,1,1,155.036684186125,refinement
142.036684186125,14,0,0,0,-16.5602068743882,-31.1441880274797,-19.7655037306504,100,99.0280440501137,1.27712477396022,1,1,156.036684186125,refinement
142.036684186125,15,0,0,0,-17.7770354633064,-31.6179762588906,-19.7820972147708,100,98.8882080014007,1.43083182640145,1,1,157.036684186125,refinement
142.036684186125,16,0,0,0,-18.4899274283806,-31.9022833778238,-19.921893238574,100,98.7700253873764,1.60488245931284,1,1,158.036684186125,refinement
142.036684186125,17,0,0,0,-18.7054424460187,-32.0511606658078,-20.3638876827296,100,98.6146371356036,1.74728752260398,1,1,159.036684186125,refinement
142.036684186125,142.036684186125,0,0,0,-2969.09346595255,-2969.09346595255,-2969.09346595255,100,0,100,1,1,284.07336837225,refinement
26.5,2.5,0.249930574840322,0.249930574840322,0.180505415162455,5.07039749985381,-21.6304561480233,-1.78202569186238,99.7500694251597,4.49367088607595,0.0490414623272403,0,0,29,final
26.5,3,0.194390447098028,0.194390447098028,0.152735351291308,5.07039749985381,-21.8850002203561,-2.42295823675975,99.805609552902,4.4620253164557,0.0713330361123495,0,0,29.5,final
26.5,3.5,0.166620383226881,0.166620383226881,0.138850319355735,5.07039749985381,-22.3323173805362,-5.13245918741133,99.8333796167731,4.4122965641953,0.124832813196612,0,0,30,final
26.5,4,0.138850319355735,0.138850319355735,0.0971952235490142,5.07039749985381,-22.9222782421936,-5.23423442022326,99.8611496806443,4.36708860759494,0.151446654611212,0,0,30.5,final
26.5,4.5,0.111080255484588,0.111080255484588,0.0555401277422938,5.07039749985381,-23.6628101681311,-5.82089253433993,99.8889197445154,4.31962025316456,0.198915009041591,0,0,31,final
26.5,5,0.111080255484588,0.111080255484588,0.0555401277422938,5.07039749985381,-24.1997882967834,-5.82089253433993,99.8889197445154,4.28119349005425,0.237341772151899,0,0,31.5,final
26.5,5.5,0.111080255484588,0.111080255484588,0.0555401277422938,5.07039749985381,-24.875624062993,-5.88293135233361,99.8889197445154,4.25546143557735,0.280289330922242,0,0,32,final
26.5,6,0.111080255484588,0.111080255484588,0.0416550958067204,5.07039749985381,-25.1987746555909,-5.88293135233361,99.8889197445154,4.2041908158716,0.33001808318264,0,0,32.5,final
26.5,6.5,0.111080255484588,0.111080255484588,0.0416550958067204,5.07039749985381,-25.3251952076735,-5.88293135233361,99.8889197445154,4.18189924208649,0.361663652802893,0,0,33,final
26.5,7,0.111080255484588,0.111080255484588,0.0416550958067204,5.07039749985381,-25.7351982514795,-5.88293135233361,99.8889197445154,4.1417744092733,0.400090415913201,0,0,33.5,final
26.5,7.5,0.111080255484588,0.111080255484588,0.0416550958067204,5.07039749985381,-26.0891746006923,-5.88293135233361,99.8889197445154,4.1016495764601,0.449819168173599,0,0,34,final
27,2.5,0.249930574840322,0.249930574840322,0.180505415162455,5.07039749985381,-21.6304561480233,-1.78202569186239,99.7500694251597,4.64285714285714,0.0490414623272403,0,0,29.5,final
27,3,0.194390447098028,0.194390447098028,0.152735351291308,5.07039749985381,-21.8850002203561,-2.42295823675976,99.805609552902,4.61121157323689,0.0713330361123495,0,0,30,final
27,3.5,0.166620383226881,0.166620383226881,0.138850319355735,5.07039749985381,-22.3323173805362,-5.13245918741133,99.8333796167731,4.56148282097649,0.124832813196612,0,0,30.5,final
27,4,0.138850319355735,0.138850319355735,0.0971952235490142,5.07039749985381,-22.9222782421936,-5.23423442022326,99.8611496806443,4.52073116362015,0.151446654611212,0,0,31,final
27,4.5,0.111080255484588,0.111080255484588,0.0555401277422938,5.07039749985381,-23.6628101681311,-5.82089253433993,99.8889197445154,4.48729380294249,0.198915009041591,0,0,31.5,final
27,5,0.111080255484588,0.111080255484588,0.0555401277422938,5.07039749985381,-24.1997882967834,-5.82089253433993,99.8889197445154,4.47837717342844,0.237341772151899,0,0,32,final
27,5.5,0.111080255484588,0.111080255484588,0.0555401277422938,5.07039749985381,-24.875624062993,-5.88293135233361,99.8889197445154,4.45385644226482,0.280289330922242,0,0,32.5,final
27,6,0.111080255484588,0.111080255484588,0.0416550958067204,5.07039749985381,-25.1987746555909,-5.88293135233361,99.8889197445154,4.40258582255907,0.33001808318264,0,0,33,final
27,6.5,0.111080255484588,0.111080255484588,0.0416550958067204,5.07039749985381,-25.3251952076735,-5.88293135233361,99.8889197445154,4.38029424877396,0.361663652802893,0,0,33.5,final
27,7,0.111080255484588,0.111080255484588,0.0416550958067204,5.07039749985381,-25.7351982514795,-5.88293135233361,99.8889197445154,4.34016941596077,0.400090415913201,0,0,34,final
27,7.5,0.111080255484588,0.111080255484588,0.0416550958067204,5.07039749985381,-26.0891746006923,-5.88293135233361,99.8889197445154,4.30004458314757,0.449819168173599,0,0,34.5,final
27.5,2.5,0.249930574840322,0.249930574840322,0.166620383226881,2.24385419825987,-21.6726036315471,-1.78202569186235,99.7500694251597,4.89300044583148,0.0490414623272403,0,0,30,final
27.5,3,0.194390447098028,0.194390447098028,0.138850319355735,1.48005631434711,-21.9360085910751,-2.42295823675976,99.805609552902,4.87070887204637,0.0713330361123495,0,0,30.5,final
27.5,3.5,0.166620383226881,0.166620383226881,0.111080255484588,1.48005631434711,-22.3512723793515,-5.13245918741133,99.8333796167731,4.8172090949621,0.124832813196612,0,0,31,final
27.5,4,0.0833101916134407,0.0833101916134407,0.0833101916134407,1.48005631434711,-22.9314375405137,-6.52554356795619,99.9166898083866,4.79491752117699,0.151446654611212,0,1,31.5,final
27.5,4.5,0.0555401277422938,0.0555401277422938,0.0416550958067204,1.48005631434711,-23.6893543188189,-7.94615794848394,99.9444598722577,4.76148016049933,0.198915009041591,0,1,32,final
27.5,5,0.0555401277422938,0.0555401277422938,0.0416550958067204,1.48005631434711,-24.2217352531783,-7.94615794848394,99.9444598722577,4.75256353098529,0.237341772151899,0,1,32.5,final
27.5,5.5,0.0555401277422938,0.0555401277422938,0.0416550958067204,1.48005631434711,-24.9077989519209,-8.56817477608866,99.9444598722577,4.72804279982167,0.280289330922242,0,1,33,final
27.5,6,0.0555401277422938,0.0555401277422938,0.0277700638711469,1.48005631434711,-25.2084680796494,-9.27040870215878,99.9444598722577,4.67677218011592,0.33001808318264,0,1,33.5,final
27.5,6.5,0.0555401277422938,0.0555401277422938,0.0277700638711469,1.48005631434711,-25.3602392624223,-9.27040870215878,99.9444598722577,4.65448060633081,0.361663652802893,0,1,34,final
27.5,7,0.0555401277422938,0.0555401277422938,0.0277700638711469,1.48005631434711,-25.7475168593706,-9.27040870215878,99.9444598722577,4.61435577351761,0.400090415913201,0,1,34.5,final
27.5,7.5,0.0555401277422938,0.0555401277422938,0.0277700638711469,1.48005631434711,-26.104210390987,-9.27040870215878,99.9444598722577,4.57423094070441,0.449819168173599,0,1,35,final
28,2.5,0.249930574840322,0.249930574840322,0.166620383226881,2.24385419825987,-21.6726036315471,-1.78202569186235,99.7500694251597,5.13152028533214,0.0490414623272403,0,0,30.5,final
28,3,0.194390447098028,0.194390447098028,0.138850319355735,1.48005631434711,-21.9360085910751,-2.42295823675976,99.805609552902,5.10922871154704,0.0713330361123495,0,0,31,final
28,3.5,0.166620383226881,0.166620383226881,0.111080255484588,1.48005631434711,-22.3512723793515,-5.13245918741133,99.8333796167731,5.05572893446277,0.124832813196612,0,0,31.5,final
28,4,0.0833101916134407,0.0833101916134407,0.0694251596778673,1.48005631434711,-22.9314375405137,-6.52554356795619,99.9166898083866,5.03343736067766,0.151446654611212,0,1,32,final
28,4.5,0.0555401277422938,0.0555401277422938,0.0277700638711469,1.48005631434711,-23.6893543188189,-7.94615794848394,99.9444598722577,5,0.198915009041591,0,1,32.5,final
28,5,0.0555401277422938,0.0555401277422938,0.0277700638711469,1.48005631434711,-24.2217352531783,-7.94615794848394,99.9444598722577,4.99108337048596,0.237341772151899,0,1,33,final
28,5.5,0.0555401277422938,0.0555401277422938,0.0277700638711469,1.48005631434711,-24.9077989519209,-8.56817477608866,99.9444598722577,4.96656263932234,0.280289330922242,0,1,33.5,final
28,6,0.0555401277422938,0.0555401277422938,0.0138850319355735,1.48005631434711,-25.2084680796494,-9.27040870215878,99.9444598722577,4.91529201961658,0.33001808318264,0,1,34,final
28,6.5,0.0555401277422938,0.0555401277422938,0.0138850319355735,1.48005631434711,-25.3602392624223,-9.27040870215878,99.9444598722577,4.89300044583148,0.361663652802893,0,1,34.5,final
28,7,0.0555401277422938,0.0555401277422938,0.0138850319355735,1.48005631434711,-25.7475168593706,-9.27040870215878,99.9444598722577,4.85287561301828,0.400090415913201,0,1,35,final
28,7.5,0.0555401277422938,0.0555401277422938,0.0138850319355735,1.48005631434711,-26.104210390987,-9.27040870215878,99.9444598722577,4.81275078020508,0.449819168173599,0,1,35.5,final
28.5,2.5,0.249930574840322,0.249930574840322,0.166620383226881,2.24385419825987,-21.7009315474752,-1.78202569186235,99.7500694251597,5.41462327240303,0.0490414623272403,0,0,31,final
28.5,3,0.194390447098028,0.194390447098028,0.138850319355735,1.48005631434711,-21.9611346772559,-2.42295823675976,99.805609552902,5.39233169861792,0.0713330361123495,0,0,31.5,final
28.5,3.5,0.166620383226881,0.166620383226881,0.111080255484588,1.48005631434711,-22.3707664148564,-5.13245918741133,99.8333796167731,5.33883192153366,0.124832813196612,0,0,32,final
28.5,4,0.0833101916134407,0.0833101916134407,0.0694251596778673,1.48005631434711,-22.9603126363303,-6.52554356795619,99.9166898083866,5.31654034774855,0.151446654611212,0,1,32.5,final
28.5,4.5,0.0555401277422938,0.0555401277422938,0.0277700638711469,1.48005631434711,-23.7558713089561,-7.94615794848394,99.9444598722577,5.28310298707089,0.198915009041591,0,1,33,final
28.5,5,0.0555401277422938,0.0555401277422938,0.0277700638711469,1.48005631434711,-24.2422243118621,-7.94615794848394,99.9444598722577,5.27418635755684,0.237341772151899,0,1,33.5,final
28.5,5.5,0.0555401277422938,0.0555401277422938,0.0277700638711469,1.48005631434711,-24.9271489153156,-8.56817477608866,99.9444598722577,5.24966562639322,0.280289330922242,0,1,34,final
28.5,6,0.0555401277422938,0.0555401277422938,0.0138850319355735,1.48005631434711,-25.2167898264462,-9.27040870215878,99.9444598722577,5.19839500668747,0.33001808318264,0,1,34.5,final
28.5,6.5,0.0555401277422938,0.0555401277422938,0.0138850319355735,1.48005631434711,-25.3735185684361,-9.27040870215878,99.9444598722577,5.17610343290236,0.361663652802893,0,1,35,final
28.5,7,0.0555401277422938,0.0555401277422938,0.0138850319355735,1.48005631434711,-25.7874999630482,-9.27040870215878,99.9444598722577,5.13597860008917,0.400090415913201,0,1,35.5,final
28.5,7.5,0.0555401277422938,0.0555401277422938,0.0138850319355735,1.48005631434711,-26.11068762309,-9.27040870215878,99.9444598722577,5.09585376727597,0.449819168173599,0,1,36,final
29,2.5,0.249930574840322,0.249930574840322,0.166620383226881,2.24385419825987,-21.7101820255191,-1.78202569186235,99.7500694251597,5.69103878733839,0.0490414623272403,0,0,31.5,final
29,3,0.194390447098028,0.194390447098028,0.138850319355735,1.48005631434711,-21.9771132933422,-2.42295823675976,99.805609552902,5.66874721355328,0.0713330361123495,0,0,32,final
29,3.5,0.166620383226881,0.166620383226881,0.111080255484588,1.48005631434711,-22.3871119315913,-5.13245918741133,99.8333796167731,5.61524743646901,0.124832813196612,0,0,32.5,final
29,4,0.0833101916134407,0.0833101916134407,0.0694251596778673,1.48005631434711,-23.0067738989002,-6.52554356795619,99.9166898083866,5.59295586268391,0.151446654611212,0,1,33,final
29,4.5,0.0555401277422938,0.0555401277422938,0.0277700638711469,1.48005631434711,-23.8312065044917,-7.94615794848394,99.9444598722577,5.55951850200624,0.198915009041591,0,1,33.5,final
29,5,0.0555401277422938,0.0555401277422938,0.0277700638711469,1.48005631434711,-24.2655017427997,-7.94615794848394,99.9444598722577,5.5506018724922,0.237341772151899,0,1,34,final
29,5.5,0.0555401277422938,0.0555401277422938,0.0277700638711469,1.48005631434711,-24.9336833248843,-8.56817477608866,99.9444598722577,5.52608114132858,0.280289330922242,0,1,34.5,final
29,6,0.0555401277422938,0.0555401277422938,0.0138850319355735,1.48005631434711,-25.2208833936715,-9.27040870215878,99.9444598722577,5.47481052162283,0.33001808318264,0,1,35,final
29,6.5,0.0555401277422938,0.0555401277422938,0.0138850319355735,1.48005631434711,-25.4125925390189,-9.27040870215878,99.9444598722577,5.45251894783772,0.361663652802893,0,1,35.5,final
29,7,0.0555401277422938,0.0555401277422938,0.0138850319355735,1.48005631434711,-25.8347410234136,-9.27040870215878,99.9444598722577,5.41239411502452,0.400090415913201,0,1,36,final
29,7.5,0.0555401277422938,0.0555401277422938,0.0138850319355735,1.48005631434711,-26.146693189861,-9.27040870215878,99.9444598722577,5.37226928221132,0.449819168173599,0,1,36.5,final
29.5,2.5,0.249930574840322,0.249930574840322,0.138850319355735,2.24385419825987,-21.7101820255191,-1.78202569186235,99.7500694251597,5.8983504235399,0.0490414623272403,0,0,32,final
29.5,3,0.194390447098028,0.194390447098028,0.111080255484588,-0.443550047634716,-21.9911032419743,-2.42295823675976,99.805609552902,5.87605884975479,0.0713330361123495,0,0,32.5,final
29.5,3.5,0.166620383226881,0.166620383226881,0.0971952235490142,-0.443550047634716,-22.4147348508946,-5.13245918741133,99.8333796167731,5.82255907267053,0.124832813196612,0,0,33,final
29.5,4,0.0833101916134407,0.0833101916134407,0.0555401277422938,-0.443550047634716,-23.0723261578877,-6.52554356795619,99.9166898083866,5.80026749888542,0.151446654611212,0,1,33.5,final
29.5,4.5,0.0277700638711469,0.0277700638711469,0.0277700638711469,-4.54179391525098,-23.9170843339723,-7.94615794848394,99.9722299361289,5.76683013820776,0.198915009041591,0,1,34,final
29.5,5,0.0277700638711469,0.0277700638711469,0.0138850319355735,-4.54179391525098,-24.3133382599867,-7.94615794848394,99.9722299361289,5.75791350869371,0.237341772151899,0,1,34.5,final
29.5,5.5,0.0277700638711469,0.0277700638711469,0.0138850319355735,-4.54179391525098,-24.9341017355151,-8.56817477608866,99.9722299361289,5.73339277753009,0.280289330922242,0,1,35,final
29.5,6,0.0277700638711469,0.0277700638711469,0,-5.55650533214201,-25.2557350145507,-9.27040870215878,99.9722299361289,5.68212215782434,0.33001808318264,0,1,35.5,final
29.5,6.5,0.0277700638711469,0.0277700638711469,0,-5.55650533214201,-25.4372254817557,-9.27040870215878,99.9722299361289,5.65983058403923,0.361663652802893,0,1,36,final
29.5,7,0.0277700638711469,0.0277700638711469,0,-5.55650533214201,-25.8497304615176,-9.27040870215878,99.9722299361289,5.61970575122604,0.400090415913201,0,1,36.5,final
29.5,7.5,0.0277700638711469,0.0277700638711469,0,-5.55650533214201,-26.2039622518713,-9.27040870215878,99.9722299361289,5.57958091841284,0.449819168173599,0,1,37,final
31.5,2.5,0.249930574840322,0.249930574840322,0.138850319355735,2.24385419825987,-21.7185450681101,-1.78202569186235,99.7500694251597,7.15782434239857,0.0490414623272403,0,0,34,final
31.5,3,0.194390447098028,0.194390447098028,0.111080255484588,-0.443550047634716,-22.0063345817783,-2.42295823675976,99.805609552902,7.13553276861346,0.0713330361123495,0,0,34.5,final
31.5,3.5,0.166620383226881,0.166620383226881,0.0971952235490142,-0.443550047634716,-22.4508044380404,-5.13245918741133,99.8333796167731,7.0820329915292,0.124832813196612,0,0,35,final
31.5,4,0.0833101916134407,0.0833101916134407,0.0555401277422938,-0.443550047634716,-23.1245358602074,-6.52554356795619,99.9166898083866,7.05974141774409,0.151446654611212,0,1,35.5,final
31.5,4.5,0.0277700638711469,0.0277700638711469,0.0277700638711469,-4.54179391525098,-23.9729686582334,-7.94615794848421,99.9722299361289,7.02630405706643,0.198915009041591,0,1,36,final
31.5,5,0.0277700638711469,0.0277700638711469,0.0138850319355735,-4.54179391525098,-24.4643927145065,-7.94615794848421,99.9722299361289,7.01738742755238,0.237341772151899,0,1,36.5,final
31.5,5.5,0.0277700638711469,0.0277700638711469,0.0138850319355735,-4.54179391525098,-24.9636789311175,-8.56817477608866,99.9722299361289,6.99286669638876,0.280289330922242,0,1,37,final
31.5,6,0.0277700638711469,0.0277700638711469,0,-5.55650533214201,-25.3602392624223,-9.27040870215878,99.9722299361289,6.94159607668301,0.33001808318264,0,1,37.5,final
31.5,6.5,0.0277700638711469,0.0277700638711469,0,-5.55650533214201,-25.6102692545231,-9.27040870215878,99.9722299361289,6.9193045028979,0.361663652802893,0,1,38,final
31.5,7,0.0277700638711469,0.0277700638711469,0,-5.55650533214201,-25.9364020505316,-9.27040870215878,99.9722299361289,6.87917967008471,0.400090415913201,0,1,38.5,final
31.5,7.5,0.0277700638711469,0.0277700638711469,0,-5.55650533214201,-26.3402475521846,-9.27040870215878,99.9722299361289,6.83905483727151,0.449819168173599,0,1,39,final
32,2.5,0.249930574840322,0.249930574840322,0.138850319355735,2.24385419825987,-21.7185450681101,-1.78202569186235,99.7500694251597,7.5300936246099,0.0490414623272403,0,0,34.5,final
32,3,0.194390447098028,0.194390447098028,0.111080255484588,-0.443550047634716,-22.0063345817783,-2.42295823675976,99.805609552902,7.50780205082479,0.0713330361123495,0,0,35,final
32,3.5,0.166620383226881,0.166620383226881,0.0971952235490142,-0.443550047634716,-22.4508044380404,-5.13245918741133,99.8333796167731,7.45430227374053,0.124832813196612,0,0,35.5,final
32,4,0.0833101916134407,0.0833101916134407,0.0555401277422938,-0.443550047634716,-23.1245358602074,-6.52554356795619,99.9166898083866,7.43201069995542,0.151446654611212,0,1,36,final
32,4.5,0.0277700638711469,0.0277700638711469,0.0277700638711469,-4.54179391525098,-23.9729686582334,-7.94615794848421,99.9722299361289,7.39857333927775,0.198915009041591,0,1,36.5,final
32,5,0.0277700638711469,0.0277700638711469,0.0138850319355735,-4.54179391525098,-24.4643927145065,-7.94615794848421,99.9722299361289,7.38965670976371,0.237341772151899,0,1,37,final
32,5.5,0.0277700638711469,0.0277700638711469,0.0138850319355735,-4.54179391525098,-24.9636789311175,-8.56817477608866,99.9722299361289,7.36513597860009,0.280289330922242,0,1,37.5,final
32,6,0.0277700638711469,0.0277700638711469,0,-5.55650533214201,-25.3602392624223,-9.27040870215878,99.9722299361289,7.31386535889434,0.33001808318264,0,1,38,final
32,6.5,0.0277700638711469,0.0277700638711469,0,-5.55650533214201,-25.6102692545231,-9.27040870215878,99.9722299361289,7.29157378510923,0.361663652802893,0,1,38.5,final
32,7,0.0277700638711469,0.0277700638711469,0,-5.55650533214201,-25.9364020505316,-9.27040870215878,99.9722299361289,7.25144895229603,0.400090415913201,0,1,39,final
32,7.5,0.0277700638711469,0.0277700638711469,0,-5.55650533214201,-26.3402475521846,-9.27040870215878,99.9722299361289,7.21132411948284,0.449819168173599,0,1,39.5,final
32.5,2.5,0.249930574840322,0.249930574840322,0.138850319355735,2.24385419825987,-21.7480882103165,-1.78202569186235,99.7500694251597,7.91350869371378,0.0490414623272403,0,0,35,final
32.5,3,0.194390447098028,0.194390447098028,0.111080255484588,-0.443550047634716,-22.0217735910738,-2.42295823675976,99.805609552902,7.89121711992867,0.0713330361123495,0,0,35.5,final
32.5,3.5,0.166620383226881,0.166620383226881,0.0971952235490142,-0.443550047634716,-22.5015770189823,-5.13245918741133,99.8333796167731,7.8377173428444,0.124832813196612,0,0,36,final
32.5,4,0.0833101916134407,0.0833101916134407,0.0555401277422938,-0.443550047634716,-23.1436077116868,-6.52554356795619,99.9166898083866,7.8154257690593,0.151446654611212,0,1,36.5,final
32.5,4.5,0.0277700638711469,0.0277700638711469,0.0277700638711469,-4.54179391525098,-23.9798290616484,-7.94615794848421,99.9722299361289,7.78198840838163,0.198915009041591,0,1,37,final
32.5,5,0.0277700638711469,0.0277700638711469,0.0138850319355735,-4.54179391525098,-24.6146895931974,-7.94615794848421,99.9722299361289,7.77307177886759,0.237341772151899,0,1,37.5,final
32.5,5.5,0.0277700638711469,0.0277700638711469,0.0138850319355735,-4.54179391525098,-25.0019187154553,-8.56817477608866,99.9722299361289,7.74855104770397,0.280289330922242,0,1,38,final
32.5,6,0.0277700638711469,0.0277700638711469,0,-5.55650533214201,-25.3735185684361,-9.27040870215878,99.9722299361289,7.69728042799822,0.33001808318264,0,1,38.5,final
32.5,6.5,0.0277700638711469,0.0277700638711469,0,-5.55650533214201,-25.7053682538615,-9.27040870215878,99.9722299361289,7.67498885421311,0.361663652802893,0,1,39,final
32.5,7,0.0277700638711469,0.0277700638711469,0,-5.55650533214201,-25.9577574065809,-9.27040870215878,99.9722299361289,7.63486402139991,0.400090415913201,0,1,39.5,final
32.5,7.5,0.0277700638711469,0.0277700638711469,0,-5.55650533214201,-26.366316815054,-9.27040870215878,99.9722299361289,7.59473918858671,0.449819168173599,0,1,40,final
33,2.5,0.249930574840322,0.249930574840322,0.138850319355735,2.24385419825987,-21.7480882103165,-1.78202569186235,99.7500694251597,8.25902808738297,0.0490414623272403,0,0,35.5,final
33,3,0.194390447098028,0.194390447098028,0.111080255484588,-0.443550047634716,-22.0217735910738,-2.42295823675976,99.805609552902,8.23673651359786,0.0713330361123495,0,0,36,final
33,3.5,0.166620383226881,0.166620383226881,0.0833101916134407,-0.443550047634716,-22.5015770189823,-5.13245918741133,99.8333796167731,8.1832367365136,0.124832813196612,0,0,36.5,final
33,4,0.0833101916134407,0.0833101916134407,0.0416550958067204,-0.443550047634716,-23.1436077116868,-6.52554356795619,99.9166898083866,8.16094516272849,0.151446654611212,0,1,37,final
33,4.5,0.0277700638711469,0.0277700638711469,0.0138850319355735,-4.54179391525098,-23.9798290616484,-7.94615794848421,99.9722299361289,8.12750780205083,0.198915009041591,0,1,37.5,final
33,5,0.0277700638711469,0.0277700638711469,0,-4.54179391525098,-24.6146895931974,-7.94615794848421,99.9722299361289,8.11859117253678,0.237341772151899,0,1,38,final
33,5.5,0.0277700638711469,0.0277700638711469,0,-4.54179391525098,-25.0019187154553,-8.56817477608866,99.9722299361289,8.09407044137316,0.280289330922242,0,1,38.5,final
33,6,0,0,0,-8.56769812716901,-25.3735185684361,-9.27040870215878,100,8.04279982166741,0.33001808318264,1,1,39,final
33,6.5,0,0,0,-8.56769812716901,-25.7053682538615,-9.27040870215878,100,8.0205082478823,0.361663652802893,1,1,39.5,final
33,7,0,0,0,-8.56769812716901,-25.9577574065809,-9.27040870215878,100,7.9803834150691,0.400090415913201,1,1,40,final
33,7.5,0,0,0,-8.56769812716901,-26.366316815054,-9.27040870215878,100,7.94025858225591,0.449819168173599,1,1,40.5,final
33.5,2.5,0.249930574840322,0.249930574840322,0.138850319355735,2.24385419825987,-21.7480882103165,-1.78202569186235,99.7500694251597,8.72269282211324,0.0490414623272403,0,0,36,final
33.5,3,0.194390447098028,0.194390447098028,0.111080255484588,-0.443550047634716,-22.0217735910738,-2.42295823675976,99.805609552902,8.70040124832813,0.0713330361123495,0,0,36.5,final
33.5,3.5,0.166620383226881,0.166620383226881,0.0833101916134407,-0.443550047634716,-22.5015770189823,-5.13245918741133,99.8333796167731,8.64690147124387,0.124832813196612,0,0,37,final
33.5,4,0.0833101916134407,0.0833101916134407,0.0416550958067204,-0.443550047634716,-23.1436077116868,-6.52554356795619,99.9166898083866,8.62460989745876,0.151446654611212,0,1,37.5,final
33.5,4.5,0.0277700638711469,0.0277700638711469,0.0138850319355735,-4.54179391525098,-24.0096220263576,-7.94615794848421,99.9722299361289,8.5911725367811,0.198915009041591,0,1,38,final
33.5,5,0.0277700638711469,0.0277700638711469,0,-4.54179391525098,-24.6996211217542,-7.94615794848421,99.9722299361289,8.58225590726705,0.237341772151899,0,1,38.5,final
33.5,5.5,0.0277700638711469,0.0277700638711469,0,-4.54179391525098,-25.0313579790389,-8.56817477608866,99.9722299361289,8.55773517610343,0.280289330922242,0,1,39,final
33.5,6,0,0,0,-8.56769812716901,-25.4125925390189,-9.27040870215878,100,8.50646455639768,0.33001808318264,1,1,39.5,final
33.5,6.5,0,0,0,-8.56769812716901,-25.7238470541449,-9.27040870215878,100,8.48417298261257,0.361663652802893,1,1,40,final
33.5,7,0,0,0,-8.56769812716901,-26.0203961867001,-9.27040870215878,100,8.44404814979938,0.400090415913201,1,1,40.5,final
33.5,7.5,0,0,0,-8.56769812716901,-26.379688462338,-9.27040870215878,100,8.40392331698618,0.449819168173599,1,1,41,final
34,2.5,0.249930574840322,0.249930574840322,0.138850319355735,2.24385419825987,-21.7480882103165,-1.78202569186235,99.7500694251597,9.02808738296924,0.0490414623272403,0,0,36.5,final
34,3,0.194390447098028,0.194390447098028,0.111080255484588,-0.443550047634716,-22.0217735910738,-2.42295823675976,99.805609552902,9.00579580918413,0.0713330361123495,0,0,37,final
34,3.5,0.166620383226881,0.166620383226881,0.0833101916134407,-0.443550047634716,-22.5015770189823,-5.13245918741133,99.8333796167731,8.95229603209987,0.124832813196612,0,0,37.5,final
34,4,0.0833101916134407,0.0833101916134407,0.0416550958067204,-0.443550047634716,-23.1436077116868,-6.52554356795619,99.9166898083866,8.93000445831476,0.151446654611212,0,1,38,final
34,4.5,0.0277700638711469,0.0277700638711469,0.0138850319355735,-4.54179391525098,-24.0096220263576,-7.94615794848421,99.9722299361289,8.89656709763709,0.198915009041591,0,1,38.5,final
34,5,0.0277700638711469,0.0277700638711469,0,-4.54179391525098,-24.6996211217542,-7.94615794848421,99.9722299361289,8.88765046812305,0.237341772151899,0,1,39,final
34,5.5,0.0277700638711469,0.0277700638711469,0,-4.54179391525098,-25.0313579790389,-8.56817477608866,99.9722299361289,8.86312973695943,0.280289330922242,0,1,39.5,final
34,6,0,0,0,-8.56769812716901,-25.4125925390189,-9.27040870215878,100,8.81185911725368,0.33001808318264,1,1,40,final
34,6.5,0,0,0,-8.56769812716901,-25.7238470541449,-9.27040870215878,100,8.78956754346857,0.361663652802893,1,1,40.5,final
34,7,0,0,0,-8.56769812716901,-26.0203961867001,-9.27040870215878,100,8.74944271065537,0.400090415913201,1,1,41,final
34,7.5,0,0,0,-8.56769812716901,-26.379688462338,-9.27040870215878,100,8.70931787784218,0.449819168173599,1,1,41.5,final
34.5,2.5,0.249930574840322,0.249930574840322,0.138850319355735,2.24385419825987,-21.7480882103165,-1.78202569186235,99.7500694251597,9.48283548818547,0.0490414623272403,0,0,37,final
34.5,3,0.194390447098028,0.194390447098028,0.111080255484588,-0.443550047634716,-22.0217735910738,-2.42295823675976,99.805609552902,9.46054391440036,0.0713330361123495,0,0,37.5,final
34.5,3.5,0.166620383226881,0.166620383226881,0.0833101916134407,-0.443550047634716,-22.5015770189823,-5.13245918741133,99.8333796167731,9.4070441373161,0.124832813196612,0,0,38,final
34.5,4,0.0833101916134407,0.0833101916134407,0.0416550958067204,-0.443550047634716,-23.1436077116868,-6.52554356795619,99.9166898083866,9.38475256353099,0.151446654611212,0,1,38.5,final
34.5,4.5,0.0277700638711469,0.0277700638711469,0.0138850319355735,-4.54179391525098,-24.0096220263576,-7.94615794848421,99.9722299361289,9.35131520285332,0.198915009041591,0,1,39,final
34.5,5,0.0277700638711469,0.0277700638711469,0,-4.54179391525098,-24.6996211217542,-7.94615794848421,99.9722299361289,9.34239857333928,0.237341772151899,0,1,39.5,final
34.5,5.5,0.0277700638711469,0.0277700638711469,0,-4.54179391525098,-25.0313579790389,-8.56817477608866,99.9722299361289,9.31787784217566,0.280289330922242,0,1,40,final
34.5,6,0,0,0,-8.56769812716901,-25.4125925390189,-9.27040870215878,100,9.26660722246991,0.33001808318264,1,1,40.5,final
34.5,6.5,0,0,0,-8.56769812716901,-25.7238470541449,-9.27040870215878,100,9.2443156486848,0.361663652802893,1,1,41,final
34.5,7,0,0,0,-8.56769812716901,-26.0203961867001,-9.27040870215878,100,9.2041908158716,0.400090415913201,1,1,41.5,final
34.5,7.5,0,0,0,-8.56769812716901,-26.4254044447292,-9.27040870215878,100,9.1640659830584,0.449819168173599,1,1,42,final
142.036684186125,2.5,0.249930574840322,0.249930574840322,0.138850319355735,2.24385419825985,-22.7557477726971,-1.78202569186244,99.7500694251597,99.9754781755763,0.0490414623272403,0,0,144.536684186125,final
142.036684186125,3,0.194390447098028,0.194390447098028,0.111080255484588,-0.443550047634716,-23.4121065924574,-2.42295823675967,99.805609552902,99.9554148646841,0.0713330361123495,0,0,145.036684186125,final
142.036684186125,3.5,0.166620383226881,0.166620383226881,0.0833101916134407,-0.443550047634716,-24.1723396003044,-5.13245918741151,99.8333796167731,99.9398100673235,0.124832813196612,0,0,145.536684186125,final
142.036684186125,4,0.0833101916134407,0.0833101916134407,0.0416550958067204,-0.443550047634716,-24.9375708226984,-6.52554356795624,99.9166898083866,99.924205269963,0.151446654611212,0,1,146.036684186125,final
142.036684186125,4.5,0.0277700638711469,0.0277700638711469,0.0138850319355735,-4.54179391525098,-25.6102692545231,-7.94615794848427,99.9722299361289,99.8840786481787,0.198915009041591,0,1,146.536684186125,final
142.036684186125,5,0.0277700638711469,0.0277700638711469,0,-4.54179391525098,-26.417835282446,-7.94615794848427,99.9722299361289,99.8439520263944,0.237341772151899,0,1,147.036684186125,final
142.036684186125,5.5,0.0277700638711469,0.0277700638711469,0,-4.54179391525098,-27.0395715357575,-8.56817477608866,99.9722299361289,99.8082839181417,0.280289330922242,0,1,147.536684186125,final
142.036684186125,6,0,0,0,-8.56769812716901,-27.9125070020852,-9.27040870215878,100,99.7793035801864,0.33001808318264,1,1,148.036684186125,final
142.036684186125,6.5,0,0,0,-8.56769812716901,-28.1100971172426,-9.27040870215878,100,99.7592402692942,0.361663652802893,1,1,148.536684186125,final
142.036684186125,7,0,0,0,-8.56769812716901,-28.4717574623684,-9.27040870215878,100,99.7146551339783,0.400090415913201,1,1,149.036684186125,final
142.036684186125,7.5,0,0,0,-8.56769812716901,-28.7343920529446,-9.27040870215878,100,99.685674796023,0.449819168173599,1,1,149.536684186125,final
142.036684186125,142.036684186125,0,0,0,-2969.09346595255,-2969.09346595255,-2969.09346595255,100,0,100,1,1,284.07336837225,final
