OuterAngleDeg,InnerAngleDeg,WorstExceedancePercent,RobustExceedancePercent,MedianExceedancePercent,MaximumIOverNDb,P95IOverNDb,PracticalPercentileIOverNDb,RobustAvailabilityPercent,RetaskDutyPercent,ShutdownDutyPercent,Feasible,PracticalFeasible,Score,SearchStage
0,0,0.916412107747848,0.916412107747848,0.458206053873924,11.571864763574,-24.8895875545835,7.26391611254512,99.0835878922522,0,0,0,0,0,coarse
0.5,0,0.916412107747848,0.916412107747848,0.458206053873924,11.571864763574,-24.8895875545835,7.26391611254512,99.0835878922522,0,0,0,0,0.5,coarse
0.5,0.5,0.916412107747848,0.916412107747848,0.458206053873924,11.571864763574,-24.8895875545835,7.26391611254512,99.0835878922522,0,0,0,0,1,coarse
1,0,0.916412107747848,0.916412107747848,0.458206053873924,11.571864763574,-24.8895875545835,7.26391611254512,99.0835878922522,0.00672872042166648,0,0,0,1,coarse
1,0.5,0.916412107747848,0.916412107747848,0.458206053873924,11.571864763574,-24.8895875545835,7.26391611254512,99.0835878922522,0.00672872042166648,0,0,0,1.5,coarse
1,1,0.916412107747848,0.916412107747848,0.44432102193835,11.571864763574,-24.8895875545835,7.26391611254512,99.0835878922522,0,0.00672872042166648,0,0,2,coarse
2,0,0.916412107747848,0.916412107747848,0.458206053873924,11.571864763574,-24.8895875545835,7.26391611254512,99.0835878922522,0.0198438946950655,0,0,0,2,coarse
2,0.5,0.916412107747848,0.916412107747848,0.458206053873924,11.571864763574,-24.8895875545835,7.26391611254512,99.0835878922522,0.0198438946950655,0,0,0,2.5,coarse
2,1,0.916412107747848,0.916412107747848,0.44432102193835,11.571864763574,-24.8895875545835,7.26391611254512,99.0835878922522,0.0154341403183843,0.00672872042166648,0,0,3,coarse
2,2,0.916412107747848,0.916412107747848,0.44432102193835,11.571864763574,-25.0916704682727,7.26391611254512,99.0835878922522,0,0.0198438946950655,0,0,4,coarse
3,0,0.916412107747848,0.916412107747848,0.458206053873924,11.571864763574,-24.8895875545835,7.26391611254512,99.0835878922522,0.0471010429516654,0,0,0,3,coarse
3,0.5,0.916412107747848,0.916412107747848,0.458206053873924,11.571864763574,-24.8895875545835,7.26391611254512,99.0835878922522,0.0471010429516654,0,0,0,3.5,coarse
3,1,0.916412107747848,0.916412107747848,0.44432102193835,11.571864763574,-24.8895875545835,7.26391611254512,99.0835878922522,0.0403723225299989,0.00672872042166648,0,0,4,coarse
3,2,0.916412107747848,0.916412107747848,0.44432102193835,11.571864763574,-25.0916704682727,7.26391611254512,99.0835878922522,0.0291577884938881,0.0198438946950655,0,0,5,coarse
3,3,0.916412107747848,0.916412107747848,0.44432102193835,11.571864763574,-25.3281311703916,7.26391611254512,99.0835878922522,0,0.0471010429516654,0,0,6,coarse
5,0,0.916412107747848,0.916412107747848,0.458206053873924,11.571864763574,-24.8895875545835,7.26391611254512,99.0835878922522,0.136817315240552,0,0,0,5,coarse
5,0.5,0.916412107747848,0.916412107747848,0.458206053873924,11.571864763574,-24.8895875545835,7.26391611254512,99.0835878922522,0.136817315240552,0,0,0,5.5,coarse
5,1,0.916412107747848,0.916412107747848,0.44432102193835,11.571864763574,-24.8895875545835,7.26391611254512,99.0835878922522,0.130088594818885,0.00672872042166648,0,0,6,coarse
5,2,0.916412107747848,0.916412107747848,0.44432102193835,11.571864763574,-25.0916704682727,7.26391611254512,99.0835878922522,0.118874060782774,0.0198438946950655,0,0,7,coarse
5,3,0.916412107747848,0.916412107747848,0.44432102193835,11.571864763574,-25.3281311703916,7.26391611254512,99.0835878922522,0.0897162722888864,0.0471010429516654,0,0,8,coarse
5,5,0.916412107747848,0.916412107747848,0.388780894196057,11.571864763574,-26.4683778234666,7.26391611254512,99.0835878922522,0,0.136817315240552,0,0,10,coarse
10,0,0.833101916134407,0.833101916134407,0.416550958067204,11.571864763574,-25.0251151849037,7.26391611254512,99.1668980838656,0.462038802287765,0,0,0,10,coarse
10,0.5,0.833101916134407,0.833101916134407,0.416550958067204,11.571864763574,-25.0251151849037,7.26391611254512,99.1668980838656,0.462038802287765,0,0,0,10.5,coarse
10,1,0.833101916134407,0.833101916134407,0.40266592613163,11.571864763574,-25.0584062936346,7.26391611254512,99.1668980838656,0.455310081866098,0.00672872042166648,0,0,11,coarse
10,2,0.833101916134407,0.833101916134407,0.40266592613163,11.571864763574,-25.2206791967925,7.26391611254512,99.1668980838656,0.444095547829988,0.0198438946950655,0,0,12,coarse
10,3,0.833101916134407,0.833101916134407,0.40266592613163,11.571864763574,-25.4894922079785,7.26391611254512,99.1668980838656,0.4149377593361,0.0471010429516654,0,0,13,coarse
10,5,0.833101916134407,0.833101916134407,0.347125798389336,11.571864763574,-26.4683778234666,7.26391611254512,99.1668980838656,0.325221487047213,0.136817315240552,0,0,15,coarse
10,10,0.833101916134407,0.833101916134407,0.347125798389336,11.571864763574,-28.4323159407743,7.26391611254512,99.1668980838656,0,0.462038802287765,0,0,20,coarse
15,0,0.833101916134407,0.833101916134407,0.40266592613163,11.571864763574,-25.4798498616728,7.26391611254512,99.1668980838656,0.836604239093866,0,0,0,15,coarse
15,0.5,0.833101916134407,0.833101916134407,0.40266592613163,11.571864763574,-25.4798498616728,7.26391611254512,99.1668980838656,0.836604239093866,0,0,0,15.5,coarse
15,1,0.833101916134407,0.833101916134407,0.388780894196057,11.571864763574,-25.4856535911711,7.26391611254512,99.1668980838656,0.829875518672199,0.00672872042166648,0,0,16,coarse
15,2,0.833101916134407,0.833101916134407,0.388780894196057,11.571864763574,-25.5779018087858,7.26391611254512,99.1668980838656,0.818660984636088,0.0198438946950655,0,0,17,coarse
15,3,0.833101916134407,0.833101916134407,0.388780894196057,11.571864763574,-25.8926273864984,7.26391611254512,99.1668980838656,0.7895031961422,0.0471010429516654,0,0,18,coarse
15,5,0.833101916134407,0.833101916134407,0.333240766453763,11.571864763574,-26.9390129012938,7.26391611254512,99.1668980838656,0.699786923853314,0.136817315240552,0,0,20,coarse
15,10,0.833101916134407,0.833101916134407,0.333240766453763,11.571864763574,-28.5635694263567,7.26391611254512,99.1668980838656,0.374565436806101,0.462038802287765,0,0,25,coarse
15,15,0.833101916134407,0.833101916134407,0.333240766453763,11.571864763574,-29.9545291827336,7.26391611254512,99.1668980838656,0,0.836604239093866,0,0,30,coarse
20,0,0.749791724520966,0.749791724520966,0.180505415162455,11.571864763574,-25.9619391983589,6.35891079794053,99.250208275479,1.3457440843333,0,0,0,20,coarse
20,0.5,0.749791724520966,0.749791724520966,0.180505415162455,11.571864763574,-25.9619391983589,6.35891079794053,99.250208275479,1.3457440843333,0,0,0,20.5,coarse
20,1,0.749791724520966,0.749791724520966,0.166620383226881,11.571864763574,-25.9932397457293,6.35891079794053,99.250208275479,1.33901536391163,0.00672872042166648,0,0,21,coarse
20,2,0.749791724520966,0.749791724520966,0.166620383226881,11.571864763574,-26.0936745410971,6.35891079794053,99.250208275479,1.32780082987552,0.0198438946950655,0,0,22,coarse
20,3,0.749791724520966,0.749791724520966,0.166620383226881,11.571864763574,-26.3065558629513,6.35891079794053,99.250208275479,1.29864304138163,0.0471010429516654,0,0,23,coarse
20,5,0.749791724520966,0.749791724520966,0.111080255484588,11.571864763574,-27.0590560200173,6.1954848518859,99.250208275479,1.20892676909274,0.136817315240552,0,0,25,coarse
20,10,0.749791724520966,0.749791724520966,0.111080255484588,11.571864763574,-28.5635694263567,6.1954848518859,99.250208275479,0.930845225027442,0.462038802287765,0,0,30,coarse
20,15,0.749791724520966,0.749791724520966,0.111080255484588,11.571864763574,-30.0499061892061,6.1954848518859,99.250208275479,0.594950603732162,0.836604239093866,0,0,35,coarse
20,20,0.749791724520966,0.749791724520966,0.111080255484588,11.571864763574,-31.9648992198202,6.1954848518859,99.250208275479,0,1.3457440843333,0,0,40,coarse
25,0,0.472091085809497,0.472091085809497,0.124965287420161,10.0554999293424,-26.0800547637964,0.556340310313983,99.5279089141905,2.20928694271729,0,0,0,25,coarse
25,0.5,0.472091085809497,0.472091085809497,0.124965287420161,10.0554999293424,-26.0800547637964,0.556340310313983,99.5279089141905,2.20928694271729,0,0,0,25.5,coarse
25,1,0.472091085809497,0.472091085809497,0.111080255484588,10.0554999293424,-26.0970786266496,0.556340310313983,99.5279089141905,2.20487718834061,0.00672872042166648,0,0,26,coarse
25,2,0.472091085809497,0.472091085809497,0.111080255484588,10.0554999293424,-26.1999834108942,0.556340310313983,99.5279089141905,2.18944304802223,0.0198438946950655,0,0,27,coarse
25,3,0.472091085809497,0.472091085809497,0.111080255484588,10.0554999293424,-26.3356917233623,0.556340310313983,99.5279089141905,2.17621378489218,0.0471010429516654,0,0,28,coarse
25,5,0.472091085809497,0.472091085809497,0.0555401277422938,10.0554999293424,-27.0682290740105,0.556340310313983,99.5279089141905,2.0902235745469,0.136817315240552,0,0,30,coarse
25,10,0.472091085809497,0.472091085809497,0.0555401277422938,10.0554999293424,-28.6012146953004,0.556340310313983,99.5279089141905,1.83886757507607,0.462038802287765,0,0,35,coarse
25,15,0.472091085809497,0.472091085809497,0.0555401277422938,10.0554999293424,-30.4232799457293,0.556340310313983,99.5279089141905,1.51386594024918,0.836604239093866,0,0,40,coarse
25,20,0.472091085809497,0.472091085809497,0.0555401277422938,10.0554999293424,-32.0173837558818,0.556340310313983,99.5279089141905,0.953422944670209,1.3457440843333,0,0,45,coarse
25,25,0.472091085809497,0.472091085809497,0.0555401277422938,10.0554999293424,-33.4292916967772,0.556340310313983,99.5279089141905,0,2.20928694271729,0,0,50,coarse
30,0,0.36101083032491,0.36101083032491,0.0694251596778673,0.933124363559045,-26.1462016784717,-0.233807422889913,99.6389891696751,3.35361820346607,0,0,0,30,coarse
30,0.5,0.36101083032491,0.36101083032491,0.0694251596778673,0.933124363559045,-26.1462016784717,-0.233807422889913,99.6389891696751,3.35361820346607,0,0,0,30.5,coarse
30,1,0.36101083032491,0.36101083032491,0.0555401277422938,0.933124363559045,-26.1999834108942,-0.233807422889913,99.6389891696751,3.34920844908939,0.00672872042166648,0,0,31,coarse
30,2,0.36101083032491,0.36101083032491,0.0555401277422938,0.933124363559045,-26.274162447079,-0.233807422889913,99.6389891696751,3.333774308771,0.0198438946950655,0,0,32,coarse
30,3,0.36101083032491,0.36101083032491,0.0555401277422938,0.933124363559045,-26.5076107886007,-0.233807422889913,99.6389891696751,3.32054504564096,0.0471010429516654,0,0,33,coarse
30,5,0.36101083032491,0.36101083032491,0,0.933124363559045,-27.1282898078168,-0.233807422889913,99.6389891696751,3.23455483529567,0.136817315240552,0,0,35,coarse
30,10,0.36101083032491,0.36101083032491,0,0.933124363559045,-28.6145671158138,-0.233807422889913,99.6389891696751,2.98319883582484,0.462038802287765,0,0,40,coarse
30,15,0.36101083032491,0.36101083032491,0,0.933124363559045,-30.5310883079267,-0.233807422889913,99.6389891696751,2.72629839682044,0.836604239093866,0,0,45,coarse
30,20,0.36101083032491,0.36101083032491,0,0.933124363559045,-32.1104359612182,-0.233807422889913,99.6389891696751,2.16585540124146,1.3457440843333,0,0,50,coarse
30,25,0.36101083032491,0.36101083032491,0,0.933124363559045,-33.4459860867644,-0.233856688608076,99.6389891696751,1.22238420993608,2.20928694271729,0,0,55,coarse
30,30,0.36101083032491,0.36101083032491,0,0.933124363559045,-35.6512320289955,-0.233856688608076,99.6389891696751,0,3.35361820346607,0,0,60,coarse
35,0,0.138850319355735,0.138850319355735,0.0277700638711469,-1.34210240590328,-26.2224767494667,-5.39734066893848,99.8611496806443,5.31816377827755,0,0,0,35,coarse
35,0.5,0.138850319355735,0.138850319355735,0.0277700638711469,-1.34210240590328,-26.2224767494667,-5.39734066893848,99.8611496806443,5.31816377827755,0,0,0,35.5,coarse
35,1,0.111080255484588,0.111080255484588,0.0277700638711469,-1.34210240590328,-26.2325081992586,-5.85216382418138,99.8889197445154,5.31375402390087,0.00672872042166648,0,0,36,coarse
35,2,0.111080255484588,0.111080255484588,0.0277700638711469,-1.34210240590328,-26.309489585278,-6.12195064213683,99.8889197445154,5.29831988358248,0.0198438946950655,0,0,37,coarse
35,3,0.111080255484588,0.111080255484588,0.0277700638711469,-1.34210240590328,-26.5535949703924,-6.12195064213683,99.8889197445154,5.28509062045244,0.0471010429516654,0,0,38,coarse
35,5,0.0555401277422938,0.0555401277422938,0,-1.34210240590328,-27.1621283944066,-10.0287883295669,99.9444598722577,5.19910041010716,0.136817315240552,0,1,40,coarse
35,10,0.0555401277422938,0.0555401277422938,0,-1.34210240590328,-28.7033747002302,-10.226216090567,99.9444598722577,4.94774441063633,0.462038802287765,0,1,45,coarse
35,15,0.0555401277422938,0.0555401277422938,0,-1.34210240590328,-30.6107471530395,-10.226216090567,99.9444598722577,4.63760996740053,0.836604239093866,0,1,50,coarse
35,20,0.0555401277422938,0.0555401277422938,0,-1.34210240590328,-32.1104359612182,-10.2321107451925,99.9444598722577,4.07716697182155,1.3457440843333,0,1,55,coarse
35,25,0.0555401277422938,0.0555401277422938,0,-1.34210240590328,-33.5575541169032,-10.2321107451925,99.9444598722577,3.12374402715134,2.20928694271729,0,1,60,coarse
35,30,0.0555401277422938,0.0555401277422938,0,-1.34210240590328,-35.6512320289955,-10.2321107451925,99.9444598722577,1.96454557481148,3.35361820346607,0,1,65,coarse
35,35,0.0555401277422938,0.0555401277422938,0,-1.34210240590328,-37.8151213019283,-10.2321107451925,99.9444598722577,0,5.31816377827755,0,1,70,coarse
40,0,0.138850319355735,0.138850319355735,0,-4.44050634790798,-26.2325081992586,-5.39734066893848,99.8611496806443,8.33965971508954,0,0,0,40,coarse
40,0.5,0.138850319355735,0.138850319355735,0,-4.44050634790798,-26.2325081992586,-5.39734066893848,99.8611496806443,8.33965971508954,0,0,0,40.5,coarse
40,1,0.111080255484588,0.111080255484588,0,-4.44050634790798,-26.274162447079,-5.85216382418138,99.8889197445154,8.33965971508954,0.00672872042166648,0,0,41,coarse
40,2,0.111080255484588,0.111080255484588,0,-4.44050634790798,-26.3193790719759,-6.12195064213683,99.8889197445154,8.33072835261019,0.0198438946950655,0,0,42,coarse
40,3,0.111080255484588,0.111080255484588,0,-4.44050634790798,-26.5848415754027,-6.12195064213683,99.8889197445154,8.3128656276515,0.0471010429516654,0,0,43,coarse
40,5,0,0,0,-11.4801632311366,-27.2175676367084,-13.9021675486169,100,8.25704461215558,0.136817315240552,1,1,45,coarse
40,10,0,0,0,-14.1713911120993,-28.816465159185,-17.3315765703144,100,8.04492475327111,0.462038802287765,1,1,50,coarse
40,15,0,0,0,-14.1713911120993,-30.6504641149862,-17.4002455588149,100,7.8305720537668,0.836604239093866,1,1,55,coarse
40,20,0,0,0,-14.1713911120993,-32.5738447633011,-17.4002455588149,100,7.27012905818783,1.3457440843333,1,1,60,coarse
40,25,0,0,0,-14.1713911120993,-34.1941164162656,-17.474541430312,100,6.31670611351762,2.20928694271729,1,1,65,coarse
40,30,0,0,0,-14.1713911120993,-35.9932558769923,-20.4647246526113,100,5.10427365694637,3.35361820346607,1,1,70,coarse
40,35,0,0,0,-14.1713911120993,-37.8072981960542,-21.4602542263842,100,3.19296208636628,5.31816377827755,1,1,75,coarse
40,40,0,0,0,-14.1713911120993,-39.2481684970044,-21.4632187597006,100,0,8.33965971508954,1,1,80,coarse
45,0,0.138850319355735,0.138850319355735,0,-4.44050634790798,-26.309489585278,-5.39734066893848,99.8611496806443,13.25190907873,0,0,0,45,coarse
45,0.5,0.138850319355735,0.138850319355735,0,-4.44050634790798,-26.309489585278,-5.39734066893848,99.8611496806443,13.25190907873,0,0,0,45.5,coarse
45,1,0.111080255484588,0.111080255484588,0,-4.44050634790798,-26.3193790719759,-5.85216382418138,99.8889197445154,13.25190907873,0.00672872042166648,0,0,46,coarse
45,2,0.111080255484588,0.111080255484588,0,-4.44050634790798,-26.4405581863285,-6.12195064213683,99.8889197445154,13.2429777162506,0.0198438946950655,0,0,47,coarse
45,3,0.111080255484588,0.111080255484588,0,-4.44050634790798,-26.7423406955947,-6.12195064213683,99.8889197445154,13.2251149912919,0.0471010429516654,0,0,48,coarse
45,5,0,0,0,-11.4801632311366,-27.2858764697562,-13.9021675486169,100,13.169293975796,0.136817315240552,1,1,50,coarse
45,10,0,0,0,-16.8618997329308,-28.9231735320444,-17.4002455588149,100,12.9571741169115,0.462038802287765,1,1,55,coarse
45,15,0,0,0,-16.8618997329308,-30.7756847804944,-17.463277680095,100,12.7428214174072,0.836604239093866,1,1,60,coarse
45,20,0,0,0,-16.8618997329308,-32.6938633758074,-17.463277680095,100,12.1823784218283,1.3457440843333,1,1,65,coarse
45,25,0,0,0,-17.3931981925832,-34.5002285932375,-17.6329851139445,100,11.228955477158,2.20928694271729,1,1,70,coarse
45,30,0,0,0,-20.314525848558,-36.1237604122812,-21.3305546363667,100,10.0165230205868,3.35361820346607,1,1,75,coarse
45,35,0,0,0,-20.4453947200627,-37.8331438087046,-23.1369138955874,100,8.1052114500067,5.31816377827755,1,1,80,coarse
45,40,0,0,0,-20.4453947200627,-39.348095658861,-23.1369138955874,100,5.24917672886937,8.33965971508954,1,1,85,coarse
45,45,0,0,0,-20.482066936382,-42.5022091630201,-23.2872145878897,100,0,13.25190907873,1,1,90,coarse
50,0,0.138850319355735,0.138850319355735,0,-4.44050634790798,-26.309489585278,-5.39734066893848,99.8611496806443,18.5174386004262,0,0,0,50,coarse
50,0.5,0.138850319355735,0.138850319355735,0,-4.44050634790798,-26.309489585278,-5.39734066893848,99.8611496806443,18.5174386004262,0,0,0,50.5,coarse
50,1,0.111080255484588,0.111080255484588,0,-4.44050634790798,-26.3193790719759,-5.85216382418138,99.8889197445154,18.5107098800045,0.00672872042166648,0,0,51,coarse
50,2,0.111080255484588,0.111080255484588,0,-4.44050634790798,-26.4405581863286,-6.12195064213683,99.8889197445154,18.4994953459684,0.0198438946950655,0,0,52,coarse
50,3,0.111080255484588,0.111080255484588,0,-4.44050634790798,-26.7423406955947,-6.12195064213683,99.8889197445154,18.4703375574745,0.0471010429516654,0,0,53,coarse
50,5,0,0,0,-11.4801632311366,-27.2858764697562,-13.9021675486169,100,18.3806212851856,0.136817315240552,1,1,55,coarse
50,10,0,0,0,-16.8618997329308,-28.9231735320444,-17.4002455588149,100,18.0553997981384,0.462038802287765,1,1,60,coarse
50,15,0,0,0,-16.8618997329308,-30.8459798689736,-17.463277680095,100,17.7265216808824,0.836604239093866,1,1,65,coarse
50,20,0,0,0,-16.8618997329308,-32.7004410036464,-17.463277680095,100,17.1716945160929,1.3457440843333,1,1,70,coarse
50,25,0,0,0,-17.3931981925832,-34.5522690568916,-17.6329851139445,100,16.4741504990468,2.20928694271729,1,1,75,coarse
50,30,0,0,0,-20.314525848558,-36.1570923573858,-21.3305546363667,100,15.2517662891107,3.35361820346607,1,1,80,coarse
50,35,0,0,0,-20.4453947200627,-37.8924449430259,-23.1542916608004,100,13.4619266569474,5.31816377827755,1,1,85,coarse
50,40,0,0,0,-20.4453947200627,-39.7701665331129,-23.1749962924844,100,10.6224066390041,8.33965971508954,1,1,90,coarse
50,45,0,0,0,-20.482066936382,-44.1282050016593,-23.3259359796588,100,5.68128294269373,13.25190907873,1,1,95,coarse
50,50,0,0,0,-20.4820772852643,-47.6869961411435,-23.3259537063312,100,0,18.5174386004262,1,1,100,coarse
55,0,0.138850319355735,0.138850319355735,0,-4.44050634790798,-26.309489585278,-5.39734066893849,99.8611496806443,22.6982168890883,0,0,0,55,coarse
55,0.5,0.138850319355735,0.138850319355735,0,-4.44050634790798,-26.309489585278,-5.39734066893849,99.8611496806443,22.6982168890883,0,0,0,55.5,coarse
55,1,0.111080255484588,0.111080255484588,0,-4.44050634790798,-26.3193790719759,-5.85216382418138,99.8889197445154,22.6914881686666,0.00672872042166648,0,0,56,coarse
55,2,0.111080255484588,0.111080255484588,0,-4.44050634790798,-26.5076107886007,-6.12195064213683,99.8889197445154,22.6802736346305,0.0198438946950655,0,0,57,coarse
55,3,0.111080255484588,0.111080255484588,0,-4.44050634790798,-26.7646998508565,-6.12195064213683,99.8889197445154,22.6511158461366,0.0471010429516654,0,0,58,coarse
55,5,0,0,0,-11.4801632311366,-27.3257936412183,-13.9021675486169,100,22.5613995738477,0.136817315240552,1,1,60,coarse
55,10,0,0,0,-16.8618997329308,-28.9518868255398,-17.4002455588149,100,22.2361780868005,0.462038802287765,1,1,65,coarse
55,15,0,0,0,-16.8618997329308,-30.8653813835418,-17.463277680095,100,21.8616126499944,0.836604239093866,1,1,70,coarse
55,20,0,0,0,-16.8618997329308,-32.7004410036464,-17.463277680095,100,21.352472804755,1.3457440843333,1,1,75,coarse
55,25,0,0,0,-17.3931981925832,-34.5522690568916,-17.6329851139445,100,20.6549287877089,2.20928694271729,1,1,80,coarse
55,30,0,0,0,-20.314525848558,-36.1570923573858,-21.3305546363667,100,19.4325445777728,3.35361820346607,1,1,85,coarse
55,35,0,0,0,-20.4453947200627,-37.8924449430259,-23.1542916608004,100,17.6427049456095,5.31816377827755,1,1,90,coarse
55,40,0,0,0,-20.4453947200627,-40.021893875154,-23.1749962924844,100,14.8031849276663,8.33965971508954,1,1,95,coarse
55,45,0,0,0,-20.482066936382,-44.8109941600731,-23.3259359796588,100,9.86206123135584,13.25190907873,1,1,100,coarse
55,50,0,0,0,-20.4820772852643,-48.5155261043348,-23.3259537063312,100,4.18077828866211,18.5174386004262,1,1,105,coarse
55,55,0,0,0,-20.4820772852643,-48.5195304551815,-23.3259537063312,100,0,22.6982168890883,1,1,110,coarse
60,0,0.138850319355735,0.138850319355735,0,-4.44050634790798,-26.309489585278,-5.39734066893849,99.8611496806443,26.1688920644844,0,0,0,60,coarse
60,0.5,0.138850319355735,0.138850319355735,0,-4.44050634790798,-26.309489585278,-5.39734066893849,99.8611496806443,26.1688920644844,0,0,0,60.5,coarse
60,1,0.111080255484588,0.111080255484588,0,-4.44050634790798,-26.3193790719759,-5.85216382418138,99.8889197445154,26.1688920644844,0.00672872042166648,0,0,61,coarse
60,2,0.111080255484588,0.111080255484588,0,-4.44050634790798,-26.5076107886007,-6.12195064213683,99.8889197445154,26.1599607020051,0.0198438946950655,0,0,62,coarse
60,3,0.111080255484588,0.111080255484588,0,-4.44050634790798,-26.7646998508565,-6.12195064213683,99.8889197445154,26.1420979770464,0.0471010429516654,0,0,63,coarse
60,5,0,0,0,-11.4801632311366,-27.3257936412183,-13.9021675486169,100,26.0862769615505,0.136817315240552,1,1,65,coarse
60,10,0,0,0,-16.861899732931,-28.9518868255398,-17.4002455588149,100,25.874157102666,0.462038802287765,1,1,70,coarse
60,15,0,0,0,-16.861899732931,-30.8653813835418,-17.463277680095,100,25.6598044031617,0.836604239093866,1,1,75,coarse
60,20,0,0,0,-16.861899732931,-32.7004410036464,-17.463277680095,100,25.0993614075827,1.3457440843333,1,1,80,coarse
60,25,0,0,0,-17.3931981925832,-34.5522690568916,-17.6329851139445,100,24.1459384629125,2.20928694271729,1,1,85,coarse
60,30,0,0,0,-20.314525848558,-36.1570923573858,-21.3305546363667,100,22.9335060063413,3.35361820346607,1,1,90,coarse
60,35,0,0,0,-20.4453947200627,-37.8924449430259,-23.1542916608004,100,21.09005270831,5.31816377827755,1,1,95,coarse
60,40,0,0,0,-20.4453947200627,-40.1387073259256,-23.1749962924844,100,18.2505326903667,8.33965971508954,1,1,100,coarse
60,45,0,0,0,-20.482066936382,-44.9679566077499,-23.3259359796588,100,13.3094089940563,13.25190907873,1,1,105,coarse
60,50,0,0,0,-20.4820772852643,-48.6243818757013,-23.3259537063312,100,7.93328272227928,18.5174386004262,1,1,110,coarse
60,55,0,0,0,-20.4820772852643,-48.6290749053541,-23.3259537063312,100,3.93873085339168,22.6982168890883,1,1,115,coarse
60,60,0,0,0,-20.4820784094735,-48.6290749053541,-23.3259537063312,100,0,26.1688920644844,1,1,120,coarse
65,0,0.138850319355735,0.138850319355735,0,-4.44050634790798,-26.309489585278,-5.39734066893848,99.8611496806443,29.9624882775867,0,0,0,65,coarse
65,0.5,0.138850319355735,0.138850319355735,0,-4.44050634790798,-26.309489585278,-5.39734066893848,99.8611496806443,29.9624882775867,0,0,0,65.5,coarse
65,1,0.111080255484588,0.111080255484588,0,-4.44050634790798,-26.3193790719759,-5.85216382418138,99.8889197445154,29.9624882775867,0.00672872042166648,0,0,66,coarse
65,2,0.111080255484588,0.111080255484588,0,-4.44050634790798,-26.5076107886007,-6.12195064213683,99.8889197445154,29.9535569151074,0.0198438946950655,0,0,67,coarse
65,3,0.111080255484588,0.111080255484588,0,-4.44050634790798,-26.7646998508565,-6.12195064213683,99.8889197445154,29.9356941901487,0.0471010429516654,0,0,68,coarse
65,5,0,0,0,-11.4801632311366,-27.3257936412183,-13.9021675486169,100,29.8798731746528,0.136817315240552,1,1,70,coarse
65,10,0,0,0,-16.861899732931,-28.9518868255398,-17.4002455588151,100,29.6677533157683,0.462038802287765,1,1,75,coarse
65,15,0,0,0,-16.861899732931,-30.8653813835418,-17.463277680095,100,29.453400616264,0.836604239093866,1,1,80,coarse
65,20,0,0,0,-16.861899732931,-32.7004410036464,-17.463277680095,100,28.892957620685,1.3457440843333,1,1,85,coarse
65,25,0,0,0,-17.3931981925834,-34.5522690568916,-17.6329851139445,100,27.9395346760148,2.20928694271729,1,1,90,coarse
65,30,0,0,0,-20.314525848558,-36.1570923573858,-21.3305546363667,100,26.7271022194436,3.35361820346607,1,1,95,coarse
65,35,0,0,0,-20.4453947200627,-37.8924449430259,-23.1542916608004,100,24.8157906488635,5.31816377827755,1,1,100,coarse
65,40,0,0,0,-20.4453947200627,-40.1387073259256,-23.1749962924844,100,21.7427385892116,8.33965971508954,1,1,105,coarse
65,45,0,0,0,-20.482066936382,-45.1819223186895,-23.3259359796588,100,16.8016148929012,13.25190907873,1,1,110,coarse
65,50,0,0,0,-20.4820772852643,-48.8257681514736,-23.3259537063312,100,11.7268789353816,18.5174386004262,1,1,115,coarse
65,55,0,0,0,-20.4820772852643,-48.8257681514736,-23.3259537063312,100,7.73232706649399,22.6982168890883,1,1,120,coarse
65,60,0,0,0,-20.4820784094735,-48.8388395312067,-23.3259537063312,100,3.79359621310231,26.1688920644844,1,1,125,coarse
65,65,0,0,0,-20.4821461322743,-48.8388395312067,-23.3259537063312,100,0,29.9624882775867,1,1,130,coarse
70,0,0.138850319355735,0.138850319355735,0,-4.44050634790798,-26.309489585278,-5.39734066893848,99.8611496806443,34.1111061492431,0,0,0,70,coarse
70,0.5,0.138850319355735,0.138850319355735,0,-4.44050634790798,-26.309489585278,-5.39734066893848,99.8611496806443,34.1111061492431,0,0,0,70.5,coarse
70,1,0.111080255484588,0.111080255484588,0,-4.44050634790798,-26.3193790719759,-5.85216382418138,99.8889197445154,34.1111061492431,0.00672872042166648,0,0,71,coarse
70,2,0.111080255484588,0.111080255484588,0,-4.44050634790798,-26.5076107886007,-6.12195064213683,99.8889197445154,34.1021747867637,0.0198438946950655,0,0,72,coarse
70,3,0.111080255484588,0.111080255484588,0,-4.44050634790798,-26.7646998508565,-6.12195064213683,99.8889197445154,34.084312061805,0.0471010429516654,0,0,73,coarse
70,5,0,0,0,-11.4801632311366,-27.3257936412183,-13.9021675486169,100,34.0284910463091,0.136817315240552,1,1,75,coarse
70,10,0,0,0,-16.861899732931,-29.0564921485566,-17.4002455588151,100,33.8163711874246,0.462038802287765,1,1,80,coarse
70,15,0,0,0,-16.861899732931,-31.0241326540225,-17.463277680095,100,33.6020184879203,0.836604239093866,1,1,85,coarse
70,20,0,0,0,-16.861899732931,-32.7004410036464,-17.463277680095,100,33.0415754923414,1.3457440843333,1,1,90,coarse
70,25,0,0,0,-17.3931981925834,-34.5522690568916,-17.6329851139445,100,32.0881525476712,2.20928694271729,1,1,95,coarse
70,30,0,0,0,-20.314525848558,-36.1570923573858,-21.3305546363667,100,30.8757200910999,3.35361820346607,1,1,100,coarse
70,35,0,0,0,-20.4453947200627,-37.920254458031,-23.1542916608004,100,28.9644085205198,5.31816377827755,1,1,105,coarse
70,40,0,0,0,-20.4453947200627,-40.4480915673756,-23.1749962924844,100,25.7714464341535,8.33965971508954,1,1,110,coarse
70,45,0,0,0,-20.482066936382,-45.5222429895739,-23.3259359796588,100,20.8591970705131,13.25190907873,1,1,115,coarse
70,50,0,0,0,-20.4820772852643,-49.8515232975746,-23.3259537063312,100,15.8754968070379,18.5174386004262,1,1,120,coarse
70,55,0,0,0,-20.4820772852643,-49.851802827024,-23.3259537063312,100,11.8809449381503,22.6982168890883,1,1,125,coarse
70,60,0,0,0,-20.4820784094735,-49.851802827024,-23.3259537063312,100,7.94221408475863,26.1688920644844,1,1,130,coarse
70,65,0,0,0,-20.4821461322743,-49.851802827024,-23.3259537063312,100,4.26864223662742,29.9624882775867,1,1,135,coarse
70,70,0,0,0,-20.4821461322743,-49.8805785094663,-23.3260115153505,100,0,34.1111061492431,1,1,140,coarse
75,0,0.138850319355735,0.138850319355735,0,-4.44050634790798,-26.309489585278,-5.39734066893848,99.8611496806443,37.991783146519,0,0,0,75,coarse
75,0.5,0.138850319355735,0.138850319355735,0,-4.44050634790798,-26.309489585278,-5.39734066893848,99.8611496806443,37.991783146519,0,0,0,75.5,coarse
75,1,0.111080255484588,0.111080255484588,0,-4.44050634790798,-26.3193790719759,-5.85216382418138,99.8889197445154,37.991783146519,0.00672872042166648,0,0,76,coarse
75,2,0.111080255484588,0.111080255484588,0,-4.44050634790798,-26.5076107886007,-6.12195064213683,99.8889197445154,37.9828517840397,0.0198438946950655,0,0,77,coarse
75,3,0.111080255484588,0.111080255484588,0,-4.44050634790798,-26.7646998508565,-6.12195064213683,99.8889197445154,37.964989059081,0.0471010429516654,0,0,78,coarse
75,5,0,0,0,-11.4801632311366,-27.3635320375993,-13.9021675486169,100,37.909168043585,0.136817315240552,1,1,80,coarse
75,10,0,0,0,-16.8631101052951,-29.0794789029917,-17.4005246081611,100,37.6970481847006,0.462038802287765,1,1,85,coarse
75,15,0,0,0,-16.8631101052951,-31.1330334451936,-17.463277680095,100,37.4826954851963,0.836604239093866,1,1,90,coarse
75,20,0,0,0,-16.8631101052951,-32.9952616748437,-17.463277680095,100,36.9222524896173,1.3457440843333,1,1,95,coarse
75,25,0,0,0,-17.3935085923009,-34.9153636645344,-17.6329851139445,100,35.9688295449471,2.20928694271729,1,1,100,coarse
75,30,0,0,0,-20.314525848558,-36.5306546448812,-21.3305546363667,100,34.7563970883758,3.35361820346607,1,1,105,coarse
75,35,0,0,0,-21.0649463826309,-38.5348344760513,-23.4088179405825,100,32.8450855177957,5.31816377827755,1,1,110,coarse
75,40,0,0,0,-21.0649463826309,-40.7895367610654,-23.4088179405825,100,29.7541163556531,8.33965971508954,1,1,115,coarse
75,45,0,0,0,-21.0722651623855,-46.0164155289564,-23.4131848558591,100,24.739874067789,13.25190907873,1,1,120,coarse
75,50,0,0,0,-21.0722651623855,-50.4705662265063,-23.4131848558591,100,19.7561738043138,18.5174386004262,1,1,125,coarse
75,55,0,0,0,-21.0722668532636,-50.4705662265063,-23.4132577150972,100,15.7716794731065,22.6982168890883,1,1,130,coarse
75,60,0,0,0,-21.0722668532636,-50.4774026346455,-23.4132577150972,100,12.01317233809,26.1688920644844,1,1,135,coarse
75,65,0,0,0,-21.0722668532636,-50.4774026346455,-23.4132577150972,100,8.48877717511135,29.9624882775867,1,1,140,coarse
75,70,0,0,0,-21.0722761329569,-50.5553566299729,-23.4132577150972,100,4.33809001097695,34.1111061492431,1,1,145,coarse
75,75,0,0,0,-21.0722834529261,-50.5767031674686,-23.4133280443614,100,0,37.991783146519,1,1,150,coarse
80,0,0.138850319355735,0.138850319355735,0,-4.44050634790798,-26.309489585278,-5.39734066893848,99.8611496806443,41.9707051310677,0,0,0,80,coarse
80,0.5,0.138850319355735,0.138850319355735,0,-4.44050634790798,-26.309489585278,-5.39734066893848,99.8611496806443,41.9707051310677,0,0,0,80.5,coarse
80,1,0.111080255484588,0.111080255484588,0,-4.44050634790798,-26.3193790719759,-5.85216382418138,99.8889197445154,41.9707051310677,0.00672872042166648,0,0,81,coarse
80,2,0.111080255484588,0.111080255484588,0,-4.44050634790798,-26.5076107886007,-6.12195064213683,99.8889197445154,41.9617737685884,0.0198438946950655,0,0,82,coarse
80,3,0.111080255484588,0.111080255484588,0,-4.44050634790798,-26.7646998508565,-6.12195064213683,99.8889197445154,41.9439110436297,0.0471010429516654,0,0,83,coarse
80,5,0,0,0,-11.4801632311366,-27.3635320375993,-13.9021675486169,100,41.8880900281338,0.136817315240552,1,1,85,coarse
80,10,0,0,0,-16.8631101052948,-29.0794789029917,-17.4005373323527,100,41.6759701692493,0.462038802287765,1,1,90,coarse
80,15,0,0,0,-16.8631101052948,-31.1330334451936,-17.4633909379977,100,41.461617469745,0.836604239093866,1,1,95,coarse
80,20,0,0,0,-16.8631101052948,-32.9986253292434,-17.4633909379977,100,40.901174474166,1.3457440843333,1,1,100,coarse
80,25,0,0,0,-17.3935085923009,-34.9332680687242,-17.6329851139445,100,39.9477515294958,2.20928694271729,1,1,105,coarse
80,30,0,0,0,-20.314525848558,-36.5613317573121,-21.3305546363667,100,38.7353190729246,3.35361820346607,1,1,110,coarse
80,35,0,0,0,-21.0649463826309,-38.5456356422932,-23.4088179405825,100,36.9110867178924,5.31816377827755,1,1,115,coarse
80,40,0,0,0,-21.0649463826309,-40.8526873626072,-23.4088179405825,100,34.0834248079034,8.33965971508954,1,1,120,coarse
80,45,0,0,0,-21.0722651623855,-46.7645726263809,-23.4131848558591,100,28.834248079034,13.25190907873,1,1,125,coarse
80,50,0,0,0,-21.0722651623855,-52.2984866586034,-23.4131848558591,100,23.9780461031833,18.5174386004262,1,1,130,coarse
80,55,0,0,0,-21.0722668532636,-52.2984866586034,-23.4132577150972,100,20.1009879253568,22.6982168890883,1,1,135,coarse
80,60,0,0,0,-21.0722668532636,-52.3462359832204,-23.4132577150972,100,16.3424807903403,26.1688920644844,1,1,140,coarse
80,65,0,0,0,-21.0722668532636,-52.3631780958367,-23.4132577150972,100,12.6234906695939,29.9624882775867,1,1,145,coarse
80,70,0,0,0,-21.0722761329569,-52.970112028772,-23.4132577150972,100,8.66739846322722,34.1111061492431,1,1,150,coarse
80,75,0,0,0,-21.0722834529261,-52.9960810202818,-23.4133280443614,100,4.32930845225027,37.991783146519,1,1,155,coarse
80,80,0,0,0,-21.0722899954598,-53.4960755907007,-23.4133467221582,100,0,41.9707051310677,1,1,160,coarse
85,0,0.138850319355735,0.138850319355735,0,-4.44050634790798,-26.309489585278,-5.39734066893848,99.8611496806443,46.3872638771045,0,0,0,85,coarse
85,0.5,0.138850319355735,0.138850319355735,0,-4.44050634790798,-26.309489585278,-5.39734066893848,99.8611496806443,46.3872638771045,0,0,0,85.5,coarse
85,1,0.111080255484588,0.111080255484588,0,-4.44050634790798,-26.3193790719759,-5.85216382418138,99.8889197445154,46.3872638771045,0.00672872042166648,0,0,86,coarse
85,2,0.111080255484588,0.111080255484588,0,-4.44050634790798,-26.5076107886007,-6.12195064213683,99.8889197445154,46.3783325146251,0.0198438946950655,0,0,87,coarse
85,3,0.111080255484588,0.111080255484588,0,-4.44050634790798,-26.7646998508565,-6.12195064213683,99.8889197445154,46.3604697896664,0.0471010429516654,0,0,88,coarse
85,5,0,0,0,-11.4801632311366,-27.3635320375993,-13.9021675486169,100,46.3046487741705,0.136817315240552,1,1,90,coarse
85,10,0,0,0,-16.8631101052947,-29.0794789029917,-17.4005373323528,100,46.092528915286,0.462038802287765,1,1,95,coarse
85,15,0,0,0,-16.8631101052947,-31.1330334451936,-17.4633909379977,100,45.8781762157817,0.836604239093866,1,1,100,coarse
85,20,0,0,0,-16.8631101052947,-33.2454993211606,-17.4633909379977,100,45.3177332202027,1.3457440843333,1,1,105,coarse
85,25,0,0,0,-17.3935085923011,-35.2546926842468,-17.6329851139445,100,44.3643102755325,2.20928694271729,1,1,110,coarse
85,30,0,0,0,-20.314525848558,-36.578805678798,-21.3305546363667,100,43.1518778189613,3.35361820346607,1,1,115,coarse
85,35,0,0,0,-21.0649463826309,-39.1799200537551,-23.4088179405825,100,41.2405662483812,5.31816377827755,1,1,120,coarse
85,40,0,0,0,-21.0649463826309,-40.9724255366409,-23.4088179405825,100,38.3995609220637,8.33965971508954,1,1,125,coarse
85,45,0,0,0,-21.0722651623855,-47.4139951651198,-23.4131848558591,100,33.1503841931943,13.25190907873,1,1,130,coarse
85,50,0,0,0,-21.0722651623855,-53.0784019223609,-23.4131848558591,100,28.2941822173436,18.5174386004262,1,1,135,coarse
85,55,0,0,0,-21.0722668532636,-53.0900275899746,-23.4132577150972,100,24.417124039517,22.6982168890883,1,1,140,coarse
85,60,0,0,0,-21.0722668532636,-53.1336460371626,-23.4132577150972,100,20.6586169045005,26.1688920644844,1,1,145,coarse
85,65,0,0,0,-21.0722668532636,-53.1336460371626,-23.4132577150972,100,16.9396267837541,29.9624882775867,1,1,150,coarse
85,70,0,0,0,-21.0722761329569,-53.5358450447469,-23.4132577150972,100,12.9835345773875,34.1111061492431,1,1,155,coarse
85,75,0,0,0,-21.0722834529261,-53.7746351656249,-23.4133280443614,100,8.64544456641054,37.991783146519,1,1,160,coarse
85,80,0,0,0,-21.0722899954598,-54.6990859424653,-23.4133467221582,100,4.73607620055563,41.9707051310677,1,1,165,coarse
85,85,0,0,0,-21.0722899954598,-55.7374098365481,-23.4133467221582,100,0,46.3872638771045,1,1,170,coarse
90,0,0.138850319355735,0.138850319355735,0,-4.44050634790798,-26.309489585278,-5.39734066893848,99.8611496806443,51.4267851560756,0,0,0,90,coarse
90,0.5,0.138850319355735,0.138850319355735,0,-4.44050634790798,-26.309489585278,-5.39734066893848,99.8611496806443,51.4267851560756,0,0,0,90.5,coarse
90,1,0.111080255484588,0.111080255484588,0,-4.44050634790798,-26.3193790719759,-5.85216382418138,99.8889197445154,51.4267851560756,0.00672872042166648,0,0,91,coarse
90,2,0.111080255484588,0.111080255484588,0,-4.44050634790798,-26.5076107886007,-6.12195064213683,99.8889197445154,51.4178537935962,0.0198438946950655,0,0,92,coarse
90,3,0.111080255484588,0.111080255484588,0,-4.44050634790798,-26.7646998508565,-6.12195064213683,99.8889197445154,51.3999910686375,0.0471010429516654,0,0,93,coarse
90,5,0,0,0,-11.4801632311366,-27.3635320375993,-13.9021675486169,100,51.3441700531416,0.136817315240552,1,1,95,coarse
90,10,0,0,0,-16.8631101052947,-29.0794789029917,-17.4005373323528,100,51.1320501942571,0.462038802287765,1,1,100,coarse
90,15,0,0,0,-16.8631101052947,-31.1330334451936,-17.4633909379977,100,50.9176974947528,0.836604239093866,1,1,105,coarse
90,20,0,0,0,-16.8631101052947,-33.2454993211606,-17.4633909379977,100,50.3572544991738,1.3457440843333,1,1,110,coarse
90,25,0,0,0,-17.3935085923011,-35.2546926842468,-17.6329851139445,100,49.4038315545036,2.20928694271729,1,1,115,coarse
90,30,0,0,0,-20.314525848558,-36.578805678798,-21.3305546363667,100,48.1913990979324,3.35361820346607,1,1,120,coarse
90,35,0,0,0,-21.0649463826309,-39.2195756120014,-23.4088179405825,100,46.2800875273523,5.31816377827755,1,1,125,coarse
90,40,0,0,0,-21.0649463826309,-41.2196728529595,-23.4088179405825,100,43.2711306256861,8.33965971508954,1,1,130,coarse
90,45,0,0,0,-21.0722651623855,-47.748532924612,-23.4131848558591,100,38.1748760773456,13.25190907873,1,1,135,coarse
90,50,0,0,0,-21.0722651623855,-53.6077123989114,-23.4131848558591,100,33.1911758138704,18.5174386004262,1,1,140,coarse
90,55,0,0,0,-21.0722668532636,-53.6782948101546,-23.4132577150972,100,29.2886937431394,22.6982168890883,1,1,145,coarse
90,60,0,0,0,-21.0722668532636,-53.6861685544944,-23.4132577150972,100,25.5964192794461,26.1688920644844,1,1,150,coarse
90,65,0,0,0,-21.0722668532636,-53.6861685544944,-23.4132577150972,100,22.1832693918949,29.9624882775867,1,1,155,coarse
90,70,0,0,0,-21.0722761329569,-54.4982418792757,-23.4132577150972,100,17.9146271552674,34.1111061492431,1,1,160,coarse
90,75,0,0,0,-21.0722834529261,-54.5949196166014,-23.4133280443614,100,13.8477066277896,37.991783146519,1,1,165,coarse
90,80,0,0,0,-21.0722899954598,-55.1353534191841,-23.4133467221582,100,10.0189619438197,41.9707051310677,1,1,170,coarse
90,85,0,0,0,-21.0722899954598,-56.2304998189062,-23.4133467221582,100,5.2828857432641,46.3872638771045,1,1,175,coarse
90,90,0,0,0,-21.0722907120196,-57.2006069594963,-23.4133549771122,100,0,51.4267851560756,1,1,180,coarse
95,0,0.138850319355735,0.138850319355735,0,-4.44050634790798,-26.4295995224384,-5.39734066893848,99.8611496806443,56.939668646452,0,0,0,95,coarse
95,0.5,0.138850319355735,0.138850319355735,0,-4.44050634790798,-26.4295995224384,-5.39734066893848,99.8611496806443,56.939668646452,0,0,0,95.5,coarse
95,1,0.111080255484588,0.111080255484588,0,-4.44050634790798,-26.5076107886007,-5.85216382418138,99.8889197445154,56.939668646452,0.00672872042166648,0,0,96,coarse
95,2,0.111080255484588,0.111080255484588,0,-4.44050634790798,-26.5848415754027,-6.12195064213683,99.8889197445154,56.9307372839727,0.0198438946950655,0,0,97,coarse
95,3,0.111080255484588,0.111080255484588,0,-4.44050634790798,-26.8279974760472,-6.12195064213683,99.8889197445154,56.912874559014,0.0471010429516654,0,0,98,coarse
95,5,0,0,0,-11.4801632311366,-27.4894766919252,-13.9021675486169,100,56.8570535435181,0.136817315240552,1,1,100,coarse
95,10,0,0,0,-16.8631101052947,-29.2117393551307,-17.4005373323528,100,56.6449336846336,0.462038802287765,1,1,105,coarse
95,15,0,0,0,-16.8631101052947,-31.3878169986411,-17.4633909379977,100,56.4305809851293,0.836604239093866,1,1,110,coarse
95,20,0,0,0,-16.8631101052947,-33.380240775658,-17.4633909379977,100,55.8701379895503,1.3457440843333,1,1,115,coarse
95,25,0,0,0,-17.3935085923011,-35.3965441214382,-17.6329851139445,100,54.9167150448801,2.20928694271729,1,1,120,coarse
95,30,0,0,0,-20.314525848558,-36.9217649163725,-21.3305546363667,100,53.7042825883088,3.35361820346607,1,1,125,coarse
95,35,0,0,0,-21.274939897236,-39.4165530904041,-24.457395996242,100,51.7929710177288,5.31816377827755,1,1,130,coarse
95,40,0,0,0,-21.2845916024368,-41.7439597108622,-24.4592733083092,100,48.8662106089492,8.33965971508954,1,1,135,coarse
95,45,0,0,0,-21.2851940527001,-48.769213007815,-24.4597292610397,100,43.9250869126388,13.25190907873,1,1,140,coarse
95,50,0,0,0,-21.2851940527001,-53.8162823097835,-24.4597292610397,100,38.7771751113463,18.5174386004262,1,1,145,coarse
95,55,0,0,0,-21.2851982187457,-54.0382332913638,-24.4597528511213,100,35.1589716452794,22.6982168890883,1,1,150,coarse
95,60,0,0,0,-21.2851982187457,-54.3604095547113,-24.4597528511213,100,31.6201437579927,26.1688920644844,1,1,155,coarse
95,65,0,0,0,-21.2851982187457,-54.7694540829473,-24.4597528511213,100,28.2069938704414,29.9624882775867,1,1,160,coarse
95,70,0,0,0,-21.2851982187457,-54.9628354229734,-24.4597528511213,100,23.938351633814,34.1111061492431,1,1,165,coarse
95,75,0,0,0,-21.2851982187457,-55.327481820902,-24.4597528511213,100,19.9013121004822,37.991783146519,1,1,170,coarse
95,80,0,0,0,-21.2851982187457,-55.6770603349501,-24.4597559971019,100,16.0426864223663,41.9707051310677,1,1,175,coarse
95,85,0,0,0,-21.2852286535093,-56.7096677543921,-24.4597637214136,100,11.3066102218106,46.3872638771045,1,1,180,coarse
95,90,0,0,0,-21.2852286535093,-58.25737684905,-24.4597637214136,100,6.05360547269261,51.4267851560756,1,1,185,coarse
95,95,0,0,0,-21.2852620484068,-59.008239855974,-24.4597830217311,100,0,56.939668646452,1,1,190,coarse
100,0,0.138850319355735,0.138850319355735,0,-4.44050634790798,-26.7726706048366,-5.39734066893849,99.8611496806443,64.9523382303465,0,0,0,100,coarse
100,0.5,0.138850319355735,0.138850319355735,0,-4.44050634790798,-26.7726706048366,-5.39734066893849,99.8611496806443,64.9523382303465,0,0,0,100.5,coarse
100,1,0.111080255484588,0.111080255484588,0,-4.44050634790798,-26.7961241529697,-5.85216382418138,99.8889197445154,64.9456095099249,0.00672872042166648,0,0,101,coarse
100,2,0.111080255484588,0.111080255484588,0,-4.44050634790798,-26.8668660923606,-6.12195064213683,99.8889197445154,64.9343949758888,0.0198438946950655,0,0,102,coarse
100,3,0.111080255484588,0.111080255484588,0,-4.44050634790798,-27.0220001877508,-6.12195064213683,99.8889197445154,64.9052371873949,0.0471010429516654,0,0,103,coarse
100,5,0,0,0,-11.4801632311366,-28.02556836375,-13.9021675486169,100,64.815520915106,0.136817315240552,1,1,105,coarse
100,10,0,0,0,-16.8631101052947,-29.5877037880638,-17.4005373323528,100,64.4902994280588,0.462038802287765,1,1,110,coarse
100,15,0,0,0,-16.8631101052947,-31.8188354338496,-17.4633909379977,100,64.1157339912527,0.836604239093866,1,1,115,coarse
100,20,0,0,0,-16.8631101052947,-33.380240775658,-17.4633909379977,100,63.6065941460132,1.3457440843333,1,1,120,coarse
100,25,0,0,0,-17.3935085923011,-35.4910752348044,-17.6329851139445,100,62.9090501289671,2.20928694271729,1,1,125,coarse
100,30,0,0,0,-20.314525848558,-37.082357176983,-25.0184130636909,100,61.6866659190311,3.35361820346607,1,1,130,coarse
100,35,0,0,0,-24.4717685033372,-39.6756261198474,-25.0645999738067,100,59.8968262868678,5.31816377827755,1,1,135,coarse
100,40,0,0,0,-24.8095726532069,-42.7371496448184,-30.4740877167949,100,57.0573062689245,8.33965971508954,1,1,140,coarse
100,45,0,0,0,-26.8705625519906,-49.6659894911966,-31.4234548511035,100,52.1161825726141,13.25190907873,1,1,145,coarse
100,50,0,0,0,-26.8706225678015,-54.0668255650698,-33.2628914317897,100,46.6871569703622,18.5174386004262,1,1,150,coarse
100,55,0,0,0,-26.8706225678015,-54.2137195350704,-33.2628914317897,100,42.8100987925357,22.6982168890883,1,1,155,coarse
100,60,0,0,0,-26.8706225678015,-54.5463810455518,-33.2628914317897,100,39.0515916575192,26.1688920644844,1,1,160,coarse
100,65,0,0,0,-26.8706225678015,-54.9343532820572,-33.2628914317897,100,35.3326015367728,29.9624882775867,1,1,165,coarse
100,70,0,0,0,-26.8706225678015,-55.2220642010638,-33.2632682832486,100,31.4320959964113,34.1111061492431,1,1,170,coarse
100,75,0,0,0,-26.8706225678015,-55.4769156262504,-33.2632682832486,100,28.0924077604576,37.991783146519,1,1,175,coarse
100,80,0,0,0,-26.8706773594282,-55.9060638161806,-33.2632682832486,100,23.9026578445666,41.9707051310677,1,1,180,coarse
100,85,0,0,0,-26.8706773594282,-56.8429322136453,-33.2632682832486,100,19.4931030615678,46.3872638771045,1,1,185,coarse
100,90,0,0,0,-26.8706773594282,-58.1441832093341,-33.264976747125,100,14.2447011326679,51.4267851560756,1,1,190,coarse
100,95,0,0,0,-26.8707253051999,-59.0002052506492,-33.2656599644477,100,8.19109565997533,56.939668646452,1,1,195,coarse
100,100,0,0,0,-26.8711424569805,-61.0841924853532,-33.26612939146,100,0,64.9523382303465,1,1,200,coarse
105,0,0.138850319355735,0.138850319355735,0,-4.44050634790798,-26.7726706048366,-5.39734066893849,99.8611496806443,77.0528204553101,0,0,0,105,coarse
105,0.5,0.138850319355735,0.138850319355735,0,-4.44050634790798,-26.7726706048366,-5.39734066893849,99.8611496806443,77.0528204553101,0,0,0,105.5,coarse
105,1,0.111080255484588,0.111080255484588,0,-4.44050634790798,-26.7961241529697,-5.85216382418138,99.8889197445154,77.0460917348884,0.00672872042166648,0,0,106,coarse
105,2,0.111080255484588,0.111080255484588,0,-4.44050634790798,-26.8668660923606,-6.12195064213683,99.8889197445154,77.0348772008523,0.0198438946950655,0,0,107,coarse
105,3,0.111080255484588,0.111080255484588,0,-4.44050634790798,-27.0220001877508,-6.12195064213683,99.8889197445154,77.0057194123584,0.0471010429516654,0,0,108,coarse
105,5,0,0,0,-11.4801632311366,-28.02556836375,-13.9021675486169,100,76.9160031400695,0.136817315240552,1,1,110,coarse
105,10,0,0,0,-16.8631101052947,-29.5877037880638,-17.4005373323528,100,76.5907816530223,0.462038802287765,1,1,115,coarse
105,15,0,0,0,-16.8631101052947,-31.8188354338496,-17.4633909379977,100,76.2162162162162,0.836604239093866,1,1,120,coarse
105,20,0,0,0,-16.8631101052947,-33.4795020931426,-17.4633909379977,100,75.7070763709768,1.3457440843333,1,1,125,coarse
105,25,0,0,0,-17.3935085923011,-35.5413383571676,-17.6329851139445,100,75.0095323539307,2.20928694271729,1,1,130,coarse
105,30,0,0,0,-20.314525848558,-37.082357176983,-25.0184130636909,100,73.7871481439946,3.35361820346607,1,1,135,coarse
105,35,0,0,0,-24.4717685033373,-39.8318796574283,-25.0645999738067,100,71.9973085118313,5.31816377827755,1,1,140,coarse
105,40,0,0,0,-24.8095726532069,-42.9407385109733,-31.1357356312055,100,69.1577884938881,8.33965971508954,1,1,145,coarse
105,45,0,0,0,-31.3460812785573,-49.9106312826537,-34.8794888741706,100,64.2166647975777,13.25190907873,1,1,150,coarse
105,50,0,0,0,-42.9093511729055,-54.0068045197046,-44.9429974663961,100,58.8614014199409,18.5174386004262,1,1,155,coarse
105,55,0,0,0,-42.9094548685358,-54.1745472211895,-44.9431631453688,100,55.243197953874,22.6982168890883,1,1,160,coarse
105,60,0,0,0,-42.9136845046329,-54.5264048843458,-44.9496048218375,100,51.7043700665873,26.1688920644844,1,1,165,coarse
105,65,0,0,0,-42.9136845046329,-54.8925359081342,-44.9503328095992,100,48.291220179036,29.9624882775867,1,1,170,coarse
105,70,0,0,0,-42.9171619942634,-55.1613518424647,-44.9538048730368,100,44.0225779424086,34.1111061492431,1,1,175,coarse
105,75,0,0,0,-42.9171619942634,-55.4769156262504,-44.9538048730368,100,40.1928899854211,37.991783146519,1,1,180,coarse
105,80,0,0,0,-42.9171619942634,-55.9060638161805,-44.9538048730368,100,36.1269127309609,41.9707051310677,1,1,185,coarse
105,85,0,0,0,-47.1495373720941,-56.8429322136453,-47.488278809205,100,31.5935852865313,46.3872638771045,1,1,190,coarse
105,90,0,0,0,-47.3131239463438,-58.3349408226627,-47.8411332959453,100,26.3451833576315,51.4267851560756,1,1,195,coarse
105,95,0,0,0,-47.3144812838536,-59.0968619212833,-47.8469679201943,100,20.2915778849389,56.939668646452,1,1,200,coarse
105,100,0,0,0,-47.3349636239051,-61.0660820767537,-47.8611359529481,100,12.9602681130661,64.9523382303465,1,1,205,coarse
105,105,0,0,0,-52.9007299088776,-65.6286060461286,-55.4515265771135,100,0,77.0528204553101,1,1,210,coarse
110,0,0.138850319355735,0.138850319355735,0,-4.44050634790798,-26.7726706048366,-5.39734066893849,99.8611496806443,79.9506560502411,0,0,0,110,coarse
110,0.5,0.138850319355735,0.138850319355735,0,-4.44050634790798,-26.7726706048366,-5.39734066893849,99.8611496806443,79.9506560502411,0,0,0,110.5,coarse
110,1,0.111080255484588,0.111080255484588,0,-4.44050634790798,-26.7961241529697,-5.85216382418138,99.8889197445154,79.9439273298194,0.00672872042166648,0,0,111,coarse
110,2,0.111080255484588,0.111080255484588,0,-4.44050634790798,-26.8668660923606,-6.12195064213683,99.8889197445154,79.9327127957833,0.0198438946950655,0,0,112,coarse
110,3,0.111080255484588,0.111080255484588,0,-4.44050634790798,-27.0220001877507,-6.12195064213683,99.8889197445154,79.9035550072894,0.0471010429516654,0,0,113,coarse
110,5,0,0,0,-11.4801632311366,-28.02556836375,-13.9021675486169,100,79.8138387350006,0.136817315240552,1,1,115,coarse
110,10,0,0,0,-16.8631101052947,-29.5877037880638,-17.4005373323528,100,79.4886172479533,0.462038802287765,1,1,120,coarse
110,15,0,0,0,-16.8631101052947,-31.8188354338496,-17.4633909379977,100,79.1140518111472,0.836604239093866,1,1,125,coarse
110,20,0,0,0,-16.8631101052947,-33.4795020931426,-17.4633909379977,100,78.6049119659078,1.3457440843333,1,1,130,coarse
110,25,0,0,0,-17.3935085923011,-35.5413383571676,-17.6329851139445,100,77.9073679488617,2.20928694271729,1,1,135,coarse
110,30,0,0,0,-20.314525848558,-37.082357176983,-25.0184130636909,100,76.6849837389257,3.35361820346607,1,1,140,coarse
110,35,0,0,0,-24.4717685033373,-39.8318796574283,-25.0645999738067,100,74.8951441067624,5.31816377827755,1,1,145,coarse
110,40,0,0,0,-24.8095726532069,-42.9407385109733,-31.1357356312055,100,72.0556240888191,8.33965971508954,1,1,150,coarse
110,45,0,0,0,-31.3460812785573,-49.9106312826537,-34.8755226751338,100,67.1145003925087,13.25190907873,1,1,155,coarse
110,50,0,0,0,-42.9093511729055,-54.0068045197046,-44.9429974663961,100,61.5822198703532,18.5174386004262,1,1,160,coarse
110,55,0,0,0,-42.9094548685358,-54.1745472211895,-44.9431631453688,100,57.9640164042863,22.6982168890883,1,1,165,coarse
110,60,0,0,0,-42.9136845046329,-54.5264048843458,-44.9496048218375,100,54.4251885169996,26.1688920644844,1,1,170,coarse
110,65,0,0,0,-42.9136845046329,-54.8925359081342,-44.9503328095992,100,51.0120386294483,29.9624882775867,1,1,175,coarse
110,70,0,0,0,-42.9171619942634,-55.1613518424647,-44.9538048730368,100,46.7433963928209,34.1111061492431,1,1,180,coarse
110,75,0,0,0,-42.9171619942634,-55.4769156262504,-44.9538048730368,100,43.0907255803521,37.991783146519,1,1,185,coarse
110,80,0,0,0,-42.9171619942634,-55.9060638161805,-44.9538048730368,100,38.9009756644611,41.9707051310677,1,1,190,coarse
110,85,0,0,0,-47.1495373720941,-56.8429322136453,-47.488278809205,100,34.4914208814624,46.3872638771045,1,1,195,coarse
110,90,0,0,0,-47.3131239463438,-58.3349408226628,-47.8411332959453,100,29.2430189525625,51.4267851560756,1,1,200,coarse
110,95,0,0,0,-47.3144812838536,-59.0968619212833,-47.8469679201943,100,23.1894134798699,56.939668646452,1,1,205,coarse
110,100,0,0,0,-47.3349636239051,-61.0660820767537,-47.8611359529481,100,15.6810865634784,64.9523382303465,1,1,210,coarse
110,105,0,0,0,-53.3245357030915,-65.6286060461286,-55.4515265771135,100,2.90045996516769,77.0528204553101,1,1,215,coarse
110,110,0,0,0,-56.2671839572061,-66.5182539533506,-57.2365362698804,100,0,79.9506560502411,1,1,220,coarse
115,0,0.138850319355735,0.138850319355735,0,-4.44050634790798,-26.7726706048366,-5.39734066893848,99.8611496806443,83.0974543007738,0,0,0,115,coarse
115,0.5,0.138850319355735,0.138850319355735,0,-4.44050634790798,-26.7726706048366,-5.39734066893848,99.8611496806443,83.0974543007738,0,0,0,115.5,coarse
115,1,0.111080255484588,0.111080255484588,0,-4.44050634790798,-26.7961241529697,-5.85216382418138,99.8889197445154,83.0907255803521,0.00672872042166648,0,0,116,coarse
115,2,0.111080255484588,0.111080255484588,0,-4.44050634790798,-26.8668660923606,-6.12195064213683,99.8889197445154,83.079511046316,0.0198438946950655,0,0,117,coarse
115,3,0.111080255484588,0.111080255484588,0,-4.44050634790798,-27.0220001877506,-6.12195064213683,99.8889197445154,83.0503532578221,0.0471010429516654,0,0,118,coarse
115,5,0,0,0,-11.4801632311366,-28.02556836375,-13.9021675486169,100,82.9606369855333,0.136817315240552,1,1,120,coarse
115,10,0,0,0,-16.8631101052947,-29.5877037880638,-17.4005373323528,100,82.6454116505711,0.462038802287765,1,1,125,coarse
115,15,0,0,0,-16.8631101052947,-31.8188354338496,-17.4633909379977,100,82.2749922829298,0.836604239093866,1,1,130,coarse
115,20,0,0,0,-16.8631101052947,-33.4795020931426,-17.4633909379977,100,81.7517102164405,1.3457440843333,1,1,135,coarse
115,25,0,0,0,-17.3935085923011,-35.5413383571676,-17.6329851139445,100,81.0541661993944,2.20928694271729,1,1,140,coarse
115,30,0,0,0,-20.314525848558,-37.082357176983,-25.018413063691,100,79.8317819894583,3.35361820346607,1,1,145,coarse
115,35,0,0,0,-24.4717685033373,-39.8318796574283,-25.0645999738067,100,78.0419423572951,5.31816377827755,1,1,150,coarse
115,40,0,0,0,-24.8095726532069,-42.9407385109733,-31.1357356312055,100,75.2024223393518,8.33965971508954,1,1,155,coarse
115,45,0,0,0,-31.3460812785573,-49.9106312826537,-34.8755226751338,100,70.2612986430414,13.25190907873,1,1,160,coarse
115,50,0,0,0,-42.9093511729055,-54.0068045197046,-44.9429974663961,100,65.1188428804516,18.5174386004262,1,1,165,coarse
115,55,0,0,0,-42.9094548685358,-54.1745472211895,-44.9431631453688,100,61.5006394143846,22.6982168890883,1,1,170,coarse
115,60,0,0,0,-42.9136845046329,-54.5264048843458,-44.9496048218375,100,57.9618115270979,26.1688920644844,1,1,175,coarse
115,65,0,0,0,-42.9136845046329,-54.8925359081342,-44.9503328095992,100,54.5486616395467,29.9624882775867,1,1,180,coarse
115,70,0,0,0,-42.9171619942634,-55.1613518424647,-44.9538048730368,100,50.2800194029193,34.1111061492431,1,1,185,coarse
115,75,0,0,0,-42.9171619942634,-55.4769156262504,-44.9538048730368,100,46.2375238308848,37.991783146519,1,1,190,coarse
115,80,0,0,0,-42.9171619942634,-55.9060638161805,-44.9538048730368,100,42.3843541914715,41.9707051310677,1,1,195,coarse
115,85,0,0,0,-47.1495373720941,-56.8429322136453,-47.488278809205,100,37.6482779909159,46.3872638771045,1,1,200,coarse
115,90,0,0,0,-47.3131239463438,-58.3349408226631,-47.8411332959453,100,32.3898172030952,51.4267851560756,1,1,205,coarse
115,95,0,0,0,-47.3144812838536,-59.0968619212833,-47.8469679201943,100,26.3416677691053,56.939668646452,1,1,210,coarse
115,100,0,0,0,-47.3349636239051,-61.0660820767537,-47.8611359529481,100,19.2177095735768,64.9523382303465,1,1,215,coarse
115,105,0,0,0,-53.3245357030915,-65.6286060461286,-55.4515265771135,100,6.25744146051065,77.0528204553101,1,1,220,coarse
115,110,0,0,0,-56.2671839572061,-66.5182539533506,-57.2365362698804,100,3.53662301009834,79.9506560502411,1,1,225,coarse
115,115,0,0,0,-60.5512017567407,-67.0291499786275,-60.6633382581468,100,0,83.0974543007738,1,1,230,coarse
120,0,0.138850319355735,0.138850319355735,0,-4.44050634790798,-26.7726706048366,-5.39734066893849,99.8611496806443,86.7511494897387,0,0,0,120,coarse
120,0.5,0.138850319355735,0.138850319355735,0,-4.44050634790798,-26.7726706048366,-5.39734066893849,99.8611496806443,86.7511494897387,0,0,0,120.5,coarse
120,1,0.111080255484588,0.111080255484588,0,-4.44050634790798,-26.7961241529697,-5.85216382418138,99.8889197445154,86.744420769317,0.00672872042166648,0,0,121,coarse
120,2,0.111080255484588,0.111080255484588,0,-4.44050634790798,-26.8668660923606,-6.12195064213683,99.8889197445154,86.7332062352809,0.0198438946950655,0,0,122,coarse
120,3,0.111080255484588,0.111080255484588,0,-4.44050634790798,-27.0220001877506,-6.12195064213683,99.8889197445154,86.704048446787,0.0471010429516654,0,0,123,coarse
120,5,0,0,0,-11.4801632311366,-28.02556836375,-13.9021675486169,100,86.6143321744981,0.136817315240552,1,1,125,coarse
120,10,0,0,0,-16.8631101052946,-29.5877037880638,-17.4005373323527,100,86.2891106874509,0.462038802287765,1,1,130,coarse
120,15,0,0,0,-16.8631101052946,-31.8188354338496,-17.4633909379978,100,85.9145452506448,0.836604239093866,1,1,135,coarse
120,20,0,0,0,-16.8631101052946,-33.4795020931426,-17.4633909379978,100,85.4054054054054,1.3457440843333,1,1,140,coarse
120,25,0,0,0,-17.3935085923009,-35.5413383571676,-17.6329851139445,100,84.7078613883593,2.20928694271729,1,1,145,coarse
120,30,0,0,0,-20.314525848558,-37.082357176983,-25.018413063691,100,83.4854771784232,3.35361820346607,1,1,150,coarse
120,35,0,0,0,-24.4717685033373,-39.8318796574283,-25.0645999738067,100,81.69563754626,5.31816377827755,1,1,155,coarse
120,40,0,0,0,-24.8095726532069,-42.9407385109733,-31.1357356312055,100,78.8561175283167,8.33965971508954,1,1,160,coarse
120,45,0,0,0,-31.3460812785573,-49.9106312826537,-34.8755226751338,100,73.9149938320063,13.25190907873,1,1,165,coarse
120,50,0,0,0,-42.9093511729054,-54.0068045197046,-44.9429974663961,100,68.7568902412136,18.5174386004262,1,1,170,coarse
120,55,0,0,0,-42.9094548685357,-54.1745472211895,-44.9431631453688,100,65.1386867751466,22.6982168890883,1,1,175,coarse
120,60,0,0,0,-42.9136845046329,-54.5264048843458,-44.9496048218375,100,61.5998588878599,26.1688920644844,1,1,180,coarse
120,65,0,0,0,-42.9136845046329,-54.8925359081342,-44.9503328095992,100,58.1867090003087,29.9624882775867,1,1,185,coarse
120,70,0,0,0,-42.9171619942634,-55.1613518424647,-44.9538048730368,100,53.9180667636813,34.1111061492431,1,1,190,coarse
120,75,0,0,0,-42.9171619942634,-55.4769156262504,-44.9538048730368,100,49.8912190198497,37.991783146519,1,1,195,coarse
120,80,0,0,0,-42.9171619942634,-55.9060638161805,-44.9538048730368,100,46.0224015522335,41.9707051310677,1,1,200,coarse
120,85,0,0,0,-47.1495373720941,-56.8429322136453,-47.488278809205,100,41.29191432096,46.3872638771045,1,1,205,coarse
120,90,0,0,0,-47.3131239463438,-58.3349408226632,-47.8411332959453,100,36.0435123920601,51.4267851560756,1,1,210,coarse
120,95,0,0,0,-47.3144812838536,-59.0968619212833,-47.8469679201943,100,29.9899069193675,56.939668646452,1,1,215,coarse
120,100,0,0,0,-47.3349636239051,-61.0660820767537,-47.8611359529481,100,22.8557569343388,64.9523382303465,1,1,220,coarse
120,105,0,0,0,-53.3245357030916,-65.6286060461286,-55.4515265771135,100,9.9231613611416,77.0528204553101,1,1,225,coarse
120,110,0,0,0,-56.2671839572061,-66.5182539533506,-57.2365362698804,100,7.17467037086034,79.9506560502411,1,1,230,coarse
120,115,0,0,0,-60.5512017567407,-67.0291499786275,-60.6633382581468,100,3.77167947310648,83.0974543007738,1,1,235,coarse
120,120,0,0,0,-60.5512017567407,-67.8382614023394,-60.7290307961205,100,0,86.7511494897387,1,1,240,coarse
125,0,0.138850319355735,0.138850319355735,0,-4.44050634790798,-26.7726706048366,-5.39734066893849,99.8611496806443,92.0425982272787,0,0,0,125,coarse
125,0.5,0.138850319355735,0.138850319355735,0,-4.44050634790798,-26.7726706048366,-5.39734066893849,99.8611496806443,92.0425982272787,0,0,0,125.5,coarse
125,1,0.111080255484588,0.111080255484588,0,-4.44050634790798,-26.7961241529697,-5.85216382418138,99.8889197445154,92.0381884729021,0.00672872042166648,0,0,126,coarse
125,2,0.111080255484588,0.111080255484588,0,-4.44050634790798,-26.8668660923606,-6.12195064213683,99.8889197445154,92.0227543325837,0.0198438946950655,0,0,127,coarse
125,3,0.111080255484588,0.111080255484588,0,-4.44050634790798,-27.0220001877506,-6.12195064213683,99.8889197445154,92.0095250694536,0.0471010429516654,0,0,128,coarse
125,5,0,0,0,-11.4801632311366,-28.02556836375,-13.9021675486169,100,91.9235348591083,0.136817315240552,1,1,130,coarse
125,10,0,0,0,-16.8631101052948,-29.5877037880638,-17.4005373323528,100,91.6721788596375,0.462038802287765,1,1,135,coarse
125,15,0,0,0,-16.8631101052948,-31.8188354338496,-17.4633909379978,100,91.3017594919963,0.836604239093866,1,1,140,coarse
125,20,0,0,0,-16.8631101052948,-33.4795020931426,-17.4633909379978,100,90.7461304405345,1.3457440843333,1,1,145,coarse
125,25,0,0,0,-17.3935085923011,-35.5413383571676,-17.6329851139445,100,89.8333112845614,2.20928694271729,1,1,150,coarse
125,30,0,0,0,-20.314525848558,-37.082357176983,-25.018413063691,100,88.6889800238127,3.35361820346607,1,1,155,coarse
125,35,0,0,0,-24.4717685033372,-39.8318796574283,-25.0645999738067,100,86.7793633369923,5.31816377827755,1,1,160,coarse
125,40,0,0,0,-24.8095726532069,-42.9407385109733,-31.1357356312055,100,83.9517014270033,8.33965971508954,1,1,165,coarse
125,45,0,0,0,-31.3460812785573,-49.9106312826537,-34.8755226751338,100,79.28517881554,13.25190907873,1,1,170,coarse
125,50,0,0,0,-42.9093511729054,-54.0068045197046,-44.9429974663961,100,74.145610089518,18.5174386004262,1,1,175,coarse
125,55,0,0,0,-42.9094548685357,-54.1745472211895,-44.9431631453688,100,70.5274066234511,22.6982168890883,1,1,180,coarse
125,60,0,0,0,-42.9136845046329,-54.5264048843461,-44.9496048218375,100,66.9885787361644,26.1688920644844,1,1,185,coarse
125,65,0,0,0,-42.9136845046329,-54.8925359081342,-44.9503328095992,100,63.5754288486131,29.9624882775867,1,1,190,coarse
125,70,0,0,0,-42.9171619942634,-55.1613518424646,-44.9538048730368,100,59.3067866119857,34.1111061492431,1,1,195,coarse
125,75,0,0,0,-42.9171619942634,-55.4769156262504,-44.9538048730368,100,55.0866516735018,37.991783146519,1,1,200,coarse
125,80,0,0,0,-42.9171619942634,-55.9060638161805,-44.9538048730368,100,51.411121400538,41.9707051310677,1,1,205,coarse
125,85,0,0,0,-47.1495373720941,-56.8429322136453,-47.488278809205,100,46.6750451999824,46.3872638771045,1,1,210,coarse
125,90,0,0,0,-47.3131239463438,-58.3349408226628,-47.8411332959453,100,41.3921594567183,51.4267851560756,1,1,215,coarse
125,95,0,0,0,-47.3144812838536,-59.0968619212833,-47.8469679201943,100,35.3684349781717,56.939668646452,1,1,220,coarse
125,100,0,0,0,-47.3349636239051,-61.0660820767537,-47.8611359529481,100,28.2444767826432,64.9523382303465,1,1,225,coarse
125,105,0,0,0,-53.3245357030916,-65.6286060461286,-55.4515265771135,100,15.6794731064764,77.0528204553101,1,1,230,coarse
125,110,0,0,0,-56.2671839572061,-66.5182539533506,-57.2365362698804,100,12.827661909989,79.9506560502411,1,1,235,coarse
125,115,0,0,0,-60.5512017567407,-67.0291499786275,-60.6633382581468,100,9.52799121844127,83.0974543007738,1,1,240,coarse
125,120,0,0,0,-60.5512017567407,-67.8382614023394,-60.7290307961205,100,5.7563117453348,86.7511494897387,1,1,245,coarse
125,125,0,0,0,-60.7082182429335,-69.7564656876118,-61.0094174634217,100,0,92.0425982272787,1,1,250,coarse
130,0,0.138850319355735,0.138850319355735,0,-4.44050634790798,-26.7726706048366,-5.39734066893849,99.8611496806443,100,0,0,0,130,coarse
130,0.5,0.138850319355735,0.138850319355735,0,-4.44050634790798,-26.7726706048366,-5.39734066893849,99.8611496806443,100,0,0,0,130.5,coarse
130,1,0.111080255484588,0.111080255484588,0,-4.44050634790798,-26.7961241529697,-5.85216382418138,99.8889197445154,100,0.00672872042166648,0,0,131,coarse
130,2,0.111080255484588,0.111080255484588,0,-4.44050634790798,-26.8668660923606,-6.12195064213683,99.8889197445154,99.9912184412733,0.0198438946950655,0,0,132,coarse
130,3,0.111080255484588,0.111080255484588,0,-4.44050634790798,-27.0220001877508,-6.12195064213683,99.8889197445154,99.9780461031833,0.0471010429516654,0,0,133,coarse
130,5,0,0,0,-11.4801632311366,-28.02556836375,-13.9021675486169,100,99.9187705817783,0.136817315240552,1,1,135,coarse
130,10,0,0,0,-16.8631101052945,-29.5877037880638,-17.4005373323527,100,99.7052650381816,0.462038802287765,1,1,140,coarse
130,15,0,0,0,-16.8631101052945,-31.8188354338496,-17.4633909379977,100,99.4909123386773,0.836604239093866,1,1,145,coarse
130,20,0,0,0,-16.8631101052945,-33.4795020931426,-17.4633909379977,100,98.9304693430983,1.3457440843333,1,1,150,coarse
130,25,0,0,0,-17.393508592301,-35.5413383571676,-17.6329851139445,100,98.0702524698134,2.20928694271729,1,1,155,coarse
130,30,0,0,0,-20.314525848558,-37.082357176983,-25.018413063691,100,97.0472008781559,3.35361820346607,1,1,160,coarse
130,35,0,0,0,-24.4717685033373,-39.8318796574283,-25.0645999738067,100,95.2974753018661,5.31816377827755,1,1,165,coarse
130,40,0,0,0,-24.8095726532069,-42.9407385109733,-31.1357356312055,100,92.4698133918771,8.33965971508954,1,1,170,coarse
130,45,0,0,0,-31.3460812785573,-49.9106312826537,-34.8755226751338,100,87.2425805882612,13.25190907873,1,1,175,coarse
130,50,0,0,0,-42.9093511729055,-54.0068045197046,-44.9429974663961,100,82.364434687157,18.5174386004262,1,1,180,coarse
130,55,0,0,0,-42.9094548685358,-54.1745472211895,-44.9431631453688,100,78.4873765093304,22.6982168890883,1,1,185,coarse
130,60,0,0,0,-42.9136845046329,-54.5264048843461,-44.9496048218375,100,74.9459805088857,26.1688920644844,1,1,190,coarse
130,65,0,0,0,-42.9136845046329,-54.8925359081342,-44.9503328095992,100,71.5328306213344,29.9624882775867,1,1,195,coarse
130,70,0,0,0,-42.9171619942634,-55.1613518424647,-44.9538048730368,100,67.264188384707,34.1111061492431,1,1,200,coarse
130,75,0,0,0,-42.9171619942634,-55.4769156262504,-44.9538048730368,100,63.140069530111,37.991783146519,1,1,205,coarse
130,80,0,0,0,-42.9171619942634,-55.9060638161805,-44.9538048730368,100,59.3685231732592,41.9707051310677,1,1,210,coarse
130,85,0,0,0,-47.1495373720941,-56.8429322136453,-47.488278809205,100,54.6324469727036,46.3872638771045,1,1,215,coarse
130,90,0,0,0,-47.3131239463438,-58.3349408226629,-47.8411332959453,100,49.3495612294395,51.4267851560756,1,1,220,coarse
130,95,0,0,0,-47.3144812838536,-59.0968619212833,-47.8469679201943,100,43.7321624588364,56.939668646452,1,1,225,coarse
130,100,0,0,0,-47.3349636239051,-61.0660820767537,-47.8611359529481,100,36.2018785553645,64.9523382303465,1,1,230,coarse
130,105,0,0,0,-53.3245357030915,-65.6286060461286,-55.4515265771135,100,24.1975850713502,77.0528204553101,1,1,235,coarse
130,110,0,0,0,-56.2671839572061,-66.5182539533506,-57.2365362698804,100,21.3457738748628,79.9506560502411,1,1,240,coarse
130,115,0,0,0,-60.5512017567407,-67.0291499786275,-60.6633382581468,100,18.046103183315,83.0974543007738,1,1,245,coarse
130,120,0,0,0,-60.5512017567407,-67.8382614023394,-60.7290307961205,100,14.2744237102086,86.7511494897387,1,1,250,coarse
130,125,0,0,0,-60.7082182429335,-69.7564656876118,-61.0094174634217,100,8.80409056401554,92.0425982272787,1,1,255,coarse
130,130,0,0,0,-2969.09346595255,-2969.09346595255,-2969.09346595255,100,0,100,1,1,260,coarse
133.758537025028,0,0.138850319355735,0.138850319355735,0,-4.44050634790798,-26.7726706048366,-5.39734066893849,99.8611496806443,100,0,0,0,133.758537025028,coarse
133.758537025028,0.5,0.138850319355735,0.138850319355735,0,-4.44050634790798,-26.7726706048366,-5.39734066893849,99.8611496806443,100,0,0,0,134.258537025028,coarse
133.758537025028,1,0.111080255484588,0.111080255484588,0,-4.44050634790798,-26.7961241529697,-5.85216382418138,99.8889197445154,100,0.00672872042166648,0,0,134.758537025028,coarse
133.758537025028,2,0.111080255484588,0.111080255484588,0,-4.44050634790798,-26.8668660923606,-6.12195064213683,99.8889197445154,99.9912184412733,0.0198438946950655,0,0,135.758537025028,coarse
133.758537025028,3,0.111080255484588,0.111080255484588,0,-4.44050634790798,-27.0220001877508,-6.12195064213683,99.8889197445154,99.9780461031833,0.0471010429516654,0,0,136.758537025028,coarse
133.758537025028,5,0,0,0,-11.4801632311366,-28.02556836375,-13.9021675486169,100,99.9187705817783,0.136817315240552,1,1,138.758537025028,coarse
133.758537025028,10,0,0,0,-16.8631101052945,-29.5877037880638,-17.4005373323527,100,99.7052650381816,0.462038802287765,1,1,143.758537025028,coarse
133.758537025028,15,0,0,0,-16.8631101052945,-31.8188354338496,-17.4633909379977,100,99.4909123386773,0.836604239093866,1,1,148.758537025028,coarse
133.758537025028,20,0,0,0,-16.8631101052945,-33.4795020931426,-17.4633909379977,100,98.9304693430983,1.3457440843333,1,1,153.758537025028,coarse
133.758537025028,25,0,0,0,-17.393508592301,-35.5413383571676,-17.6329851139445,100,98.0702524698134,2.20928694271729,1,1,158.758537025028,coarse
133.758537025028,30,0,0,0,-20.314525848558,-37.082357176983,-25.018413063691,100,97.0472008781559,3.35361820346607,1,1,163.758537025028,coarse
133.758537025028,35,0,0,0,-24.4717685033373,-39.8318796574283,-25.0645999738067,100,95.2974753018661,5.31816377827755,1,1,168.758537025028,coarse
133.758537025028,40,0,0,0,-24.8095726532069,-42.9407385109733,-31.1357356312055,100,92.4698133918771,8.33965971508954,1,1,173.758537025028,coarse
133.758537025028,45,0,0,0,-31.3460812785573,-49.9106312826537,-34.8755226751338,100,87.2425805882612,13.25190907873,1,1,178.758537025028,coarse
133.758537025028,50,0,0,0,-42.9093511729055,-54.0068045197046,-44.9429974663961,100,82.364434687157,18.5174386004262,1,1,183.758537025028,coarse
133.758537025028,55,0,0,0,-42.9094548685358,-54.1745472211895,-44.9431631453688,100,78.4873765093304,22.6982168890883,1,1,188.758537025028,coarse
133.758537025028,60,0,0,0,-42.9136845046329,-54.5264048843461,-44.9496048218375,100,74.9459805088857,26.1688920644844,1,1,193.758537025028,coarse
133.758537025028,65,0,0,0,-42.9136845046329,-54.8925359081342,-44.9503328095992,100,71.5328306213344,29.9624882775867,1,1,198.758537025028,coarse
133.758537025028,70,0,0,0,-42.9171619942634,-55.1613518424647,-44.9538048730368,100,67.264188384707,34.1111061492431,1,1,203.758537025028,coarse
133.758537025028,75,0,0,0,-42.9171619942634,-55.4769156262504,-44.9538048730368,100,63.140069530111,37.991783146519,1,1,208.758537025028,coarse
133.758537025028,80,0,0,0,-42.9171619942634,-55.9060638161805,-44.9538048730368,100,59.3685231732592,41.9707051310677,1,1,213.758537025028,coarse
133.758537025028,85,0,0,0,-47.1495373720941,-56.8429322136453,-47.488278809205,100,54.6324469727036,46.3872638771045,1,1,218.758537025028,coarse
133.758537025028,90,0,0,0,-47.3131239463438,-58.3349408226629,-47.8411332959453,100,49.3495612294395,51.4267851560756,1,1,223.758537025028,coarse
133.758537025028,95,0,0,0,-47.3144812838536,-59.0968619212833,-47.8469679201943,100,43.7321624588364,56.939668646452,1,1,228.758537025028,coarse
133.758537025028,100,0,0,0,-47.3349636239051,-61.0660820767537,-47.8611359529481,100,36.2018785553645,64.9523382303465,1,1,233.758537025028,coarse
133.758537025028,105,0,0,0,-53.3245357030915,-65.6286060461286,-55.4515265771135,100,24.1975850713502,77.0528204553101,1,1,238.758537025028,coarse
133.758537025028,110,0,0,0,-56.2671839572061,-66.5182539533506,-57.2365362698804,100,21.3457738748628,79.9506560502411,1,1,243.758537025028,coarse
133.758537025028,115,0,0,0,-60.5512017567407,-67.0291499786275,-60.6633382581468,100,18.046103183315,83.0974543007738,1,1,248.758537025028,coarse
133.758537025028,120,0,0,0,-60.5512017567407,-67.8382614023394,-60.7290307961205,100,14.2744237102086,86.7511494897387,1,1,253.758537025028,coarse
133.758537025028,125,0,0,0,-60.7082182429335,-69.7564656876118,-61.0094174634217,100,8.80409056401554,92.0425982272787,1,1,258.758537025028,coarse
133.758537025028,130,0,0,0,-2969.09346595255,-2969.09346595255,-2969.09346595255,100,0,100,1,1,263.758537025028,coarse
133.758537025028,133.758537025028,0,0,0,-2969.09346595255,-2969.09346595255,-2969.09346595255,100,0,100,1,1,267.517074050055,coarse
28,0,0.36101083032491,0.36101083032491,0.0694251596778673,0.933124363559045,-26.1210170358977,-0.233807422889913,99.6389891696751,2.83106230982934,0,0,0,28,refinement
28,1,0.36101083032491,0.36101083032491,0.0555401277422938,0.933124363559045,-26.1566702780932,-0.233807422889913,99.6389891696751,2.82665255545266,0.00672872042166648,0,0,29,refinement
28,2,0.36101083032491,0.36101083032491,0.0555401277422938,0.933124363559045,-26.2325081992586,-0.233807422889913,99.6389891696751,2.81121841513428,0.0198438946950655,0,0,30,refinement
28,3,0.36101083032491,0.36101083032491,0.0555401277422938,0.933124363559045,-26.4405581863286,-0.233807422889913,99.6389891696751,2.79798915200423,0.0471010429516654,0,0,31,refinement
28,4,0.36101083032491,0.36101083032491,0.0138850319355735,0.933124363559045,-26.85187304365,-0.233807422889913,99.6389891696751,2.77594038012083,0.0829875518672199,0,0,32,refinement
28,5,0.36101083032491,0.36101083032491,0,0.933124363559045,-27.1040763381586,-0.233807422889913,99.6389891696751,2.71199894165895,0.136817315240552,0,0,33,refinement
28,6,0.36101083032491,0.36101083032491,0,0.933124363559045,-27.4042611545442,-0.233807422889913,99.6389891696751,2.66790139789214,0.188404171806661,0,0,34,refinement
28,7,0.36101083032491,0.36101083032491,0,0.933124363559045,-27.658525114686,-0.233807422889913,99.6389891696751,2.63041848569035,0.237748121565549,0,0,35,refinement
28,8,0.36101083032491,0.36101083032491,0,0.933124363559045,-27.8457365789043,-0.233807422889913,99.6389891696751,2.5951404506769,0.291577884938881,0,0,36,refinement
28,9,0.36101083032491,0.36101083032491,0,0.933124363559045,-27.9800852628252,-0.233807422889913,99.6389891696751,2.55324778409843,0.352136368733879,0,0,37,refinement
28,10,0.36101083032491,0.36101083032491,0,0.933124363559045,-28.585452039704,-0.233807422889913,99.6389891696751,2.46064294218812,0.462038802287765,0,0,38,refinement
28,11,0.36101083032491,0.36101083032491,0,0.933124363559045,-29.141330622963,-0.233807422889913,99.6389891696751,2.37685760903118,0.540540540540541,0,0,39,refinement
28,12,0.36101083032491,0.36101083032491,0,0.933124363559045,-29.320975828647,-0.233807422889913,99.6389891696751,2.32835031088768,0.578669956263317,0,0,40,refinement
29,0,0.36101083032491,0.36101083032491,0.0694251596778673,0.933124363559045,-26.1462016784717,-0.233807422889913,99.6389891696751,3.04714027428672,0,0,0,29,refinement
29,1,0.36101083032491,0.36101083032491,0.0555401277422938,0.933124363559045,-26.1999834108942,-0.233807422889913,99.6389891696751,3.04273051991004,0.00672872042166648,0,0,30,refinement
29,2,0.36101083032491,0.36101083032491,0.0555401277422938,0.933124363559045,-26.274162447079,-0.233807422889913,99.6389891696751,3.02729637959166,0.0198438946950655,0,0,31,refinement
29,3,0.36101083032491,0.36101083032491,0.0555401277422938,0.933124363559045,-26.5076107886007,-0.233807422889913,99.6389891696751,3.01406711646161,0.0471010429516654,0,0,32,refinement
29,4,0.36101083032491,0.36101083032491,0.0138850319355735,0.933124363559045,-26.8668660923606,-0.233807422889913,99.6389891696751,2.99201834457821,0.0829875518672199,0,0,33,refinement
29,5,0.36101083032491,0.36101083032491,0,0.933124363559045,-27.1140684280607,-0.233807422889913,99.6389891696751,2.92807690611633,0.136817315240552,0,0,34,refinement
29,6,0.36101083032491,0.36101083032491,0,0.933124363559045,-27.4328888205807,-0.233807422889913,99.6389891696751,2.88397936234952,0.188404171806661,0,0,35,refinement
29,7,0.36101083032491,0.36101083032491,0,0.933124363559045,-27.6772127452688,-0.233807422889913,99.6389891696751,2.84649645014773,0.237748121565549,0,0,36,refinement
29,8,0.36101083032491,0.36101083032491,0,0.933124363559045,-27.8772491593265,-0.233807422889913,99.6389891696751,2.81121841513428,0.291577884938881,0,0,37,refinement
29,9,0.36101083032491,0.36101083032491,0,0.933124363559045,-28.0363698900205,-0.233807422889913,99.6389891696751,2.76932574855581,0.352136368733879,0,0,38,refinement
29,10,0.36101083032491,0.36101083032491,0,0.933124363559045,-28.6012146953004,-0.233807422889913,99.6389891696751,2.6767209066455,0.462038802287765,0,0,39,refinement
29,11,0.36101083032491,0.36101083032491,0,0.933124363559045,-29.141330622963,-0.233807422889913,99.6389891696751,2.59293557348856,0.540540540540541,0,0,40,refinement
29,12,0.36101083032491,0.36101083032491,0,0.933124363559045,-29.320975828647,-0.233807422889913,99.6389891696751,2.55883535033269,0.578669956263317,0,0,41,refinement
30,0,0.36101083032491,0.36101083032491,0.0694251596778673,0.933124363559045,-26.1462016784717,-0.233807422889913,99.6389891696751,3.35361820346607,0,0,0,30,refinement
30,1,0.36101083032491,0.36101083032491,0.0555401277422938,0.933124363559045,-26.1999834108942,-0.233807422889913,99.6389891696751,3.34920844908939,0.00672872042166648,0,0,31,refinement
30,2,0.36101083032491,0.36101083032491,0.0555401277422938,0.933124363559045,-26.274162447079,-0.233807422889913,99.6389891696751,3.333774308771,0.0198438946950655,0,0,32,refinement
30,3,0.36101083032491,0.36101083032491,0.0555401277422938,0.933124363559045,-26.5076107886007,-0.233807422889913,99.6389891696751,3.32054504564096,0.0471010429516654,0,0,33,refinement
30,4,0.36101083032491,0.36101083032491,0.0138850319355735,0.933124363559045,-26.8668660923606,-0.233807422889913,99.6389891696751,3.29849627375755,0.0829875518672199,0,0,34,refinement
30,5,0.36101083032491,0.36101083032491,0,0.933124363559045,-27.1282898078168,-0.233807422889913,99.6389891696751,3.23455483529567,0.136817315240552,0,0,35,refinement
30,6,0.36101083032491,0.36101083032491,0,0.933124363559045,-27.4616352454837,-0.233807422889913,99.6389891696751,3.19045729152886,0.188404171806661,0,0,36,refinement
30,7,0.36101083032491,0.36101083032491,0,0.933124363559045,-27.6922291822324,-0.233807422889913,99.6389891696751,3.15297437932707,0.237748121565549,0,0,37,refinement
30,8,0.36101083032491,0.36101083032491,0,0.933124363559045,-27.9067341363743,-0.233807422889913,99.6389891696751,3.11769634431362,0.291577884938881,0,0,38,refinement
30,9,0.36101083032491,0.36101083032491,0,0.933124363559045,-28.0521791445898,-0.233807422889913,99.6389891696751,3.07580367773515,0.352136368733879,0,0,39,refinement
30,10,0.36101083032491,0.36101083032491,0,0.933124363559045,-28.6145671158138,-0.233807422889913,99.6389891696751,2.98319883582484,0.462038802287765,0,0,40,refinement
30,11,0.36101083032491,0.36101083032491,0,0.933124363559045,-29.1287846262647,-0.233807422889913,99.6389891696751,2.8994135026679,0.540540540540541,0,0,41,refinement
30,12,0.36101083032491,0.36101083032491,0,0.933124363559045,-29.320975828647,-0.233807422889913,99.6389891696751,2.85090620452441,0.578669956263317,0,0,42,refinement
31,0,0.194390447098028,0.194390447098028,0.0694251596778673,0.933124363559045,-26.1462016784717,-0.260520344024004,99.805609552902,3.66671076421043,0,0,0,31,refinement
31,1,0.194390447098028,0.194390447098028,0.0555401277422938,0.933124363559045,-26.1999834108942,-0.260520344024004,99.805609552902,3.66230100983375,0.00672872042166648,0,0,32,refinement
31,2,0.194390447098028,0.194390447098028,0.0555401277422938,0.933124363559045,-26.274162447079,-0.260520344024004,99.805609552902,3.64686686951537,0.0198438946950655,0,0,33,refinement
31,3,0.194390447098028,0.194390447098028,0.0555401277422938,0.933124363559045,-26.5076107886007,-0.260520344024004,99.805609552902,3.63363760638532,0.0471010429516654,0,0,34,refinement
31,4,0.194390447098028,0.194390447098028,0.0138850319355735,0.933124363559045,-26.8668660923606,-0.260520344024004,99.805609552902,3.61158883450192,0.0829875518672199,0,0,35,refinement
31,5,0.194390447098028,0.194390447098028,0,0.933124363559045,-27.1282898078168,-0.260520344024004,99.805609552902,3.54764739604004,0.136817315240552,0,0,36,refinement
31,6,0.194390447098028,0.194390447098028,0,0.933124363559045,-27.4616352454837,-0.260520344024004,99.805609552902,3.50354985227323,0.188404171806661,0,0,37,refinement
31,7,0.194390447098028,0.194390447098028,0,0.933124363559045,-27.6922291822324,-0.260520344024004,99.805609552902,3.46606694007144,0.237748121565549,0,0,38,refinement
31,8,0.194390447098028,0.194390447098028,0,0.933124363559045,-27.9067341363743,-0.260520344024004,99.805609552902,3.43078890505799,0.291577884938881,0,0,39,refinement
31,9,0.194390447098028,0.194390447098028,0,0.933124363559045,-28.0521791445898,-0.260520344024004,99.805609552902,3.38889623847952,0.352136368733879,0,0,40,refinement
31,10,0.194390447098028,0.194390447098028,0,0.933124363559045,-28.6231698690516,-0.260520344024004,99.805609552902,3.29629139656921,0.462038802287765,0,0,41,refinement
31,11,0.194390447098028,0.194390447098028,0,0.933124363559045,-29.1081894101537,-0.260520344024004,99.805609552902,3.21250606341227,0.540540540540541,0,0,42,refinement
31,12,0.194390447098028,0.194390447098028,0,0.933124363559045,-29.320975828647,-0.260520344024004,99.805609552902,3.16399876526877,0.578669956263317,0,0,43,refinement
32,0,0.166620383226881,0.166620383226881,0.0694251596778673,0.933124363559045,-26.1462016784717,-0.260520344024004,99.8333796167731,4.00626185121489,0,0,0,32,refinement
32,1,0.166620383226881,0.166620383226881,0.0555401277422938,0.933124363559045,-26.1999834108942,-0.260520344024004,99.8333796167731,4.00185209683821,0.00672872042166648,0,0,33,refinement
32,2,0.166620383226881,0.166620383226881,0.0555401277422938,0.933124363559045,-26.274162447079,-0.260520344024004,99.8333796167731,3.98641795651982,0.0198438946950655,0,0,34,refinement
32,3,0.166620383226881,0.166620383226881,0.0555401277422938,0.933124363559045,-26.5076107886007,-0.260520344024004,99.8333796167731,3.97318869338978,0.0471010429516654,0,0,35,refinement
32,4,0.166620383226881,0.166620383226881,0.0138850319355735,0.933124363559045,-26.8668660923606,-0.260520344024004,99.8333796167731,3.95113992150637,0.0829875518672199,0,0,36,refinement
32,5,0.166620383226881,0.166620383226881,0,0.933124363559045,-27.1282898078168,-0.260520344024004,99.8333796167731,3.88719848304449,0.136817315240552,0,0,37,refinement
32,6,0.166620383226881,0.166620383226881,0,0.933124363559045,-27.4616352454837,-0.260520344024004,99.8333796167731,3.84310093927768,0.188404171806661,0,0,38,refinement
32,7,0.166620383226881,0.166620383226881,0,0.933124363559045,-27.6922291822324,-0.260520344024004,99.8333796167731,3.80561802707589,0.237748121565549,0,0,39,refinement
32,8,0.166620383226881,0.166620383226881,0,0.933124363559045,-27.9067341363743,-0.260520344024004,99.8333796167731,3.77033999206244,0.291577884938881,0,0,40,refinement
32,9,0.166620383226881,0.166620383226881,0,0.933124363559045,-28.0521791445898,-0.260520344024004,99.8333796167731,3.72844732548397,0.352136368733879,0,0,41,refinement
32,10,0.166620383226881,0.166620383226881,0,0.933124363559045,-28.6597097356872,-0.260520344024004,99.8333796167731,3.63584248357366,0.462038802287765,0,0,42,refinement
32,11,0.166620383226881,0.166620383226881,0,0.933124363559045,-29.1081894101537,-0.260520344024004,99.8333796167731,3.55205715041672,0.540540540540541,0,0,43,refinement
32,12,0.166620383226881,0.166620383226881,0,0.933124363559045,-29.320975828647,-0.260520344024004,99.8333796167731,3.50354985227323,0.578669956263317,0,0,44,refinement
33,0,0.138850319355735,0.138850319355735,0.0694251596778673,0.933124363559045,-26.1999834108942,-1.52704464668094,99.8611496806443,4.4251885169996,0,0,0,33,refinement
33,1,0.138850319355735,0.138850319355735,0.0555401277422938,0.933124363559045,-26.2224767494667,-1.52704464668094,99.8611496806443,4.42077876262292,0.00672872042166648,0,0,34,refinement
33,2,0.138850319355735,0.138850319355735,0.0555401277422938,0.933124363559045,-26.3065558629513,-1.52704464668094,99.8611496806443,4.40534462230454,0.0198438946950655,0,0,35,refinement
33,3,0.138850319355735,0.138850319355735,0.0555401277422938,0.933124363559045,-26.5194346445427,-1.52704464668094,99.8611496806443,4.39211535917449,0.0471010429516654,0,0,36,refinement
33,4,0.138850319355735,0.138850319355735,0.0138850319355735,0.933124363559045,-26.8833249050617,-1.52704464668094,99.8611496806443,4.37006658729109,0.0829875518672199,0,0,37,refinement
33,5,0.138850319355735,0.138850319355735,0,0.933124363559045,-27.1441383467945,-1.52704464668094,99.8611496806443,4.30612514882921,0.136817315240552,0,0,38,refinement
33,6,0.138850319355735,0.138850319355735,0,0.933124363559045,-27.5013522582796,-1.52704464668094,99.8611496806443,4.2620276050624,0.188404171806661,0,0,39,refinement
33,7,0.138850319355735,0.138850319355735,0,0.933124363559045,-27.6988934604837,-1.52704464668094,99.8611496806443,4.22454469286061,0.237748121565549,0,0,40,refinement
33,8,0.138850319355735,0.138850319355735,0,0.933124363559045,-27.9145718841094,-1.52704464668094,99.8611496806443,4.18926665784716,0.291577884938881,0,0,41,refinement
33,9,0.138850319355735,0.138850319355735,0,0.933124363559045,-28.0618049665354,-1.52704464668094,99.8611496806443,4.14737399126869,0.352136368733879,0,0,42,refinement
33,10,0.138850319355735,0.138850319355735,0,0.933124363559045,-28.6597097356872,-1.52704464668094,99.8611496806443,4.05476914935838,0.462038802287765,0,0,43,refinement
33,11,0.138850319355735,0.138850319355735,0,0.933124363559045,-29.1287846262647,-1.52704464668094,99.8611496806443,3.97098381620144,0.540540540540541,0,0,44,refinement
33,12,0.138850319355735,0.138850319355735,0,0.933124363559045,-29.3615996818167,-1.52704464668094,99.8611496806443,3.92247651805794,0.578669956263317,0,0,45,refinement
34,0,0.138850319355735,0.138850319355735,0.0416550958067204,0.29541352079292,-26.2224767494667,-5.39734066893848,99.8611496806443,4.87277858623275,0,0,0,34,refinement
34,1,0.111080255484588,0.111080255484588,0.0416550958067204,0.29541352079292,-26.2325081992586,-5.85216382418138,99.8889197445154,4.86836883185607,0.00672872042166648,0,0,35,refinement
34,2,0.111080255484588,0.111080255484588,0.0416550958067204,0.29541352079292,-26.309489585278,-6.12195064213683,99.8889197445154,4.85293469153768,0.0198438946950655,0,0,36,refinement
34,3,0.111080255484588,0.111080255484588,0.0416550958067204,0.29541352079292,-26.5535949703924,-6.12195064213683,99.8889197445154,4.83970542840764,0.0471010429516654,0,0,37,refinement
34,4,0.0833101916134407,0.0833101916134407,0.0138850319355735,0.29541352079292,-26.9064135063258,-6.88317374897341,99.9166898083866,4.81765665652423,0.0829875518672199,0,1,38,refinement
34,5,0.0833101916134407,0.0833101916134407,0,0.29541352079292,-27.1621283944066,-6.99009367983061,99.9166898083866,4.75371521806235,0.136817315240552,0,1,39,refinement
34,6,0.0833101916134407,0.0833101916134407,0,0.29541352079292,-27.5385885486584,-6.99009367983061,99.9166898083866,4.70961767429554,0.188404171806661,0,1,40,refinement
34,7,0.0833101916134407,0.0833101916134407,0,0.29541352079292,-27.7188788113776,-6.99009367983061,99.9166898083866,4.67213476209375,0.237748121565549,0,1,41,refinement
34,8,0.0833101916134407,0.0833101916134407,0,0.29541352079292,-27.9261523293116,-6.99009367983061,99.9166898083866,4.6368567270803,0.291577884938881,0,1,42,refinement
34,9,0.0833101916134407,0.0833101916134407,0,0.29541352079292,-28.0822495469507,-6.99009367983061,99.9166898083866,4.59496406050183,0.352136368733879,0,1,43,refinement
34,10,0.0833101916134407,0.0833101916134407,0,0.29541352079292,-28.6948523902508,-6.99009367983061,99.9166898083866,4.50235921859152,0.462038802287765,0,1,44,refinement
34,11,0.0833101916134407,0.0833101916134407,0,0.29541352079292,-29.207589524808,-6.99009367983061,99.9166898083866,4.41857388543458,0.540540540540541,0,1,45,refinement
34,12,0.0833101916134407,0.0833101916134407,0,0.29541352079292,-29.4727656538711,-6.99009367983061,99.9166898083866,4.37006658729109,0.578669956263317,0,1,46,refinement
35,0,0.138850319355735,0.138850319355735,0.0277700638711469,-1.34210240590328,-26.2224767494667,-5.39734066893848,99.8611496806443,5.31816377827755,0,0,0,35,refinement
35,1,0.111080255484588,0.111080255484588,0.0277700638711469,-1.34210240590328,-26.2325081992586,-5.85216382418138,99.8889197445154,5.31375402390087,0.00672872042166648,0,0,36,refinement
35,2,0.111080255484588,0.111080255484588,0.0277700638711469,-1.34210240590328,-26.309489585278,-6.12195064213683,99.8889197445154,5.29831988358248,0.0198438946950655,0,0,37,refinement
35,3,0.111080255484588,0.111080255484588,0.0277700638711469,-1.34210240590328,-26.5535949703924,-6.12195064213683,99.8889197445154,5.28509062045244,0.0471010429516654,0,0,38,refinement
35,4,0.0555401277422938,0.0555401277422938,0.0138850319355735,-1.34210240590328,-26.9064135063258,-8.81236121055304,99.9444598722577,5.26304184856903,0.0829875518672199,0,1,39,refinement
35,5,0.0555401277422938,0.0555401277422938,0,-1.34210240590328,-27.1621283944066,-10.0287883295669,99.9444598722577,5.19910041010716,0.136817315240552,0,1,40,refinement
35,6,0.0555401277422938,0.0555401277422938,0,-1.34210240590328,-27.5385885486584,-10.1141348720328,99.9444598722577,5.15500286634034,0.188404171806661,0,1,41,refinement
35,7,0.0555401277422938,0.0555401277422938,0,-1.34210240590328,-27.7188788113776,-10.226216090567,99.9444598722577,5.11751995413855,0.237748121565549,0,1,42,refinement
35,8,0.0555401277422938,0.0555401277422938,0,-1.34210240590328,-27.9261523293116,-10.226216090567,99.9444598722577,5.0822419191251,0.291577884938881,0,1,43,refinement
35,9,0.0555401277422938,0.0555401277422938,0,-1.34210240590328,-28.0822495469507,-10.226216090567,99.9444598722577,5.04034925254663,0.352136368733879,0,1,44,refinement
35,10,0.0555401277422938,0.0555401277422938,0,-1.34210240590328,-28.7033747002302,-10.226216090567,99.9444598722577,4.94774441063633,0.462038802287765,0,1,45,refinement
35,11,0.0555401277422938,0.0555401277422938,0,-1.34210240590328,-29.2213162714689,-10.226216090567,99.9444598722577,4.86395907747938,0.540540540540541,0,1,46,refinement
35,12,0.0555401277422938,0.0555401277422938,0,-1.34210240590328,-29.5101317846863,-10.226216090567,99.9444598722577,4.81545177933589,0.578669956263317,0,1,47,refinement
36,0,0.138850319355735,0.138850319355735,0.0138850319355735,-3.17321370073779,-26.2224767494667,-5.39734066893848,99.8611496806443,5.71607198678158,0,0,0,36,refinement
36,1,0.111080255484588,0.111080255484588,0.0138850319355735,-3.17321370073779,-26.2325081992586,-5.85216382418138,99.8889197445154,5.71607198678158,0.00672872042166648,0,0,37,refinement
36,2,0.111080255484588,0.111080255484588,0.0138850319355735,-3.17321370073779,-26.309489585278,-6.12195064213683,99.8889197445154,5.70714062430224,0.0198438946950655,0,0,38,refinement
36,3,0.111080255484588,0.111080255484588,0.0138850319355735,-3.17321370073779,-26.5535949703924,-6.12195064213683,99.8889197445154,5.68927789934355,0.0471010429516654,0,0,39,refinement
36,4,0.0277700638711469,0.0277700638711469,0.0138850319355735,-3.17321370073779,-26.9064135063258,-8.92533587007069,99.9722299361289,5.67141517438485,0.0829875518672199,0,1,40,refinement
36,5,0.0277700638711469,0.0277700638711469,0,-3.17321370073779,-27.1621283944066,-11.546862794506,99.9722299361289,5.63345688384763,0.136817315240552,0,1,41,refinement
36,6,0.0277700638711469,0.0277700638711469,0,-3.17321370073779,-27.5385885486584,-12.4372597216137,99.9722299361289,5.60666279640959,0.188404171806661,0,1,42,refinement
36,7,0.0277700638711469,0.0277700638711469,0,-3.17321370073779,-27.7188788113776,-13.667127454724,99.9722299361289,5.56647166525253,0.237748121565549,0,1,43,refinement
36,8,0.0277700638711469,0.0277700638711469,0,-3.17321370073779,-27.9261523293116,-13.667127454724,99.9722299361289,5.52628053409548,0.291577884938881,0,1,44,refinement
36,9,0.0277700638711469,0.0277700638711469,0,-3.17321370073779,-28.0822495469507,-13.667127454724,99.9722299361289,5.49278792479793,0.352136368733879,0,1,45,refinement
36,10,0.0277700638711469,0.0277700638711469,0,-3.17321370073779,-28.7033747002302,-13.667127454724,99.9722299361289,5.42133702496316,0.462038802287765,0,1,46,refinement
36,11,0.0277700638711469,0.0277700638711469,0,-3.17321370073779,-29.2213162714689,-13.667127454724,99.9722299361289,5.35881748760773,0.540540540540541,0,1,47,refinement
36,12,0.0277700638711469,0.0277700638711469,0,-3.17321370073779,-29.5101317846863,-13.667127454724,99.9722299361289,5.32979055954986,0.578669956263317,0,1,48,refinement
37,0,0.138850319355735,0.138850319355735,0,-4.44050634790798,-26.2224767494667,-5.39734066893848,99.8611496806443,6.21399544500514,0,0,0,37,refinement
37,1,0.111080255484588,0.111080255484588,0,-4.44050634790798,-26.2325081992586,-5.85216382418138,99.8889197445154,6.21399544500514,0.00672872042166648,0,0,38,refinement
37,2,0.111080255484588,0.111080255484588,0,-4.44050634790798,-26.309489585278,-6.12195064213683,99.8889197445154,6.20506408252579,0.0198438946950655,0,0,39,refinement
37,3,0.111080255484588,0.111080255484588,0,-4.44050634790798,-26.5535949703924,-6.12195064213683,99.8889197445154,6.1872013575671,0.0471010429516654,0,0,40,refinement
37,4,0.0277700638711469,0.0277700638711469,0,-5.35048603861347,-26.9064135063258,-9.82338427259434,99.9722299361289,6.1693386326084,0.0829875518672199,0,1,41,refinement
37,5,0,0,0,-9.86573063762251,-27.1621283944066,-12.4372597216137,100,6.13138034207118,0.136817315240552,1,1,42,refinement
37,6,0,0,0,-9.86573063762251,-27.5385885486584,-13.9021675486169,100,6.10458625463314,0.188404171806661,1,1,43,refinement
37,7,0,0,0,-9.86573063762251,-27.733937345018,-16.1156872589401,100,6.06439512347609,0.237748121565549,1,1,44,refinement
37,8,0,0,0,-9.86573063762251,-27.9800852628252,-16.1745067915012,100,6.02420399231903,0.291577884938881,1,1,45,refinement
37,9,0,0,0,-9.86573063762251,-28.0931901165914,-16.1745067915012,100,5.99071138302148,0.352136368733879,1,1,46,refinement
37,10,0,0,0,-9.86573063762251,-28.7157864686411,-16.1745067915012,100,5.91926048318671,0.462038802287765,1,1,47,refinement
37,11,0,0,0,-9.86573063762251,-29.2249602692331,-16.1745067915012,100,5.85674094583129,0.540540540540541,1,1,48,refinement
37,12,0,0,0,-9.86573063762251,-29.574350857118,-16.1745067915012,100,5.82771401777341,0.578669956263317,1,1,49,refinement
38,0,0.138850319355735,0.138850319355735,0,-4.44050634790798,-26.2224767494667,-5.39734066893848,99.8611496806443,6.8592863841379,0,0,0,38,refinement
38,1,0.111080255484588,0.111080255484588,0,-4.44050634790798,-26.2325081992586,-5.85216382418138,99.8889197445154,6.8592863841379,0.00672872042166648,0,0,39,refinement
38,2,0.111080255484588,0.111080255484588,0,-4.44050634790798,-26.309489585278,-6.12195064213683,99.8889197445154,6.85035502165855,0.0198438946950655,0,0,40,refinement
38,3,0.111080255484588,0.111080255484588,0,-4.44050634790798,-26.5535949703924,-6.12195064213683,99.8889197445154,6.83249229669986,0.0471010429516654,0,0,41,refinement
38,4,0.0277700638711469,0.0277700638711469,0,-5.35048603861347,-26.9064135063258,-9.98644196453871,99.9722299361289,6.81462957174117,0.0829875518672199,0,1,42,refinement
38,5,0,0,0,-11.4801632311366,-27.1621283944066,-13.477874651704,100,6.77667128120395,0.136817315240552,1,1,43,refinement
38,6,0,0,0,-12.3251785030795,-27.5561898823458,-14.4210372544658,100,6.74987719376591,0.188404171806661,1,1,44,refinement
38,7,0,0,0,-13.4348935380752,-27.7391922285931,-16.5533886403257,100,6.70968606260885,0.237748121565549,1,1,45,refinement
38,8,0,0,0,-13.4348935380752,-28.0363698900205,-17.3315765703144,100,6.66949493145179,0.291577884938881,1,1,46,refinement
38,9,0,0,0,-13.4348935380752,-28.1212306783371,-17.3315765703144,100,6.63600232215425,0.352136368733879,1,1,47,refinement
38,10,0,0,0,-13.4348935380752,-28.7307995871526,-17.3315765703144,100,6.56455142231948,0.462038802287765,1,1,48,refinement
38,11,0,0,0,-13.4348935380752,-29.2789742051118,-17.4002455588149,100,6.50203188496405,0.540540540540541,1,1,49,refinement
38,12,0,0,0,-13.4348935380752,-29.6140691772612,-17.4002455588149,100,6.47300495690618,0.578669956263317,1,1,50,refinement
39,0,0.138850319355735,0.138850319355735,0,-4.44050634790798,-26.2224767494667,-5.39734066893848,99.8611496806443,7.48671459831197,0,0,0,39,refinement
39,1,0.111080255484588,0.111080255484588,0,-4.44050634790798,-26.2325081992586,-5.85216382418138,99.8889197445154,7.48671459831197,0.00672872042166648,0,0,40,refinement
39,2,0.111080255484588,0.111080255484588,0,-4.44050634790798,-26.309489585278,-6.12195064213683,99.8889197445154,7.47778323583263,0.0198438946950655,0,0,41,refinement
39,3,0.111080255484588,0.111080255484588,0,-4.44050634790798,-26.5535949703924,-6.12195064213683,99.8889197445154,7.45992051087393,0.0471010429516654,0,0,42,refinement
39,4,0.0277700638711469,0.0277700638711469,0,-5.35048603861347,-26.9064135063258,-9.98644196453871,99.9722299361289,7.44205778591524,0.0829875518672199,0,1,43,refinement
39,5,0,0,0,-11.4801632311366,-27.1621283944066,-13.9021675486169,100,7.40409949537802,0.136817315240552,1,1,44,refinement
39,6,0,0,0,-12.3251785030795,-27.5561898823458,-16.1460026369543,100,7.37730540793998,0.188404171806661,1,1,45,refinement
39,7,0,0,0,-14.1713911120993,-27.7391922285931,-17.1793462552574,100,7.33711427678292,0.237748121565549,1,1,46,refinement
39,8,0,0,0,-14.1713911120993,-28.0363698900205,-17.3315765703144,100,7.29692314562587,0.291577884938881,1,1,47,refinement
39,9,0,0,0,-14.1713911120993,-28.1212306783371,-17.3315765703144,100,7.26343053632832,0.352136368733879,1,1,48,refinement
39,10,0,0,0,-14.1713911120993,-28.7307995871526,-17.3315765703144,100,7.19197963649355,0.462038802287765,1,1,49,refinement
39,11,0,0,0,-14.1713911120993,-29.2789742051118,-17.4002455588149,100,7.12946009913812,0.540540540540541,1,1,50,refinement
39,12,0,0,0,-14.1713911120993,-29.6140691772612,-17.4002455588149,100,7.10043317108025,0.578669956263317,1,1,51,refinement
40,0,0.138850319355735,0.138850319355735,0,-4.44050634790798,-26.2325081992586,-5.39734066893848,99.8611496806443,8.33965971508954,0,0,0,40,refinement
40,1,0.111080255484588,0.111080255484588,0,-4.44050634790798,-26.274162447079,-5.85216382418138,99.8889197445154,8.33965971508954,0.00672872042166648,0,0,41,refinement
40,2,0.111080255484588,0.111080255484588,0,-4.44050634790798,-26.3193790719759,-6.12195064213683,99.8889197445154,8.33072835261019,0.0198438946950655,0,0,42,refinement
40,3,0.111080255484588,0.111080255484588,0,-4.44050634790798,-26.5848415754027,-6.12195064213683,99.8889197445154,8.3128656276515,0.0471010429516654,0,0,43,refinement
40,4,0.0277700638711469,0.0277700638711469,0,-5.35048603861347,-26.9390129012938,-9.98644196453871,99.9722299361289,8.29500290269281,0.0829875518672199,0,1,44,refinement
40,5,0,0,0,-11.4801632311366,-27.2175676367084,-13.9021675486169,100,8.25704461215558,0.136817315240552,1,1,45,refinement
40,6,0,0,0,-12.3251785030795,-27.5837600461351,-16.2550476062257,100,8.23025052471755,0.188404171806661,1,1,46,refinement
40,7,0,0,0,-14.1713911120993,-27.8457365789043,-17.1793462552573,100,8.19005939356049,0.237748121565549,1,1,47,refinement
40,8,0,0,0,-14.1713911120993,-28.0822495469507,-17.3315765703144,100,8.14986826240343,0.291577884938881,1,1,48,refinement
40,9,0,0,0,-14.1713911120993,-28.3285295983575,-17.3315765703144,100,8.11637565310588,0.352136368733879,1,1,49,refinement
40,10,0,0,0,-14.1713911120993,-28.816465159185,-17.3315765703144,100,8.04492475327111,0.462038802287765,1,1,50,refinement
40,11,0,0,0,-14.1713911120993,-29.4254132821782,-17.4002455588149,100,7.98240521591569,0.540540540540541,1,1,51,refinement
40,12,0,0,0,-14.1713911120993,-29.6919856404394,-17.4002455588149,100,7.95337828785781,0.578669956263317,1,1,52,refinement
41,0,0.138850319355735,0.138850319355735,0,-4.44050634790798,-26.3065558629513,-5.39734066893848,99.8611496806443,9.32880810967713,0,0,0,41,refinement
41,1,0.111080255484588,0.111080255484588,0,-4.44050634790798,-26.309489585278,-5.85216382418138,99.8889197445154,9.32880810967713,0.00672872042166648,0,0,42,refinement
41,2,0.111080255484588,0.111080255484588,0,-4.44050634790798,-26.3561265791331,-6.12195064213683,99.8889197445154,9.31987674719779,0.0198438946950655,0,0,43,refinement
41,3,0.111080255484588,0.111080255484588,0,-4.44050634790798,-26.6655236816996,-6.12195064213683,99.8889197445154,9.30201402223909,0.0471010429516654,0,0,44,refinement
41,4,0.0277700638711469,0.0277700638711469,0,-5.35048603861347,-27.0080864524355,-9.98644196453871,99.9722299361289,9.2841512972804,0.0829875518672199,0,1,45,refinement
41,5,0,0,0,-11.4801632311366,-27.2717349706145,-13.9021675486169,100,9.24619300674318,0.136817315240552,1,1,46,refinement
41,6,0,0,0,-12.3251785030795,-27.6922291822324,-16.2550476062257,100,9.21939891930514,0.188404171806661,1,1,47,refinement
41,7,0,0,0,-14.1713911120993,-27.9145718841094,-17.1793462552573,100,9.17920778814808,0.237748121565549,1,1,48,refinement
41,8,0,0,0,-14.1713911120993,-28.1455073975027,-17.3315765703144,100,9.13901665699102,0.291577884938881,1,1,49,refinement
41,9,0,0,0,-14.1713911120993,-28.4028606739904,-17.3315765703144,100,9.10552404769347,0.352136368733879,1,1,50,refinement
41,10,0,0,0,-14.1713911120993,-28.9063348389675,-17.3315765703144,100,9.03407314785871,0.462038802287765,1,1,51,refinement
41,11,0,0,0,-14.1713911120993,-29.5491261603127,-17.4002455588149,100,8.97155361050328,0.540540540540541,1,1,52,refinement
41,12,0,0,0,-14.1713911120993,-29.778312121041,-17.4002455588149,100,8.94252668244541,0.578669956263317,1,1,53,refinement
42,0,0.138850319355735,0.138850319355735,0,-4.44050634790798,-26.309489585278,-5.39734066893848,99.8611496806443,10.1527262983968,0,0,0,42,refinement
42,1,0.111080255484588,0.111080255484588,0,-4.44050634790798,-26.3193790719759,-5.85216382418138,99.8889197445154,10.1527262983968,0.00672872042166648,0,0,43,refinement
42,2,0.111080255484588,0.111080255484588,0,-4.44050634790798,-26.4405581863286,-6.12195064213683,99.8889197445154,10.1437949359175,0.0198438946950655,0,0,44,refinement
42,3,0.111080255484588,0.111080255484588,0,-4.44050634790798,-26.7423406955947,-6.12195064213683,99.8889197445154,10.1259322109588,0.0471010429516654,0,0,45,refinement
42,4,0.0277700638711469,0.0277700638711469,0,-5.35048603861347,-27.0164315404471,-9.98644196453871,99.9722299361289,10.1080694860001,0.0829875518672199,0,1,46,refinement
42,5,0,0,0,-11.4801632311366,-27.2858764697562,-13.9021675486169,100,10.0701111954629,0.136817315240552,1,1,47,refinement
42,6,0,0,0,-12.3251785030795,-27.7168487239531,-16.2550476062257,100,10.0433171080248,0.188404171806661,1,1,48,refinement
42,7,0,0,0,-15.6379810793952,-27.9261523293116,-17.3315765703144,100,10.0031259768678,0.237748121565549,1,1,49,refinement
42,8,0,0,0,-16.8618997329308,-28.2777843019904,-17.4002455588149,100,9.96293484571071,0.291577884938881,1,1,50,refinement
42,9,0,0,0,-16.8618997329308,-28.433686428446,-17.4002455588149,100,9.92944223641316,0.352136368733879,1,1,51,refinement
42,10,0,0,0,-16.8618997329308,-28.9231735320444,-17.4002455588149,100,9.8579913365784,0.462038802287765,1,1,52,refinement
42,11,0,0,0,-16.8618997329308,-29.6140691772612,-17.463277680095,100,9.79547179922297,0.540540540540541,1,1,53,refinement
42,12,0,0,0,-16.8618997329308,-29.8338599109978,-17.463277680095,100,9.7664448711651,0.578669956263317,1,1,54,refinement
43,0,0.138850319355735,0.138850319355735,0,-4.44050634790798,-26.309489585278,-5.39734066893848,99.8611496806443,11.119546286786,0,0,0,43,refinement
43,1,0.111080255484588,0.111080255484588,0,-4.44050634790798,-26.3193790719759,-5.85216382418138,99.8889197445154,11.119546286786,0.00672872042166648,0,0,44,refinement
43,2,0.111080255484588,0.111080255484588,0,-4.44050634790798,-26.4405581863286,-6.12195064213683,99.8889197445154,11.1106149243067,0.0198438946950655,0,0,45,refinement
43,3,0.111080255484588,0.111080255484588,0,-4.44050634790798,-26.7423406955947,-6.12195064213683,99.8889197445154,11.092752199348,0.0471010429516654,0,0,46,refinement
43,4,0.0277700638711469,0.0277700638711469,0,-5.35048603861347,-27.0164315404471,-9.98644196453871,99.9722299361289,11.0748894743893,0.0829875518672199,0,1,47,refinement
43,5,0,0,0,-11.4801632311366,-27.2858764697562,-13.9021675486169,100,11.0369311838521,0.136817315240552,1,1,48,refinement
43,6,0,0,0,-12.3251785030795,-27.7168487239531,-16.2550476062257,100,11.0101370964141,0.188404171806661,1,1,49,refinement
43,7,0,0,0,-15.6379810793952,-27.9261523293116,-17.3315765703144,100,10.969945965257,0.237748121565549,1,1,50,refinement
43,8,0,0,0,-16.8618997329308,-28.2777843019904,-17.4002455588149,100,10.9297548340999,0.291577884938881,1,1,51,refinement
43,9,0,0,0,-16.8618997329308,-28.433686428446,-17.4002455588149,100,10.8962622248024,0.352136368733879,1,1,52,refinement
43,10,0,0,0,-16.8618997329308,-28.9231735320444,-17.4002455588149,100,10.8248113249676,0.462038802287765,1,1,53,refinement
43,11,0,0,0,-16.8618997329308,-29.6529519640966,-17.463277680095,100,10.7622917876122,0.540540540540541,1,1,54,refinement
43,12,0,0,0,-16.8618997329308,-29.8504541689006,-17.463277680095,100,10.7332648595543,0.578669956263317,1,1,55,refinement
44,0,0.138850319355735,0.138850319355735,0,-4.44050634790798,-26.309489585278,-5.39734066893848,99.8611496806443,12.0774349126959,0,0,0,44,refinement
44,1,0.111080255484588,0.111080255484588,0,-4.44050634790798,-26.3193790719759,-5.85216382418138,99.8889197445154,12.0774349126959,0.00672872042166648,0,0,45,refinement
44,2,0.111080255484588,0.111080255484588,0,-4.44050634790798,-26.4405581863286,-6.12195064213683,99.8889197445154,12.0685035502166,0.0198438946950655,0,0,46,refinement
44,3,0.111080255484588,0.111080255484588,0,-4.44050634790798,-26.7423406955947,-6.12195064213683,99.8889197445154,12.0506408252579,0.0471010429516654,0,0,47,refinement
44,4,0.0277700638711469,0.0277700638711469,0,-5.35048603861347,-27.0164315404471,-9.98644196453871,99.9722299361289,12.0327781002992,0.0829875518672199,0,1,48,refinement
44,5,0,0,0,-11.4801632311366,-27.2858764697562,-13.9021675486169,100,11.994819809762,0.136817315240552,1,1,49,refinement
44,6,0,0,0,-12.3251785030795,-27.7168487239531,-16.2550476062257,100,11.9680257223239,0.188404171806661,1,1,50,refinement
44,7,0,0,0,-15.6379810793952,-27.9345716956388,-17.3315765703144,100,11.9278345911669,0.237748121565549,1,1,51,refinement
44,8,0,0,0,-16.8618997329308,-28.2777843019904,-17.4002455588149,100,11.8876434600098,0.291577884938881,1,1,52,refinement
44,9,0,0,0,-16.8618997329308,-28.433686428446,-17.4002455588149,100,11.8541508507123,0.352136368733879,1,1,53,refinement
44,10,0,0,0,-16.8618997329308,-28.9231735320444,-17.4002455588149,100,11.7826999508775,0.462038802287765,1,1,54,refinement
44,11,0,0,0,-16.8618997329308,-29.6529519640966,-17.463277680095,100,11.7201804135221,0.540540540540541,1,1,55,refinement
44,12,0,0,0,-16.8618997329308,-29.8504541689006,-17.463277680095,100,11.6911534854642,0.578669956263317,1,1,56,refinement
45,0,0.138850319355735,0.138850319355735,0,-4.44050634790798,-26.309489585278,-5.39734066893848,99.8611496806443,13.25190907873,0,0,0,45,refinement
45,1,0.111080255484588,0.111080255484588,0,-4.44050634790798,-26.3193790719759,-5.85216382418138,99.8889197445154,13.25190907873,0.00672872042166648,0,0,46,refinement
45,2,0.111080255484588,0.111080255484588,0,-4.44050634790798,-26.4405581863285,-6.12195064213683,99.8889197445154,13.2429777162506,0.0198438946950655,0,0,47,refinement
45,3,0.111080255484588,0.111080255484588,0,-4.44050634790798,-26.7423406955947,-6.12195064213683,99.8889197445154,13.2251149912919,0.0471010429516654,0,0,48,refinement
45,4,0.0277700638711469,0.0277700638711469,0,-5.35048603861347,-27.0164315404471,-9.98644196453871,99.9722299361289,13.2072522663332,0.0829875518672199,0,1,49,refinement
45,5,0,0,0,-11.4801632311366,-27.2858764697562,-13.9021675486169,100,13.169293975796,0.136817315240552,1,1,50,refinement
45,6,0,0,0,-12.3251785030795,-27.7168487239531,-16.2550476062257,100,13.142499888358,0.188404171806661,1,1,51,refinement
45,7,0,0,0,-15.6379810793952,-27.972312496287,-17.3315765703144,100,13.1023087572009,0.237748121565549,1,1,52,refinement
45,8,0,0,0,-16.8618997329308,-28.2777843019904,-17.4002455588149,100,13.0621176260439,0.291577884938881,1,1,53,refinement
45,9,0,0,0,-16.8618997329308,-28.433686428446,-17.4002455588149,100,13.0286250167463,0.352136368733879,1,1,54,refinement
45,10,0,0,0,-16.8618997329308,-28.9231735320444,-17.4002455588149,100,12.9571741169115,0.462038802287765,1,1,55,refinement
45,11,0,0,0,-16.8618997329308,-29.6529519640966,-17.463277680095,100,12.8946545795561,0.540540540540541,1,1,56,refinement
45,12,0,0,0,-16.8618997329308,-29.8504541689006,-17.463277680095,100,12.8656276514982,0.578669956263317,1,1,57,refinement
46,0,0.138850319355735,0.138850319355735,0,-4.44050634790798,-26.309489585278,-5.39734066893848,99.8611496806443,14.5246282320368,0,0,0,46,refinement
46,1,0.111080255484588,0.111080255484588,0,-4.44050634790798,-26.3193790719759,-5.85216382418138,99.8889197445154,14.5246282320368,0.00672872042166648,0,0,47,refinement
46,2,0.111080255484588,0.111080255484588,0,-4.44050634790798,-26.4405581863285,-6.12195064213683,99.8889197445154,14.5156968695575,0.0198438946950655,0,0,48,refinement
46,3,0.111080255484588,0.111080255484588,0,-4.44050634790798,-26.7423406955947,-6.12195064213683,99.8889197445154,14.4978341445988,0.0471010429516654,0,0,49,refinement
46,4,0.0277700638711469,0.0277700638711469,0,-5.35048603861347,-27.0164315404471,-9.98644196453871,99.9722299361289,14.4799714196401,0.0829875518672199,0,1,50,refinement
46,5,0,0,0,-11.4801632311366,-27.2858764697562,-13.9021675486169,100,14.4420131291028,0.136817315240552,1,1,51,refinement
46,6,0,0,0,-12.3251785030795,-27.7168487239531,-16.2550476062257,100,14.4152190416648,0.188404171806661,1,1,52,refinement
46,7,0,0,0,-15.6379810793952,-27.972312496287,-17.3315765703144,100,14.3750279105077,0.237748121565549,1,1,53,refinement
46,8,0,0,0,-16.8618997329308,-28.2777843019904,-17.4002455588149,100,14.3348367793507,0.291577884938881,1,1,54,refinement
46,9,0,0,0,-16.8618997329308,-28.433686428446,-17.4002455588149,100,14.3013441700531,0.352136368733879,1,1,55,refinement
46,10,0,0,0,-16.8618997329308,-28.9231735320444,-17.4002455588149,100,14.2298932702184,0.462038802287765,1,1,56,refinement
46,11,0,0,0,-16.8618997329308,-29.6529519640966,-17.463277680095,100,14.1673737328629,0.540540540540541,1,1,57,refinement
46,12,0,0,0,-16.8618997329308,-29.8504541689006,-17.463277680095,100,14.1383468048051,0.578669956263317,1,1,58,refinement
47,0,0.138850319355735,0.138850319355735,0,-4.44050634790798,-26.309489585278,-5.39734066893848,99.8611496806443,15.6678426293931,0,0,0,47,refinement
47,1,0.111080255484588,0.111080255484588,0,-4.44050634790798,-26.3193790719759,-5.85216382418138,99.8889197445154,15.6678426293931,0.00672872042166648,0,0,48,refinement
47,2,0.111080255484588,0.111080255484588,0,-4.44050634790798,-26.4405581863286,-6.12195064213683,99.8889197445154,15.6589112669138,0.0198438946950655,0,0,49,refinement
47,3,0.111080255484588,0.111080255484588,0,-4.44050634790798,-26.7423406955947,-6.12195064213683,99.8889197445154,15.6410485419551,0.0471010429516654,0,0,50,refinement
47,4,0.0277700638711469,0.0277700638711469,0,-5.35048603861347,-27.0164315404471,-9.98644196453871,99.9722299361289,15.6231858169964,0.0829875518672199,0,1,51,refinement
47,5,0,0,0,-11.4801632311366,-27.2858764697562,-13.9021675486169,100,15.5852275264592,0.136817315240552,1,1,52,refinement
47,6,0,0,0,-12.3251785030795,-27.7168487239531,-16.2550476062257,100,15.5584334390211,0.188404171806661,1,1,53,refinement
47,7,0,0,0,-15.6379810793952,-27.972312496287,-17.3315765703144,100,15.5182423078641,0.237748121565549,1,1,54,refinement
47,8,0,0,0,-16.8618997329308,-28.2777843019904,-17.4002455588149,100,15.478051176707,0.291577884938881,1,1,55,refinement
47,9,0,0,0,-16.8618997329308,-28.433686428446,-17.4002455588149,100,15.4445585674095,0.352136368733879,1,1,56,refinement
47,10,0,0,0,-16.8618997329308,-28.9231735320444,-17.4002455588149,100,15.3731076675747,0.462038802287765,1,1,57,refinement
47,11,0,0,0,-16.8618997329308,-29.6529519640966,-17.463277680095,100,15.3105881302193,0.540540540540541,1,1,58,refinement
47,12,0,0,0,-16.8618997329308,-29.8504541689006,-17.463277680095,100,15.2815612021614,0.578669956263317,1,1,59,refinement
133.758537025028,0,0.138850319355735,0.138850319355735,0,-4.44050634790798,-26.7726706048366,-5.39734066893849,99.8611496806443,100,0,0,0,133.758537025028,refinement
133.758537025028,1,0.111080255484588,0.111080255484588,0,-4.44050634790798,-26.7961241529697,-5.85216382418138,99.8889197445154,100,0.00672872042166648,0,0,134.758537025028,refinement
133.758537025028,2,0.111080255484588,0.111080255484588,0,-4.44050634790798,-26.8668660923606,-6.12195064213683,99.8889197445154,99.9912184412733,0.0198438946950655,0,0,135.758537025028,refinement
133.758537025028,3,0.111080255484588,0.111080255484588,0,-4.44050634790798,-27.0220001877508,-6.12195064213683,99.8889197445154,99.9780461031833,0.0471010429516654,0,0,136.758537025028,refinement
133.758537025028,4,0.0277700638711469,0.0277700638711469,0,-5.35048603861348,-27.3806014556043,-9.98644196453871,99.9722299361289,99.9553431876033,0.0829875518672199,0,1,137.758537025028,refinement
133.758537025028,5,0,0,0,-11.4801632311366,-28.02556836375,-13.9021675486169,100,99.9187705817783,0.136817315240552,1,1,138.758537025028,refinement
133.758537025028,6,0,0,0,-12.3251785030795,-28.3455498676709,-16.2550476062257,100,99.890590809628,0.188404171806661,1,1,139.758537025028,refinement
133.758537025028,7,0,0,0,-15.6379810793952,-28.5498091352293,-17.3316079206859,100,99.8503996784709,0.237748121565549,1,1,140.758537025028,refinement
133.758537025028,8,0,0,0,-16.8631101052945,-28.7158477295753,-17.4005373323527,100,99.8102085473139,0.291577884938881,1,1,141.758537025028,refinement
133.758537025028,9,0,0,0,-16.8631101052945,-28.8421541854291,-17.4005373323527,100,99.7767159380163,0.352136368733879,1,1,142.758537025028,refinement
133.758537025028,10,0,0,0,-16.8631101052945,-29.5877037880638,-17.4005373323527,100,99.7052650381816,0.462038802287765,1,1,143.758537025028,refinement
133.758537025028,11,0,0,0,-16.8631101052945,-30.1662154726499,-17.4633909379977,100,99.6427455008262,0.540540540540541,1,1,144.758537025028,refinement
133.758537025028,12,0,0,0,-16.8631101052945,-30.3820531231311,-17.4633909379977,100,99.6137185727683,0.578669956263317,1,1,145.758537025028,refinement
133.758537025028,133.758537025028,0,0,0,-2969.09346595255,-2969.09346595255,-2969.09346595255,100,0,100,1,1,267.517074050055,refinement
32.5,2.5,0.138850319355735,0.138850319355735,0.0555401277422938,0.933124363559045,-26.3356917233623,-1.52704464668094,99.8611496806443,4.20470079816554,0.0336436021083324,0,0,35,final
32.5,3,0.138850319355735,0.138850319355735,0.0555401277422938,0.933124363559045,-26.5194346445427,-1.52704464668094,99.8611496806443,4.19808616660052,0.0471010429516654,0,0,35.5,final
32.5,3.5,0.138850319355735,0.138850319355735,0.0138850319355735,0.933124363559045,-26.85187304365,-1.52704464668094,99.8611496806443,4.18926665784716,0.0717730178311091,0,0,36,final
32.5,4,0.138850319355735,0.138850319355735,0.0138850319355735,0.933124363559045,-26.8833249050617,-1.52704464668094,99.8611496806443,4.17603739471711,0.0829875518672199,0,0,36.5,final
32.5,4.5,0.138850319355735,0.138850319355735,0,0.933124363559045,-27.0375385060711,-1.52704464668094,99.8611496806443,4.15178374564537,0.107659526746664,0,0,37,final
32.5,5,0.138850319355735,0.138850319355735,0,0.933124363559045,-27.1441383467945,-1.52704464668094,99.8611496806443,4.11209595625524,0.136817315240552,0,0,37.5,final
32.5,5.5,0.138850319355735,0.138850319355735,0,0.933124363559045,-27.3635320375993,-1.52704464668094,99.8611496806443,4.09225206156017,0.163732196927218,0,0,38,final
32.5,6,0.138850319355735,0.138850319355735,0,0.933124363559045,-27.5013522582796,-1.52704464668094,99.8611496806443,4.06799841248842,0.188404171806661,0,0,38.5,final
32.5,6.5,0.138850319355735,0.138850319355735,0,0.933124363559045,-27.658525114686,-1.52704464668094,99.8611496806443,4.04815451779336,0.215319053493327,0,0,39,final
33,2.5,0.138850319355735,0.138850319355735,0.0555401277422938,0.933124363559045,-26.3356917233623,-1.52704464668094,99.8611496806443,4.39872999073952,0.0336436021083324,0,0,35.5,final
33,3,0.138850319355735,0.138850319355735,0.0555401277422938,0.933124363559045,-26.5194346445427,-1.52704464668094,99.8611496806443,4.39211535917449,0.0471010429516654,0,0,36,final
33,3.5,0.138850319355735,0.138850319355735,0.0138850319355735,0.933124363559045,-26.85187304365,-1.52704464668094,99.8611496806443,4.38329585042113,0.0717730178311091,0,0,36.5,final
33,4,0.138850319355735,0.138850319355735,0.0138850319355735,0.933124363559045,-26.8833249050617,-1.52704464668094,99.8611496806443,4.37006658729109,0.0829875518672199,0,0,37,final
33,4.5,0.138850319355735,0.138850319355735,0,0.933124363559045,-27.0375385060711,-1.52704464668094,99.8611496806443,4.34581293821934,0.107659526746664,0,0,37.5,final
33,5,0.138850319355735,0.138850319355735,0,0.933124363559045,-27.1441383467945,-1.52704464668094,99.8611496806443,4.30612514882921,0.136817315240552,0,0,38,final
33,5.5,0.138850319355735,0.138850319355735,0,0.933124363559045,-27.3635320375993,-1.52704464668094,99.8611496806443,4.28628125413414,0.163732196927218,0,0,38.5,final
33,6,0.138850319355735,0.138850319355735,0,0.933124363559045,-27.5013522582796,-1.52704464668094,99.8611496806443,4.2620276050624,0.188404171806661,0,0,39,final
33,6.5,0.138850319355735,0.138850319355735,0,0.933124363559045,-27.658525114686,-1.52704464668094,99.8611496806443,4.24218371036733,0.215319053493327,0,0,39.5,final
33.5,2.5,0.111080255484588,0.111080255484588,0.0555401277422938,0.933124363559045,-26.3561265791332,-3.52608857572583,99.8889197445154,4.60378356925519,0.0336436021083324,0,0,36,final
33.5,3,0.111080255484588,0.111080255484588,0.0555401277422938,0.933124363559045,-26.5535949703924,-3.52608857572583,99.8889197445154,4.59716893769017,0.0471010429516654,0,0,36.5,final
33.5,3.5,0.111080255484588,0.111080255484588,0.0138850319355735,0.933124363559045,-26.8668660923606,-3.52608857572583,99.8889197445154,4.58834942893681,0.0717730178311091,0,0,37,final
33.5,4,0.111080255484588,0.111080255484588,0.0138850319355735,0.933124363559045,-26.9064135063258,-3.52608857572583,99.8889197445154,4.57512016580676,0.0829875518672199,0,0,37.5,final
33.5,4.5,0.111080255484588,0.111080255484588,0,0.933124363559045,-27.0590560200173,-3.52608857572583,99.8889197445154,4.55086651673502,0.107659526746664,0,0,38,final
33.5,5,0.111080255484588,0.111080255484588,0,0.933124363559045,-27.1621283944066,-3.52608857572583,99.8889197445154,4.51117872734489,0.136817315240552,0,0,38.5,final
33.5,5.5,0.111080255484588,0.111080255484588,0,0.933124363559045,-27.3806014556043,-3.52608857572583,99.8889197445154,4.49133483264982,0.163732196927218,0,0,39,final
33.5,6,0.111080255484588,0.111080255484588,0,0.933124363559045,-27.5385885486584,-3.52608857572583,99.8889197445154,4.46708118357807,0.188404171806661,0,0,39.5,final
33.5,6.5,0.111080255484588,0.111080255484588,0,0.933124363559045,-27.6772127452688,-3.52608857572583,99.8889197445154,4.44723728888301,0.215319053493327,0,0,40,final
34,2.5,0.111080255484588,0.111080255484588,0.0416550958067204,0.29541352079292,-26.3561265791332,-6.12195064213683,99.8889197445154,4.84632005997266,0.0336436021083324,0,0,36.5,final
34,3,0.111080255484588,0.111080255484588,0.0416550958067204,0.29541352079292,-26.5535949703924,-6.12195064213683,99.8889197445154,4.83970542840764,0.0471010429516654,0,0,37,final
34,3.5,0.0833101916134407,0.0833101916134407,0.0138850319355735,0.29541352079292,-26.8668660923606,-6.88317374897341,99.9166898083866,4.83088591965427,0.0717730178311091,0,1,37.5,final
34,4,0.0833101916134407,0.0833101916134407,0.0138850319355735,0.29541352079292,-26.9064135063258,-6.88317374897341,99.9166898083866,4.81765665652423,0.0829875518672199,0,1,38,final
34,4.5,0.0833101916134407,0.0833101916134407,0,0.29541352079292,-27.0590560200173,-6.88841749871143,99.9166898083866,4.79340300745248,0.107659526746664,0,1,38.5,final
34,5,0.0833101916134407,0.0833101916134407,0,0.29541352079292,-27.1621283944066,-6.99009367983061,99.9166898083866,4.75371521806235,0.136817315240552,0,1,39,final
34,5.5,0.0833101916134407,0.0833101916134407,0,0.29541352079292,-27.3806014556043,-6.99009367983061,99.9166898083866,4.73387132336729,0.163732196927218,0,1,39.5,final
34,6,0.0833101916134407,0.0833101916134407,0,0.29541352079292,-27.5385885486584,-6.99009367983061,99.9166898083866,4.70961767429554,0.188404171806661,0,1,40,final
34,6.5,0.0833101916134407,0.0833101916134407,0,0.29541352079292,-27.6772127452688,-6.99009367983061,99.9166898083866,4.68977377960048,0.215319053493327,0,1,40.5,final
34.5,2.5,0.111080255484588,0.111080255484588,0.0416550958067204,0.29541352079292,-26.3561265791332,-6.12195064213683,99.8889197445154,5.06460290161838,0.0336436021083324,0,0,37,final
34.5,3,0.111080255484588,0.111080255484588,0.0416550958067204,0.29541352079292,-26.5535949703924,-6.12195064213683,99.8889197445154,5.05798827005336,0.0471010429516654,0,0,37.5,final
34.5,3.5,0.0833101916134407,0.0833101916134407,0.0138850319355735,0.29541352079292,-26.8668660923606,-6.88317374897341,99.9166898083866,5.0491687613,0.0717730178311091,0,1,38,final
34.5,4,0.0833101916134407,0.0833101916134407,0.0138850319355735,0.29541352079292,-26.9064135063258,-6.88317374897341,99.9166898083866,5.03593949816995,0.0829875518672199,0,1,38.5,final
34.5,4.5,0.0833101916134407,0.0833101916134407,0,0.29541352079292,-27.0590560200173,-6.88841749871143,99.9166898083866,5.01168584909821,0.107659526746664,0,1,39,final
34.5,5,0.0833101916134407,0.0833101916134407,0,0.29541352079292,-27.1621283944066,-6.99009367983061,99.9166898083866,4.97199805970807,0.136817315240552,0,1,39.5,final
34.5,5.5,0.0833101916134407,0.0833101916134407,0,0.29541352079292,-27.3806014556043,-6.99009367983061,99.9166898083866,4.95215416501301,0.163732196927218,0,1,40,final
34.5,6,0.0833101916134407,0.0833101916134407,0,0.29541352079292,-27.5385885486584,-6.99009367983061,99.9166898083866,4.92790051594126,0.188404171806661,0,1,40.5,final
34.5,6.5,0.0833101916134407,0.0833101916134407,0,0.29541352079292,-27.6772127452688,-6.99009367983061,99.9166898083866,4.9080566212462,0.215319053493327,0,1,41,final
35,2.5,0.111080255484588,0.111080255484588,0.0277700638711469,-1.34210240590328,-26.3561265791331,-6.12195064213683,99.8889197445154,5.29170525201746,0.0336436021083324,0,0,37.5,final
35,3,0.111080255484588,0.111080255484588,0.0277700638711469,-1.34210240590328,-26.5535949703924,-6.12195064213683,99.8889197445154,5.28509062045244,0.0471010429516654,0,0,38,final
35,3.5,0.0555401277422938,0.0555401277422938,0.0138850319355735,-1.34210240590328,-26.8668660923606,-8.81236121055304,99.9444598722577,5.27627111169908,0.0717730178311091,0,1,38.5,final
35,4,0.0555401277422938,0.0555401277422938,0.0138850319355735,-1.34210240590328,-26.9064135063258,-8.81236121055304,99.9444598722577,5.26304184856903,0.0829875518672199,0,1,39,final
35,4.5,0.0555401277422938,0.0555401277422938,0,-1.34210240590328,-27.0590560200173,-8.92533587007069,99.9444598722577,5.23878819949729,0.107659526746664,0,1,39.5,final
35,5,0.0555401277422938,0.0555401277422938,0,-1.34210240590328,-27.1621283944066,-10.0287883295669,99.9444598722577,5.19910041010716,0.136817315240552,0,1,40,final
35,5.5,0.0555401277422938,0.0555401277422938,0,-1.34210240590328,-27.3806014556043,-10.0287883295669,99.9444598722577,5.17925651541209,0.163732196927218,0,1,40.5,final
35,6,0.0555401277422938,0.0555401277422938,0,-1.34210240590328,-27.5385885486584,-10.1141348720328,99.9444598722577,5.15500286634034,0.188404171806661,0,1,41,final
35,6.5,0.0555401277422938,0.0555401277422938,0,-1.34210240590328,-27.6772127452688,-10.1141348720328,99.9444598722577,5.13515897164528,0.215319053493327,0,1,41.5,final
35.5,2.5,0.111080255484588,0.111080255484588,0.0277700638711469,-1.34210240590328,-26.3561265791331,-6.12195064213683,99.8889197445154,5.5055783392865,0.0336436021083324,0,0,38,final
35.5,3,0.111080255484588,0.111080255484588,0.0277700638711469,-1.34210240590328,-26.5535949703924,-6.12195064213683,99.8889197445154,5.49896370772148,0.0471010429516654,0,0,38.5,final
35.5,3.5,0.0555401277422938,0.0555401277422938,0.0138850319355735,-1.34210240590328,-26.8668660923606,-8.81236121055304,99.9444598722577,5.49014419896812,0.0717730178311091,0,1,39,final
35.5,4,0.0555401277422938,0.0555401277422938,0.0138850319355735,-1.34210240590328,-26.9064135063258,-8.81236121055304,99.9444598722577,5.47691493583807,0.0829875518672199,0,1,39.5,final
35.5,4.5,0.0555401277422938,0.0555401277422938,0,-1.34210240590328,-27.0590560200173,-8.92533587007069,99.9444598722577,5.45266128676633,0.107659526746664,0,1,40,final
35.5,5,0.0555401277422938,0.0555401277422938,0,-1.34210240590328,-27.1621283944066,-10.0287883295669,99.9444598722577,5.4129734973762,0.136817315240552,0,1,40.5,final
35.5,5.5,0.0555401277422938,0.0555401277422938,0,-1.34210240590328,-27.3806014556043,-10.0287883295669,99.9444598722577,5.39312960268113,0.163732196927218,0,1,41,final
35.5,6,0.0555401277422938,0.0555401277422938,0,-1.34210240590328,-27.5385885486584,-10.1141348720328,99.9444598722577,5.36887595360938,0.188404171806661,0,1,41.5,final
35.5,6.5,0.0555401277422938,0.0555401277422938,0,-1.34210240590328,-27.6772127452688,-10.1141348720328,99.9444598722577,5.34903205891432,0.215319053493327,0,1,42,final
36,2.5,0.111080255484588,0.111080255484588,0.0138850319355735,-3.17321370073779,-26.3561265791331,-6.12195064213683,99.8889197445154,5.69820926182289,0.0336436021083324,0,0,38.5,final
36,3,0.111080255484588,0.111080255484588,0.0138850319355735,-3.17321370073779,-26.5535949703924,-6.12195064213683,99.8889197445154,5.68927789934355,0.0471010429516654,0,0,39,final
36,3.5,0.0277700638711469,0.0277700638711469,0.0138850319355735,-3.17321370073779,-26.8668660923606,-8.92533587007069,99.9722299361289,5.67811369624436,0.0717730178311091,0,1,39.5,final
36,4,0.0277700638711469,0.0277700638711469,0.0138850319355735,-3.17321370073779,-26.9064135063258,-8.92533587007069,99.9722299361289,5.67141517438485,0.0829875518672199,0,1,40,final
36,4.5,0.0277700638711469,0.0277700638711469,0,-3.17321370073779,-27.0590560200173,-9.55084844549046,99.9722299361289,5.65355244942616,0.107659526746664,0,1,40.5,final
36,5,0.0277700638711469,0.0277700638711469,0,-3.17321370073779,-27.1621283944066,-11.546862794506,99.9722299361289,5.63345688384763,0.136817315240552,0,1,41,final
36,5.5,0.0277700638711469,0.0277700638711469,0,-3.17321370073779,-27.3806014556043,-11.5655097736026,99.9722299361289,5.62229268074845,0.163732196927218,0,1,41.5,final
36,6,0.0277700638711469,0.0277700638711469,0,-3.17321370073779,-27.5385885486584,-12.4372597216137,99.9722299361289,5.60666279640959,0.188404171806661,0,1,42,final
36,6.5,0.0277700638711469,0.0277700638711469,0,-3.17321370073779,-27.6772127452688,-12.4372597216137,99.9722299361289,5.58656723083106,0.215319053493327,0,1,42.5,final
36.5,2.5,0.111080255484588,0.111080255484588,0,-4.44050634790798,-26.3561265791331,-6.12195064213683,99.8889197445154,5.93935604876524,0.0336436021083324,0,0,39,final
36.5,3,0.111080255484588,0.111080255484588,0,-4.44050634790798,-26.5535949703924,-6.12195064213683,99.8889197445154,5.93042468628589,0.0471010429516654,0,0,39.5,final
36.5,3.5,0.0277700638711469,0.0277700638711469,0,-5.35048603861347,-26.8668660923606,-9.54609095620478,99.9722299361289,5.91926048318671,0.0717730178311091,0,1,40,final
36.5,4,0.0277700638711469,0.0277700638711469,0,-5.35048603861347,-26.9064135063258,-9.54609095620478,99.9722299361289,5.9125619613272,0.0829875518672199,0,1,40.5,final
36.5,4.5,0,0,0,-6.66702434419558,-27.0590560200173,-10.0287883295669,100,5.89469923636851,0.107659526746664,1,1,41,final
36.5,5,0,0,0,-6.66702434419558,-27.1621283944066,-12.1592019267641,100,5.87460367078998,0.136817315240552,1,1,41.5,final
36.5,5.5,0,0,0,-6.66702434419558,-27.3806014556043,-12.4372597216137,100,5.8634394676908,0.163732196927218,1,1,42,final
36.5,6,0,0,0,-6.66702434419558,-27.5385885486584,-13.477874651704,100,5.84780958335194,0.188404171806661,1,1,42.5,final
36.5,6.5,0,0,0,-6.66702434419558,-27.6922291822324,-13.477874651704,100,5.82771401777341,0.215319053493327,1,1,43,final
37,2.5,0.111080255484588,0.111080255484588,0,-4.44050634790798,-26.3561265791331,-6.12195064213683,99.8889197445154,6.19613272004644,0.0336436021083324,0,0,39.5,final
37,3,0.111080255484588,0.111080255484588,0,-4.44050634790798,-26.5535949703924,-6.12195064213683,99.8889197445154,6.1872013575671,0.0471010429516654,0,0,40,final
37,3.5,0.0277700638711469,0.0277700638711469,0,-5.35048603861347,-26.8668660923606,-9.82338427259434,99.9722299361289,6.17603715446791,0.0717730178311091,0,1,40.5,final
37,4,0.0277700638711469,0.0277700638711469,0,-5.35048603861347,-26.9064135063258,-9.82338427259434,99.9722299361289,6.1693386326084,0.0829875518672199,0,1,41,final
37,4.5,0,0,0,-8.85903577505297,-27.0590560200173,-11.546862794506,100,6.15147590764971,0.107659526746664,1,1,41.5,final
37,5,0,0,0,-9.86573063762251,-27.1621283944066,-12.4372597216137,100,6.13138034207118,0.136817315240552,1,1,42,final
37,5.5,0,0,0,-9.86573063762251,-27.3806014556043,-13.477874651704,100,6.120216138972,0.163732196927218,1,1,42.5,final
37,6,0,0,0,-9.86573063762251,-27.5385885486584,-13.9021675486169,100,6.10458625463314,0.188404171806661,1,1,43,final
37,6.5,0,0,0,-9.86573063762251,-27.6922291822324,-14.0497019215798,100,6.08449068905461,0.215319053493327,1,1,43.5,final
37.5,2.5,0.111080255484588,0.111080255484588,0,-4.44050634790798,-26.3561265791331,-6.12195064213683,99.8889197445154,6.46184075380699,0.0336436021083324,0,0,40,final
37.5,3,0.111080255484588,0.111080255484588,0,-4.44050634790798,-26.5535949703924,-6.12195064213683,99.8889197445154,6.45290939132765,0.0471010429516654,0,0,40.5,final
37.5,3.5,0.0277700638711469,0.0277700638711469,0,-5.35048603861347,-26.8668660923606,-9.82338427259434,99.9722299361289,6.44174518822846,0.0717730178311091,0,1,41,final
37.5,4,0.0277700638711469,0.0277700638711469,0,-5.35048603861347,-26.9064135063258,-9.82338427259434,99.9722299361289,6.43504666636895,0.0829875518672199,0,1,41.5,final
37.5,4.5,0,0,0,-8.85903577505297,-27.0590560200173,-11.546862794506,100,6.41718394141026,0.107659526746664,1,1,42,final
37.5,5,0,0,0,-9.86573063762251,-27.1621283944066,-12.4372597216137,100,6.39708837583173,0.136817315240552,1,1,42.5,final
37.5,5.5,0,0,0,-9.86573063762251,-27.3806014556043,-13.477874651704,100,6.38592417273255,0.163732196927218,1,1,43,final
37.5,6,0,0,0,-9.86573063762251,-27.5385885486584,-13.9021675486169,100,6.37029428839369,0.188404171806661,1,1,43.5,final
37.5,6.5,0,0,0,-9.86573063762251,-27.6922291822324,-14.0497019215798,100,6.35019872281517,0.215319053493327,1,1,44,final
38,2.5,0.111080255484588,0.111080255484588,0,-4.44050634790798,-26.3561265791331,-6.12195064213683,99.8889197445154,6.84142365917921,0.0336436021083324,0,0,40.5,final
38,3,0.111080255484588,0.111080255484588,0,-4.44050634790798,-26.5535949703924,-6.12195064213683,99.8889197445154,6.83249229669986,0.0471010429516654,0,0,41,final
38,3.5,0.0277700638711469,0.0277700638711469,0,-5.35048603861347,-26.8668660923606,-9.98644196453871,99.9722299361289,6.82132809360068,0.0717730178311091,0,1,41.5,final
38,4,0.0277700638711469,0.0277700638711469,0,-5.35048603861347,-26.9064135063258,-9.98644196453871,99.9722299361289,6.81462957174117,0.0829875518672199,0,1,42,final
38,4.5,0,0,0,-8.85903577505297,-27.0590560200173,-12.1592019267641,100,6.79676684678248,0.107659526746664,1,1,42.5,final
38,5,0,0,0,-11.4801632311366,-27.1621283944066,-13.477874651704,100,6.77667128120395,0.136817315240552,1,1,43,final
38,5.5,0,0,0,-11.4801632311366,-27.3806014556043,-13.9021675486169,100,6.76550707810476,0.163732196927218,1,1,43.5,final
38,6,0,0,0,-12.3251785030795,-27.5561898823458,-14.4210372544658,100,6.74987719376591,0.188404171806661,1,1,44,final
38,6.5,0,0,0,-12.3251785030795,-27.6988934604837,-15.772442058503,100,6.72978162818738,0.215319053493327,1,1,44.5,final
38.5,2.5,0.111080255484588,0.111080255484588,0,-4.44050634790798,-26.3561265791331,-6.12195064213683,99.8889197445154,7.13839146161747,0.0336436021083324,0,0,41,final
38.5,3,0.111080255484588,0.111080255484588,0,-4.44050634790798,-26.5535949703924,-6.12195064213683,99.8889197445154,7.12946009913812,0.0471010429516654,0,0,41.5,final
38.5,3.5,0.0277700638711469,0.0277700638711469,0,-5.35048603861347,-26.8668660923606,-9.98644196453871,99.9722299361289,7.11829589603894,0.0717730178311091,0,1,42,final
38.5,4,0.0277700638711469,0.0277700638711469,0,-5.35048603861347,-26.9064135063258,-9.98644196453871,99.9722299361289,7.11159737417943,0.0829875518672199,0,1,42.5,final
38.5,4.5,0,0,0,-8.85903577505297,-27.0590560200173,-12.1592019267641,100,7.09373464922074,0.107659526746664,1,1,43,final
38.5,5,0,0,0,-11.4801632311366,-27.1621283944066,-13.9021675486169,100,7.07363908364221,0.136817315240552,1,1,43.5,final
38.5,5.5,0,0,0,-11.4801632311366,-27.3806014556043,-14.3892001332767,100,7.06247488054303,0.163732196927218,1,1,44,final
38.5,6,0,0,0,-12.3251785030795,-27.5561898823458,-15.772442058503,100,7.04684499620417,0.188404171806661,1,1,44.5,final
38.5,6.5,0,0,0,-12.3251785030795,-27.6988934604837,-16.1460026369543,100,7.02674943062564,0.215319053493327,1,1,45,final
133.758537025028,2.5,0.111080255484588,0.111080255484588,0,-4.44050634790798,-26.9390129012938,-6.12195064213683,99.8889197445154,99.9846322722283,0.0336436021083324,0,0,136.258537025028,final
133.758537025028,3,0.111080255484588,0.111080255484588,0,-4.44050634790798,-27.0220001877508,-6.12195064213683,99.8889197445154,99.9780461031833,0.0471010429516654,0,0,136.758537025028,final
133.758537025028,3.5,0.0277700638711469,0.0277700638711469,0,-5.35048603861348,-27.3257936412183,-9.98644196453871,99.9722299361289,99.967069154775,0.0717730178311091,0,1,137.258537025028,final
133.758537025028,4,0.0277700638711469,0.0277700638711469,0,-5.35048603861348,-27.3806014556043,-9.98644196453871,99.9722299361289,99.9553431876033,0.0829875518672199,0,1,137.758537025028,final
133.758537025028,4.5,0,0,0,-8.85903577505297,-27.7168487239531,-12.1592019267641,100,99.9429198682766,0.107659526746664,1,1,138.258537025028,final
133.758537025028,5,0,0,0,-11.4801632311366,-28.02556836375,-13.9021675486169,100,99.9187705817783,0.136817315240552,1,1,138.758537025028,final
133.758537025028,5.5,0,0,0,-11.4801632311366,-28.165723689504,-14.3892001332767,100,99.9062206939669,0.163732196927218,1,1,139.258537025028,final
133.758537025028,6,0,0,0,-12.3251785030795,-28.3455498676709,-16.2550476062257,100,99.890590809628,0.188404171806661,1,1,139.758537025028,final
133.758537025028,6.5,0,0,0,-12.3251785030795,-28.4778502562485,-17.3316079206859,100,99.8704952440495,0.215319053493327,1,1,140.258537025028,final
133.758537025028,133.758537025028,0,0,0,-2969.09346595255,-2969.09346595255,-2969.09346595255,100,0,100,1,1,267.517074050055,final
