Time,AggregateInterferenceDbm,IOverNDb,DominantSatelliteIndex,VisibleSatelliteCount,EligibleCandidateCount,CandidateSatelliteCount,EffectiveContributorCount,PracticalSelectedIOverNDb
01-Aug-2026 00:00:00,-159.140100239135,-51.7070105057996,0,25,25,25,10,-51.7070105057996
01-Aug-2026 00:00:02,-157.850320673712,-50.4172309403772,0,25,25,25,10,-50.4172309403772
01-Aug-2026 00:00:04,-154.177068556841,-46.743978823506,0,25,25,25,9,-46.743978823506
01-Aug-2026 00:00:06,-150.703847726608,-43.270757993273,0,25,25,25,9,-43.270757993273
01-Aug-2026 00:00:08,-175.921386498411,-68.4882967650757,0,25,25,25,6,-68.4882967650757
01-Aug-2026 00:00:10,-175.836723811416,-68.4036340780804,0,25,25,25,6,-68.4036340780804
01-Aug-2026 00:00:12,-174.817517204987,-67.3844274716517,0,25,25,25,7,-67.3844274716517
01-Aug-2026 00:00:14,-163.282164385084,-55.8490746517489,0,25,25,25,8,-55.8490746517489
01-Aug-2026 00:00:16,-162.68153705697,-55.248447323635,0,25,25,25,9,-55.248447323635
01-Aug-2026 00:00:18,-162.133201779261,-54.7001120459263,0,25,25,25,9,-54.7001120459263
01-Aug-2026 00:00:20,-174.969302096963,-67.5362123636278,0,25,25,25,7,-67.5362123636278
01-Aug-2026 00:00:22,-175.16826393077,-67.7351741974343,0,25,25,25,7,-67.7351741974343
01-Aug-2026 00:00:24,-147.84330727731,-40.4102175439751,0,26,26,26,9,-40.4102175439751
01-Aug-2026 00:00:26,-148.390754100915,-40.9576643675798,0,26,26,26,9,-40.9576643675798
01-Aug-2026 00:00:28,-147.941686687423,-40.508596954088,0,26,26,26,10,-40.508596954088
01-Aug-2026 00:00:30,-147.973829999735,-40.5407402664003,0,26,26,26,11,-40.5407402664003
01-Aug-2026 00:00:32,-148.013429715897,-40.5803399825618,0,26,26,26,11,-40.5803399825618
01-Aug-2026 00:00:34,-148.364963037206,-40.9318733038708,0,26,26,26,10,-40.9318733038708
01-Aug-2026 00:00:36,-145.500465899266,-38.067376165931,0,26,26,26,9,-38.067376165931
01-Aug-2026 00:00:38,-145.584545901248,-38.151456167913,0,26,26,26,11,-38.151456167913
01-Aug-2026 00:00:40,-145.453574245954,-38.0204845126191,0,26,26,26,12,-38.0204845126191
01-Aug-2026 00:00:42,-145.451051085509,-38.0179613521733,0,26,26,26,12,-38.0179613521733
01-Aug-2026 00:00:44,-149.249149608914,-41.8160598755787,0,26,26,26,9,-41.8160598755787
01-Aug-2026 00:00:46,-150.229425987133,-42.7963362537975,0,25,25,25,11,-42.7963362537975
01-Aug-2026 00:00:48,-149.839069125929,-42.4059793925941,0,25,25,25,9,-42.4059793925941
01-Aug-2026 00:00:50,-150.194116680943,-42.7610269476076,0,25,25,25,10,-42.7610269476076
01-Aug-2026 00:00:52,-150.010969931795,-42.5778801984603,0,25,25,25,11,-42.5778801984603
01-Aug-2026 00:00:54,-150.051531634565,-42.6184419012298,0,25,25,25,12,-42.6184419012298
01-Aug-2026 00:00:56,-149.935589772291,-42.5025000389559,0,25,25,25,13,-42.5025000389559
01-Aug-2026 00:00:58,-149.764354334817,-42.3312646014813,0,25,25,25,12,-42.3312646014813
01-Aug-2026 00:01:00,-150.259472095565,-42.8263823622302,0,25,25,25,11,-42.8263823622302
01-Aug-2026 00:01:02,-150.940079479229,-43.5069897458943,0,25,25,25,10,-43.5069897458943
01-Aug-2026 00:01:04,-158.031869346011,-50.5987796126761,0,25,25,25,10,-50.5987796126761
01-Aug-2026 00:01:06,-135.265175136729,-27.8320854033936,0,26,26,26,11,-27.8320854033936
01-Aug-2026 00:01:08,-136.483757788767,-29.0506680554321,0,26,26,26,12,-29.0506680554321
01-Aug-2026 00:01:10,-136.946738161573,-29.5136484282383,0,26,26,26,12,-29.5136484282383
01-Aug-2026 00:01:12,-137.693883586099,-30.260793852764,0,25,25,25,14,-30.260793852764
01-Aug-2026 00:01:14,-138.295273411619,-30.8621836782834,0,25,25,25,13,-30.8621836782834
01-Aug-2026 00:01:16,-139.360267177951,-31.9271774446157,0,25,25,25,12,-31.9271774446157
01-Aug-2026 00:01:18,-140.181327424054,-32.7482376907189,0,25,25,25,11,-32.7482376907189
01-Aug-2026 00:01:20,-165.291753197786,-57.8586634644504,0,25,25,25,9,-57.8586634644504
01-Aug-2026 00:01:22,-165.152426804888,-57.7193370715525,0,25,25,25,9,-57.7193370715525
01-Aug-2026 00:01:24,-148.081628395002,-40.6485386616665,0,25,25,25,11,-40.6485386616665
01-Aug-2026 00:01:26,-147.821411482728,-40.3883217493931,0,24,24,24,12,-40.3883217493931
01-Aug-2026 00:01:28,-147.3884262641,-39.9553365307647,0,24,24,24,13,-39.9553365307647
01-Aug-2026 00:01:30,-147.280108085814,-39.8470183524784,0,24,24,24,13,-39.8470183524784
01-Aug-2026 00:01:32,-146.997690423913,-39.5646006905777,0,24,24,24,14,-39.5646006905777
01-Aug-2026 00:01:34,-146.947872960386,-39.5147832270508,0,24,24,24,16,-39.5147832270508
01-Aug-2026 00:01:36,-146.569044721712,-39.135954988377,0,25,25,25,17,-39.135954988377
01-Aug-2026 00:01:38,-158.545496372183,-51.1124066388483,0,25,25,25,15,-51.1124066388483
01-Aug-2026 00:01:40,-164.841702418076,-57.4086126847408,0,25,25,25,15,-57.4086126847408
01-Aug-2026 00:01:42,-164.909022368676,-57.4759326353412,0,24,24,24,13,-57.4759326353412
01-Aug-2026 00:01:44,-165.020639457938,-57.5875497246026,0,24,24,24,13,-57.5875497246026
01-Aug-2026 00:01:46,-165.396335057172,-57.9632453238364,0,24,24,24,12,-57.9632453238364
01-Aug-2026 00:01:48,-165.98737825512,-58.5542885217851,0,24,24,24,11,-58.5542885217851
01-Aug-2026 00:01:50,-169.599183274438,-62.1660935411032,0,24,24,24,10,-62.1660935411032
01-Aug-2026 00:01:52,-169.545296290015,-62.1122065566797,0,24,24,24,11,-62.1122065566797
01-Aug-2026 00:01:54,-173.844497048463,-66.4114073151273,0,24,24,24,9,-66.4114073151273
01-Aug-2026 00:01:56,-174.033686131737,-66.6005963984021,0,24,24,24,8,-66.6005963984021
01-Aug-2026 00:01:58,-173.375582443655,-65.9424927103199,0,23,23,23,8,-65.9424927103199
01-Aug-2026 00:02:00,-173.404570338276,-65.9714806049413,0,23,23,23,8,-65.9714806049413
01-Aug-2026 00:02:02,-157.674285871784,-50.241196138449,0,23,23,23,9,-50.241196138449
01-Aug-2026 00:02:04,-158.282006331611,-50.8489165982761,0,23,23,23,9,-50.8489165982761
01-Aug-2026 00:02:06,-158.847348895916,-51.4142591625804,0,23,23,23,8,-51.4142591625804
01-Aug-2026 00:02:08,-158.527312304826,-51.0942225714905,0,23,23,23,8,-51.0942225714905
01-Aug-2026 00:02:10,-158.048709519908,-50.6156197865727,0,23,23,23,7,-50.6156197865727
01-Aug-2026 00:02:12,-158.911178306395,-51.4780885730595,0,23,23,23,7,-51.4780885730595
01-Aug-2026 00:02:14,-158.734355030726,-51.3012652973906,0,23,23,23,8,-51.3012652973906
01-Aug-2026 00:02:16,-157.916674788317,-50.4835850549819,0,23,23,23,8,-50.4835850549819
01-Aug-2026 00:02:18,-158.158406280914,-50.7253165475788,0,24,24,24,9,-50.7253165475788
01-Aug-2026 00:02:20,-175.42491360095,-67.991823867615,0,24,24,24,8,-67.991823867615
01-Aug-2026 00:02:22,-174.249606741155,-66.8165170078202,0,25,25,25,10,-66.8165170078202
01-Aug-2026 00:02:24,-170.78712786971,-63.3540381363749,0,25,25,25,13,-63.3540381363749
01-Aug-2026 00:02:26,-170.487039416004,-63.0539496826687,0,25,25,25,13,-63.0539496826687
01-Aug-2026 00:02:28,-169.855116784714,-62.4220270513785,0,25,25,25,14,-62.4220270513785
01-Aug-2026 00:02:30,-170.8532865289,-63.4201967955651,0,25,25,25,12,-63.4201967955651
01-Aug-2026 00:02:32,-170.6376157736,-63.2045260402645,0,25,25,25,12,-63.2045260402645
01-Aug-2026 00:02:34,-170.81744361639,-63.3843538830544,0,25,25,25,12,-63.3843538830544
01-Aug-2026 00:02:36,-151.615462656577,-44.1823729232418,0,25,25,25,11,-44.1823729232418
01-Aug-2026 00:02:38,-148.183881541998,-40.7507918086627,0,25,25,25,13,-40.7507918086627
01-Aug-2026 00:02:40,-147.482429726283,-40.0493399929474,0,25,25,25,13,-40.0493399929474
01-Aug-2026 00:02:42,-148.892498717614,-41.4594089842793,0,25,25,25,11,-41.4594089842793
01-Aug-2026 00:02:44,-148.162328604002,-40.7292388706671,0,25,25,25,11,-40.7292388706671
01-Aug-2026 00:02:46,-146.701999373451,-39.2689096401155,0,25,25,25,11,-39.2689096401155
01-Aug-2026 00:02:48,-146.173095427173,-38.7400056938374,0,25,25,25,11,-38.7400056938374
01-Aug-2026 00:02:50,-146.279010561281,-38.8459208279454,0,25,25,25,12,-38.8459208279454
01-Aug-2026 00:02:52,-145.259879246416,-37.8267895130805,0,25,25,25,12,-37.8267895130805
01-Aug-2026 00:02:54,-143.566258877731,-36.1331691443961,0,25,25,25,11,-36.1331691443961
01-Aug-2026 00:02:56,-143.411449460353,-35.9783597270178,0,25,25,25,12,-35.9783597270178
01-Aug-2026 00:02:58,-142.951114562417,-35.5180248290819,0,25,25,25,13,-35.5180248290819
01-Aug-2026 00:03:00,-170.64950244921,-63.2164127158745,0,25,25,25,11,-63.2164127158745
01-Aug-2026 00:03:02,-170.500319876989,-63.0672301436537,0,26,26,26,12,-63.0672301436537
01-Aug-2026 00:03:04,-170.121488117174,-62.6883983838387,0,26,26,26,11,-62.6883983838387
01-Aug-2026 00:03:06,-170.005785574364,-62.5726958410286,0,26,26,26,11,-62.5726958410286
01-Aug-2026 00:03:08,-170.529108495296,-63.0960187619606,0,26,26,26,11,-63.0960187619606
01-Aug-2026 00:03:10,-170.397883080833,-62.9647933474973,0,26,26,26,11,-62.9647933474973
01-Aug-2026 00:03:12,-170.42288929401,-62.9897995606743,0,26,26,26,11,-62.9897995606743
01-Aug-2026 00:03:14,-171.524864624165,-64.0917748908299,0,26,26,26,10,-64.0917748908299
01-Aug-2026 00:03:16,-171.307113015763,-63.8740232824276,0,27,27,27,10,-63.8740232824276
01-Aug-2026 00:03:18,-171.178603746721,-63.7455140133855,0,28,28,28,10,-63.7455140133855
01-Aug-2026 00:03:20,-171.263483493342,-63.8303937600072,0,28,28,28,10,-63.8303937600072
01-Aug-2026 00:03:22,-171.443904156589,-64.0108144232542,0,27,27,27,8,-64.0108144232542
01-Aug-2026 00:03:24,-171.698318544876,-64.2652288115403,0,26,26,26,6,-64.2652288115403
01-Aug-2026 00:03:26,-171.252708035544,-63.8196183022086,0,26,26,26,6,-63.8196183022086
01-Aug-2026 00:03:28,-170.249123867792,-62.8160341344567,0,26,26,26,7,-62.8160341344567
01-Aug-2026 00:03:30,-170.133466842073,-62.7003771087379,0,26,26,26,7,-62.7003771087379
01-Aug-2026 00:03:32,-167.372413689694,-59.9393239563584,0,26,26,26,8,-59.9393239563584
01-Aug-2026 00:03:34,-168.219058035796,-60.7859683024607,0,26,26,26,7,-60.7859683024607
01-Aug-2026 00:03:36,-151.124309824298,-43.6912200909632,0,26,26,26,9,-43.6912200909632
01-Aug-2026 00:03:38,-147.81107326164,-40.3779835283051,0,26,26,26,11,-40.3779835283051
01-Aug-2026 00:03:40,-151.4323459827,-43.9992562493647,0,25,25,25,9,-43.9992562493647
01-Aug-2026 00:03:42,-132.626243343843,-25.1931536105078,0,25,25,25,9,-25.1931536105078
01-Aug-2026 00:03:44,-139.24696845274,-31.8138787194052,0,25,25,25,10,-27.9581369765434
01-Aug-2026 00:03:46,-138.924616983823,-31.4915272504883,0,25,25,25,11,-30.0436976107874
01-Aug-2026 00:03:48,-138.94509548776,-31.5120057544251,0,25,25,25,11,-31.5120057544251
01-Aug-2026 00:03:50,-138.744180478487,-31.3110907451515,0,25,25,25,10,-31.3110907451515
01-Aug-2026 00:03:52,-138.054847890198,-30.6217581568625,0,25,25,25,11,-30.6217581568625
01-Aug-2026 00:03:54,-140.487661808776,-33.0545720754411,0,25,25,25,11,-33.0545720754411
01-Aug-2026 00:03:56,-140.430014048358,-32.9969243150232,0,25,25,25,11,-32.9969243150232
01-Aug-2026 00:03:58,-136.862435587476,-29.4293458541411,0,24,24,24,12,-29.4293458541411
01-Aug-2026 00:04:00,-132.724032244005,-25.2909425106698,0,25,25,25,11,-25.2909425106698
01-Aug-2026 00:04:02,-140.426319292404,-32.9932295590689,0,26,26,26,10,-32.9932295590689
01-Aug-2026 00:04:04,-139.902771319907,-32.4696815865722,0,26,26,26,10,-32.4696815865722
01-Aug-2026 00:04:06,-144.043510750926,-36.6104210175909,0,26,26,26,9,-36.6104210175909
01-Aug-2026 00:04:08,-144.836200405113,-37.4031106717777,0,26,26,26,10,-37.4031106717777
01-Aug-2026 00:04:10,-144.890411507155,-37.4573217738196,0,26,26,26,10,-37.4573217738196
01-Aug-2026 00:04:12,-143.282060675456,-35.8489709421204,0,26,26,26,12,-35.8489709421204
01-Aug-2026 00:04:14,-143.347408975376,-35.9143192420412,0,26,26,26,10,-35.9143192420412
01-Aug-2026 00:04:16,-143.333081389487,-35.8999916561514,0,26,26,26,11,-35.8999916561514
01-Aug-2026 00:04:18,-145.505182029623,-38.072092296288,0,26,26,26,9,-38.072092296288
01-Aug-2026 00:04:20,-145.796710117769,-38.3636203844342,0,26,26,26,10,-38.3636203844342
01-Aug-2026 00:04:22,-145.360209185372,-37.9271194520364,0,26,26,26,11,-37.9271194520364
01-Aug-2026 00:04:24,-140.935426107682,-33.5023363743468,0,26,26,26,11,-33.5023363743468
01-Aug-2026 00:04:26,-140.646493758592,-33.2134040252572,0,26,26,26,10,-33.2134040252572
01-Aug-2026 00:04:28,-140.761022874511,-33.3279331411759,0,26,26,26,12,-33.3279331411759
01-Aug-2026 00:04:30,-141.408150640989,-33.9750609076533,0,25,25,25,12,-33.9750609076533
01-Aug-2026 00:04:32,-141.075103939213,-33.6420142058782,0,25,25,25,11,-33.6420142058782
01-Aug-2026 00:04:34,-146.554778497712,-39.1216887643771,0,25,25,25,11,-39.1216887643771
01-Aug-2026 00:04:36,-169.346471847518,-61.9133821141829,0,25,25,25,10,-61.9133821141829
01-Aug-2026 00:04:38,-168.783457949754,-61.3503682164186,0,25,25,25,11,-61.3503682164186
01-Aug-2026 00:04:40,-170.079568458312,-62.6464787249764,0,25,25,25,11,-62.6464787249764
01-Aug-2026 00:04:42,-147.822214087533,-40.3891243541979,0,25,25,25,11,-40.3891243541979
01-Aug-2026 00:04:44,-147.811094600292,-40.3780048669569,0,25,25,25,12,-40.3780048669569
01-Aug-2026 00:04:46,-147.598078170864,-40.1649884375291,0,25,25,25,12,-40.1649884375291
01-Aug-2026 00:04:48,-147.441491624563,-40.0084018912274,0,25,25,25,13,-40.0084018912274
01-Aug-2026 00:04:50,-147.57289480425,-40.1398050709149,0,25,25,25,13,-40.1398050709149
01-Aug-2026 00:04:52,-144.93377088442,-37.5006811510846,0,25,25,25,16,-37.5006811510846
01-Aug-2026 00:04:54,-144.870993482537,-37.4379037492019,0,25,25,25,14,-37.4379037492019
01-Aug-2026 00:04:56,-146.732484096192,-39.299394362857,0,25,25,25,14,-39.299394362857
01-Aug-2026 00:04:58,-146.369288917459,-38.9361991841238,0,25,25,25,16,-38.9361991841238
01-Aug-2026 00:05:00,-147.136537936517,-39.7034482031816,0,25,25,25,16,-39.7034482031816
01-Aug-2026 00:05:02,-147.264493098699,-39.831403365364,0,25,25,25,19,-39.831403365364
01-Aug-2026 00:05:04,-147.527571457187,-40.0944817238517,0,25,25,25,19,-40.0944817238517
01-Aug-2026 00:05:06,-147.678554790445,-40.2454650571099,0,25,25,25,18,-40.2454650571099
01-Aug-2026 00:05:08,-147.234409649876,-39.8013199165406,0,25,25,25,18,-39.8013199165406
01-Aug-2026 00:05:10,-147.684747182757,-40.2516574494215,0,25,25,25,17,-40.2516574494215
01-Aug-2026 00:05:12,-147.917725560902,-40.484635827567,0,25,25,25,17,-40.484635827567
01-Aug-2026 00:05:14,-148.080040779865,-40.6469510465299,0,25,25,25,16,-40.6469510465299
01-Aug-2026 00:05:16,-148.174430825489,-40.7413410921542,0,25,25,25,15,-40.7413410921542
01-Aug-2026 00:05:18,-148.554738842792,-41.1216491094565,0,24,24,24,15,-41.1216491094565
01-Aug-2026 00:05:20,-148.687486452222,-41.2543967188867,0,23,23,23,15,-41.2543967188867
01-Aug-2026 00:05:22,-148.749767171024,-41.3166774376883,0,23,23,23,15,-41.3166774376883
01-Aug-2026 00:05:24,-148.78549710769,-41.3524073743547,0,24,24,24,16,-41.3524073743547
01-Aug-2026 00:05:26,-149.55931133192,-42.1262215985849,0,25,25,25,15,-42.1262215985849
01-Aug-2026 00:05:28,-149.607713613498,-42.1746238801624,0,25,25,25,15,-42.1746238801624
01-Aug-2026 00:05:30,-149.995452988985,-42.5623632556502,0,25,25,25,14,-42.5623632556502
01-Aug-2026 00:05:32,-150.269133741817,-42.8360440084818,0,25,25,25,13,-42.8360440084818
01-Aug-2026 00:05:34,-150.368595907651,-42.9355061743158,0,24,24,24,12,-42.9355061743158
01-Aug-2026 00:05:36,-150.377081619189,-42.9439918858536,0,24,24,24,12,-42.9439918858536
01-Aug-2026 00:05:38,-150.608906439551,-43.1758167062156,0,24,24,24,13,-43.1758167062156
01-Aug-2026 00:05:40,-151.075110345008,-43.6420206116732,0,24,24,24,12,-43.6420206116732
01-Aug-2026 00:05:42,-151.101520846794,-43.668431113459,0,24,24,24,12,-43.668431113459
01-Aug-2026 00:05:44,-151.431628425138,-43.9985386918025,0,24,24,24,13,-43.9985386918025
01-Aug-2026 00:05:46,-151.322369321685,-43.8892795883499,0,23,23,23,12,-43.8892795883499
01-Aug-2026 00:05:48,-151.692136628716,-44.2590468953808,0,23,23,23,12,-44.2590468953808
01-Aug-2026 00:05:50,-151.651831037511,-44.2187413041763,0,23,23,23,14,-44.2187413041763
01-Aug-2026 00:05:52,-152.100397448363,-44.6673077150281,0,23,23,23,14,-44.6673077150281
01-Aug-2026 00:05:54,-160.85848961443,-53.4253998810949,0,23,23,23,13,-53.4253998810949
01-Aug-2026 00:05:56,-160.59212424417,-53.1590345108347,0,23,23,23,12,-53.1590345108347
01-Aug-2026 00:05:58,-161.235392509273,-53.8023027759378,0,23,23,23,12,-53.8023027759378
01-Aug-2026 00:06:00,-161.403919465024,-53.9708297316893,0,23,23,23,13,-53.9708297316893
01-Aug-2026 00:06:02,-161.604997524082,-54.1719077907465,0,23,23,23,11,-54.1719077907465
01-Aug-2026 00:06:04,-161.621688958555,-54.1885992252195,0,23,23,23,10,-54.1885992252195
01-Aug-2026 00:06:06,-161.868917009087,-54.4358272757522,0,24,24,24,11,-54.4358272757522
01-Aug-2026 00:06:08,-162.671948743066,-55.2388590097311,0,25,25,25,11,-55.2388590097311
01-Aug-2026 00:06:10,-162.405559835637,-54.9724701023017,0,25,25,25,11,-54.9724701023017
01-Aug-2026 00:06:12,-160.131259381948,-52.6981696486131,0,26,26,26,14,-52.6981696486131
01-Aug-2026 00:06:14,-159.800441635555,-52.3673519022196,0,26,26,26,15,-52.3673519022196
01-Aug-2026 00:06:16,-159.55701937296,-52.1239296396245,0,26,26,26,16,-52.1239296396245
01-Aug-2026 00:06:18,-159.703381060646,-52.2702913273105,0,26,26,26,15,-52.2702913273105
01-Aug-2026 00:06:20,-152.301209378412,-44.8681196450767,0,26,26,26,15,-44.8681196450767
01-Aug-2026 00:06:22,-150.967893474479,-43.5348037411435,0,26,26,26,14,-43.5348037411435
01-Aug-2026 00:06:24,-151.204764005426,-43.7716742720906,0,26,26,26,13,-43.7716742720906
01-Aug-2026 00:06:26,-151.346977640868,-43.9138879075325,0,26,26,26,12,-43.9138879075325
01-Aug-2026 00:06:28,-151.652778696607,-44.2196889632716,0,26,26,26,13,-44.2196889632716
01-Aug-2026 00:06:30,-151.944919355743,-44.5118296224082,0,26,26,26,15,-44.5118296224082
01-Aug-2026 00:06:32,-152.007976196249,-44.5748864629137,0,26,26,26,15,-44.5748864629137
01-Aug-2026 00:06:34,-151.620123689391,-44.1870339560553,0,26,26,26,15,-44.1870339560553
01-Aug-2026 00:06:36,-151.717944391067,-44.2848546577314,0,26,26,26,13,-44.2848546577314
01-Aug-2026 00:06:38,-151.600893847049,-44.1678041137134,0,26,26,26,13,-44.1678041137134
01-Aug-2026 00:06:40,-151.537696899974,-44.1046071666385,0,26,26,26,14,-44.1046071666385
01-Aug-2026 00:06:42,-151.053816296513,-43.6207265631782,0,26,26,26,14,-43.6207265631782
01-Aug-2026 00:06:44,-150.776289110364,-43.3431993770286,0,26,26,26,15,-43.3431993770286
01-Aug-2026 00:06:46,-150.043348679929,-42.6102589465935,0,26,26,26,16,-42.6102589465935
01-Aug-2026 00:06:48,-148.446229380977,-41.0131396476419,0,26,26,26,18,-41.0131396476419
01-Aug-2026 00:06:50,-152.599595002179,-45.1665052688436,0,26,26,26,17,-45.1665052688436
01-Aug-2026 00:06:52,-152.426133607231,-44.9930438738963,0,27,27,27,17,-44.9930438738963
01-Aug-2026 00:06:54,-152.354135910507,-44.9210461771717,0,27,27,27,17,-44.9210461771717
01-Aug-2026 00:06:56,-151.782470897745,-44.34938116441,0,27,27,27,17,-44.34938116441
01-Aug-2026 00:06:58,-152.688395634386,-45.2553059010512,0,27,27,27,17,-45.2553059010512
01-Aug-2026 00:07:00,-152.62271117326,-45.1896214399249,0,27,27,27,16,-45.1896214399249
01-Aug-2026 00:07:02,-152.274441447507,-44.8413517141716,0,27,27,27,16,-44.8413517141716
01-Aug-2026 00:07:04,-152.042241081334,-44.6091513479984,0,27,27,27,15,-44.6091513479984
01-Aug-2026 00:07:06,-151.846318738105,-44.4132290047702,0,29,29,29,16,-44.4132290047702
01-Aug-2026 00:07:08,-151.59150715417,-44.1584174208344,0,29,29,29,14,-44.1584174208344
01-Aug-2026 00:07:10,-151.31459871276,-43.8815089794245,0,29,29,29,14,-43.8815089794245
01-Aug-2026 00:07:12,-151.708798943907,-44.2757092105721,0,29,29,29,14,-44.2757092105721
01-Aug-2026 00:07:14,-148.951377042485,-41.5182873091503,0,28,28,28,13,-41.5182873091503
01-Aug-2026 00:07:16,-149.410949192593,-41.9778594592583,0,27,27,27,11,-41.9778594592583
01-Aug-2026 00:07:18,-148.761585774462,-41.3284960411267,0,27,27,27,12,-41.3284960411267
01-Aug-2026 00:07:20,-148.6268725212,-41.193782787865,0,28,28,28,12,-41.193782787865
01-Aug-2026 00:07:22,-148.148395374347,-40.7153056410114,0,27,27,27,11,-40.7153056410114
01-Aug-2026 00:07:24,-147.826702646032,-40.3936129126971,0,27,27,27,12,-40.3936129126971
01-Aug-2026 00:07:26,-147.498973653957,-40.0658839206213,0,27,27,27,12,-40.0658839206213
01-Aug-2026 00:07:28,-147.53669287322,-40.1036031398846,0,27,27,27,8,-40.1036031398846
01-Aug-2026 00:07:30,-145.391429899904,-37.9583401665687,0,27,27,27,9,-37.9583401665687
01-Aug-2026 00:07:32,-144.725291879045,-37.2922021457094,0,26,26,26,9,-37.2922021457094
01-Aug-2026 00:07:34,-142.232496936711,-34.7994072033756,0,26,26,26,8,-34.7994072033756
01-Aug-2026 00:07:36,-142.880113910088,-35.4470241767527,0,26,26,26,7,-35.4470241767527
01-Aug-2026 00:07:38,-143.273616462624,-35.8405267292885,0,27,27,27,7,-35.8405267292885
01-Aug-2026 00:07:40,-142.988336804339,-35.5552470710041,0,27,27,27,8,-35.5552470710041
01-Aug-2026 00:07:42,-143.417463346081,-35.9843736127462,0,27,27,27,8,-35.9843736127462
01-Aug-2026 00:07:44,-143.70849920393,-36.2754094705951,0,27,27,27,10,-36.2754094705951
01-Aug-2026 00:07:46,-143.588166601497,-36.1550768681621,0,27,27,27,10,-36.1550768681621
01-Aug-2026 00:07:48,-143.53081833364,-36.0977286003048,0,27,27,27,9,-36.0977286003048
01-Aug-2026 00:07:50,-146.021142792853,-38.5880530595179,0,26,26,26,8,-38.5880530595179
01-Aug-2026 00:07:52,-146.695891935778,-39.2628022024428,0,26,26,26,8,-39.2628022024428
01-Aug-2026 00:07:54,-147.561030505142,-40.1279407718069,0,26,26,26,7,-40.1279407718069
01-Aug-2026 00:07:56,-148.154710491192,-40.7216207578571,0,27,27,27,9,-40.7216207578571
01-Aug-2026 00:07:58,-141.205983137559,-33.7728934042242,0,27,27,27,9,-33.7728934042242
01-Aug-2026 00:08:00,-141.481665708617,-34.0485759752822,0,27,27,27,9,-34.0485759752822
01-Aug-2026 00:08:02,-141.636241776799,-34.2031520434642,0,27,27,27,10,-34.2031520434642
01-Aug-2026 00:08:04,-141.993001067697,-34.5599113343617,0,27,27,27,10,-34.5599113343617
01-Aug-2026 00:08:06,-142.360508216544,-34.9274184832089,0,27,27,27,11,-34.9274184832089
01-Aug-2026 00:08:08,-142.692438376122,-35.2593486427868,0,27,27,27,11,-35.2593486427868
01-Aug-2026 00:08:10,-141.976018228874,-34.5429284955393,0,27,27,27,11,-34.5429284955393
01-Aug-2026 00:08:12,-142.274596167424,-34.8415064340892,0,26,26,26,13,-34.8415064340892
01-Aug-2026 00:08:14,-142.136447886905,-34.70335815357,0,25,25,25,12,-34.70335815357
01-Aug-2026 00:08:16,-142.240776950291,-34.8076872169557,0,25,25,25,12,-34.8076872169557
01-Aug-2026 00:08:18,-142.136664317928,-34.7035745845931,0,25,25,25,11,-34.7035745845931
01-Aug-2026 00:08:20,-142.505493523627,-35.0724037902913,0,25,25,25,10,-35.0724037902913
01-Aug-2026 00:08:22,-142.700799867486,-35.2677101341507,0,25,25,25,8,-35.2677101341507
01-Aug-2026 00:08:24,-142.505300094148,-35.072210360813,0,25,25,25,9,-35.072210360813
01-Aug-2026 00:08:26,-142.93979976629,-35.5067100329551,0,25,25,25,10,-35.5067100329551
01-Aug-2026 00:08:28,-142.768951118027,-35.3358613846914,0,25,25,25,11,-35.3358613846914
01-Aug-2026 00:08:30,-142.9050557704,-35.4719660370646,0,25,25,25,13,-35.4719660370646
01-Aug-2026 00:08:32,-143.545350584143,-36.1122608508074,0,25,25,25,14,-36.1122608508074
01-Aug-2026 00:08:34,-144.318350760166,-36.8852610268304,0,25,25,25,13,-36.8852610268304
01-Aug-2026 00:08:36,-144.016582449301,-36.5834927159657,0,25,25,25,13,-36.5834927159657
01-Aug-2026 00:08:38,-144.314759060618,-36.8816693272828,0,25,25,25,12,-36.8816693272828
01-Aug-2026 00:08:40,-144.607413371145,-37.1743236378094,0,25,25,25,11,-37.1743236378094
01-Aug-2026 00:08:42,-144.494795590233,-37.0617058568974,0,25,25,25,11,-37.0617058568974
01-Aug-2026 00:08:44,-144.995944882174,-37.5628551488385,0,24,24,24,10,-37.5628551488385
01-Aug-2026 00:08:46,-166.698130919431,-59.2650411860955,0,24,24,24,9,-59.2650411860955
01-Aug-2026 00:08:48,-166.762893922168,-59.3298041888331,0,24,24,24,11,-59.3298041888331
01-Aug-2026 00:08:50,-167.059423131563,-59.6263333982279,0,25,25,25,13,-59.6263333982279
01-Aug-2026 00:08:52,-166.880660953567,-59.4475712202321,0,25,25,25,13,-59.4475712202321
01-Aug-2026 00:08:54,-166.661698871147,-59.2286091378114,0,25,25,25,12,-59.2286091378114
01-Aug-2026 00:08:56,-166.925351718712,-59.4922619853773,0,25,25,25,14,-59.4922619853773
01-Aug-2026 00:08:58,-166.995961316275,-59.5628715829396,0,25,25,25,14,-59.5628715829396
01-Aug-2026 00:09:00,-167.246691103393,-59.8136013700581,0,25,25,25,15,-59.8136013700581
01-Aug-2026 00:09:02,-166.778326742846,-59.3452370095104,0,25,25,25,13,-59.3452370095104
01-Aug-2026 00:09:04,-166.985416074582,-59.5523263412472,0,25,25,25,12,-59.5523263412472
01-Aug-2026 00:09:06,-156.762713541776,-49.3296238084404,0,25,25,25,11,-49.3296238084404
01-Aug-2026 00:09:08,-156.874125676455,-49.4410359431198,0,23,23,23,11,-49.4410359431198
01-Aug-2026 00:09:10,-156.210388969189,-48.777299235854,0,23,23,23,12,-48.777299235854
01-Aug-2026 00:09:12,-156.250541513511,-48.8174517801757,0,23,23,23,12,-48.8174517801757
01-Aug-2026 00:09:14,-166.504203457938,-59.071113724603,0,24,24,24,11,-59.071113724603
01-Aug-2026 00:09:16,-147.487150748417,-40.0540610150823,0,25,25,25,15,-40.0540610150823
01-Aug-2026 00:09:18,-147.900351742576,-40.4672620092405,0,25,25,25,14,-40.4672620092405
01-Aug-2026 00:09:20,-149.589677087713,-42.1565873543778,0,25,25,25,14,-42.1565873543778
01-Aug-2026 00:09:22,-149.994308982393,-42.561219249058,0,26,26,26,13,-42.561219249058
01-Aug-2026 00:09:24,-150.685540510423,-43.2524507770881,0,25,25,25,11,-43.2524507770881
01-Aug-2026 00:09:26,-151.141055681393,-43.707965948058,0,25,25,25,11,-43.707965948058
01-Aug-2026 00:09:28,-149.50491548132,-42.0718257479847,0,25,25,25,10,-42.0718257479847
01-Aug-2026 00:09:30,-153.567789943515,-46.1347002101799,0,25,25,25,9,-46.1347002101799
01-Aug-2026 00:09:32,-153.417981848385,-45.98489211505,0,24,24,24,10,-45.98489211505
01-Aug-2026 00:09:34,-155.280195712091,-47.847105978756,0,24,24,24,12,-47.847105978756
01-Aug-2026 00:09:36,-154.872295403362,-47.4392056700272,0,24,24,24,13,-47.4392056700272
01-Aug-2026 00:09:38,-154.471679406887,-47.0385896735518,0,24,24,24,13,-47.0385896735518
01-Aug-2026 00:09:40,-154.527720742255,-47.0946310089198,0,24,24,24,13,-47.0946310089198
01-Aug-2026 00:09:42,-153.806848684059,-46.3737589507238,0,24,24,24,12,-46.3737589507238
01-Aug-2026 00:09:44,-154.058884728541,-46.625794995206,0,24,24,24,12,-46.625794995206
01-Aug-2026 00:09:46,-153.208953170203,-45.775863436868,0,24,24,24,11,-45.775863436868
01-Aug-2026 00:09:48,-152.300848121842,-44.8677583885073,0,24,24,24,11,-44.8677583885073
01-Aug-2026 00:09:50,-150.246887776716,-42.8137980433811,0,24,24,24,12,-42.8137980433811
01-Aug-2026 00:09:52,-148.604657314194,-41.1715675808592,0,24,24,24,11,-41.1715675808592
01-Aug-2026 00:09:54,-146.46897993214,-39.0358901988049,0,25,25,25,11,-39.0358901988049
01-Aug-2026 00:09:56,-145.01343710282,-37.5803473694852,0,25,25,25,10,-37.5803473694852
01-Aug-2026 00:09:58,-144.069742062759,-36.6366523294241,0,25,25,25,10,-36.6366523294241
01-Aug-2026 00:10:00,-143.044445116719,-35.6113553833842,0,25,25,25,11,-35.6113553833842
01-Aug-2026 00:10:02,-151.391737840044,-43.9586481067084,0,25,25,25,10,-43.9586481067084
01-Aug-2026 00:10:04,-151.891039974368,-44.4579502410326,0,25,25,25,11,-44.4579502410326
01-Aug-2026 00:10:06,-156.356645366948,-48.9235556336124,0,26,26,26,13,-48.9235556336124
01-Aug-2026 00:10:08,-156.726624712233,-49.2935349788978,0,26,26,26,12,-49.2935349788978
01-Aug-2026 00:10:10,-143.185672185444,-35.752582452109,0,26,26,26,11,-35.752582452109
01-Aug-2026 00:10:12,-138.113894668216,-30.680804934881,0,26,26,26,13,-30.680804934881
01-Aug-2026 00:10:14,-137.389343205073,-29.9562534717377,0,26,26,26,11,-29.9562534717377
01-Aug-2026 00:10:16,-137.906541214128,-30.4734514807929,0,26,26,26,12,-30.4734514807929
01-Aug-2026 00:10:18,-137.339756917279,-29.9066671839436,0,26,26,26,12,-29.9066671839436
01-Aug-2026 00:10:20,-139.002455243171,-31.5693655098355,0,26,26,26,11,-31.5693655098355
01-Aug-2026 00:10:22,-139.028251165014,-31.5951614316785,0,26,26,26,10,-31.5951614316785
01-Aug-2026 00:10:24,-139.386455244734,-31.9533655113988,0,26,26,26,10,-31.9533655113988
01-Aug-2026 00:10:26,-138.671548182098,-31.2384584487633,0,26,26,26,10,-31.2384584487633
01-Aug-2026 00:10:28,-138.259018105056,-30.8259283717213,0,26,26,26,12,-30.8259283717213
01-Aug-2026 00:10:30,-158.568380062515,-51.1352903291797,0,26,26,26,12,-51.1352903291797
01-Aug-2026 00:10:32,-158.58841717505,-51.1553274417144,0,26,26,26,11,-51.1553274417144
01-Aug-2026 00:10:34,-154.128357651582,-46.6952679182465,0,26,26,26,13,-46.6952679182465
01-Aug-2026 00:10:36,-153.357483922737,-45.924394189402,0,26,26,26,13,-45.924394189402
01-Aug-2026 00:10:38,-153.384096121947,-45.9510063886119,0,26,26,26,13,-45.9510063886119
01-Aug-2026 00:10:40,-153.30458062312,-45.8714908897844,0,27,27,27,12,-45.8714908897844
01-Aug-2026 00:10:42,-152.678287937353,-45.2451982040182,0,27,27,27,12,-45.2451982040182
01-Aug-2026 00:10:44,-152.451741126086,-45.0186513927504,0,27,27,27,13,-45.0186513927504
01-Aug-2026 00:10:46,-152.048577995348,-44.6154882620125,0,27,27,27,13,-44.6154882620125
01-Aug-2026 00:10:48,-157.297222675176,-49.8641329418409,0,27,27,27,12,-49.8641329418409
01-Aug-2026 00:10:50,-157.35363455955,-49.9205448262143,0,27,27,27,12,-49.9205448262143
01-Aug-2026 00:10:52,-157.409333393847,-49.9762436605116,0,27,27,27,12,-49.9762436605116
01-Aug-2026 00:10:54,-157.388751621822,-49.9556618884872,0,29,29,29,14,-49.9556618884872
01-Aug-2026 00:10:56,-157.495306536856,-50.0622168035206,0,29,29,29,14,-50.0622168035206
01-Aug-2026 00:10:58,-160.128448917741,-52.6953591844056,0,29,29,29,12,-52.6953591844056
01-Aug-2026 00:11:00,-160.392729084819,-52.9596393514839,0,29,29,29,10,-52.9596393514839
01-Aug-2026 00:11:02,-133.749080897784,-26.3159911644484,0,29,29,29,11,-26.3159911644484
01-Aug-2026 00:11:04,-133.951750433718,-26.5186607003826,0,28,28,28,16,-26.5186607003826
01-Aug-2026 00:11:06,-133.081588747156,-25.6484990138212,0,28,28,28,17,-25.6484990138212
01-Aug-2026 00:11:08,-132.87697588782,-25.4438861544845,0,27,27,27,15,-25.4438861544845
01-Aug-2026 00:11:10,-132.792915775972,-25.3598260426371,0,27,27,27,13,-25.3598260426371
01-Aug-2026 00:11:12,-132.44922099388,-25.0161312605449,0,28,28,28,13,0.29541352079292
01-Aug-2026 00:11:14,-132.365733298483,-24.9326435651478,0,28,28,28,13,-1.34210240590328
01-Aug-2026 00:11:16,-131.904858236672,-24.4717685033373,0,28,28,28,13,-3.17321370073779
01-Aug-2026 00:11:18,-114.100114077531,-6.66702434419558,0,28,28,28,12,-6.66702434419558
01-Aug-2026 00:11:20,-117.298820370958,-9.86573063762251,0,28,28,28,14,-9.86573063762251
01-Aug-2026 00:11:22,-120.86798327141,-13.4348935380752,0,28,28,28,14,-13.4348935380752
01-Aug-2026 00:11:24,-123.877433404389,-16.4443436710542,0,28,28,28,14,-16.4443436710542
01-Aug-2026 00:11:26,-125.884550923376,-18.4514611900407,0,27,27,27,16,-18.4514611900407
01-Aug-2026 00:11:28,-128.660769945418,-21.2276802120826,0,27,27,27,16,-21.2276802120826
01-Aug-2026 00:11:30,-144.856124323746,-37.4230345904112,0,27,27,27,16,-37.4230345904112
01-Aug-2026 00:11:32,-145.299843727802,-37.8667539944667,0,27,27,27,17,-37.8667539944667
01-Aug-2026 00:11:34,-139.01221122251,-31.5791214891751,0,27,27,27,17,-31.5791214891751
01-Aug-2026 00:11:36,-139.063275489727,-31.6301857563921,0,27,27,27,16,-31.6301857563921
01-Aug-2026 00:11:38,-138.818186203492,-31.3850964701566,0,27,27,27,15,-31.3850964701566
01-Aug-2026 00:11:40,-139.104083345654,-31.6709936123187,0,26,26,26,14,-31.6709936123187
01-Aug-2026 00:11:42,-139.340126957935,-31.9070372245996,0,26,26,26,14,-31.9070372245996
01-Aug-2026 00:11:44,-140.780300488145,-33.3472107548101,0,26,26,26,13,-33.3472107548101
01-Aug-2026 00:11:46,-140.805087433024,-33.3719976996884,0,26,26,26,14,-33.3719976996884
01-Aug-2026 00:11:48,-147.981767228141,-40.5486774948053,0,26,26,26,10,-40.5486774948053
01-Aug-2026 00:11:50,-151.182183655445,-43.7490939221098,0,26,26,26,9,-43.7490939221098
01-Aug-2026 00:11:52,-150.97955971393,-43.5464699805948,0,27,27,27,10,-43.5464699805948
01-Aug-2026 00:11:54,-151.07845766539,-43.6453679320553,0,27,27,27,9,-43.6453679320553
01-Aug-2026 00:11:56,-151.367545132994,-43.9344553996586,0,27,27,27,9,-43.9344553996586
01-Aug-2026 00:11:58,-169.375473774553,-61.942384041218,0,26,26,26,9,-61.942384041218
01-Aug-2026 00:12:00,-169.478147474822,-62.0450577414867,0,26,26,26,10,-62.0450577414867
01-Aug-2026 00:12:02,-170.330601619091,-62.8975118857556,0,26,26,26,12,-62.8975118857556
01-Aug-2026 00:12:04,-170.652169631569,-63.2190798982339,0,26,26,26,11,-63.2190798982339
01-Aug-2026 00:12:06,-170.146157150543,-62.7130674172073,0,26,26,26,11,-62.7130674172073
01-Aug-2026 00:12:08,-170.777607894938,-63.3445181616026,0,26,26,26,10,-63.3445181616026
01-Aug-2026 00:12:10,-171.019492960269,-63.5864032269341,0,26,26,26,9,-63.5864032269341
01-Aug-2026 00:12:12,-158.653723114748,-51.2206333814126,0,26,26,26,11,-51.2206333814126
01-Aug-2026 00:12:14,-158.937943321239,-51.5048535879039,0,26,26,26,11,-51.5048535879039
01-Aug-2026 00:12:16,-159.249238555402,-51.8161488220671,0,26,26,26,11,-51.8161488220671
01-Aug-2026 00:12:18,-158.884613932485,-51.4515241991502,0,26,26,26,11,-51.4515241991502
01-Aug-2026 00:12:20,-159.771191550228,-52.3381018168933,0,26,26,26,10,-52.3381018168933
01-Aug-2026 00:12:22,-159.72485228907,-52.2917625557344,0,26,26,26,11,-52.2917625557344
01-Aug-2026 00:12:24,-159.571954900882,-52.1388651675465,0,26,26,26,10,-52.1388651675465
01-Aug-2026 00:12:26,-159.570309299606,-52.1372195662706,0,26,26,26,11,-52.1372195662706
01-Aug-2026 00:12:28,-159.485962407257,-52.0528726739223,0,25,25,25,11,-52.0528726739223
01-Aug-2026 00:12:30,-159.127822529033,-51.6947327956981,0,25,25,25,10,-51.6947327956981
01-Aug-2026 00:12:32,-159.287032804335,-51.8539430709995,0,24,24,24,9,-51.8539430709995
01-Aug-2026 00:12:34,-159.225825622889,-51.7927358895537,0,24,24,24,8,-51.7927358895537
01-Aug-2026 00:12:36,-159.349669104276,-51.9165793709407,0,24,24,24,7,-51.9165793709407
01-Aug-2026 00:12:38,-154.250860433928,-46.8177707005927,0,24,24,24,9,-46.8177707005927
01-Aug-2026 00:12:40,-154.396194380254,-46.9631046469184,0,24,24,24,10,-46.9631046469184
01-Aug-2026 00:12:42,-154.610481624264,-47.1773918909289,0,25,25,25,10,-47.1773918909289
01-Aug-2026 00:12:44,-154.537946398032,-47.1048566646966,0,25,25,25,12,-47.1048566646966
01-Aug-2026 00:12:46,-154.352484034024,-46.9193943006888,0,25,25,25,12,-46.9193943006888
01-Aug-2026 00:12:48,-152.635432860981,-45.2023431276458,0,26,26,26,15,-45.2023431276458
01-Aug-2026 00:12:50,-152.94982468535,-45.5167349520152,0,26,26,26,14,-45.5167349520152
01-Aug-2026 00:12:52,-154.931958958238,-47.498869224903,0,26,26,26,13,-47.498869224903
01-Aug-2026 00:12:54,-154.954678373218,-47.5215886398826,0,26,26,26,10,-47.5215886398826
01-Aug-2026 00:12:56,-154.901812359867,-47.4687226265322,0,25,25,25,9,-47.4687226265322
01-Aug-2026 00:12:58,-155.370484944182,-47.9373952108469,0,25,25,25,8,-47.9373952108469
01-Aug-2026 00:13:00,-155.434144695197,-48.0010549618618,0,24,24,24,8,-48.0010549618618
01-Aug-2026 00:13:02,-148.43871525422,-41.005625520885,0,24,24,24,9,-41.005625520885
01-Aug-2026 00:13:04,-148.921876367699,-41.4887866343637,0,25,25,25,8,-41.4887866343637
01-Aug-2026 00:13:06,-148.968436463956,-41.5353467306205,0,26,26,26,8,-41.5353467306205
01-Aug-2026 00:13:08,-149.333789380594,-41.9006996472592,0,26,26,26,7,-41.9006996472592
01-Aug-2026 00:13:10,-148.629653073929,-41.1965633405941,0,26,26,26,8,-41.1965633405941
01-Aug-2026 00:13:12,-149.350702700404,-41.9176129670688,0,26,26,26,8,-41.9176129670688
01-Aug-2026 00:13:14,-149.564068275846,-42.1309785425112,0,26,26,26,10,-42.1309785425112
01-Aug-2026 00:13:16,-149.699829778677,-42.2667400453416,0,25,25,25,10,-42.2667400453416
01-Aug-2026 00:13:18,-149.30135662269,-41.8682668893546,0,25,25,25,9,-41.8682668893546
01-Aug-2026 00:13:20,-149.15822948177,-41.725139748435,0,24,24,24,11,-41.725139748435
01-Aug-2026 00:13:22,-149.13549088228,-41.7024011489445,0,24,24,24,11,-41.7024011489445
01-Aug-2026 00:13:24,-149.36338716262,-41.9302974292853,0,24,24,24,11,-41.9302974292853
01-Aug-2026 00:13:26,-149.591798341761,-42.1587086084255,0,24,24,24,11,-42.1587086084255
01-Aug-2026 00:13:28,-149.689259579412,-42.256169846077,0,24,24,24,11,-42.256169846077
01-Aug-2026 00:13:30,-149.696534805746,-42.263445072411,0,24,24,24,13,-42.263445072411
01-Aug-2026 00:13:32,-151.00342148393,-43.5703317505948,0,24,24,24,12,-43.5703317505948
01-Aug-2026 00:13:34,-151.37606176867,-43.9429720353344,0,24,24,24,13,-43.9429720353344
01-Aug-2026 00:13:36,-151.592916964054,-44.1598272307186,0,24,24,24,13,-44.1598272307186
01-Aug-2026 00:13:38,-151.872873371409,-44.4397836380737,0,24,24,24,14,-44.4397836380737
01-Aug-2026 00:13:40,-151.458742020604,-44.0256522872691,0,24,24,24,15,-44.0256522872691
01-Aug-2026 00:13:42,-151.885277744512,-44.4521880111769,0,25,25,25,14,-44.4521880111769
01-Aug-2026 00:13:44,-152.311469014576,-44.8783792812413,0,25,25,25,14,-44.8783792812413
01-Aug-2026 00:13:46,-152.278107147582,-44.8450174142471,0,25,25,25,15,-44.8450174142471
01-Aug-2026 00:13:48,-152.176223684048,-44.7431339507128,0,25,25,25,15,-44.7431339507128
01-Aug-2026 00:13:50,-152.144582587562,-44.7114928542272,0,25,25,25,14,-44.7114928542272
01-Aug-2026 00:13:52,-152.071294894783,-44.6382051614478,0,25,25,25,15,-44.6382051614478
01-Aug-2026 00:13:54,-152.321909352912,-44.8888196195771,0,25,25,25,14,-44.8888196195771
01-Aug-2026 00:13:56,-152.478801728901,-45.0457119955655,0,25,25,25,13,-45.0457119955655
01-Aug-2026 00:13:58,-152.571795504031,-45.1387057706957,0,25,25,25,14,-45.1387057706957
01-Aug-2026 00:14:00,-147.80044320108,-40.367353467745,0,26,26,26,15,-40.367353467745
01-Aug-2026 00:14:02,-145.007680316586,-37.5745905832504,0,26,26,26,15,-37.5745905832504
01-Aug-2026 00:14:04,-144.921351479751,-37.4882617464159,0,26,26,26,15,-37.4882617464159
01-Aug-2026 00:14:06,-145.135665368252,-37.7025756349166,0,26,26,26,15,-37.7025756349166
01-Aug-2026 00:14:08,-145.122440909841,-37.6893511765062,0,26,26,26,15,-37.6893511765062
01-Aug-2026 00:14:10,-161.944471626214,-54.5113818928793,0,26,26,26,15,-54.5113818928793
01-Aug-2026 00:14:12,-162.152833218429,-54.7197434850941,0,26,26,26,14,-54.7197434850941
01-Aug-2026 00:14:14,-162.197828283557,-54.7647385502223,0,26,26,26,15,-54.7647385502223
01-Aug-2026 00:14:16,-162.769886953458,-55.3367972201228,0,26,26,26,14,-55.3367972201228
01-Aug-2026 00:14:18,-162.918142423696,-55.4850526903609,0,26,26,26,14,-55.4850526903609
01-Aug-2026 00:14:20,-162.890217481222,-55.4571277478867,0,26,26,26,15,-55.4571277478867
01-Aug-2026 00:14:22,-162.896196586457,-55.4631068531218,0,26,26,26,13,-55.4631068531218
01-Aug-2026 00:14:24,-149.150450785545,-41.7173610522099,0,26,26,26,13,-41.7173610522099
01-Aug-2026 00:14:26,-148.574961700218,-41.1418719668826,0,26,26,26,14,-41.1418719668826
01-Aug-2026 00:14:28,-148.599245513817,-41.166155780482,0,26,26,26,13,-41.166155780482
01-Aug-2026 00:14:30,-143.284867908806,-35.8517781754705,0,27,27,27,15,-35.8517781754705
01-Aug-2026 00:14:32,-143.382169333266,-35.9490795999307,0,27,27,27,15,-35.9490795999307
01-Aug-2026 00:14:34,-143.559133056202,-36.1260433228664,0,27,27,27,14,-36.1260433228664
01-Aug-2026 00:14:36,-143.410948223252,-35.9778584899172,0,27,27,27,15,-35.9778584899172
01-Aug-2026 00:14:38,-139.992451925266,-32.5593621919305,0,27,27,27,14,-32.5593621919305
01-Aug-2026 00:14:40,-139.855098814345,-32.4220090810099,0,27,27,27,14,-32.4220090810099
01-Aug-2026 00:14:42,-140.533881725674,-33.1007919923388,0,28,28,28,16,-33.1007919923388
01-Aug-2026 00:14:44,-142.963955132527,-35.5308653991922,0,29,29,29,18,-35.5308653991922
01-Aug-2026 00:14:46,-143.238398107845,-35.8053083745101,0,29,29,29,18,-35.8053083745101
01-Aug-2026 00:14:48,-143.971883478973,-36.5387937456377,0,29,29,29,16,-36.5387937456377
01-Aug-2026 00:14:50,-144.058390658314,-36.6253009249792,0,29,29,29,15,-36.6253009249792
01-Aug-2026 00:14:52,-144.460930943183,-37.0278412098481,0,29,29,29,16,-37.0278412098481
01-Aug-2026 00:14:54,-145.639074668559,-38.2059849352242,0,29,29,29,16,-38.2059849352242
01-Aug-2026 00:14:56,-145.855074198298,-38.4219844649626,0,29,29,29,15,-38.4219844649626
01-Aug-2026 00:14:58,-146.239399717796,-38.8063099844611,0,29,29,29,15,-38.8063099844611
01-Aug-2026 00:15:00,-147.112537390182,-39.6794476568472,0,28,28,28,15,-39.6794476568472
01-Aug-2026 00:15:02,-168.378196699209,-60.9451069658736,0,29,29,29,12,-60.9451069658736
01-Aug-2026 00:15:04,-151.17697598575,-43.7438862524151,0,29,29,29,13,-43.7438862524151
01-Aug-2026 00:15:06,-152.064186967844,-44.6310972345087,0,29,29,29,14,-44.6310972345087
01-Aug-2026 00:15:08,-152.44533543139,-45.0122456980549,0,29,29,29,13,-45.0122456980549
01-Aug-2026 00:15:10,-152.432682145784,-44.9995924124485,0,29,29,29,15,-44.9995924124485
01-Aug-2026 00:15:12,-151.842659079789,-44.4095693464534,0,28,28,28,14,-44.4095693464534
01-Aug-2026 00:15:14,-147.169280930395,-39.7361911970598,0,28,28,28,14,-39.7361911970598
01-Aug-2026 00:15:16,-147.18250178548,-39.7494120521445,0,28,28,28,14,-39.7494120521445
01-Aug-2026 00:15:18,-147.947346979611,-40.5142572462757,0,27,27,27,14,-40.5142572462757
01-Aug-2026 00:15:20,-148.373918654058,-40.9408289207229,0,27,27,27,14,-40.9408289207229
01-Aug-2026 00:15:22,-148.88543360029,-41.4523438669544,0,27,27,27,14,-41.4523438669544
01-Aug-2026 00:15:24,-149.366138843127,-41.9330491097919,0,27,27,27,14,-41.9330491097919
01-Aug-2026 00:15:26,-149.433742577138,-42.000652843803,0,27,27,27,14,-42.000652843803
01-Aug-2026 00:15:28,-149.577065124758,-42.1439753914225,0,27,27,27,15,-42.1439753914225
01-Aug-2026 00:15:30,-149.505347139306,-42.072257405971,0,26,26,26,13,-42.072257405971
01-Aug-2026 00:15:32,-149.911937858532,-42.4788481251973,0,26,26,26,12,-42.4788481251973
01-Aug-2026 00:15:34,-150.212666942571,-42.7795772092354,0,26,26,26,12,-42.7795772092354
01-Aug-2026 00:15:36,-144.374323121388,-36.9412333880527,0,26,26,26,10,-36.9412333880527
01-Aug-2026 00:15:38,-150.5220385192,-43.0889487858647,0,26,26,26,11,-43.0889487858647
01-Aug-2026 00:15:40,-153.394704620643,-45.9616148873079,0,25,25,25,9,-45.9616148873079
01-Aug-2026 00:15:42,-154.289723815665,-46.8566340823303,0,25,25,25,11,-46.8566340823303
01-Aug-2026 00:15:44,-153.904717269721,-46.4716275363858,0,25,25,25,11,-46.4716275363858
01-Aug-2026 00:15:46,-154.43454759574,-47.0014578624047,0,25,25,25,11,-47.0014578624047
01-Aug-2026 00:15:48,-154.732126777735,-47.2990370443995,0,26,26,26,10,-47.2990370443995
01-Aug-2026 00:15:50,-167.00734272196,-59.5742529886243,0,26,26,26,12,-59.5742529886243
01-Aug-2026 00:15:52,-167.193527652918,-59.760437919583,0,26,26,26,12,-59.760437919583
01-Aug-2026 00:15:54,-170.502380091902,-63.0692903585665,0,26,26,26,12,-63.0692903585665
01-Aug-2026 00:15:56,-170.27325843493,-62.8401687015944,0,26,26,26,12,-62.8401687015944
01-Aug-2026 00:15:58,-170.126914333838,-62.6938246005026,0,26,26,26,12,-62.6938246005026
01-Aug-2026 00:16:00,-170.143448783621,-62.7103590502862,0,26,26,26,11,-62.7103590502862
01-Aug-2026 00:16:02,-172.425564028023,-64.9924742946876,0,26,26,26,12,-64.9924742946876
01-Aug-2026 00:16:04,-172.445150324361,-65.0120605910259,0,26,26,26,11,-65.0120605910259
01-Aug-2026 00:16:06,-157.437939268291,-50.0048495349554,0,26,26,26,13,-50.0048495349554
01-Aug-2026 00:16:08,-152.184410132388,-44.7513203990528,0,26,26,26,14,-44.7513203990528
01-Aug-2026 00:16:10,-152.512704664002,-45.0796149306671,0,26,26,26,13,-45.0796149306671
01-Aug-2026 00:16:12,-152.789413826887,-45.356324093552,0,25,25,25,12,-45.356324093552
01-Aug-2026 00:16:14,-153.178677464886,-45.7455877315511,0,25,25,25,12,-45.7455877315511
01-Aug-2026 00:16:16,-153.384857367481,-45.9517676341461,0,25,25,25,13,-45.9517676341461
01-Aug-2026 00:16:18,-139.052779150653,-31.6196894173179,0,26,26,26,13,-31.6196894173179
01-Aug-2026 00:16:20,-143.216127594619,-35.7830378612839,0,26,26,26,13,-35.7830378612839
01-Aug-2026 00:16:22,-145.904246401345,-38.4711566680101,0,26,26,26,13,-38.4711566680101
01-Aug-2026 00:16:24,-148.511723103845,-41.0786333705101,0,26,26,26,13,-41.0786333705101
01-Aug-2026 00:16:26,-151.575503051753,-44.1424133184176,0,26,26,26,13,-44.1424133184176
01-Aug-2026 00:16:28,-152.812024451684,-45.3789347183489,0,26,26,26,14,-45.3789347183489
01-Aug-2026 00:16:30,-153.260473358144,-45.827383624809,0,26,26,26,14,-45.827383624809
01-Aug-2026 00:16:32,-155.540758356097,-48.1076686227621,0,26,26,26,14,-48.1076686227621
01-Aug-2026 00:16:34,-155.158742874598,-47.7256531412623,0,27,27,27,13,-47.7256531412623
01-Aug-2026 00:16:36,-155.07767227138,-47.6445825380448,0,27,27,27,14,-47.6445825380448
01-Aug-2026 00:16:38,-155.00596386222,-47.5728741288845,0,27,27,27,17,-47.5728741288845
01-Aug-2026 00:16:40,-155.090818407295,-47.65772867396,0,27,27,27,15,-47.65772867396
01-Aug-2026 00:16:42,-154.895757519989,-47.4626677866542,0,25,25,25,16,-47.4626677866542
01-Aug-2026 00:16:44,-154.531407202076,-47.0983174687411,0,25,25,25,16,-47.0983174687411
01-Aug-2026 00:16:46,-154.733779448126,-47.3006897147909,0,25,25,25,16,-47.3006897147909
01-Aug-2026 00:16:48,-155.116843087423,-47.6837533540877,0,25,25,25,14,-47.6837533540877
01-Aug-2026 00:16:50,-155.518989524999,-48.085899791664,0,25,25,25,16,-48.085899791664
01-Aug-2026 00:16:52,-161.193982515886,-53.7608927825509,0,25,25,25,13,-53.7608927825509
01-Aug-2026 00:16:54,-161.720231904141,-54.287142170806,0,25,25,25,13,-54.287142170806
01-Aug-2026 00:16:56,-159.500096575989,-52.0670068426541,0,25,25,25,13,-52.0670068426541
01-Aug-2026 00:16:58,-159.379791767213,-51.9467020338782,0,26,26,26,14,-51.9467020338782
01-Aug-2026 00:17:00,-159.319639722284,-51.8865499889488,0,26,26,26,15,-51.8865499889488
01-Aug-2026 00:17:02,-159.8121674762,-52.3790777428646,0,26,26,26,14,-52.3790777428646
01-Aug-2026 00:17:04,-160.052941240789,-52.6198515074543,0,26,26,26,13,-52.6198515074543
01-Aug-2026 00:17:06,-163.130609223681,-55.6975194903463,0,26,26,26,12,-55.6975194903463
01-Aug-2026 00:17:08,-162.864167299277,-55.4310775659418,0,24,24,24,11,-55.4310775659418
01-Aug-2026 00:17:10,-162.891766853313,-55.4586771199773,0,24,24,24,11,-55.4586771199773
01-Aug-2026 00:17:12,-162.702138831493,-55.2690490981581,0,24,24,24,10,-55.2690490981581
01-Aug-2026 00:17:14,-162.572088652924,-55.1389989195891,0,24,24,24,12,-55.1389989195891
01-Aug-2026 00:17:16,-156.785502568863,-49.3524128355282,0,24,24,24,13,-49.3524128355282
01-Aug-2026 00:17:18,-157.126697047253,-49.6936073139179,0,24,24,24,13,-49.6936073139179
01-Aug-2026 00:17:20,-157.775691054512,-50.3426013211773,0,24,24,24,11,-50.3426013211773
01-Aug-2026 00:17:22,-157.292020945661,-49.8589312123258,0,24,24,24,12,-49.8589312123258
01-Aug-2026 00:17:24,-157.014188614202,-49.5810988808668,0,24,24,24,12,-49.5810988808668
01-Aug-2026 00:17:26,-156.194663288892,-48.7615735555567,0,24,24,24,12,-48.7615735555567
01-Aug-2026 00:17:28,-154.082973009243,-46.6498832759078,0,25,25,25,14,-46.6498832759078
01-Aug-2026 00:17:30,-151.385000044819,-43.9519103114834,0,25,25,25,13,-43.9519103114834
01-Aug-2026 00:17:32,-147.720950240949,-40.2878605076143,0,25,25,25,12,-40.2878605076143
01-Aug-2026 00:17:34,-144.989617895175,-37.5565281618396,0,25,25,25,11,-37.5565281618396
01-Aug-2026 00:17:36,-140.247975801228,-32.8148860678933,0,25,25,25,10,-32.8148860678933
01-Aug-2026 00:17:38,-136.402458820632,-28.9693690872968,0,25,25,25,11,-28.9693690872968
01-Aug-2026 00:17:40,-158.999441573567,-51.5663518402314,0,25,25,25,10,-51.5663518402314
01-Aug-2026 00:17:42,-158.740726884641,-51.3076371513058,0,25,25,25,9,-51.3076371513058
01-Aug-2026 00:17:44,-158.927639530837,-51.4945497975021,0,25,25,25,10,-51.4945497975021
01-Aug-2026 00:17:46,-163.764005169293,-56.3309154359574,0,25,25,25,9,-56.3309154359574
01-Aug-2026 00:17:48,-163.286603534601,-55.853513801266,0,25,25,25,11,-55.853513801266
01-Aug-2026 00:17:50,-163.327195079875,-55.8941053465396,0,25,25,25,11,-55.8941053465396
01-Aug-2026 00:17:52,-163.320052344699,-55.8869626113639,0,25,25,25,11,-55.8869626113639
01-Aug-2026 00:17:54,-158.990209720026,-51.5571199866905,0,26,26,26,13,-51.5571199866905
01-Aug-2026 00:17:56,-159.274580586192,-51.841490852857,0,26,26,26,13,-51.841490852857
01-Aug-2026 00:17:58,-159.416764911901,-51.9836751785662,0,26,26,26,13,-51.9836751785662
01-Aug-2026 00:18:00,-159.514253031701,-52.081163298366,0,26,26,26,12,-52.081163298366
01-Aug-2026 00:18:02,-158.090385333488,-50.6572956001532,0,26,26,26,14,-50.6572956001532
01-Aug-2026 00:18:04,-157.904726611674,-50.4716368783392,0,26,26,26,14,-50.4716368783392
01-Aug-2026 00:18:06,-158.501929450022,-51.0688397166867,0,26,26,26,13,-51.0688397166867
01-Aug-2026 00:18:08,-158.477128382449,-51.0440386491133,0,26,26,26,13,-51.0440386491133
01-Aug-2026 00:18:10,-142.580681347237,-35.1475916139016,0,26,26,26,18,-35.1475916139016
01-Aug-2026 00:18:12,-141.695920578691,-34.262830845356,0,26,26,26,18,-34.262830845356
01-Aug-2026 00:18:14,-140.773231332408,-33.3401415990725,0,26,26,26,18,-33.3401415990725
01-Aug-2026 00:18:16,-140.217027492362,-32.7839377590269,0,26,26,26,16,-32.7839377590269
01-Aug-2026 00:18:18,-139.138184107443,-31.7050943741078,0,26,26,26,14,-31.7050943741078
01-Aug-2026 00:18:20,-137.718564905241,-30.2854751719057,0,27,27,27,14,-30.2854751719057
01-Aug-2026 00:18:22,-137.094233004437,-29.6611432711014,0,27,27,27,15,-29.6611432711014
01-Aug-2026 00:18:24,-136.104890627397,-28.6718008940616,0,27,27,27,16,-28.6718008940616
01-Aug-2026 00:18:26,-134.903833005303,-27.4707432719674,0,27,27,27,16,-27.4707432719674
01-Aug-2026 00:18:28,-135.208768276866,-27.7756785435308,0,27,27,27,17,-27.7756785435308
01-Aug-2026 00:18:30,-146.477962536781,-39.0448728034457,0,27,27,27,18,-39.0448728034457
01-Aug-2026 00:18:32,-146.02400236811,-38.5909126347753,0,28,28,28,19,-38.5909126347753
01-Aug-2026 00:18:34,-161.413349635969,-53.9802599026342,0,29,29,29,17,-53.9802599026342
01-Aug-2026 00:18:36,-161.864976325896,-54.4318865925604,0,30,30,30,16,-54.4318865925604
01-Aug-2026 00:18:38,-161.737309524202,-54.3042197908668,0,30,30,30,17,-54.3042197908668
01-Aug-2026 00:18:40,-161.902553269249,-54.4694635359136,0,30,30,30,16,-54.4694635359136
01-Aug-2026 00:18:42,-162.165372029265,-54.7322822959295,0,30,30,30,16,-54.7322822959295
01-Aug-2026 00:18:44,-162.075980361327,-54.6428906279913,0,30,30,30,16,-54.6428906279913
01-Aug-2026 00:18:46,-162.192375834104,-54.759286100769,0,29,29,29,14,-54.759286100769
01-Aug-2026 00:18:48,-162.486131896867,-55.0530421635315,0,29,29,29,14,-55.0530421635315
01-Aug-2026 00:18:50,-162.856889353599,-55.423799620264,0,29,29,29,15,-55.423799620264
01-Aug-2026 00:18:52,-150.065884907505,-42.63279517417,0,28,28,28,15,-42.63279517417
01-Aug-2026 00:18:54,-150.849724918255,-43.4166351849199,0,29,29,29,16,-43.4166351849199
01-Aug-2026 00:18:56,-151.496104854072,-44.0630151207372,0,29,29,29,16,-44.0630151207372
01-Aug-2026 00:18:58,-151.61121515359,-44.1781254202546,0,29,29,29,17,-44.1781254202546
01-Aug-2026 00:19:00,-152.025039234359,-44.5919495010235,0,29,29,29,18,-44.5919495010235
01-Aug-2026 00:19:02,-149.511407330176,-42.0783175968407,0,29,29,29,19,-42.0783175968407
01-Aug-2026 00:19:04,-149.733126658881,-42.3000369255455,0,28,28,28,18,-42.3000369255455
01-Aug-2026 00:19:06,-149.552699821991,-42.1196100886555,0,28,28,28,17,-42.1196100886555
01-Aug-2026 00:19:08,-150.112616125983,-42.6795263926481,0,28,28,28,18,-42.6795263926481
01-Aug-2026 00:19:10,-150.345332592913,-42.9122428595782,0,28,28,28,18,-42.9122428595782
01-Aug-2026 00:19:12,-150.53589030536,-43.102800572025,0,27,27,27,19,-43.102800572025
01-Aug-2026 00:19:14,-151.177500455657,-43.7444107223218,0,27,27,27,17,-43.7444107223218
01-Aug-2026 00:19:16,-149.798649892122,-42.3655601587866,0,27,27,27,16,-42.3655601587866
01-Aug-2026 00:19:18,-149.867987469051,-42.4348977357162,0,27,27,27,16,-42.4348977357162
01-Aug-2026 00:19:20,-150.078297335711,-42.6452076023756,0,26,26,26,15,-42.6452076023756
01-Aug-2026 00:19:22,-152.69702957511,-45.2639398417752,0,25,25,25,13,-45.2639398417752
01-Aug-2026 00:19:24,-152.860256218982,-45.4271664856466,0,25,25,25,14,-45.4271664856466
01-Aug-2026 00:19:26,-155.763961263499,-48.3308715301641,0,25,25,25,13,-48.3308715301641
01-Aug-2026 00:19:28,-156.06418970684,-48.6310999735043,0,25,25,25,13,-48.6310999735043
01-Aug-2026 00:19:30,-156.275308733751,-48.8422190004161,0,25,25,25,15,-48.8422190004161
01-Aug-2026 00:19:32,-156.520909956711,-49.087820223376,0,25,25,25,14,-49.087820223376
01-Aug-2026 00:19:34,-156.064788789089,-48.6316990557541,0,25,25,25,16,-48.6316990557541
01-Aug-2026 00:19:36,-156.085600527194,-48.6525107938584,0,25,25,25,15,-48.6525107938584
01-Aug-2026 00:19:38,-156.23898223546,-48.8058925021244,0,25,25,25,14,-48.8058925021244
01-Aug-2026 00:19:40,-154.094920048707,-46.6618303153715,0,25,25,25,14,-46.6618303153715
01-Aug-2026 00:19:42,-152.828035964587,-45.3949462312521,0,25,25,25,13,-45.3949462312521
01-Aug-2026 00:19:44,-153.179806495806,-45.7467167624708,0,26,26,26,12,-45.7467167624708
01-Aug-2026 00:19:46,-153.45065404467,-46.0175643113347,0,26,26,26,12,-46.0175643113347
01-Aug-2026 00:19:48,-153.918429321808,-46.485339588473,0,26,26,26,11,-46.485339588473
01-Aug-2026 00:19:50,-156.085548998391,-48.6524592650555,0,26,26,26,12,-48.6524592650555
01-Aug-2026 00:19:52,-155.377425771369,-47.9443360380336,0,27,27,27,14,-47.9443360380336
01-Aug-2026 00:19:54,-155.775063005089,-48.3419732717536,0,27,27,27,15,-48.3419732717536
01-Aug-2026 00:19:56,-155.724873210992,-48.2917834776569,0,27,27,27,16,-48.2917834776569
01-Aug-2026 00:19:58,-155.599507319334,-48.1664175859988,0,26,26,26,17,-48.1664175859988
01-Aug-2026 00:20:00,-155.729688406912,-48.2965986735769,0,26,26,26,15,-48.2965986735769
01-Aug-2026 00:20:02,-156.309787013948,-48.8766972806128,0,26,26,26,14,-48.8766972806128
01-Aug-2026 00:20:04,-155.59823202485,-48.1651422915153,0,26,26,26,15,-48.1651422915153
01-Aug-2026 00:20:06,-154.871900749207,-47.4388110158716,0,26,26,26,16,-47.4388110158716
01-Aug-2026 00:20:08,-154.647459759549,-47.214370026214,0,26,26,26,16,-47.214370026214
01-Aug-2026 00:20:10,-156.143264004596,-48.7101742712611,0,26,26,26,16,-48.7101742712611
01-Aug-2026 00:20:12,-156.191717537687,-48.7586278043515,0,26,26,26,14,-48.7586278043515
01-Aug-2026 00:20:14,-156.933723882441,-49.5006341491058,0,26,26,26,12,-49.5006341491058
01-Aug-2026 00:20:16,-156.974645384676,-49.5415556513408,0,26,26,26,12,-49.5415556513408
01-Aug-2026 00:20:18,-156.699125579734,-49.2660358463988,0,26,26,26,13,-49.2660358463988
01-Aug-2026 00:20:20,-164.63241005495,-57.1993203216153,0,26,26,26,13,-57.1993203216153
01-Aug-2026 00:20:22,-162.341617347824,-54.9085276144885,0,26,26,26,13,-54.9085276144885
01-Aug-2026 00:20:24,-162.721537562783,-55.2884478294475,0,26,26,26,12,-55.2884478294475
01-Aug-2026 00:20:26,-162.992272750821,-55.559183017486,0,27,27,27,12,-55.559183017486
01-Aug-2026 00:20:28,-176.141131233563,-68.7080415002281,0,27,27,27,9,-68.7080415002281
01-Aug-2026 00:20:30,-175.044199745604,-67.6111100122686,0,26,26,26,9,-67.6111100122686
01-Aug-2026 00:20:32,-174.655259047015,-67.2221693136801,0,26,26,26,9,-67.2221693136801
01-Aug-2026 00:20:34,-163.773801814623,-56.3407120812875,0,26,26,26,9,-56.3407120812875
01-Aug-2026 00:20:36,-156.275262261537,-48.8421725282021,0,26,26,26,10,-48.8421725282021
01-Aug-2026 00:20:38,-156.769005929609,-49.3359161962738,0,26,26,26,10,-49.3359161962738
01-Aug-2026 00:20:40,-156.844798065611,-49.4117083322754,0,26,26,26,10,-49.4117083322754
01-Aug-2026 00:20:42,-157.851813651779,-50.4187239184442,0,27,27,27,11,-50.4187239184442
01-Aug-2026 00:20:44,-158.20355188814,-50.7704621548051,0,26,26,26,10,-50.7704621548051
01-Aug-2026 00:20:46,-158.354081795197,-50.9209920618621,0,26,26,26,10,-50.9209920618621
01-Aug-2026 00:20:48,-160.996303175331,-53.5632134419954,0,26,26,26,10,-53.5632134419954
01-Aug-2026 00:20:50,-161.125521318498,-53.6924315851632,0,26,26,26,12,-53.6924315851632
01-Aug-2026 00:20:52,-161.26739308113,-53.8343033477945,0,26,26,26,12,-53.8343033477945
01-Aug-2026 00:20:54,-159.011218163416,-51.5781284300806,0,26,26,26,13,-51.5781284300806
01-Aug-2026 00:20:56,-153.423353532369,-45.9902637990341,0,25,25,25,11,-45.9902637990341
01-Aug-2026 00:20:58,-152.230824187857,-44.7977344545222,0,25,25,25,14,-44.7977344545222
01-Aug-2026 00:21:00,-152.125315077038,-44.6922253437033,0,24,24,24,12,-44.6922253437033
01-Aug-2026 00:21:02,-152.372305893985,-44.9392161606497,0,24,24,24,11,-44.9392161606497
01-Aug-2026 00:21:04,-152.131570477644,-44.6984807443088,0,24,24,24,14,-44.6984807443088
01-Aug-2026 00:21:06,-152.196763613797,-44.7636738804615,0,24,24,24,13,-44.7636738804615
01-Aug-2026 00:21:08,-151.491137429194,-44.0580476958592,0,24,24,24,12,-44.0580476958592
01-Aug-2026 00:21:10,-151.323397546818,-43.8903078134833,0,24,24,24,12,-43.8903078134833
01-Aug-2026 00:21:12,-150.546571991823,-43.1134822584876,0,24,24,24,13,-43.1134822584876
01-Aug-2026 00:21:14,-150.629521784843,-43.1964320515078,0,24,24,24,12,-43.1964320515078
01-Aug-2026 00:21:16,-150.79204232965,-43.3589525963151,0,25,25,25,15,-43.3589525963151
01-Aug-2026 00:21:18,-150.798979723848,-43.3658899905131,0,25,25,25,14,-43.3658899905131
01-Aug-2026 00:21:20,-150.423386537888,-42.9902968045529,0,25,25,25,14,-42.9902968045529
01-Aug-2026 00:21:22,-150.369293656875,-42.9362039235396,0,25,25,25,13,-42.9362039235396
01-Aug-2026 00:21:24,-151.154384757257,-43.7212950239215,0,25,25,25,13,-43.7212950239215
01-Aug-2026 00:21:26,-149.517566314726,-42.0844765813911,0,25,25,25,15,-42.0844765813911
01-Aug-2026 00:21:28,-131.663691278337,-24.2306015450022,0,25,25,25,17,-24.2306015450022
01-Aug-2026 00:21:30,-147.311380432761,-39.8782906994258,0,25,25,25,17,-39.8782906994258
01-Aug-2026 00:21:32,-147.091264103765,-39.6581743704294,0,25,25,25,16,-39.6581743704294
01-Aug-2026 00:21:34,-146.601741752489,-39.1686520191539,0,25,25,25,14,-39.1686520191539
01-Aug-2026 00:21:36,-146.527798804368,-39.0947090710328,0,25,25,25,15,-39.0947090710328
01-Aug-2026 00:21:38,-149.252538596706,-41.8194488633707,0,25,25,25,15,-41.8194488633707
01-Aug-2026 00:21:40,-149.175115463773,-41.7420257304376,0,25,25,25,15,-41.7420257304376
01-Aug-2026 00:21:42,-149.139074753018,-41.7059850196828,0,25,25,25,15,-41.7059850196828
01-Aug-2026 00:21:44,-149.337191810918,-41.9041020775833,0,25,25,25,15,-41.9041020775833
01-Aug-2026 00:21:46,-149.466020087497,-42.0329303541615,0,25,25,25,15,-42.0329303541615
01-Aug-2026 00:21:48,-149.220919399948,-41.787829666613,0,26,26,26,15,-41.787829666613
01-Aug-2026 00:21:50,-148.832181044435,-41.3990913111002,0,26,26,26,15,-41.3990913111002
01-Aug-2026 00:21:52,-148.344326985061,-40.9112372517261,0,26,26,26,15,-40.9112372517261
01-Aug-2026 00:21:54,-148.046824573462,-40.6137348401265,0,26,26,26,15,-40.6137348401265
01-Aug-2026 00:21:56,-147.53778362039,-40.1046938870552,0,26,26,26,13,-40.1046938870552
01-Aug-2026 00:21:58,-147.699827977635,-40.2667382442999,0,26,26,26,12,-40.2667382442999
01-Aug-2026 00:22:00,-147.746191678771,-40.3131019454358,0,26,26,26,11,-40.3131019454358
01-Aug-2026 00:22:02,-147.201830561575,-39.76874082824,0,26,26,26,10,-39.76874082824
01-Aug-2026 00:22:04,-147.162192525791,-39.7291027924556,0,26,26,26,9,-39.7291027924556
01-Aug-2026 00:22:06,-157.542223993099,-50.1091342597637,0,26,26,26,8,-50.1091342597637
01-Aug-2026 00:22:08,-157.376193248358,-49.9431035150232,0,26,26,26,8,-49.9431035150232
01-Aug-2026 00:22:10,-158.420390938274,-50.9873012049386,0,27,27,27,8,-50.9873012049386
01-Aug-2026 00:22:12,-158.547988881251,-51.1148991479155,0,27,27,27,9,-51.1148991479155
01-Aug-2026 00:22:14,-159.627957002322,-52.1948672689871,0,27,27,27,9,-52.1948672689871
01-Aug-2026 00:22:16,-160.81577227486,-53.3826825415245,0,27,27,27,9,-53.3826825415245
01-Aug-2026 00:22:18,-160.690594671191,-53.257504937856,0,28,28,28,8,-53.257504937856
01-Aug-2026 00:22:20,-159.793557745262,-52.3604680119268,0,29,29,29,9,-52.3604680119268
01-Aug-2026 00:22:22,-161.242604437322,-53.8095147039873,0,29,29,29,8,-53.8095147039873
01-Aug-2026 00:22:24,-161.480111348955,-54.0470216156201,0,29,29,29,9,-54.0470216156201
01-Aug-2026 00:22:26,-167.117235577072,-59.6841458437369,0,30,30,30,11,-59.6841458437369
01-Aug-2026 00:22:28,-167.098430140816,-59.6653404074808,0,30,30,30,10,-59.6653404074808
01-Aug-2026 00:22:30,-167.25586485432,-59.8227751209845,0,30,30,30,11,-59.8227751209845
01-Aug-2026 00:22:32,-166.913130957014,-59.4800412236784,0,30,30,30,12,-59.4800412236784
01-Aug-2026 00:22:34,-166.994544726602,-59.5614549932666,0,30,30,30,12,-59.5614549932666
01-Aug-2026 00:22:36,-166.952381697276,-59.5192919639405,0,30,30,30,11,-59.5192919639405
01-Aug-2026 00:22:38,-167.015535025936,-59.582445292601,0,29,29,29,11,-59.582445292601
01-Aug-2026 00:22:40,-166.679329758811,-59.246240025476,0,29,29,29,12,-59.246240025476
01-Aug-2026 00:22:42,-166.595289920518,-59.1622001871827,0,29,29,29,12,-59.1622001871827
01-Aug-2026 00:22:44,-166.343674682778,-58.9105849494431,0,28,28,28,13,-58.9105849494431
01-Aug-2026 00:22:46,-166.199001717289,-58.765911983954,0,29,29,29,12,-58.765911983954
01-Aug-2026 00:22:48,-173.788687984179,-66.3555982508437,0,29,29,29,10,-66.3555982508437
01-Aug-2026 00:22:50,-175.936817986735,-68.5037282533997,0,29,29,29,9,-68.5037282533997
01-Aug-2026 00:22:52,-178.101990111949,-70.6689003786139,0,29,29,29,7,-70.6689003786139
01-Aug-2026 00:22:54,-178.171597281846,-70.7385075485109,0,29,29,29,6,-70.7385075485109
01-Aug-2026 00:22:56,-162.871031345808,-55.4379416124729,0,28,28,28,8,-55.4379416124729
01-Aug-2026 00:22:58,-163.007462373267,-55.5743726399316,0,28,28,28,7,-55.5743726399316
01-Aug-2026 00:23:00,-163.596066189682,-56.1629764563471,0,28,28,28,8,-56.1629764563471
01-Aug-2026 00:23:02,-163.805782713436,-56.3726929801005,0,28,28,28,9,-56.3726929801005
01-Aug-2026 00:23:04,-168.486213460432,-61.0531237270967,0,27,27,27,8,-61.0531237270967
01-Aug-2026 00:23:06,-167.945601982655,-60.5125122493197,0,26,26,26,8,-60.5125122493197
01-Aug-2026 00:23:08,-167.607815767875,-60.1747260345399,0,26,26,26,9,-60.1747260345399
01-Aug-2026 00:23:10,-163.992581045954,-56.559491312619,0,25,25,25,9,-56.559491312619
01-Aug-2026 00:23:12,-165.53532158633,-58.1022318529951,0,25,25,25,9,-58.1022318529951
01-Aug-2026 00:23:14,-165.78113093984,-58.3480412065049,0,25,25,25,8,-58.3480412065049
01-Aug-2026 00:23:16,-165.934526779749,-58.5014370464139,0,25,25,25,8,-58.5014370464139
01-Aug-2026 00:23:18,-165.88481051411,-58.4517207807748,0,25,25,25,9,-58.4517207807748
01-Aug-2026 00:23:20,-141.550052183823,-34.1169624504877,0,25,25,25,10,-34.1169624504877
01-Aug-2026 00:23:22,-142.390959311348,-34.9578695780125,0,25,25,25,13,-34.9578695780125
01-Aug-2026 00:23:24,-143.922193907053,-36.4891041737182,0,25,25,25,14,-36.4891041737182
01-Aug-2026 00:23:26,-144.026716924823,-36.5936271914878,0,26,26,26,14,-36.5936271914878
01-Aug-2026 00:23:28,-143.758063851762,-36.3249741184266,0,26,26,26,13,-36.3249741184266
01-Aug-2026 00:23:30,-144.758921804142,-37.325832070807,0,26,26,26,12,-37.325832070807
01-Aug-2026 00:23:32,-145.361506685902,-37.9284169525669,0,26,26,26,11,-37.9284169525669
01-Aug-2026 00:23:34,-146.103918551669,-38.6708288183336,0,26,26,26,12,-38.6708288183336
01-Aug-2026 00:23:36,-148.384214454535,-40.9511247211999,0,26,26,26,12,-40.9511247211999
01-Aug-2026 00:23:38,-149.414124355464,-41.9810346221284,0,26,26,26,11,-41.9810346221284
01-Aug-2026 00:23:40,-150.492511116475,-43.0594213831401,0,25,25,25,11,-43.0594213831401
01-Aug-2026 00:23:42,-150.895508812116,-43.4624190787812,0,26,26,26,12,-43.4624190787812
01-Aug-2026 00:23:44,-171.654653606479,-64.2215638731442,0,26,26,26,12,-64.2215638731442
01-Aug-2026 00:23:46,-172.052079598477,-64.6189898651423,0,26,26,26,11,-64.6189898651423
01-Aug-2026 00:23:48,-171.688250146629,-64.2551604132937,0,26,26,26,11,-64.2551604132937
01-Aug-2026 00:23:50,-167.733818234212,-60.3007285008771,0,26,26,26,12,-60.3007285008771
01-Aug-2026 00:23:52,-167.985226039111,-60.5521363057759,0,26,26,26,12,-60.5521363057759
01-Aug-2026 00:23:54,-167.616963242099,-60.1838735087641,0,26,26,26,13,-60.1838735087641
01-Aug-2026 00:23:56,-167.787813255105,-60.3547235217699,0,26,26,26,12,-60.3547235217699
01-Aug-2026 00:23:58,-167.466185580395,-60.0330958470601,0,26,26,26,13,-60.0330958470601
01-Aug-2026 00:24:00,-167.262021133117,-59.8289313997815,0,26,26,26,13,-59.8289313997815
01-Aug-2026 00:24:02,-158.300729933457,-50.8676402001217,0,26,26,26,14,-50.8676402001217
01-Aug-2026 00:24:04,-159.233096397429,-51.8000066640933,0,26,26,26,13,-51.8000066640933
01-Aug-2026 00:24:06,-159.486520244488,-52.0534305111525,0,26,26,26,13,-52.0534305111525
01-Aug-2026 00:24:08,-159.586392505942,-52.1533027726069,0,26,26,26,14,-52.1533027726069
01-Aug-2026 00:24:10,-159.785419620448,-52.3523298871131,0,26,26,26,14,-52.3523298871131
01-Aug-2026 00:24:12,-159.973020222822,-52.5399304894871,0,26,26,26,17,-52.5399304894871
01-Aug-2026 00:24:14,-160.16709770516,-52.7340079718244,0,26,26,26,17,-52.7340079718244
01-Aug-2026 00:24:16,-159.769490745815,-52.3364010124793,0,26,26,26,18,-52.3364010124793
01-Aug-2026 00:24:18,-161.483291033925,-54.0502013005902,0,26,26,26,16,-54.0502013005902
01-Aug-2026 00:24:20,-161.285868980482,-53.8527792471471,0,26,26,26,14,-53.8527792471471
01-Aug-2026 00:24:22,-161.264622131814,-53.8315323984787,0,26,26,26,14,-53.8315323984787
01-Aug-2026 00:24:24,-161.50391983959,-54.070830106255,0,26,26,26,14,-54.070830106255
01-Aug-2026 00:24:26,-161.215107306255,-53.7820175729197,0,26,26,26,14,-53.7820175729197
01-Aug-2026 00:24:28,-161.143843401552,-53.7107536682171,0,26,26,26,14,-53.7107536682171
01-Aug-2026 00:24:30,-160.806409189618,-53.3733194562826,0,27,27,27,13,-53.3733194562826
01-Aug-2026 00:24:32,-163.546943048095,-56.11385331476,0,27,27,27,14,-56.11385331476
01-Aug-2026 00:24:34,-163.871851708728,-56.4387619753929,0,26,26,26,13,-56.4387619753929
01-Aug-2026 00:24:36,-163.538291906104,-56.1052021727683,0,26,26,26,14,-56.1052021727683
01-Aug-2026 00:24:38,-164.071417678677,-56.6383279453415,0,26,26,26,14,-56.6383279453415
01-Aug-2026 00:24:40,-164.779037805915,-57.3459480725796,0,27,27,27,15,-57.3459480725796
01-Aug-2026 00:24:42,-165.317852272675,-57.8847625393403,0,26,26,26,15,-57.8847625393403
01-Aug-2026 00:24:44,-165.896826077819,-58.4637363444838,0,26,26,26,13,-58.4637363444838
01-Aug-2026 00:24:46,-166.058686750871,-58.6255970175353,0,26,26,26,13,-58.6255970175353
01-Aug-2026 00:24:48,-166.91175070619,-59.4786609728544,0,26,26,26,12,-59.4786609728544
01-Aug-2026 00:24:50,-165.457935225756,-58.0248454924208,0,26,26,26,10,-58.0248454924208
01-Aug-2026 00:24:52,-164.278425755514,-56.8453360221793,0,24,24,24,11,-56.8453360221793
01-Aug-2026 00:24:54,-166.421113646852,-58.9880239135165,0,24,24,24,9,-58.9880239135165
01-Aug-2026 00:24:56,-166.413133058281,-58.9800433249456,0,24,24,24,8,-58.9800433249456
01-Aug-2026 00:24:58,-166.480459918841,-59.0473701855061,0,24,24,24,8,-59.0473701855061
01-Aug-2026 00:25:00,-168.028127243807,-60.5950375104716,0,24,24,24,8,-60.5950375104716
01-Aug-2026 00:25:02,-167.75167139773,-60.3185816643952,0,25,25,25,8,-60.3185816643952
01-Aug-2026 00:25:04,-168.022948753116,-60.5898590197811,0,25,25,25,10,-60.5898590197811
01-Aug-2026 00:25:06,-165.966598635388,-58.5335089020526,0,25,25,25,11,-58.5335089020526
01-Aug-2026 00:25:08,-166.034816623142,-58.6017268898065,0,25,25,25,11,-58.6017268898065
01-Aug-2026 00:25:10,-166.592936475497,-59.1598467421621,0,25,25,25,11,-59.1598467421621
01-Aug-2026 00:25:12,-166.197155710414,-58.7640659770792,0,25,25,25,12,-58.7640659770792
01-Aug-2026 00:25:14,-166.564347868179,-59.1312581348434,0,25,25,25,11,-59.1312581348434
01-Aug-2026 00:25:16,-166.370772885247,-58.9376831519118,0,25,25,25,10,-58.9376831519118
01-Aug-2026 00:25:18,-165.030076899361,-57.5969871660263,0,25,25,25,10,-57.5969871660263
01-Aug-2026 00:25:20,-165.421598225266,-57.9885084919309,0,25,25,25,10,-57.9885084919309
01-Aug-2026 00:25:22,-171.152700249336,-63.719610516001,0,25,25,25,9,-63.719610516001
01-Aug-2026 00:25:24,-171.239257943584,-63.8061682102485,0,25,25,25,8,-63.8061682102485
01-Aug-2026 00:25:26,-171.84018979365,-64.4071000603153,0,25,25,25,9,-64.4071000603153
01-Aug-2026 00:25:28,-171.771238118842,-64.3381483855067,0,25,25,25,9,-64.3381483855067
01-Aug-2026 00:25:30,-171.804406058844,-64.3713163255091,0,25,25,25,10,-64.3713163255091
01-Aug-2026 00:25:32,-171.556459681024,-64.1233699476888,0,25,25,25,10,-64.1233699476888
01-Aug-2026 00:25:34,-171.28835896199,-63.8552692286546,0,25,25,25,11,-63.8552692286546
01-Aug-2026 00:25:36,-171.78049333486,-64.3474036015249,0,25,25,25,11,-64.3474036015249
01-Aug-2026 00:25:38,-171.851748262212,-64.4186585288765,0,25,25,25,12,-64.4186585288765
01-Aug-2026 00:25:40,-172.216970179064,-64.7838804457292,0,25,25,25,12,-64.7838804457292
01-Aug-2026 00:25:42,-171.800957645413,-64.367867912078,0,26,26,26,12,-64.367867912078
01-Aug-2026 00:25:44,-171.352097877989,-63.9190081446535,0,26,26,26,11,-63.9190081446535
01-Aug-2026 00:25:46,-171.153922606673,-63.7208328733378,0,26,26,26,11,-63.7208328733378
01-Aug-2026 00:25:48,-161.391993630802,-53.9589038974666,0,26,26,26,13,-53.9589038974666
01-Aug-2026 00:25:50,-160.405076226955,-52.9719864936195,0,26,26,26,12,-52.9719864936195
01-Aug-2026 00:25:52,-160.173826213356,-52.7407364800208,0,26,26,26,13,-52.7407364800208
01-Aug-2026 00:25:54,-159.510186719976,-52.0770969866409,0,26,26,26,15,-52.0770969866409
01-Aug-2026 00:25:56,-160.342105882895,-52.9090161495595,0,26,26,26,13,-52.9090161495595
01-Aug-2026 00:25:58,-159.642096146962,-52.2090064136269,0,27,27,27,14,-52.2090064136269
01-Aug-2026 00:26:00,-166.547801717117,-59.114711983782,0,28,28,28,16,-59.114711983782
01-Aug-2026 00:26:02,-166.430502279799,-58.9974125464642,0,28,28,28,16,-58.9974125464642
01-Aug-2026 00:26:04,-158.877435689646,-51.4443459563109,0,28,28,28,16,-51.4443459563109
01-Aug-2026 00:26:06,-140.914408209797,-33.481318476462,0,28,28,28,17,-33.481318476462
01-Aug-2026 00:26:08,-140.235766893303,-32.8026771599678,0,28,28,28,15,-32.8026771599678
01-Aug-2026 00:26:10,-140.911764894436,-33.478675161101,0,29,29,29,17,-33.478675161101
01-Aug-2026 00:26:12,-141.433392231394,-34.0003024980586,0,29,29,29,18,-34.0003024980586
01-Aug-2026 00:26:14,-142.648157791372,-35.2150680580368,0,29,29,29,17,-35.2150680580368
01-Aug-2026 00:26:16,-143.732236805207,-36.2991470718721,0,30,30,30,16,-36.2991470718721
01-Aug-2026 00:26:18,-144.892404394312,-37.4593146609765,0,30,30,30,18,-37.4593146609765
01-Aug-2026 00:26:20,-144.813257108465,-37.3801673751297,0,30,30,30,20,-37.3801673751297
01-Aug-2026 00:26:22,-145.781330977842,-38.3482412445065,0,30,30,30,19,-38.3482412445065
01-Aug-2026 00:26:24,-145.941417939992,-38.508328206657,0,30,30,30,19,-38.508328206657
01-Aug-2026 00:26:26,-146.65417255447,-39.2210828211349,0,30,30,30,20,-39.2210828211349
01-Aug-2026 00:26:28,-146.800420829024,-39.3673310956885,0,29,29,29,19,-39.3673310956885
01-Aug-2026 00:26:30,-147.580140544835,-40.1470508114998,0,29,29,29,20,-40.1470508114998
01-Aug-2026 00:26:32,-147.094406603754,-39.6613168704186,0,29,29,29,18,-39.6613168704186
01-Aug-2026 00:26:34,-146.992130189914,-39.5590404565785,0,28,28,28,18,-39.5590404565785
01-Aug-2026 00:26:36,-146.04221326902,-38.6091235356849,0,29,29,29,18,-38.6091235356849
01-Aug-2026 00:26:38,-145.743647273344,-38.3105575400091,0,29,29,29,18,-38.3105575400091
01-Aug-2026 00:26:40,-144.680853461793,-37.2477637284575,0,29,29,29,17,-37.2477637284575
01-Aug-2026 00:26:42,-145.388463227325,-37.9553734939903,0,29,29,29,16,-37.9553734939903
01-Aug-2026 00:26:44,-144.427178831653,-36.9940890983174,0,29,29,29,14,-36.9940890983174
01-Aug-2026 00:26:46,-143.369935199589,-35.9368454662536,0,28,28,28,14,-35.9368454662536
01-Aug-2026 00:26:48,-143.422937205512,-35.9898474721764,0,28,28,28,15,-35.9898474721764
01-Aug-2026 00:26:50,-141.941578710808,-34.5084889774726,0,27,27,27,14,-34.5084889774726
01-Aug-2026 00:26:52,-141.397236260982,-33.9641465276469,0,27,27,27,15,-33.9641465276469
01-Aug-2026 00:26:54,-141.430655125222,-33.9975653918866,0,27,27,27,14,-33.9975653918866
01-Aug-2026 00:26:56,-141.662121714916,-34.2290319815812,0,27,27,27,14,-34.2290319815812
01-Aug-2026 00:26:58,-142.339131651442,-34.9060419181068,0,26,26,26,13,-34.9060419181068
01-Aug-2026 00:27:00,-149.120448418208,-41.687358684873,0,25,25,25,11,-41.687358684873
01-Aug-2026 00:27:02,-151.134270580207,-43.7011808468721,0,26,26,26,11,-43.7011808468721
01-Aug-2026 00:27:04,-151.212431801558,-43.7793420682228,0,26,26,26,10,-43.7793420682228
01-Aug-2026 00:27:06,-151.802378073459,-44.3692883401235,0,26,26,26,11,-44.3692883401235
01-Aug-2026 00:27:08,-151.933266753615,-44.50017702028,0,26,26,26,11,-44.50017702028
01-Aug-2026 00:27:10,-152.834038605727,-45.400948872392,0,26,26,26,12,-45.400948872392
01-Aug-2026 00:27:12,-152.857219892103,-45.4241301587673,0,26,26,26,11,-45.4241301587673
01-Aug-2026 00:27:14,-152.761297193103,-45.3282074597675,0,26,26,26,12,-45.3282074597675
01-Aug-2026 00:27:16,-153.201275023679,-45.7681852903434,0,26,26,26,13,-45.7681852903434
01-Aug-2026 00:27:18,-153.739591034363,-46.306501301028,0,26,26,26,13,-46.306501301028
01-Aug-2026 00:27:20,-140.739931371261,-33.3068416379259,0,26,26,26,14,-33.3068416379259
01-Aug-2026 00:27:22,-144.171620804198,-36.7385310708623,0,26,26,26,14,-36.7385310708623
01-Aug-2026 00:27:24,-158.620963261274,-51.1878735279391,0,25,25,25,12,-51.1878735279391
01-Aug-2026 00:27:26,-161.255657975537,-53.8225682422022,0,25,25,25,11,-53.8225682422022
01-Aug-2026 00:27:28,-161.152588290469,-53.7194985571335,0,25,25,25,11,-53.7194985571335
01-Aug-2026 00:27:30,-159.176155527169,-51.7430657938337,0,25,25,25,13,-51.7430657938337
01-Aug-2026 00:27:32,-159.016538155404,-51.5834484220687,0,25,25,25,13,-51.5834484220687
01-Aug-2026 00:27:34,-160.533729760888,-53.100640027553,0,25,25,25,12,-53.100640027553
01-Aug-2026 00:27:36,-135.131616130387,-27.6985263970523,0,25,25,25,12,-16.5594666888903
01-Aug-2026 00:27:38,-135.78969463146,-28.3566048981247,0,25,25,25,13,-16.2562788009783
01-Aug-2026 00:27:40,-123.577281146822,-16.144191413487,0,26,26,26,14,-16.144191413487
01-Aug-2026 00:27:42,-123.167328980812,-15.7342392474772,0,26,26,26,13,-15.7342392474772
01-Aug-2026 00:27:44,-149.007635972274,-41.5745462389384,0,26,26,26,11,-41.5745462389384
01-Aug-2026 00:27:46,-156.093861292683,-48.6607715593479,0,26,26,26,12,-48.6607715593479
01-Aug-2026 00:27:48,-157.777014579893,-50.3439248465581,0,26,26,26,15,-50.3439248465581
01-Aug-2026 00:27:50,-158.180629726259,-50.747539992924,0,26,26,26,14,-50.747539992924
01-Aug-2026 00:27:52,-158.295823470633,-50.8627337372976,0,26,26,26,14,-50.8627337372976
01-Aug-2026 00:27:54,-157.973640623972,-50.5405508906372,0,26,26,26,15,-50.5405508906372
01-Aug-2026 00:27:56,-157.758390180729,-50.3253004473939,0,26,26,26,15,-50.3253004473939
01-Aug-2026 00:27:58,-158.016332849176,-50.5832431158406,0,26,26,26,14,-50.5832431158406
01-Aug-2026 00:28:00,-158.010087729319,-50.5769979959835,0,26,26,26,14,-50.5769979959835
01-Aug-2026 00:28:02,-153.873697196372,-46.4406074630368,0,26,26,26,15,-46.4406074630368
01-Aug-2026 00:28:04,-153.52999134584,-46.0969016125048,0,25,25,25,14,-46.0969016125048
01-Aug-2026 00:28:06,-153.981088544098,-46.5479988107627,0,25,25,25,13,-46.5479988107627
01-Aug-2026 00:28:08,-154.098634091684,-46.6655443583489,0,26,26,26,16,-46.6655443583489
01-Aug-2026 00:28:10,-154.117262115325,-46.6841723819894,0,26,26,26,16,-46.6841723819894
01-Aug-2026 00:28:12,-154.377841866501,-46.9447521331663,0,26,26,26,15,-46.9447521331663
01-Aug-2026 00:28:14,-154.831560142369,-47.3984704090337,0,26,26,26,14,-47.3984704090337
01-Aug-2026 00:28:16,-154.711732287922,-47.2786425545871,0,26,26,26,15,-47.2786425545871
01-Aug-2026 00:28:18,-157.641102919876,-50.2080131865406,0,27,27,27,15,-50.2080131865406
01-Aug-2026 00:28:20,-157.367240547695,-49.9341508143596,0,27,27,27,14,-49.9341508143596
01-Aug-2026 00:28:22,-157.187926819709,-49.7548370863734,0,27,27,27,14,-49.7548370863734
01-Aug-2026 00:28:24,-157.896693568248,-50.4636038349126,0,27,27,27,12,-50.4636038349126
01-Aug-2026 00:28:26,-157.946310069183,-50.5132203358478,0,26,26,26,12,-50.5132203358478
01-Aug-2026 00:28:28,-166.040395255011,-58.6073055216763,0,26,26,26,13,-58.6073055216763
01-Aug-2026 00:28:30,-166.197233290803,-58.7641435574678,0,26,26,26,12,-58.7641435574678
01-Aug-2026 00:28:32,-166.287312441486,-58.8542227081503,0,26,26,26,11,-58.8542227081503
01-Aug-2026 00:28:34,-166.041264514707,-58.6081747813714,0,26,26,26,11,-58.6081747813714
01-Aug-2026 00:28:36,-159.355604906592,-51.9225151732572,0,26,26,26,11,-51.9225151732572
01-Aug-2026 00:28:38,-158.008803488335,-50.5757137549998,0,26,26,26,13,-50.5757137549998
01-Aug-2026 00:28:40,-157.891228405746,-50.4581386724107,0,26,26,26,13,-50.4581386724107
01-Aug-2026 00:28:42,-158.380549877004,-50.9474601436686,0,26,26,26,12,-50.9474601436686
01-Aug-2026 00:28:44,-158.380272822979,-50.9471830896436,0,25,25,25,12,-50.9471830896436
01-Aug-2026 00:28:46,-158.490726864759,-51.0576371314234,0,25,25,25,12,-51.0576371314234
01-Aug-2026 00:28:48,-165.130340113495,-57.6972503801602,0,25,25,25,9,-57.6972503801602
01-Aug-2026 00:28:50,-174.09722401457,-66.6641342812347,0,26,26,26,9,-66.6641342812347
01-Aug-2026 00:28:52,-174.109899732081,-66.6768099987453,0,26,26,26,9,-66.6768099987453
01-Aug-2026 00:28:54,-159.594386267641,-52.1612965343061,0,25,25,25,10,-52.1612965343061
01-Aug-2026 00:28:56,-150.692607156208,-43.2595174228727,0,25,25,25,10,-43.2595174228727
01-Aug-2026 00:28:58,-150.351082333029,-42.9179925996938,0,25,25,25,12,-42.9179925996938
01-Aug-2026 00:29:00,-150.561977759885,-43.1288880265494,0,25,25,25,13,-43.1288880265494
01-Aug-2026 00:29:02,-150.458647025608,-43.0255572922724,0,25,25,25,12,-43.0255572922724
01-Aug-2026 00:29:04,-149.095075113767,-41.6619853804323,0,25,25,25,12,-41.6619853804323
01-Aug-2026 00:29:06,-149.099739695573,-41.6666499622382,0,25,25,25,12,-41.6666499622382
01-Aug-2026 00:29:08,-148.965810334135,-41.5327206007995,0,25,25,25,12,-41.5327206007995
01-Aug-2026 00:29:10,-148.197517920384,-40.7644281870493,0,25,25,25,11,-40.7644281870493
01-Aug-2026 00:29:12,-148.531905014823,-41.0988152814877,0,25,25,25,10,-41.0988152814877
01-Aug-2026 00:29:14,-147.41755359243,-39.9844638590946,0,25,25,25,10,-39.9844638590946
01-Aug-2026 00:29:16,-147.449836278242,-40.0167465449069,0,25,25,25,9,-40.0167465449069
01-Aug-2026 00:29:18,-147.063068103294,-39.6299783699588,0,25,25,25,10,-39.6299783699588
01-Aug-2026 00:29:20,-146.564675364999,-39.131585631664,0,25,25,25,11,-39.131585631664
01-Aug-2026 00:29:22,-146.143844615054,-38.7107548817191,0,25,25,25,12,-38.7107548817191
01-Aug-2026 00:29:24,-145.471877898721,-38.0387881653856,0,25,25,25,11,-38.0387881653856
01-Aug-2026 00:29:26,-144.577638496509,-37.1445487631742,0,25,25,25,13,-37.1445487631742
01-Aug-2026 00:29:28,-143.959354771629,-36.5262650382939,0,25,25,25,12,-36.5262650382939
01-Aug-2026 00:29:30,-142.85478473059,-35.4216949972548,0,25,25,25,14,-35.4216949972548
01-Aug-2026 00:29:32,-163.066316747954,-55.6332270146188,0,25,25,25,12,-55.6332270146188
01-Aug-2026 00:29:34,-164.44108164089,-57.0079919075549,0,25,25,25,10,-57.0079919075549
01-Aug-2026 00:29:36,-164.51549296916,-57.0824032358248,0,26,26,26,11,-57.0824032358248
01-Aug-2026 00:29:38,-164.079746390473,-56.6466566571381,0,26,26,26,10,-56.6466566571381
01-Aug-2026 00:29:40,-163.622708322455,-56.1896185891194,0,27,27,27,11,-56.1896185891194
01-Aug-2026 00:29:42,-163.987092259532,-56.5540025261971,0,27,27,27,9,-56.5540025261971
01-Aug-2026 00:29:44,-159.727850594192,-52.2947608608565,0,27,27,27,9,-52.2947608608565
01-Aug-2026 00:29:46,-160.079797616664,-52.6467078833289,0,27,27,27,9,-52.6467078833289
01-Aug-2026 00:29:48,-160.150249775183,-52.7171600418479,0,27,27,27,9,-52.7171600418479
01-Aug-2026 00:29:50,-160.492944457284,-53.0598547239489,0,27,27,27,8,-53.0598547239489
01-Aug-2026 00:29:52,-161.414458001194,-53.9813682678588,0,28,28,28,8,-53.9813682678588
01-Aug-2026 00:29:54,-161.175270741347,-53.7421810080115,0,28,28,28,11,-53.7421810080115
01-Aug-2026 00:29:56,-161.271626304795,-53.8385365714596,0,28,28,28,12,-53.8385365714596
01-Aug-2026 00:29:58,-161.194318827131,-53.7612290937955,0,28,28,28,10,-53.7612290937955
01-Aug-2026 00:30:00,-165.66068390374,-58.2275941704048,0,29,29,29,11,-58.2275941704048
01-Aug-2026 00:30:02,-141.562513608457,-34.1294238751216,0,29,29,29,13,-34.1294238751216
01-Aug-2026 00:30:04,-140.873593643163,-33.4405039098279,0,29,29,29,13,-16.6008292056437
01-Aug-2026 00:30:06,-126.149064690664,-18.7159749573287,0,30,30,30,10,-18.7159749573287
01-Aug-2026 00:30:08,-128.543775011099,-21.1106852777637,0,30,30,30,11,-21.1106852777637
01-Aug-2026 00:30:10,-131.037310702103,-23.6042209687676,0,30,30,30,11,-23.6042209687676
01-Aug-2026 00:30:12,-132.547267722444,-25.1141779891093,0,30,30,30,12,-25.1141779891093
01-Aug-2026 00:30:14,-134.010111893819,-26.5770221604834,0,30,30,30,14,-26.5770221604834
01-Aug-2026 00:30:16,-135.128798692038,-27.6957089587029,0,30,30,30,12,-27.6957089587029
01-Aug-2026 00:30:18,-136.597823108661,-29.164733375326,0,30,30,30,14,-29.164733375326
01-Aug-2026 00:30:20,-159.631081918952,-52.1979921856173,0,29,29,29,11,-52.1979921856173
01-Aug-2026 00:30:22,-159.745076573784,-52.3119868404484,0,29,29,29,10,-52.3119868404484
01-Aug-2026 00:30:24,-160.143061688249,-52.7099719549141,0,29,29,29,10,-52.7099719549141
01-Aug-2026 00:30:26,-160.371949505279,-52.938859771944,0,27,27,27,10,-52.938859771944
01-Aug-2026 00:30:28,-151.71249639944,-44.2794066661048,0,28,28,28,11,-44.2794066661048
01-Aug-2026 00:30:30,-153.033872434844,-45.6007827015086,0,28,28,28,12,-45.6007827015086
01-Aug-2026 00:30:32,-154.225713803703,-46.792624070368,0,28,28,28,13,-46.792624070368
01-Aug-2026 00:30:34,-154.12426536984,-46.6911756365049,0,28,28,28,13,-46.6911756365049
01-Aug-2026 00:30:36,-147.160797052376,-39.7277073190405,0,28,28,28,13,-39.7277073190405
01-Aug-2026 00:30:38,-148.770918468806,-41.337828735471,0,28,28,28,14,-41.337828735471
01-Aug-2026 00:30:40,-149.628073369905,-42.1949836365695,0,28,28,28,14,-42.1949836365695
01-Aug-2026 00:30:42,-150.41673896879,-42.9836492354548,0,28,28,28,18,-42.9836492354548
01-Aug-2026 00:30:44,-150.567798091575,-43.1347083582396,0,28,28,28,19,-43.1347083582396
01-Aug-2026 00:30:46,-151.392131946401,-43.9590422130662,0,28,28,28,18,-43.9590422130662
01-Aug-2026 00:30:48,-152.078570189878,-44.6454804565424,0,28,28,28,17,-44.6454804565424
01-Aug-2026 00:30:50,-126.916549517595,-19.4834597842594,0,27,27,27,15,-19.4834597842594
01-Aug-2026 00:30:52,-128.792551621865,-21.3594618885298,0,26,26,26,14,-21.3594618885298
01-Aug-2026 00:30:54,-130.535402601636,-23.1023128683011,0,26,26,26,12,-23.1023128683011
01-Aug-2026 00:30:56,-131.318450200027,-23.8853604666917,0,26,26,26,11,-23.8853604666917
01-Aug-2026 00:30:58,-132.036648786529,-24.603559053194,0,26,26,26,12,-24.603559053194
01-Aug-2026 00:31:00,-132.843813123509,-25.4107233901741,0,26,26,26,13,-25.4107233901741
01-Aug-2026 00:31:02,-133.968323279943,-26.5352335466075,0,26,26,26,12,-26.5352335466075
01-Aug-2026 00:31:04,-134.3671332659,-26.9340435325648,0,26,26,26,12,-26.9340435325648
01-Aug-2026 00:31:06,-134.17148440011,-26.7383946667748,0,26,26,26,12,-26.7383946667748
01-Aug-2026 00:31:08,-135.485229155356,-28.0521394220206,0,25,25,25,12,-28.0521394220206
01-Aug-2026 00:31:10,-136.471326132048,-29.0382363987126,0,25,25,25,12,-29.0382363987126
01-Aug-2026 00:31:12,-137.405847324556,-29.9727575912212,0,25,25,25,12,-29.9727575912212
01-Aug-2026 00:31:14,-138.404383422858,-30.971293689523,0,25,25,25,14,-30.971293689523
01-Aug-2026 00:31:16,-139.511475913636,-32.0783861803013,0,25,25,25,15,-32.0783861803013
01-Aug-2026 00:31:18,-140.625313688374,-33.1922239550392,0,25,25,25,13,-33.1922239550392
01-Aug-2026 00:31:20,-140.729377257314,-33.2962875239785,0,25,25,25,13,-33.2962875239785
01-Aug-2026 00:31:22,-140.741734574742,-33.3086448414072,0,25,25,25,12,-33.3086448414072
01-Aug-2026 00:31:24,-152.988767563108,-45.5556778297727,0,25,25,25,10,-45.5556778297727
01-Aug-2026 00:31:26,-153.581069993054,-46.1479802597185,0,25,25,25,12,-46.1479802597185
01-Aug-2026 00:31:28,-153.26699160557,-45.8339018722353,0,25,25,25,12,-45.8339018722353
01-Aug-2026 00:31:30,-152.955494406715,-45.52240467338,0,25,25,25,14,-45.52240467338
01-Aug-2026 00:31:32,-152.560197129489,-45.127107396154,0,25,25,25,15,-45.127107396154
01-Aug-2026 00:31:34,-152.748345494797,-45.3152557614614,0,25,25,25,15,-45.3152557614614
01-Aug-2026 00:31:36,-159.700971516592,-52.2678817832572,0,25,25,25,15,-52.2678817832572
01-Aug-2026 00:31:38,-159.605678575646,-52.1725888423105,0,26,26,26,14,-52.1725888423105
01-Aug-2026 00:31:40,-163.655145611346,-56.2220558780108,0,26,26,26,13,-56.2220558780108
01-Aug-2026 00:31:42,-163.627949012565,-56.1948592792301,0,26,26,26,13,-56.1948592792301
01-Aug-2026 00:31:44,-163.046817346465,-55.6137276131301,0,26,26,26,13,-55.6137276131301
01-Aug-2026 00:31:46,-168.796728340321,-61.3636386069858,0,26,26,26,12,-61.3636386069858
01-Aug-2026 00:31:48,-168.624203778362,-61.1911140450268,0,26,26,26,13,-61.1911140450268
01-Aug-2026 00:31:50,-169.086577354119,-61.6534876207842,0,25,25,25,12,-61.6534876207842
01-Aug-2026 00:31:52,-166.799853915606,-59.3667641822705,0,25,25,25,13,-59.3667641822705
01-Aug-2026 00:31:54,-168.265538054028,-60.8324483206932,0,25,25,25,12,-60.8324483206932
01-Aug-2026 00:31:56,-168.001804830916,-60.5687150975813,0,25,25,25,12,-60.5687150975813
01-Aug-2026 00:31:58,-167.544146915742,-60.1110571824067,0,25,25,25,11,-60.1110571824067
01-Aug-2026 00:32:00,-167.077984821206,-59.6448950878709,0,26,26,26,13,-59.6448950878709
01-Aug-2026 00:32:02,-167.053998901049,-59.6209091677135,0,26,26,26,14,-59.6209091677135
01-Aug-2026 00:32:04,-166.747869706407,-59.3147799730718,0,26,26,26,12,-59.3147799730718
01-Aug-2026 00:32:06,-166.96998040191,-59.536890668575,0,26,26,26,11,-59.536890668575
01-Aug-2026 00:32:08,-164.699884333994,-57.2667946006586,0,27,27,27,10,-57.2667946006586
01-Aug-2026 00:32:10,-164.996888586504,-57.5637988531692,0,27,27,27,9,-57.5637988531692
01-Aug-2026 00:32:12,-165.143380212384,-57.7102904790484,0,27,27,27,11,-57.7102904790484
01-Aug-2026 00:32:14,-164.963261221909,-57.5301714885738,0,27,27,27,13,-57.5301714885738
01-Aug-2026 00:32:16,-167.981919701662,-60.5488299683273,0,26,26,26,11,-60.5488299683273
01-Aug-2026 00:32:18,-168.197806732963,-60.7647169996281,0,25,25,25,11,-60.7647169996281
01-Aug-2026 00:32:20,-168.46201555251,-61.0289258191745,0,25,25,25,11,-61.0289258191745
01-Aug-2026 00:32:22,-168.313997272416,-60.8809075390803,0,26,26,26,12,-60.8809075390803
01-Aug-2026 00:32:24,-170.413584479264,-62.9804947459285,0,26,26,26,12,-62.9804947459285
01-Aug-2026 00:32:26,-170.741906815122,-63.3088170817873,0,26,26,26,13,-63.3088170817873
01-Aug-2026 00:32:28,-170.117514077317,-62.6844243439817,0,26,26,26,13,-62.6844243439817
01-Aug-2026 00:32:30,-172.704812456247,-65.2717227229119,0,26,26,26,11,-65.2717227229119
01-Aug-2026 00:32:32,-172.868369186416,-65.4352794530807,0,26,26,26,10,-65.4352794530807
01-Aug-2026 00:32:34,-172.416648856791,-64.9835591234555,0,26,26,26,11,-64.9835591234555
01-Aug-2026 00:32:36,-174.099898631816,-66.666808898481,0,26,26,26,10,-66.666808898481
01-Aug-2026 00:32:38,-172.649001210947,-65.2159114776119,0,26,26,26,11,-65.2159114776119
01-Aug-2026 00:32:40,-172.477876900822,-65.0447871674864,0,26,26,26,11,-65.0447871674864
01-Aug-2026 00:32:42,-171.797091351657,-64.3640016183218,0,26,26,26,12,-64.3640016183218
01-Aug-2026 00:32:44,-161.45625118768,-54.0231614543443,0,26,26,26,13,-54.0231614543443
01-Aug-2026 00:32:46,-161.688632669639,-54.255542936304,0,26,26,26,14,-54.255542936304
01-Aug-2026 00:32:48,-156.070179077489,-48.6370893441536,0,26,26,26,13,-48.6370893441536
01-Aug-2026 00:32:50,-156.129937956996,-48.6968482236612,0,26,26,26,12,-48.6968482236612
01-Aug-2026 00:32:52,-156.305904880239,-48.8728151469041,0,26,26,26,11,-48.8728151469041
01-Aug-2026 00:32:54,-155.247772087367,-47.8146823540314,0,25,25,25,11,-47.8146823540314
01-Aug-2026 00:32:56,-155.217216350896,-47.7841266175604,0,25,25,25,11,-47.7841266175604
01-Aug-2026 00:32:58,-154.749668270798,-47.3165785374625,0,25,25,25,12,-47.3165785374625
01-Aug-2026 00:33:00,-154.438022170411,-47.0049324370761,0,25,25,25,13,-47.0049324370761
01-Aug-2026 00:33:02,-153.863197511046,-46.4301077777112,0,25,25,25,14,-46.4301077777112
01-Aug-2026 00:33:04,-154.007725760945,-46.57463602761,0,25,25,25,13,-46.57463602761
01-Aug-2026 00:33:06,-154.24794405452,-46.8148543211849,0,25,25,25,13,-46.8148543211849
01-Aug-2026 00:33:08,-153.869264176659,-46.4361744433233,0,25,25,25,14,-46.4361744433233
01-Aug-2026 00:33:10,-153.369046697109,-45.9359569637738,0,25,25,25,16,-45.9359569637738
01-Aug-2026 00:33:12,-151.021610830701,-43.5885210973657,0,25,25,25,16,-43.5885210973657
01-Aug-2026 00:33:14,-150.884497954379,-43.4514082210437,0,25,25,25,16,-43.4514082210437
01-Aug-2026 00:33:16,-150.70183169885,-43.2687419655151,0,25,25,25,16,-43.2687419655151
01-Aug-2026 00:33:18,-151.090642824437,-43.657553091102,0,25,25,25,15,-43.657553091102
01-Aug-2026 00:33:20,-151.486862743534,-44.0537730101989,0,25,25,25,15,-44.0537730101989
01-Aug-2026 00:33:22,-150.984826401066,-43.5517366677313,0,26,26,26,15,-43.5517366677313
01-Aug-2026 00:33:24,-151.419097584236,-43.9860078509004,0,26,26,26,15,-43.9860078509004
01-Aug-2026 00:33:26,-150.746698100579,-43.313608367244,0,26,26,26,14,-43.313608367244
01-Aug-2026 00:33:28,-150.677586157247,-43.2444964239119,0,26,26,26,14,-43.2444964239119
01-Aug-2026 00:33:30,-150.122648581059,-42.689558847724,0,27,27,27,13,-42.689558847724
01-Aug-2026 00:33:32,-150.021692881237,-42.5886031479018,0,27,27,27,14,-42.5886031479018
01-Aug-2026 00:33:34,-149.453460205227,-42.0203704718922,0,27,27,27,13,-42.0203704718922
01-Aug-2026 00:33:36,-149.132302315767,-41.699212582432,0,27,27,27,14,-41.699212582432
01-Aug-2026 00:33:38,-148.938854763772,-41.5057650304369,0,27,27,27,16,-41.5057650304369
01-Aug-2026 00:33:40,-148.795467206143,-41.3623774728075,0,27,27,27,17,-41.3623774728075
01-Aug-2026 00:33:42,-148.567817083501,-41.1347273501662,0,28,28,28,18,-41.1347273501662
01-Aug-2026 00:33:44,-148.301377351481,-40.8682876181456,0,28,28,28,18,-40.8682876181456
01-Aug-2026 00:33:46,-147.739032282729,-40.3059425493938,0,28,28,28,17,-40.3059425493938
01-Aug-2026 00:33:48,-147.521772991576,-40.0886832582406,0,29,29,29,15,-40.0886832582406
01-Aug-2026 00:33:50,-146.774461452814,-39.3413717194789,0,29,29,29,15,-39.3413717194789
01-Aug-2026 00:33:52,-146.40941362955,-38.9763238962146,0,29,29,29,14,-38.9763238962146
01-Aug-2026 00:33:54,-146.473846025792,-39.0407562924566,0,29,29,29,12,-39.0407562924566
01-Aug-2026 00:33:56,-146.35463231231,-38.9215425789745,0,29,29,29,11,-38.9215425789745
01-Aug-2026 00:33:58,-146.064861668927,-38.6317719355921,0,30,30,30,12,-38.6317719355921
01-Aug-2026 00:34:00,-145.90083641107,-38.4677466777349,0,30,30,30,14,-38.4677466777349
01-Aug-2026 00:34:02,-146.811160608544,-39.3780708752084,0,30,30,30,15,-39.3780708752084
01-Aug-2026 00:34:04,-145.96597262227,-38.5328828889352,0,30,30,30,16,-38.5328828889352
01-Aug-2026 00:34:06,-144.734338207459,-37.3012484741235,0,29,29,29,16,-37.3012484741235
01-Aug-2026 00:34:08,-144.269898524697,-36.8368087913618,0,29,29,29,15,-36.8368087913618
01-Aug-2026 00:34:10,-143.565058898788,-36.1319691654527,0,28,28,28,15,-36.1319691654527
01-Aug-2026 00:34:12,-142.796243703835,-35.3631539705002,0,28,28,28,17,-35.3631539705002
01-Aug-2026 00:34:14,-141.640094849225,-34.2070051158902,0,28,28,28,17,-34.2070051158902
01-Aug-2026 00:34:16,-158.284143217512,-50.8510534841764,0,28,28,28,17,-33.7313749184217
01-Aug-2026 00:34:18,-158.405307073406,-50.9722173400704,0,28,28,28,14,-50.9722173400704
01-Aug-2026 00:34:20,-159.479938683062,-52.0468489497272,0,29,29,29,13,-52.0468489497272
01-Aug-2026 00:34:22,-159.760186401786,-52.3270966684505,0,29,29,29,13,-52.3270966684505
01-Aug-2026 00:34:24,-159.764525579166,-52.3314358458309,0,29,29,29,12,-52.3314358458309
01-Aug-2026 00:34:26,-135.484192060419,-28.0511023270835,0,29,29,29,11,-28.0511023270835
01-Aug-2026 00:34:28,-133.102351838723,-25.6692621053881,0,29,29,29,11,-25.6692621053881
01-Aug-2026 00:34:30,-130.845901576786,-23.4128118434508,0,29,29,29,12,-23.4128118434508
01-Aug-2026 00:34:32,-160.893690449639,-53.4606007163041,0,28,28,28,11,-20.0269094787948
01-Aug-2026 00:34:34,-161.612725722998,-54.1796359896631,0,28,28,28,11,-54.1796359896631
01-Aug-2026 00:34:36,-161.985336054609,-54.5522463212738,0,28,28,28,12,-54.5522463212738
01-Aug-2026 00:34:38,-160.806256687093,-53.3731669537578,0,28,28,28,11,-53.3731669537578
01-Aug-2026 00:34:40,-161.069590158126,-53.6365004247909,0,27,27,27,11,-53.6365004247909
01-Aug-2026 00:34:42,-148.667429800261,-41.2343400669257,0,27,27,27,12,-41.2343400669257
01-Aug-2026 00:34:44,-148.971734580835,-41.5386448474998,0,27,27,27,11,-41.5386448474998
01-Aug-2026 00:34:46,-149.563526435195,-42.1304367018595,0,26,26,26,11,-42.1304367018595
01-Aug-2026 00:34:48,-150.169204966948,-42.7361152336129,0,26,26,26,11,-42.7361152336129
01-Aug-2026 00:34:50,-151.269996042446,-43.8369063091109,0,25,25,25,10,-43.8369063091109
01-Aug-2026 00:34:52,-150.608360540655,-43.1752708073194,0,25,25,25,12,-43.1752708073194
01-Aug-2026 00:34:54,-151.008454238975,-43.5753645056396,0,25,25,25,12,-43.5753645056396
01-Aug-2026 00:34:56,-151.373140173798,-43.9400504404627,0,25,25,25,12,-43.9400504404627
01-Aug-2026 00:34:58,-151.827695018765,-44.3946052854299,0,25,25,25,12,-44.3946052854299
01-Aug-2026 00:35:00,-152.296860501973,-44.8637707686383,0,25,25,25,12,-44.8637707686383
01-Aug-2026 00:35:02,-152.872593947088,-45.4395042137531,0,25,25,25,12,-45.4395042137531
01-Aug-2026 00:35:04,-152.739181135132,-45.3060914017969,0,25,25,25,11,-45.3060914017969
01-Aug-2026 00:35:06,-153.095724771704,-45.662635038369,0,25,25,25,11,-45.662635038369
01-Aug-2026 00:35:08,-152.824937299651,-45.391847566316,0,25,25,25,10,-45.391847566316
01-Aug-2026 00:35:10,-152.062242110688,-44.6291523773527,0,25,25,25,10,-44.6291523773527
01-Aug-2026 00:35:12,-152.177948111944,-44.7448583786089,0,25,25,25,10,-44.7448583786089
01-Aug-2026 00:35:14,-151.676845246955,-44.24375551362,0,25,25,25,11,-44.24375551362
01-Aug-2026 00:35:16,-151.352804292231,-43.9197145588955,0,25,25,25,11,-43.9197145588955
01-Aug-2026 00:35:18,-154.525688264375,-47.0925985310401,0,25,25,25,11,-47.0925985310401
01-Aug-2026 00:35:20,-154.418775985842,-46.985686252507,0,25,25,25,11,-46.985686252507
01-Aug-2026 00:35:22,-154.731162905233,-47.2980731718982,0,25,25,25,11,-47.2980731718982
01-Aug-2026 00:35:24,-154.531470539902,-47.0983808065673,0,25,25,25,11,-47.0983808065673
01-Aug-2026 00:35:26,-154.461480086698,-47.028390353363,0,25,25,25,11,-47.028390353363
01-Aug-2026 00:35:28,-154.692783773867,-47.2596940405321,0,25,25,25,9,-47.2596940405321
01-Aug-2026 00:35:30,-154.818329519405,-47.3852397860698,0,25,25,25,10,-47.3852397860698
01-Aug-2026 00:35:32,-152.243790653797,-44.8107009204617,0,25,25,25,11,-44.8107009204617
01-Aug-2026 00:35:34,-155.074193895169,-47.6411041618335,0,25,25,25,12,-47.6411041618335
01-Aug-2026 00:35:36,-155.494813117152,-48.061723383817,0,25,25,25,11,-48.061723383817
01-Aug-2026 00:35:38,-155.698325982925,-48.2652362495896,0,25,25,25,11,-48.2652362495896
01-Aug-2026 00:35:40,-155.479427491389,-48.0463377580534,0,25,25,25,11,-48.0463377580534
01-Aug-2026 00:35:42,-154.814326642626,-47.3812369092909,0,25,25,25,12,-47.3812369092909
01-Aug-2026 00:35:44,-156.262140521014,-48.829050787679,0,25,25,25,13,-48.829050787679
01-Aug-2026 00:35:46,-156.174483218928,-48.7413934855932,0,25,25,25,11,-48.7413934855932
01-Aug-2026 00:35:48,-155.985606351904,-48.5525166185685,0,25,25,25,12,-48.5525166185685
01-Aug-2026 00:35:50,-155.978576316198,-48.5454865828628,0,25,25,25,12,-48.5454865828628
01-Aug-2026 00:35:52,-155.789707664132,-48.3566179307968,0,26,26,26,13,-48.3566179307968
01-Aug-2026 00:35:54,-157.850824052574,-50.417734319239,0,26,26,26,12,-50.417734319239
01-Aug-2026 00:35:56,-158.100963037883,-50.6678733045482,0,27,27,27,14,-50.6678733045482
01-Aug-2026 00:35:58,-157.802317363519,-50.3692276301837,0,27,27,27,15,-50.3692276301837
01-Aug-2026 00:36:00,-157.93878292663,-50.5056931932945,0,27,27,27,16,-50.5056931932945
01-Aug-2026 00:36:02,-158.510286530887,-51.077196797552,0,27,27,27,15,-51.077196797552
01-Aug-2026 00:36:04,-159.391616520953,-51.9585267876178,0,27,27,27,13,-51.9585267876178
01-Aug-2026 00:36:06,-159.349881392062,-51.9167916587268,0,26,26,26,12,-51.9167916587268
01-Aug-2026 00:36:08,-158.961841497107,-51.5287517637716,0,25,25,25,11,-51.5287517637716
01-Aug-2026 00:36:10,-164.586561572939,-57.1534718396034,0,25,25,25,12,-57.1534718396034
01-Aug-2026 00:36:12,-171.192619165972,-63.7595294326365,0,26,26,26,10,-63.7595294326365
01-Aug-2026 00:36:14,-164.467629351237,-57.0345396179017,0,26,26,26,13,-57.0345396179017
01-Aug-2026 00:36:16,-164.419214648402,-56.9861249150665,0,26,26,26,12,-56.9861249150665
01-Aug-2026 00:36:18,-164.601670242862,-57.1685805095272,0,26,26,26,12,-57.1685805095272
01-Aug-2026 00:36:20,-164.67371734163,-57.2406276082945,0,26,26,26,12,-57.2406276082945
01-Aug-2026 00:36:22,-164.680312762108,-57.2472230287732,0,26,26,26,11,-57.2472230287732
01-Aug-2026 00:36:24,-164.522120680067,-57.0890309467322,0,27,27,27,12,-57.0890309467322
01-Aug-2026 00:36:26,-161.069895338639,-53.6368056053034,0,27,27,27,10,-53.6368056053034
01-Aug-2026 00:36:28,-161.365561595778,-53.9324718624428,0,26,26,26,11,-53.9324718624428
01-Aug-2026 00:36:30,-171.513104635205,-64.0800149018703,0,26,26,26,10,-64.0800149018703
01-Aug-2026 00:36:32,-171.814962023707,-64.3818722903723,0,26,26,26,8,-64.3818722903723
01-Aug-2026 00:36:34,-171.839173831466,-64.4060840981303,0,26,26,26,8,-64.4060840981303
01-Aug-2026 00:36:36,-153.670984397443,-46.2378946641076,0,26,26,26,9,-46.2378946641076
01-Aug-2026 00:36:38,-153.551922782964,-46.1188330496286,0,26,26,26,9,-46.1188330496286
01-Aug-2026 00:36:40,-153.837306553697,-46.4042168203619,0,26,26,26,8,-46.4042168203619
01-Aug-2026 00:36:42,-153.390881583948,-45.957791850613,0,26,26,26,7,-45.957791850613
01-Aug-2026 00:36:44,-152.953873178691,-45.5207834453562,0,26,26,26,6,-45.5207834453562
01-Aug-2026 00:36:46,-153.302507367206,-45.8694176338705,0,26,26,26,7,-45.8694176338705
01-Aug-2026 00:36:48,-153.608769976339,-46.1756802430041,0,26,26,26,8,-46.1756802430041
01-Aug-2026 00:36:50,-153.031974950941,-45.5988852176056,0,26,26,26,9,-45.5988852176056
01-Aug-2026 00:36:52,-153.110256890117,-45.6771671567814,0,26,26,26,12,-45.6771671567814
01-Aug-2026 00:36:54,-152.896429023863,-45.4633392905275,0,25,25,25,11,-45.4633392905275
01-Aug-2026 00:36:56,-153.071179378463,-45.638089645128,0,25,25,25,11,-45.638089645128
01-Aug-2026 00:36:58,-152.665112003094,-45.2320222697587,0,25,25,25,10,-45.2320222697587
01-Aug-2026 00:37:00,-152.712891883343,-45.2798021500079,0,25,25,25,9,-45.2798021500079
01-Aug-2026 00:37:02,-152.253656396932,-44.8205666635972,0,25,25,25,11,-44.8205666635972
01-Aug-2026 00:37:04,-152.225946792023,-44.792857058688,0,26,26,26,10,-44.792857058688
01-Aug-2026 00:37:06,-152.521683470895,-45.0885937375595,0,26,26,26,12,-45.0885937375595
01-Aug-2026 00:37:08,-151.478730680702,-44.0456409473666,0,26,26,26,12,-44.0456409473666
01-Aug-2026 00:37:10,-151.705603446565,-44.2725137132298,0,26,26,26,13,-44.2725137132298
01-Aug-2026 00:37:12,-169.862273535829,-62.4291838024938,0,26,26,26,11,-62.4291838024938
01-Aug-2026 00:37:14,-144.165338417582,-36.7322486842468,0,26,26,26,12,-36.7322486842468
01-Aug-2026 00:37:16,-143.078819340412,-35.6457296070772,0,26,26,26,11,-35.6457296070772
01-Aug-2026 00:37:18,-163.155846624136,-55.7227568908006,0,26,26,26,10,-55.7227568908006
01-Aug-2026 00:37:20,-165.650493228345,-58.2174034950102,0,26,26,26,8,-58.2174034950102
01-Aug-2026 00:37:22,-154.83876748942,-47.4056777560852,0,26,26,26,10,-47.4056777560852
01-Aug-2026 00:37:24,-125.214988517366,-17.7818987840308,0,27,27,27,12,-17.7818987840308
01-Aug-2026 00:37:26,-124.893565256759,-17.460475523424,0,27,27,27,13,-17.460475523424
01-Aug-2026 00:37:28,-154.701145694372,-47.268055961037,0,27,27,27,12,-16.9759164452195
01-Aug-2026 00:37:30,-123.15596149336,-15.7228717600245,0,27,27,27,13,-15.7228717600245
01-Aug-2026 00:37:32,-122.852109959137,-15.4190202258015,0,27,27,27,12,-15.4190202258015
01-Aug-2026 00:37:34,-121.293538851895,-13.8604491185598,0,28,28,28,13,-13.8604491185598
01-Aug-2026 00:37:36,-119.758268236415,-12.3251785030795,0,28,28,28,13,-12.3251785030795
01-Aug-2026 00:37:38,-118.913252964472,-11.4801632311366,0,29,29,29,15,-11.4801632311366
01-Aug-2026 00:37:40,-116.948562092724,-9.51547235938899,0,29,29,29,15,-9.51547235938899
01-Aug-2026 00:37:42,-116.292125508388,-8.85903577505297,0,29,29,29,16,-8.85903577505297
01-Aug-2026 00:37:44,-152.741776998716,-45.308687265381,0,28,28,28,13,-8.80711746081502
01-Aug-2026 00:37:46,-152.215508034342,-44.7824183010072,0,28,28,28,15,-9.81862678330866
01-Aug-2026 00:37:48,-119.573644681003,-12.1405549476676,0,29,29,29,15,-12.1405549476676
01-Aug-2026 00:37:50,-121.706592614838,-14.2735028815029,0,29,29,29,16,-14.2735028815029
01-Aug-2026 00:37:52,-123.545574634534,-16.1124849011991,0,29,29,29,14,-16.1124849011991
01-Aug-2026 00:37:54,-126.46993461795,-19.0368448846147,0,29,29,29,12,-19.0368448846147
01-Aug-2026 00:37:56,-128.463516883015,-21.03042714968,0,29,29,29,13,-21.03042714968
01-Aug-2026 00:37:58,-130.193787556095,-22.7606978227601,0,30,30,30,12,-22.7606978227601
01-Aug-2026 00:38:00,-156.696058058,-49.262968324665,0,30,30,30,12,-49.262968324665
01-Aug-2026 00:38:02,-156.660992721172,-49.2279029878364,0,29,29,29,12,-49.2279029878364
01-Aug-2026 00:38:04,-156.349259422066,-48.9161696887309,0,29,29,29,11,-48.9161696887309
01-Aug-2026 00:38:06,-156.625751080304,-49.1926613469693,0,29,29,29,11,-49.1926613469693
01-Aug-2026 00:38:08,-156.515966706249,-49.0828769729134,0,28,28,28,11,-49.0828769729134
01-Aug-2026 00:38:10,-155.634385745135,-48.2012960117996,0,29,29,29,10,-48.2012960117996
01-Aug-2026 00:38:12,-154.845890698433,-47.412800965098,0,29,29,29,12,-47.412800965098
01-Aug-2026 00:38:14,-130.314761698853,-22.8816719655176,0,29,29,29,13,-22.8816719655176
01-Aug-2026 00:38:16,-129.177888859702,-21.7447991263668,0,29,29,29,16,-21.7447991263668
01-Aug-2026 00:38:18,-128.390525274472,-20.9574355411366,0,29,29,29,17,-20.9574355411366
01-Aug-2026 00:38:20,-127.676880980328,-20.2437912469928,0,29,29,29,17,-20.2437912469928
01-Aug-2026 00:38:22,-136.003153653597,-28.5700639202618,0,29,29,29,17,-28.5700639202618
01-Aug-2026 00:38:24,-133.659573322827,-26.2264835894921,0,28,28,28,17,-26.2264835894921
01-Aug-2026 00:38:26,-132.560264032945,-25.1271742996095,0,28,28,28,17,-25.1271742996095
01-Aug-2026 00:38:28,-131.807478386064,-24.3743886527284,0,28,28,28,18,-24.3743886527284
01-Aug-2026 00:38:30,-132.920731981263,-25.4876422479279,0,27,27,27,18,-25.4876422479279
01-Aug-2026 00:38:32,-134.491457832622,-27.0583680992866,0,26,26,26,17,-27.0583680992866
01-Aug-2026 00:38:34,-136.458870674411,-29.0257809410754,0,26,26,26,16,-29.0257809410754
01-Aug-2026 00:38:36,-138.010264244886,-30.5771745115512,0,26,26,26,16,-30.5771745115512
01-Aug-2026 00:38:38,-139.474839766658,-32.0417500333227,0,26,26,26,14,-32.0417500333227
01-Aug-2026 00:38:40,-141.214676289302,-33.781586555967,0,25,25,25,13,-33.781586555967
01-Aug-2026 00:38:42,-142.888902388971,-35.4558126556358,0,25,25,25,14,-35.4558126556358
01-Aug-2026 00:38:44,-143.657999653632,-36.2249099202964,0,25,25,25,12,-36.2249099202964
01-Aug-2026 00:38:46,-144.172107986234,-36.7390182528985,0,25,25,25,14,-36.7390182528985
01-Aug-2026 00:38:48,-141.547657969082,-34.1145682357465,0,25,25,25,12,-34.1145682357465
01-Aug-2026 00:38:50,-143.094538912936,-35.661449179601,0,25,25,25,11,-35.661449179601
01-Aug-2026 00:38:52,-144.088498945641,-36.6554092123054,0,25,25,25,12,-36.6554092123054
01-Aug-2026 00:38:54,-145.009620328465,-37.5765305951297,0,25,25,25,12,-37.5765305951297
01-Aug-2026 00:38:56,-145.58885999445,-38.155770261115,0,25,25,25,12,-38.155770261115
01-Aug-2026 00:38:58,-146.004203022525,-38.5711132891896,0,25,25,25,10,-38.5711132891896
01-Aug-2026 00:39:00,-146.28600496293,-38.8529152295949,0,25,25,25,12,-38.8529152295949
01-Aug-2026 00:39:02,-146.790060837248,-39.3569711039129,0,25,25,25,12,-39.3569711039129
01-Aug-2026 00:39:04,-147.303709895205,-39.8706201618701,0,25,25,25,12,-39.8706201618701
01-Aug-2026 00:39:06,-147.467638778192,-40.0345490448566,0,25,25,25,12,-40.0345490448566
01-Aug-2026 00:39:08,-147.839100745417,-40.4060110120822,0,25,25,25,12,-40.4060110120822
01-Aug-2026 00:39:10,-148.727378598194,-41.2942888648584,0,25,25,25,12,-41.2942888648584
01-Aug-2026 00:39:12,-149.115767209316,-41.6826774759807,0,25,25,25,13,-41.6826774759807
01-Aug-2026 00:39:14,-149.220276089053,-41.7871863557178,0,25,25,25,11,-41.7871863557178
01-Aug-2026 00:39:16,-149.624797602933,-42.1917078695982,0,25,25,25,12,-42.1917078695982
01-Aug-2026 00:39:18,-150.053271712422,-42.6201819790869,0,25,25,25,13,-42.6201819790869
01-Aug-2026 00:39:20,-150.279161036579,-42.8460713032441,0,25,25,25,14,-42.8460713032441
01-Aug-2026 00:39:22,-154.093089441577,-46.6599997082413,0,25,25,25,14,-46.6599997082413
01-Aug-2026 00:39:24,-154.058420714891,-46.6253309815563,0,24,24,24,13,-46.6253309815563
01-Aug-2026 00:39:26,-154.153136119498,-46.7200463861624,0,24,24,24,13,-46.7200463861624
01-Aug-2026 00:39:28,-154.852127528334,-47.4190377949989,0,24,24,24,14,-47.4190377949989
01-Aug-2026 00:39:30,-155.285412394088,-47.8523226607526,0,24,24,24,14,-47.8523226607526
01-Aug-2026 00:39:32,-155.356638998181,-47.9235492648461,0,24,24,24,16,-47.9235492648461
01-Aug-2026 00:39:34,-155.365137654413,-47.9320479210776,0,24,24,24,14,-47.9320479210776
01-Aug-2026 00:39:36,-156.516902580649,-49.0838128473139,0,24,24,24,13,-49.0838128473139
01-Aug-2026 00:39:38,-157.012367759743,-49.5792780264077,0,25,25,25,14,-49.5792780264077
01-Aug-2026 00:39:40,-158.86482965053,-51.4317399171944,0,25,25,25,12,-51.4317399171944
01-Aug-2026 00:39:42,-158.821587114701,-51.3884973813663,0,25,25,25,11,-51.3884973813663
01-Aug-2026 00:39:44,-158.601686634342,-51.1685969010073,0,27,27,27,11,-51.1685969010073
01-Aug-2026 00:39:46,-158.651392710876,-51.2183029775404,0,27,27,27,11,-51.2183029775404
01-Aug-2026 00:39:48,-158.85152990579,-51.4184401724546,0,27,27,27,11,-51.4184401724546
01-Aug-2026 00:39:50,-158.824305934535,-51.3912162011999,0,27,27,27,11,-51.3912162011999
01-Aug-2026 00:39:52,-158.733104443663,-51.3000147103276,0,27,27,27,11,-51.3000147103276
01-Aug-2026 00:39:54,-159.275097741726,-51.842008008391,0,27,27,27,10,-51.842008008391
01-Aug-2026 00:39:56,-159.32216263921,-51.8890729058745,0,26,26,26,9,-51.8890729058745
01-Aug-2026 00:39:58,-159.341944317071,-51.9088545837358,0,25,25,25,9,-51.9088545837358
01-Aug-2026 00:40:00,-159.036640398313,-51.6035506649775,0,25,25,25,9,-51.6035506649775
01-Aug-2026 00:40:02,-159.525407228533,-52.0923174951979,0,25,25,25,9,-52.0923174951979
01-Aug-2026 00:40:04,-159.443134345136,-52.0100446118007,0,26,26,26,9,-52.0100446118007
01-Aug-2026 00:40:06,-154.955065066792,-47.5219753334572,0,26,26,26,13,-47.5219753334572
01-Aug-2026 00:40:08,-155.046068978974,-47.6129792456389,0,26,26,26,13,-47.6129792456389
01-Aug-2026 00:40:10,-160.238830480124,-52.8057407467886,0,27,27,27,12,-52.8057407467886
01-Aug-2026 00:40:12,-160.472722196671,-53.0396324633357,0,27,27,27,12,-53.0396324633357
01-Aug-2026 00:40:14,-150.072080993002,-42.638991259667,0,27,27,27,13,-42.638991259667
01-Aug-2026 00:40:16,-150.005977968306,-42.5728882349708,0,27,27,27,13,-42.5728882349708
01-Aug-2026 00:40:18,-150.142660988307,-42.7095712549721,0,27,27,27,12,-42.7095712549721
01-Aug-2026 00:40:20,-149.941349265946,-42.508259532611,0,26,26,26,12,-42.508259532611
01-Aug-2026 00:40:22,-149.811793811165,-42.3787040778294,0,26,26,26,11,-42.3787040778294
01-Aug-2026 00:40:24,-149.448468470656,-42.0153787373211,0,26,26,26,10,-42.0153787373211
01-Aug-2026 00:40:26,-149.736461149235,-42.3033714158998,0,26,26,26,11,-42.3033714158998
01-Aug-2026 00:40:28,-149.313571446613,-41.8804817132783,0,26,26,26,11,-41.8804817132783
01-Aug-2026 00:40:30,-149.100887698016,-41.6677979646808,0,26,26,26,11,-41.6677979646808
01-Aug-2026 00:40:32,-149.210556120993,-41.7774663876574,0,26,26,26,14,-41.7774663876574
01-Aug-2026 00:40:34,-150.052893406201,-42.6198036728654,0,26,26,26,14,-42.6198036728654
01-Aug-2026 00:40:36,-149.177436979683,-41.7443472463475,0,26,26,26,14,-41.7443472463475
01-Aug-2026 00:40:38,-148.630404260545,-41.1973145272095,0,26,26,26,13,-41.1973145272095
01-Aug-2026 00:40:40,-147.060357748857,-39.6272680155222,0,26,26,26,11,-39.6272680155222
01-Aug-2026 00:40:42,-146.160370220998,-38.7272804876624,0,26,26,26,11,-38.7272804876624
01-Aug-2026 00:40:44,-158.713656666803,-51.2805669334675,0,26,26,26,11,-51.2805669334675
01-Aug-2026 00:40:46,-153.138471077726,-45.7053813443908,0,26,26,26,12,-45.7053813443908
01-Aug-2026 00:40:48,-152.737809775869,-45.3047200425341,0,27,27,27,13,-45.3047200425341
01-Aug-2026 00:40:50,-152.606254656703,-45.1731649233679,0,27,27,27,12,-45.1731649233679
01-Aug-2026 00:40:52,-151.325714939601,-43.8926252062654,0,26,26,26,14,-43.8926252062654
01-Aug-2026 00:40:54,-151.547977239669,-44.1148875063342,0,26,26,26,13,-44.1148875063342
01-Aug-2026 00:40:56,-151.567792588873,-44.1347028555379,0,26,26,26,14,-44.1347028555379
01-Aug-2026 00:40:58,-151.060356808906,-43.6272670755706,0,26,26,26,13,-43.6272670755706
01-Aug-2026 00:41:00,-150.489234681007,-43.0561449476718,0,26,26,26,12,-43.0561449476718
01-Aug-2026 00:41:02,-151.349856497041,-43.9167667637055,0,26,26,26,10,-43.9167667637055
01-Aug-2026 00:41:04,-150.808638899661,-43.3755491663253,0,26,26,26,14,-43.3755491663253
01-Aug-2026 00:41:06,-150.729548730319,-43.2964589969836,0,26,26,26,15,-43.2964589969836
01-Aug-2026 00:41:08,-150.075617259868,-42.6425275265328,0,26,26,26,15,-42.6425275265328
01-Aug-2026 00:41:10,-149.550142468613,-42.1170527352782,0,26,26,26,15,-42.1170527352782
01-Aug-2026 00:41:12,-149.229298737903,-41.796209004568,0,26,26,26,15,-41.796209004568
01-Aug-2026 00:41:14,-148.841133470634,-41.408043737299,0,26,26,26,15,-41.408043737299
01-Aug-2026 00:41:16,-148.569992081066,-41.1369023477304,0,26,26,26,15,-41.1369023477304
01-Aug-2026 00:41:18,-147.427273651398,-39.9941839180623,0,27,27,27,15,-39.9941839180623
01-Aug-2026 00:41:20,-154.20579472262,-46.7727049892853,0,27,27,27,16,-46.7727049892853
01-Aug-2026 00:41:22,-153.156232236578,-45.7231425032428,0,26,26,26,16,-45.7231425032428
01-Aug-2026 00:41:24,-153.002275799141,-45.5691860658057,0,26,26,26,16,-45.5691860658057
01-Aug-2026 00:41:26,-153.282991600086,-45.8499018667505,0,27,27,27,17,-45.8499018667505
01-Aug-2026 00:41:28,-152.33653076896,-44.9034410356245,0,28,28,28,15,-44.9034410356245
01-Aug-2026 00:41:30,-151.612416396153,-44.1793266628179,0,28,28,28,12,-44.1793266628179
01-Aug-2026 00:41:32,-151.155137176919,-43.7220474435837,0,28,28,28,13,-43.7220474435837
01-Aug-2026 00:41:34,-150.818940474778,-43.3858507414426,0,28,28,28,14,-43.3858507414426
01-Aug-2026 00:41:36,-150.787964391268,-43.3548746579326,0,28,28,28,14,-43.3548746579326
01-Aug-2026 00:41:38,-150.445025281789,-43.0119355484536,0,28,28,28,14,-43.0119355484536
01-Aug-2026 00:41:40,-160.41951789323,-52.9864281598944,0,30,30,30,15,-52.9864281598944
01-Aug-2026 00:41:42,-160.077845864031,-52.6447561306954,0,30,30,30,15,-52.6447561306954
01-Aug-2026 00:41:44,-160.936159411709,-53.5030696783741,0,30,30,30,12,-53.5030696783741
01-Aug-2026 00:41:46,-148.39398633595,-40.9608966026148,0,30,30,30,12,-40.9608966026148
01-Aug-2026 00:41:48,-147.991552138242,-40.5584624049071,0,30,30,30,14,-40.5584624049071
01-Aug-2026 00:41:50,-147.463887929584,-40.0307981962485,0,30,30,30,15,-40.0307981962485
01-Aug-2026 00:41:52,-146.631958199717,-39.198868466382,0,29,29,29,14,-39.198868466382
01-Aug-2026 00:41:54,-146.028109809727,-38.5950200763915,0,29,29,29,13,-38.5950200763915
01-Aug-2026 00:41:56,-140.235429303808,-32.8023395704732,0,29,29,29,13,-32.8023395704732
01-Aug-2026 00:41:58,-139.943940710052,-32.5108509767167,0,29,29,29,13,-32.5108509767167
01-Aug-2026 00:42:00,-139.214457316318,-31.7813675829827,0,29,29,29,12,-31.7813675829827
01-Aug-2026 00:42:02,-138.210131118595,-30.7770413852601,0,29,29,29,12,-30.7770413852601
01-Aug-2026 00:42:04,-136.972718931142,-29.5396291978073,0,29,29,29,13,-29.5396291978073
01-Aug-2026 00:42:06,-135.213414750492,-27.7803250171571,0,29,29,29,11,-27.7803250171571
01-Aug-2026 00:42:08,-134.852945345825,-27.41985561249,0,29,29,29,11,-27.41985561249
01-Aug-2026 00:42:10,-137.688479491652,-30.255389758317,0,29,29,29,13,-30.255389758317
01-Aug-2026 00:42:12,-137.537360662402,-30.1042709290668,0,29,29,29,13,-30.1042709290668
01-Aug-2026 00:42:14,-136.978100839724,-29.5450111063892,0,27,27,27,12,-29.5450111063892
01-Aug-2026 00:42:16,-136.148142241238,-28.7150525079028,0,27,27,27,12,-28.7150525079028
01-Aug-2026 00:42:18,-135.735912374628,-28.3028226412933,0,26,26,26,14,-28.3028226412933
01-Aug-2026 00:42:20,-135.976444981939,-28.5433552486034,0,26,26,26,13,-28.5433552486034
01-Aug-2026 00:42:22,-136.93569822066,-29.5026084873249,0,26,26,26,14,-29.5026084873249
01-Aug-2026 00:42:24,-137.083572256618,-29.6504825232826,0,26,26,26,13,-29.6504825232826
01-Aug-2026 00:42:26,-137.966569583218,-30.533479849883,0,26,26,26,12,-30.533479849883
01-Aug-2026 00:42:28,-139.249114033594,-31.8160243002587,0,26,26,26,12,-31.8160243002587
01-Aug-2026 00:42:30,-139.954754651765,-32.5216649184295,0,26,26,26,12,-32.5216649184295
01-Aug-2026 00:42:32,-140.393748891807,-32.9606591584716,0,26,26,26,13,-32.9606591584716
01-Aug-2026 00:42:34,-134.796106863723,-27.363017130388,0,25,25,25,13,-27.363017130388
01-Aug-2026 00:42:36,-136.354584452499,-28.9214947191638,0,25,25,25,13,-28.9214947191638
01-Aug-2026 00:42:38,-138.475671796058,-31.0425820627226,0,25,25,25,14,-31.0425820627226
01-Aug-2026 00:42:40,-139.237547217115,-31.8044574837795,0,25,25,25,15,-31.8044574837795
01-Aug-2026 00:42:42,-140.066756420811,-32.633666687476,0,25,25,25,15,-32.633666687476
01-Aug-2026 00:42:44,-140.804612839773,-33.3715231064379,0,25,25,25,14,-33.3715231064379
01-Aug-2026 00:42:46,-141.692894805064,-34.2598050717293,0,25,25,25,15,-34.2598050717293
01-Aug-2026 00:42:48,-142.283470127021,-34.8503803936858,0,25,25,25,17,-34.8503803936858
01-Aug-2026 00:42:50,-142.458464760306,-35.0253750269712,0,25,25,25,17,-35.0253750269712
01-Aug-2026 00:42:52,-142.786009774739,-35.3529200414038,0,25,25,25,17,-35.3529200414038
01-Aug-2026 00:42:54,-143.571521975014,-36.1384322416787,0,25,25,25,16,-36.1384322416787
01-Aug-2026 00:42:56,-148.682905771043,-41.2498160377082,0,25,25,25,17,-41.2498160377082
01-Aug-2026 00:42:58,-151.072072406437,-43.638982673102,0,25,25,25,17,-43.638982673102
01-Aug-2026 00:43:00,-149.553766567224,-42.1206768338883,0,25,25,25,17,-42.1206768338883
01-Aug-2026 00:43:02,-149.770324467665,-42.3372347343301,0,25,25,25,17,-42.3372347343301
01-Aug-2026 00:43:04,-151.826489367485,-44.3933996341498,0,25,25,25,17,-44.3933996341498
01-Aug-2026 00:43:06,-155.478429118562,-48.045339385227,0,25,25,25,17,-48.045339385227
01-Aug-2026 00:43:08,-154.849663976132,-47.4165742427966,0,25,25,25,18,-47.4165742427966
01-Aug-2026 00:43:10,-155.421971908965,-47.9888821756301,0,25,25,25,18,-47.9888821756301
01-Aug-2026 00:43:12,-155.255774321081,-47.8226845877454,0,24,24,24,15,-47.8226845877454
01-Aug-2026 00:43:14,-155.22127853939,-47.7881888060551,0,24,24,24,14,-47.7881888060551
01-Aug-2026 00:43:16,-155.428279764961,-47.9951900316257,0,24,24,24,15,-47.9951900316257
01-Aug-2026 00:43:18,-155.487448212427,-48.0543584790914,0,24,24,24,14,-48.0543584790914
01-Aug-2026 00:43:20,-155.572347903715,-48.13925817038,0,24,24,24,13,-48.13925817038
01-Aug-2026 00:43:22,-155.497689970464,-48.0646002371285,0,24,24,24,14,-48.0646002371285
01-Aug-2026 00:43:24,-157.280976636366,-49.8478869030309,0,24,24,24,12,-49.8478869030309
01-Aug-2026 00:43:26,-157.397113202422,-49.9640234690867,0,24,24,24,11,-49.9640234690867
01-Aug-2026 00:43:28,-157.589667263479,-50.1565775301441,0,24,24,24,10,-50.1565775301441
01-Aug-2026 00:43:30,-158.574312638034,-51.1412229046984,0,24,24,24,8,-51.1412229046984
01-Aug-2026 00:43:32,-158.637828568405,-51.20473883507,0,25,25,25,8,-51.20473883507
01-Aug-2026 00:43:34,-158.58583314695,-51.152743413615,0,25,25,25,8,-51.152743413615
01-Aug-2026 00:43:36,-158.656048546564,-51.2229588132288,0,26,26,26,10,-51.2229588132288
01-Aug-2026 00:43:38,-158.569040769589,-51.1359510362539,0,26,26,26,9,-51.1359510362539
01-Aug-2026 00:43:40,-160.380132906113,-52.9470431727778,0,27,27,27,10,-52.9470431727778
01-Aug-2026 00:43:42,-160.713338655053,-53.2802489217181,0,27,27,27,11,-53.2802489217181
01-Aug-2026 00:43:44,-160.433592236031,-53.0005025026957,0,26,26,26,11,-53.0005025026957
01-Aug-2026 00:43:46,-160.418833446969,-52.9857437136334,0,26,26,26,12,-52.9857437136334
01-Aug-2026 00:43:48,-160.366390816813,-52.9333010834778,0,26,26,26,10,-52.9333010834778
01-Aug-2026 00:43:50,-159.822537833294,-52.3894480999585,0,25,25,25,11,-52.3894480999585
01-Aug-2026 00:43:52,-160.082769541457,-52.6496798081222,0,25,25,25,9,-52.6496798081222
01-Aug-2026 00:43:54,-160.187639132412,-52.7545493990765,0,26,26,26,7,-52.7545493990765
01-Aug-2026 00:43:56,-159.700298790046,-52.267209056711,0,26,26,26,7,-52.267209056711
01-Aug-2026 00:43:58,-160.772500873167,-53.3394111398314,0,27,27,27,8,-53.3394111398314
01-Aug-2026 00:44:00,-160.888210543763,-53.4551208104277,0,27,27,27,7,-53.4551208104277
01-Aug-2026 00:44:02,-161.185792768989,-53.752703035654,0,27,27,27,7,-53.752703035654
01-Aug-2026 00:44:04,-161.176591202,-53.7435014686652,0,27,27,27,7,-53.7435014686652
01-Aug-2026 00:44:06,-161.236711011507,-53.803621278172,0,27,27,27,8,-53.803621278172
01-Aug-2026 00:44:08,-143.914438795482,-36.4813490621466,0,27,27,27,11,-36.4813490621466
01-Aug-2026 00:44:10,-143.13912209175,-35.7060323584146,0,27,27,27,12,-35.7060323584146
01-Aug-2026 00:44:12,-142.838164740942,-35.4050750076067,0,26,26,26,11,-35.4050750076067
01-Aug-2026 00:44:14,-143.733597017099,-36.3005072837637,0,26,26,26,10,-36.3005072837637
01-Aug-2026 00:44:16,-145.024854942757,-37.5917652094223,0,26,26,26,10,-37.5917652094223
01-Aug-2026 00:44:18,-146.453301799156,-39.0202120658205,0,26,26,26,9,-39.0202120658205
01-Aug-2026 00:44:20,-148.468577696712,-41.0354879633773,0,26,26,26,8,-41.0354879633773
01-Aug-2026 00:44:22,-150.597177798742,-43.1640880654069,0,26,26,26,8,-43.1640880654069
01-Aug-2026 00:44:24,-138.616948460786,-31.1838587274507,0,26,26,26,9,-22.5748257778943
01-Aug-2026 00:44:26,-138.468399316807,-31.0353095834719,0,26,26,26,10,-24.5423042222675
01-Aug-2026 00:44:28,-138.266367082174,-30.8332773488384,0,26,26,26,9,-30.8332773488384
01-Aug-2026 00:44:30,-138.185262719664,-30.752172986329,0,26,26,26,10,-30.752172986329
01-Aug-2026 00:44:32,-137.138283993479,-29.7051942601441,0,27,27,27,10,-29.7051942601441
01-Aug-2026 00:44:34,-137.038515178165,-29.60542544483,0,27,27,27,10,-29.60542544483
01-Aug-2026 00:44:36,-137.083403758369,-29.6503140250341,0,27,27,27,10,-29.6503140250341
01-Aug-2026 00:44:38,-136.764199322124,-29.3311095887886,0,27,27,27,9,-29.3311095887886
01-Aug-2026 00:44:40,-140.157591393616,-32.7245016602811,0,27,27,27,9,-32.7245016602811
01-Aug-2026 00:44:42,-140.408097999697,-32.9750082663618,0,27,27,27,8,-32.9750082663618
01-Aug-2026 00:44:44,-140.712734150092,-33.2796444167568,0,27,27,27,9,-33.2796444167568
01-Aug-2026 00:44:46,-140.974607048142,-33.5415173148072,0,27,27,27,9,-33.5415173148072
01-Aug-2026 00:44:48,-141.128695000234,-33.6956052668992,0,27,27,27,10,-33.6956052668992
01-Aug-2026 00:44:50,-140.575033733786,-33.1419440004506,0,26,26,26,10,-33.1419440004506
01-Aug-2026 00:44:52,-139.960980151642,-32.527890418307,0,26,26,26,10,-32.527890418307
01-Aug-2026 00:44:54,-161.136812396959,-53.7037226636238,0,26,26,26,9,-53.7037226636238
01-Aug-2026 00:44:56,-161.284917277182,-53.8518275438465,0,26,26,26,9,-53.8518275438465
01-Aug-2026 00:44:58,-161.145363554441,-53.7122738211054,0,25,25,25,11,-53.7122738211054
01-Aug-2026 00:45:00,-164.330071097796,-56.8969813644612,0,25,25,25,10,-56.8969813644612
01-Aug-2026 00:45:02,-164.724304480696,-57.2912147473604,0,25,25,25,12,-57.2912147473604
01-Aug-2026 00:45:04,-165.098859580314,-57.6657698469787,0,25,25,25,12,-57.6657698469787
01-Aug-2026 00:45:06,-165.466810936047,-58.0337212027119,0,25,25,25,12,-58.0337212027119
01-Aug-2026 00:45:08,-165.248880040001,-57.8157903066654,0,25,25,25,11,-57.8157903066654
01-Aug-2026 00:45:10,-164.849677815381,-57.4165880820457,0,26,26,26,12,-57.4165880820457
01-Aug-2026 00:45:12,-151.724237886934,-44.2911481535983,0,26,26,26,15,-44.2911481535983
01-Aug-2026 00:45:14,-151.648816004466,-44.2157262711306,0,26,26,26,13,-44.2157262711306
01-Aug-2026 00:45:16,-172.511020262162,-65.0779305288265,0,26,26,26,11,-65.0779305288265
01-Aug-2026 00:45:18,-172.649417380394,-65.2163276470588,0,28,28,28,11,-65.2163276470588
01-Aug-2026 00:45:20,-172.63948923074,-65.206399497405,0,29,29,29,11,-65.206399497405
01-Aug-2026 00:45:22,-172.820122582764,-65.3870328494285,0,29,29,29,11,-65.3870328494285
01-Aug-2026 00:45:24,-151.529973009372,-44.0968832760366,0,29,29,29,12,-44.0968832760366
01-Aug-2026 00:45:26,-151.579413274377,-44.1463235410422,0,29,29,29,13,-44.1463235410422
01-Aug-2026 00:45:28,-151.496894741573,-44.0638050082375,0,29,29,29,13,-44.0638050082375
01-Aug-2026 00:45:30,-151.765655464167,-44.332565730832,0,29,29,29,12,-44.332565730832
01-Aug-2026 00:45:32,-141.1523324902,-33.7192427568645,0,30,30,30,13,-33.7192427568645
01-Aug-2026 00:45:34,-172.461545011158,-65.028455277823,0,30,30,30,11,-65.028455277823
01-Aug-2026 00:45:36,-172.149767034554,-64.7166773012192,0,30,30,30,13,-64.7166773012192
01-Aug-2026 00:45:38,-172.136616480218,-64.7035267468829,0,30,30,30,13,-64.7035267468829
01-Aug-2026 00:45:40,-171.29033744814,-63.8572477148047,0,30,30,30,14,-63.8572477148047
01-Aug-2026 00:45:42,-171.509579887678,-64.076490154343,0,30,30,30,12,-64.076490154343
01-Aug-2026 00:45:44,-171.674112179195,-64.2410224458597,0,29,29,29,9,-64.2410224458597
01-Aug-2026 00:45:46,-171.605624759823,-64.172535026488,0,29,29,29,8,-64.172535026488
01-Aug-2026 00:45:48,-164.632554583117,-57.1994648497814,0,29,29,29,9,-57.1994648497814
01-Aug-2026 00:45:50,-163.758555452409,-56.325465719074,0,28,28,28,9,-56.325465719074
01-Aug-2026 00:45:52,-163.598198229175,-56.1651084958401,0,29,29,29,12,-56.1651084958401
01-Aug-2026 00:45:54,-167.455712104247,-60.0226223709116,0,28,28,28,10,-60.0226223709116
01-Aug-2026 00:45:56,-167.655211448103,-60.2221217147681,0,28,28,28,10,-60.2221217147681
01-Aug-2026 00:45:58,-167.965092669259,-60.5320029359243,0,28,28,28,11,-60.5320029359243
01-Aug-2026 00:46:00,-161.309723272761,-53.876633539426,0,28,28,28,12,-53.876633539426
01-Aug-2026 00:46:02,-161.265628053088,-53.8325383197523,0,28,28,28,13,-53.8325383197523
01-Aug-2026 00:46:04,-161.121387554717,-53.6882978213817,0,27,27,27,11,-53.6882978213817
01-Aug-2026 00:46:06,-160.36800952524,-52.9349197919052,0,27,27,27,11,-52.9349197919052
01-Aug-2026 00:46:08,-160.212111077559,-52.7790213442236,0,26,26,26,9,-52.7790213442236
01-Aug-2026 00:46:10,-159.593297983909,-52.160208250574,0,26,26,26,10,-52.160208250574
01-Aug-2026 00:46:12,-160.197572503933,-52.764482770598,0,26,26,26,8,-52.764482770598
01-Aug-2026 00:46:14,-159.850362262517,-52.4172725291821,0,26,26,26,9,-52.4172725291821
01-Aug-2026 00:46:16,-160.136323366212,-52.7032336328769,0,26,26,26,10,-52.7032336328769
01-Aug-2026 00:46:18,-160.196179748716,-52.7630900153809,0,26,26,26,9,-52.7630900153809
01-Aug-2026 00:46:20,-150.175057788229,-42.7419680548941,0,26,26,26,10,-42.7419680548941
01-Aug-2026 00:46:22,-149.807482847375,-42.3743931140402,0,26,26,26,12,-42.3743931140402
01-Aug-2026 00:46:24,-149.979581832715,-42.5464920993802,0,26,26,26,12,-42.5464920993802
01-Aug-2026 00:46:26,-150.411822918053,-42.9787331847181,0,26,26,26,13,-42.9787331847181
01-Aug-2026 00:46:28,-149.994821929993,-42.561732196658,0,25,25,25,12,-42.561732196658
01-Aug-2026 00:46:30,-149.969754708886,-42.5366649755512,0,25,25,25,11,-42.5366649755512
01-Aug-2026 00:46:32,-150.428419393734,-42.9953296603992,0,25,25,25,11,-42.9953296603992
01-Aug-2026 00:46:34,-150.313778726509,-42.8806889931736,0,25,25,25,11,-42.8806889931736
01-Aug-2026 00:46:36,-145.210916546342,-37.7778268130066,0,25,25,25,13,-37.7778268130066
01-Aug-2026 00:46:38,-146.347907408427,-38.9148176750916,0,25,25,25,12,-38.9148176750916
01-Aug-2026 00:46:40,-146.204188492574,-38.7710987592387,0,25,25,25,11,-38.7710987592387
01-Aug-2026 00:46:42,-146.414392685415,-38.9813029520794,0,25,25,25,11,-38.9813029520794
01-Aug-2026 00:46:44,-146.992922920386,-39.5598331870509,0,25,25,25,11,-39.5598331870509
01-Aug-2026 00:46:46,-148.687535868683,-41.254446135348,0,25,25,25,11,-41.254446135348
01-Aug-2026 00:46:48,-148.898919396795,-41.4658296634602,0,25,25,25,11,-41.4658296634602
01-Aug-2026 00:46:50,-149.484673683915,-42.0515839505803,0,25,25,25,13,-42.0515839505803
01-Aug-2026 00:46:52,-149.911347670994,-42.478257937659,0,25,25,25,14,-42.478257937659
01-Aug-2026 00:46:54,-150.276939671831,-42.8438499384959,0,25,25,25,15,-42.8438499384959
01-Aug-2026 00:46:56,-150.075114798494,-42.6420250651585,0,25,25,25,15,-42.6420250651585
01-Aug-2026 00:46:58,-151.738131075045,-44.3050413417095,0,24,24,24,15,-44.3050413417095
01-Aug-2026 00:47:00,-152.322443021745,-44.8893532884102,0,24,24,24,13,-44.8893532884102
01-Aug-2026 00:47:02,-152.792847178335,-45.3597574450003,0,24,24,24,13,-45.3597574450003
01-Aug-2026 00:47:04,-155.230648159212,-47.7975584258764,0,24,24,24,9,-47.7975584258764
01-Aug-2026 00:47:06,-155.483812058657,-48.0507223253214,0,24,24,24,9,-48.0507223253214
01-Aug-2026 00:47:08,-156.573636615252,-49.1405468819167,0,24,24,24,8,-49.1405468819167
01-Aug-2026 00:47:10,-156.662128835083,-49.2290391017477,0,24,24,24,7,-49.2290391017477
01-Aug-2026 00:47:12,-156.350653512869,-48.9175637795342,0,24,24,24,7,-48.9175637795342
01-Aug-2026 00:47:14,-156.353809614455,-48.9207198811195,0,24,24,24,6,-48.9207198811195
01-Aug-2026 00:47:16,-156.150642329789,-48.7175525964542,0,24,24,24,5,-48.7175525964542
01-Aug-2026 00:47:18,-156.438014710787,-49.0049249774519,0,25,25,25,6,-49.0049249774519
01-Aug-2026 00:47:20,-156.713483986798,-49.2803942534631,0,25,25,25,5,-49.2803942534631
01-Aug-2026 00:47:22,-157.259570977631,-49.8264812442956,0,25,25,25,4,-49.8264812442956
01-Aug-2026 00:47:24,-157.149601941329,-49.7165122079942,0,25,25,25,4,-49.7165122079942
01-Aug-2026 00:47:26,-157.18937496822,-49.7562852348852,0,25,25,25,4,-49.7562852348852
01-Aug-2026 00:47:28,-156.980907847186,-49.5478181138504,0,26,26,26,5,-49.5478181138504
01-Aug-2026 00:47:30,-157.470225895627,-50.037136162292,0,26,26,26,5,-50.037136162292
01-Aug-2026 00:47:32,-157.75933024876,-50.3262405154247,0,25,25,25,5,-50.3262405154247
01-Aug-2026 00:47:34,-157.792261458809,-50.3591717254737,0,25,25,25,6,-50.3591717254737
01-Aug-2026 00:47:36,-157.819594868383,-50.3865051350478,0,25,25,25,7,-50.3865051350478
01-Aug-2026 00:47:38,-169.652130748978,-62.2190410156429,0,25,25,25,7,-62.2190410156429
01-Aug-2026 00:47:40,-165.574029938732,-58.1409402053965,0,24,24,24,10,-58.1409402053965
01-Aug-2026 00:47:42,-166.319678087779,-58.8865883544435,0,24,24,24,9,-58.8865883544435
01-Aug-2026 00:47:44,-165.953816649232,-58.520726915897,0,25,25,25,9,-58.520726915897
01-Aug-2026 00:47:46,-166.016370419738,-58.5832806864027,0,27,27,27,9,-58.5832806864027
01-Aug-2026 00:47:48,-170.483387844349,-63.0502981110134,0,27,27,27,8,-63.0502981110134
01-Aug-2026 00:47:50,-170.991198806304,-63.5581090729685,0,27,27,27,7,-63.5581090729685
01-Aug-2026 00:47:52,-170.952056189959,-63.5189664566237,0,27,27,27,7,-63.5189664566237
01-Aug-2026 00:47:54,-170.188120881391,-62.7550311480558,0,27,27,27,8,-62.7550311480558
01-Aug-2026 00:47:56,-170.163534730303,-62.7304449969682,0,27,27,27,9,-62.7304449969682
01-Aug-2026 00:47:58,-170.39761562965,-62.9645258963147,0,27,27,27,10,-62.9645258963147
01-Aug-2026 00:48:00,-170.604429407421,-63.1713396740862,0,27,27,27,11,-63.1713396740862
01-Aug-2026 00:48:02,-170.354766007603,-62.9216762742675,0,27,27,27,13,-62.9216762742675
01-Aug-2026 00:48:04,-170.315206039298,-62.8821163059632,0,26,26,26,13,-62.8821163059632
01-Aug-2026 00:48:06,-170.41572228408,-62.9826325507449,0,26,26,26,14,-62.9826325507449
01-Aug-2026 00:48:08,-170.299103697789,-62.8660139644543,0,26,26,26,14,-62.8660139644543
01-Aug-2026 00:48:10,-170.510950965123,-63.0778612317879,0,26,26,26,14,-63.0778612317879
01-Aug-2026 00:48:12,-171.473691677447,-64.0406019441116,0,26,26,26,15,-64.0406019441116
01-Aug-2026 00:48:14,-171.139788156899,-63.706698423564,0,26,26,26,14,-63.706698423564
01-Aug-2026 00:48:16,-171.356057201037,-63.9229674677019,0,27,27,27,14,-63.9229674677019
01-Aug-2026 00:48:18,-171.466915445805,-64.0338257124695,0,27,27,27,14,-64.0338257124695
01-Aug-2026 00:48:20,-171.873043255032,-64.4399535216969,0,27,27,27,13,-64.4399535216969
01-Aug-2026 00:48:22,-164.108520752211,-56.6754310188759,0,27,27,27,13,-56.6754310188759
01-Aug-2026 00:48:24,-163.692194529998,-56.2591047966625,0,27,27,27,14,-56.2591047966625
01-Aug-2026 00:48:26,-163.778644252693,-56.345554519358,0,27,27,27,15,-56.345554519358
01-Aug-2026 00:48:28,-163.646598859607,-56.2135091262718,0,27,27,27,14,-56.2135091262718
01-Aug-2026 00:48:30,-164.249141880439,-56.8160521471042,0,27,27,27,14,-56.8160521471042
01-Aug-2026 00:48:32,-164.25961467351,-56.826524940175,0,26,26,26,13,-56.826524940175
01-Aug-2026 00:48:34,-164.905761765585,-57.4726720322498,0,26,26,26,11,-57.4726720322498
01-Aug-2026 00:48:36,-165.009324360866,-57.5762346275312,0,26,26,26,11,-57.5762346275312
01-Aug-2026 00:48:38,-165.909974104632,-58.4768843712969,0,26,26,26,11,-58.4768843712969
01-Aug-2026 00:48:40,-165.780363159305,-58.3472734259697,0,26,26,26,10,-58.3472734259697
01-Aug-2026 00:48:42,-165.144677527965,-57.7115877946301,0,26,26,26,8,-57.7115877946301
01-Aug-2026 00:48:44,-154.343047939683,-46.9099582063478,0,26,26,26,7,-46.9099582063478
01-Aug-2026 00:48:46,-154.0386773127,-46.6055875793652,0,25,25,25,8,-46.6055875793652
01-Aug-2026 00:48:48,-152.700975084538,-45.2678853512032,0,25,25,25,9,-45.2678853512032
01-Aug-2026 00:48:50,-151.706355128987,-44.2732653956513,0,25,25,25,11,-44.2732653956513
01-Aug-2026 00:48:52,-160.431737555321,-52.9986478219857,0,25,25,25,11,-52.9986478219857
01-Aug-2026 00:48:54,-144.474147110907,-37.0410573775714,0,25,25,25,12,-37.0410573775714
01-Aug-2026 00:48:56,-145.071142336139,-37.6380526028042,0,25,25,25,14,-37.6380526028042
01-Aug-2026 00:48:58,-145.123079290549,-37.6899895572138,0,25,25,25,14,-37.6899895572138
01-Aug-2026 00:49:00,-145.707410423876,-38.2743206905407,0,25,25,25,13,-38.2743206905407
01-Aug-2026 00:49:02,-142.293837775871,-34.8607480425359,0,26,26,26,15,-34.8607480425359
01-Aug-2026 00:49:04,-142.089617542717,-34.6565278093818,0,27,27,27,16,-34.6565278093818
01-Aug-2026 00:49:06,-144.586980190304,-37.153890456969,0,27,27,27,14,-37.153890456969
01-Aug-2026 00:49:08,-143.84018455413,-36.4070948207947,0,28,28,28,15,-36.4070948207947
01-Aug-2026 00:49:10,-144.109030201406,-36.6759404680706,0,28,28,28,14,-36.6759404680706
01-Aug-2026 00:49:12,-144.603754082991,-37.1706643496556,0,29,29,29,14,-37.1706643496556
01-Aug-2026 00:49:14,-154.162741406005,-46.7296516726695,0,29,29,29,14,-46.7296516726695
01-Aug-2026 00:49:16,-153.917953847692,-46.4848641143566,0,29,29,29,15,-46.4848641143566
01-Aug-2026 00:49:18,-153.957668049868,-46.5245783165326,0,29,29,29,14,-46.5245783165326
01-Aug-2026 00:49:20,-146.750503976882,-39.3174142435465,0,29,29,29,16,-39.3174142435465
01-Aug-2026 00:49:22,-146.450940547511,-39.0178508141757,0,29,29,29,14,-39.0178508141757
01-Aug-2026 00:49:24,-146.335009359355,-38.9019196260202,0,30,30,30,13,-38.9019196260202
01-Aug-2026 00:49:26,-139.819233852298,-32.3861441189626,0,30,30,30,13,-32.3861441189626
01-Aug-2026 00:49:28,-139.54853049301,-32.1154407596745,0,30,30,30,13,-32.1154407596745
01-Aug-2026 00:49:30,-135.98556704747,-28.5524773141349,0,30,30,30,13,-28.5524773141349
01-Aug-2026 00:49:32,-139.665163306102,-32.232073572767,0,30,30,30,13,-32.232073572767
01-Aug-2026 00:49:34,-140.174824669651,-32.7417349363154,0,29,29,29,13,-32.7417349363154
01-Aug-2026 00:49:36,-140.198930917104,-32.7658411837686,0,28,28,28,12,-32.7658411837686
01-Aug-2026 00:49:38,-140.082985513931,-32.649895780596,0,28,28,28,10,-32.649895780596
01-Aug-2026 00:49:40,-140.205447828338,-32.7723580950025,0,27,27,27,11,-32.7723580950025
01-Aug-2026 00:49:42,-139.806639714258,-32.3735499809225,0,28,28,28,13,-32.3735499809225
01-Aug-2026 00:49:44,-139.559955951953,-32.1268662186181,0,28,28,28,13,-32.1268662186181
01-Aug-2026 00:49:46,-139.592304861087,-32.1592151277516,0,28,28,28,13,-32.1592151277516
01-Aug-2026 00:49:48,-140.149404483476,-32.7163147501407,0,28,28,28,14,-32.7163147501407
01-Aug-2026 00:49:50,-139.017331561581,-31.5842418282461,0,28,28,28,13,-31.5842418282461
01-Aug-2026 00:49:52,-148.765736752934,-41.3326470195992,0,28,28,28,13,-41.3326470195992
01-Aug-2026 00:49:54,-149.349608595275,-41.9165188619401,0,27,27,27,13,-41.9165188619401
01-Aug-2026 00:49:56,-149.562783127083,-42.1296933937476,0,26,26,26,12,-42.1296933937476
01-Aug-2026 00:49:58,-149.78211276469,-42.3490230313546,0,26,26,26,12,-42.3490230313546
01-Aug-2026 00:50:00,-150.431603475324,-42.9985137419892,0,26,26,26,13,-42.9985137419892
01-Aug-2026 00:50:02,-150.633763546996,-43.2006738136609,0,26,26,26,12,-43.2006738136609
01-Aug-2026 00:50:04,-151.349740110856,-43.9166503775205,0,26,26,26,11,-43.9166503775205
01-Aug-2026 00:50:06,-151.518391613468,-44.0853018801331,0,26,26,26,11,-44.0853018801331
01-Aug-2026 00:50:08,-152.100254180309,-44.6671644469734,0,26,26,26,12,-44.6671644469734
01-Aug-2026 00:50:10,-152.228336130251,-44.7952463969155,0,26,26,26,13,-44.7952463969155
01-Aug-2026 00:50:12,-152.885166343102,-45.4520766097666,0,26,26,26,13,-45.4520766097666
01-Aug-2026 00:50:14,-153.142949128053,-45.7098593947175,0,26,26,26,14,-45.7098593947175
01-Aug-2026 00:50:16,-153.56311279669,-46.1300230633551,0,26,26,26,14,-46.1300230633551
01-Aug-2026 00:50:18,-154.035571686043,-46.6024819527082,0,26,26,26,13,-46.6024819527082
01-Aug-2026 00:50:20,-154.290331959268,-46.8572422259333,0,26,26,26,11,-46.8572422259333
01-Aug-2026 00:50:22,-154.377353510825,-46.9442637774903,0,25,25,25,9,-46.9442637774903
01-Aug-2026 00:50:24,-154.457600322409,-47.0245105890743,0,25,25,25,10,-47.0245105890743
01-Aug-2026 00:50:26,-155.242856428717,-47.8097666953819,0,25,25,25,8,-47.8097666953819
01-Aug-2026 00:50:28,-155.603788240111,-48.1706985067762,0,25,25,25,8,-48.1706985067762
01-Aug-2026 00:50:30,-155.616046945265,-48.1829572119296,0,25,25,25,9,-48.1829572119296
01-Aug-2026 00:50:32,-155.8056254299,-48.3725356965645,0,25,25,25,9,-48.3725356965645
01-Aug-2026 00:50:34,-156.413144967156,-48.9800552338205,0,25,25,25,9,-48.9800552338205
01-Aug-2026 00:50:36,-156.648410003022,-49.2153202696867,0,25,25,25,8,-49.2153202696867
01-Aug-2026 00:50:38,-156.625355468385,-49.1922657350503,0,25,25,25,9,-49.1922657350503
01-Aug-2026 00:50:40,-156.602798577136,-49.1697088438004,0,25,25,25,9,-49.1697088438004
01-Aug-2026 00:50:42,-153.073011600734,-45.6399218673992,0,25,25,25,13,-45.6399218673992
01-Aug-2026 00:50:44,-153.519065804897,-46.0859760715621,0,24,24,24,12,-46.0859760715621
01-Aug-2026 00:50:46,-152.500084769803,-45.0669950364681,0,24,24,24,13,-45.0669950364681
01-Aug-2026 00:50:48,-152.119686737028,-44.6865970036928,0,24,24,24,13,-44.6865970036928
01-Aug-2026 00:50:50,-152.254925474742,-44.8218357414072,0,24,24,24,12,-44.8218357414072
01-Aug-2026 00:50:52,-152.037032186476,-44.6039424531412,0,24,24,24,15,-44.6039424531412
01-Aug-2026 00:50:54,-151.895440111538,-44.4623503782025,0,24,24,24,12,-44.4623503782025
01-Aug-2026 00:50:56,-151.771574970308,-44.3384852369729,0,24,24,24,12,-44.3384852369729
01-Aug-2026 00:50:58,-152.546342179856,-45.1132524465212,0,24,24,24,13,-45.1132524465212
01-Aug-2026 00:51:00,-152.609189737253,-45.1761000039181,0,24,24,24,12,-45.1761000039181
01-Aug-2026 00:51:02,-155.99098268088,-48.5578929475444,0,24,24,24,11,-48.5578929475444
01-Aug-2026 00:51:04,-152.256098643581,-44.8230089102458,0,24,24,24,11,-44.8230089102458
01-Aug-2026 00:51:06,-151.799211654781,-44.3661219214459,0,25,25,25,13,-44.3661219214459
01-Aug-2026 00:51:08,-152.011052868371,-44.5779631350353,0,25,25,25,13,-44.5779631350353
01-Aug-2026 00:51:10,-151.537714880909,-44.1046251475743,0,25,25,25,12,-44.1046251475743
01-Aug-2026 00:51:12,-150.874576896994,-43.4414871636591,0,25,25,25,13,-43.4414871636591
01-Aug-2026 00:51:14,-151.284837587664,-43.8517478543288,0,25,25,25,13,-43.8517478543288
01-Aug-2026 00:51:16,-150.804278714133,-43.3711889807974,0,25,25,25,14,-43.3711889807974
01-Aug-2026 00:51:18,-151.140970388753,-43.7078806554181,0,25,25,25,14,-43.7078806554181
01-Aug-2026 00:51:20,-150.710314111746,-43.2772243784104,0,26,26,26,14,-43.2772243784104
01-Aug-2026 00:51:22,-150.364946695524,-42.9318569621893,0,25,25,25,13,-42.9318569621893
01-Aug-2026 00:51:24,-149.929248679991,-42.4961589466562,0,25,25,25,12,-42.4961589466562
01-Aug-2026 00:51:26,-149.690585960704,-42.2574962273687,0,25,25,25,10,-42.2574962273687
01-Aug-2026 00:51:28,-149.838038888981,-42.4049491556457,0,25,25,25,10,-42.4049491556457
01-Aug-2026 00:51:30,-150.1026116284,-42.6695218950646,0,25,25,25,11,-42.6695218950646
01-Aug-2026 00:51:32,-149.69639352756,-42.2633037942251,0,25,25,25,13,-42.2633037942251
01-Aug-2026 00:51:34,-149.321533954787,-41.8884442214519,0,25,25,25,12,-41.8884442214519
01-Aug-2026 00:51:36,-148.900881330003,-41.4677915966682,0,25,25,25,12,-41.4677915966682
01-Aug-2026 00:51:38,-148.977784680336,-41.5446949470005,0,26,26,26,13,-41.5446949470005
01-Aug-2026 00:51:40,-148.219040935178,-40.7859512018432,0,26,26,26,14,-40.7859512018432
01-Aug-2026 00:51:42,-147.564788981309,-40.1316992479736,0,26,26,26,15,-40.1316992479736
01-Aug-2026 00:51:44,-147.85618015083,-40.4230904174944,0,26,26,26,15,-40.4230904174944
01-Aug-2026 00:51:46,-148.040498883781,-40.6074091504461,0,26,26,26,14,-40.6074091504461
01-Aug-2026 00:51:48,-148.284301933948,-40.8512122006132,0,26,26,26,13,-40.8512122006132
01-Aug-2026 00:51:50,-147.479741095599,-40.0466513622639,0,26,26,26,14,-40.0466513622639
01-Aug-2026 00:51:52,-149.626706499167,-42.1936167658314,0,26,26,26,13,-42.1936167658314
01-Aug-2026 00:51:54,-149.054420599555,-41.62133086622,0,27,27,27,15,-41.62133086622
01-Aug-2026 00:51:56,-148.932111346443,-41.4990216131082,0,26,26,26,14,-41.4990216131082
01-Aug-2026 00:51:58,-149.172893459492,-41.7398037261572,0,26,26,26,15,-41.7398037261572
01-Aug-2026 00:52:00,-149.142611599195,-41.7095218658593,0,27,27,27,15,-41.7095218658593
01-Aug-2026 00:52:02,-148.868975010114,-41.4358852767786,0,27,27,27,15,-41.4358852767786
01-Aug-2026 00:52:04,-143.529639971915,-36.0965502385794,0,26,26,26,15,-36.0965502385794
01-Aug-2026 00:52:06,-143.413680390561,-35.9805906572262,0,26,26,26,15,-35.9805906572262
01-Aug-2026 00:52:08,-143.243002669253,-35.8099129359177,0,26,26,26,15,-35.8099129359177
01-Aug-2026 00:52:10,-142.796151035952,-35.3630613026169,0,26,26,26,15,-35.3630613026169
01-Aug-2026 00:52:12,-142.246102873634,-34.8130131402989,0,26,26,26,14,-34.8130131402989
01-Aug-2026 00:52:14,-141.931744553376,-34.4986548200412,0,26,26,26,13,-34.4986548200412
01-Aug-2026 00:52:16,-141.937186332198,-34.504096598863,0,26,26,26,12,-34.504096598863
01-Aug-2026 00:52:18,-141.616162605247,-34.1830728719118,0,26,26,26,11,-34.1830728719118
01-Aug-2026 00:52:20,-141.443213111603,-34.0101233782675,0,26,26,26,10,-34.0101233782675
01-Aug-2026 00:52:22,-141.395722672236,-33.9626329389013,0,26,26,26,10,-33.9626329389013
01-Aug-2026 00:52:24,-140.804527722449,-33.3714379891138,0,26,26,26,12,-33.3714379891138
01-Aug-2026 00:52:26,-140.399053314985,-32.9659635816501,0,26,26,26,14,-32.9659635816501
01-Aug-2026 00:52:28,-140.059624370219,-32.6265346368837,0,26,26,26,15,-32.6265346368837
01-Aug-2026 00:52:30,-139.8629829557,-32.4298932223649,0,26,26,26,13,-32.4298932223649
01-Aug-2026 00:52:32,-139.47507544839,-32.0419857150544,0,26,26,26,11,-32.0419857150544
01-Aug-2026 00:52:34,-138.504423369597,-31.0713336362617,0,26,26,26,11,-31.0713336362617
01-Aug-2026 00:52:36,-138.100524651395,-30.6674349180594,0,26,26,26,11,-30.6674349180594
01-Aug-2026 00:52:38,-137.863717759031,-30.4306280256959,0,26,26,26,12,-30.4306280256959
01-Aug-2026 00:52:40,-137.856306052094,-30.423216318759,0,26,26,26,15,-30.423216318759
01-Aug-2026 00:52:42,-137.163273944095,-29.7301842107599,0,25,25,25,15,-29.7301842107599
01-Aug-2026 00:52:44,-136.383445695751,-28.9503559624163,0,26,26,26,16,-28.9503559624163
01-Aug-2026 00:52:46,-135.306220895784,-27.8731311624489,0,26,26,26,17,-27.8731311624489
01-Aug-2026 00:52:48,-135.035718801463,-27.6026290681277,0,26,26,26,18,-27.6026290681277
01-Aug-2026 00:52:50,-134.768786863111,-27.3356971297762,0,26,26,26,17,-27.3356971297762
01-Aug-2026 00:52:52,-134.778874625522,-27.3457848921873,0,26,26,26,18,-27.3457848921873
01-Aug-2026 00:52:54,-134.184730709974,-26.7516409766389,0,26,26,26,17,-26.7516409766389
01-Aug-2026 00:52:56,-134.268538043583,-26.8354483102475,0,26,26,26,16,-26.8354483102475
01-Aug-2026 00:52:58,-134.189918117537,-26.7568283842015,0,28,28,28,16,-26.7568283842015
01-Aug-2026 00:53:00,-134.135610942598,-26.702521209263,0,28,28,28,16,-26.702521209263
01-Aug-2026 00:53:02,-133.700936703092,-26.2678469697567,0,28,28,28,15,-26.4640724461193
01-Aug-2026 00:53:04,-134.151943225557,-26.7188534922215,0,29,29,29,16,-26.8930753416146
01-Aug-2026 00:53:06,-144.011138250981,-36.5780485176463,0,29,29,29,16,-37.8860740360937
01-Aug-2026 00:53:08,-144.017255094549,-36.5841653612142,0,29,29,29,18,-36.5841653612142
01-Aug-2026 00:53:10,-144.296103462867,-36.8630137295313,0,29,29,29,18,-36.8630137295313
01-Aug-2026 00:53:12,-144.376583498295,-36.94349376496,0,29,29,29,17,-36.94349376496
01-Aug-2026 00:53:14,-144.770302685974,-37.3372129526386,0,29,29,29,16,-37.3372129526386
01-Aug-2026 00:53:16,-144.071891959183,-36.6388022258476,0,29,29,29,15,-36.6388022258476
01-Aug-2026 00:53:18,-144.19820725608,-36.7651175227447,0,29,29,29,15,-36.7651175227447
01-Aug-2026 00:53:20,-145.335128631226,-37.9020388978906,0,29,29,29,14,-37.9020388978906
01-Aug-2026 00:53:22,-145.216590281008,-37.7835005476729,0,29,29,29,15,-37.7835005476729
01-Aug-2026 00:53:24,-145.037739158527,-37.6046494251919,0,29,29,29,14,-37.6046494251919
01-Aug-2026 00:53:26,-145.463025235828,-38.0299355024924,0,28,28,28,13,-38.0299355024924
01-Aug-2026 00:53:28,-145.43279844236,-37.9997087090248,0,28,28,28,12,-37.9997087090248
01-Aug-2026 00:53:30,-145.16158001717,-37.728490283835,0,27,27,27,11,-37.728490283835
01-Aug-2026 00:53:32,-145.348163108429,-37.9150733750938,0,27,27,27,9,-37.9150733750938
01-Aug-2026 00:53:34,-145.381741483054,-37.9486517497186,0,28,28,28,11,-37.9486517497186
01-Aug-2026 00:53:36,-145.880414427274,-38.4473246939385,0,28,28,28,12,-38.4473246939385
01-Aug-2026 00:53:38,-146.053321908702,-38.6202321753669,0,28,28,28,13,-38.6202321753669
01-Aug-2026 00:53:40,-145.342352805882,-37.909263072547,0,28,28,28,13,-37.909263072547
01-Aug-2026 00:53:42,-145.361369791359,-37.9282800580241,0,28,28,28,13,-37.9282800580241
01-Aug-2026 00:53:44,-145.716720366285,-38.2836306329503,0,27,27,27,13,-38.2836306329503
01-Aug-2026 00:53:46,-145.664687022085,-38.2315972887495,0,26,26,26,10,-38.2315972887495
01-Aug-2026 00:53:48,-146.341821800741,-38.9087320674055,0,26,26,26,11,-38.9087320674055
01-Aug-2026 00:53:50,-146.345228995726,-38.9121392623907,0,26,26,26,11,-38.9121392623907
01-Aug-2026 00:53:52,-147.494290158795,-40.0612004254594,0,26,26,26,13,-40.0612004254594
01-Aug-2026 00:53:54,-147.483388702129,-40.0502989687934,0,26,26,26,12,-40.0502989687934
01-Aug-2026 00:53:56,-147.601078907043,-40.1679891737076,0,26,26,26,14,-40.1679891737076
01-Aug-2026 00:53:58,-140.433106801486,-33.0000170681509,0,26,26,26,14,-33.0000170681509
01-Aug-2026 00:54:00,-140.018783873212,-32.585694139877,0,26,26,26,12,-32.585694139877
01-Aug-2026 00:54:02,-140.451702584074,-33.0186128507392,0,26,26,26,11,-33.0186128507392
01-Aug-2026 00:54:04,-140.17303272832,-32.7399429949845,0,26,26,26,13,-32.7399429949845
01-Aug-2026 00:54:06,-139.549503524246,-32.1164137909108,0,26,26,26,13,-32.1164137909108
01-Aug-2026 00:54:08,-139.165503733727,-31.7324140003919,0,26,26,26,10,-31.7324140003919
01-Aug-2026 00:54:10,-139.501062720404,-32.067972987069,0,26,26,26,11,-32.067972987069
01-Aug-2026 00:54:12,-139.320351730737,-31.8872619974014,0,26,26,26,12,-31.8872619974014
01-Aug-2026 00:54:14,-138.709671209555,-31.2765814762201,0,26,26,26,12,-31.2765814762201
01-Aug-2026 00:54:16,-138.929115945495,-31.4960262121593,0,25,25,25,11,-31.4960262121593
01-Aug-2026 00:54:18,-138.458387157141,-31.0252974238054,0,25,25,25,13,-31.0252974238054
01-Aug-2026 00:54:20,-138.217186714107,-30.7840969807714,0,25,25,25,13,-30.7840969807714
01-Aug-2026 00:54:22,-138.747009409993,-31.313919676658,0,25,25,25,12,-31.313919676658
01-Aug-2026 00:54:24,-138.717152597425,-31.2840628640894,0,25,25,25,11,-31.2840628640894
01-Aug-2026 00:54:26,-139.420404428006,-31.9873146946707,0,25,25,25,10,-31.9873146946707
01-Aug-2026 00:54:28,-140.044407104435,-32.6113173711002,0,25,25,25,11,-32.6113173711002
01-Aug-2026 00:54:30,-140.582864818302,-33.149775084967,0,25,25,25,11,-33.149775084967
01-Aug-2026 00:54:32,-153.744708782399,-46.3116190490642,0,24,24,24,10,-46.3116190490642
01-Aug-2026 00:54:34,-153.563216146717,-46.1301264133818,0,24,24,24,10,-46.1301264133818
01-Aug-2026 00:54:36,-154.718512030973,-47.2854222976373,0,24,24,24,10,-47.2854222976373
01-Aug-2026 00:54:38,-154.834389317678,-47.4012995843426,0,24,24,24,12,-47.4012995843426
01-Aug-2026 00:54:40,-154.909409857842,-47.4763201245069,0,24,24,24,11,-47.4763201245069
01-Aug-2026 00:54:42,-154.41875481657,-46.9856650832349,0,24,24,24,12,-46.9856650832349
01-Aug-2026 00:54:44,-162.470370774054,-55.0372810407184,0,24,24,24,12,-55.0372810407184
01-Aug-2026 00:54:46,-163.741739461134,-56.3086497277991,0,24,24,24,12,-56.3086497277991
01-Aug-2026 00:54:48,-159.283729288525,-51.85063955519,0,24,24,24,15,-51.85063955519
01-Aug-2026 00:54:50,-158.992530978851,-51.5594412455154,0,24,24,24,14,-51.5594412455154
01-Aug-2026 00:54:52,-159.025748802809,-51.5926590694738,0,24,24,24,13,-51.5926590694738
01-Aug-2026 00:54:54,-158.508323184315,-51.0752334509797,0,25,25,25,13,-51.0752334509797
01-Aug-2026 00:54:56,-158.61573835868,-51.1826486253446,0,25,25,25,12,-51.1826486253446
01-Aug-2026 00:54:58,-160.461096903457,-53.0280071701221,0,25,25,25,9,-53.0280071701221
01-Aug-2026 00:55:00,-160.547008388208,-53.1139186548733,0,25,25,25,10,-53.1139186548733
01-Aug-2026 00:55:02,-160.028089081776,-52.5949993484408,0,25,25,25,11,-52.5949993484408
01-Aug-2026 00:55:04,-160.312463364152,-52.8793736308166,0,25,25,25,11,-52.8793736308166
01-Aug-2026 00:55:06,-167.40744318168,-59.9743534483447,0,25,25,25,12,-59.9743534483447
01-Aug-2026 00:55:08,-168.274838263855,-60.8417485305203,0,25,25,25,12,-60.8417485305203
01-Aug-2026 00:55:10,-168.156797020436,-60.7237072871013,0,24,24,24,11,-60.7237072871013
01-Aug-2026 00:55:12,-168.190922190755,-60.75783245742,0,25,25,25,9,-60.75783245742
01-Aug-2026 00:55:14,-169.123556628609,-61.6904668952737,0,25,25,25,6,-61.6904668952737
01-Aug-2026 00:55:16,-169.595206228733,-62.1621164953981,0,25,25,25,7,-62.1621164953981
01-Aug-2026 00:55:18,-149.644950648446,-42.211860915111,0,26,26,26,8,-42.211860915111
01-Aug-2026 00:55:20,-149.264792565356,-41.8317028320206,0,26,26,26,7,-41.8317028320206
01-Aug-2026 00:55:22,-148.996362467532,-41.5632727341963,0,25,25,25,6,-41.5632727341963
01-Aug-2026 00:55:24,-148.92225538081,-41.4891656474746,0,25,25,25,7,-41.4891656474746
01-Aug-2026 00:55:26,-148.533319494394,-41.1002297610589,0,25,25,25,6,-41.1002297610589
01-Aug-2026 00:55:28,-148.442094484707,-41.0090047513715,0,25,25,25,8,-41.0090047513715
01-Aug-2026 00:55:30,-148.022025670819,-40.5889359374837,0,26,26,26,10,-40.5889359374837
01-Aug-2026 00:55:32,-147.702391927844,-40.2693021945093,0,25,25,25,9,-40.2693021945093
01-Aug-2026 00:55:34,-148.036553095393,-40.6034633620581,0,25,25,25,9,-40.6034633620581
01-Aug-2026 00:55:36,-147.788055932554,-40.354966199219,0,25,25,25,9,-40.354966199219
01-Aug-2026 00:55:38,-147.620102855591,-40.1870131222561,0,25,25,25,10,-40.1870131222561
01-Aug-2026 00:55:40,-147.442122268251,-40.0090325349159,0,25,25,25,10,-40.0090325349159
01-Aug-2026 00:55:42,-147.571708891448,-40.1386191581125,0,25,25,25,10,-40.1386191581125
01-Aug-2026 00:55:44,-147.510220600578,-40.0771308672429,0,26,26,26,12,-40.0771308672429
01-Aug-2026 00:55:46,-147.211433725033,-39.7783439916974,0,26,26,26,13,-39.7783439916974
01-Aug-2026 00:55:48,-147.160556190676,-39.727466457341,0,25,25,25,10,-39.727466457341
01-Aug-2026 00:55:50,-144.420933099079,-36.9878433657441,0,25,25,25,11,-36.9878433657441
01-Aug-2026 00:55:52,-144.198296381043,-36.7652066477078,0,25,25,25,12,-36.7652066477078
01-Aug-2026 00:55:54,-146.600407046479,-39.1673173131435,0,25,25,25,12,-39.1673173131435
01-Aug-2026 00:55:56,-146.381083838159,-38.9479941048239,0,25,25,25,12,-38.9479941048239
01-Aug-2026 00:55:58,-153.215284132402,-45.7821943990665,0,25,25,25,10,-45.7821943990665
01-Aug-2026 00:56:00,-175.957595894199,-68.5245061608634,0,25,25,25,10,-68.5245061608634
01-Aug-2026 00:56:02,-178.316880887821,-70.8837911544862,0,25,25,25,8,-70.8837911544862
01-Aug-2026 00:56:04,-178.895961089391,-71.4628713560558,0,25,25,25,7,-71.4628713560558
01-Aug-2026 00:56:06,-150.189495336759,-42.7564056034236,0,26,26,26,10,-42.7564056034236
01-Aug-2026 00:56:08,-149.916864081894,-42.4837743485593,0,26,26,26,9,-42.4837743485593
01-Aug-2026 00:56:10,-149.937147038765,-42.5040573054297,0,26,26,26,10,-42.5040573054297
01-Aug-2026 00:56:12,-149.525039674347,-42.0919499410119,0,26,26,26,10,-42.0919499410119
01-Aug-2026 00:56:14,-169.861634351312,-62.4285446179767,0,26,26,26,10,-62.4285446179767
01-Aug-2026 00:56:16,-169.976438558946,-62.5433488256107,0,26,26,26,10,-62.5433488256107
01-Aug-2026 00:56:18,-170.298694890958,-62.8656051576232,0,26,26,26,9,-62.8656051576232
01-Aug-2026 00:56:20,-169.858956613315,-62.4258668799795,0,26,26,26,10,-62.4258668799795
01-Aug-2026 00:56:22,-170.551205367356,-63.1181156340213,0,26,26,26,10,-63.1181156340213
01-Aug-2026 00:56:24,-170.840759459585,-63.40766972625,0,26,26,26,9,-63.40766972625
01-Aug-2026 00:56:26,-170.519233356298,-63.0861436229631,0,26,26,26,10,-63.0861436229631
01-Aug-2026 00:56:28,-170.461175003189,-63.0280852698542,0,27,27,27,12,-63.0280852698542
01-Aug-2026 00:56:30,-163.990813996596,-56.5577242632612,0,27,27,27,13,-56.5577242632612
01-Aug-2026 00:56:32,-164.178527801151,-56.7454380678157,0,27,27,27,12,-56.7454380678157
01-Aug-2026 00:56:34,-164.28461580795,-56.8515260746145,0,27,27,27,11,-56.8515260746145
01-Aug-2026 00:56:36,-164.09344883707,-56.6603591037348,0,27,27,27,12,-56.6603591037348
01-Aug-2026 00:56:38,-164.011851324896,-56.5787615915612,0,26,26,26,13,-56.5787615915612
01-Aug-2026 00:56:40,-164.1118122872,-56.6787225538645,0,26,26,26,14,-56.6787225538645
01-Aug-2026 00:56:42,-160.935914896921,-53.5028251635859,0,26,26,26,13,-53.5028251635859
01-Aug-2026 00:56:44,-147.967105863237,-40.5340161299023,0,26,26,26,14,-40.5340161299023
01-Aug-2026 00:56:46,-147.885760565713,-40.4526708323776,0,26,26,26,13,-40.4526708323776
01-Aug-2026 00:56:48,-146.631971281671,-39.1988815483354,0,27,27,27,16,-39.1988815483354
01-Aug-2026 00:56:50,-146.848542636813,-39.4154529034782,0,28,28,28,18,-39.4154529034782
01-Aug-2026 00:56:52,-146.525051049065,-39.0919613157302,0,28,28,28,16,-39.0919613157302
01-Aug-2026 00:56:54,-147.181685780272,-39.7485960469366,0,27,27,27,13,-39.7485960469366
01-Aug-2026 00:56:56,-163.109590457181,-55.6765007238457,0,27,27,27,14,-55.6765007238457
01-Aug-2026 00:56:58,-163.09776323195,-55.664673498615,0,28,28,28,14,-55.664673498615
01-Aug-2026 00:57:00,-162.562865986177,-55.1297762528413,0,28,28,28,16,-55.1297762528413
01-Aug-2026 00:57:02,-162.227666784878,-54.794577051543,0,28,28,28,15,-54.794577051543
01-Aug-2026 00:57:04,-153.754596058303,-46.3215063249677,0,28,28,28,16,-46.3215063249677
01-Aug-2026 00:57:06,-145.237319569759,-37.8042298364239,0,28,28,28,15,-37.8042298364239
01-Aug-2026 00:57:08,-153.930646803563,-46.4975570702278,0,29,29,29,15,-46.4975570702278
01-Aug-2026 00:57:10,-153.917824730061,-46.484734996726,0,29,29,29,15,-46.484734996726
01-Aug-2026 00:57:12,-153.581270860066,-46.1481811267308,0,29,29,29,15,-46.1481811267308
01-Aug-2026 00:57:14,-153.127403715041,-45.6943139817058,0,29,29,29,14,-45.6943139817058
01-Aug-2026 00:57:16,-152.619559878468,-45.1864701451325,0,29,29,29,11,-45.1864701451325
01-Aug-2026 00:57:18,-140.64167348784,-33.2085837545049,0,28,28,28,12,-33.2085837545049
01-Aug-2026 00:57:20,-141.319840955984,-33.8867512226493,0,27,27,27,12,-33.8867512226493
01-Aug-2026 00:57:22,-141.956994343631,-34.5239046102957,0,27,27,27,12,-34.5239046102957
01-Aug-2026 00:57:24,-142.421747105523,-34.9886573721878,0,28,28,28,14,-34.9886573721878
01-Aug-2026 00:57:26,-143.140377835848,-35.7072881025127,0,28,28,28,14,-35.7072881025127
01-Aug-2026 00:57:28,-143.760112289606,-36.3270225562705,0,28,28,28,15,-36.3270225562705
01-Aug-2026 00:57:30,-144.070482413561,-36.6373926802263,0,28,28,28,15,-36.6373926802263
01-Aug-2026 00:57:32,-144.614901234326,-37.1818115009907,0,28,28,28,14,-37.1818115009907
01-Aug-2026 00:57:34,-144.897021591469,-37.4639318581338,0,26,26,26,13,-37.4639318581338
01-Aug-2026 00:57:36,-140.792725906268,-33.3596361729324,0,26,26,26,13,-33.3596361729324
01-Aug-2026 00:57:38,-140.556519373803,-33.1234296404674,0,26,26,26,15,-33.1234296404674
01-Aug-2026 00:57:40,-140.607382416822,-33.1742926834864,0,26,26,26,14,-33.1742926834864
01-Aug-2026 00:57:42,-140.540158240484,-33.1070685071487,0,26,26,26,15,-33.1070685071487
01-Aug-2026 00:57:44,-140.636856159879,-33.2037664265434,0,26,26,26,15,-33.2037664265434
01-Aug-2026 00:57:46,-144.587213984045,-37.1541242507096,0,26,26,26,15,-37.1541242507096
01-Aug-2026 00:57:48,-144.313563239128,-36.8804735057932,0,26,26,26,15,-36.8804735057932
01-Aug-2026 00:57:50,-145.961900754836,-38.528811021501,0,26,26,26,14,-38.528811021501
01-Aug-2026 00:57:52,-145.88034201926,-38.4472522859247,0,26,26,26,15,-38.4472522859247
01-Aug-2026 00:57:54,-144.547359687536,-37.1142699542006,0,26,26,26,14,-37.1142699542006
01-Aug-2026 00:57:56,-141.891115946464,-34.4580262131292,0,26,26,26,15,-34.4580262131292
01-Aug-2026 00:57:58,-139.342794102283,-31.9097043689483,0,26,26,26,13,-31.9097043689483
01-Aug-2026 00:58:00,-136.881132781439,-29.4480430481042,0,26,26,26,12,-29.4480430481042
01-Aug-2026 00:58:02,-133.932203612292,-26.4991138789565,0,26,26,26,13,-26.4991138789565
01-Aug-2026 00:58:04,-130.964682237693,-23.5315925043575,0,26,26,26,14,-23.5315925043575
01-Aug-2026 00:58:06,-129.672562105914,-22.2394723725793,0,26,26,26,15,-22.2394723725793
01-Aug-2026 00:58:08,-130.544992756539,-23.1119030232041,0,26,26,26,16,-23.1119030232041
01-Aug-2026 00:58:10,-133.553075845779,-26.1199861124435,0,25,25,25,14,-26.1199861124435
01-Aug-2026 00:58:12,-136.913692188476,-29.4806024551405,0,25,25,25,14,-29.4806024551405
01-Aug-2026 00:58:14,-141.759592544227,-34.3265028108918,0,25,25,25,13,-34.3265028108918
01-Aug-2026 00:58:16,-145.68936573871,-38.2562760053753,0,25,25,25,15,-38.2562760053753
01-Aug-2026 00:58:18,-159.617110018071,-52.1840202847356,0,24,24,24,13,-52.1840202847356
01-Aug-2026 00:58:20,-158.080558107235,-50.6474683739,0,24,24,24,13,-50.6474683739
01-Aug-2026 00:58:22,-157.890917633783,-50.457827900448,0,24,24,24,13,-50.457827900448
01-Aug-2026 00:58:24,-157.908864971359,-50.4757752380241,0,24,24,24,14,-50.4757752380241
01-Aug-2026 00:58:26,-153.974185939595,-46.5410962062603,0,24,24,24,14,-46.5410962062603
01-Aug-2026 00:58:28,-154.027367116381,-46.5942773830454,0,24,24,24,15,-46.5942773830454
01-Aug-2026 00:58:30,-153.970519005683,-46.5374292723475,0,24,24,24,16,-46.5374292723475
01-Aug-2026 00:58:32,-153.714732954708,-46.2816432213723,0,24,24,24,17,-46.2816432213723
01-Aug-2026 00:58:34,-154.215801760982,-46.7827120276465,0,24,24,24,16,-46.7827120276465
01-Aug-2026 00:58:36,-154.212578843007,-46.779489109672,0,24,24,24,15,-46.779489109672
01-Aug-2026 00:58:38,-154.447592616398,-47.0145028830625,0,24,24,24,15,-47.0145028830625
01-Aug-2026 00:58:40,-154.645928841964,-47.2128391086288,0,24,24,24,14,-47.2128391086288
01-Aug-2026 00:58:42,-154.550806288675,-47.1177165553395,0,25,25,25,16,-47.1177165553395
01-Aug-2026 00:58:44,-156.693931058282,-49.2608413249468,0,25,25,25,16,-49.2608413249468
01-Aug-2026 00:58:46,-156.831338296616,-49.398248563281,0,25,25,25,18,-49.398248563281
01-Aug-2026 00:58:48,-156.867106408922,-49.4340166755869,0,25,25,25,17,-49.4340166755869
01-Aug-2026 00:58:50,-155.384298520542,-47.9512087872072,0,25,25,25,16,-47.9512087872072
01-Aug-2026 00:58:52,-152.38456789725,-44.9514781639153,0,25,25,25,15,-44.9514781639153
01-Aug-2026 00:58:54,-153.230558545033,-45.7974688116974,0,25,25,25,14,-45.7974688116974
01-Aug-2026 00:58:56,-153.66754212989,-46.2344523965546,0,24,24,24,14,-46.2344523965546
01-Aug-2026 00:58:58,-154.052110804557,-46.6190210712217,0,24,24,24,15,-46.6190210712217
01-Aug-2026 00:59:00,-154.066931862377,-46.6338421290416,0,23,23,23,13,-46.6338421290416
01-Aug-2026 00:59:02,-153.76932260604,-46.336232872705,0,23,23,23,13,-46.336232872705
01-Aug-2026 00:59:04,-154.09097501637,-46.6578852830347,0,24,24,24,14,-46.6578852830347
01-Aug-2026 00:59:06,-154.293983022423,-46.8608932890874,0,25,25,25,13,-46.8608932890874
01-Aug-2026 00:59:08,-154.391323003302,-46.9582332699671,0,25,25,25,13,-46.9582332699671
01-Aug-2026 00:59:10,-154.18401720243,-46.7509274690948,0,25,25,25,14,-46.7509274690948
01-Aug-2026 00:59:12,-154.500900382011,-47.0678106486753,0,24,24,24,14,-47.0678106486753
01-Aug-2026 00:59:14,-154.427447129569,-46.9943573962339,0,24,24,24,13,-46.9943573962339
01-Aug-2026 00:59:16,-154.070389795474,-46.6373000621388,0,24,24,24,13,-46.6373000621388
01-Aug-2026 00:59:18,-154.151129285784,-46.718039552449,0,24,24,24,13,-46.718039552449
01-Aug-2026 00:59:20,-154.049568761917,-46.6164790285814,0,25,25,25,15,-46.6164790285814
01-Aug-2026 00:59:22,-154.63093085477,-47.1978411214351,0,25,25,25,15,-47.1978411214351
01-Aug-2026 00:59:24,-154.645512526345,-47.2124227930095,0,25,25,25,14,-47.2124227930095
01-Aug-2026 00:59:26,-154.536181234108,-47.103091500773,0,25,25,25,14,-47.103091500773
01-Aug-2026 00:59:28,-162.310517575776,-54.8774278424407,0,25,25,25,14,-54.8774278424407
01-Aug-2026 00:59:30,-162.518140086876,-55.0850503535406,0,26,26,26,14,-55.0850503535406
01-Aug-2026 00:59:32,-163.303060992347,-55.869971259012,0,26,26,26,13,-55.869971259012
01-Aug-2026 00:59:34,-163.837236975285,-56.40414724195,0,26,26,26,13,-56.40414724195
01-Aug-2026 00:59:36,-163.604311432063,-56.1712216987274,0,26,26,26,13,-56.1712216987274
01-Aug-2026 00:59:38,-163.303333506995,-55.8702437736594,0,26,26,26,15,-55.8702437736594
01-Aug-2026 00:59:40,-162.839022991065,-55.4059332577294,0,25,25,25,15,-55.4059332577294
01-Aug-2026 00:59:42,-162.898424543158,-55.4653348098227,0,25,25,25,14,-55.4653348098227
01-Aug-2026 00:59:44,-162.610429323622,-55.1773395902864,0,25,25,25,14,-55.1773395902864
01-Aug-2026 00:59:46,-156.121639577202,-48.6885498438668,0,25,25,25,15,-48.6885498438668
01-Aug-2026 00:59:48,-155.571404291762,-48.1383145584269,0,25,25,25,15,-48.1383145584269
01-Aug-2026 00:59:50,-152.62587693321,-45.1927871998751,0,25,25,25,15,-45.1927871998751
01-Aug-2026 00:59:52,-154.966451213276,-47.5333614799413,0,25,25,25,13,-47.5333614799413
01-Aug-2026 00:59:54,-154.683171573881,-47.250081840546,0,25,25,25,11,-47.250081840546
01-Aug-2026 00:59:56,-153.927510965381,-46.4944212320454,0,25,25,25,9,-46.4944212320454
01-Aug-2026 00:59:58,-153.881407215751,-46.4483174824155,0,25,25,25,9,-46.4483174824155
01-Aug-2026 01:00:00,-153.833803697599,-46.4007139642642,0,25,25,25,9,-46.4007139642642
01-Aug-2026 01:00:02,-153.494165071516,-46.0610753381805,0,25,25,25,10,-46.0610753381805
01-Aug-2026 01:00:04,-153.078341389565,-45.6452516562298,0,25,25,25,10,-45.6452516562298
01-Aug-2026 01:00:06,-152.665758917987,-45.232669184652,0,25,25,25,10,-45.232669184652
01-Aug-2026 01:00:08,-152.156243716757,-44.7231539834222,0,25,25,25,10,-44.7231539834222
01-Aug-2026 01:00:10,-151.959683671666,-44.5265939383313,0,25,25,25,9,-44.5265939383313
01-Aug-2026 01:00:12,-151.575681974382,-44.1425922410471,0,26,26,26,9,-44.1425922410471
01-Aug-2026 01:00:14,-151.035168944608,-43.6020792112733,0,26,26,26,11,-43.6020792112733
01-Aug-2026 01:00:16,-150.579684584059,-43.1465948507239,0,26,26,26,10,-43.1465948507239
01-Aug-2026 01:00:18,-150.943906170867,-43.5108164375318,0,26,26,26,10,-43.5108164375318
01-Aug-2026 01:00:20,-149.952868073837,-42.5197783405016,0,26,26,26,11,-42.5197783405016
01-Aug-2026 01:00:22,-149.554753350008,-42.1216636166729,0,26,26,26,12,-42.1216636166729
01-Aug-2026 01:00:24,-149.805073829035,-42.3719840956993,0,26,26,26,12,-42.3719840956993
01-Aug-2026 01:00:26,-149.270014795812,-41.8369250624764,0,26,26,26,12,-41.8369250624764
01-Aug-2026 01:00:28,-149.554936453554,-42.1218467202191,0,26,26,26,13,-42.1218467202191
01-Aug-2026 01:00:30,-149.21944393213,-41.7863541987946,0,26,26,26,13,-41.7863541987946
01-Aug-2026 01:00:32,-149.179937982916,-41.7468482495809,0,26,26,26,16,-41.7468482495809
01-Aug-2026 01:00:34,-139.75929395412,-32.3262042207848,0,25,25,25,15,-32.3262042207848
01-Aug-2026 01:00:36,-139.932578783148,-32.4994890498126,0,25,25,25,15,-32.4994890498126
01-Aug-2026 01:00:38,-140.129950647172,-32.6968609138364,0,25,25,25,15,-32.6968609138364
01-Aug-2026 01:00:40,-139.7101665769,-32.2770768435644,0,26,26,26,17,-32.2770768435644
01-Aug-2026 01:00:42,-140.136459901371,-32.7033701680363,0,26,26,26,16,-32.7033701680363
01-Aug-2026 01:00:44,-155.698662599672,-48.2655728663371,0,27,27,27,16,-48.2655728663371
01-Aug-2026 01:00:46,-155.307510428894,-47.8744206955585,0,27,27,27,15,-47.8744206955585
01-Aug-2026 01:00:48,-154.824602456661,-47.3915127233262,0,27,27,27,16,-47.3915127233262
01-Aug-2026 01:00:50,-149.930122401446,-42.4970326681109,0,27,27,27,16,-42.4970326681109
01-Aug-2026 01:00:52,-149.165847128566,-41.7327573952311,0,27,27,27,17,-41.7327573952311
01-Aug-2026 01:00:54,-148.706212349093,-41.2731226157575,0,28,28,28,18,-41.2731226157575
01-Aug-2026 01:00:56,-149.656549796625,-42.2234600632899,0,28,28,28,18,-42.2234600632899
01-Aug-2026 01:00:58,-138.533474046091,-31.100384312756,0,28,28,28,20,-31.100384312756
01-Aug-2026 01:01:00,-139.876872833049,-32.4437830997135,0,29,29,29,20,-32.4437830997135
01-Aug-2026 01:01:02,-141.043564109493,-33.6104743761578,0,29,29,29,20,-33.6104743761578
01-Aug-2026 01:01:04,-142.005206254433,-34.5721165210979,0,29,29,29,18,-34.5721165210979
01-Aug-2026 01:01:06,-141.945466980161,-34.5123772468256,0,29,29,29,16,-34.5123772468256
01-Aug-2026 01:01:08,-142.107271495213,-34.6741817618779,0,28,28,28,17,-33.5224419163478
01-Aug-2026 01:01:10,-141.453093466889,-34.0200037335542,0,27,27,27,16,-33.2783698211308
01-Aug-2026 01:01:12,-141.561447938594,-34.1283582052591,0,27,27,27,14,-32.1338276282206
01-Aug-2026 01:01:14,-141.830453592456,-34.3973638591208,0,28,28,28,15,-30.2463266451881
01-Aug-2026 01:01:16,-141.806425618711,-34.373335885376,0,28,28,28,16,-27.6586489542798
01-Aug-2026 01:01:18,-142.156345364444,-34.7232556311089,0,28,28,28,16,-25.4289926723468
01-Aug-2026 01:01:20,-142.596376522216,-35.163286788881,0,28,28,28,15,-23.3952568258083
01-Aug-2026 01:01:22,-142.840277003172,-35.4071872698365,0,26,26,26,15,-21.0823129976773
01-Aug-2026 01:01:24,-142.967048922367,-35.5339591890321,0,26,26,26,15,-19.0340992216064
01-Aug-2026 01:01:26,-143.593827344736,-36.1607376114012,0,26,26,26,17,-17.8389468007279
01-Aug-2026 01:01:28,-143.587300786504,-36.154211053169,0,26,26,26,17,-16.4015513436987
01-Aug-2026 01:01:30,-143.280428822638,-35.8473390893032,0,26,26,26,17,-15.3971209945967
01-Aug-2026 01:01:32,-143.967599201373,-36.5345094680376,0,26,26,26,16,-16.4460063910769
01-Aug-2026 01:01:34,-144.420330834656,-36.9872411013209,0,26,26,26,16,-17.7509112944335
01-Aug-2026 01:01:36,-144.461632526979,-37.0285427936434,0,26,26,26,16,-19.2358190996209
01-Aug-2026 01:01:38,-144.963821488116,-37.530731754781,0,26,26,26,17,-21.7330978735799
01-Aug-2026 01:01:40,-150.505040642019,-43.0719509086837,0,26,26,26,16,-43.0719509086837
01-Aug-2026 01:01:42,-150.902378620489,-43.4692888871541,0,26,26,26,16,-43.4692888871541
01-Aug-2026 01:01:44,-150.919093213711,-43.4860034803759,0,26,26,26,16,-43.4860034803759
01-Aug-2026 01:01:46,-143.029233018996,-35.5961432856606,0,26,26,26,17,-35.5961432856606
01-Aug-2026 01:01:48,-142.728735021353,-35.2956452880175,0,26,26,26,18,-35.2956452880175
01-Aug-2026 01:01:50,-143.101666060893,-35.6685763275582,0,26,26,26,18,-35.6685763275582
01-Aug-2026 01:01:52,-143.363638422421,-35.9305486890856,0,26,26,26,18,-35.9305486890856
01-Aug-2026 01:01:54,-143.603782611514,-36.1706928781791,0,26,26,26,16,-36.1706928781791
01-Aug-2026 01:01:56,-143.825658213111,-36.3925684797762,0,26,26,26,15,-36.3925684797762
01-Aug-2026 01:01:58,-143.542857514071,-36.1097677807362,0,26,26,26,15,-36.1097677807362
01-Aug-2026 01:02:00,-143.196511114385,-35.7634213810503,0,26,26,26,16,-35.7634213810503
01-Aug-2026 01:02:02,-143.326526838391,-35.8934371050557,0,26,26,26,16,-35.8934371050557
01-Aug-2026 01:02:04,-152.951464714095,-45.5183749807602,0,24,24,24,13,-45.5183749807602
01-Aug-2026 01:02:06,-153.070943086155,-45.6378533528193,0,23,23,23,12,-45.6378533528193
01-Aug-2026 01:02:08,-153.031551745399,-45.598462012064,0,23,23,23,12,-45.598462012064
01-Aug-2026 01:02:10,-152.988301622057,-45.5552118887214,0,23,23,23,13,-45.5552118887214
01-Aug-2026 01:02:12,-153.040336932954,-45.6072471996192,0,23,23,23,13,-45.6072471996192
01-Aug-2026 01:02:14,-149.112950516612,-41.6798607832768,0,23,23,23,12,-41.6798607832768
01-Aug-2026 01:02:16,-152.239751889436,-44.8066621561006,0,23,23,23,12,-44.8066621561006
01-Aug-2026 01:02:18,-152.325179825226,-44.8920900918905,0,23,23,23,12,-44.8920900918905
01-Aug-2026 01:02:20,-154.003259533137,-46.5701697998014,0,23,23,23,11,-46.5701697998014
01-Aug-2026 01:02:22,-151.198642718284,-43.7655529849485,0,23,23,23,11,-43.7655529849485
01-Aug-2026 01:02:24,-151.181357801775,-43.7482680684393,0,23,23,23,11,-43.7482680684393
01-Aug-2026 01:02:26,-151.10784038116,-43.6747506478248,0,23,23,23,11,-43.6747506478248
01-Aug-2026 01:02:28,-151.314151812523,-43.8810620791879,0,24,24,24,12,-43.8810620791879
01-Aug-2026 01:02:30,-154.402162015132,-46.9690722817971,0,24,24,24,9,-46.9690722817971
01-Aug-2026 01:02:32,-154.854394365868,-47.4213046325325,0,24,24,24,8,-47.4213046325325
01-Aug-2026 01:02:34,-154.945907121133,-47.5128173877974,0,24,24,24,8,-47.5128173877974
01-Aug-2026 01:02:36,-154.377226331118,-46.9441365977829,0,24,24,24,8,-46.9441365977829
01-Aug-2026 01:02:38,-151.707977754896,-44.2748880215604,0,24,24,24,10,-44.2748880215604
01-Aug-2026 01:02:40,-151.737692263614,-44.3046025302791,0,24,24,24,11,-44.3046025302791
01-Aug-2026 01:02:42,-151.187354943836,-43.7542652105007,0,24,24,24,12,-43.7542652105007
01-Aug-2026 01:02:44,-151.105107694087,-43.6720179607513,0,24,24,24,11,-43.6720179607513
01-Aug-2026 01:02:46,-151.15809061314,-43.7250008798046,0,24,24,24,11,-43.7250008798046
01-Aug-2026 01:02:48,-152.486273935389,-45.053184202054,0,23,23,23,9,-45.053184202054
01-Aug-2026 01:02:50,-150.77517087106,-43.3420811377251,0,23,23,23,12,-43.3420811377251
01-Aug-2026 01:02:52,-150.21716953269,-42.784079799355,0,23,23,23,13,-42.784079799355
01-Aug-2026 01:02:54,-150.010072788246,-42.5769830549104,0,24,24,24,12,-42.5769830549104
01-Aug-2026 01:02:56,-149.451967402321,-42.0188776689854,0,25,25,25,14,-42.0188776689854
01-Aug-2026 01:02:58,-147.617076116596,-40.1839863832609,0,25,25,25,16,-40.1839863832609
01-Aug-2026 01:03:00,-146.758460090406,-39.325370357071,0,25,25,25,15,-39.325370357071
01-Aug-2026 01:03:02,-145.503978901065,-38.0708891677301,0,25,25,25,13,-38.0708891677301
01-Aug-2026 01:03:04,-144.387022864672,-36.9539331313372,0,24,24,24,12,-36.9539331313372
01-Aug-2026 01:03:06,-143.225582981402,-35.7924932480668,0,24,24,24,13,-35.7924932480668
01-Aug-2026 01:03:08,-141.643466402987,-34.2103766696522,0,24,24,24,12,-34.2103766696522
01-Aug-2026 01:03:10,-140.228530344466,-32.7954406111305,0,24,24,24,12,-32.7954406111305
01-Aug-2026 01:03:12,-137.703828827319,-30.2707390939834,0,25,25,25,11,-30.2707390939834
01-Aug-2026 01:03:14,-136.227536711388,-28.7944469780527,0,26,26,26,12,-28.7944469780527
01-Aug-2026 01:03:16,-135.020254654271,-27.5871649209354,0,26,26,26,12,-27.5871649209354
01-Aug-2026 01:03:18,-134.679386721881,-27.2462969885458,0,26,26,26,13,-27.2462969885458
01-Aug-2026 01:03:20,-135.14452533396,-27.7114356006252,0,26,26,26,14,-27.7114356006252
01-Aug-2026 01:03:22,-135.798111570112,-28.3650218367773,0,26,26,26,13,-28.3650218367773
01-Aug-2026 01:03:24,-137.38551145173,-29.9524217183952,0,26,26,26,16,-29.9524217183952
01-Aug-2026 01:03:26,-139.028330008919,-31.5952402755837,0,26,26,26,15,-31.5952402755837
01-Aug-2026 01:03:28,-140.463494296093,-33.0304045627578,0,26,26,26,15,-33.0304045627578
01-Aug-2026 01:03:30,-142.06840424775,-34.6353145144144,0,26,26,26,16,-34.6353145144144
01-Aug-2026 01:03:32,-142.870059367868,-35.4369696345329,0,25,25,25,15,-35.4369696345329
01-Aug-2026 01:03:34,-142.999479864252,-35.5663901309171,0,25,25,25,16,-35.5663901309171
01-Aug-2026 01:03:36,-142.993516805637,-35.5604270723014,0,25,25,25,16,-35.5604270723014
01-Aug-2026 01:03:38,-145.024275888965,-37.5911861556297,0,25,25,25,15,-37.5911861556297
01-Aug-2026 01:03:40,-144.848050550965,-37.4149608176294,0,25,25,25,17,-37.4149608176294
01-Aug-2026 01:03:42,-145.507293321969,-38.074203588634,0,25,25,25,17,-38.074203588634
01-Aug-2026 01:03:44,-145.790811139047,-38.3577214057114,0,25,25,25,17,-38.3577214057114
01-Aug-2026 01:03:46,-146.319841368518,-38.8867516351824,0,25,25,25,16,-38.8867516351824
01-Aug-2026 01:03:48,-147.103601893679,-39.6705121603437,0,25,25,25,15,-39.6705121603437
01-Aug-2026 01:03:50,-147.727214046375,-40.2941243130402,0,25,25,25,15,-40.2941243130402
01-Aug-2026 01:03:52,-148.0603308167,-40.6272410833647,0,25,25,25,15,-40.6272410833647
01-Aug-2026 01:03:54,-148.080377674295,-40.6472879409597,0,25,25,25,15,-40.6472879409597
01-Aug-2026 01:03:56,-148.082983424733,-40.6498936913977,0,26,26,26,15,-40.6498936913977
01-Aug-2026 01:03:58,-147.970175624516,-40.5370858911811,0,26,26,26,15,-40.5370858911811
01-Aug-2026 01:04:00,-147.92657068255,-40.4934809492152,0,26,26,26,16,-40.4934809492152
01-Aug-2026 01:04:02,-148.442639887981,-41.009550154646,0,26,26,26,16,-41.009550154646
01-Aug-2026 01:04:04,-148.491824989775,-41.0587352564394,0,26,26,26,16,-41.0587352564394
01-Aug-2026 01:04:06,-147.273145445086,-39.8400557117509,0,26,26,26,15,-39.8400557117509
01-Aug-2026 01:04:08,-147.484847446622,-40.0517577132866,0,26,26,26,14,-40.0517577132866
01-Aug-2026 01:04:10,-147.626435047081,-40.1933453137461,0,25,25,25,12,-40.1933453137461
01-Aug-2026 01:04:12,-150.134113759354,-42.701024026019,0,25,25,25,13,-42.701024026019
01-Aug-2026 01:04:14,-149.899842980336,-42.4667532470012,0,25,25,25,14,-42.4667532470012
01-Aug-2026 01:04:16,-149.924853583235,-42.4917638498995,0,25,25,25,14,-42.4917638498995
01-Aug-2026 01:04:18,-149.754888385125,-42.3217986517899,0,25,25,25,15,-42.3217986517899
01-Aug-2026 01:04:20,-149.845012071641,-42.411922338306,0,25,25,25,15,-42.411922338306
01-Aug-2026 01:04:22,-149.961544011324,-42.5284542779889,0,25,25,25,16,-42.5284542779889
01-Aug-2026 01:04:24,-149.901893156727,-42.4688034233915,0,25,25,25,18,-42.4688034233915
01-Aug-2026 01:04:26,-149.522269441859,-42.0891797085238,0,25,25,25,17,-42.0891797085238
01-Aug-2026 01:04:28,-149.912468929184,-42.4793791958489,0,24,24,24,16,-42.4793791958489
01-Aug-2026 01:04:30,-149.923534917713,-42.4904451843775,0,25,25,25,17,-42.4904451843775
01-Aug-2026 01:04:32,-150.322235446964,-42.8891457136286,0,25,25,25,15,-42.8891457136286
01-Aug-2026 01:04:34,-150.662368539935,-43.2292788065999,0,25,25,25,15,-43.2292788065999
01-Aug-2026 01:04:36,-150.280265168986,-42.8471754356506,0,26,26,26,16,-42.8471754356506
01-Aug-2026 01:04:38,-150.579913715546,-43.146823982211,0,26,26,26,15,-43.146823982211
01-Aug-2026 01:04:40,-150.149935193481,-42.7168454601458,0,26,26,26,15,-42.7168454601458
01-Aug-2026 01:04:42,-149.707996581172,-42.2749068478372,0,26,26,26,15,-42.2749068478372
01-Aug-2026 01:04:44,-145.378238360304,-37.9451486269685,0,26,26,26,15,-37.9451486269685
01-Aug-2026 01:04:46,-145.455590769408,-38.022501036073,0,26,26,26,14,-38.022501036073
01-Aug-2026 01:04:48,-145.438574865333,-38.0054851319973,0,27,27,27,17,-38.0054851319973
01-Aug-2026 01:04:50,-145.529314330657,-38.096224597322,0,27,27,27,18,-38.096224597322
01-Aug-2026 01:04:52,-146.265561119861,-38.832471386526,0,28,28,28,18,-38.832471386526
01-Aug-2026 01:04:54,-145.916610334275,-38.4835206009395,0,28,28,28,19,-38.4835206009395
01-Aug-2026 01:04:56,-147.904461816878,-40.4713720835424,0,28,28,28,19,-40.4713720835424
01-Aug-2026 01:04:58,-147.486708700641,-40.0536189673059,0,27,27,27,18,-40.0536189673059
01-Aug-2026 01:05:00,-148.164294159065,-40.7312044257301,0,26,26,26,17,-40.7312044257301
01-Aug-2026 01:05:02,-148.056871024371,-40.6237812910361,0,26,26,26,16,-40.6237812910361
01-Aug-2026 01:05:04,-148.505235266376,-41.0721455330407,0,26,26,26,16,-41.0721455330407
01-Aug-2026 01:05:06,-144.591295284694,-37.1582055513587,0,27,27,27,18,-37.1582055513587
01-Aug-2026 01:05:08,-146.291027428596,-38.8579376952611,0,27,27,27,17,-38.8579376952611
01-Aug-2026 01:05:10,-145.837518816547,-38.4044290832119,0,26,26,26,15,-38.4044290832119
01-Aug-2026 01:05:12,-146.338753542323,-38.9056638089878,0,25,25,25,13,-38.9056638089878
01-Aug-2026 01:05:14,-145.974536215605,-38.5414464822694,0,25,25,25,13,-38.5414464822694
01-Aug-2026 01:05:16,-145.796258780005,-38.3631690466696,0,25,25,25,14,-38.3631690466696
01-Aug-2026 01:05:18,-145.841102209741,-38.4080124764056,0,25,25,25,14,-38.4080124764056
01-Aug-2026 01:05:20,-145.897665091906,-38.4645753585704,0,25,25,25,14,-38.4645753585704
01-Aug-2026 01:05:22,-145.154071286796,-37.7209815534605,0,25,25,25,15,-37.7209815534605
01-Aug-2026 01:05:24,-145.245765345086,-37.8126756117504,0,25,25,25,14,-37.8126756117504
01-Aug-2026 01:05:26,-145.271432511187,-37.8383427778516,0,25,25,25,12,-37.8383427778516
01-Aug-2026 01:05:28,-161.392525685048,-53.9594359517129,0,25,25,25,11,-53.9594359517129
01-Aug-2026 01:05:30,-161.055808223903,-53.6227184905678,0,25,25,25,8,-53.6227184905678
01-Aug-2026 01:05:32,-161.3656795267,-53.9325897933652,0,25,25,25,8,-53.9325897933652
01-Aug-2026 01:05:34,-161.251591286403,-53.8185015530673,0,25,25,25,8,-53.8185015530673
01-Aug-2026 01:05:36,-161.144178346124,-53.711088612789,0,25,25,25,8,-53.711088612789
01-Aug-2026 01:05:38,-160.539818242746,-53.1067285094111,0,25,25,25,9,-53.1067285094111
01-Aug-2026 01:05:40,-157.051390677049,-49.6183009437133,0,25,25,25,10,-49.6183009437133
01-Aug-2026 01:05:42,-157.302192860048,-49.8691031267124,0,25,25,25,9,-49.8691031267124
01-Aug-2026 01:05:44,-152.868290752765,-45.4352010194303,0,25,25,25,12,-45.4352010194303
01-Aug-2026 01:05:46,-152.960282139629,-45.5271924062933,0,25,25,25,11,-45.5271924062933
01-Aug-2026 01:05:48,-153.536659443909,-46.1035697105739,0,25,25,25,11,-46.1035697105739
01-Aug-2026 01:05:50,-154.89000402636,-47.4569142930247,0,25,25,25,10,-47.4569142930247
01-Aug-2026 01:05:52,-149.438479095763,-42.0053893624274,0,24,24,24,13,-42.0053893624274
01-Aug-2026 01:05:54,-149.397225010128,-41.9641352767931,0,24,24,24,11,-41.9641352767931
01-Aug-2026 01:05:56,-149.381932192595,-41.9488424592596,0,24,24,24,10,-41.9488424592596
01-Aug-2026 01:05:58,-149.915965616686,-42.4828758833504,0,23,23,23,9,-42.4828758833504
01-Aug-2026 01:06:00,-149.823288775611,-42.390199042276,0,23,23,23,9,-42.390199042276
01-Aug-2026 01:06:02,-149.081380947291,-41.6482912139554,0,23,23,23,9,-41.6482912139554
01-Aug-2026 01:06:04,-148.604013608846,-41.1709238755106,0,23,23,23,10,-41.1709238755106
01-Aug-2026 01:06:06,-153.622121622369,-46.1890318890338,0,23,23,23,9,-46.1890318890338
01-Aug-2026 01:06:08,-153.645803336167,-46.2127136028322,0,23,23,23,9,-46.2127136028322
01-Aug-2026 01:06:10,-153.348821861736,-45.9157321284005,0,23,23,23,10,-45.9157321284005
01-Aug-2026 01:06:12,-152.794478313221,-45.3613885798861,0,23,23,23,12,-45.3613885798861
01-Aug-2026 01:06:14,-151.99701343704,-44.5639237037047,0,23,23,23,12,-44.5639237037047
01-Aug-2026 01:06:16,-149.607398681956,-42.1743089486209,0,24,24,24,12,-42.1743089486209
01-Aug-2026 01:06:18,-150.041847580699,-42.608757847364,0,24,24,24,11,-42.608757847364
01-Aug-2026 01:06:20,-149.817867341202,-42.3847776078663,0,24,24,24,12,-42.3847776078663
01-Aug-2026 01:06:22,-149.631681202163,-42.1985914688283,0,24,24,24,10,-42.1985914688283
01-Aug-2026 01:06:24,-149.141298671548,-41.708208938213,0,24,24,24,10,-41.708208938213
01-Aug-2026 01:06:26,-148.759768306175,-41.3266785728402,0,24,24,24,10,-41.3266785728402
01-Aug-2026 01:06:28,-147.637552160597,-40.2044624272615,0,24,24,24,8,-40.2044624272615
01-Aug-2026 01:06:30,-146.366034986489,-38.9329452531541,0,24,24,24,8,-38.9329452531541
01-Aug-2026 01:06:32,-144.896918566561,-37.4638288332263,0,24,24,24,9,-37.4638288332263
01-Aug-2026 01:06:34,-148.92051876485,-41.4874290315145,0,24,24,24,10,-41.4874290315145
01-Aug-2026 01:06:36,-148.142577713699,-40.7094879803635,0,24,24,24,10,-40.7094879803635
01-Aug-2026 01:06:38,-147.850860142657,-40.4177704093217,0,23,23,23,10,-40.4177704093217
01-Aug-2026 01:06:40,-147.554689075894,-40.1215993425593,0,24,24,24,12,-40.1215993425593
01-Aug-2026 01:06:42,-148.029053476642,-40.5959637433064,0,24,24,24,12,-40.5959637433064
01-Aug-2026 01:06:44,-146.623324896585,-39.1902351632503,0,24,24,24,13,-39.1902351632503
01-Aug-2026 01:06:46,-145.79507857314,-38.3619888398046,0,24,24,24,13,-38.3619888398046
01-Aug-2026 01:06:48,-145.592221899339,-38.1591321660037,0,25,25,25,15,-38.1591321660037
01-Aug-2026 01:06:50,-145.477086196292,-38.0439964629572,0,25,25,25,15,-38.0439964629572
01-Aug-2026 01:06:52,-146.986080522109,-39.5529907887734,0,25,25,25,13,-39.5529907887734
01-Aug-2026 01:06:54,-146.522102463895,-39.0890127305596,0,24,24,24,12,-39.0890127305596
01-Aug-2026 01:06:56,-140.097482084232,-32.6643923508965,0,24,24,24,13,-32.6643923508965
01-Aug-2026 01:06:58,-139.232667646108,-31.799577912773,0,24,24,24,13,-31.799577912773
01-Aug-2026 01:07:00,-138.947945257342,-31.5148555240065,0,25,25,25,13,-31.5148555240065
01-Aug-2026 01:07:02,-138.185754537226,-30.7526648038907,0,25,25,25,13,-30.7526648038907
01-Aug-2026 01:07:04,-137.501130988444,-30.0680412551087,0,26,26,26,14,-30.0680412551087
01-Aug-2026 01:07:06,-137.23969637613,-29.806606642795,0,26,26,26,15,-29.806606642795
01-Aug-2026 01:07:08,-134.696104183261,-27.2630144499259,0,26,26,26,16,-27.2630144499259
01-Aug-2026 01:07:10,-135.699873122146,-28.2667833888112,0,26,26,26,16,-28.2667833888112
01-Aug-2026 01:07:12,-136.48244046055,-29.0493507272151,0,26,26,26,18,-29.0493507272151
01-Aug-2026 01:07:14,-136.623015587843,-29.1899258545074,0,26,26,26,17,-29.1899258545074
01-Aug-2026 01:07:16,-135.867547658711,-28.4344579253754,0,26,26,26,16,-28.4344579253754
01-Aug-2026 01:07:18,-136.120641585933,-28.6875518525983,0,26,26,26,15,-28.6875518525983
01-Aug-2026 01:07:20,-135.9989771781,-28.5658874447645,0,26,26,26,16,-28.5658874447645
01-Aug-2026 01:07:22,-136.787798486858,-29.3547087535227,0,26,26,26,16,-29.3547087535227
01-Aug-2026 01:07:24,-136.547046232543,-29.1139564992079,0,25,25,25,16,-29.1139564992079
01-Aug-2026 01:07:26,-137.369887129495,-29.9367973961603,0,25,25,25,16,-29.9367973961603
01-Aug-2026 01:07:28,-136.645583076078,-29.2124933427432,0,25,25,25,14,-29.2124933427432
01-Aug-2026 01:07:30,-137.536125585849,-30.103035852514,0,25,25,25,14,-30.103035852514
01-Aug-2026 01:07:32,-148.149803343077,-40.7167136097417,0,25,25,25,13,-40.7167136097417
01-Aug-2026 01:07:34,-146.240600888475,-38.8075111551398,0,25,25,25,13,-38.8075111551398
01-Aug-2026 01:07:36,-146.503787202295,-39.0706974689595,0,25,25,25,13,-39.0706974689595
01-Aug-2026 01:07:38,-147.094014756303,-39.6609250229678,0,25,25,25,15,-39.6609250229678
01-Aug-2026 01:07:40,-147.66580195488,-40.232712221545,0,26,26,26,16,-40.232712221545
01-Aug-2026 01:07:42,-148.094704576478,-40.6616148431424,0,26,26,26,15,-40.6616148431424
01-Aug-2026 01:07:44,-148.343109631645,-40.9100198983096,0,26,26,26,15,-40.9100198983096
01-Aug-2026 01:07:46,-151.821055668651,-44.3879659353159,0,26,26,26,14,-44.3879659353159
01-Aug-2026 01:07:48,-153.808327056686,-46.3752373233507,0,25,25,25,12,-46.3752373233507
01-Aug-2026 01:07:50,-151.408733462496,-43.9756437291612,0,25,25,25,14,-43.9756437291612
01-Aug-2026 01:07:52,-151.731516790043,-44.2984270567079,0,25,25,25,14,-44.2984270567079
01-Aug-2026 01:07:54,-152.541084196389,-45.107994463054,0,25,25,25,15,-45.107994463054
01-Aug-2026 01:07:56,-152.361238689443,-44.9281489561076,0,25,25,25,14,-44.9281489561076
01-Aug-2026 01:07:58,-151.856750675003,-44.423660941668,0,25,25,25,15,-44.423660941668
01-Aug-2026 01:08:00,-151.848426840327,-44.4153371069922,0,25,25,25,14,-44.4153371069922
01-Aug-2026 01:08:02,-152.129841890727,-44.6967521573922,0,25,25,25,14,-44.6967521573922
01-Aug-2026 01:08:04,-152.302321406045,-44.8692316727096,0,25,25,25,13,-44.8692316727096
01-Aug-2026 01:08:06,-145.951904755151,-38.5188150218161,0,25,25,25,13,-38.5188150218161
01-Aug-2026 01:08:08,-146.771187209196,-39.3380974758608,0,25,25,25,12,-39.3380974758608
01-Aug-2026 01:08:10,-147.053162041612,-39.6200723082771,0,25,25,25,12,-39.6200723082771
01-Aug-2026 01:08:12,-147.783917996305,-40.3508282629696,0,25,25,25,11,-40.3508282629696
01-Aug-2026 01:08:14,-147.512716428358,-40.0796266950225,0,25,25,25,13,-40.0796266950225
01-Aug-2026 01:08:16,-147.887329289171,-40.454239555836,0,25,25,25,13,-40.454239555836
01-Aug-2026 01:08:18,-147.745813985219,-40.3127242518842,0,25,25,25,13,-40.3127242518842
01-Aug-2026 01:08:20,-148.389774908407,-40.9566851750716,0,26,26,26,14,-40.9566851750716
01-Aug-2026 01:08:22,-157.512590943074,-50.0795012097386,0,25,25,25,14,-50.0795012097386
01-Aug-2026 01:08:24,-157.578435799439,-50.1453460661038,0,25,25,25,15,-50.1453460661038
01-Aug-2026 01:08:26,-157.411844836584,-49.9787551032488,0,25,25,25,15,-49.9787551032488
01-Aug-2026 01:08:28,-156.903778837553,-49.4706891042181,0,25,25,25,16,-49.4706891042181
01-Aug-2026 01:08:30,-157.044227261708,-49.611137528373,0,26,26,26,18,-49.611137528373
01-Aug-2026 01:08:32,-156.901792855821,-49.4687031224854,0,26,26,26,18,-49.4687031224854
01-Aug-2026 01:08:34,-156.897689216044,-49.4645994827092,0,26,26,26,18,-49.4645994827092
01-Aug-2026 01:08:36,-156.187555863136,-48.754466129801,0,26,26,26,19,-48.754466129801
01-Aug-2026 01:08:38,-156.340912295652,-48.9078225623164,0,26,26,26,19,-48.9078225623164
01-Aug-2026 01:08:40,-155.990248796723,-48.5571590633882,0,26,26,26,19,-48.5571590633882
01-Aug-2026 01:08:42,-156.054158928797,-48.6210691954614,0,26,26,26,17,-48.6210691954614
01-Aug-2026 01:08:44,-154.889791306518,-47.4567015731824,0,26,26,26,19,-47.4567015731824
01-Aug-2026 01:08:46,-162.091669134684,-54.6585794013484,0,28,28,28,19,-54.6585794013484
01-Aug-2026 01:08:48,-162.033391565977,-54.6003018326419,0,27,27,27,19,-54.6003018326419
01-Aug-2026 01:08:50,-165.527419805205,-58.0943300718702,0,27,27,27,18,-58.0943300718702
01-Aug-2026 01:08:52,-166.005157931269,-58.5720681979341,0,26,26,26,15,-58.5720681979341
01-Aug-2026 01:08:54,-165.559620535034,-58.1265308016984,0,26,26,26,15,-58.1265308016984
01-Aug-2026 01:08:56,-165.819048288238,-58.385958554903,0,27,27,27,13,-58.385958554903
01-Aug-2026 01:08:58,-165.749942476377,-58.3168527430415,0,26,26,26,13,-58.3168527430415
01-Aug-2026 01:09:00,-165.883687916329,-58.4505981829936,0,25,25,25,11,-58.4505981829936
01-Aug-2026 01:09:02,-165.689906166224,-58.2568164328892,0,25,25,25,12,-58.2568164328892
01-Aug-2026 01:09:04,-166.583262013163,-59.1501722798274,0,25,25,25,11,-59.1501722798274
01-Aug-2026 01:09:06,-166.684809457909,-59.2517197245737,0,25,25,25,12,-59.2517197245737
01-Aug-2026 01:09:08,-166.956892077864,-59.5238023445287,0,25,25,25,13,-59.5238023445287
01-Aug-2026 01:09:10,-167.326024309475,-59.8929345761402,0,25,25,25,13,-59.8929345761402
01-Aug-2026 01:09:12,-167.676842667083,-60.2437529337481,0,25,25,25,13,-60.2437529337481
01-Aug-2026 01:09:14,-167.961621404538,-60.5285316712025,0,25,25,25,13,-60.5285316712025
01-Aug-2026 01:09:16,-167.864486599018,-60.4313968656828,0,25,25,25,13,-60.4313968656828
01-Aug-2026 01:09:18,-167.970359171588,-60.5372694382529,0,25,25,25,13,-60.5372694382529
01-Aug-2026 01:09:20,-168.244437512028,-60.8113477786927,0,25,25,25,12,-60.8113477786927
01-Aug-2026 01:09:22,-168.859581490391,-61.4264917570557,0,25,25,25,11,-61.4264917570557
01-Aug-2026 01:09:24,-169.186880254673,-61.7537905213374,0,25,25,25,10,-61.7537905213374
01-Aug-2026 01:09:26,-155.589962629377,-48.1568728960417,0,25,25,25,11,-48.1568728960417
01-Aug-2026 01:09:28,-156.009516834301,-48.5764271009657,0,25,25,25,10,-48.5764271009657
01-Aug-2026 01:09:30,-157.118642603491,-49.6855528701554,0,25,25,25,10,-49.6855528701554
01-Aug-2026 01:09:32,-157.731792049132,-50.298702315797,0,25,25,25,10,-50.298702315797
01-Aug-2026 01:09:34,-157.913598363579,-50.4805086302437,0,25,25,25,13,-50.4805086302437
01-Aug-2026 01:09:36,-158.440996033565,-51.0079063002297,0,25,25,25,14,-51.0079063002297
01-Aug-2026 01:09:38,-158.095463555516,-50.6623738221811,0,24,24,24,16,-50.6623738221811
01-Aug-2026 01:09:40,-158.695631831468,-51.2625420981329,0,24,24,24,16,-51.2625420981329
01-Aug-2026 01:09:42,-158.634144100472,-51.2010543671364,0,24,24,24,15,-51.2010543671364
01-Aug-2026 01:09:44,-157.961255487577,-50.5281657542423,0,24,24,24,14,-50.5281657542423
01-Aug-2026 01:09:46,-158.388399311571,-50.9553095782359,0,24,24,24,14,-50.9553095782359
01-Aug-2026 01:09:48,-158.200707809778,-50.7676180764424,0,24,24,24,13,-50.7676180764424
01-Aug-2026 01:09:50,-157.247770168317,-49.8146804349818,0,24,24,24,14,-49.8146804349818
01-Aug-2026 01:09:52,-157.65030957574,-50.2172198424048,0,23,23,23,11,-50.2172198424048
01-Aug-2026 01:09:54,-158.02824997028,-50.5951602369453,0,23,23,23,12,-50.5951602369453
01-Aug-2026 01:09:56,-157.871632167816,-50.4385424344813,0,23,23,23,11,-50.4385424344813
01-Aug-2026 01:09:58,-157.848486102868,-50.4153963695332,0,23,23,23,11,-50.4153963695332
01-Aug-2026 01:10:00,-158.2450606939,-50.8119709605648,0,23,23,23,9,-50.8119709605648
01-Aug-2026 01:10:02,-157.975756648193,-50.5426669148576,0,23,23,23,9,-50.5426669148576
01-Aug-2026 01:10:04,-158.11167126102,-50.6785815276845,0,24,24,24,9,-50.6785815276845
01-Aug-2026 01:10:06,-157.927070322562,-50.4939805892273,0,24,24,24,9,-50.4939805892273
01-Aug-2026 01:10:08,-157.842874065966,-50.4097843326305,0,24,24,24,10,-50.4097843326305
01-Aug-2026 01:10:10,-159.47214998375,-52.0390602504144,0,24,24,24,9,-52.0390602504144
01-Aug-2026 01:10:12,-156.889851029481,-49.4567612961463,0,24,24,24,10,-49.4567612961463
01-Aug-2026 01:10:14,-158.172773326522,-50.7396835931864,0,24,24,24,10,-50.7396835931864
01-Aug-2026 01:10:16,-157.977937765075,-50.5448480317402,0,24,24,24,9,-50.5448480317402
01-Aug-2026 01:10:18,-158.066831649514,-50.6337419161789,0,24,24,24,10,-50.6337419161789
01-Aug-2026 01:10:20,-161.856938570299,-54.4238488369634,0,24,24,24,9,-54.4238488369634
01-Aug-2026 01:10:22,-162.195551473996,-54.7624617406608,0,24,24,24,9,-54.7624617406608
01-Aug-2026 01:10:24,-161.685952951695,-54.2528632183603,0,24,24,24,10,-54.2528632183603
01-Aug-2026 01:10:26,-161.75902193134,-54.3259321980044,0,24,24,24,10,-54.3259321980044
01-Aug-2026 01:10:28,-161.500200886214,-54.0671111528786,0,24,24,24,11,-54.0671111528786
01-Aug-2026 01:10:30,-162.117969923501,-54.6848801901657,0,24,24,24,11,-54.6848801901657
01-Aug-2026 01:10:32,-162.024177426311,-54.591087692976,0,24,24,24,12,-54.591087692976
01-Aug-2026 01:10:34,-161.615221579209,-54.1821318458741,0,24,24,24,12,-54.1821318458741
01-Aug-2026 01:10:36,-161.622196919733,-54.1891071863981,0,24,24,24,13,-54.1891071863981
01-Aug-2026 01:10:38,-161.281823928012,-53.8487341946765,0,24,24,24,13,-53.8487341946765
01-Aug-2026 01:10:40,-158.547641517119,-51.1145517837835,0,25,25,25,13,-51.1145517837835
01-Aug-2026 01:10:42,-159.238133461708,-51.8050437283725,0,25,25,25,14,-51.8050437283725
01-Aug-2026 01:10:44,-159.460554416343,-52.0274646830074,0,24,24,24,14,-52.0274646830074
01-Aug-2026 01:10:46,-161.988652523564,-54.5555627902289,0,25,25,25,14,-54.5555627902289
01-Aug-2026 01:10:48,-163.190924018506,-55.7578342851707,0,25,25,25,13,-55.7578342851707
01-Aug-2026 01:10:50,-161.764437143731,-54.3313474103961,0,25,25,25,14,-54.3313474103961
01-Aug-2026 01:10:52,-163.273606185799,-55.8405164524637,0,25,25,25,17,-55.8405164524637
01-Aug-2026 01:10:54,-161.384845579737,-53.9517558464013,0,25,25,25,17,-53.9517558464013
01-Aug-2026 01:10:56,-160.523262402267,-53.0901726689316,0,26,26,26,18,-53.0901726689316
01-Aug-2026 01:10:58,-160.467301680577,-53.0342119472413,0,26,26,26,18,-53.0342119472413
01-Aug-2026 01:11:00,-160.701398952904,-53.2683092195683,0,26,26,26,17,-53.2683092195683
01-Aug-2026 01:11:02,-161.026334869278,-53.5932451359424,0,26,26,26,16,-53.5932451359424
01-Aug-2026 01:11:04,-160.883056282046,-53.4499665487112,0,26,26,26,17,-53.4499665487112
01-Aug-2026 01:11:06,-161.200423693705,-53.7673339603699,0,26,26,26,16,-53.7673339603699
01-Aug-2026 01:11:08,-161.297389369432,-53.8642996360968,0,26,26,26,15,-53.8642996360968
01-Aug-2026 01:11:10,-161.270667868402,-53.8375781350665,0,26,26,26,15,-53.8375781350665
01-Aug-2026 01:11:12,-159.201507458669,-51.7684177253336,0,26,26,26,14,-51.7684177253336
01-Aug-2026 01:11:14,-159.059610039903,-51.6265203065675,0,25,25,25,13,-51.6265203065675
01-Aug-2026 01:11:16,-156.560480637267,-49.1273909039321,0,25,25,25,13,-49.1273909039321
01-Aug-2026 01:11:18,-156.260061903549,-48.8269721702134,0,25,25,25,13,-48.8269721702134
01-Aug-2026 01:11:20,-156.265035429339,-48.8319456960041,0,25,25,25,11,-48.8319456960041
01-Aug-2026 01:11:22,-150.048126410325,-42.6150366769902,0,25,25,25,12,-42.6150366769902
01-Aug-2026 01:11:24,-140.4715406945,-33.0384509611646,0,25,25,25,14,-33.0384509611646
01-Aug-2026 01:11:26,-141.287685845607,-33.8545961122717,0,25,25,25,13,-33.8545961122717
01-Aug-2026 01:11:28,-141.967025029577,-34.5339352962422,0,25,25,25,12,-34.5339352962422
01-Aug-2026 01:11:30,-142.593812897143,-35.160723163808,0,25,25,25,14,-35.160723163808
01-Aug-2026 01:11:32,-143.813776354851,-36.3806866215155,0,25,25,25,13,-36.3806866215155
01-Aug-2026 01:11:34,-145.011236079839,-37.5781463465034,0,25,25,25,14,-37.5781463465034
01-Aug-2026 01:11:36,-145.231449849497,-37.7983601161617,0,25,25,25,13,-37.7983601161617
01-Aug-2026 01:11:38,-145.662631944084,-38.2295422107491,0,25,25,25,14,-38.2295422107491
01-Aug-2026 01:11:40,-146.741162844823,-39.3080731114882,0,25,25,25,13,-39.3080731114882
01-Aug-2026 01:11:42,-147.654199929091,-40.2211101957562,0,25,25,25,13,-40.2211101957562
01-Aug-2026 01:11:44,-148.624261399757,-41.1911716664218,0,25,25,25,13,-41.1911716664218
01-Aug-2026 01:11:46,-149.275018951737,-41.8419292184017,0,25,25,25,12,-41.8419292184017
01-Aug-2026 01:11:48,-147.612453692962,-40.1793639596264,0,25,25,25,11,-40.1793639596264
01-Aug-2026 01:11:50,-147.490763675569,-40.0576739422334,0,25,25,25,11,-40.0576739422334
01-Aug-2026 01:11:52,-144.78209115444,-37.3490014211051,0,25,25,25,15,-37.3490014211051
01-Aug-2026 01:11:54,-144.712648179601,-37.2795584462653,0,25,25,25,14,-37.2795584462653
01-Aug-2026 01:11:56,-144.853626082639,-37.4205363493034,0,25,25,25,13,-37.4205363493034
01-Aug-2026 01:11:58,-145.180829520555,-37.7477397872194,0,25,25,25,12,-37.7477397872194
01-Aug-2026 01:12:00,-143.965485034962,-36.5323953016272,0,25,25,25,12,-36.5323953016272
01-Aug-2026 01:12:02,-145.59292145043,-38.1598317170946,0,25,25,25,11,-38.1598317170946
01-Aug-2026 01:12:04,-147.423008228343,-39.9899184950077,0,25,25,25,10,-39.9899184950077
01-Aug-2026 01:12:06,-147.154215725743,-39.7211259924075,0,25,25,25,11,-39.7211259924075
01-Aug-2026 01:12:08,-150.153029479222,-42.7199397458865,0,25,25,25,12,-42.7199397458865
01-Aug-2026 01:12:10,-149.074894440135,-41.6418047067999,0,25,25,25,11,-41.6418047067999
01-Aug-2026 01:12:12,-148.708380105794,-41.2752903724588,0,26,26,26,13,-41.2752903724588
01-Aug-2026 01:12:14,-148.637485849625,-41.2043961162897,0,26,26,26,13,-41.2043961162897
01-Aug-2026 01:12:16,-148.763031772016,-41.3299420386808,0,25,25,25,14,-41.3299420386808
01-Aug-2026 01:12:18,-169.659786622484,-62.2266968891484,0,25,25,25,12,-62.2266968891484
01-Aug-2026 01:12:20,-170.113141166148,-62.6800514328124,0,25,25,25,12,-62.6800514328124
01-Aug-2026 01:12:22,-170.082932671931,-62.6498429385958,0,26,26,26,12,-62.6498429385958
01-Aug-2026 01:12:24,-170.065461622045,-62.6323718887097,0,26,26,26,13,-62.6323718887097
01-Aug-2026 01:12:26,-165.928166488568,-58.4950767552331,0,26,26,26,13,-58.4950767552331
01-Aug-2026 01:12:28,-160.438080006403,-53.0049902730676,0,26,26,26,15,-53.0049902730676
01-Aug-2026 01:12:30,-160.395222997779,-52.9621332644441,0,26,26,26,15,-52.9621332644441
01-Aug-2026 01:12:32,-165.691702711639,-58.2586129783039,0,26,26,26,15,-58.2586129783039
01-Aug-2026 01:12:34,-165.331049801819,-57.8979600684837,0,26,26,26,15,-57.8979600684837
01-Aug-2026 01:12:36,-168.446443095524,-61.0133533621885,0,25,25,25,13,-61.0133533621885
01-Aug-2026 01:12:38,-168.965031549928,-61.5319418165925,0,26,26,26,12,-61.5319418165925
01-Aug-2026 01:12:40,-168.879145264703,-61.446055531368,0,26,26,26,12,-61.446055531368
01-Aug-2026 01:12:42,-153.031292624712,-45.5982028913772,0,26,26,26,13,-45.5982028913772
01-Aug-2026 01:12:44,-152.730338146847,-45.2972484135116,0,26,26,26,13,-45.2972484135116
01-Aug-2026 01:12:46,-152.37672785745,-44.9436381241152,0,25,25,25,13,-44.9436381241152
01-Aug-2026 01:12:48,-152.487802110671,-45.0547123773355,0,26,26,26,13,-45.0547123773355
01-Aug-2026 01:12:50,-152.615654936587,-45.1825652032517,0,25,25,25,10,-45.1825652032517
01-Aug-2026 01:12:52,-152.846784970061,-45.413695236726,0,25,25,25,9,-45.413695236726
01-Aug-2026 01:12:54,-152.669037679449,-45.2359479461143,0,25,25,25,11,-45.2359479461143
01-Aug-2026 01:12:56,-153.09551094526,-45.6624212119249,0,25,25,25,11,-45.6624212119249
01-Aug-2026 01:12:58,-153.820089867562,-46.3870001342271,0,25,25,25,10,-46.3870001342271
01-Aug-2026 01:13:00,-154.411852056766,-46.9787623234313,0,25,25,25,11,-46.9787623234313
01-Aug-2026 01:13:02,-154.439256070054,-47.006166336719,0,25,25,25,12,-47.006166336719
01-Aug-2026 01:13:04,-154.403183461103,-46.9700937277682,0,25,25,25,10,-46.9700937277682
01-Aug-2026 01:13:06,-155.150631672569,-47.7175419392343,0,25,25,25,10,-47.7175419392343
01-Aug-2026 01:13:08,-155.454909788713,-48.0218200553778,0,25,25,25,11,-48.0218200553778
01-Aug-2026 01:13:10,-155.21379007524,-47.7807003419048,0,25,25,25,11,-47.7807003419048
01-Aug-2026 01:13:12,-155.543443965913,-48.1103542325783,0,25,25,25,11,-48.1103542325783
01-Aug-2026 01:13:14,-155.656505907728,-48.2234161743931,0,25,25,25,12,-48.2234161743931
01-Aug-2026 01:13:16,-156.266787808214,-48.8336980748791,0,25,25,25,12,-48.8336980748791
01-Aug-2026 01:13:18,-156.027237829042,-48.5941480957067,0,25,25,25,13,-48.5941480957067
01-Aug-2026 01:13:20,-155.136814279183,-47.7037245458482,0,25,25,25,12,-47.7037245458482
01-Aug-2026 01:13:22,-155.639372647848,-48.2062829145128,0,25,25,25,13,-48.2062829145128
01-Aug-2026 01:13:24,-156.353577095699,-48.9204873623643,0,24,24,24,12,-48.9204873623643
01-Aug-2026 01:13:26,-155.551908211599,-48.1188184782641,0,24,24,24,13,-48.1188184782641
01-Aug-2026 01:13:28,-155.428176739815,-47.9950870064795,0,24,24,24,12,-47.9950870064795
01-Aug-2026 01:13:30,-155.573274727703,-48.140184994368,0,24,24,24,13,-48.140184994368
01-Aug-2026 01:13:32,-155.185735062284,-47.7526453289491,0,24,24,24,13,-47.7526453289491
01-Aug-2026 01:13:34,-155.211449284062,-47.7783595507269,0,24,24,24,13,-47.7783595507269
01-Aug-2026 01:13:36,-155.367222187088,-47.9341324537524,0,24,24,24,14,-47.9341324537524
01-Aug-2026 01:13:38,-155.670983180273,-48.2378934469374,0,24,24,24,15,-48.2378934469374
01-Aug-2026 01:13:40,-156.413592048479,-48.9805023151442,0,24,24,24,14,-48.9805023151442
01-Aug-2026 01:13:42,-156.373654317069,-48.9405645837336,0,24,24,24,13,-48.9405645837336
01-Aug-2026 01:13:44,-156.528905825644,-49.0958160923089,0,23,23,23,12,-49.0958160923089
01-Aug-2026 01:13:46,-157.137289794322,-49.7042000609865,0,23,23,23,12,-49.7042000609865
01-Aug-2026 01:13:48,-157.298726548367,-49.8656368150315,0,23,23,23,10,-49.8656368150315
01-Aug-2026 01:13:50,-163.290908674569,-55.8578189412335,0,24,24,24,8,-55.8578189412335
01-Aug-2026 01:13:52,-164.000338285961,-56.5672485526254,0,24,24,24,9,-56.5672485526254
01-Aug-2026 01:13:54,-164.540777724132,-57.1076879907965,0,24,24,24,9,-57.1076879907965
01-Aug-2026 01:13:56,-165.703553604089,-58.270463870754,0,24,24,24,9,-58.270463870754
01-Aug-2026 01:13:58,-164.695663315135,-57.2625735818001,0,24,24,24,10,-57.2625735818001
01-Aug-2026 01:14:00,-164.273286886291,-56.8401971529561,0,24,24,24,10,-56.8401971529561
01-Aug-2026 01:14:02,-164.917033174319,-57.4839434409838,0,24,24,24,10,-57.4839434409838
01-Aug-2026 01:14:04,-157.717056838299,-50.2839671049641,0,24,24,24,11,-50.2839671049641
01-Aug-2026 01:14:06,-158.074373270023,-50.6412835366879,0,24,24,24,10,-50.6412835366879
01-Aug-2026 01:14:08,-158.33850606204,-50.9054163287049,0,24,24,24,12,-50.9054163287049
01-Aug-2026 01:14:10,-158.202632200649,-50.7695424673142,0,24,24,24,12,-50.7695424673142
01-Aug-2026 01:14:12,-156.868170158325,-49.4350804249897,0,24,24,24,13,-49.4350804249897
01-Aug-2026 01:14:14,-156.712511661793,-49.279421928458,0,24,24,24,11,-49.279421928458
01-Aug-2026 01:14:16,-155.98921242456,-48.556122691225,0,25,25,25,11,-48.556122691225
01-Aug-2026 01:14:18,-172.3750736681,-64.9419839347645,0,24,24,24,10,-64.9419839347645
01-Aug-2026 01:14:20,-157.045108152078,-49.6120184187425,0,24,24,24,11,-49.6120184187425
01-Aug-2026 01:14:22,-156.200443686509,-48.7673539531739,0,24,24,24,10,-48.7673539531739
01-Aug-2026 01:14:24,-155.627035339862,-48.1939456065267,0,24,24,24,10,-48.1939456065267
01-Aug-2026 01:14:26,-155.318901875079,-47.8858121417439,0,24,24,24,9,-47.8858121417439
01-Aug-2026 01:14:28,-155.223637923335,-47.7905481899996,0,24,24,24,9,-47.7905481899996
01-Aug-2026 01:14:30,-154.971594008751,-47.5385042754163,0,24,24,24,9,-47.5385042754163
01-Aug-2026 01:14:32,-154.498488979621,-47.065399246286,0,26,26,26,8,-47.065399246286
01-Aug-2026 01:14:34,-154.506578457046,-47.0734887237105,0,26,26,26,8,-47.0734887237105
01-Aug-2026 01:14:36,-154.87795592665,-47.444866193315,0,25,25,25,10,-47.444866193315
01-Aug-2026 01:14:38,-155.453955457814,-48.0208657244789,0,25,25,25,9,-48.0208657244789
01-Aug-2026 01:14:40,-155.697014833046,-48.2639250997113,0,25,25,25,7,-48.2639250997113
01-Aug-2026 01:14:42,-155.359328958145,-47.9262392248099,0,25,25,25,8,-47.9262392248099
01-Aug-2026 01:14:44,-155.335864475478,-47.9027747421431,0,25,25,25,8,-47.9027747421431
01-Aug-2026 01:14:46,-155.078724289553,-47.6456345562182,0,25,25,25,8,-47.6456345562182
01-Aug-2026 01:14:48,-155.174172209214,-47.741082475879,0,26,26,26,10,-47.741082475879
01-Aug-2026 01:14:50,-154.756977758979,-47.3238880256443,0,26,26,26,9,-47.3238880256443
01-Aug-2026 01:14:52,-154.996750570547,-47.5636608372119,0,26,26,26,9,-47.5636608372119
01-Aug-2026 01:14:54,-154.559943151228,-47.1268534178932,0,26,26,26,9,-47.1268534178932
01-Aug-2026 01:14:56,-154.483212902001,-47.0501231686659,0,26,26,26,9,-47.0501231686659
01-Aug-2026 01:14:58,-154.273959069809,-46.8408693364735,0,25,25,25,8,-46.8408693364735
01-Aug-2026 01:15:00,-154.267572889046,-46.8344831557104,0,25,25,25,9,-46.8344831557104
01-Aug-2026 01:15:02,-154.505389204195,-47.0722994708595,0,25,25,25,10,-47.0722994708595
01-Aug-2026 01:15:04,-154.599760368866,-47.1666706355313,0,25,25,25,13,-24.3725280916416
01-Aug-2026 01:15:06,-154.713035353524,-47.2799456201885,0,24,24,24,13,-25.7030270394241
01-Aug-2026 01:15:08,-135.60010414021,-28.1670144068753,0,24,24,24,12,-28.1670144068753
01-Aug-2026 01:15:10,-136.958799722396,-29.5257099890605,0,25,25,25,13,-29.5257099890605
01-Aug-2026 01:15:12,-138.361589520499,-30.9284997871641,0,25,25,25,13,-30.9284997871641
01-Aug-2026 01:15:14,-140.439433240327,-33.0063435069916,0,25,25,25,13,-33.0063435069916
01-Aug-2026 01:15:16,-141.274398216652,-33.8413084833165,0,25,25,25,13,-33.8413084833165
01-Aug-2026 01:15:18,-142.88158113759,-35.448491404255,0,25,25,25,13,-35.448491404255
01-Aug-2026 01:15:20,-143.958251119225,-36.5251613858897,0,25,25,25,12,-36.5251613858897
01-Aug-2026 01:15:22,-145.032464292402,-37.5993745590665,0,25,25,25,13,-37.5993745590665
01-Aug-2026 01:15:24,-145.646833563868,-38.2137438305327,0,25,25,25,12,-38.2137438305327
01-Aug-2026 01:15:26,-146.60693531964,-39.1738455863045,0,25,25,25,12,-39.1738455863045
01-Aug-2026 01:15:28,-146.413012808629,-38.9799230752935,0,25,25,25,13,-38.9799230752935
01-Aug-2026 01:15:30,-147.350725993902,-39.917636260567,0,25,25,25,14,-39.917636260567
01-Aug-2026 01:15:32,-144.935398236053,-37.5023085027182,0,25,25,25,14,-37.5023085027182
01-Aug-2026 01:15:34,-145.791015702928,-38.357925969593,0,25,25,25,15,-38.357925969593
01-Aug-2026 01:15:36,-146.052603379049,-38.6195136457141,0,25,25,25,14,-38.6195136457141
01-Aug-2026 01:15:38,-146.869456192182,-39.4363664588465,0,25,25,25,14,-39.4363664588465
01-Aug-2026 01:15:40,-146.690245719791,-39.2571559864558,0,25,25,25,14,-39.2571559864558
01-Aug-2026 01:15:42,-145.589436409329,-38.1563466759935,0,25,25,25,16,-38.1563466759935
01-Aug-2026 01:15:44,-145.173873099644,-37.7407833663084,0,25,25,25,17,-37.7407833663084
01-Aug-2026 01:15:46,-145.355787712996,-37.9226979796613,0,25,25,25,18,-37.9226979796613
01-Aug-2026 01:15:48,-145.204996110006,-37.7719063766704,0,25,25,25,17,-37.7719063766704
01-Aug-2026 01:15:50,-145.463217301572,-38.030127568237,0,25,25,25,16,-38.030127568237
01-Aug-2026 01:15:52,-144.713251056449,-37.2801613231137,0,25,25,25,18,-37.2801613231137
01-Aug-2026 01:15:54,-144.553591769846,-37.1205020365109,0,25,25,25,17,-37.1205020365109
01-Aug-2026 01:15:56,-158.374214256186,-50.9411245228512,0,25,25,25,16,-50.9411245228512
01-Aug-2026 01:15:58,-157.90066901447,-50.4675792811345,0,25,25,25,15,-50.4675792811345
01-Aug-2026 01:16:00,-161.767079866747,-54.3339901334121,0,25,25,25,17,-54.3339901334121
01-Aug-2026 01:16:02,-156.624964999925,-49.1918752665894,0,26,26,26,18,-49.1918752665894
01-Aug-2026 01:16:04,-156.383897399273,-48.9508076659376,0,26,26,26,15,-48.9508076659376
01-Aug-2026 01:16:06,-156.203859496007,-48.7707697626719,0,26,26,26,16,-48.7707697626719
01-Aug-2026 01:16:08,-156.431524161218,-48.9984344278825,0,26,26,26,15,-48.9984344278825
01-Aug-2026 01:16:10,-162.255916008477,-54.822826275142,0,25,25,25,13,-54.822826275142
01-Aug-2026 01:16:12,-162.077877721571,-54.6447879882355,0,25,25,25,14,-54.6447879882355
01-Aug-2026 01:16:14,-162.083220521281,-54.650130787946,0,26,26,26,14,-54.650130787946
01-Aug-2026 01:16:16,-154.610562862875,-47.1774731295397,0,26,26,26,14,-47.1774731295397
01-Aug-2026 01:16:18,-154.155396359071,-46.7223066257356,0,26,26,26,14,-46.7223066257356
01-Aug-2026 01:16:20,-154.945981999008,-47.5128922656732,0,26,26,26,15,-47.5128922656732
01-Aug-2026 01:16:22,-154.437716055442,-47.0046263221064,0,26,26,26,14,-47.0046263221064
01-Aug-2026 01:16:24,-153.802897311962,-46.369807578627,0,26,26,26,16,-46.369807578627
01-Aug-2026 01:16:26,-153.772031488695,-46.3389417553603,0,25,25,25,11,-46.3389417553603
01-Aug-2026 01:16:28,-147.295971032234,-39.8628812988989,0,25,25,25,12,-39.8628812988989
01-Aug-2026 01:16:30,-146.963661161996,-39.530571428661,0,25,25,25,12,-39.530571428661
01-Aug-2026 01:16:32,-146.999743426266,-39.5666536929312,0,26,26,26,14,-39.5666536929312
01-Aug-2026 01:16:34,-147.227078495633,-39.7939887622976,0,24,24,24,12,-39.7939887622976
01-Aug-2026 01:16:36,-146.426222760021,-38.9931330266855,0,24,24,24,12,-38.9931330266855
01-Aug-2026 01:16:38,-145.885399900237,-38.4523101669016,0,24,24,24,12,-38.4523101669016
01-Aug-2026 01:16:40,-145.684818494106,-38.2517287607704,0,24,24,24,13,-38.2517287607704
01-Aug-2026 01:16:42,-145.237009864539,-37.803920131204,0,25,25,25,15,-37.803920131204
01-Aug-2026 01:16:44,-145.033330009724,-37.6002402763889,0,25,25,25,16,-37.6002402763889
01-Aug-2026 01:16:46,-144.574348696947,-37.1412589636119,0,25,25,25,16,-37.1412589636119
01-Aug-2026 01:16:48,-144.806531275079,-37.3734415417437,0,25,25,25,13,-37.3734415417437
01-Aug-2026 01:16:50,-143.967335874515,-36.5342461411799,0,25,25,25,14,-36.5342461411799
01-Aug-2026 01:16:52,-143.75304361812,-36.3199538847845,0,25,25,25,14,-36.3199538847845
01-Aug-2026 01:16:54,-171.372244904864,-63.9391551715286,0,25,25,25,14,-63.9391551715286
01-Aug-2026 01:16:56,-171.497719493229,-64.064629759894,0,25,25,25,13,-64.064629759894
01-Aug-2026 01:16:58,-171.436606633715,-64.0035169003797,0,25,25,25,13,-64.0035169003797
01-Aug-2026 01:17:00,-171.200978161085,-63.7678884277494,0,25,25,25,15,-63.7678884277494
01-Aug-2026 01:17:02,-171.666461956158,-64.2333722228224,0,25,25,25,14,-64.2333722228224
01-Aug-2026 01:17:04,-171.65652861423,-64.2234388808949,0,25,25,25,13,-64.2234388808949
01-Aug-2026 01:17:06,-173.686959470681,-66.2538697373454,0,25,25,25,11,-66.2538697373454
01-Aug-2026 01:17:08,-167.679298688309,-60.2462089549742,0,25,25,25,11,-60.2462089549742
01-Aug-2026 01:17:10,-167.747892096478,-60.314802363143,0,25,25,25,13,-60.314802363143
01-Aug-2026 01:17:12,-147.361201493866,-39.9281117605309,0,24,24,24,12,-39.9281117605309
01-Aug-2026 01:17:14,-147.259483124595,-39.8263933912602,0,24,24,24,11,-39.8263933912602
01-Aug-2026 01:17:16,-147.095755423464,-39.6626656901284,0,24,24,24,10,-39.6626656901284
01-Aug-2026 01:17:18,-147.368356701155,-39.9352669678203,0,24,24,24,9,-39.9352669678203
01-Aug-2026 01:17:20,-147.667352385858,-40.2342626525224,0,24,24,24,8,-40.2342626525224
01-Aug-2026 01:17:22,-147.611554789422,-40.1784650560868,0,24,24,24,9,-40.1784650560868
01-Aug-2026 01:17:24,-147.199667511207,-39.7665777778716,0,24,24,24,11,-39.7665777778716
01-Aug-2026 01:17:26,-146.848152780376,-39.4150630470406,0,24,24,24,11,-39.4150630470406
01-Aug-2026 01:17:28,-147.682680137443,-40.2495904041077,0,24,24,24,10,-40.2495904041077
01-Aug-2026 01:17:30,-148.063878016692,-40.6307882833567,0,24,24,24,11,-40.6307882833567
01-Aug-2026 01:17:32,-148.077637333537,-40.6445476002021,0,24,24,24,10,-40.6445476002021
01-Aug-2026 01:17:34,-147.612134963036,-40.1790452297011,0,24,24,24,11,-40.1790452297011
01-Aug-2026 01:17:36,-148.154635552854,-40.721545819519,0,24,24,24,13,-40.721545819519
01-Aug-2026 01:17:38,-147.567987577367,-40.1348978440318,0,24,24,24,14,-40.1348978440318
01-Aug-2026 01:17:40,-147.023407995954,-39.5903182626185,0,24,24,24,14,-39.5903182626185
01-Aug-2026 01:17:42,-149.850039107851,-42.4169493745159,0,24,24,24,11,-42.4169493745159
01-Aug-2026 01:17:44,-149.970012692249,-42.5369229589137,0,24,24,24,11,-42.5369229589137
01-Aug-2026 01:17:46,-150.080075105572,-42.6469853722369,0,24,24,24,9,-42.6469853722369
01-Aug-2026 01:17:48,-149.732697480499,-42.2996077471639,0,24,24,24,9,-42.2996077471639
01-Aug-2026 01:17:50,-146.988235844242,-39.5551461109065,0,24,24,24,10,-39.5551461109065
01-Aug-2026 01:17:52,-146.898711478679,-39.465621745344,0,24,24,24,10,-39.465621745344
01-Aug-2026 01:17:54,-146.781824043199,-39.3487343098641,0,24,24,24,10,-39.3487343098641
01-Aug-2026 01:17:56,-146.811189943818,-39.3781002104825,0,24,24,24,10,-39.3781002104825
01-Aug-2026 01:17:58,-149.306223906951,-41.8731341736157,0,24,24,24,8,-41.8731341736157
01-Aug-2026 01:18:00,-148.957892645365,-41.5248029120296,0,24,24,24,10,-41.5248029120296
01-Aug-2026 01:18:02,-149.001931406197,-41.5688416728619,0,24,24,24,10,-41.5688416728619
01-Aug-2026 01:18:04,-167.170177600733,-59.7370878673973,0,25,25,25,10,-59.7370878673973
01-Aug-2026 01:18:06,-167.015929452702,-59.582839719367,0,25,25,25,10,-59.582839719367
01-Aug-2026 01:18:08,-167.043638606782,-59.6105488734466,0,25,25,25,11,-59.6105488734466
01-Aug-2026 01:18:10,-167.589009070549,-60.1559193372136,0,24,24,24,11,-60.1559193372136
01-Aug-2026 01:18:12,-166.881846932866,-59.4487571995304,0,24,24,24,10,-59.4487571995304
01-Aug-2026 01:18:14,-160.76031706772,-53.327227334385,0,24,24,24,11,-53.327227334385
01-Aug-2026 01:18:16,-160.331735274758,-52.8986455414224,0,24,24,24,11,-52.8986455414224
01-Aug-2026 01:18:18,-161.680967439796,-54.2478777064604,0,25,25,25,11,-54.2478777064604
01-Aug-2026 01:18:20,-161.73353766972,-54.3004479363851,0,25,25,25,12,-54.3004479363851
01-Aug-2026 01:18:22,-161.453440585866,-54.0203508525311,0,25,25,25,12,-54.0203508525311
01-Aug-2026 01:18:24,-161.048413761469,-53.6153240281334,0,26,26,26,13,-53.6153240281334
01-Aug-2026 01:18:26,-161.437452328437,-54.0043625951015,0,25,25,25,12,-54.0043625951015
01-Aug-2026 01:18:28,-160.824789470086,-53.3916997367509,0,25,25,25,15,-53.3916997367509
01-Aug-2026 01:18:30,-160.597674484789,-53.1645847514534,0,25,25,25,15,-53.1645847514534
01-Aug-2026 01:18:32,-132.497251009474,-25.064161276139,0,24,24,24,15,-25.064161276139
01-Aug-2026 01:18:34,-128.821709938317,-21.3886202049817,0,24,24,24,14,-21.3886202049817
01-Aug-2026 01:18:36,-161.216262751124,-53.783173017789,0,24,24,24,14,-53.783173017789
01-Aug-2026 01:18:38,-161.695624451792,-54.2625347184569,0,24,24,24,14,-54.2625347184569
01-Aug-2026 01:18:40,-161.865618681072,-54.4325289477364,0,25,25,25,15,-54.4325289477364
01-Aug-2026 01:18:42,-161.964863238975,-54.5317735056402,0,25,25,25,15,-54.5317735056402
01-Aug-2026 01:18:44,-161.52534607591,-54.0922563425747,0,25,25,25,15,-54.0922563425747
01-Aug-2026 01:18:46,-161.712504404446,-54.2794146711104,0,25,25,25,13,-54.2794146711104
01-Aug-2026 01:18:48,-161.992348042115,-54.55925830878,0,25,25,25,14,-18.3065617198779
01-Aug-2026 01:18:50,-162.577420815207,-55.1443310818717,0,25,25,25,14,-55.1443310818717
01-Aug-2026 01:18:52,-163.26243795891,-55.8293482255753,0,25,25,25,14,-55.8293482255753
01-Aug-2026 01:18:54,-163.888643812025,-56.4555540786894,0,26,26,26,15,-56.4555540786894
01-Aug-2026 01:18:56,-162.815996589273,-55.3829068559383,0,26,26,26,16,-55.3829068559383
01-Aug-2026 01:18:58,-162.947109262484,-55.514019529149,0,25,25,25,15,-20.6168610352956
01-Aug-2026 01:19:00,-131.271741268371,-23.8386515350354,0,25,25,25,16,-23.8386515350354
01-Aug-2026 01:19:02,-134.062088964188,-26.6289992308523,0,25,25,25,15,-26.6289992308523
01-Aug-2026 01:19:04,-135.884443120959,-28.4513533876235,0,25,25,25,13,-28.4513533876235
01-Aug-2026 01:19:06,-137.505973797952,-30.0728840646165,0,25,25,25,14,-30.0728840646165
01-Aug-2026 01:19:08,-138.512404941462,-31.079315208127,0,25,25,25,14,-31.079315208127
01-Aug-2026 01:19:10,-139.751608844622,-32.3185191112873,0,25,25,25,14,-32.3185191112873
01-Aug-2026 01:19:12,-140.914084456242,-33.4809947229072,0,25,25,25,16,-33.4809947229072
01-Aug-2026 01:19:14,-142.569551786537,-35.1364620532022,0,25,25,25,15,-35.1364620532022
01-Aug-2026 01:19:16,-144.040298314072,-36.6072085807369,0,25,25,25,15,-36.6072085807369
01-Aug-2026 01:19:18,-145.172420188784,-37.7393304554485,0,25,25,25,14,-37.7393304554485
01-Aug-2026 01:19:20,-147.131484127525,-39.6983943941898,0,25,25,25,15,-39.6983943941898
01-Aug-2026 01:19:22,-147.337532075622,-39.9044423422872,0,25,25,25,15,-39.9044423422872
01-Aug-2026 01:19:24,-148.193439980454,-40.7603502471187,0,25,25,25,16,-40.7603502471187
01-Aug-2026 01:19:26,-148.346725255994,-40.9136355226584,0,25,25,25,17,-40.9136355226584
01-Aug-2026 01:19:28,-148.81870151543,-41.3856117820951,0,25,25,25,17,-41.3856117820951
01-Aug-2026 01:19:30,-149.883700576332,-42.4506108429965,0,25,25,25,16,-42.4506108429965
01-Aug-2026 01:19:32,-150.188152733437,-42.755063000102,0,25,25,25,16,-42.755063000102
01-Aug-2026 01:19:34,-151.302148924749,-43.869059191414,0,25,25,25,16,-43.869059191414
01-Aug-2026 01:19:36,-151.665301790344,-44.2322120570088,0,25,25,25,15,-44.2322120570088
01-Aug-2026 01:19:38,-151.819209763335,-44.3861200300002,0,25,25,25,16,-44.3861200300002
01-Aug-2026 01:19:40,-152.198754055281,-44.7656643219462,0,25,25,25,16,-44.7656643219462
01-Aug-2026 01:19:42,-168.584779515311,-61.151689781976,0,25,25,25,14,-61.151689781976
01-Aug-2026 01:19:44,-168.563247854121,-61.1301581207856,0,25,25,25,14,-61.1301581207856
01-Aug-2026 01:19:46,-168.762996694712,-61.3299069613771,0,25,25,25,13,-61.3299069613771
01-Aug-2026 01:19:48,-170.367665210825,-62.9345754774898,0,25,25,25,13,-62.9345754774898
01-Aug-2026 01:19:50,-170.321839619884,-62.8887498865492,0,25,25,25,12,-62.8887498865492
01-Aug-2026 01:19:52,-150.839765219556,-43.406675486221,0,25,25,25,14,-43.406675486221
01-Aug-2026 01:19:54,-150.589012053609,-43.155922320274,0,26,26,26,13,-43.155922320274
01-Aug-2026 01:19:56,-149.408977365456,-41.9758876321211,0,26,26,26,14,-41.9758876321211
01-Aug-2026 01:19:58,-149.434991497535,-42.0019017642003,0,26,26,26,14,-42.0019017642003
01-Aug-2026 01:20:00,-149.503177831385,-42.0700880980496,0,26,26,26,14,-42.0700880980496
01-Aug-2026 01:20:02,-149.365411990518,-41.9323222571832,0,26,26,26,16,-41.9323222571832
01-Aug-2026 01:20:04,-150.817882542745,-43.3847928094102,0,25,25,25,15,-43.3847928094102
01-Aug-2026 01:20:06,-150.988668243811,-43.5555785104754,0,26,26,26,15,-43.5555785104754
01-Aug-2026 01:20:08,-150.409807977346,-42.9767182440104,0,26,26,26,15,-42.9767182440104
01-Aug-2026 01:20:10,-150.422884284944,-42.9897945516087,0,26,26,26,17,-42.9897945516087
01-Aug-2026 01:20:12,-150.858417371359,-43.4253276380241,0,26,26,26,16,-43.4253276380241
01-Aug-2026 01:20:14,-150.221160250965,-42.7880705176302,0,25,25,25,16,-42.7880705176302
01-Aug-2026 01:20:16,-150.430388366517,-42.9972986331821,0,25,25,25,16,-42.9972986331821
01-Aug-2026 01:20:18,-150.280614559107,-42.8475248257717,0,25,25,25,15,-42.8475248257717
01-Aug-2026 01:20:20,-150.648728867602,-43.2156391342668,0,24,24,24,16,-43.2156391342668
01-Aug-2026 01:20:22,-150.635309647079,-43.2022199137435,0,24,24,24,16,-43.2022199137435
01-Aug-2026 01:20:24,-151.294689027315,-43.8615992939798,0,25,25,25,15,-43.8615992939798
01-Aug-2026 01:20:26,-151.220035262467,-43.786945529132,0,23,23,23,14,-43.786945529132
01-Aug-2026 01:20:28,-151.450950439066,-44.0178607057303,0,24,24,24,15,-44.0178607057303
01-Aug-2026 01:20:30,-151.908167291084,-44.4750775577485,0,24,24,24,15,-44.4750775577485
01-Aug-2026 01:20:32,-151.534850073886,-44.1017603405509,0,24,24,24,17,-44.1017603405509
01-Aug-2026 01:20:34,-162.856453044435,-55.4233633111001,0,24,24,24,16,-55.4233633111001
01-Aug-2026 01:20:36,-162.795474914987,-55.3623851816522,0,24,24,24,16,-55.3623851816522
01-Aug-2026 01:20:38,-162.941491594304,-55.5084018609684,0,24,24,24,16,-55.5084018609684
01-Aug-2026 01:20:40,-172.462418209841,-65.0293284765055,0,24,24,24,15,-65.0293284765055
01-Aug-2026 01:20:42,-172.661534189297,-65.2284444559614,0,24,24,24,15,-65.2284444559614
01-Aug-2026 01:20:44,-171.31803095839,-63.8849412250549,0,25,25,25,15,-63.8849412250549
01-Aug-2026 01:20:46,-171.018736655857,-63.585646922522,0,25,25,25,16,-63.585646922522
01-Aug-2026 01:20:48,-170.917774330882,-63.4846845975468,0,25,25,25,16,-63.4846845975468
01-Aug-2026 01:20:50,-171.199090441582,-63.7660007082463,0,25,25,25,16,-63.7660007082463
01-Aug-2026 01:20:52,-148.814551624376,-41.3814618910412,0,25,25,25,19,-41.3814618910412
01-Aug-2026 01:20:54,-148.805536585729,-41.3724468523938,0,25,25,25,18,-41.3724468523938
01-Aug-2026 01:20:56,-170.519246184061,-63.0861564507254,0,25,25,25,17,-63.0861564507254
01-Aug-2026 01:20:58,-170.451627258321,-63.0185375249856,0,24,24,24,14,-63.0185375249856
01-Aug-2026 01:21:00,-171.208738934003,-63.7756492006681,0,24,24,24,14,-63.7756492006681
01-Aug-2026 01:21:02,-163.991773069683,-56.5586833363483,0,24,24,24,13,-56.5586833363483
01-Aug-2026 01:21:04,-163.714322872058,-56.2812331387225,0,24,24,24,13,-56.2812331387225
01-Aug-2026 01:21:06,-163.068303694138,-55.6352139608026,0,24,24,24,13,-55.6352139608026
01-Aug-2026 01:21:08,-163.204684973362,-55.7715952400272,0,24,24,24,13,-55.7715952400272
01-Aug-2026 01:21:10,-162.853574135587,-55.420484402252,0,24,24,24,12,-55.420484402252
01-Aug-2026 01:21:12,-162.31015406717,-54.8770643338351,0,24,24,24,12,-54.8770643338351
01-Aug-2026 01:21:14,-162.391113475019,-54.9580237416838,0,24,24,24,11,-54.9580237416838
01-Aug-2026 01:21:16,-162.151523643438,-54.7184339101032,0,24,24,24,11,-54.7184339101032
01-Aug-2026 01:21:18,-156.388229824268,-48.9551400909332,0,24,24,24,12,-48.9551400909332
01-Aug-2026 01:21:20,-156.497313615491,-49.0642238821559,0,24,24,24,12,-49.0642238821559
01-Aug-2026 01:21:22,-156.543385240633,-49.1102955072977,0,24,24,24,13,-49.1102955072977
01-Aug-2026 01:21:24,-157.096328147134,-49.6632384137986,0,25,25,25,13,-49.6632384137986
01-Aug-2026 01:21:26,-157.030163247962,-49.5970735146273,0,25,25,25,13,-49.5970735146273
01-Aug-2026 01:21:28,-157.01167653516,-49.5785868018249,0,25,25,25,12,-49.5785868018249
01-Aug-2026 01:21:30,-156.651990527692,-49.2189007943563,0,25,25,25,13,-49.2189007943563
01-Aug-2026 01:21:32,-156.616227277131,-49.1831375437961,0,24,24,24,12,-49.1831375437961
01-Aug-2026 01:21:34,-156.952857898007,-49.5197681646722,0,24,24,24,9,-49.5197681646722
01-Aug-2026 01:21:36,-157.002313242044,-49.5692235087089,0,24,24,24,12,-49.5692235087089
01-Aug-2026 01:21:38,-157.066566558651,-49.6334768253157,0,24,24,24,12,-49.6334768253157
01-Aug-2026 01:21:40,-157.078468945061,-49.6453792117262,0,24,24,24,12,-49.6453792117262
01-Aug-2026 01:21:42,-161.565019900584,-54.1319301672488,0,24,24,24,10,-54.1319301672488
01-Aug-2026 01:21:44,-161.687566632358,-54.2544768990233,0,24,24,24,9,-54.2544768990233
01-Aug-2026 01:21:46,-137.218439972468,-29.7853502391327,0,24,24,24,11,-29.7853502391327
01-Aug-2026 01:21:48,-137.146419080509,-29.7133293471743,0,24,24,24,10,-29.7133293471743
01-Aug-2026 01:21:50,-137.030216312738,-29.5971265794024,0,24,24,24,10,-29.5971265794024
01-Aug-2026 01:21:52,-136.895497810167,-29.4624080768317,0,25,25,25,11,-29.4624080768317
01-Aug-2026 01:21:54,-137.830294016005,-30.3972042826699,0,26,26,26,11,-30.3972042826698
01-Aug-2026 01:21:56,-138.065355687177,-30.6322659538415,0,26,26,26,12,-30.6322659538417
01-Aug-2026 01:21:58,-137.744264731102,-30.3111749977665,0,26,26,26,12,-30.3111749977669
01-Aug-2026 01:22:00,-137.611287855219,-30.1781981218842,0,25,25,25,10,-30.1781981218836
01-Aug-2026 01:22:02,-140.192538004166,-32.759448270831,0,25,25,25,9,-32.759448270831
01-Aug-2026 01:22:04,-139.452582706815,-32.0194929734795,0,24,24,24,9,-32.0194929734795
01-Aug-2026 01:22:06,-137.637297688501,-30.2042079551657,0,25,25,25,11,-30.2042079551661
01-Aug-2026 01:22:08,-138.18040349461,-30.747313761275,0,25,25,25,13,-30.7473137612748
01-Aug-2026 01:22:10,-138.344453035029,-30.9113633016934,0,25,25,25,12,-30.9113633016934
01-Aug-2026 01:22:12,-137.57470911344,-30.1416193801045,0,25,25,25,11,-30.1416193801045
01-Aug-2026 01:22:14,-138.08152842642,-30.6484386930846,0,25,25,25,11,-30.6484386930846
01-Aug-2026 01:22:16,-138.80663738894,-31.3735476556049,0,25,25,25,10,-31.3735476556049
01-Aug-2026 01:22:18,-136.986708647657,-29.553618914322,0,25,25,25,11,-29.553618914322
01-Aug-2026 01:22:20,-135.731515888846,-28.2984261555106,0,25,25,25,9,-28.2984261555106
01-Aug-2026 01:22:22,-134.504323840161,-27.0712341068259,0,25,25,25,9,-27.0712341068259
01-Aug-2026 01:22:24,-133.546142440981,-26.1130527076461,0,25,25,25,10,-26.1130527076461
01-Aug-2026 01:22:26,-133.748657935096,-26.3155682017611,0,25,25,25,10,-26.3155682017611
01-Aug-2026 01:22:28,-133.725433056606,-26.2923433232709,0,25,25,25,10,-26.2923433232709
01-Aug-2026 01:22:30,-131.944709424306,-24.5116196909707,0,25,25,25,11,-24.5116196909707
01-Aug-2026 01:22:32,-132.292927271047,-24.8598375377115,0,26,26,26,11,-24.8598375377115
01-Aug-2026 01:22:34,-128.810345576473,-21.3772558431382,0,26,26,26,11,-21.3772558431382
01-Aug-2026 01:22:36,-130.742662659787,-23.3095729264514,0,26,26,26,10,-23.3095729264514
01-Aug-2026 01:22:38,-131.283419819486,-23.8503300861509,0,26,26,26,11,-23.8503300861509
01-Aug-2026 01:22:40,-150.442872192666,-43.0097824593311,0,27,27,27,13,-43.0097824593311
01-Aug-2026 01:22:42,-152.903316103321,-45.4702263699856,0,27,27,27,14,-45.4702263699856
01-Aug-2026 01:22:44,-154.695231865557,-47.2621421322223,0,27,27,27,14,-47.2621421322223
01-Aug-2026 01:22:46,-156.024457652804,-48.5913679194686,0,27,27,27,13,-48.5913679194686
01-Aug-2026 01:22:48,-157.030391641196,-49.5973019078612,0,27,27,27,12,-49.5973019078612
01-Aug-2026 01:22:50,-158.273489675397,-50.8403999420622,0,26,26,26,9,-50.8403999420622
01-Aug-2026 01:22:52,-159.046229081538,-51.613139348203,0,26,26,26,10,-51.613139348203
01-Aug-2026 01:22:54,-151.022898756555,-43.5898090232196,0,26,26,26,9,-43.5898090232196
01-Aug-2026 01:22:56,-150.289814070321,-42.8567243369861,0,26,26,26,9,-42.8567243369861
01-Aug-2026 01:22:58,-150.173641789611,-42.7405520562756,0,26,26,26,7,-42.7405520562756
01-Aug-2026 01:23:00,-150.123549523984,-42.6904597906491,0,26,26,26,6,-42.6904597906491
01-Aug-2026 01:23:02,-149.688376013403,-42.2552862800677,0,26,26,26,7,-42.2552862800677
01-Aug-2026 01:23:04,-140.72652214613,-33.2934324127951,0,26,26,26,10,-33.2934324127951
01-Aug-2026 01:23:06,-141.028408529848,-33.5953187965124,0,26,26,26,8,-33.5953187965124
01-Aug-2026 01:23:08,-141.402971076513,-33.9698813431777,0,26,26,26,9,-33.9698813431777
01-Aug-2026 01:23:10,-142.39910130133,-34.9660115679946,0,26,26,26,8,-34.9660115679946
01-Aug-2026 01:23:12,-142.333719730601,-34.9006299972656,0,26,26,26,9,-34.9006299972656
01-Aug-2026 01:23:14,-142.371143826572,-34.9380540932367,0,26,26,26,11,-34.9380540932367
01-Aug-2026 01:23:16,-142.785365102388,-35.3522753690526,0,26,26,26,12,-35.3522753690526
01-Aug-2026 01:23:18,-143.381121652285,-35.9480319189494,0,26,26,26,11,-35.9480319189494
01-Aug-2026 01:23:20,-143.833220143361,-36.4001304100257,0,26,26,26,11,-36.4001304100257
01-Aug-2026 01:23:22,-143.859099848865,-36.4260101155303,0,26,26,26,11,-36.4260101155303
01-Aug-2026 01:23:24,-144.252501425389,-36.8194116920542,0,26,26,26,15,-36.8194116920542
01-Aug-2026 01:23:26,-143.778957661818,-36.3458679284827,0,26,26,26,14,-36.3458679284827
01-Aug-2026 01:23:28,-147.448423622917,-40.0153338895817,0,26,26,26,14,-40.0153338895817
01-Aug-2026 01:23:30,-147.468361047296,-40.0352713139609,0,26,26,26,14,-40.0352713139609
01-Aug-2026 01:23:32,-148.267750218639,-40.8346604853037,0,26,26,26,12,-40.8346604853037
01-Aug-2026 01:23:34,-148.528708225071,-41.0956184917359,0,26,26,26,13,-41.0956184917359
01-Aug-2026 01:23:36,-148.604637888582,-41.1715481552469,0,26,26,26,13,-41.1715481552469
01-Aug-2026 01:23:38,-148.813279872144,-41.380190138809,0,26,26,26,10,-41.380190138809
01-Aug-2026 01:23:40,-148.89669182221,-41.4636020888746,0,26,26,26,9,-41.4636020888746
01-Aug-2026 01:23:42,-149.24662297723,-41.8135332438952,0,26,26,26,9,-41.8135332438952
01-Aug-2026 01:23:44,-146.274750967996,-38.8416612346604,0,27,27,27,9,-38.8416612346604
01-Aug-2026 01:23:46,-146.319231250769,-38.8861415174335,0,27,27,27,10,-38.8861415174335
01-Aug-2026 01:23:48,-145.937101191903,-38.504011458568,0,27,27,27,10,-38.504011458568
01-Aug-2026 01:23:50,-145.709750399282,-38.2766606659472,0,27,27,27,11,-38.2766606659472
01-Aug-2026 01:23:52,-144.545593755577,-37.1125040222418,0,27,27,27,12,-37.1125040222418
01-Aug-2026 01:23:54,-143.783458965868,-36.3503692325329,0,27,27,27,12,-36.3503692325329
01-Aug-2026 01:23:56,-140.74345180355,-33.310362070215,0,27,27,27,13,-33.310362070215
01-Aug-2026 01:23:58,-136.093288735412,-28.6601990020764,0,27,27,27,12,-28.6601990020764
01-Aug-2026 01:24:00,-132.586929278506,-25.1538395451705,0,27,27,27,13,-25.1538395451705
01-Aug-2026 01:24:02,-127.878484453398,-20.4453947200627,0,26,26,26,14,-20.4453947200627
01-Aug-2026 01:24:04,-168.788107534377,-61.355017801042,0,26,26,26,12,-61.355017801042
01-Aug-2026 01:24:06,-169.945427372217,-62.5123376388815,0,26,26,26,11,-62.5123376388815
01-Aug-2026 01:24:08,-170.071118792544,-62.6380290592089,0,25,25,25,11,-62.6380290592089
01-Aug-2026 01:24:10,-170.075233717275,-62.64214398394,0,25,25,25,11,-62.64214398394
01-Aug-2026 01:24:12,-131.291282936299,-23.8581932029637,0,25,25,25,12,-23.8581932029637
01-Aug-2026 01:24:14,-135.816137244137,-28.3830475108019,0,24,24,24,11,-28.3830475108019
01-Aug-2026 01:24:16,-139.536219458262,-32.1031297249272,0,24,24,24,11,-32.1031297249272
01-Aug-2026 01:24:18,-142.652117650268,-35.2190279169331,0,23,23,23,9,-35.2190279169331
01-Aug-2026 01:24:20,-146.359802614934,-38.9267128815992,0,24,24,24,10,-38.9267128815992
01-Aug-2026 01:24:22,-150.908177458381,-43.4750877250454,0,24,24,24,11,-43.4750877250454
01-Aug-2026 01:24:24,-153.875632291171,-46.4425425578359,0,24,24,24,12,-46.4425425578359
01-Aug-2026 01:24:26,-155.627970650617,-48.1948809172823,0,24,24,24,13,-48.1948809172823
01-Aug-2026 01:24:28,-157.247397763696,-49.8143080303613,0,24,24,24,12,-49.8143080303613
01-Aug-2026 01:24:30,-157.670072561915,-50.2369828285803,0,24,24,24,12,-50.2369828285803
01-Aug-2026 01:24:32,-158.000463968801,-50.5673742354654,0,24,24,24,13,-50.5673742354654
01-Aug-2026 01:24:34,-160.182750233405,-52.7496605000699,0,24,24,24,12,-52.7496605000699
01-Aug-2026 01:24:36,-160.330957685108,-52.8978679517723,0,24,24,24,12,-52.8978679517723
01-Aug-2026 01:24:38,-160.981569522604,-53.5484797892691,0,24,24,24,11,-53.5484797892691
01-Aug-2026 01:24:40,-172.52777155939,-65.0946818260548,0,24,24,24,10,-65.0946818260548
01-Aug-2026 01:24:42,-177.124060367311,-69.6909706339762,0,24,24,24,9,-69.6909706339762
01-Aug-2026 01:24:44,-176.928445154617,-69.4953554212816,0,24,24,24,9,-69.4953554212816
01-Aug-2026 01:24:46,-171.386679874357,-63.9535901410215,0,23,23,23,8,-63.9535901410215
01-Aug-2026 01:24:48,-171.442472890633,-64.0093831572981,0,24,24,24,8,-64.0093831572981
01-Aug-2026 01:24:50,-171.030143027388,-63.5970532940528,0,24,24,24,8,-63.5970532940528
01-Aug-2026 01:24:52,-171.556867065436,-64.123777332101,0,24,24,24,7,-64.123777332101
01-Aug-2026 01:24:54,-171.228971065159,-63.7958813318242,0,24,24,24,9,-63.7958813318242
01-Aug-2026 01:24:56,-175.953966720078,-68.5208769867432,0,24,24,24,10,-68.5208769867432
01-Aug-2026 01:24:58,-175.669304793654,-68.2362150603188,0,24,24,24,9,-68.2362150603188
01-Aug-2026 01:25:00,-175.835942270187,-68.4028525368522,0,24,24,24,8,-68.4028525368522
01-Aug-2026 01:25:02,-173.298167170255,-65.8650774369194,0,24,24,24,8,-65.8650774369194
01-Aug-2026 01:25:04,-173.184910612182,-65.7518208788465,0,24,24,24,7,-65.7518208788465
01-Aug-2026 01:25:06,-172.152156849715,-64.71906711638,0,24,24,24,9,-64.71906711638
01-Aug-2026 01:25:08,-171.952112715381,-64.519022982046,0,25,25,25,11,-64.519022982046
01-Aug-2026 01:25:10,-172.410014928192,-64.9769251948572,0,25,25,25,11,-64.9769251948572
01-Aug-2026 01:25:12,-172.270938340535,-64.8378486071995,0,26,26,26,12,-64.8378486071995
01-Aug-2026 01:25:14,-172.253740675253,-64.8206509419176,0,26,26,26,13,-64.8206509419176
01-Aug-2026 01:25:16,-157.085301958128,-49.6522122247925,0,26,26,26,13,-49.6522122247925
01-Aug-2026 01:25:18,-157.750618615182,-50.3175288818468,0,26,26,26,12,-50.3175288818468
01-Aug-2026 01:25:20,-137.034677204436,-29.6015874711009,0,26,26,26,13,-29.6015874711009
01-Aug-2026 01:25:22,-136.276466968446,-28.8433772351112,0,26,26,26,14,-28.8433772351112
01-Aug-2026 01:25:24,-135.27358873302,-27.8404989996845,0,26,26,26,15,-27.8404989996845
01-Aug-2026 01:25:26,-133.934508089375,-26.5014183560403,0,25,25,25,14,-26.5014183560403
01-Aug-2026 01:25:28,-134.159930605724,-26.7268408723885,0,25,25,25,13,-26.7268408723885
01-Aug-2026 01:25:30,-134.679558653126,-27.2464689197913,0,25,25,25,13,-27.2464689197913
01-Aug-2026 01:25:32,-134.905549441637,-27.4724597083019,0,25,25,25,14,-27.4724597083019
01-Aug-2026 01:25:34,-135.074862075522,-27.6417723421865,0,24,24,24,14,-27.6417723421865
01-Aug-2026 01:25:36,-134.769249701283,-27.3361599679482,0,24,24,24,15,-27.3361599679482
01-Aug-2026 01:25:38,-135.459395893631,-28.0263061602957,0,24,24,24,15,-28.0263061602957
01-Aug-2026 01:25:40,-135.016926236006,-27.5838365026713,0,25,25,25,16,-27.5838365026713
01-Aug-2026 01:25:42,-134.799258563446,-27.366168830111,0,25,25,25,17,-27.366168830111
01-Aug-2026 01:25:44,-135.017152279121,-27.5840625457858,0,25,25,25,17,-27.5840625457858
01-Aug-2026 01:25:46,-135.019959511989,-27.5868697786537,0,25,25,25,16,-27.5868697786537
01-Aug-2026 01:25:48,-134.955403650915,-27.5223139175797,0,25,25,25,16,-27.5223139175797
01-Aug-2026 01:25:50,-134.838222590172,-27.4051328568369,0,24,24,24,14,-27.4051328568369
01-Aug-2026 01:25:52,-135.409110191206,-27.9760204578712,0,24,24,24,15,-27.9760204578712
01-Aug-2026 01:25:54,-135.993978130456,-28.5608883971206,0,25,25,25,17,-28.5608883971206
01-Aug-2026 01:25:56,-135.932265269742,-28.4991755364065,0,25,25,25,16,-28.4991755364065
01-Aug-2026 01:25:58,-135.540874420764,-28.1077846874284,0,25,25,25,14,-28.1077846874284
01-Aug-2026 01:26:00,-135.176631495558,-27.7435417622231,0,25,25,25,15,-27.7435417622231
01-Aug-2026 01:26:02,-135.198951982528,-27.7658622491932,0,25,25,25,15,-27.7658622491932
01-Aug-2026 01:26:04,-134.847173998837,-27.4140842655014,0,25,25,25,14,-27.4140842655014
01-Aug-2026 01:26:06,-135.051869756958,-27.6187800236233,0,25,25,25,12,-27.6187800236233
01-Aug-2026 01:26:08,-134.683439646056,-27.2503499127206,0,25,25,25,13,-27.2503499127206
01-Aug-2026 01:26:10,-134.591194777207,-27.158105043872,0,25,25,25,13,-27.158105043872
01-Aug-2026 01:26:12,-156.4299639201,-48.9968741867652,0,25,25,25,11,-48.9968741867652
01-Aug-2026 01:26:14,-156.518463486818,-49.0853737534831,0,25,25,25,13,-49.0853737534831
01-Aug-2026 01:26:16,-157.005566563815,-49.5724768304794,0,25,25,25,13,-49.5724768304794
01-Aug-2026 01:26:18,-156.678083791728,-49.2449940583926,0,25,25,25,12,-49.2449940583926
01-Aug-2026 01:26:20,-155.564601321902,-48.131511588567,0,25,25,25,12,-48.131511588567
01-Aug-2026 01:26:22,-145.17283170955,-37.7397419762149,0,25,25,25,10,-37.7397419762149
01-Aug-2026 01:26:24,-144.618956704973,-37.1858669716379,0,25,25,25,10,-37.1858669716379
01-Aug-2026 01:26:26,-143.89101772973,-36.4579279963953,0,27,27,27,12,-36.4579279963953
01-Aug-2026 01:26:28,-143.530881135023,-36.0977914016877,0,27,27,27,11,-36.0977914016877
01-Aug-2026 01:26:30,-144.067910821976,-36.6348210886411,0,27,27,27,10,-36.6348210886411
01-Aug-2026 01:26:32,-143.536718916128,-36.1036291827928,0,27,27,27,10,-36.1036291827928
01-Aug-2026 01:26:34,-143.535143649121,-36.1020539157863,0,27,27,27,10,-36.1020539157863
01-Aug-2026 01:26:36,-143.710308709176,-36.277218975841,0,27,27,27,10,-36.277218975841
01-Aug-2026 01:26:38,-143.664009309229,-36.2309195758941,0,27,27,27,11,-36.2309195758941
01-Aug-2026 01:26:40,-143.727297314442,-36.2942075811067,0,26,26,26,11,-36.2942075811067
01-Aug-2026 01:26:42,-144.391150527331,-36.9580607939955,0,26,26,26,13,-36.9580607939955
01-Aug-2026 01:26:44,-144.350354861648,-36.9172651283127,0,26,26,26,13,-36.9172651283127
01-Aug-2026 01:26:46,-145.557147977733,-38.1240582443976,0,26,26,26,14,-38.1240582443976
01-Aug-2026 01:26:48,-142.696749296408,-35.2636595630731,0,26,26,26,15,-35.2636595630731
01-Aug-2026 01:26:50,-142.553885307866,-35.1207955745304,0,26,26,26,15,-35.1207955745304
01-Aug-2026 01:26:52,-143.149704066613,-35.7166143332782,0,26,26,26,11,-35.7166143332782
01-Aug-2026 01:26:54,-142.680310513973,-35.2472207806379,0,26,26,26,10,-35.2472207806379
01-Aug-2026 01:26:56,-141.282685002768,-33.8495952694329,0,26,26,26,11,-33.8495952694329
01-Aug-2026 01:26:58,-140.058840870147,-32.6257511368119,0,26,26,26,11,-32.6257511368119
01-Aug-2026 01:27:00,-139.407425623682,-31.9743358903468,0,26,26,26,11,-31.9743358903468
01-Aug-2026 01:27:02,-141.583372099617,-34.150282366282,0,26,26,26,12,-34.150282366282
01-Aug-2026 01:27:04,-140.604646948911,-33.1715572155756,0,26,26,26,11,-33.1715572155756
01-Aug-2026 01:27:06,-140.736878662696,-33.303788929361,0,26,26,26,10,-33.303788929361
01-Aug-2026 01:27:08,-139.879636133321,-32.4465463999859,0,26,26,26,12,-32.4465463999859
01-Aug-2026 01:27:10,-139.674482344459,-32.2413926111236,0,26,26,26,12,-32.2413926111236
01-Aug-2026 01:27:12,-139.305360706505,-31.8722709731696,0,26,26,26,12,-31.8722709731696
01-Aug-2026 01:27:14,-138.719659085979,-31.2865693526434,0,26,26,26,12,-31.2865693526434
01-Aug-2026 01:27:16,-138.377876570927,-30.9447868375918,0,26,26,26,12,-30.9447868375918
01-Aug-2026 01:27:18,-138.49001043646,-31.0569207031247,0,26,26,26,12,-31.0569207031247
01-Aug-2026 01:27:20,-138.847117995565,-31.41402826223,0,26,26,26,11,-31.41402826223
01-Aug-2026 01:27:22,-138.961400455035,-31.5283107217001,0,26,26,26,13,-31.5283107217001
01-Aug-2026 01:27:24,-138.834675055949,-31.4015853226142,0,26,26,26,15,-31.4015853226142
01-Aug-2026 01:27:26,-139.367039043851,-31.9339493105158,0,26,26,26,15,-31.9339493105158
01-Aug-2026 01:27:28,-138.904673855288,-31.4715841219524,0,26,26,26,12,-31.4715841219524
01-Aug-2026 01:27:30,-138.754202774665,-31.3211130413302,0,26,26,26,12,-31.3211130413302
01-Aug-2026 01:27:32,-138.869996468697,-31.4369067353614,0,26,26,26,12,-31.4369067353614
01-Aug-2026 01:27:34,-138.605605878128,-31.1725161447924,0,26,26,26,13,-31.1725161447924
01-Aug-2026 01:27:36,-138.553205647663,-31.1201159143282,0,27,27,27,15,-31.1201159143282
01-Aug-2026 01:27:38,-138.639496853489,-31.2064071201539,0,27,27,27,16,-31.2064071201539
01-Aug-2026 01:27:40,-139.051269491397,-31.6181797580622,0,27,27,27,15,-31.6181797580622
01-Aug-2026 01:27:42,-138.906391058428,-31.473301325093,0,27,27,27,13,-31.473301325093
01-Aug-2026 01:27:44,-140.884683260561,-33.4515935272262,0,27,27,27,12,-33.4515935272262
01-Aug-2026 01:27:46,-141.609725893449,-34.1766361601135,0,27,27,27,10,-34.1766361601135
01-Aug-2026 01:27:48,-142.249243102103,-34.8161533687681,0,28,28,28,10,-34.8161533687681
01-Aug-2026 01:27:50,-143.063123175198,-35.6300334418633,0,26,26,26,10,-35.6300334418633
01-Aug-2026 01:27:52,-143.775789185325,-36.3426994519895,0,26,26,26,11,-36.3426994519895
01-Aug-2026 01:27:54,-144.109387361566,-36.6762976282311,0,25,25,25,11,-36.6762976282311
01-Aug-2026 01:27:56,-144.634354527122,-37.201264793787,0,25,25,25,12,-37.201264793787
01-Aug-2026 01:27:58,-145.167331680275,-37.7342419469396,0,25,25,25,12,-37.7342419469396
01-Aug-2026 01:28:00,-146.206262621426,-38.7731728880903,0,25,25,25,11,-38.7731728880903
01-Aug-2026 01:28:02,-146.228432736366,-38.7953430030307,0,24,24,24,10,-38.7953430030307
01-Aug-2026 01:28:04,-146.875463201199,-39.4423734678642,0,24,24,24,8,-39.4423734678642
01-Aug-2026 01:28:06,-147.801294851547,-40.3682051182118,0,24,24,24,9,-40.3682051182118
01-Aug-2026 01:28:08,-148.53281401181,-41.0997242784746,0,24,24,24,9,-41.0997242784746
01-Aug-2026 01:28:10,-149.253009047085,-41.8199193137495,0,24,24,24,12,-41.8199193137495
01-Aug-2026 01:28:12,-149.731560990499,-42.2984712571639,0,25,25,25,13,-42.2984712571639
01-Aug-2026 01:28:14,-148.511385541239,-41.0782958079035,0,25,25,25,14,-41.0782958079035
01-Aug-2026 01:28:16,-148.826234523801,-41.3931447904658,0,25,25,25,12,-41.3931447904658
01-Aug-2026 01:28:18,-150.813777140797,-43.3806874074616,0,25,25,25,11,-43.3806874074616
01-Aug-2026 01:28:20,-159.098492146285,-51.6654024129497,0,25,25,25,10,-51.6654024129497
01-Aug-2026 01:28:22,-158.589513599777,-51.1564238664422,0,25,25,25,12,-51.1564238664422
01-Aug-2026 01:28:24,-163.094639488266,-55.6615497549311,0,25,25,25,10,-55.6615497549311
01-Aug-2026 01:28:26,-157.078476427075,-49.6453866937395,0,25,25,25,10,-49.6453866937395
01-Aug-2026 01:28:28,-157.820323435613,-50.3872337022783,0,25,25,25,11,-50.3872337022783
01-Aug-2026 01:28:30,-157.430185341158,-49.9970956078225,0,26,26,26,10,-49.9970956078225
01-Aug-2026 01:28:32,-155.069016947446,-47.6359272141107,0,25,25,25,8,-47.6359272141107
01-Aug-2026 01:28:34,-155.216499756183,-47.7834100228476,0,24,24,24,10,-47.7834100228476
01-Aug-2026 01:28:36,-150.489340822231,-43.0562510888955,0,24,24,24,10,-43.0562510888955
01-Aug-2026 01:28:38,-150.459800828706,-43.0267110953705,0,24,24,24,12,-43.0267110953705
01-Aug-2026 01:28:40,-150.374944429351,-42.941854696016,0,24,24,24,12,-42.941854696016
01-Aug-2026 01:28:42,-150.247407707369,-42.8143179740337,0,24,24,24,11,-42.8143179740337
01-Aug-2026 01:28:44,-150.283094461632,-42.8500047282972,0,24,24,24,11,-42.8500047282972
01-Aug-2026 01:28:46,-151.317729990988,-43.8846402576526,0,24,24,24,10,-43.8846402576526
01-Aug-2026 01:28:48,-150.958247982765,-43.5251582494294,0,24,24,24,10,-43.5251582494294
01-Aug-2026 01:28:50,-150.952544643517,-43.5194549101817,0,24,24,24,10,-43.5194549101817
01-Aug-2026 01:28:52,-150.861026477714,-43.4279367443786,0,24,24,24,9,-43.4279367443786
01-Aug-2026 01:28:54,-151.475672621164,-44.042582887829,0,24,24,24,8,-44.042582887829
01-Aug-2026 01:28:56,-152.907860594301,-45.4747708609655,0,25,25,25,7,-45.4747708609655
01-Aug-2026 01:28:58,-156.507258548181,-49.0741688148458,0,26,26,26,7,-49.0741688148458
01-Aug-2026 01:29:00,-156.42074219119,-48.9876524578551,0,25,25,25,6,-48.9876524578551
01-Aug-2026 01:29:02,-155.618090493149,-48.1850007598143,0,25,25,25,7,-48.1850007598143
01-Aug-2026 01:29:04,-155.130842014645,-47.6977522813103,0,25,25,25,7,-47.6977522813103
01-Aug-2026 01:29:06,-155.520649333335,-48.0875596000002,0,25,25,25,8,-48.0875596000002
01-Aug-2026 01:29:08,-155.416480275974,-47.9833905426387,0,25,25,25,10,-47.9833905426387
01-Aug-2026 01:29:10,-155.563065567875,-48.1299758345402,0,25,25,25,10,-48.1299758345402
01-Aug-2026 01:29:12,-168.363777393131,-60.9306876597956,0,25,25,25,8,-60.9306876597956
01-Aug-2026 01:29:14,-168.533839431726,-61.1007496983912,0,25,25,25,8,-61.1007496983912
01-Aug-2026 01:29:16,-169.274279582703,-61.8411898493679,0,25,25,25,7,-61.8411898493679
01-Aug-2026 01:29:18,-168.681607447975,-61.2485177146403,0,25,25,25,10,-61.2485177146403
01-Aug-2026 01:29:20,-168.446307601788,-61.0132178684526,0,24,24,24,11,-61.0132178684526
01-Aug-2026 01:29:22,-168.260836245471,-60.8277465121355,0,24,24,24,12,-60.8277465121355
01-Aug-2026 01:29:24,-168.007511468589,-60.5744217352533,0,24,24,24,12,-60.5744217352533
01-Aug-2026 01:29:26,-166.841441898369,-59.408352165034,0,24,24,24,13,-59.408352165034
01-Aug-2026 01:29:28,-166.287465577159,-58.8543758438241,0,25,25,25,14,-58.8543758438241
01-Aug-2026 01:29:30,-166.29217298017,-58.8590832468352,0,25,25,25,13,-58.8590832468352
01-Aug-2026 01:29:32,-166.084254828601,-58.6511650952657,0,25,25,25,13,-58.6511650952657
01-Aug-2026 01:29:34,-170.68183404961,-63.2487443162749,0,25,25,25,12,-63.2487443162749
01-Aug-2026 01:29:36,-169.345427324403,-61.912337591068,0,25,25,25,11,-61.912337591068
01-Aug-2026 01:29:38,-169.606728160235,-62.1736384268997,0,25,25,25,11,-62.1736384268997
01-Aug-2026 01:29:40,-169.014978224981,-61.5818884916454,0,26,26,26,11,-61.5818884916454
01-Aug-2026 01:29:42,-160.75336814604,-53.3202784127049,0,25,25,25,12,-53.3202784127049
01-Aug-2026 01:29:44,-161.331046478917,-53.8979567455822,0,25,25,25,10,-53.8979567455822
01-Aug-2026 01:29:46,-162.100121313004,-54.6670315796684,0,25,25,25,11,-54.6670315796684
01-Aug-2026 01:29:48,-153.708819070767,-46.2757293374321,0,25,25,25,12,-46.2757293374321
01-Aug-2026 01:29:50,-153.935852306448,-46.5027625731132,0,25,25,25,13,-46.5027625731132
01-Aug-2026 01:29:52,-153.597373972678,-46.1642842393426,0,25,25,25,12,-46.1642842393426
01-Aug-2026 01:29:54,-153.554682278997,-46.1215925456623,0,25,25,25,11,-46.1215925456623
01-Aug-2026 01:29:56,-153.301646781184,-45.868557047849,0,25,25,25,10,-45.868557047849
01-Aug-2026 01:29:58,-152.499509078957,-45.0664193456217,0,25,25,25,10,-45.0664193456217
01-Aug-2026 01:30:00,-152.745114699949,-45.3120249666142,0,25,25,25,10,-45.3120249666142
01-Aug-2026 01:30:02,-153.167673454551,-45.7345837212159,0,25,25,25,12,-45.7345837212159
01-Aug-2026 01:30:04,-174.007859761675,-66.5747700283403,0,25,25,25,12,-66.5747700283403
01-Aug-2026 01:30:06,-172.963368614841,-65.530278881506,0,25,25,25,12,-65.530278881506
01-Aug-2026 01:30:08,-174.959326970061,-67.5262372367255,0,25,25,25,11,-67.5262372367255
01-Aug-2026 01:30:10,-174.614405528401,-67.1813157950657,0,25,25,25,10,-67.1813157950657
01-Aug-2026 01:30:12,-162.997722964191,-55.5646332308556,0,26,26,26,11,-55.5646332308556
01-Aug-2026 01:30:14,-163.982351728743,-56.549261995408,0,26,26,26,12,-56.549261995408
01-Aug-2026 01:30:16,-147.244919246846,-39.8118295135107,0,26,26,26,13,-39.8118295135107
01-Aug-2026 01:30:18,-145.785353617036,-38.3522638837007,0,27,27,27,13,-38.3522638837007
01-Aug-2026 01:30:20,-145.535677157367,-38.102587424032,0,27,27,27,13,-38.102587424032
01-Aug-2026 01:30:22,-145.038297376031,-37.6052076426955,0,27,27,27,14,-37.6052076426955
01-Aug-2026 01:30:24,-142.803483169807,-35.3703934364719,0,27,27,27,13,-35.3703934364719
01-Aug-2026 01:30:26,-143.232340788464,-35.7992510551283,0,27,27,27,14,-35.7992510551283
01-Aug-2026 01:30:28,-144.218186850663,-36.7850971173282,0,27,27,27,15,-36.7850971173282
01-Aug-2026 01:30:30,-144.52111691338,-37.0880271800449,0,27,27,27,15,-37.0880271800449
01-Aug-2026 01:30:32,-144.642178384845,-37.2090886515094,0,26,26,26,14,-37.2090886515094
01-Aug-2026 01:30:34,-144.734939424815,-37.30184969148,0,26,26,26,15,-37.30184969148
01-Aug-2026 01:30:36,-146.8340246522,-39.4009349188646,0,26,26,26,16,-39.4009349188646
01-Aug-2026 01:30:38,-146.531801099304,-39.0987113659687,0,26,26,26,16,-39.0987113659687
01-Aug-2026 01:30:40,-147.328403018007,-39.8953132846717,0,26,26,26,17,-39.8953132846717
01-Aug-2026 01:30:42,-148.106959017349,-40.6738692840143,0,26,26,26,17,-40.6738692840143
01-Aug-2026 01:30:44,-148.442141572278,-41.0090518389425,0,26,26,26,17,-41.0090518389425
01-Aug-2026 01:30:46,-162.396631576172,-54.9635418428364,0,26,26,26,15,-54.9635418428364
01-Aug-2026 01:30:48,-153.895320545158,-46.4622308118233,0,26,26,26,15,-46.4622308118233
01-Aug-2026 01:30:50,-146.533769267412,-39.1006795340769,0,26,26,26,14,-39.1006795340769
01-Aug-2026 01:30:52,-146.381397222272,-38.9483074889366,0,26,26,26,14,-38.9483074889366
01-Aug-2026 01:30:54,-146.133145549005,-38.7000558156695,0,26,26,26,13,-38.7000558156695
01-Aug-2026 01:30:56,-146.443110725586,-39.0100209922507,0,26,26,26,10,-39.0100209922507
01-Aug-2026 01:30:58,-146.626113417084,-39.1930236837492,0,26,26,26,13,-39.1930236837492
01-Aug-2026 01:31:00,-146.444805625449,-39.0117158921136,0,26,26,26,10,-39.0117158921136
01-Aug-2026 01:31:02,-146.596385966934,-39.163296233599,0,26,26,26,13,-39.163296233599
01-Aug-2026 01:31:04,-146.009470701852,-38.5763809685171,0,26,26,26,13,-38.5763809685171
01-Aug-2026 01:31:06,-146.188164868136,-38.7550751348012,0,26,26,26,14,-38.7550751348012
01-Aug-2026 01:31:08,-146.600807704373,-39.1677179710379,0,26,26,26,14,-39.1677179710379
01-Aug-2026 01:31:10,-152.738459878349,-45.3053701450138,0,26,26,26,13,-45.3053701450138
01-Aug-2026 01:31:12,-152.838585293959,-45.4054955606236,0,26,26,26,13,-45.4054955606236
01-Aug-2026 01:31:14,-134.98570987682,-27.5526201434848,0,26,26,26,14,-27.5526201434848
01-Aug-2026 01:31:16,-136.088785558389,-28.6556958250535,0,26,26,26,14,-28.6556958250535
01-Aug-2026 01:31:18,-136.26103583971,-28.8279461063748,0,26,26,26,15,-28.8279461063748
01-Aug-2026 01:31:20,-136.126041108865,-28.6929513755303,0,26,26,26,15,-28.6929513755303
01-Aug-2026 01:31:22,-137.698779071397,-30.2656893380623,0,26,26,26,15,-30.2656893380623
01-Aug-2026 01:31:24,-138.235996681142,-30.8029069478071,0,26,26,26,15,-30.8029069478071
01-Aug-2026 01:31:26,-138.558157774333,-31.1250680409983,0,26,26,26,14,-31.1250680409983
01-Aug-2026 01:31:28,-139.188386177195,-31.7552964438595,0,27,27,27,14,-31.7552964438595
01-Aug-2026 01:31:30,-139.621795387807,-32.1887056544715,0,27,27,27,14,-32.1887056544715
01-Aug-2026 01:31:32,-171.473817215914,-64.040727482579,0,27,27,27,12,-64.040727482579
01-Aug-2026 01:31:34,-171.594044123986,-64.1609543906509,0,27,27,27,11,-64.1609543906509
01-Aug-2026 01:31:36,-171.721191188338,-64.2881014550024,0,27,27,27,11,-64.2881014550024
01-Aug-2026 01:31:38,-171.61102332053,-64.1779335871945,0,26,26,26,10,-64.1779335871945
01-Aug-2026 01:31:40,-172.603703338364,-65.1706136050287,0,26,26,26,11,-65.1706136050287
01-Aug-2026 01:31:42,-174.988184285349,-67.5550945520143,0,25,25,25,9,-67.5550945520143
01-Aug-2026 01:31:44,-174.434629069691,-67.0015393363557,0,25,25,25,10,-67.0015393363557
01-Aug-2026 01:31:46,-173.879327166616,-66.4462374332807,0,25,25,25,10,-66.4462374332807
01-Aug-2026 01:31:48,-174.496796496499,-67.063706763164,0,25,25,25,9,-67.063706763164
01-Aug-2026 01:31:50,-174.489126859106,-67.0560371257705,0,24,24,24,9,-67.0560371257705
01-Aug-2026 01:31:52,-154.858036687169,-47.4249469538339,0,24,24,24,10,-47.4249469538339
01-Aug-2026 01:31:54,-155.10102643009,-47.6679366967545,0,24,24,24,11,-47.6679366967545
01-Aug-2026 01:31:56,-155.488088138002,-48.0549984046668,0,25,25,25,13,-48.0549984046668
01-Aug-2026 01:31:58,-155.484729685704,-48.0516399523684,0,25,25,25,12,-48.0516399523684
01-Aug-2026 01:32:00,-155.623275952176,-48.1901862188404,0,26,26,26,12,-48.1901862188404
01-Aug-2026 01:32:02,-155.668284809091,-48.2351950757557,0,25,25,25,11,-48.2351950757557
01-Aug-2026 01:32:04,-156.111667401876,-48.6785776685411,0,26,26,26,14,-48.6785776685411
01-Aug-2026 01:32:06,-155.638595074198,-48.2055053408627,0,26,26,26,13,-48.2055053408627
01-Aug-2026 01:32:08,-156.189093472779,-48.7560037394437,0,26,26,26,13,-48.7560037394437
01-Aug-2026 01:32:10,-155.890773065981,-48.4576833326458,0,26,26,26,13,-48.4576833326458
01-Aug-2026 01:32:12,-155.852155739157,-48.4190660058223,0,26,26,26,13,-48.4190660058223
01-Aug-2026 01:32:14,-155.796322970172,-48.3632332368365,0,26,26,26,13,-48.3632332368365
01-Aug-2026 01:32:16,-156.243143612567,-48.8100538792318,0,26,26,26,12,-48.8100538792318
01-Aug-2026 01:32:18,-156.072871867396,-48.6397821340612,0,25,25,25,11,-48.6397821340612
01-Aug-2026 01:32:20,-156.527473330774,-49.0943835974389,0,25,25,25,11,-49.0943835974389
01-Aug-2026 01:32:22,-157.199319580469,-49.7662298471341,0,24,24,24,11,-49.7662298471341
01-Aug-2026 01:32:24,-157.74023615709,-50.3071464237547,0,24,24,24,10,-50.3071464237547
01-Aug-2026 01:32:26,-157.98444529776,-50.5513555644251,0,24,24,24,9,-50.5513555644251
01-Aug-2026 01:32:28,-158.253364313337,-50.8202745800021,0,24,24,24,9,-50.8202745800021
01-Aug-2026 01:32:30,-158.379935783252,-50.9468460499163,0,24,24,24,9,-50.9468460499163
01-Aug-2026 01:32:32,-157.868247925048,-50.4351581917125,0,24,24,24,10,-50.4351581917125
01-Aug-2026 01:32:34,-176.369123663166,-68.9360339298307,0,24,24,24,9,-68.9360339298307
01-Aug-2026 01:32:36,-172.592539672988,-65.1594499396524,0,24,24,24,9,-65.1594499396524
01-Aug-2026 01:32:38,-176.551671073906,-69.1185813405712,0,24,24,24,9,-69.1185813405712
01-Aug-2026 01:32:40,-177.80941396804,-70.3763242347051,0,24,24,24,10,-70.3763242347051
01-Aug-2026 01:32:42,-178.076002708814,-70.642912975479,0,23,23,23,9,-70.642912975479
01-Aug-2026 01:32:44,-178.127730076136,-70.6946403428007,0,23,23,23,9,-70.6946403428007
01-Aug-2026 01:32:46,-178.131210042084,-70.6981203087483,0,24,24,24,9,-70.6981203087483
01-Aug-2026 01:32:48,-178.357167594111,-70.9240778607762,0,24,24,24,9,-70.9240778607762
01-Aug-2026 01:32:50,-171.654318657893,-64.2212289245581,0,24,24,24,10,-64.2212289245581
01-Aug-2026 01:32:52,-169.792190135935,-62.3591004025999,0,24,24,24,11,-62.3591004025999
01-Aug-2026 01:32:54,-169.819029526438,-62.385939793103,0,24,24,24,11,-62.385939793103
01-Aug-2026 01:32:56,-170.452144266824,-63.0190545334887,0,24,24,24,11,-63.0190545334887
01-Aug-2026 01:32:58,-170.918850788099,-63.4857610547637,0,24,24,24,10,-63.4857610547637
01-Aug-2026 01:33:00,-170.981423761863,-63.5483340285278,0,24,24,24,10,-63.5483340285278
01-Aug-2026 01:33:02,-170.508594075984,-63.075504342649,0,24,24,24,12,-63.075504342649
01-Aug-2026 01:33:04,-168.392743348367,-60.9596536150323,0,24,24,24,12,-60.9596536150323
01-Aug-2026 01:33:06,-168.402758918326,-60.969669184991,0,24,24,24,11,-60.969669184991
01-Aug-2026 01:33:08,-170.628025758396,-63.1949360250607,0,24,24,24,8,-63.1949360250607
01-Aug-2026 01:33:10,-170.245487290518,-62.8123975571831,0,24,24,24,10,-62.8123975571831
01-Aug-2026 01:33:12,-170.191885039443,-62.7587953061081,0,23,23,23,11,-62.7587953061081
01-Aug-2026 01:33:14,-157.951419982527,-50.5183302491918,0,24,24,24,11,-50.5183302491918
01-Aug-2026 01:33:16,-157.843420476301,-50.4103307429658,0,25,25,25,12,-50.4103307429658
01-Aug-2026 01:33:18,-155.872870870365,-48.4397811370294,0,25,25,25,13,-48.4397811370294
01-Aug-2026 01:33:20,-155.61680247408,-48.183712740745,0,25,25,25,12,-48.183712740745
01-Aug-2026 01:33:22,-155.858165343327,-48.4250756099917,0,25,25,25,12,-48.4250756099917
01-Aug-2026 01:33:24,-155.497163105597,-48.0640733722621,0,25,25,25,13,-48.0640733722621
01-Aug-2026 01:33:26,-155.106524728625,-47.6734349952897,0,25,25,25,13,-47.6734349952897
01-Aug-2026 01:33:28,-155.294360186394,-47.8612704530587,0,26,26,26,13,-47.8612704530587
01-Aug-2026 01:33:30,-155.172233233227,-47.7391434998918,0,26,26,26,13,-47.7391434998918
01-Aug-2026 01:33:32,-154.92436317117,-47.4912734378346,0,26,26,26,14,-47.4912734378346
01-Aug-2026 01:33:34,-154.834822968719,-47.4017332353842,0,25,25,25,12,-47.4017332353842
01-Aug-2026 01:33:36,-154.562588245133,-47.1294985117982,0,25,25,25,12,-47.1294985117982
01-Aug-2026 01:33:38,-154.329526256599,-46.896436523264,0,25,25,25,12,-46.896436523264
01-Aug-2026 01:33:40,-154.137784576863,-46.7046948435279,0,25,25,25,13,-46.7046948435279
01-Aug-2026 01:33:42,-154.03935591133,-46.6062661779951,0,25,25,25,12,-46.6062661779951
01-Aug-2026 01:33:44,-153.758036777382,-46.3249470440465,0,25,25,25,14,-46.3249470440465
01-Aug-2026 01:33:46,-153.391907126788,-45.9588173934527,0,25,25,25,13,-45.9588173934527
01-Aug-2026 01:33:48,-152.659646035984,-45.2265563026491,0,24,24,24,13,-45.2265563026491
01-Aug-2026 01:33:50,-151.933771733904,-44.5006820005684,0,25,25,25,14,-44.5006820005684
01-Aug-2026 01:33:52,-151.539735848279,-44.1066461149437,0,25,25,25,14,-44.1066461149437
01-Aug-2026 01:33:54,-151.368646487383,-43.9355567540474,0,25,25,25,14,-43.9355567540474
01-Aug-2026 01:33:56,-151.606360015758,-44.1732702824228,0,25,25,25,14,-44.1732702824228
01-Aug-2026 01:33:58,-151.907809036547,-44.4747193032114,0,25,25,25,13,-44.4747193032114
01-Aug-2026 01:34:00,-151.8117714194,-44.3786816860648,0,26,26,26,13,-44.3786816860648
01-Aug-2026 01:34:02,-151.446635070492,-44.0135453371569,0,26,26,26,14,-44.0135453371569
01-Aug-2026 01:34:04,-150.935337470271,-43.5022477369363,0,26,26,26,14,-43.5022477369363
01-Aug-2026 01:34:06,-143.582074519615,-36.14898478628,0,26,26,26,16,-36.14898478628
01-Aug-2026 01:34:08,-150.565569182339,-43.132479449004,0,26,26,26,15,-43.132479449004
01-Aug-2026 01:34:10,-149.477574602718,-42.0444848693824,0,26,26,26,15,-42.0444848693824
01-Aug-2026 01:34:12,-160.454001215882,-53.0209114825472,0,27,27,27,18,-53.0209114825472
01-Aug-2026 01:34:14,-160.833115775998,-53.4000260426627,0,27,27,27,16,-53.4000260426627
01-Aug-2026 01:34:16,-160.509508342558,-53.0764186092224,0,27,27,27,16,-53.0764186092224
01-Aug-2026 01:34:18,-159.919380949646,-52.4862912163103,0,27,27,27,15,-52.4862912163103
01-Aug-2026 01:34:20,-156.19680651557,-48.7637167822345,0,27,27,27,14,-48.7637167822345
01-Aug-2026 01:34:22,-147.789308476683,-40.3562187433482,0,27,27,27,13,-40.3562187433482
01-Aug-2026 01:34:24,-147.31645349523,-39.8833637618945,0,26,26,26,14,-39.8833637618945
01-Aug-2026 01:34:26,-147.565744044482,-40.1326543111467,0,26,26,26,13,-40.1326543111467
01-Aug-2026 01:34:28,-147.989089979257,-40.556000245922,0,26,26,26,12,-40.556000245922
01-Aug-2026 01:34:30,-135.887002470352,-28.4539127370163,0,26,26,26,13,-28.4539127370162
01-Aug-2026 01:34:32,-134.822344507613,-27.3892547742783,0,26,26,26,14,-27.3892547742783
01-Aug-2026 01:34:34,-133.284664669585,-25.8515749362496,0,26,26,26,14,-25.8515749362496
01-Aug-2026 01:34:36,-132.129439110268,-24.6963493769332,0,26,26,26,14,-24.6963493769332
01-Aug-2026 01:34:38,-129.803409896436,-22.370320163101,0,26,26,26,15,-22.370320163101
01-Aug-2026 01:34:40,-128.729913933691,-21.2968242003554,0,26,26,26,14,-21.2968242003554
01-Aug-2026 01:34:42,-127.199534930907,-19.7664451975719,0,26,26,26,14,-19.7664451975719
01-Aug-2026 01:34:44,-126.221722102877,-18.7886323695419,0,26,26,26,12,-18.7886323695419
01-Aug-2026 01:34:46,-125.547527513708,-18.1144377803725,0,26,26,26,11,-18.1144377803725
01-Aug-2026 01:34:48,-125.133592960731,-17.7005032273954,0,26,26,26,10,-17.7005032273954
01-Aug-2026 01:34:50,-125.669759245091,-18.2366695117562,0,26,26,26,10,-18.2366695117562
01-Aug-2026 01:34:52,-126.958393632575,-19.5253038992403,0,26,26,26,10,-19.5253038992403
01-Aug-2026 01:34:54,-128.176173121012,-20.743083387677,0,26,26,26,9,-20.743083387677
01-Aug-2026 01:34:56,-130.376359247212,-22.9432695138768,0,26,26,26,9,-22.9432695138768
01-Aug-2026 01:34:58,-155.546377743501,-48.1132880101656,0,26,26,26,10,-48.1132880101656
01-Aug-2026 01:35:00,-155.801901747147,-48.3688120138114,0,26,26,26,11,-48.3688120138114
01-Aug-2026 01:35:02,-156.001555932028,-48.5684661986928,0,26,26,26,13,-48.5684661986928
01-Aug-2026 01:35:04,-157.720600508717,-50.2875107753816,0,26,26,26,13,-50.2875107753816
01-Aug-2026 01:35:06,-157.054220098241,-49.6211303649061,0,26,26,26,12,-49.6211303649061
01-Aug-2026 01:35:08,-153.77565813265,-46.3425683993148,0,26,26,26,13,-46.3425683993148
01-Aug-2026 01:35:10,-153.904005650434,-46.4709159170993,0,26,26,26,12,-46.4709159170993
01-Aug-2026 01:35:12,-150.697065820157,-43.2639760868223,0,26,26,26,12,-43.2639760868223
01-Aug-2026 01:35:14,-150.732915951704,-43.2998262183692,0,26,26,26,12,-43.2998262183692
01-Aug-2026 01:35:16,-143.925433343217,-36.4923436098819,0,26,26,26,13,-36.4923436098819
01-Aug-2026 01:35:18,-145.148405506487,-37.7153157731516,0,27,27,27,14,-37.7153157731516
01-Aug-2026 01:35:20,-145.831421948233,-38.3983322148982,0,27,27,27,14,-38.3983322148982
01-Aug-2026 01:35:22,-146.353079511774,-38.9199897784391,0,27,27,27,15,-38.9199897784391
01-Aug-2026 01:35:24,-146.478730269615,-39.0456405362795,0,26,26,26,15,-39.0456405362795
01-Aug-2026 01:35:26,-147.179573471106,-39.7464837377707,0,26,26,26,16,-39.7464837377707
01-Aug-2026 01:35:28,-147.404687555867,-39.9715978225318,0,26,26,26,17,-39.9715978225318
01-Aug-2026 01:35:30,-147.547465832052,-40.1143760987167,0,26,26,26,18,-40.1143760987167
01-Aug-2026 01:35:32,-148.154704423379,-40.721614690044,0,27,27,27,19,-40.721614690044
01-Aug-2026 01:35:34,-148.654768484292,-41.2216787509566,0,27,27,27,19,-41.2216787509566
01-Aug-2026 01:35:36,-149.254384760618,-41.8212950272829,0,25,25,25,17,-41.8212950272829
01-Aug-2026 01:35:38,-149.664264140467,-42.2311744071314,0,24,24,24,16,-42.2311744071314
01-Aug-2026 01:35:40,-150.259123441934,-42.8260337085983,0,24,24,24,13,-42.8260337085983
01-Aug-2026 01:35:42,-148.833921046102,-41.400831312767,0,24,24,24,13,-41.400831312767
01-Aug-2026 01:35:44,-148.68256658232,-41.2494768489848,0,24,24,24,12,-41.2494768489848
01-Aug-2026 01:35:46,-148.860865926798,-41.4277761934627,0,24,24,24,12,-41.4277761934627
01-Aug-2026 01:35:48,-149.216841826332,-41.783752092997,0,24,24,24,13,-41.783752092997
01-Aug-2026 01:35:50,-151.809156073116,-44.3760663397813,0,24,24,24,12,-44.3760663397813
01-Aug-2026 01:35:52,-152.560010457474,-45.1269207241392,0,24,24,24,12,-45.1269207241392
01-Aug-2026 01:35:54,-152.497835794917,-45.064746061582,0,24,24,24,12,-45.064746061582
01-Aug-2026 01:35:56,-152.841635920956,-45.408546187621,0,24,24,24,11,-45.408546187621
01-Aug-2026 01:35:58,-152.965232824938,-45.5321430916026,0,25,25,25,12,-45.5321430916026
01-Aug-2026 01:36:00,-153.214217813835,-45.7811280805,0,25,25,25,13,-45.7811280805
01-Aug-2026 01:36:02,-151.025609061885,-43.5925193285498,0,25,25,25,15,-43.5925193285498
01-Aug-2026 01:36:04,-151.369226781972,-43.9361370486364,0,25,25,25,17,-43.9361370486364
01-Aug-2026 01:36:06,-154.248381843711,-46.815292110376,0,24,24,24,17,-46.815292110376
01-Aug-2026 01:36:08,-154.154148157229,-46.7210584238941,0,24,24,24,17,-46.7210584238941
01-Aug-2026 01:36:10,-154.365531594675,-46.9324418613397,0,24,24,24,17,-46.9324418613397
01-Aug-2026 01:36:12,-154.601858686993,-47.1687689536574,0,24,24,24,17,-47.1687689536574
01-Aug-2026 01:36:14,-154.649209751887,-47.2161200185514,0,24,24,24,14,-47.2161200185514
01-Aug-2026 01:36:16,-155.03093477672,-47.5978450433848,0,24,24,24,14,-47.5978450433848
01-Aug-2026 01:36:18,-154.974032577603,-47.5409428442682,0,24,24,24,13,-47.5409428442682
01-Aug-2026 01:36:20,-154.913006934478,-47.4799172011426,0,24,24,24,12,-47.4799172011426
01-Aug-2026 01:36:22,-155.233873683532,-47.8007839501971,0,24,24,24,13,-47.8007839501971
01-Aug-2026 01:36:24,-155.283810751254,-47.8507210179184,0,24,24,24,14,-47.8507210179184
01-Aug-2026 01:36:26,-158.39554165642,-50.9624519230845,0,24,24,24,13,-50.9624519230845
01-Aug-2026 01:36:28,-158.558225619397,-51.1251358860623,0,24,24,24,14,-51.1251358860623
01-Aug-2026 01:36:30,-158.376314281669,-50.943224548334,0,24,24,24,13,-50.943224548334
01-Aug-2026 01:36:32,-158.372903108387,-50.9398133750518,0,25,25,25,15,-50.9398133750518
01-Aug-2026 01:36:34,-158.828090720597,-51.3950009872618,0,25,25,25,17,-51.3950009872618
01-Aug-2026 01:36:36,-158.417619407348,-50.984529674013,0,25,25,25,17,-50.984529674013
01-Aug-2026 01:36:38,-158.299824446565,-50.8667347132301,0,25,25,25,17,-50.8667347132301
01-Aug-2026 01:36:40,-158.865621234704,-51.4325315013691,0,25,25,25,17,-51.4325315013691
01-Aug-2026 01:36:42,-158.814065721565,-51.3809759882297,0,25,25,25,18,-51.3809759882297
01-Aug-2026 01:36:44,-158.699138939342,-51.2660492060072,0,25,25,25,18,-51.2660492060072
01-Aug-2026 01:36:46,-158.389671562263,-50.9565818289277,0,25,25,25,17,-50.9565818289277
01-Aug-2026 01:36:48,-158.194324296736,-50.7612345634011,0,24,24,24,15,-50.7612345634011
01-Aug-2026 01:36:50,-157.665585969321,-50.2324962359862,0,24,24,24,14,-50.2324962359862
01-Aug-2026 01:36:52,-157.49906767168,-50.0659779383451,0,24,24,24,13,-50.0659779383451
01-Aug-2026 01:36:54,-157.148390079147,-49.715300345812,0,24,24,24,13,-49.715300345812
01-Aug-2026 01:36:56,-156.813992274494,-49.3809025411591,0,24,24,24,13,-49.3809025411591
01-Aug-2026 01:36:58,-156.380651947264,-48.9475622139287,0,24,24,24,12,-48.9475622139287
01-Aug-2026 01:37:00,-162.681685040587,-55.2485953072517,0,24,24,24,12,-55.2485953072517
01-Aug-2026 01:37:02,-162.740844990635,-55.3077552573002,0,24,24,24,12,-55.3077552573002
01-Aug-2026 01:37:04,-162.829134408994,-55.3960446756586,0,25,25,25,13,-55.3960446756586
01-Aug-2026 01:37:06,-163.422750835167,-55.9896611018321,0,24,24,24,12,-55.9896611018321
01-Aug-2026 01:37:08,-163.702714312656,-56.2696245793205,0,24,24,24,12,-56.2696245793205
01-Aug-2026 01:37:10,-164.451236587545,-57.0181468542094,0,24,24,24,13,-57.0181468542094
01-Aug-2026 01:37:12,-164.531937168803,-57.0988474354682,0,24,24,24,11,-57.0988474354682
01-Aug-2026 01:37:14,-164.90874500758,-57.4756552742446,0,24,24,24,12,-57.4756552742446
01-Aug-2026 01:37:16,-164.568465697789,-57.1353759644535,0,25,25,25,12,-57.1353759644535
01-Aug-2026 01:37:18,-170.009899670166,-62.5768099368306,0,25,25,25,10,-62.5768099368306
01-Aug-2026 01:37:20,-170.52520445324,-63.0921147199052,0,25,25,25,10,-63.0921147199052
01-Aug-2026 01:37:22,-170.620947456227,-63.1878577228914,0,25,25,25,10,-63.1878577228914
01-Aug-2026 01:37:24,-170.531938176338,-63.0988484430031,0,24,24,24,9,-63.0988484430031
01-Aug-2026 01:37:26,-170.506902791151,-63.0738130578163,0,24,24,24,10,-63.0738130578163
01-Aug-2026 01:37:28,-170.318019220134,-62.8849294867988,0,24,24,24,10,-62.8849294867988
01-Aug-2026 01:37:30,-170.219254823417,-62.7861650900819,0,24,24,24,10,-62.7861650900819
01-Aug-2026 01:37:32,-148.760444036797,-41.3273543034623,0,24,24,24,11,-41.3273543034623
01-Aug-2026 01:37:34,-148.193722284303,-40.7606325509674,0,24,24,24,11,-40.7606325509674
01-Aug-2026 01:37:36,-148.550966548183,-41.1178768148473,0,24,24,24,11,-41.1178768148473
01-Aug-2026 01:37:38,-148.070696908688,-40.6376071753531,0,24,24,24,11,-40.6376071753531
01-Aug-2026 01:37:40,-147.679559331874,-40.2464695985386,0,23,23,23,11,-40.2464695985386
01-Aug-2026 01:37:42,-147.102295112876,-39.6692053795412,0,24,24,24,11,-39.6692053795412
01-Aug-2026 01:37:44,-146.81855026293,-39.3854605295946,0,24,24,24,12,-39.3854605295946
01-Aug-2026 01:37:46,-146.804590699913,-39.3715009665775,0,25,25,25,14,-39.3715009665775
01-Aug-2026 01:37:48,-146.902581491042,-39.4694917577071,0,25,25,25,14,-39.4694917577071
01-Aug-2026 01:37:50,-146.759938981491,-39.3268492481562,0,25,25,25,15,-39.3268492481562
01-Aug-2026 01:37:52,-146.650835450414,-39.2177457170785,0,25,25,25,14,-39.2177457170785
01-Aug-2026 01:37:54,-146.832248737995,-39.3991590046602,0,25,25,25,13,-39.3991590046602
01-Aug-2026 01:37:56,-147.015022298735,-39.5819325653994,0,25,25,25,13,-39.5819325653994
01-Aug-2026 01:37:58,-147.254978413726,-39.8218886803905,0,25,25,25,13,-39.8218886803905
01-Aug-2026 01:38:00,-147.144951160571,-39.7118614272363,0,25,25,25,12,-39.7118614272363
01-Aug-2026 01:38:02,-147.120027235175,-39.6869375018399,0,25,25,25,11,-39.6869375018399
01-Aug-2026 01:38:04,-147.427087087732,-39.9939973543968,0,26,26,26,12,-39.9939973543968
01-Aug-2026 01:38:06,-147.823886818601,-40.3907970852659,0,26,26,26,11,-40.3907970852659
01-Aug-2026 01:38:08,-145.969612898748,-38.5365231654131,0,26,26,26,11,-38.5365231654131
01-Aug-2026 01:38:10,-147.914718353833,-40.4816286204977,0,26,26,26,8,-40.4816286204977
01-Aug-2026 01:38:12,-148.212697326664,-40.7796075933292,0,26,26,26,8,-40.7796075933292
01-Aug-2026 01:38:14,-148.023963437512,-40.5908737041766,0,25,25,25,8,-40.5908737041766
01-Aug-2026 01:38:16,-148.029305483343,-40.596215750008,0,25,25,25,7,-40.596215750008
01-Aug-2026 01:38:18,-147.936194763438,-40.5031050301027,0,25,25,25,9,-40.5031050301027
01-Aug-2026 01:38:20,-148.262745435685,-40.8296557023496,0,25,25,25,10,-40.8296557023496
01-Aug-2026 01:38:22,-148.350878392395,-40.9177886590598,0,25,25,25,10,-40.9177886590598
01-Aug-2026 01:38:24,-148.624250782657,-41.1911610493215,0,25,25,25,11,-41.1911610493215
01-Aug-2026 01:38:26,-148.687011156147,-41.2539214228114,0,25,25,25,14,-41.2539214228114
01-Aug-2026 01:38:28,-165.994128453555,-58.56103872022,0,25,25,25,13,-58.56103872022
01-Aug-2026 01:38:30,-166.079366944756,-58.6462772114211,0,25,25,25,13,-58.6462772114211
01-Aug-2026 01:38:32,-171.637236189334,-64.2041464559991,0,25,25,25,12,-64.2041464559991
01-Aug-2026 01:38:34,-171.415294341354,-63.9822046080185,0,25,25,25,13,-63.9822046080185
01-Aug-2026 01:38:36,-171.623618642569,-64.1905289092337,0,25,25,25,11,-64.1905289092337
01-Aug-2026 01:38:38,-170.14364963083,-62.7105598974952,0,25,25,25,14,-62.7105598974952
01-Aug-2026 01:38:40,-170.01950000734,-62.5864102740044,0,25,25,25,13,-62.5864102740044
01-Aug-2026 01:38:42,-169.013972288731,-61.580882555396,0,25,25,25,15,-14.9698174565039
01-Aug-2026 01:38:44,-126.907879831253,-19.474790097918,0,25,25,25,15,-19.474790097918
01-Aug-2026 01:38:46,-128.180311554367,-20.7472218210322,0,25,25,25,15,-20.7472218210322
01-Aug-2026 01:38:48,-129.731121640078,-22.298031906743,0,25,25,25,13,-22.298031906743
01-Aug-2026 01:38:50,-140.159074639411,-32.7259849060759,0,25,25,25,14,-32.7259849060759
01-Aug-2026 01:38:52,-141.688605254732,-34.2555155213968,0,25,25,25,13,-34.2555155213968
01-Aug-2026 01:38:54,-142.993484263359,-35.5603945300242,0,25,25,25,14,-35.5603945300242
01-Aug-2026 01:38:56,-143.497290865513,-36.0642011321778,0,25,25,25,14,-36.0642011321778
01-Aug-2026 01:38:58,-142.104358661411,-34.671268928076,0,26,26,26,14,-34.671268928076
01-Aug-2026 01:39:00,-142.758697435588,-35.3256077022525,0,26,26,26,15,-35.3256077022525
01-Aug-2026 01:39:02,-143.449833165818,-36.0167434324828,0,26,26,26,14,-36.0167434324828
01-Aug-2026 01:39:04,-143.815369355804,-36.382279622469,0,26,26,26,14,-36.382279622469
01-Aug-2026 01:39:06,-144.101891975716,-36.6688022423807,0,26,26,26,14,-36.6688022423807
01-Aug-2026 01:39:08,-144.490889908163,-37.0578001748279,0,26,26,26,14,-37.0578001748279
01-Aug-2026 01:39:10,-146.093738972005,-38.6606492386701,0,27,27,27,14,-38.6606492386701
01-Aug-2026 01:39:12,-146.694934618348,-39.2618448850132,0,25,25,25,13,-39.2618448850132
01-Aug-2026 01:39:14,-166.613545656375,-59.18045592304,0,25,25,25,12,-59.18045592304
01-Aug-2026 01:39:16,-166.530941802538,-59.0978520692027,0,25,25,25,14,-59.0978520692027
01-Aug-2026 01:39:18,-166.479514014633,-59.0464242812976,0,25,25,25,14,-59.0464242812976
01-Aug-2026 01:39:20,-166.602927526801,-59.1698377934653,0,25,25,25,14,-59.1698377934653
01-Aug-2026 01:39:22,-163.14679796162,-55.7137082282848,0,26,26,26,15,-55.7137082282848
01-Aug-2026 01:39:24,-163.065850223505,-55.6327604901698,0,26,26,26,15,-55.6327604901698
01-Aug-2026 01:39:26,-163.736547281761,-56.3034575484258,0,25,25,25,14,-56.3034575484258
01-Aug-2026 01:39:28,-163.700335489168,-56.2672457558328,0,24,24,24,12,-56.2672457558328
01-Aug-2026 01:39:30,-159.474081581229,-52.040991847894,0,24,24,24,12,-52.040991847894
01-Aug-2026 01:39:32,-155.746513208496,-48.3134234751604,0,24,24,24,11,-48.3134234751604
01-Aug-2026 01:39:34,-155.469699219478,-48.0366094861431,0,24,24,24,9,-48.0366094861431
01-Aug-2026 01:39:36,-155.280543268376,-47.847453535041,0,24,24,24,12,-47.847453535041
01-Aug-2026 01:39:38,-154.888993796232,-47.455904062897,0,24,24,24,12,-47.455904062897
01-Aug-2026 01:39:40,-154.907824884657,-47.4747351513216,0,24,24,24,11,-47.4747351513216
01-Aug-2026 01:39:42,-155.042261678123,-47.6091719447877,0,25,25,25,12,-47.6091719447877
01-Aug-2026 01:39:44,-155.102489787284,-47.6694000539486,0,24,24,24,11,-47.6694000539486
01-Aug-2026 01:39:46,-155.954491836185,-48.5214021028494,0,24,24,24,10,-48.5214021028494
01-Aug-2026 01:39:48,-155.902279444864,-48.4691897115286,0,24,24,24,9,-48.4691897115286
01-Aug-2026 01:39:50,-155.876038490738,-48.4429487574025,0,24,24,24,7,-48.4429487574025
01-Aug-2026 01:39:52,-154.453592877716,-47.0205031443809,0,24,24,24,10,-47.0205031443809
01-Aug-2026 01:39:54,-153.899363540154,-46.4662738068185,0,24,24,24,10,-46.4662738068185
01-Aug-2026 01:39:56,-151.441344848101,-44.0082551147656,0,24,24,24,11,-44.0082551147656
01-Aug-2026 01:39:58,-150.437571281626,-43.0044815482908,0,24,24,24,10,-43.0044815482908
01-Aug-2026 01:40:00,-146.787628847206,-39.3545391138713,0,24,24,24,11,-39.3545391138713
01-Aug-2026 01:40:02,-143.660367806364,-36.2272780730292,0,24,24,24,11,-36.2272780730292
01-Aug-2026 01:40:04,-151.559437862223,-44.1263481288882,0,24,24,24,10,-44.1263481288882
01-Aug-2026 01:40:06,-151.696399502405,-44.2633097690695,0,24,24,24,10,-44.2633097690695
01-Aug-2026 01:40:08,-153.970888343963,-46.5377986106279,0,24,24,24,13,-46.5377986106279
01-Aug-2026 01:40:10,-154.293977962284,-46.8608882289493,0,24,24,24,13,-46.8608882289493
01-Aug-2026 01:40:12,-154.374754102377,-46.9416643690417,0,24,24,24,12,-46.9416643690417
01-Aug-2026 01:40:14,-154.781314747653,-47.3482250143179,0,24,24,24,13,-47.3482250143179
01-Aug-2026 01:40:16,-154.715634553544,-47.2825448202083,0,24,24,24,15,-47.2825448202083
01-Aug-2026 01:40:18,-154.373937570649,-46.940847837314,0,25,25,25,16,-46.940847837314
01-Aug-2026 01:40:20,-154.488247123722,-47.0551573903865,0,25,25,25,15,-47.0551573903865
01-Aug-2026 01:40:22,-154.419290617891,-46.9862008845553,0,25,25,25,15,-46.9862008845553
01-Aug-2026 01:40:24,-154.235723170072,-46.8026334367372,0,25,25,25,15,-46.8026334367372
01-Aug-2026 01:40:26,-154.425143044759,-46.9920533114235,0,25,25,25,16,-46.9920533114235
01-Aug-2026 01:40:28,-154.250917680311,-46.8178279469757,0,25,25,25,17,-46.8178279469757
01-Aug-2026 01:40:30,-153.696121307776,-46.2630315744408,0,25,25,25,17,-46.2630315744408
01-Aug-2026 01:40:32,-154.959190026057,-47.5261002927222,0,25,25,25,15,-47.5261002927222
01-Aug-2026 01:40:34,-156.092706522021,-48.6596167886854,0,25,25,25,15,-48.6596167886854
01-Aug-2026 01:40:36,-155.785938377967,-48.3528486446318,0,25,25,25,14,-48.3528486446318
01-Aug-2026 01:40:38,-154.777698002775,-47.3446082694396,0,25,25,25,15,-47.3446082694396
01-Aug-2026 01:40:40,-154.805506032261,-47.3724162989262,0,25,25,25,15,-47.3724162989262
01-Aug-2026 01:40:42,-155.086816099831,-47.6537263664959,0,25,25,25,13,-47.6537263664959
01-Aug-2026 01:40:44,-154.829758941439,-47.396669208104,0,25,25,25,15,-47.396669208104
01-Aug-2026 01:40:46,-154.726250613282,-47.2931608799472,0,25,25,25,14,-47.2931608799472
01-Aug-2026 01:40:48,-154.251322189221,-46.8182324558855,0,24,24,24,13,-46.8182324558855
01-Aug-2026 01:40:50,-154.347174387303,-46.9140846539677,0,24,24,24,12,-46.9140846539677
01-Aug-2026 01:40:52,-154.031036234905,-46.5979465015694,0,25,25,25,13,-46.5979465015694
01-Aug-2026 01:40:54,-153.233940285632,-45.8008505522969,0,25,25,25,13,-45.8008505522969
01-Aug-2026 01:40:56,-152.701678442857,-45.2685887095222,0,25,25,25,12,-45.2685887095222
01-Aug-2026 01:40:58,-152.325799211703,-44.892709478368,0,25,25,25,12,-44.892709478368
01-Aug-2026 01:41:00,-152.105214299714,-44.6721245663785,0,24,24,24,12,-44.6721245663785
01-Aug-2026 01:41:02,-151.548015766172,-44.1149260328372,0,24,24,24,14,-44.1149260328372
01-Aug-2026 01:41:04,-159.461427331909,-52.0283375985742,0,25,25,25,15,-52.0283375985742
01-Aug-2026 01:41:06,-161.011498034659,-53.5784083013239,0,25,25,25,13,-53.5784083013239
01-Aug-2026 01:41:08,-161.648764939435,-54.2156752060999,0,25,25,25,13,-54.2156752060999
01-Aug-2026 01:41:10,-170.232155849828,-62.799066116493,0,25,25,25,12,-62.799066116493
01-Aug-2026 01:41:12,-170.706630386997,-63.2735406536623,0,25,25,25,12,-63.2735406536623
01-Aug-2026 01:41:14,-170.503835667037,-63.0707459337017,0,25,25,25,12,-63.0707459337017
01-Aug-2026 01:41:16,-170.209606262764,-62.7765165294286,0,24,24,24,13,-62.7765165294286
01-Aug-2026 01:41:18,-169.246722526272,-61.8136327929368,0,24,24,24,12,-61.8136327929368
01-Aug-2026 01:41:20,-168.778956442658,-61.3458667093227,0,24,24,24,12,-61.3458667093227
01-Aug-2026 01:41:22,-169.412383173893,-61.9792934405582,0,24,24,24,11,-61.9792934405582
01-Aug-2026 01:41:24,-168.880197072713,-61.4471073393775,0,24,24,24,11,-61.4471073393775
01-Aug-2026 01:41:26,-168.147481973155,-60.7143922398197,0,24,24,24,11,-60.7143922398197
01-Aug-2026 01:41:28,-167.890510070396,-60.4574203370607,0,24,24,24,11,-60.4574203370607
01-Aug-2026 01:41:30,-167.144571737487,-59.7114820041514,0,23,23,23,12,-59.7114820041514
01-Aug-2026 01:41:32,-167.546593472136,-60.1135037388004,0,23,23,23,11,-60.1135037388004
01-Aug-2026 01:41:34,-167.114514422725,-59.6814246893902,0,25,25,25,11,-59.6814246893902
01-Aug-2026 01:41:36,-146.534941493973,-39.1018517606377,0,25,25,25,10,-39.1018517606377
01-Aug-2026 01:41:38,-145.709969768994,-38.276880035659,0,25,25,25,10,-38.276880035659
01-Aug-2026 01:41:40,-145.648645519922,-38.2155557865866,0,25,25,25,10,-38.2155557865866
01-Aug-2026 01:41:42,-145.262215923245,-37.8291261899094,0,25,25,25,12,-37.8291261899094
01-Aug-2026 01:41:44,-144.598722139119,-37.1656324057839,0,25,25,25,12,-37.1656324057839
01-Aug-2026 01:41:46,-143.652375484882,-36.2192857515468,0,25,25,25,12,-36.2192857515468
01-Aug-2026 01:41:48,-162.473459686686,-55.0403699533506,0,25,25,25,12,-55.0403699533506
01-Aug-2026 01:41:50,-156.834771899545,-49.4016821662093,0,25,25,25,9,-49.4016821662093
01-Aug-2026 01:41:52,-157.12603253762,-49.6929428042847,0,25,25,25,9,-49.6929428042847
01-Aug-2026 01:41:54,-157.592406036,-50.1593163026653,0,25,25,25,9,-50.1593163026653
01-Aug-2026 01:41:56,-158.171618345346,-50.7385286120109,0,25,25,25,9,-50.7385286120109
01-Aug-2026 01:41:58,-157.552642016612,-50.1195522832765,0,26,26,26,11,-50.1195522832765
01-Aug-2026 01:42:00,-157.021489355075,-49.5883996217402,0,26,26,26,12,-49.5883996217402
01-Aug-2026 01:42:02,-147.957854511257,-40.524764777922,0,26,26,26,12,-40.524764777922
01-Aug-2026 01:42:04,-156.072650434274,-48.6395607009387,0,26,26,26,14,-48.6395607009387
01-Aug-2026 01:42:06,-155.175317327177,-47.7422275938414,0,25,25,25,14,-47.7422275938414
01-Aug-2026 01:42:08,-157.48709820297,-50.0540084696346,0,25,25,25,13,-50.0540084696346
01-Aug-2026 01:42:10,-157.335601929186,-49.902512195851,0,25,25,25,14,-49.902512195851
01-Aug-2026 01:42:12,-158.533442375581,-51.100352642246,0,25,25,25,14,-51.100352642246
01-Aug-2026 01:42:14,-159.099588525842,-51.6664987925067,0,25,25,25,13,-51.6664987925067
01-Aug-2026 01:42:16,-158.552940759253,-51.1198510259177,0,25,25,25,12,-51.1198510259177
01-Aug-2026 01:42:18,-158.076200650551,-50.6431109172156,0,25,25,25,14,-50.6431109172156
01-Aug-2026 01:42:20,-158.001699461483,-50.5686097281478,0,25,25,25,15,-50.5686097281478
01-Aug-2026 01:42:22,-157.339776546828,-49.9066868134931,0,25,25,25,16,-49.9066868134931
01-Aug-2026 01:42:24,-157.745736178902,-50.3126464455668,0,25,25,25,15,-50.3126464455668
01-Aug-2026 01:42:26,-157.324249912575,-49.8911601792399,0,25,25,25,15,-49.8911601792399
01-Aug-2026 01:42:28,-157.684452154485,-50.2513624211499,0,25,25,25,16,-50.2513624211499
01-Aug-2026 01:42:30,-157.144188661437,-49.7110989281022,0,25,25,25,15,-49.7110989281022
01-Aug-2026 01:42:32,-157.0193587175,-49.5862689841645,0,26,26,26,15,-49.5862689841645
01-Aug-2026 01:42:34,-155.715878932467,-48.2827891991315,0,26,26,26,14,-48.2827891991315
01-Aug-2026 01:42:36,-155.651762195147,-48.2186724618113,0,26,26,26,15,-48.2186724618113
01-Aug-2026 01:42:38,-156.020532272173,-48.5874425388377,0,26,26,26,15,-48.5874425388377
01-Aug-2026 01:42:40,-156.165577744532,-48.7324880111966,0,26,26,26,14,-48.7324880111966
01-Aug-2026 01:42:42,-156.249370552376,-48.8162808190409,0,26,26,26,14,-48.8162808190409
01-Aug-2026 01:42:44,-156.579670612788,-49.1465808794529,0,26,26,26,16,-49.1465808794529
01-Aug-2026 01:42:46,-156.652300898903,-49.2192111655675,0,26,26,26,15,-49.2192111655675
01-Aug-2026 01:42:48,-156.661273712865,-49.2281839795293,0,26,26,26,14,-49.2281839795293
01-Aug-2026 01:42:50,-158.66892511512,-51.2358353817845,0,26,26,26,15,-51.2358353817845
01-Aug-2026 01:42:52,-158.554960569877,-51.1218708365415,0,26,26,26,13,-51.1218708365415
01-Aug-2026 01:42:54,-158.327971889737,-50.894882156402,0,26,26,26,13,-50.894882156402
01-Aug-2026 01:42:56,-158.40251791099,-50.9694281776549,0,26,26,26,11,-50.9694281776549
01-Aug-2026 01:42:58,-159.040171335904,-51.6070816025692,0,24,24,24,12,-51.6070816025692
01-Aug-2026 01:43:00,-161.076539416252,-53.6434496829167,0,24,24,24,12,-53.6434496829167
01-Aug-2026 01:43:02,-161.048813220819,-53.6157234874836,0,25,25,25,10,-53.6157234874836
01-Aug-2026 01:43:04,-162.219777962207,-54.7866882288721,0,25,25,25,9,-54.7866882288721
01-Aug-2026 01:43:06,-162.71676667064,-55.2836769373051,0,25,25,25,9,-55.2836769373051
01-Aug-2026 01:43:08,-163.052893724219,-55.6198039908835,0,25,25,25,9,-55.6198039908835
01-Aug-2026 01:43:10,-162.691847413912,-55.258757680577,0,25,25,25,8,-55.258757680577
01-Aug-2026 01:43:12,-163.597615280912,-56.1645255475768,0,26,26,26,9,-56.1645255475768
01-Aug-2026 01:43:14,-163.51477597204,-56.0816862387048,0,25,25,25,8,-56.0816862387048
01-Aug-2026 01:43:16,-163.507207701024,-56.074117967689,0,25,25,25,9,-56.074117967689
01-Aug-2026 01:43:18,-162.530742559305,-55.09765282597,0,25,25,25,10,-55.09765282597
01-Aug-2026 01:43:20,-162.537180593368,-55.1040908600332,0,24,24,24,9,-55.1040908600332
01-Aug-2026 01:43:22,-162.551837625093,-55.118747891758,0,24,24,24,9,-55.118747891758
01-Aug-2026 01:43:24,-163.270717707182,-55.8376279738469,0,24,24,24,8,-55.8376279738469
01-Aug-2026 01:43:26,-163.162798156183,-55.7297084228479,0,24,24,24,9,-55.7297084228479
01-Aug-2026 01:43:28,-163.070781285343,-55.637691552008,0,24,24,24,9,-55.637691552008
01-Aug-2026 01:43:30,-161.821976954108,-54.3888872207733,0,24,24,24,10,-54.3888872207733
01-Aug-2026 01:43:32,-161.589689931973,-54.1566001986373,0,25,25,25,11,-54.1566001986373
01-Aug-2026 01:43:34,-164.225505939881,-56.7924162065459,0,25,25,25,10,-56.7924162065459
01-Aug-2026 01:43:36,-164.536415392662,-57.1033256593271,0,24,24,24,10,-57.1033256593271
01-Aug-2026 01:43:38,-164.418763868156,-56.9856741348203,0,24,24,24,11,-56.9856741348203
01-Aug-2026 01:43:40,-163.717104909432,-56.2840151760971,0,23,23,23,10,-56.2840151760971
01-Aug-2026 01:43:42,-163.35170509652,-55.9186153631844,0,23,23,23,9,-55.9186153631844
01-Aug-2026 01:43:44,-162.492779354009,-55.0596896206735,0,23,23,23,8,-55.0596896206735
01-Aug-2026 01:43:46,-156.095722965986,-48.6626332326505,0,24,24,24,9,-48.6626332326505
01-Aug-2026 01:43:48,-156.770653964082,-49.3375642307471,0,24,24,24,8,-49.3375642307471
01-Aug-2026 01:43:50,-157.032374603988,-49.5992848706531,0,24,24,24,7,-49.5992848706531
01-Aug-2026 01:43:52,-154.087493870086,-46.6544041367504,0,24,24,24,9,-46.6544041367504
01-Aug-2026 01:43:54,-153.983570551124,-46.5504808177892,0,24,24,24,11,-46.5504808177892
01-Aug-2026 01:43:56,-154.317373068554,-46.8842833352189,0,24,24,24,13,-46.8842833352189
01-Aug-2026 01:43:58,-156.206082920105,-48.7729931867696,0,24,24,24,11,-48.7729931867696
01-Aug-2026 01:44:00,-156.75442112601,-49.3213313926748,0,24,24,24,10,-49.3213313926748
01-Aug-2026 01:44:02,-162.342229422132,-54.9091396887972,0,24,24,24,10,-54.9091396887972
01-Aug-2026 01:44:04,-162.722986843921,-55.2898971105856,0,24,24,24,8,-55.2898971105856
01-Aug-2026 01:44:06,-161.751113663931,-54.3180239305957,0,25,25,25,8,-54.3180239305957
01-Aug-2026 01:44:08,-161.837958668634,-54.4048689352984,0,25,25,25,7,-54.4048689352984
01-Aug-2026 01:44:10,-161.946810994018,-54.5137212606827,0,25,25,25,7,-54.5137212606827
01-Aug-2026 01:44:12,-161.447639289454,-54.0145495561192,0,25,25,25,4,-54.0145495561192
01-Aug-2026 01:44:14,-160.666821380204,-53.2337316468686,0,25,25,25,4,-53.2337316468686
01-Aug-2026 01:44:16,-173.696488387422,-66.2633986540867,0,25,25,25,5,-66.2633986540867
01-Aug-2026 01:44:18,-174.012692768838,-66.5796030355025,0,25,25,25,6,-66.5796030355025
01-Aug-2026 01:44:20,-159.724561609953,-52.2914718766174,0,25,25,25,9,-52.2914718766174
01-Aug-2026 01:44:22,-159.195693943384,-51.7626042100493,0,25,25,25,10,-51.7626042100493
01-Aug-2026 01:44:24,-158.974378020705,-51.54128828737,0,25,25,25,12,-51.54128828737
01-Aug-2026 01:44:26,-156.635953362773,-49.2028636294378,0,25,25,25,13,-49.2028636294378
01-Aug-2026 01:44:28,-156.278943582027,-48.8458538486919,0,25,25,25,13,-48.8458538486919
01-Aug-2026 01:44:30,-156.227084729394,-48.7939949960589,0,25,25,25,13,-48.7939949960589
01-Aug-2026 01:44:32,-156.179202710005,-48.7461129766697,0,25,25,25,13,-48.7461129766697
01-Aug-2026 01:44:34,-155.907637368529,-48.4745476351939,0,25,25,25,16,-48.4745476351939
01-Aug-2026 01:44:36,-155.505555876204,-48.0724661428689,0,25,25,25,16,-48.0724661428689
01-Aug-2026 01:44:38,-155.694873809609,-48.2617840762738,0,25,25,25,15,-48.2617840762738
01-Aug-2026 01:44:40,-155.370347646965,-47.9372579136294,0,25,25,25,15,-47.9372579136294
01-Aug-2026 01:44:42,-154.508921535419,-47.0758318020842,0,26,26,26,15,-47.0758318020842
01-Aug-2026 01:44:44,-152.931786139475,-45.4986964061398,0,26,26,26,16,-45.4986964061398
01-Aug-2026 01:44:46,-156.256734174767,-48.8236444414314,0,26,26,26,13,-48.8236444414314
01-Aug-2026 01:44:48,-156.065187235462,-48.6320975021265,0,25,25,25,13,-48.6320975021265
01-Aug-2026 01:44:50,-156.190633501364,-48.7575437680284,0,25,25,25,13,-48.7575437680284
01-Aug-2026 01:44:52,-156.255539968161,-48.8224502348259,0,24,24,24,13,-48.8224502348259
01-Aug-2026 01:44:54,-156.430341086944,-48.9972513536092,0,25,25,25,14,-48.9972513536092
01-Aug-2026 01:44:56,-156.949910153235,-49.5168204198998,0,25,25,25,14,-49.5168204198998
01-Aug-2026 01:44:58,-156.82827688381,-49.3951871504744,0,25,25,25,14,-49.3951871504744
01-Aug-2026 01:45:00,-159.672518732597,-52.2394289992615,0,25,25,25,11,-52.2394289992615
01-Aug-2026 01:45:02,-171.863760992427,-64.4306712590922,0,25,25,25,11,-64.4306712590922
01-Aug-2026 01:45:04,-172.077067483715,-64.6439777503803,0,25,25,25,10,-64.6439777503803
01-Aug-2026 01:45:06,-172.46186763367,-65.0287779003347,0,25,25,25,9,-65.0287779003347
01-Aug-2026 01:45:08,-172.526243305609,-65.0931535722739,0,24,24,24,8,-65.0931535722739
01-Aug-2026 01:45:10,-172.441852954139,-65.0087632208041,0,24,24,24,9,-65.0087632208041
01-Aug-2026 01:45:12,-172.755443720695,-65.3223539873603,0,24,24,24,9,-65.3223539873603
01-Aug-2026 01:45:14,-173.039246878676,-65.6061571453409,0,24,24,24,9,-65.6061571453409
01-Aug-2026 01:45:16,-172.816567967629,-65.3834782342937,0,24,24,24,9,-65.3834782342937
01-Aug-2026 01:45:18,-173.012600425777,-65.5795106924417,0,24,24,24,9,-65.5795106924417
01-Aug-2026 01:45:20,-172.292371565505,-64.8592818321699,0,23,23,23,9,-64.8592818321699
01-Aug-2026 01:45:22,-173.653123646717,-66.2200339133815,0,24,24,24,7,-66.2200339133815
01-Aug-2026 01:45:24,-167.712250567082,-60.2791608337469,0,24,24,24,9,-60.2791608337469
01-Aug-2026 01:45:26,-168.096037033276,-60.6629472999404,0,25,25,25,11,-60.6629472999404
01-Aug-2026 01:45:28,-168.666320705428,-61.2332309720932,0,25,25,25,11,-61.2332309720932
01-Aug-2026 01:45:30,-166.363618228645,-58.9305284953101,0,25,25,25,11,-58.9305284953101
01-Aug-2026 01:45:32,-167.006328235792,-59.5732385024566,0,25,25,25,10,-59.5732385024566
01-Aug-2026 01:45:34,-169.672647414947,-62.2395576816116,0,25,25,25,11,-62.2395576816116
01-Aug-2026 01:45:36,-169.720163361277,-62.2870736279423,0,25,25,25,11,-62.2870736279423
01-Aug-2026 01:45:38,-142.399710811817,-34.9666210784816,0,25,25,25,12,-34.9666210784816
01-Aug-2026 01:45:40,-142.085874756143,-34.6527850228081,0,25,25,25,12,-34.6527850228081
01-Aug-2026 01:45:42,-141.893652585492,-34.4605628521566,0,25,25,25,13,-34.4605628521566
01-Aug-2026 01:45:44,-141.293921594103,-33.8608318607674,0,25,25,25,12,-33.8608318607674
01-Aug-2026 01:45:46,-140.263851610992,-32.8307618776565,0,25,25,25,13,-32.8307618776565
01-Aug-2026 01:45:48,-139.671414372463,-32.2383246391279,0,25,25,25,13,-32.2383246391279
01-Aug-2026 01:45:50,-142.217549369125,-34.7844596357902,0,25,25,25,12,-34.7844596357902
01-Aug-2026 01:45:52,-142.027056340808,-34.5939666074733,0,26,26,26,11,-34.5939666074733
01-Aug-2026 01:45:54,-140.920071200129,-33.4869814667942,0,26,26,26,11,-33.4869814667942
01-Aug-2026 01:45:56,-140.28695086944,-32.853861136105,0,25,25,25,10,-32.853861136105
01-Aug-2026 01:45:58,-139.879238514057,-32.4461487807222,0,25,25,25,11,-32.4461487807222
01-Aug-2026 01:46:00,-139.401491355573,-31.9684016222378,0,25,25,25,9,-31.9684016222378
01-Aug-2026 01:46:02,-138.906280392181,-31.4731906588461,0,25,25,25,8,-31.4731906588461
01-Aug-2026 01:46:04,-138.483664884766,-31.0505751514313,0,25,25,25,8,-31.0505751514313
01-Aug-2026 01:46:06,-138.715976026041,-31.2828862927055,0,26,26,26,10,-31.2828862927055
01-Aug-2026 01:46:08,-137.714054859924,-30.2809651265889,0,26,26,26,7,-30.2809651265889
01-Aug-2026 01:46:10,-137.02193939034,-29.5888496570051,0,26,26,26,7,-29.5888496570051
01-Aug-2026 01:46:12,-135.838702352576,-28.4056126192406,0,26,26,26,7,-28.4056126192406
01-Aug-2026 01:46:14,-136.306206911465,-28.8731171781302,0,26,26,26,6,-28.8731171781302
01-Aug-2026 01:46:16,-135.023850847582,-27.590761114247,0,26,26,26,7,-27.590761114247
01-Aug-2026 01:46:18,-134.949079182577,-27.5159894492414,0,26,26,26,8,-27.5159894492414
01-Aug-2026 01:46:20,-165.831448583793,-58.3983588504576,0,26,26,26,6,-58.3983588504576
01-Aug-2026 01:46:22,-165.640900526706,-58.2078107933707,0,26,26,26,7,-58.2078107933707
01-Aug-2026 01:46:24,-165.78430631563,-58.3512165822953,0,26,26,26,7,-58.3512165822953
01-Aug-2026 01:46:26,-166.243616675836,-58.8105269425004,0,26,26,26,8,-58.8105269425004
01-Aug-2026 01:46:28,-166.087618860194,-58.654529126859,0,26,26,26,8,-58.654529126859
01-Aug-2026 01:46:30,-159.713623539165,-52.2805338058303,0,26,26,26,10,-52.2805338058303
01-Aug-2026 01:46:32,-159.594830387451,-52.161740654116,0,26,26,26,11,-52.161740654116
01-Aug-2026 01:46:34,-160.174117139749,-52.7410274064138,0,26,26,26,12,-52.7410274064138
01-Aug-2026 01:46:36,-160.139789055914,-52.7066993225789,0,26,26,26,13,-52.7066993225789
01-Aug-2026 01:46:38,-160.342478795348,-52.9093890620132,0,26,26,26,12,-52.9093890620132
01-Aug-2026 01:46:40,-156.153144406597,-48.7200546732618,0,26,26,26,13,-48.7200546732618
01-Aug-2026 01:46:42,-156.158213717216,-48.7251239838806,0,25,25,25,14,-48.7251239838806
01-Aug-2026 01:46:44,-158.631621484673,-51.1985317513376,0,24,24,24,12,-51.1985317513376
01-Aug-2026 01:46:46,-152.417384915107,-44.9842951817718,0,24,24,24,13,-44.9842951817718
01-Aug-2026 01:46:48,-152.614681543495,-45.18159181016,0,24,24,24,13,-45.18159181016
01-Aug-2026 01:46:50,-152.782874359884,-45.3497846265485,0,24,24,24,13,-45.3497846265485
01-Aug-2026 01:46:52,-161.235334614164,-53.8022448808289,0,24,24,24,13,-53.8022448808289
01-Aug-2026 01:46:54,-161.241508435234,-53.8084187018986,0,25,25,25,11,-53.8084187018986
01-Aug-2026 01:46:56,-171.430582112732,-63.9974923793973,0,25,25,25,9,-63.9974923793973
01-Aug-2026 01:46:58,-161.814846125787,-54.381756392452,0,25,25,25,7,-54.381756392452
01-Aug-2026 01:47:00,-172.563366463676,-65.1302767303404,0,25,25,25,7,-65.1302767303404
01-Aug-2026 01:47:02,-172.254995014593,-64.8219052812576,0,25,25,25,9,-64.8219052812576
01-Aug-2026 01:47:04,-172.485598034127,-65.0525083007919,0,25,25,25,10,-65.0525083007919
01-Aug-2026 01:47:06,-172.081789387755,-64.6486996544194,0,25,25,25,10,-64.6486996544194
01-Aug-2026 01:47:08,-171.992206935918,-64.5591172025831,0,25,25,25,10,-64.5591172025831
01-Aug-2026 01:47:10,-171.849189422894,-64.4160996895592,0,25,25,25,12,-64.4160996895592
01-Aug-2026 01:47:12,-171.513740397249,-64.0806506639143,0,24,24,24,13,-64.0806506639143
01-Aug-2026 01:47:14,-151.8977322092,-44.4646424758644,0,24,24,24,14,-44.4646424758644
01-Aug-2026 01:47:16,-152.467795105755,-45.0347053724203,0,24,24,24,15,-45.0347053724203
01-Aug-2026 01:47:18,-152.165343699196,-44.7322539658607,0,24,24,24,13,-44.7322539658607
01-Aug-2026 01:47:20,-152.370178913787,-44.9370891804515,0,24,24,24,11,-44.9370891804515
01-Aug-2026 01:47:22,-152.382700134362,-44.9496104010268,0,24,24,24,12,-44.9496104010268
01-Aug-2026 01:47:24,-152.337257521193,-44.9041677878582,0,25,25,25,14,-44.9041677878582
01-Aug-2026 01:47:26,-152.125913003106,-44.6928232697712,0,24,24,24,14,-44.6928232697712
01-Aug-2026 01:47:28,-152.455518365244,-45.0224286319084,0,23,23,23,15,-45.0224286319084
01-Aug-2026 01:47:30,-160.370829279829,-52.9377395464936,0,23,23,23,13,-52.9377395464936
01-Aug-2026 01:47:32,-160.51066071417,-53.077570980835,0,23,23,23,13,-53.077570980835
01-Aug-2026 01:47:34,-160.185223791724,-52.7521340583884,0,23,23,23,13,-52.7521340583884
01-Aug-2026 01:47:36,-155.508994480459,-48.0759047471241,0,23,23,23,13,-48.0759047471241
01-Aug-2026 01:47:38,-153.131951707118,-45.6988619737827,0,23,23,23,10,-45.6988619737827
01-Aug-2026 01:47:40,-160.156110869602,-52.7230211362669,0,24,24,24,11,-52.7230211362669
01-Aug-2026 01:47:42,-160.23439552863,-52.8013057952951,0,24,24,24,10,-52.8013057952951
01-Aug-2026 01:47:44,-160.479644732927,-53.0465549995921,0,24,24,24,8,-53.0465549995921
01-Aug-2026 01:47:46,-160.537597986307,-53.104508252972,0,24,24,24,8,-53.104508252972
01-Aug-2026 01:47:48,-160.545452047735,-53.1123623143996,0,24,24,24,8,-53.1123623143996
01-Aug-2026 01:47:50,-160.669424671124,-53.2363349377885,0,24,24,24,7,-53.2363349377885
01-Aug-2026 01:47:52,-160.883912263029,-53.4508225296934,0,25,25,25,6,-53.4508225296934
01-Aug-2026 01:47:54,-160.609930594733,-53.1768408613981,0,25,25,25,8,-53.1768408613981
01-Aug-2026 01:47:56,-160.41197229632,-52.9788825629844,0,25,25,25,8,-52.9788825629844
01-Aug-2026 01:47:58,-160.675069405417,-53.2419796720814,0,25,25,25,9,-53.2419796720814
01-Aug-2026 01:48:00,-161.312129662218,-53.8790399288829,0,25,25,25,10,-53.8790399288829
01-Aug-2026 01:48:02,-161.153606838693,-53.720517105358,0,25,25,25,10,-53.720517105358
01-Aug-2026 01:48:04,-160.916220253562,-53.4831305202273,0,25,25,25,10,-53.4831305202273
01-Aug-2026 01:48:06,-160.708738241654,-53.2756485083183,0,25,25,25,11,-53.2756485083183
01-Aug-2026 01:48:08,-157.817893561757,-50.3848038284219,0,25,25,25,15,-50.3848038284219
01-Aug-2026 01:48:10,-157.732071526146,-50.2989817928104,0,25,25,25,13,-50.2989817928104
01-Aug-2026 01:48:12,-158.252072854592,-50.8189831212565,0,25,25,25,13,-50.8189831212565
01-Aug-2026 01:48:14,-158.179527783935,-50.7464380505996,0,25,25,25,14,-50.7464380505996
01-Aug-2026 01:48:16,-158.401949233358,-50.9688595000233,0,25,25,25,14,-50.9688595000233
01-Aug-2026 01:48:18,-158.361046130066,-50.9279563967308,0,25,25,25,14,-50.9279563967308
01-Aug-2026 01:48:20,-158.1725070925,-50.7394173591643,0,25,25,25,14,-50.7394173591643
01-Aug-2026 01:48:22,-160.582177998878,-53.1490882655429,0,25,25,25,14,-53.1490882655429
01-Aug-2026 01:48:24,-160.610130584502,-53.1770408511673,0,25,25,25,12,-53.1770408511673
01-Aug-2026 01:48:26,-157.493950445589,-50.0608607122541,0,25,25,25,13,-50.0608607122541
01-Aug-2026 01:48:28,-157.146775253517,-49.7136855201816,0,25,25,25,14,-49.7136855201816
01-Aug-2026 01:48:30,-143.369627507948,-35.9365377746133,0,26,26,26,15,-35.9365377746133
01-Aug-2026 01:48:32,-143.210252338287,-35.7771626049516,0,26,26,26,15,-35.7771626049516
01-Aug-2026 01:48:34,-142.672930285848,-35.2398405525133,0,26,26,26,14,-35.2398405525133
01-Aug-2026 01:48:36,-142.584765424186,-35.1516756908507,0,26,26,26,14,-35.1516756908507
01-Aug-2026 01:48:38,-141.104368236686,-33.6712785033512,0,26,26,26,14,-33.6712785033512
01-Aug-2026 01:48:40,-140.741249952798,-33.3081602194628,0,26,26,26,16,-33.3081602194628
01-Aug-2026 01:48:42,-140.510616342018,-33.0775266086832,0,27,27,27,18,-33.0775266086832
01-Aug-2026 01:48:44,-140.224337044301,-32.7912473109655,0,27,27,27,18,-32.7912473109655
01-Aug-2026 01:48:46,-139.881154840529,-32.4480651071936,0,25,25,25,16,-32.4480651071936
01-Aug-2026 01:48:48,-139.863432636527,-32.4303429031923,0,25,25,25,15,-32.4303429031923
01-Aug-2026 01:48:50,-142.664238847276,-35.2311491139412,0,25,25,25,15,-35.2311491139412
01-Aug-2026 01:48:52,-141.699577572684,-34.2664878393484,0,25,25,25,15,-34.2664878393484
01-Aug-2026 01:48:54,-141.347870557072,-33.9147808237368,0,25,25,25,15,-33.9147808237368
01-Aug-2026 01:48:56,-140.576139841587,-33.143050108252,0,25,25,25,15,-33.143050108252
01-Aug-2026 01:48:58,-139.193797051766,-31.7607073184305,0,25,25,25,14,-31.7607073184305
01-Aug-2026 01:49:00,-136.448939888044,-29.0158501547087,0,24,24,24,13,-29.0158501547087
01-Aug-2026 01:49:02,-133.65458038305,-26.2214906497146,0,24,24,24,13,-26.2214906497146
01-Aug-2026 01:49:04,-130.792625156375,-23.3595354230397,0,24,24,24,12,-23.3595354230397
01-Aug-2026 01:49:06,-154.130872896166,-46.6977831628311,0,24,24,24,12,-46.6977831628311
01-Aug-2026 01:49:08,-154.628918915999,-47.1958291826633,0,25,25,25,12,-47.1958291826633
01-Aug-2026 01:49:10,-155.47545882044,-48.0423690871045,0,25,25,25,12,-48.0423690871045
01-Aug-2026 01:49:12,-155.69507325726,-48.2619835239246,0,24,24,24,13,-48.2619835239246
01-Aug-2026 01:49:14,-155.778559945542,-48.3454702122069,0,24,24,24,13,-48.3454702122069
01-Aug-2026 01:49:16,-156.416851221898,-48.9837614885629,0,25,25,25,14,-48.9837614885629
01-Aug-2026 01:49:18,-167.266307926914,-59.8332181935786,0,25,25,25,13,-59.8332181935786
01-Aug-2026 01:49:20,-167.404167164573,-59.9710774312381,0,25,25,25,11,-59.9710774312381
01-Aug-2026 01:49:22,-171.367463581912,-63.9343738485764,0,25,25,25,10,-63.9343738485764
01-Aug-2026 01:49:24,-172.429725686087,-64.9966359527518,0,25,25,25,8,-64.9966359527518
01-Aug-2026 01:49:26,-172.731546010043,-65.2984562767076,0,25,25,25,8,-65.2984562767076
01-Aug-2026 01:49:28,-171.427812286434,-63.9947225530988,0,25,25,25,8,-63.9947225530988
01-Aug-2026 01:49:30,-171.140928082642,-63.7078383493068,0,25,25,25,8,-63.7078383493068
01-Aug-2026 01:49:32,-154.359051036175,-46.9259613028397,0,25,25,25,10,-46.9259613028397
01-Aug-2026 01:49:34,-153.86593770245,-46.4328479691143,0,25,25,25,11,-46.4328479691143
01-Aug-2026 01:49:36,-153.846058972882,-46.4129692395469,0,25,25,25,12,-46.4129692395469
01-Aug-2026 01:49:38,-153.87163841177,-46.4385486784348,0,25,25,25,13,-46.4385486784348
01-Aug-2026 01:49:40,-154.113042550032,-46.6799528166972,0,25,25,25,12,-46.6799528166972
01-Aug-2026 01:49:42,-152.433792287613,-45.0007025542774,0,26,26,26,14,-45.0007025542774
01-Aug-2026 01:49:44,-156.284423876369,-48.8513341430336,0,26,26,26,13,-48.8513341430336
01-Aug-2026 01:49:46,-156.221929829279,-48.7888400959441,0,27,27,27,14,-48.7888400959441
01-Aug-2026 01:49:48,-168.938546070647,-61.5054563373114,0,26,26,26,13,-61.5054563373114
01-Aug-2026 01:49:50,-168.859360039676,-61.4262703063411,0,26,26,26,13,-61.4262703063411
01-Aug-2026 01:49:52,-168.734484203609,-61.3013944702734,0,26,26,26,13,-61.3013944702734
01-Aug-2026 01:49:54,-169.751779519784,-62.3186897864485,0,26,26,26,12,-62.3186897864485
01-Aug-2026 01:49:56,-160.919878494338,-53.4867887610027,0,26,26,26,14,-53.4867887610027
01-Aug-2026 01:49:58,-169.568459937477,-62.1353702041417,0,26,26,26,13,-62.1353702041417
01-Aug-2026 01:50:00,-169.486114686238,-62.0530249529028,0,26,26,26,13,-62.0530249529028
01-Aug-2026 01:50:02,-169.718867318761,-62.2857775854257,0,26,26,26,12,-62.2857775854257
01-Aug-2026 01:50:04,-158.024689437918,-50.5915997045826,0,26,26,26,13,-50.5915997045826
01-Aug-2026 01:50:06,-157.529662378791,-50.0965726454556,0,26,26,26,13,-50.0965726454556
01-Aug-2026 01:50:08,-170.653998312786,-63.2209085794507,0,26,26,26,12,-63.2209085794507
01-Aug-2026 01:50:10,-171.03945723611,-63.6063675027744,0,26,26,26,11,-63.6063675027744
01-Aug-2026 01:50:12,-166.981009116775,-59.5479193834394,0,26,26,26,12,-59.5479193834394
01-Aug-2026 01:50:14,-167.03069866853,-59.597608935195,0,26,26,26,12,-59.597608935195
01-Aug-2026 01:50:16,-166.81316948403,-59.380079750695,0,26,26,26,13,-59.380079750695
01-Aug-2026 01:50:18,-166.140504739577,-58.7074150062415,0,26,26,26,13,-58.7074150062415
01-Aug-2026 01:50:20,-165.934464217567,-58.501374484232,0,26,26,26,12,-58.501374484232
01-Aug-2026 01:50:22,-165.687735741141,-58.254646007806,0,26,26,26,12,-58.254646007806
01-Aug-2026 01:50:24,-165.571260497321,-58.1381707639863,0,26,26,26,12,-58.1381707639863
01-Aug-2026 01:50:26,-165.665510148776,-58.2324204154406,0,26,26,26,11,-58.2324204154406
01-Aug-2026 01:50:28,-165.823209597452,-58.3901198641171,0,25,25,25,11,-58.3901198641171
01-Aug-2026 01:50:30,-168.834948608861,-61.4018588755261,0,24,24,24,10,-61.4018588755261
01-Aug-2026 01:50:32,-168.820986658229,-61.3878969248934,0,24,24,24,9,-61.3878969248934
01-Aug-2026 01:50:34,-145.90161160372,-38.4685218703847,0,24,24,24,11,-38.4685218703847
01-Aug-2026 01:50:36,-146.154915575206,-38.7218258418706,0,24,24,24,10,-38.7218258418706
01-Aug-2026 01:50:38,-146.74237361063,-39.3092838772948,0,24,24,24,10,-39.3092838772948
01-Aug-2026 01:50:40,-147.812301935465,-40.3792122021297,0,24,24,24,11,-40.3792122021297
01-Aug-2026 01:50:42,-148.37978075795,-40.9466910246153,0,24,24,24,11,-40.9466910246153
01-Aug-2026 01:50:44,-148.836574049738,-41.403484316403,0,25,25,25,11,-41.403484316403
01-Aug-2026 01:50:46,-148.362185490248,-40.9290957569129,0,25,25,25,11,-40.9290957569129
01-Aug-2026 01:50:48,-148.334680276526,-40.9015905431908,0,25,25,25,11,-40.9015905431908
01-Aug-2026 01:50:50,-149.372366062622,-41.939276329287,0,24,24,24,12,-41.939276329287
01-Aug-2026 01:50:52,-149.260760031281,-41.8276702979462,0,25,25,25,12,-41.8276702979462
01-Aug-2026 01:50:54,-150.662005427968,-43.2289156946331,0,25,25,25,13,-43.2289156946331
01-Aug-2026 01:50:56,-150.594605627046,-43.1615158937107,0,25,25,25,13,-43.1615158937107
01-Aug-2026 01:50:58,-159.561149323618,-52.1280595902832,0,25,25,25,10,-52.1280595902832
01-Aug-2026 01:51:00,-155.021812152037,-47.5887224187019,0,25,25,25,11,-47.5887224187019
01-Aug-2026 01:51:02,-154.814472507982,-47.3813827746465,0,25,25,25,11,-47.3813827746465
01-Aug-2026 01:51:04,-154.806348772404,-47.3732590390684,0,24,24,24,11,-47.3732590390684
01-Aug-2026 01:51:06,-151.948299374707,-44.515209641372,0,24,24,24,10,-44.515209641372
01-Aug-2026 01:51:08,-152.464632785671,-45.0315430523361,0,24,24,24,9,-45.0315430523361
01-Aug-2026 01:51:10,-153.028204549815,-45.5951148164797,0,24,24,24,9,-45.5951148164797
01-Aug-2026 01:51:12,-152.059115261653,-44.6260255283177,0,24,24,24,10,-44.6260255283177
01-Aug-2026 01:51:14,-152.061095296304,-44.6280055629688,0,24,24,24,11,-44.6280055629688
01-Aug-2026 01:51:16,-152.234965331584,-44.8018755982489,0,24,24,24,13,-44.8018755982489
01-Aug-2026 01:51:18,-153.132802038608,-45.6997123052729,0,24,24,24,13,-45.6997123052729
01-Aug-2026 01:51:20,-152.656568387255,-45.2234786539199,0,23,23,23,11,-45.2234786539199
01-Aug-2026 01:51:22,-152.485362957592,-45.0522732242565,0,23,23,23,10,-45.0522732242565
01-Aug-2026 01:51:24,-152.81680262445,-45.3837128911149,0,23,23,23,11,-45.3837128911149
01-Aug-2026 01:51:26,-153.390134296434,-45.9570445630989,0,23,23,23,9,-45.9570445630989
01-Aug-2026 01:51:28,-153.762149876728,-46.3290601433929,0,23,23,23,11,-46.3290601433929
01-Aug-2026 01:51:30,-153.521600089129,-46.0885103557934,0,23,23,23,10,-46.0885103557934
01-Aug-2026 01:51:32,-154.022171996253,-46.5890822629181,0,23,23,23,11,-46.5890822629181
01-Aug-2026 01:51:34,-154.493283412318,-47.0601936789832,0,24,24,24,11,-47.0601936789832
01-Aug-2026 01:51:36,-154.585237354641,-47.1521476213058,0,24,24,24,10,-47.1521476213058
01-Aug-2026 01:51:38,-155.135644478288,-47.7025547449527,0,24,24,24,11,-47.7025547449527
01-Aug-2026 01:51:40,-163.411302492815,-55.9782127594797,0,25,25,25,11,-55.9782127594797
01-Aug-2026 01:51:42,-163.262057170771,-55.8289674374361,0,25,25,25,11,-55.8289674374361
01-Aug-2026 01:51:44,-163.049617026883,-55.6165272935475,0,25,25,25,11,-55.6165272935475
01-Aug-2026 01:51:46,-161.113260209958,-53.6801704766227,0,25,25,25,13,-53.6801704766227
01-Aug-2026 01:51:48,-160.750326023688,-53.317236290353,0,25,25,25,14,-53.317236290353
01-Aug-2026 01:51:50,-159.388141989305,-51.9550522559697,0,25,25,25,16,-51.9550522559697
01-Aug-2026 01:51:52,-159.594919115966,-52.1618293826312,0,25,25,25,16,-52.1618293826312
01-Aug-2026 01:51:54,-160.50399010428,-53.0709003709446,0,25,25,25,14,-53.0709003709446
01-Aug-2026 01:51:56,-160.590408453592,-53.1573187202571,0,25,25,25,13,-53.1573187202571
01-Aug-2026 01:51:58,-160.691845614793,-53.2587558814575,0,25,25,25,11,-53.2587558814575
01-Aug-2026 01:52:00,-161.117455331392,-53.6843655980567,0,25,25,25,12,-53.6843655980567
01-Aug-2026 01:52:02,-161.160951829973,-53.7278620966375,0,25,25,25,11,-53.7278620966375
01-Aug-2026 01:52:04,-161.132710450124,-53.6996207167888,0,25,25,25,12,-53.6996207167888
01-Aug-2026 01:52:06,-160.879664037499,-53.4465743041641,0,25,25,25,12,-53.4465743041641
01-Aug-2026 01:52:08,-160.598305622096,-53.165215888761,0,25,25,25,14,-53.165215888761
01-Aug-2026 01:52:10,-160.372201164977,-52.9391114316423,0,25,25,25,12,-52.9391114316423
01-Aug-2026 01:52:12,-160.687049101492,-53.253959368157,0,25,25,25,11,-53.253959368157
01-Aug-2026 01:52:14,-161.346529932287,-53.9134401989517,0,25,25,25,11,-53.9134401989517
01-Aug-2026 01:52:16,-161.730265036938,-54.2971753036027,0,25,25,25,10,-54.2971753036027
01-Aug-2026 01:52:18,-161.032962872591,-53.5998731392559,0,26,26,26,10,-53.5998731392559
01-Aug-2026 01:52:20,-160.83069644843,-53.3976067150946,0,26,26,26,11,-53.3976067150946
01-Aug-2026 01:52:22,-165.856487099581,-58.4233973662457,0,26,26,26,9,-58.4233973662457
01-Aug-2026 01:52:24,-166.402560109447,-58.9694703761117,0,26,26,26,9,-58.9694703761117
01-Aug-2026 01:52:26,-166.883143931105,-59.4500541977697,0,26,26,26,7,-59.4500541977697
01-Aug-2026 01:52:28,-167.04887033775,-59.6157806044143,0,26,26,26,7,-59.6157806044143
01-Aug-2026 01:52:30,-166.940171483324,-59.5070817499889,0,26,26,26,7,-59.5070817499889
01-Aug-2026 01:52:32,-166.844802578677,-59.411712845342,0,27,27,27,12,-59.411712845342
01-Aug-2026 01:52:34,-167.068130845248,-59.6350411119128,0,27,27,27,10,-59.6350411119128
01-Aug-2026 01:52:36,-149.591176646706,-42.1580869133711,0,27,27,27,12,-42.1580869133711
01-Aug-2026 01:52:38,-149.507250311904,-42.0741605785693,0,26,26,26,11,-42.0741605785693
01-Aug-2026 01:52:40,-149.682763458064,-42.2496737247284,0,26,26,26,11,-42.2496737247284
01-Aug-2026 01:52:42,-149.386704569133,-41.9536148357981,0,25,25,25,10,-41.9536148357981
01-Aug-2026 01:52:44,-147.600490180556,-40.1674004472212,0,25,25,25,10,-40.1674004472212
01-Aug-2026 01:52:46,-147.727509573207,-40.2944198398714,0,25,25,25,10,-40.2944198398714
01-Aug-2026 01:52:48,-147.388810946091,-39.9557212127553,0,25,25,25,10,-39.9557212127553
01-Aug-2026 01:52:50,-153.349535106094,-45.9164453727589,0,25,25,25,11,-45.9164453727589
01-Aug-2026 01:52:52,-149.72400247834,-42.2909127450046,0,25,25,25,13,-42.2909127450046
01-Aug-2026 01:52:54,-146.366964901079,-38.9338751677442,0,24,24,24,13,-38.9338751677442
01-Aug-2026 01:52:56,-146.27265842667,-38.839568693335,0,25,25,25,13,-38.839568693335
01-Aug-2026 01:52:58,-146.448834901673,-39.015745168338,0,25,25,25,14,-39.015745168338
01-Aug-2026 01:53:00,-145.28654389899,-37.8534541656549,0,25,25,25,15,-37.8534541656549
01-Aug-2026 01:53:02,-145.288022435571,-37.8549327022354,0,24,24,24,14,-37.8549327022354
01-Aug-2026 01:53:04,-145.26528314428,-37.8321934109452,0,24,24,24,15,-37.8321934109452
01-Aug-2026 01:53:06,-144.942545123058,-37.5094553897225,0,24,24,24,14,-37.5094553897225
01-Aug-2026 01:53:08,-146.58153317506,-39.1484434417245,0,25,25,25,15,-39.1484434417245
01-Aug-2026 01:53:10,-146.228906102871,-38.7958163695359,0,25,25,25,15,-38.7958163695359
01-Aug-2026 01:53:12,-146.132452222885,-38.6993624895498,0,25,25,25,15,-38.6993624895498
01-Aug-2026 01:53:14,-145.955583683803,-38.5224939504676,0,25,25,25,15,-38.5224939504676
01-Aug-2026 01:53:16,-145.441226108017,-38.0081363746821,0,25,25,25,15,-38.0081363746821
01-Aug-2026 01:53:18,-145.313964443147,-37.8808747098118,0,26,26,26,15,-37.8808747098118
01-Aug-2026 01:53:20,-145.126864651292,-37.6937749179566,0,26,26,26,15,-37.6937749179566
01-Aug-2026 01:53:22,-144.866769906983,-37.4336801736478,0,26,26,26,14,-37.4336801736478
01-Aug-2026 01:53:24,-145.543407880458,-38.1103181471227,0,26,26,26,14,-38.1103181471227
01-Aug-2026 01:53:26,-144.993954037566,-37.5608643042308,0,26,26,26,14,-37.5608643042308
01-Aug-2026 01:53:28,-144.980646770177,-37.5475570368416,0,26,26,26,15,-37.5475570368416
01-Aug-2026 01:53:30,-144.480382369813,-37.0472926364774,0,26,26,26,16,-37.0472926364774
01-Aug-2026 01:53:32,-144.481587492553,-37.0484977592176,0,26,26,26,17,-37.0484977592176
01-Aug-2026 01:53:34,-143.875127921732,-36.4420381883965,0,26,26,26,15,-36.4420381883965
01-Aug-2026 01:53:36,-144.044468881004,-36.6113791476691,0,26,26,26,15,-36.6113791476691
01-Aug-2026 01:53:38,-144.263516309174,-36.8304265758391,0,25,25,25,16,-36.8304265758391
01-Aug-2026 01:53:40,-144.003544506262,-36.5704547729271,0,26,26,26,14,-36.5704547729271
01-Aug-2026 01:53:42,-143.275105391897,-35.8420156585621,0,26,26,26,14,-35.8420156585621
01-Aug-2026 01:53:44,-142.468165646115,-35.0350759127797,0,26,26,26,15,-35.0350759127797
01-Aug-2026 01:53:46,-142.040333590269,-34.6072438569336,0,26,26,26,15,-34.6072438569336
01-Aug-2026 01:53:48,-141.806232467493,-34.373142734158,0,26,26,26,13,-34.373142734158
01-Aug-2026 01:53:50,-125.475048753397,-18.0419590200623,0,26,26,26,14,-18.0419590200623
01-Aug-2026 01:53:52,-124.957086565496,-17.5239968321612,0,26,26,26,13,-17.5239968321612
01-Aug-2026 01:53:54,-125.35929716304,-17.9262074297045,0,26,26,26,14,-17.9262074297045
01-Aug-2026 01:53:56,-125.401458127097,-17.9683683937621,0,26,26,26,14,-17.9683683937621
01-Aug-2026 01:53:58,-125.133606872413,-17.7005171390774,0,26,26,26,13,-17.7005171390774
01-Aug-2026 01:54:00,-129.860710791069,-22.4276210577334,0,26,26,26,15,-22.4276210577334
01-Aug-2026 01:54:02,-130.586350577551,-23.1532608442153,0,26,26,26,16,-23.1532608442153
01-Aug-2026 01:54:04,-131.031971913292,-23.5988821799563,0,26,26,26,15,-23.5988821799563
01-Aug-2026 01:54:06,-131.962180400774,-24.529090667439,0,26,26,26,16,-24.529090667439
01-Aug-2026 01:54:08,-132.347018210814,-24.9139284774787,0,26,26,26,16,-24.9139284774787
01-Aug-2026 01:54:10,-133.273650640771,-25.8405609074355,0,26,26,26,17,-25.8405609074355
01-Aug-2026 01:54:12,-133.796679895212,-26.3635901618765,0,25,25,25,16,-26.3635901618765
01-Aug-2026 01:54:14,-134.508363763768,-27.0752740304326,0,25,25,25,17,-27.0752740304326
01-Aug-2026 01:54:16,-134.823093718694,-27.3900039853591,0,24,24,24,14,-27.3900039853591
01-Aug-2026 01:54:18,-135.93215670538,-28.4990669720445,0,24,24,24,14,-28.4990669720445
01-Aug-2026 01:54:20,-136.198458926188,-28.765369192853,0,24,24,24,14,-28.765369192853
01-Aug-2026 01:54:22,-136.616946875606,-29.1838571422709,0,24,24,24,13,-29.1838571422709
01-Aug-2026 01:54:24,-136.757290545565,-29.3242008122296,0,24,24,24,15,-29.3242008122296
01-Aug-2026 01:54:26,-137.481351644319,-30.0482619109837,0,24,24,24,15,-30.0482619109837
01-Aug-2026 01:54:28,-138.157188051658,-30.724098318323,0,24,24,24,14,-30.724098318323
01-Aug-2026 01:54:30,-138.452755416459,-31.0196656831236,0,24,24,24,14,-31.0196656831236
01-Aug-2026 01:54:32,-138.823888235669,-31.3907985023336,0,24,24,24,14,-31.3907985023336
01-Aug-2026 01:54:34,-139.489210971851,-32.0561212385162,0,24,24,24,13,-32.0561212385162
01-Aug-2026 01:54:36,-139.624700058475,-32.1916103251396,0,24,24,24,15,-32.1916103251396
01-Aug-2026 01:54:38,-140.348475038689,-32.915385305354,0,24,24,24,16,-32.915385305354
01-Aug-2026 01:54:40,-141.17248534565,-33.7393956123149,0,24,24,24,17,-33.7393956123149
01-Aug-2026 01:54:42,-141.542698047256,-34.1096083139209,0,25,25,25,16,-34.1096083139209
01-Aug-2026 01:54:44,-141.59917801563,-34.1660882822948,0,25,25,25,15,-34.1660882822948
01-Aug-2026 01:54:46,-147.593752383511,-40.1606626501755,0,25,25,25,14,-40.1606626501755
01-Aug-2026 01:54:48,-147.97770334033,-40.5446136069943,0,25,25,25,13,-40.5446136069943
01-Aug-2026 01:54:50,-148.155559543838,-40.7224698105023,0,25,25,25,13,-40.7224698105023
01-Aug-2026 01:54:52,-148.309020955384,-40.8759312220484,0,25,25,25,14,-40.8759312220484
01-Aug-2026 01:54:54,-148.61739369817,-41.1843039648352,0,25,25,25,15,-41.1843039648352
01-Aug-2026 01:54:56,-148.428592096258,-40.9955023629224,0,24,24,24,15,-40.9955023629224
01-Aug-2026 01:54:58,-148.199906662932,-40.7668169295965,0,24,24,24,14,-40.7668169295965
01-Aug-2026 01:55:00,-148.144091467166,-40.7110017338309,0,23,23,23,14,-40.7110017338309
01-Aug-2026 01:55:02,-148.660795568169,-41.2277058348334,0,23,23,23,14,-41.2277058348334
01-Aug-2026 01:55:04,-149.086330233256,-41.6532404999204,0,24,24,24,16,-41.6532404999204
01-Aug-2026 01:55:06,-149.531200013647,-42.098110280312,0,24,24,24,18,-42.098110280312
01-Aug-2026 01:55:08,-149.562431995198,-42.1293422618626,0,24,24,24,17,-42.1293422618626
01-Aug-2026 01:55:10,-149.593672724409,-42.1605829910743,0,24,24,24,15,-42.1605829910743
01-Aug-2026 01:55:12,-149.516768812916,-42.0836790795812,0,23,23,23,13,-42.0836790795812
01-Aug-2026 01:55:14,-149.884747774449,-42.4516580411139,0,23,23,23,13,-42.4516580411139
01-Aug-2026 01:55:16,-150.21993035413,-42.7868406207945,0,23,23,23,12,-42.7868406207945
01-Aug-2026 01:55:18,-150.826915861421,-43.3938261280857,0,23,23,23,11,-43.3938261280857
01-Aug-2026 01:55:20,-151.136319163496,-43.703229430161,0,23,23,23,12,-43.703229430161
01-Aug-2026 01:55:22,-151.106754951879,-43.6736652185435,0,23,23,23,13,-43.6736652185435
01-Aug-2026 01:55:24,-152.518300890222,-45.0852111568871,0,23,23,23,13,-45.0852111568871
01-Aug-2026 01:55:26,-153.055570121966,-45.6224803886312,0,24,24,24,12,-45.6224803886312
01-Aug-2026 01:55:28,-153.015045065468,-45.5819553321331,0,25,25,25,13,-45.5819553321331
01-Aug-2026 01:55:30,-153.009966460601,-45.5768767272661,0,25,25,25,12,-45.5768767272661
01-Aug-2026 01:55:32,-153.063818541168,-45.6307288078328,0,25,25,25,14,-45.6307288078328
01-Aug-2026 01:55:34,-153.349940206993,-45.9168504736577,0,25,25,25,14,-45.9168504736577
01-Aug-2026 01:55:36,-153.506359291649,-46.0732695583135,0,25,25,25,14,-46.0732695583135
01-Aug-2026 01:55:38,-153.379712754228,-45.9466230208924,0,25,25,25,14,-45.9466230208924
01-Aug-2026 01:55:40,-154.248893035705,-46.8158033023702,0,25,25,25,14,-46.8158033023702
01-Aug-2026 01:55:42,-154.743275124823,-47.3101853914878,0,25,25,25,14,-47.3101853914878
01-Aug-2026 01:55:44,-154.470029299692,-47.0369395663564,0,25,25,25,16,-47.0369395663564
01-Aug-2026 01:55:46,-154.673991959641,-47.2409022263063,0,25,25,25,17,-47.2409022263063
01-Aug-2026 01:55:48,-155.145693502493,-47.7126037691575,0,26,26,26,19,-47.7126037691575
01-Aug-2026 01:55:50,-155.153511334697,-47.7204216013617,0,26,26,26,19,-47.7204216013617
01-Aug-2026 01:55:52,-155.029906706751,-47.596816973416,0,26,26,26,18,-47.596816973416
01-Aug-2026 01:55:54,-154.950127864828,-47.5170381314927,0,26,26,26,18,-47.5170381314927
01-Aug-2026 01:55:56,-155.172105806424,-47.7390160730891,0,26,26,26,17,-47.7390160730891
01-Aug-2026 01:55:58,-155.031372593236,-47.5982828599012,0,26,26,26,17,-47.5982828599012
01-Aug-2026 01:56:00,-154.781979891879,-47.348890158544,0,26,26,26,15,-47.348890158544
01-Aug-2026 01:56:02,-155.043906915743,-47.6108171824075,0,26,26,26,14,-47.6108171824075
01-Aug-2026 01:56:04,-155.314934794819,-47.8818450614835,0,26,26,26,12,-47.8818450614835
01-Aug-2026 01:56:06,-155.359941663679,-47.9268519303439,0,26,26,26,12,-47.9268519303439
01-Aug-2026 01:56:08,-155.076894108167,-47.6438043748323,0,27,27,27,12,-47.6438043748323
01-Aug-2026 01:56:10,-155.314195930807,-47.8811061974718,0,27,27,27,11,-47.8811061974718
01-Aug-2026 01:56:12,-155.039399391551,-47.6063096582162,0,27,27,27,12,-47.6063096582162
01-Aug-2026 01:56:14,-155.240655113934,-47.8075653805985,0,27,27,27,11,-47.8075653805985
01-Aug-2026 01:56:16,-147.296721267583,-39.8636315342482,0,27,27,27,13,-39.8636315342482
01-Aug-2026 01:56:18,-146.922236637704,-39.4891469043687,0,27,27,27,15,-39.4891469043687
01-Aug-2026 01:56:20,-147.324985423778,-39.8918956904425,0,28,28,28,16,-39.8918956904425
01-Aug-2026 01:56:22,-147.212130743996,-39.779041010661,0,28,28,28,16,-39.779041010661
01-Aug-2026 01:56:24,-147.223842179052,-39.7907524457172,0,28,28,28,17,-39.7907524457172
01-Aug-2026 01:56:26,-147.039896014165,-39.6068062808301,0,28,28,28,19,-39.6068062808301
01-Aug-2026 01:56:28,-144.911677320187,-37.4785875868521,0,28,28,28,18,-37.4785875868521
01-Aug-2026 01:56:30,-144.718751158561,-37.2856614252254,0,27,27,27,16,-37.2856614252254
01-Aug-2026 01:56:32,-141.733722481495,-34.3006327481602,0,27,27,27,16,-34.3006327481602
01-Aug-2026 01:56:34,-141.838866555252,-34.4057768219164,0,27,27,27,14,-34.4057768219164
01-Aug-2026 01:56:36,-142.066123292509,-34.6330335591738,0,27,27,27,17,-34.6330335591738
01-Aug-2026 01:56:38,-142.363966023616,-34.9308762902809,0,26,26,26,16,-34.9308762902809
01-Aug-2026 01:56:40,-142.912587894239,-35.4794981609035,0,26,26,26,15,-35.4794981609035
01-Aug-2026 01:56:42,-142.507295929445,-35.0742061961097,0,26,26,26,15,-35.0742061961097
01-Aug-2026 01:56:44,-142.588029036986,-35.1549393036508,0,27,27,27,15,-35.1549393036508
01-Aug-2026 01:56:46,-142.915165559583,-35.4820758262481,0,26,26,26,15,-35.4820758262481
01-Aug-2026 01:56:48,-137.856421737495,-30.4233320041595,0,26,26,26,14,-30.4233320041595
01-Aug-2026 01:56:50,-137.441168381172,-30.0080786478366,0,26,26,26,13,-31.588113687092
01-Aug-2026 01:56:52,-137.715462845742,-30.2823731124067,0,25,25,25,13,-32.7667547207548
01-Aug-2026 01:56:54,-137.856507601928,-30.4234178685923,0,25,25,25,12,-33.4693244235944
01-Aug-2026 01:56:56,-141.156299596714,-33.7232098633785,0,26,26,26,15,-33.7232098633785
01-Aug-2026 01:56:58,-141.920245510101,-34.4871557767661,0,26,26,26,13,-34.4871557767661
01-Aug-2026 01:57:00,-141.835427505511,-34.4023377721758,0,27,27,27,14,-34.4023377721758
01-Aug-2026 01:57:02,-142.233175462191,-34.8000857288556,0,27,27,27,15,-34.8000857288556
01-Aug-2026 01:57:04,-142.431759888521,-34.9986701551861,0,27,27,27,15,-34.9986701551861
01-Aug-2026 01:57:06,-143.671198039268,-36.2381083059327,0,27,27,27,14,-36.2381083059327
01-Aug-2026 01:57:08,-145.02074082964,-37.5876510963053,0,27,27,27,13,-37.5876510963053
01-Aug-2026 01:57:10,-145.83381635737,-38.4007266240347,0,27,27,27,12,-38.4007266240347
01-Aug-2026 01:57:12,-146.287324281409,-38.8542345480741,0,27,27,27,12,-38.8542345480741
01-Aug-2026 01:57:14,-146.399531216743,-38.9664414834082,0,27,27,27,11,-38.9664414834082
01-Aug-2026 01:57:16,-145.832133138251,-38.3990434049158,0,27,27,27,12,-38.3990434049158
01-Aug-2026 01:57:18,-146.027623364491,-38.594533631156,0,27,27,27,13,-38.594533631156
01-Aug-2026 01:57:20,-145.844938433866,-38.4118487005306,0,27,27,27,14,-38.4118487005306
01-Aug-2026 01:57:22,-145.724101886821,-38.2910121534854,0,27,27,27,13,-38.2910121534854
01-Aug-2026 01:57:24,-145.996142672493,-38.5630529391573,0,27,27,27,12,-38.5630529391573
01-Aug-2026 01:57:26,-159.808279892497,-52.3751901591616,0,27,27,27,11,-52.3751901591616
01-Aug-2026 01:57:28,-159.885958367645,-52.4528686343096,0,26,26,26,14,-52.4528686343096
01-Aug-2026 01:57:30,-159.932829893708,-52.4997401603732,0,26,26,26,14,-52.4997401603732
01-Aug-2026 01:57:32,-159.561614429463,-52.1285246961281,0,26,26,26,14,-52.1285246961281
01-Aug-2026 01:57:34,-159.156360054441,-51.7232703211053,0,26,26,26,16,-51.7232703211053
01-Aug-2026 01:57:36,-159.014649714349,-51.581559981014,0,27,27,27,17,-51.581559981014
01-Aug-2026 01:57:38,-164.545583924364,-57.1124941910285,0,27,27,27,17,-57.1124941910285
01-Aug-2026 01:57:40,-163.752760642075,-56.3196709087393,0,27,27,27,15,-56.3196709087393
01-Aug-2026 01:57:42,-164.044345127433,-56.611255394098,0,27,27,27,14,-56.611255394098
01-Aug-2026 01:57:44,-163.820526326272,-56.3874365929371,0,27,27,27,14,-56.3874365929371
01-Aug-2026 01:57:46,-163.880032075125,-56.4469423417896,0,26,26,26,14,-56.4469423417896
01-Aug-2026 01:57:48,-163.965818489293,-56.5327287559577,0,26,26,26,14,-56.5327287559577
01-Aug-2026 01:57:50,-164.442729415183,-57.0096396818479,0,26,26,26,14,-57.0096396818479
01-Aug-2026 01:57:52,-164.612311242105,-57.17922150877,0,26,26,26,15,-57.17922150877
01-Aug-2026 01:57:54,-160.058838049307,-52.6257483159715,0,26,26,26,15,-52.6257483159715
01-Aug-2026 01:57:56,-160.670943577161,-53.2378538438259,0,25,25,25,12,-53.2378538438259
01-Aug-2026 01:57:58,-160.30407284216,-52.8709831088249,0,25,25,25,12,-52.8709831088249
01-Aug-2026 01:58:00,-160.592270176231,-53.1591804428957,0,25,25,25,12,-53.1591804428957
01-Aug-2026 01:58:02,-160.692427507128,-53.2593377737929,0,24,24,24,13,-53.2593377737929
01-Aug-2026 01:58:04,-160.858961115976,-53.425871382641,0,24,24,24,12,-53.425871382641
01-Aug-2026 01:58:06,-160.406016511745,-52.9729267784098,0,24,24,24,13,-52.9729267784098
01-Aug-2026 01:58:08,-154.291372258204,-46.8582825248692,0,24,24,24,14,-46.8582825248692
01-Aug-2026 01:58:10,-158.741736133141,-51.3086463998061,0,24,24,24,14,-51.3086463998061
01-Aug-2026 01:58:12,-160.914280032246,-53.481190298911,0,24,24,24,12,-53.481190298911
01-Aug-2026 01:58:14,-158.346329213709,-50.9132394803742,0,24,24,24,11,-50.9132394803742
01-Aug-2026 01:58:16,-158.148963308408,-50.7158735750729,0,24,24,24,11,-50.7158735750729
01-Aug-2026 01:58:18,-157.798786074479,-50.365696341144,0,24,24,24,11,-50.365696341144
01-Aug-2026 01:58:20,-157.643813808895,-50.2107240755594,0,24,24,24,12,-50.2107240755594
01-Aug-2026 01:58:22,-157.818402548968,-50.3853128156329,0,24,24,24,11,-50.3853128156329
01-Aug-2026 01:58:24,-158.245547763824,-50.8124580304887,0,23,23,23,10,-50.8124580304887
01-Aug-2026 01:58:26,-158.005826826876,-50.5727370935412,0,23,23,23,10,-50.5727370935412
01-Aug-2026 01:58:28,-158.364730630456,-50.9316408971206,0,24,24,24,10,-50.9316408971206
01-Aug-2026 01:58:30,-158.227980736021,-50.7948910026854,0,24,24,24,12,-50.7948910026854
01-Aug-2026 01:58:32,-158.068699594936,-50.6356098616005,0,25,25,25,12,-50.6356098616005
01-Aug-2026 01:58:34,-158.294839769157,-50.861750035822,0,25,25,25,13,-50.861750035822
01-Aug-2026 01:58:36,-158.623600528107,-51.1905107947723,0,25,25,25,12,-51.1905107947723
01-Aug-2026 01:58:38,-161.096024141106,-53.6629344077712,0,25,25,25,12,-53.6629344077712
01-Aug-2026 01:58:40,-158.070182075753,-50.6370923424181,0,25,25,25,12,-50.6370923424181
01-Aug-2026 01:58:42,-158.084812717403,-50.6517229840675,0,25,25,25,10,-50.6517229840675
01-Aug-2026 01:58:44,-155.313674265655,-47.8805845323199,0,25,25,25,9,-47.8805845323199
01-Aug-2026 01:58:46,-154.92558252425,-47.4924927909147,0,25,25,25,11,-47.4924927909147
01-Aug-2026 01:58:48,-154.310197048055,-46.8771073147198,0,23,23,23,11,-46.8771073147198
01-Aug-2026 01:58:50,-154.728474965142,-47.2953852318065,0,23,23,23,10,-47.2953852318065
01-Aug-2026 01:58:52,-155.840795420942,-48.4077056876069,0,23,23,23,9,-48.4077056876069
01-Aug-2026 01:58:54,-155.913084921835,-48.4799951885001,0,23,23,23,9,-48.4799951885001
01-Aug-2026 01:58:56,-155.910741647974,-48.4776519146392,0,24,24,24,10,-48.4776519146392
01-Aug-2026 01:58:58,-155.443828535047,-48.0107388017121,0,24,24,24,10,-48.0107388017121
01-Aug-2026 01:59:00,-155.097625690243,-47.6645359569079,0,24,24,24,10,-47.6645359569079
01-Aug-2026 01:59:02,-154.678715735343,-47.2456260020079,0,24,24,24,11,-47.2456260020079
01-Aug-2026 01:59:04,-154.561690743807,-47.128601010472,0,24,24,24,11,-47.128601010472
01-Aug-2026 01:59:06,-155.12063137841,-47.6875416450752,0,24,24,24,11,-47.6875416450752
01-Aug-2026 01:59:08,-154.728007803924,-47.2949180705884,0,24,24,24,11,-47.2949180705884
01-Aug-2026 01:59:10,-150.651760071475,-43.2186703381397,0,24,24,24,12,-43.2186703381397
01-Aug-2026 01:59:12,-150.493132895032,-43.0600431616972,0,25,25,25,14,-43.0600431616972
01-Aug-2026 01:59:14,-150.134230048398,-42.7011403150632,0,25,25,25,13,-42.7011403150632
01-Aug-2026 01:59:16,-150.585356339113,-43.1522666057777,0,25,25,25,13,-43.1522666057777
01-Aug-2026 01:59:18,-151.115892515073,-43.682802781738,0,25,25,25,13,-43.682802781738
01-Aug-2026 01:59:20,-150.822670422544,-43.3895806892085,0,25,25,25,15,-43.3895806892085
01-Aug-2026 01:59:22,-151.268882756832,-43.8357930234968,0,26,26,26,14,-43.8357930234968
01-Aug-2026 01:59:24,-150.888620172027,-43.455530438692,0,26,26,26,13,-43.455530438692
01-Aug-2026 01:59:26,-150.828191030278,-43.3951012969424,0,26,26,26,11,-43.3951012969424
01-Aug-2026 01:59:28,-152.311421296051,-44.8783315627155,0,26,26,26,9,-44.8783315627155
01-Aug-2026 01:59:30,-152.580780829817,-45.1476910964813,0,26,26,26,9,-45.1476910964813
01-Aug-2026 01:59:32,-153.310536395656,-45.8774466623209,0,26,26,26,8,-45.8774466623209
01-Aug-2026 01:59:34,-152.923340491738,-45.4902507584033,0,26,26,26,8,-45.4902507584033
01-Aug-2026 01:59:36,-152.846003546188,-45.4129138128532,0,26,26,26,9,-45.4129138128532
01-Aug-2026 01:59:38,-152.957647381195,-45.5245576478596,0,26,26,26,11,-45.5245576478596
01-Aug-2026 01:59:40,-157.737696754454,-50.3046070211192,0,26,26,26,11,-50.3046070211192
01-Aug-2026 01:59:42,-157.834084291221,-50.4009945578857,0,26,26,26,10,-50.4009945578857
01-Aug-2026 01:59:44,-157.771779496247,-50.3386897629114,0,26,26,26,9,-50.3386897629114
01-Aug-2026 01:59:46,-157.831747995262,-50.3986582619265,0,26,26,26,9,-50.3986582619265
01-Aug-2026 01:59:48,-157.529219741972,-50.0961300086373,0,26,26,26,9,-50.0961300086373
01-Aug-2026 01:59:50,-157.670005517264,-50.2369157839284,0,26,26,26,9,-50.2369157839284
01-Aug-2026 01:59:52,-157.30192408554,-49.8688343522051,0,26,26,26,7,-49.8688343522051
01-Aug-2026 01:59:54,-157.628093144994,-50.1950034116588,0,26,26,26,6,-50.1950034116588
01-Aug-2026 01:59:56,-156.841373019618,-49.4082832862829,0,26,26,26,8,-49.4082832862829
01-Aug-2026 01:59:58,-156.835787373977,-49.4026976406423,0,27,27,27,11,-49.4026976406423
01-Aug-2026 02:00:00,-156.808846606983,-49.3757568736477,0,27,27,27,11,-49.3757568736477
