OuterAngleDeg,InnerAngleDeg,WorstExceedancePercent,RobustExceedancePercent,MedianExceedancePercent,MaximumIOverNDb,P95IOverNDb,PracticalPercentileIOverNDb,RobustAvailabilityPercent,RetaskDutyPercent,ShutdownDutyPercent,Feasible,PracticalFeasible,Score,SearchStage
0,0,1.38850319355735,1.38850319355735,0.985837267425715,27.9194224643324,-21.23291065706,21.2938031899933,98.6114968064427,0,0,0,0,0,coarse
0.5,0,1.38850319355735,1.38850319355735,0.985837267425715,27.9194224643324,-21.23291065706,21.2938031899933,98.6114968064427,0.00893136247934622,0,0,0,0.5,coarse
0.5,0.5,1.38850319355735,1.38850319355735,0.985837267425715,27.9194224643324,-21.23291065706,21.2938031899933,98.6114968064427,0,0.00893136247934622,0,0,1,coarse
1,0,1.38850319355735,1.38850319355735,0.985837267425715,27.9194224643324,-21.23291065706,21.2938031899933,98.6114968064427,0.0156298843388559,0,0,0,1,coarse
1,0.5,1.38850319355735,1.38850319355735,0.985837267425715,27.9194224643324,-21.23291065706,21.2938031899933,98.6114968064427,0.013172338090011,0.00893136247934622,0,0,1.5,coarse
1,1,1.38850319355735,1.38850319355735,0.971952235490142,27.9194224643324,-21.3479164529127,21.2938031899933,98.6114968064427,0,0.0156298843388559,0,0,2,coarse
2,0,1.38850319355735,1.38850319355735,0.985837267425715,27.9194224643324,-21.23291065706,21.2938031899933,98.6114968064427,0.0334926092975483,0,0,0,2,coarse
2,0.5,1.38850319355735,1.38850319355735,0.985837267425715,27.9194224643324,-21.23291065706,21.2938031899933,98.6114968064427,0.0329308452250274,0.00893136247934622,0,0,2.5,coarse
2,1,1.38850319355735,1.38850319355735,0.971952235490142,27.9194224643324,-21.3479164529127,21.2938031899933,98.6114968064427,0.0197585071350165,0.0156298843388559,0,0,3,coarse
2,2,1.38850319355735,1.38850319355735,0.958067203554568,27.9194224643324,-21.7302030331006,21.2938031899933,98.6114968064427,0,0.0334926092975483,0,0,4,coarse
3,0,1.38850319355735,1.38850319355735,0.958067203554568,27.9194224643324,-21.23291065706,21.2938031899933,98.6114968064427,0.0647523779752601,0,0,0,3,coarse
3,0.5,1.38850319355735,1.38850319355735,0.958067203554568,27.9194224643324,-21.23291065706,21.2938031899933,98.6114968064427,0.0558210154959139,0.00893136247934622,0,0,3.5,coarse
3,1,1.38850319355735,1.38850319355735,0.944182171618995,27.9194224643324,-21.3479164529127,21.2938031899933,98.6114968064427,0.0491224936364042,0.0156298843388559,0,0,4,coarse
3,2,1.38850319355735,1.38850319355735,0.930297139683421,27.9194224643324,-21.7302030331006,21.2938031899933,98.6114968064427,0.0312597686777118,0.0334926092975483,0,0,5,coarse
3,3,1.38850319355735,1.38850319355735,0.888642043876701,27.9194224643324,-22.209504045588,21.2938031899933,98.6114968064427,0,0.0647523779752601,0,0,6,coarse
5,0,1.33296306581505,1.33296306581505,0.930297139683421,27.9194224643324,-21.23291065706,21.2925549133321,98.6670369341849,0.192024293305944,0,0,0,5,coarse
5,0.5,1.33296306581505,1.33296306581505,0.930297139683421,27.9194224643324,-21.23291065706,21.2925549133321,98.6670369341849,0.183092930826598,0.00893136247934622,0,0,5.5,coarse
5,1,1.33296306581505,1.33296306581505,0.916412107747848,27.9194224643324,-21.3479164529127,21.2925549133321,98.6670369341849,0.176394408967088,0.0156298843388559,0,0,6,coarse
5,2,1.33296306581505,1.33296306581505,0.902527075812274,27.9194224643324,-21.7302030331006,21.2925549133321,98.6670369341849,0.158531684008395,0.0334926092975483,0,0,7,coarse
5,3,1.33296306581505,1.33296306581505,0.860871980005554,27.9194224643324,-22.209504045588,21.2925549133321,98.6670369341849,0.127271915330684,0.0647523779752601,0,0,8,coarse
5,5,1.33296306581505,1.33296306581505,0.860871980005554,27.9194224643324,-23.5262187858195,21.2925549133321,98.6670369341849,0,0.192024293305944,0,0,10,coarse
10,0,1.19411274645932,1.19411274645932,0.541516245487365,13.2552529231329,-20.9365879903674,7.08692090057107,98.8058872535407,0.660920823471621,0,0,0,10,coarse
10,0.5,1.19411274645932,1.19411274645932,0.541516245487365,13.2552529231329,-20.9717854241458,7.08692090057107,98.8058872535407,0.651989460992274,0.00893136247934622,0,0,10.5,coarse
10,1,1.19411274645932,1.19411274645932,0.527631213551791,13.2552529231329,-20.9897008870703,7.08692090057107,98.8058872535407,0.645290939132765,0.0156298843388559,0,0,11,coarse
10,2,1.19411274645932,1.19411274645932,0.513746181616218,13.2552529231329,-21.4988314336907,7.08692090057107,98.8058872535407,0.627428214174072,0.0334926092975483,0,0,12,coarse
10,3,1.19411274645932,1.19411274645932,0.472091085809497,13.2552529231329,-21.78377198319,7.08692090057107,98.8058872535407,0.59616844549636,0.0647523779752601,0,0,13,coarse
10,5,1.19411274645932,1.19411274645932,0.472091085809497,13.2552529231329,-23.5879090810976,7.08692090057107,98.8058872535407,0.468896530165677,0.192024293305944,0,0,15,coarse
10,10,0.999722299361288,0.999722299361288,0.472091085809497,13.2552529231329,-26.2403939239733,7.08692090057107,99.0002777006387,0,0.660920823471621,0,0,20,coarse
15,0,0.916412107747848,0.916412107747848,0.263815606775896,9.21170661930887,-21.5233323045185,1.7076721068039,99.0835878922522,1.29281471888537,0,0,0,15,coarse
15,0.5,0.916412107747848,0.916412107747848,0.263815606775896,9.21170661930887,-21.5413921306699,1.7076721068039,99.0835878922522,1.28388335640602,0.00893136247934622,0,0,15.5,coarse
15,1,0.916412107747848,0.916412107747848,0.249930574840322,9.21170661930887,-21.613358356768,1.7076721068039,99.0835878922522,1.27718483454651,0.0156298843388559,0,0,16,coarse
15,2,0.916412107747848,0.916412107747848,0.236045542904749,9.21170661930887,-21.8505798665893,1.7076721068039,99.0835878922522,1.25932210958782,0.0334926092975483,0,0,17,coarse
15,3,0.916412107747848,0.916412107747848,0.194390447098028,9.21170661930887,-22.4455341648726,1.7076721068039,99.0835878922522,1.22806234091011,0.0647523779752601,0,0,18,coarse
15,5,0.916412107747848,0.916412107747848,0.194390447098028,9.21170661930887,-23.8151943885222,1.7076721068039,99.0835878922522,1.10079042557942,0.192024293305944,0,0,20,coarse
15,10,0.72202166064982,0.72202166064982,0.194390447098028,9.21170661930887,-26.4308556013467,1.7076721068039,99.2779783393502,0.631893895413745,0.660920823471621,0,0,25,coarse
15,15,0.72202166064982,0.72202166064982,0.194390447098028,9.21170661930887,-27.7563057896726,1.7076721068039,99.2779783393502,0,1.29281471888537,0,0,30,coarse
20,0,0.527631213551791,0.527631213551791,0.236045542904749,9.21170661930887,-21.6391403727663,-0.563268319254293,99.4723687864482,2.2417719823159,0,0,0,20,coarse
20,0.5,0.527631213551791,0.527631213551791,0.236045542904749,9.21170661930887,-21.6571257201598,-0.563268319254293,99.4723687864482,2.23284061983656,0.00893136247934622,0,0,20.5,coarse
20,1,0.527631213551791,0.527631213551791,0.222160510969175,9.21170661930887,-21.7302030331006,-0.563268319254293,99.4723687864482,2.22614209797705,0.0156298843388559,0,0,21,coarse
20,2,0.527631213551791,0.527631213551791,0.208275479033602,9.21170661930887,-22.3180275068146,-0.563268319254293,99.4723687864482,2.20827937301835,0.0334926092975483,0,0,22,coarse
20,3,0.527631213551791,0.527631213551791,0.166620383226881,9.21170661930887,-22.635086435181,-0.563268319254293,99.4723687864482,2.17701960434064,0.0647523779752601,0,0,23,coarse
20,5,0.527631213551791,0.527631213551791,0.166620383226881,9.21170661930887,-24.3121426171168,-0.563268319254293,99.4723687864482,2.04974768900996,0.192024293305944,0,0,25,coarse
20,10,0.333240766453763,0.333240766453763,0.166620383226881,9.21170661930887,-26.690944520969,-0.766856880119439,99.6667592335462,1.58085115884428,0.660920823471621,0,0,30,coarse
20,15,0.333240766453763,0.333240766453763,0.166620383226881,9.21170661930887,-27.8748828941269,-0.766856880119439,99.6667592335462,0.948957263430536,1.29281471888537,0,0,35,coarse
20,20,0.333240766453763,0.333240766453763,0.166620383226881,9.21170661930887,-29.7612260721003,-0.766856880119439,99.6667592335462,0,2.2417719823159,0,0,40,coarse
25,0,0.305470702582616,0.305470702582616,0.194390447098028,1.69658636419578,-21.7302030331006,-1.55341608809866,99.6945292974174,3.54128522306078,0,0,0,25,coarse
25,0.5,0.305470702582616,0.305470702582616,0.194390447098028,1.69658636419578,-21.8929083871489,-1.55341608809866,99.6945292974174,3.53235386058143,0.00893136247934622,0,0,25.5,coarse
25,1,0.305470702582616,0.305470702582616,0.180505415162455,1.69658636419578,-22.0106913518407,-1.55341608809866,99.6945292974174,3.52565533872192,0.0156298843388559,0,0,26,coarse
25,2,0.305470702582616,0.305470702582616,0.166620383226881,1.69658636419578,-22.4307297429499,-1.55341608809866,99.6945292974174,3.50779261376323,0.0334926092975483,0,0,27,coarse
25,3,0.305470702582616,0.305470702582616,0.124965287420161,1.69658636419578,-22.7915473317346,-1.55341608809866,99.6945292974174,3.47653284508552,0.0647523779752601,0,0,28,coarse
25,5,0.305470702582616,0.305470702582616,0.124965287420161,1.69658636419578,-24.4022869399113,-1.55341608809866,99.6945292974174,3.34926092975483,0.192024293305944,0,0,30,coarse
25,10,0.138850319355735,0.138850319355735,0.111080255484588,1.69658636419578,-27.0368799143433,-2.76398344497473,99.8611496806443,3.00773802848492,0.660920823471621,0,0,35,coarse
25,15,0.138850319355735,0.138850319355735,0.111080255484588,1.69658636419578,-28.1466050027983,-2.76398344497473,99.8611496806443,2.41785353818549,1.29281471888537,0,0,40,coarse
25,20,0.138850319355735,0.138850319355735,0.111080255484588,1.69658636419578,-29.827699928677,-2.76398344497473,99.8611496806443,1.55657732421218,2.2417719823159,0,0,45,coarse
25,25,0.138850319355735,0.138850319355735,0.111080255484588,1.69658636419578,-33.678888968399,-2.76398344497473,99.8611496806443,0,3.54128522306078,0,0,50,coarse
30,0,0.222160510969175,0.222160510969175,0.111080255484588,-0.520924384944294,-22.4024811419883,-2.45260511558292,99.7778394890308,6.18145116070427,0,0,0,30,coarse
30,0.5,0.222160510969175,0.222160510969175,0.111080255484588,-0.520924384944294,-22.4702737304428,-2.45260511558292,99.7778394890308,6.18145116070427,0.00893136247934622,0,0,30.5,coarse
30,1,0.222160510969175,0.222160510969175,0.0971952235490142,-0.520924384944294,-22.5672497657065,-2.45260511558292,99.7778394890308,6.18145116070427,0.0156298843388559,0,0,31,coarse
30,2,0.222160510969175,0.222160510969175,0.0833101916134407,-0.520924384944294,-22.7567185444825,-2.45260511558292,99.7778394890308,6.17472244028261,0.0334926092975483,0,0,32,coarse
30,3,0.222160510969175,0.222160510969175,0.0416550958067204,-0.520924384944294,-23.4803660841531,-2.45260511558292,99.7778394890308,6.15677918582483,0.0647523779752601,0,0,33,coarse
30,5,0.222160510969175,0.222160510969175,0.0416550958067204,-0.520924384944294,-24.7106084025652,-2.45260511558292,99.7778394890308,6.09846360883705,0.192024293305944,0,0,35,coarse
30,10,0.0555401277422938,0.0555401277422938,0.0277700638711469,-2.3217590618117,-27.2243244992012,-7.63413224810714,99.9444598722577,5.83604351239206,0.660920823471621,0,1,40,coarse
30,15,0.0555401277422938,0.0555401277422938,0.0277700638711469,-2.3217590618117,-28.4384834129187,-7.95587435441274,99.9444598722577,5.24615902209263,1.29281471888537,0,1,45,coarse
30,20,0.0555401277422938,0.0555401277422938,0.0277700638711469,-2.3217590618117,-30.1003866714028,-7.95587435441274,99.9444598722577,4.38488280811932,2.2417719823159,0,1,50,coarse
30,25,0.0555401277422938,0.0555401277422938,0.0277700638711469,-2.3217590618117,-33.6730184012062,-7.95587435441274,99.9444598722577,2.82830548390714,3.54128522306078,0,1,55,coarse
30,30,0.0555401277422938,0.0555401277422938,0.0277700638711469,-2.3217590618117,-35.6423502591259,-7.95587435441274,99.9444598722577,0,6.18145116070427,0,1,60,coarse
35,0,0.194390447098028,0.194390447098028,0.0833101916134407,-0.520924384944294,-22.7123801065279,-2.57974193295912,99.805609552902,10.7188516317147,0,0,0,35,coarse
35,0.5,0.194390447098028,0.194390447098028,0.0833101916134407,-0.520924384944294,-22.7915473317346,-2.57974193295912,99.805609552902,10.7188516317147,0.00893136247934622,0,0,35.5,coarse
35,1,0.194390447098028,0.194390447098028,0.0555401277422938,-0.520924384944294,-22.9526520619529,-2.57974193295912,99.805609552902,10.7188516317147,0.0156298843388559,0,0,36,coarse
35,2,0.194390447098028,0.194390447098028,0.0416550958067204,-0.520924384944294,-23.4766751946591,-2.57974193295912,99.805609552902,10.712122911293,0.0334926092975483,0,0,37,coarse
35,3,0.194390447098028,0.194390447098028,0,-0.520924384944294,-23.8988821348289,-2.57974193295912,99.805609552902,10.6941796568353,0.0647523779752601,0,0,38,coarse
35,5,0.194390447098028,0.194390447098028,0,-0.520924384944294,-24.8252712705633,-2.57974193295912,99.805609552902,10.6358640798475,0.192024293305944,0,0,40,coarse
35,10,0,0,0,-7.0483045747319,-27.468862472563,-9.29725386906552,100,10.3734439834025,0.660920823471621,1,1,45,coarse
35,15,0,0,0,-10.3405974063609,-28.6811182287262,-13.8209579416469,100,9.78355949310306,1.29281471888537,1,1,50,coarse
35,20,0,0,0,-13.3490202624222,-30.3078744152759,-14.3020587387194,100,8.92228327912975,2.2417719823159,1,1,55,coarse
35,25,0,0,0,-13.3490202624222,-33.6730184012062,-14.3020587387194,100,7.36570595491757,3.54128522306078,1,1,60,coarse
35,30,0,0,0,-13.3490202624222,-35.6423502591259,-14.3020587387194,100,4.53740047101043,6.18145116070427,1,1,65,coarse
35,35,0,0,0,-13.3490202624222,-38.3745557403365,-14.3020587387194,100,0,10.7188516317147,1,1,70,coarse
40,0,0.194390447098028,0.194390447098028,0.0833101916134407,-0.520924384944294,-22.7915473317346,-2.57974193295912,99.805609552902,15.2607379163396,0,0,0,40,coarse
40,0.5,0.194390447098028,0.194390447098028,0.0833101916134407,-0.520924384944294,-22.9879756955548,-2.57974193295912,99.805609552902,15.2607379163396,0.00893136247934622,0,0,40.5,coarse
40,1,0.194390447098028,0.194390447098028,0.0555401277422938,-0.520924384944294,-23.2272545307846,-2.57974193295912,99.805609552902,15.2607379163396,0.0156298843388559,0,0,41,coarse
40,2,0.194390447098028,0.194390447098028,0.0416550958067204,-0.520924384944294,-23.5391608962881,-2.57974193295912,99.805609552902,15.2540091959179,0.0334926092975483,0,0,42,coarse
40,3,0.194390447098028,0.194390447098028,0,-0.520924384944294,-24.0382387782924,-2.57974193295912,99.805609552902,15.2360659414601,0.0647523779752601,0,0,43,coarse
40,5,0.194390447098028,0.194390447098028,0,-0.520924384944294,-24.8945306535338,-2.57974193295912,99.805609552902,15.1777503644724,0.192024293305944,0,0,45,coarse
40,10,0,0,0,-7.0483045747319,-27.4761155548446,-9.29725386906552,100,14.9153302680274,0.660920823471621,1,1,50,coarse
40,15,0,0,0,-10.3405974063609,-28.7069248368783,-13.8209579416469,100,14.3254457777279,1.29281471888537,1,1,55,coarse
40,20,0,0,0,-13.3490202624222,-30.3078744152759,-14.3020587387194,100,13.4641695637546,2.2417719823159,1,1,60,coarse
40,25,0,0,0,-13.3490202624222,-33.3793985903538,-14.3020587387194,100,11.9075922395424,3.54128522306078,1,1,65,coarse
40,30,0,0,0,-13.3490202624222,-35.6423502591259,-14.3020587387194,100,9.0792867556353,6.18145116070427,1,1,70,coarse
40,35,0,0,0,-13.3490202624222,-38.3891780341878,-14.3020587387194,100,4.71402742867222,10.7188516317147,1,1,75,coarse
40,40,0,0,0,-13.3490202624222,-41.2218645449165,-14.3020587387194,100,0,15.2607379163396,1,1,80,coarse
45,0,0.194390447098028,0.194390447098028,0.0833101916134407,-0.520924384944294,-22.7915473317346,-2.57974193295912,99.805609552902,18.9817203095211,0,0,0,45,coarse
45,0.5,0.194390447098028,0.194390447098028,0.0833101916134407,-0.520924384944294,-22.9879756955548,-2.57974193295912,99.805609552902,18.9817203095211,0.00893136247934622,0,0,45.5,coarse
45,1,0.194390447098028,0.194390447098028,0.0555401277422938,-0.520924384944294,-23.2272545307846,-2.57974193295912,99.805609552902,18.9817203095211,0.0156298843388559,0,0,46,coarse
45,2,0.194390447098028,0.194390447098028,0.0416550958067204,-0.520924384944294,-23.5391608962881,-2.57974193295912,99.805609552902,18.9749915890995,0.0334926092975483,0,0,47,coarse
45,3,0.194390447098028,0.194390447098028,0,-0.520924384944294,-24.0382387782924,-2.57974193295912,99.805609552902,18.9570483346417,0.0647523779752601,0,0,48,coarse
45,5,0.194390447098028,0.194390447098028,0,-0.520924384944294,-24.9405557407926,-2.57974193295912,99.805609552902,18.8987327576539,0.192024293305944,0,0,50,coarse
45,10,0,0,0,-7.0483045747319,-27.6213458272307,-9.29725386906552,100,18.6363126612089,0.660920823471621,1,1,55,coarse
45,15,0,0,0,-10.3405974063609,-28.8722591868026,-17.389363448902,100,18.0464281709095,1.29281471888537,1,1,60,coarse
45,20,0,0,0,-19.0175962411838,-30.7047052567005,-20.5216061516458,100,17.1851519569362,2.2417719823159,1,1,65,coarse
45,25,0,0,0,-20.3995178132608,-33.2433616798721,-22.5116016753421,100,15.628574632724,3.54128522306078,1,1,70,coarse
45,30,0,0,0,-20.4077755916508,-35.6423502591259,-23.2864109185922,100,12.8002691488169,6.18145116070427,1,1,75,coarse
45,35,0,0,0,-20.4082600452799,-38.4633146532051,-23.296094241341,100,8.43365524540283,10.7188516317147,1,1,80,coarse
45,40,0,0,0,-20.4812515180967,-41.2441460998337,-23.3008301331115,100,3.81339187705818,15.2607379163396,1,1,85,coarse
45,45,0,0,0,-20.4812515180967,-44.572573634652,-23.3008301331115,100,0,18.9817203095211,1,1,90,coarse
50,0,0.194390447098028,0.194390447098028,0.0833101916134407,-0.520924384944351,-22.7915473317346,-2.57974193295915,99.805609552902,22.4111248177638,0,0,0,50,coarse
50,0.5,0.194390447098028,0.194390447098028,0.0833101916134407,-0.520924384944351,-22.9879756955548,-2.57974193295915,99.805609552902,22.4111248177638,0.00893136247934622,0,0,50.5,coarse
50,1,0.194390447098028,0.194390447098028,0.0555401277422938,-0.520924384944351,-23.2272545307846,-2.57974193295915,99.805609552902,22.4111248177638,0.0156298843388559,0,0,51,coarse
50,2,0.194390447098028,0.194390447098028,0.0416550958067204,-0.520924384944351,-23.5839319358103,-2.57974193295915,99.805609552902,22.4043960973422,0.0334926092975483,0,0,52,coarse
50,3,0.194390447098028,0.194390447098028,0,-0.520924384944351,-24.1180625257983,-2.57974193295915,99.805609552902,22.3864528428844,0.0647523779752601,0,0,53,coarse
50,5,0.194390447098028,0.194390447098028,0,-0.520924384944351,-25.0494540255733,-2.57974193295915,99.805609552902,22.3281372658966,0.192024293305944,0,0,55,coarse
50,10,0,0,0,-7.0483045747319,-27.6213458272307,-9.29725386906552,100,22.0657171694516,0.660920823471621,1,1,60,coarse
50,15,0,0,0,-10.3405974063609,-28.8722591868026,-17.389363448902,100,21.4758326791522,1.29281471888537,1,1,65,coarse
50,20,0,0,0,-19.0175962411838,-30.7047052567005,-20.5216061516458,100,20.6145564651789,2.2417719823159,1,1,70,coarse
50,25,0,0,0,-20.3995178132608,-33.2433616798721,-22.5116016753421,100,19.0579791409667,3.54128522306078,1,1,75,coarse
50,30,0,0,0,-20.4077755916508,-35.68421796717,-23.3102151612427,100,16.2296736570595,6.18145116070427,1,1,80,coarse
50,35,0,0,0,-20.4082600452799,-38.5002667556634,-23.3198984839915,100,11.7475856594788,10.7188516317147,1,1,85,coarse
50,40,0,0,0,-20.4812515180967,-41.2678683336653,-23.3253965129103,100,7.43798024149287,15.2607379163396,1,1,90,coarse
50,45,0,0,0,-20.4812515180967,-44.6064268147914,-23.3253965129103,100,3.62458836443469,18.9817203095211,1,1,95,coarse
50,50,0,0,0,-20.4821503831959,-48.743452557172,-23.3254046799802,100,0,22.4111248177638,1,1,100,coarse
55,0,0.194390447098028,0.194390447098028,0.0833101916134407,-0.520924384944351,-22.7915473317346,-2.57974193295915,99.805609552902,25.8696871145004,0,0,0,55,coarse
55,0.5,0.194390447098028,0.194390447098028,0.0833101916134407,-0.520924384944351,-22.9879756955548,-2.57974193295915,99.805609552902,25.8696871145004,0.00893136247934622,0,0,55.5,coarse
55,1,0.194390447098028,0.194390447098028,0.0555401277422938,-0.520924384944351,-23.2272545307846,-2.57974193295915,99.805609552902,25.8696871145004,0.0156298843388559,0,0,56,coarse
55,2,0.194390447098028,0.194390447098028,0.0416550958067204,-0.520924384944351,-23.5839319358103,-2.57974193295915,99.805609552902,25.8629583940787,0.0334926092975483,0,0,57,coarse
55,3,0.194390447098028,0.194390447098028,0,-0.520924384944351,-24.1180625257983,-2.57974193295915,99.805609552902,25.8450151396209,0.0647523779752601,0,0,58,coarse
55,5,0.194390447098028,0.194390447098028,0,-0.520924384944351,-25.0494540255733,-2.57974193295915,99.805609552902,25.7866995626332,0.192024293305944,0,0,60,coarse
55,10,0,0,0,-7.0483045747319,-27.6436020689231,-9.29725386906552,100,25.5242794661882,0.660920823471621,1,1,65,coarse
55,15,0,0,0,-10.3405974063609,-28.9800615943636,-17.389363448902,100,24.9343949758888,1.29281471888537,1,1,70,coarse
55,20,0,0,0,-19.0175962411838,-30.7828141820454,-20.5216061516458,100,24.0731187619154,2.2417719823159,1,1,75,coarse
55,25,0,0,0,-20.3995178132608,-33.481747184719,-22.5116016753421,100,22.5165414377033,3.54128522306078,1,1,80,coarse
55,30,0,0,0,-20.4077755916508,-35.8191245940863,-23.3102151612427,100,19.6882359537961,6.18145116070427,1,1,85,coarse
55,35,0,0,0,-20.4082600452799,-38.5170354002433,-23.3198984839915,100,15.3501646542261,10.7188516317147,1,1,90,coarse
55,40,0,0,0,-20.4812515180967,-41.2915135134279,-23.3253965129103,100,11.0406147091109,15.2607379163396,1,1,95,coarse
55,45,0,0,0,-20.4812515180967,-44.6893709709499,-23.3253965129103,100,7.22722283205269,18.9817203095211,1,1,100,coarse
55,50,0,0,0,-20.4821503831959,-48.83886740338,-23.3254046799802,100,3.6462287321931,22.4111248177638,1,1,105,coarse
55,55,0,0,0,-20.4821909338084,-48.8456693859064,-23.3255011054083,100,0,25.8696871145004,1,1,110,coarse
60,0,0.194390447098028,0.194390447098028,0.0833101916134407,-0.520952488569975,-22.7915473317346,-2.57974193295915,99.805609552902,28.9108203456437,0,0,0,60,coarse
60,0.5,0.194390447098028,0.194390447098028,0.0833101916134407,-0.520952488569975,-22.9879756955548,-2.57974193295915,99.805609552902,28.9018889831644,0.00893136247934622,0,0,60.5,coarse
60,1,0.194390447098028,0.194390447098028,0.0555401277422938,-0.520952488569975,-23.2272545307846,-2.57974193295915,99.805609552902,28.8951904613049,0.0156298843388559,0,0,61,coarse
60,2,0.194390447098028,0.194390447098028,0.0416550958067204,-0.520952488569975,-23.5839319358103,-2.57974193295915,99.805609552902,28.8773277363462,0.0334926092975483,0,0,62,coarse
60,3,0.194390447098028,0.194390447098028,0,-0.520952488569975,-24.1180625257983,-2.57974193295915,99.805609552902,28.8460679676685,0.0647523779752601,0,0,63,coarse
60,5,0.194390447098028,0.194390447098028,0,-0.520952488569975,-25.0494540255733,-2.57974193295915,99.805609552902,28.7518223617809,0.192024293305944,0,0,65,coarse
60,10,0,0,0,-7.04830457473189,-27.6547792374908,-9.29725386906552,100,28.4894022653359,0.660920823471621,1,1,70,coarse
60,15,0,0,0,-10.3405974063609,-29.0144666537779,-17.389363448902,100,27.8995177750364,1.29281471888537,1,1,75,coarse
60,20,0,0,0,-19.0175962411838,-30.8235519919289,-20.5216061516458,100,27.0382415610631,2.2417719823159,1,1,80,coarse
60,25,0,0,0,-20.3995178132608,-33.6880169379191,-22.5116016753421,100,25.5740944017563,3.54128522306078,1,1,85,coarse
60,30,0,0,0,-20.4077755916508,-35.9117355167156,-23.3102151612427,100,23.0713501646542,6.18145116070427,1,1,90,coarse
60,35,0,0,0,-20.4082600452799,-38.531805396058,-23.3198984839915,100,18.8627243462539,10.7188516317147,1,1,95,coarse
60,40,0,0,0,-20.4812515180967,-41.3544803373713,-23.3253965129103,100,14.5203073545554,15.2607379163396,1,1,100,coarse
60,45,0,0,0,-20.4812515180967,-44.9527651312189,-23.3253965129103,100,10.7069154774973,18.9817203095211,1,1,105,coarse
60,50,0,0,0,-20.4821503831959,-49.4174063480742,-23.3254046799802,100,7.11513868677515,22.4111248177638,1,1,110,coarse
60,55,0,0,0,-20.4821909338084,-49.4174063480742,-23.3255011054083,100,3.54985227322838,25.8696871145004,1,1,115,coarse
60,60,0,0,0,-20.4821909338084,-49.4284769950561,-23.3259958108721,100,0,28.9108203456437,1,1,120,coarse
65,0,0.194390447098028,0.194390447098028,0.0833101916134407,-0.520952488569975,-22.7915473317346,-2.57974540543121,99.805609552902,32.9146573959852,0,0,0,65,coarse
65,0.5,0.194390447098028,0.194390447098028,0.0833101916134407,-0.520952488569975,-22.9879756955548,-2.57974540543121,99.805609552902,32.9146573959852,0.00893136247934622,0,0,65.5,coarse
65,1,0.194390447098028,0.194390447098028,0.0555401277422938,-0.520952488569975,-23.2272545307846,-2.57974540543121,99.805609552902,32.9146573959852,0.0156298843388559,0,0,66,coarse
65,2,0.194390447098028,0.194390447098028,0.0416550958067204,-0.520952488569975,-23.5839319358103,-2.57974540543121,99.805609552902,32.9079286755635,0.0334926092975483,0,0,67,coarse
65,3,0.194390447098028,0.194390447098028,0,-0.520952488569975,-24.1180625257983,-2.57974540543121,99.805609552902,32.8899854211058,0.0647523779752601,0,0,68,coarse
65,5,0.194390447098028,0.194390447098028,0,-0.520952488569975,-25.0494540255733,-2.57974540543121,99.805609552902,32.831669844118,0.192024293305944,0,0,70,coarse
65,10,0,0,0,-7.0483045747319,-27.6547792374908,-9.29725386906552,100,32.569249747673,0.660920823471621,1,1,75,coarse
65,15,0,0,0,-10.3405974063609,-29.0144666537779,-17.389363448902,100,31.9793652573736,1.29281471888537,1,1,80,coarse
65,20,0,0,0,-19.0175962411838,-30.8523824440717,-20.5216061516458,100,31.1180890434002,2.2417719823159,1,1,85,coarse
65,25,0,0,0,-20.3995178132608,-33.7779042942941,-22.5116016753421,100,29.5615117191881,3.54128522306078,1,1,90,coarse
65,30,0,0,0,-20.4077755916508,-36.0385696073337,-23.3102151612427,100,26.8122941822173,6.18145116070427,1,1,95,coarse
65,35,0,0,0,-20.4082600452799,-38.6851611628559,-23.3198984839915,100,22.5801472857962,10.7188516317147,1,1,100,coarse
65,40,0,0,0,-20.4812515180967,-41.5011710186049,-23.3253965129103,100,18.2612513721186,15.2607379163396,1,1,105,coarse
65,45,0,0,0,-20.4812515180967,-45.3118878532386,-23.3253965129103,100,14.4478594950604,18.9817203095211,1,1,110,coarse
65,50,0,0,0,-20.4821503831959,-50.3578450633822,-23.3254046799802,100,10.8325616263174,22.4111248177638,1,1,115,coarse
65,55,0,0,0,-20.4821909338084,-50.3578450633822,-23.3255011054083,100,7.26727521277065,25.8696871145004,1,1,120,coarse
65,60,0,0,0,-20.4821909338084,-50.3993934500281,-23.3259958108721,100,4.07984748233711,28.9108203456437,1,1,125,coarse
65,65,0,0,0,-20.4821909338084,-50.3993934500281,-23.3259958108721,100,0,32.9146573959852,1,1,130,coarse
70,0,0.194390447098028,0.194390447098028,0.0833101916134407,-0.520952488569975,-22.7915473317346,-2.57974540543121,99.805609552902,37.263653695189,0,0,0,70,coarse
70,0.5,0.194390447098028,0.194390447098028,0.0833101916134407,-0.520952488569975,-22.9879756955548,-2.57974540543121,99.805609552902,37.263653695189,0.00893136247934622,0,0,70.5,coarse
70,1,0.194390447098028,0.194390447098028,0.0555401277422938,-0.520952488569975,-23.2272545307846,-2.57974540543121,99.805609552902,37.263653695189,0.0156298843388559,0,0,71,coarse
70,2,0.194390447098028,0.194390447098028,0.0416550958067204,-0.520952488569975,-23.5839319358103,-2.57974540543121,99.805609552902,37.2569249747673,0.0334926092975483,0,0,72,coarse
70,3,0.194390447098028,0.194390447098028,0,-0.520952488569975,-24.1180625257983,-2.57974540543121,99.805609552902,37.2389817203095,0.0647523779752601,0,0,73,coarse
70,5,0.194390447098028,0.194390447098028,0,-0.520952488569975,-25.0494540255733,-2.57974540543121,99.805609552902,37.1806661433217,0.192024293305944,0,0,75,coarse
70,10,0,0,0,-7.0483045747319,-27.6547792374908,-9.29725386906552,100,36.9182460468768,0.660920823471621,1,1,80,coarse
70,15,0,0,0,-10.3405974063609,-29.0144666537779,-17.389363448902,100,36.3283615565773,1.29281471888537,1,1,85,coarse
70,20,0,0,0,-19.0175962411838,-30.8523824440717,-20.5216061516458,100,35.467085342604,2.2417719823159,1,1,90,coarse
70,25,0,0,0,-20.3995178132608,-33.7779042942941,-22.5116016753421,100,33.9105080183918,3.54128522306078,1,1,95,coarse
70,30,0,0,0,-20.4077755916508,-36.0385696073337,-23.3102151612427,100,31.1174533479693,6.18145116070427,1,1,100,coarse
70,35,0,0,0,-20.4082600452799,-38.8524538732834,-23.3198984839915,100,26.8759604829857,10.7188516317147,1,1,105,coarse
70,40,0,0,0,-20.4812515180967,-41.5011710186049,-23.3253965129103,100,22.5664105378705,15.2607379163396,1,1,110,coarse
70,45,0,0,0,-20.4812515180967,-45.3118878532386,-23.3253965129103,100,18.7530186608123,18.9817203095211,1,1,115,coarse
70,50,0,0,0,-20.4821503831959,-50.6722049263037,-23.3254046799802,100,15.1284302963776,22.4111248177638,1,1,120,coarse
70,55,0,0,0,-20.4821909338084,-50.6729853238122,-23.3255011054083,100,11.5257958287596,25.8696871145004,1,1,125,coarse
70,60,0,0,0,-20.4821909338084,-50.6893017053943,-23.3259958108721,100,8.42884378154088,28.9108203456437,1,1,130,coarse
70,65,0,0,0,-20.4821909338084,-50.7028171525151,-23.3259958108721,100,4.34899629920377,32.9146573959852,1,1,135,coarse
70,70,0,0,0,-20.4821909338084,-50.7048176826586,-23.326066873138,100,0,37.263653695189,1,1,140,coarse
75,0,0.194390447098028,0.194390447098028,0.0833101916134407,-0.520952488569648,-22.7915473317346,-2.57974540543121,99.805609552902,43.8151844790849,0,0,0,75,coarse
75,0.5,0.194390447098028,0.194390447098028,0.0833101916134407,-0.520952488569648,-22.9879756955548,-2.57974540543121,99.805609552902,43.8151844790849,0.00893136247934622,0,0,75.5,coarse
75,1,0.194390447098028,0.194390447098028,0.0555401277422938,-0.520952488569648,-23.2272545307846,-2.57974540543121,99.805609552902,43.8151844790849,0.0156298843388559,0,0,76,coarse
75,2,0.194390447098028,0.194390447098028,0.0416550958067204,-0.520952488569648,-23.5839319358103,-2.57974540543121,99.805609552902,43.8084557586632,0.0334926092975483,0,0,77,coarse
75,3,0.194390447098028,0.194390447098028,0,-0.520952488569648,-24.1180625257983,-2.57974540543121,99.805609552902,43.7905125042055,0.0647523779752601,0,0,78,coarse
75,5,0.194390447098028,0.194390447098028,0,-0.520952488569648,-25.0494540255733,-2.57974540543121,99.805609552902,43.7321969272177,0.192024293305944,0,0,80,coarse
75,10,0,0,0,-7.0483045747319,-27.6547792374908,-9.29725386906552,100,43.4697768307727,0.660920823471621,1,1,85,coarse
75,15,0,0,0,-10.3405974063609,-29.0144666537779,-17.389363448902,100,42.8798923404733,1.29281471888537,1,1,90,coarse
75,20,0,0,0,-19.0175962411838,-30.8523824440717,-20.5216061516458,100,42.0186161264999,2.2417719823159,1,1,95,coarse
75,25,0,0,0,-20.3995178132608,-33.7779042942941,-22.5116016753421,100,40.4620388022878,3.54128522306078,1,1,100,coarse
75,30,0,0,0,-20.4077755916508,-36.0385696073337,-23.3102151612427,100,37.6337333183806,6.18145116070427,1,1,105,coarse
75,35,0,0,0,-20.4082600452799,-38.8744631068188,-23.3198984839915,100,33.0963328473702,10.7188516317147,1,1,110,coarse
75,40,0,0,0,-20.4812515180967,-41.5011710186049,-23.3253965129103,100,28.5544465627453,15.2607379163396,1,1,115,coarse
75,45,0,0,0,-20.4812515180967,-45.3118878532386,-23.3253965129103,100,24.8334641695638,18.9817203095211,1,1,120,coarse
75,50,0,0,0,-20.4821503831959,-50.8963675116692,-23.3254046799802,100,21.4040596613211,22.4111248177638,1,1,125,coarse
75,55,0,0,0,-20.4821909338084,-50.9046226977994,-23.3255011054083,100,17.9454973645845,25.8696871145004,1,1,130,coarse
75,60,0,0,0,-20.4821909338084,-50.9057087610012,-23.3259958108721,100,14.9803745654368,28.9108203456437,1,1,135,coarse
75,65,0,0,0,-20.4821909338084,-50.9444195514244,-23.3259958108721,100,10.9005270830997,32.9146573959852,1,1,140,coarse
75,70,0,0,0,-20.4821909338084,-50.9582126667759,-23.326066873138,100,6.55153078389593,37.263653695189,1,1,145,coarse
75,75,0,0,0,-20.4822595869796,-51.0026802546729,-23.3260737399411,100,0,43.8151844790849,1,1,150,coarse
80,0,0.194390447098028,0.194390447098028,0.0833101916134407,-0.520952488569648,-22.7915473317346,-2.57974540543121,99.805609552902,47.612425703712,0,0,0,80,coarse
80,0.5,0.194390447098028,0.194390447098028,0.0833101916134407,-0.520952488569648,-22.9879756955548,-2.57974540543121,99.805609552902,47.612425703712,0.00893136247934622,0,0,80.5,coarse
80,1,0.194390447098028,0.194390447098028,0.0555401277422938,-0.520952488569648,-23.2272545307846,-2.57974540543121,99.805609552902,47.612425703712,0.0156298843388559,0,0,81,coarse
80,2,0.194390447098028,0.194390447098028,0.0416550958067204,-0.520952488569648,-23.5839319358103,-2.57974540543121,99.805609552902,47.6056969832903,0.0334926092975483,0,0,82,coarse
80,3,0.194390447098028,0.194390447098028,0,-0.520952488569648,-24.1180625257983,-2.57974540543121,99.805609552902,47.5877537288326,0.0647523779752601,0,0,83,coarse
80,5,0.194390447098028,0.194390447098028,0,-0.520952488569648,-25.0494540255733,-2.57974540543121,99.805609552902,47.5294381518448,0.192024293305944,0,0,85,coarse
80,10,0,0,0,-7.0483045747319,-27.6547792374908,-9.29725386906552,100,47.2670180553998,0.660920823471621,1,1,90,coarse
80,15,0,0,0,-10.3405974063609,-29.0144666537779,-17.389363448902,100,46.6771335651004,1.29281471888537,1,1,95,coarse
80,20,0,0,0,-19.0175962411838,-30.8523824440717,-20.5216061516458,100,45.8158573511271,2.2417719823159,1,1,100,coarse
80,25,0,0,0,-20.3995178132608,-33.7779042942941,-22.5116016753421,100,44.2592800269149,3.54128522306078,1,1,105,coarse
80,30,0,0,0,-20.4077755916508,-36.0385696073337,-23.3102151612427,100,41.4309745430077,6.18145116070427,1,1,110,coarse
80,35,0,0,0,-20.4082600452799,-38.8744631068188,-23.3198984839915,100,36.8935740719973,10.7188516317147,1,1,115,coarse
80,40,0,0,0,-20.4812515180967,-41.5011710186049,-23.3253965129103,100,32.3516877873724,15.2607379163396,1,1,120,coarse
80,45,0,0,0,-20.4812515180967,-45.3118878532386,-23.3253965129103,100,28.6307053941909,18.9817203095211,1,1,125,coarse
80,50,0,0,0,-20.4821503831959,-50.937665308227,-23.3254046799802,100,25.2013008859482,22.4111248177638,1,1,130,coarse
80,55,0,0,0,-20.4821909338084,-50.9444195514244,-23.3255011054083,100,21.7427385892116,25.8696871145004,1,1,135,coarse
80,60,0,0,0,-20.4821909338084,-50.9444195514244,-23.3259958108721,100,18.7776157900639,28.9108203456437,1,1,140,coarse
80,65,0,0,0,-20.4821909338084,-50.9767649789821,-23.3259958108721,100,14.6977683077268,32.9146573959852,1,1,145,coarse
80,70,0,0,0,-20.4821909338084,-51.0001990095883,-23.326066873138,100,10.348772008523,37.263653695189,1,1,150,coarse
80,75,0,0,0,-20.4822595869796,-51.0330156302675,-23.3260737399411,100,3.79724122462712,43.8151844790849,1,1,155,coarse
80,80,0,0,0,-20.4822595869796,-51.0369382508953,-23.3260737399411,100,0,47.612425703712,1,1,160,coarse
85,0,0.194390447098028,0.194390447098028,0.0833101916134407,-0.520952488569648,-22.7915473317346,-2.57974540543121,99.805609552902,50.7681955814736,0,0,0,85,coarse
85,0.5,0.194390447098028,0.194390447098028,0.0833101916134407,-0.520952488569648,-22.9880395030654,-2.57974540543121,99.805609552902,50.7681955814736,0.00893136247934622,0,0,85.5,coarse
85,1,0.194390447098028,0.194390447098028,0.0555401277422938,-0.520952488569648,-23.2273681935884,-2.57974540543121,99.805609552902,50.7681955814736,0.0156298843388559,0,0,86,coarse
85,2,0.194390447098028,0.194390447098028,0.0416550958067204,-0.520952488569648,-23.5841538772609,-2.57974540543121,99.805609552902,50.7614668610519,0.0334926092975483,0,0,87,coarse
85,3,0.194390447098028,0.194390447098028,0,-0.520952488569648,-24.1180625257983,-2.57974540543121,99.805609552902,50.7435236065941,0.0647523779752601,0,0,88,coarse
85,5,0.194390447098028,0.194390447098028,0,-0.520952488569648,-25.0494540255733,-2.57974540543121,99.805609552902,50.6852080296064,0.192024293305944,0,0,90,coarse
85,10,0,0,0,-7.0483045747319,-27.6547792374908,-9.29725386906552,100,50.4227879331614,0.660920823471621,1,1,95,coarse
85,15,0,0,0,-10.3405974063609,-29.0144666537779,-17.389363448902,100,49.8329034428619,1.29281471888537,1,1,100,coarse
85,20,0,0,0,-19.0175962411838,-30.8523824440717,-20.5216061516458,100,48.9716272288886,2.2417719823159,1,1,105,coarse
85,25,0,0,0,-20.3995178132608,-33.7779042942941,-22.5116016753421,100,47.4150499046765,3.54128522306078,1,1,110,coarse
85,30,0,0,0,-20.4077755916508,-36.0973166912985,-23.3102151612427,100,44.5867444207693,6.18145116070427,1,1,115,coarse
85,35,0,0,0,-20.4082600452799,-38.8744631068188,-23.3198984839915,100,40.0493439497589,10.7188516317147,1,1,120,coarse
85,40,0,0,0,-20.4812515180967,-41.581705775903,-23.3253965129103,100,35.507457665134,15.2607379163396,1,1,125,coarse
85,45,0,0,0,-20.4812515180967,-45.4294948430481,-23.3253965129103,100,31.7864752719525,18.9817203095211,1,1,130,coarse
85,50,0,0,0,-20.4821503831959,-52.4119392258073,-23.3254046799802,100,28.3570707637098,22.4111248177638,1,1,135,coarse
85,55,0,0,0,-20.4821909338084,-52.4119392258073,-23.3255011054083,100,24.8985084669732,25.8696871145004,1,1,140,coarse
85,60,0,0,0,-20.4821909338084,-52.4186452619179,-23.3259958108721,100,21.9333856678255,28.9108203456437,1,1,145,coarse
85,65,0,0,0,-20.4821909338084,-52.4292154361383,-23.3259958108721,100,17.8535381854884,32.9146573959852,1,1,150,coarse
85,70,0,0,0,-20.4821909338084,-52.4292154361383,-23.326066873138,100,13.5045418862846,37.263653695189,1,1,155,coarse
85,75,0,0,0,-20.4822595869796,-52.7521336341123,-23.3260737399411,100,7.09373464922074,43.8151844790849,1,1,160,coarse
85,80,0,0,0,-20.4822595869796,-53.0400180759527,-23.3260737399411,100,3.3224668423168,47.612425703712,1,1,165,coarse
85,85,0,0,0,-20.4822595869796,-53.0400180759527,-23.3260737399411,100,0,50.7681955814736,1,1,170,coarse
90,0,0.194390447098028,0.194390447098028,0.0833101916134407,-0.520952488570018,-22.8343498731944,-2.57974540543116,99.805609552902,53.8230346529102,0,0,0,90,coarse
90,0.5,0.194390447098028,0.194390447098028,0.0833101916134407,-0.520952488570018,-23.1447254524763,-2.57974540543116,99.805609552902,53.8230346529102,0.00893136247934622,0,0,90.5,coarse
90,1,0.194390447098028,0.194390447098028,0.0555401277422938,-0.520952488570018,-23.4105556934706,-2.57974540543116,99.805609552902,53.8230346529102,0.0156298843388559,0,0,91,coarse
90,2,0.194390447098028,0.194390447098028,0.0416550958067204,-0.520952488570018,-23.8068690393018,-2.57974540543116,99.805609552902,53.8163059324885,0.0334926092975483,0,0,92,coarse
90,3,0.194390447098028,0.194390447098028,0,-0.520952488570018,-24.3238169146745,-2.57974540543116,99.805609552902,53.7983626780307,0.0647523779752601,0,0,93,coarse
90,5,0.194390447098028,0.194390447098028,0,-0.520952488570018,-25.1768151211348,-2.57974540543116,99.805609552902,53.740047101043,0.192024293305944,0,0,95,coarse
90,10,0,0,0,-7.04830457473189,-27.6547792374908,-9.29725386906552,100,53.477627004598,0.660920823471621,1,1,100,coarse
90,15,0,0,0,-10.3405974063609,-29.0144666537779,-17.3896723981233,100,52.8877425142985,1.29281471888537,1,1,105,coarse
90,20,0,0,0,-19.0175962411839,-30.8523824440717,-20.5216061516458,100,52.0264663003252,2.2417719823159,1,1,110,coarse
90,25,0,0,0,-20.3995178132608,-33.7945243617082,-23.3820065854019,100,50.469888976113,3.54128522306078,1,1,115,coarse
90,30,0,0,0,-20.4077755916508,-36.1465993209613,-23.3820065854019,100,47.6415834922059,6.18145116070427,1,1,120,coarse
90,35,0,0,0,-20.4082600452799,-39.2286443335396,-23.3832254863004,100,43.1041830211955,10.7188516317147,1,1,125,coarse
90,40,0,0,0,-20.4812515180967,-41.8647886634907,-23.4014794968211,100,38.5622967365706,15.2607379163396,1,1,130,coarse
90,45,0,0,0,-20.4812515180967,-46.1194084011527,-23.413315598494,100,34.841314343389,18.9817203095211,1,1,135,coarse
90,50,0,0,0,-20.4821503831959,-53.6910109967279,-23.413315598494,100,31.4119098351463,22.4111248177638,1,1,140,coarse
90,55,0,0,0,-20.4821909338084,-53.725936914861,-23.413315598494,100,27.9533475384098,25.8696871145004,1,1,145,coarse
90,60,0,0,0,-20.4821909338084,-53.725936914861,-23.413317050429,100,24.9882247392621,28.9108203456437,1,1,150,coarse
90,65,0,0,0,-20.4821909338084,-53.725936914861,-23.413338150955,100,20.908377256925,32.9146573959852,1,1,155,coarse
90,70,0,0,0,-20.4821909338084,-53.7627412111527,-23.413338150955,100,16.6458268208815,37.263653695189,1,1,160,coarse
90,75,0,0,0,-20.4822595869796,-54.1112730847486,-23.4133461779491,100,10.286696735587,43.8151844790849,1,1,165,coarse
90,80,0,0,0,-20.4822595869796,-54.2551847160683,-23.4133461779491,100,6.51542892868307,47.612425703712,1,1,170,coarse
90,85,0,0,0,-20.4822595869796,-54.5125420308902,-23.4133461779491,100,3.29527991218441,50.7681955814736,1,1,175,coarse
90,90,0,0,0,-20.4822595869796,-54.7663593124757,-23.4133461779491,100,0,53.8230346529102,1,1,180,coarse
95,0,0.194390447098028,0.194390447098028,0.0833101916134407,-0.520952488570018,-22.8343498731944,-2.57974540543116,99.805609552902,56.9743187170573,0,0,0,95,coarse
95,0.5,0.194390447098028,0.194390447098028,0.0833101916134407,-0.520952488570018,-23.1447254524763,-2.57974540543116,99.805609552902,56.9743187170573,0.00893136247934622,0,0,95.5,coarse
95,1,0.194390447098028,0.194390447098028,0.0555401277422938,-0.520952488570018,-23.4105556934706,-2.57974540543116,99.805609552902,56.9743187170573,0.0156298843388559,0,0,96,coarse
95,2,0.194390447098028,0.194390447098028,0.0416550958067204,-0.520952488570018,-23.8068690393018,-2.57974540543116,99.805609552902,56.9675899966356,0.0334926092975483,0,0,97,coarse
95,3,0.194390447098028,0.194390447098028,0,-0.520952488570018,-24.3885721256968,-2.57974540543116,99.805609552902,56.9496467421779,0.0647523779752601,0,0,98,coarse
95,5,0.194390447098028,0.194390447098028,0,-0.520952488570018,-25.2564830714707,-2.57974540543116,99.805609552902,56.8913311651901,0.192024293305944,0,0,100,coarse
95,10,0,0,0,-7.04830457473189,-27.7496781524583,-9.29725386906552,100,56.6289110687451,0.660920823471621,1,1,105,coarse
95,15,0,0,0,-10.3405974063609,-29.209723969247,-17.3896723981233,100,56.0390265784457,1.29281471888537,1,1,110,coarse
95,20,0,0,0,-19.0175962411839,-31.0493508554123,-20.5216061516458,100,55.1777503644724,2.2417719823159,1,1,115,coarse
95,25,0,0,0,-20.3995178132608,-34.1934391312036,-23.8564959018257,100,53.6211730402602,3.54128522306078,1,1,120,coarse
95,30,0,0,0,-20.4077755916508,-36.684954242358,-25.0403383479713,100,50.792867556353,6.18145116070427,1,1,125,coarse
95,35,0,0,0,-20.4082600452799,-39.3725700466259,-25.0421958751942,100,46.2554670853426,10.7188516317147,1,1,130,coarse
95,40,0,0,0,-20.4812515180967,-42.2950518959695,-25.0888113655515,100,41.7135808007177,15.2607379163396,1,1,135,coarse
95,45,0,0,0,-20.4812515180967,-46.8289221409152,-25.0888113655515,100,37.9925984075362,18.9817203095211,1,1,140,coarse
95,50,0,0,0,-20.4821503831959,-54.4457979682434,-25.0890880789566,100,34.6559192604832,22.4111248177638,1,1,145,coarse
95,55,0,0,0,-20.4821909338084,-54.4485373448643,-25.0890983005526,100,31.1046316025569,25.8696871145004,1,1,150,coarse
95,60,0,0,0,-20.4821909338084,-54.4515105776509,-25.0890983005526,100,28.1395088034092,28.9108203456437,1,1,155,coarse
95,65,0,0,0,-20.4821909338084,-54.5291557012447,-25.0890983005526,100,24.0596613210721,32.9146573959852,1,1,160,coarse
95,70,0,0,0,-20.4821909338084,-54.5530024913367,-25.0891477042246,100,20.0040191131157,37.263653695189,1,1,165,coarse
95,75,0,0,0,-20.4822595869796,-54.8512145461918,-25.0892263110684,100,13.6448890278212,43.8151844790849,1,1,170,coarse
95,80,0,0,0,-20.4822595869796,-55.000026740572,-25.0892263110684,100,9.87362122091725,47.612425703712,1,1,175,coarse
95,85,0,0,0,-20.4822595869796,-55.2547877521017,-25.0892263110684,100,6.77058177826564,50.7681955814736,1,1,180,coarse
95,90,0,0,0,-20.4822595869796,-55.61625904497,-25.0901761093328,100,3.47530186608123,53.8230346529102,1,1,185,coarse
95,95,0,0,0,-20.4822805424999,-56.8086061005236,-25.0901761093328,100,0,56.9743187170573,1,1,190,coarse
100,0,0.194390447098028,0.194390447098028,0.0833101916134407,-0.520952488570018,-22.8343498731944,-2.57974540543116,99.805609552902,60.4351239206011,0,0,0,100,coarse
100,0.5,0.194390447098028,0.194390447098028,0.0833101916134407,-0.520952488570018,-23.1447254524763,-2.57974540543116,99.805609552902,60.4351239206011,0.00893136247934622,0,0,100.5,coarse
100,1,0.194390447098028,0.194390447098028,0.0555401277422938,-0.520952488570018,-23.4105556934706,-2.57974540543116,99.805609552902,60.4351239206011,0.0156298843388559,0,0,101,coarse
100,2,0.194390447098028,0.194390447098028,0.0416550958067204,-0.520952488570018,-23.8068690393018,-2.57974540543116,99.805609552902,60.4283952001794,0.0334926092975483,0,0,102,coarse
100,3,0.194390447098028,0.194390447098028,0,-0.520952488570018,-24.4034143797222,-2.57974540543116,99.805609552902,60.4104519457217,0.0647523779752601,0,0,103,coarse
100,5,0.194390447098028,0.194390447098028,0,-0.520952488570018,-25.2564830714707,-2.57974540543116,99.805609552902,60.3521363687339,0.192024293305944,0,0,105,coarse
100,10,0,0,0,-7.04830457473189,-27.7849773071945,-9.29725386906552,100,60.0897162722889,0.660920823471621,1,1,110,coarse
100,15,0,0,0,-10.3405974063609,-29.4151482812267,-17.3896723981233,100,59.4998317819895,1.29281471888537,1,1,115,coarse
100,20,0,0,0,-19.0175962411839,-31.1337790106913,-20.5309319373317,100,58.6385555680162,2.2417719823159,1,1,120,coarse
100,25,0,0,0,-20.3995178132608,-34.4972421571068,-23.8564959018257,100,57.081978243804,3.54128522306078,1,1,125,coarse
100,30,0,0,0,-20.4077755916508,-36.8843266707072,-26.4410289633392,100,54.2536727598968,6.18145116070427,1,1,130,coarse
100,35,0,0,0,-20.4082600452799,-39.7508723649032,-26.4722713492161,100,49.7162722888864,10.7188516317147,1,1,135,coarse
100,40,0,0,0,-20.4812515180967,-42.6894712978686,-27.5077087785429,100,45.1743860042615,15.2607379163396,1,1,140,coarse
100,45,0,0,0,-20.4812515180967,-47.6889983238752,-27.5523467247871,100,41.6134506318939,18.9817203095211,1,1,145,coarse
100,50,0,0,0,-20.4821503831959,-54.6929701434701,-27.5523467247871,100,38.3579690081722,22.4111248177638,1,1,150,coarse
100,55,0,0,0,-20.4821909338084,-54.7611310888467,-27.5523467247871,100,34.7117402759791,25.8696871145004,1,1,155,coarse
100,60,0,0,0,-20.4821909338084,-54.7653265800349,-27.5523467247871,100,31.600314006953,28.9108203456437,1,1,160,coarse
100,65,0,0,0,-20.4821909338084,-55.0505682528687,-27.5523467247871,100,27.7162506140312,32.9146573959852,1,1,165,coarse
100,70,0,0,0,-20.4821909338084,-55.1040036137042,-27.5523467247871,100,23.7060688608047,37.263653695189,1,1,170,coarse
100,75,0,0,0,-20.4822595869796,-55.3433903040355,-27.5523623837639,100,17.3469387755102,43.8151844790849,1,1,175,coarse
100,80,0,0,0,-20.4822595869796,-55.7249747202835,-27.5523623837639,100,13.5756709686063,47.612425703712,1,1,180,coarse
100,85,0,0,0,-20.4822595869796,-55.9711151866412,-27.5523623837639,100,10.5444566410538,50.7681955814736,1,1,185,coarse
100,90,0,0,0,-20.4822595869796,-56.8008338605386,-27.5523623837639,100,7.24917672886937,53.8230346529102,1,1,190,coarse
100,95,0,0,0,-20.4822805424999,-57.8579820660412,-27.5525794263146,100,3.77387486278815,56.9743187170573,1,1,195,coarse
100,100,0,0,0,-20.4822805424999,-59.3772681844721,-27.5525897186814,100,0,60.4351239206011,1,1,200,coarse
105,0,0.194390447098028,0.194390447098028,0.0833101916134407,-0.520952488570074,-23.1447254524763,-2.57974540543121,99.805609552902,64.4420131291028,0,0,0,105,coarse
105,0.5,0.194390447098028,0.194390447098028,0.0833101916134407,-0.520952488570074,-23.4105556934706,-2.57974540543121,99.805609552902,64.4330817666235,0.00893136247934622,0,0,105.5,coarse
105,1,0.194390447098028,0.194390447098028,0.0555401277422938,-0.520952488570074,-23.4803660841531,-2.57974540543121,99.805609552902,64.426383244764,0.0156298843388559,0,0,106,coarse
105,2,0.194390447098028,0.194390447098028,0.0416550958067204,-0.520952488570074,-23.8481495519012,-2.57974540543121,99.805609552902,64.4085205198053,0.0334926092975483,0,0,107,coarse
105,3,0.194390447098028,0.194390447098028,0,-0.520952488570074,-24.4034143797222,-2.57974540543121,99.805609552902,64.3772607511276,0.0647523779752601,0,0,108,coarse
105,5,0.194390447098028,0.194390447098028,0,-0.520952488570074,-25.2564830714707,-2.57974540543121,99.805609552902,64.2499888357969,0.192024293305944,0,0,110,coarse
105,10,0,0,0,-7.04830457473189,-27.7849773071945,-9.29725386906552,100,63.7810923056312,0.660920823471621,1,1,115,coarse
105,15,0,0,0,-10.3405974063609,-29.4151482812267,-17.3896723981233,100,63.1491984102175,1.29281471888537,1,1,120,coarse
105,20,0,0,0,-19.0175962411839,-31.1337790106913,-21.1560471034516,100,62.2675787821016,2.2417719823159,1,1,125,coarse
105,25,0,0,0,-21.4308253064188,-34.4972421571068,-23.9584405349221,100,60.9007279060421,3.54128522306078,1,1,130,coarse
105,30,0,0,0,-23.8563898204638,-36.8843266707072,-26.6142454112711,100,58.3262626713705,6.18145116070427,1,1,135,coarse
105,35,0,0,0,-23.8563898204638,-39.8009272814692,-26.6271668508938,100,53.907471084714,10.7188516317147,1,1,140,coarse
105,40,0,0,0,-23.8563898204638,-42.8239894608245,-28.0585346900708,100,49.3194291986828,15.2607379163396,1,1,145,coarse
105,45,0,0,0,-23.8563898204638,-48.1494681669925,-28.113658225796,100,45.8915732595007,18.9817203095211,1,1,150,coarse
105,50,0,0,0,-23.858311555492,-54.4668233489165,-28.1142001422893,100,42.636091635779,22.4111248177638,1,1,155,coarse
105,55,0,0,0,-23.858311555492,-54.4668233489165,-28.1142001422893,100,38.9898629035859,25.8696871145004,1,1,160,coarse
105,60,0,0,0,-23.858311555492,-54.4697965817031,-28.1142001422893,100,35.5311927834591,28.9108203456437,1,1,165,coarse
105,65,0,0,0,-23.858311555492,-54.7257580543735,-28.1142001422893,100,31.994373241638,32.9146573959852,1,1,170,coarse
105,70,0,0,0,-23.858311555492,-55.11850599177,-28.1142126644507,100,27.9841914884116,37.263653695189,1,1,175,coarse
105,75,0,0,0,-23.8584894351611,-55.4047425175936,-28.1142843225549,100,21.625061403117,43.8151844790849,1,1,180,coarse
105,80,0,0,0,-23.8584894351611,-55.6198715045403,-28.1142843225549,100,17.98682766191,47.612425703712,1,1,185,coarse
105,85,0,0,0,-23.8584894351611,-55.9529752898852,-28.1142843225549,100,15.1152579582876,50.7681955814736,1,1,190,coarse
105,90,0,0,0,-23.8585163425951,-56.8008338605386,-28.114292762657,100,11.8199780461032,53.8230346529102,1,1,195,coarse
105,95,0,0,0,-23.8585163425951,-57.9048093243962,-28.1145435824952,100,8.34467618002195,56.9743187170573,1,1,200,coarse
105,100,0,0,0,-23.8585689356113,-59.5425277688147,-28.1145534813476,100,4.57080131723381,60.4351239206011,1,1,205,coarse
105,105,0,0,0,-23.8585689356113,-60.8669402067495,-28.1145534813476,100,0,64.4420131291028,1,1,210,coarse
110,0,0.194390447098028,0.194390447098028,0.0833101916134407,-0.520952488570074,-23.1447254524763,-2.57974540543121,99.805609552902,68.3025945608002,0,0,0,110,coarse
110,0.5,0.194390447098028,0.194390447098028,0.0833101916134407,-0.520952488570074,-23.4105556934706,-2.57974540543121,99.805609552902,68.2936631983209,0.00893136247934622,0,0,110.5,coarse
110,1,0.194390447098028,0.194390447098028,0.0555401277422938,-0.520952488570074,-23.4803660841531,-2.57974540543121,99.805609552902,68.2869646764614,0.0156298843388559,0,0,111,coarse
110,2,0.194390447098028,0.194390447098028,0.0416550958067204,-0.520952488570074,-23.8659128120328,-2.57974540543121,99.805609552902,68.2691019515027,0.0334926092975483,0,0,112,coarse
110,3,0.194390447098028,0.194390447098028,0,-0.520952488570074,-24.4034143797222,-2.57974540543121,99.805609552902,68.237842182825,0.0647523779752601,0,0,113,coarse
110,5,0.194390447098028,0.194390447098028,0,-0.520952488570074,-25.2564830714707,-2.57974540543121,99.805609552902,68.1105702674943,0.192024293305944,0,0,115,coarse
110,10,0,0,0,-7.04830457473189,-27.7849773071945,-9.29725386906552,100,67.6416737373286,0.660920823471621,1,1,120,coarse
110,15,0,0,0,-10.3405974063609,-29.4151482812267,-17.3896723981233,100,67.0406147091109,1.29281471888537,1,1,125,coarse
110,20,0,0,0,-19.0175962411839,-31.1337790106913,-21.1560471034516,100,66.2612513721186,2.2417719823159,1,1,130,coarse
110,25,0,0,0,-21.4308253064188,-34.5000226386675,-24.3688548875644,100,64.9681668496158,3.54128522306078,1,1,135,coarse
110,30,0,0,0,-26.2230929491169,-36.9390319755197,-26.6142454112711,100,62.4654226125137,6.18145116070427,1,1,140,coarse
110,35,0,0,0,-26.2968334429478,-40.2053933917783,-26.6271668508938,100,58.2239297475302,10.7188516317147,1,1,145,coarse
110,40,0,0,0,-31.0894203966751,-43.0512911276058,-31.2019464222194,100,53.9143798024149,15.2607379163396,1,1,150,coarse
110,45,0,0,0,-35.1320998701836,-48.8759468872148,-36.283140480411,100,50.1009879253567,18.9817203095211,1,1,155,coarse
110,50,0,0,0,-42.0284605923058,-54.665318795304,-44.9511804430463,100,46.4966730674764,22.4111248177638,1,1,160,coarse
110,55,0,0,0,-42.0284605923058,-54.6693134356198,-44.9511804430463,100,42.8737650933041,25.8696871145004,1,1,165,coarse
110,60,0,0,0,-42.0284605923058,-54.6693134356198,-44.9511804430463,100,39.3940724478595,28.9108203456437,1,1,170,coarse
110,65,0,0,0,-42.0296434326113,-54.9721667762583,-44.9531531630426,100,35.8549546733354,32.9146573959852,1,1,175,coarse
110,70,0,0,0,-42.0296434326113,-55.2247550930039,-44.9531531630426,100,31.844772920109,37.263653695189,1,1,180,coarse
110,75,0,0,0,-42.0296434326113,-55.5372904154763,-44.9532351866413,100,25.98682766191,43.8151844790849,1,1,185,coarse
110,80,0,0,0,-42.0300781315718,-55.6374172675272,-44.9539513310531,100,22.5817782656421,47.612425703712,1,1,190,coarse
110,85,0,0,0,-42.0300781315718,-55.8697822101582,-44.9539513310531,100,19.7102085620198,50.7681955814736,1,1,195,coarse
110,90,0,0,0,-42.0300781315718,-56.8008338605386,-44.9743027587938,100,16.4149286498353,53.8230346529102,1,1,200,coarse
110,95,0,0,0,-42.4236806477938,-57.9048093243962,-44.9925192381164,100,12.9396267837541,56.9743187170573,1,1,205,coarse
110,100,0,0,0,-42.4236806477938,-59.5665094459776,-44.9943630148527,100,9.16575192096597,60.4351239206011,1,1,210,coarse
110,105,0,0,0,-42.4257315873915,-60.8766634692998,-44.9943630148527,100,4.59495060373216,64.4420131291028,1,1,215,coarse
110,110,0,0,0,-42.4279660487437,-62.7975958423086,-46.2725553460971,100,0,68.3025945608002,1,1,220,coarse
115,0,0.194390447098028,0.194390447098028,0.0833101916134407,-0.520952488569691,-23.1447254524763,-2.57974540543113,99.805609552902,72.3819943732416,0,0,0,115,coarse
115,0.5,0.194390447098028,0.194390447098028,0.0833101916134407,-0.520952488569691,-23.4105556934706,-2.57974540543113,99.805609552902,72.3730630107623,0.00893136247934622,0,0,115.5,coarse
115,1,0.194390447098028,0.194390447098028,0.0555401277422938,-0.520952488569691,-23.4803660841531,-2.57974540543113,99.805609552902,72.3663644889028,0.0156298843388559,0,0,116,coarse
115,2,0.194390447098028,0.194390447098028,0.0416550958067204,-0.520952488569691,-23.8659128120328,-2.57974540543113,99.805609552902,72.3485017639441,0.0334926092975483,0,0,117,coarse
115,3,0.194390447098028,0.194390447098028,0,-0.520952488569691,-24.4034143797222,-2.57974540543113,99.805609552902,72.3172419952664,0.0647523779752601,0,0,118,coarse
115,5,0.194390447098028,0.194390447098028,0,-0.520952488569691,-25.2564830714707,-2.57974540543113,99.805609552902,72.1899700799357,0.192024293305944,0,0,120,coarse
115,10,0,0,0,-7.04830457473189,-27.7849773071945,-9.29725386906552,100,71.8397365532382,0.660920823471621,1,1,125,coarse
115,15,0,0,0,-10.3405974063609,-29.4151482812267,-17.3896723981233,100,71.3896816684962,1.29281471888537,1,1,130,coarse
115,20,0,0,0,-19.0175962411839,-31.1337790106913,-21.1560471034516,100,70.6103183315038,2.2417719823159,1,1,135,coarse
115,25,0,0,0,-21.4308253064188,-34.5000226386675,-24.3688548875644,100,69.3172338090011,3.54128522306078,1,1,140,coarse
115,30,0,0,0,-26.2230929491169,-36.9390319755197,-26.6142454112711,100,66.814489571899,6.18145116070427,1,1,145,coarse
115,35,0,0,0,-26.2968334429478,-40.2198005434482,-26.6271668508938,100,62.5729967069155,10.7188516317147,1,1,150,coarse
115,40,0,0,0,-31.0894203966751,-43.2206006619178,-31.2019464222194,100,58.2634467618002,15.2607379163396,1,1,155,coarse
115,45,0,0,0,-35.1320998701836,-48.899763187858,-36.283140480411,100,54.450054884742,18.9817203095211,1,1,160,coarse
115,50,0,0,0,-42.9151427113585,-54.699227786418,-44.9511804430463,100,50.8254665203074,22.4111248177638,1,1,165,coarse
115,55,0,0,0,-42.9151427113585,-54.699227786418,-44.9511804430463,100,47.2228320526894,25.8696871145004,1,1,170,coarse
115,60,0,0,0,-42.9151427113585,-54.699227786418,-44.9511804430463,100,43.7431394072448,28.9108203456437,1,1,175,coarse
115,65,0,0,0,-42.9167524419836,-55.0054287316285,-44.9531531630426,100,40.0021953896817,32.9146573959852,1,1,180,coarse
115,70,0,0,0,-42.9167524419836,-55.1772619630284,-44.9531531630426,100,35.9241727325504,37.263653695189,1,1,185,coarse
115,75,0,0,0,-42.9167524419836,-55.4790375818926,-44.9532351866413,100,30.3358946212953,43.8151844790849,1,1,190,coarse
115,80,0,0,0,-42.9173016906556,-55.6374172675272,-44.9539513310531,100,26.9308452250274,47.612425703712,1,1,195,coarse
115,85,0,0,0,-42.9173016906556,-55.8697822101582,-44.9539513310531,100,24.059275521405,50.7681955814736,1,1,200,coarse
115,90,0,0,0,-42.9173016906556,-56.7568013318934,-44.9743027587938,100,20.7639956092206,53.8230346529102,1,1,205,coarse
115,95,0,0,0,-44.3771282055631,-57.9048093243962,-44.9925192381164,100,17.2886937431394,56.9743187170573,1,1,210,coarse
115,100,0,0,0,-44.3791867518637,-59.5665094459776,-44.9943630148527,100,13.5148188803513,60.4351239206011,1,1,215,coarse
115,105,0,0,0,-44.3791867518637,-60.8766634692998,-44.9943630148527,100,8.94401756311745,64.4420131291028,1,1,220,coarse
115,110,0,0,0,-44.3791867518637,-62.7975958423084,-46.3753892653746,100,4.37668121885611,68.3025945608002,1,1,225,coarse
115,115,0,0,0,-48.291704984622,-64.0778206449692,-50.0674334552272,100,0,72.3819943732416,1,1,230,coarse
120,0,0.194390447098028,0.194390447098028,0.0833101916134407,-0.520952488569691,-23.1447254524763,-2.57974540543118,99.805609552902,76.7925356750823,0,0,0,120,coarse
120,0.5,0.194390447098028,0.194390447098028,0.0833101916134407,-0.520952488569691,-23.4105556934706,-2.57974540543118,99.805609552902,76.7925356750823,0.00893136247934622,0,0,120.5,coarse
120,1,0.194390447098028,0.194390447098028,0.0555401277422938,-0.520952488569691,-23.4803660841531,-2.57974540543118,99.805609552902,76.7793633369923,0.0156298843388559,0,0,121,coarse
120,2,0.194390447098028,0.194390447098028,0.0416550958067204,-0.520952488569691,-23.8659128120328,-2.57974540543118,99.805609552902,76.7634854771784,0.0334926092975483,0,0,122,coarse
120,3,0.194390447098028,0.194390447098028,0,-0.520952488569691,-24.4034143797222,-2.57974540543118,99.805609552902,76.7455422227206,0.0647523779752601,0,0,123,coarse
120,5,0.194390447098028,0.194390447098028,0,-0.520952488569691,-25.2564830714707,-2.57974540543118,99.805609552902,76.6872266457329,0.192024293305944,0,0,125,coarse
120,10,0,0,0,-7.04830457473189,-27.7849773071945,-9.29725386906552,100,76.4248065492879,0.660920823471621,1,1,130,coarse
120,15,0,0,0,-10.3405974063609,-29.4151482812267,-17.3896723981233,100,75.967069154775,1.29281471888537,1,1,135,coarse
120,20,0,0,0,-19.0175962411839,-31.1337790106913,-21.1560471034516,100,75.1877058177827,2.2417719823159,1,1,140,coarse
120,25,0,0,0,-21.4308253064188,-34.5000226386675,-24.3688548875644,100,73.8946212952799,3.54128522306078,1,1,145,coarse
120,30,0,0,0,-26.2230929491169,-36.9390319755197,-26.6142454112711,100,71.3918770581778,6.18145116070427,1,1,150,coarse
120,35,0,0,0,-26.2968334429478,-40.2198005434482,-26.6271668508938,100,67.1503841931943,10.7188516317147,1,1,155,coarse
120,40,0,0,0,-31.0894203966751,-43.2206006619178,-31.2019464222194,100,62.840834248079,15.2607379163396,1,1,160,coarse
120,45,0,0,0,-35.1320998701836,-48.899763187858,-36.283140480411,100,59.0274423710209,18.9817203095211,1,1,165,coarse
120,50,0,0,0,-42.9151427113585,-54.699227786418,-44.9511804430463,100,55.4028540065862,22.4111248177638,1,1,170,coarse
120,55,0,0,0,-42.9151427113585,-54.699227786418,-44.9511804430463,100,51.8002195389682,25.8696871145004,1,1,175,coarse
120,60,0,0,0,-42.9151427113585,-54.699227786418,-44.9511804430463,100,48.3205268935236,28.9108203456437,1,1,180,coarse
120,65,0,0,0,-42.9167524419836,-55.0054287316285,-44.9531531630426,100,44.5795828759605,32.9146573959852,1,1,185,coarse
120,70,0,0,0,-42.9167524419836,-55.1772619630284,-44.9531531630426,100,40.3340329567275,37.263653695189,1,1,190,coarse
120,75,0,0,0,-42.9167524419836,-55.4790375818926,-44.9532351866413,100,34.9132821075741,43.8151844790849,1,1,195,coarse
120,80,0,0,0,-42.9173016906556,-55.6374172675272,-44.9539513310531,100,31.5082327113063,47.612425703712,1,1,200,coarse
120,85,0,0,0,-42.9173016906556,-55.8697822101582,-44.9539513310531,100,28.6366630076839,50.7681955814736,1,1,205,coarse
120,90,0,0,0,-42.9173016906556,-56.7568013318934,-44.9743027587939,100,25.3413830954995,53.8230346529102,1,1,210,coarse
120,95,0,0,0,-44.3771282055631,-57.9048093243962,-44.9925192381164,100,21.8660812294182,56.9743187170573,1,1,215,coarse
120,100,0,0,0,-44.3791867518637,-59.5665094459776,-44.9943630148527,100,18.0922063666301,60.4351239206011,1,1,220,coarse
120,105,0,0,0,-44.3791867518637,-60.8766634692998,-44.9943630148527,100,13.5214050493963,64.4420131291028,1,1,225,coarse
120,110,0,0,0,-44.3791867518637,-62.7975958423082,-46.3753892653746,100,8.96265560165975,68.3025945608002,1,1,230,coarse
120,115,0,0,0,-48.291704984622,-64.0778206449692,-50.0674334552272,100,4.70561848155209,72.3819943732416,1,1,235,coarse
120,120,0,0,0,-56.3109473735501,-65.9223778700555,-56.571921322124,100,0,76.7925356750823,1,1,240,coarse
125,0,0.194390447098028,0.194390447098028,0.0833101916134407,-0.520952488569719,-23.1447254524763,-2.57974540543118,99.805609552902,82.3146798250533,0,0,0,125,coarse
125,0.5,0.194390447098028,0.194390447098028,0.0833101916134407,-0.520952488569719,-23.4105556934706,-2.57974540543118,99.805609552902,82.3146798250533,0.00893136247934622,0,0,125.5,coarse
125,1,0.194390447098028,0.194390447098028,0.0555401277422938,-0.520952488569719,-23.4803660841531,-2.57974540543118,99.805609552902,82.3146798250533,0.0156298843388559,0,0,126,coarse
125,2,0.194390447098028,0.194390447098028,0.0416550958067204,-0.520952488569719,-23.8659128120328,-2.57974540543118,99.805609552902,82.3079511046316,0.0334926092975483,0,0,127,coarse
125,3,0.194390447098028,0.194390447098028,0,-0.520952488569719,-24.4034143797222,-2.57974540543118,99.805609552902,82.2900078501738,0.0647523779752601,0,0,128,coarse
125,5,0.194390447098028,0.194390447098028,0,-0.520952488569719,-25.2564830714707,-2.57974540543118,99.805609552902,82.2316922731861,0.192024293305944,0,0,130,coarse
125,10,0,0,0,-7.04830457473189,-27.7849773071945,-9.29725386906552,100,81.9692721767411,0.660920823471621,1,1,135,coarse
125,15,0,0,0,-10.3405974063609,-29.4151482812267,-17.3896723981233,100,81.3793876864416,1.29281471888537,1,1,140,coarse
125,20,0,0,0,-19.0175962411838,-31.1337790106913,-21.1560471034516,100,80.5181114724683,2.2417719823159,1,1,145,coarse
125,25,0,0,0,-21.4308253064188,-34.5000226386675,-24.3688548875644,100,79.0076838638858,3.54128522306078,1,1,150,coarse
125,30,0,0,0,-26.2230929491169,-36.9390319755197,-26.6142454112711,100,76.5049396267838,6.18145116070427,1,1,155,coarse
125,35,0,0,0,-26.2968334429478,-40.2198005434482,-26.6271668508938,100,72.2634467618002,10.7188516317147,1,1,160,coarse
125,40,0,0,0,-31.0894203966751,-43.2206006619178,-31.2019464222194,100,67.953896816685,15.2607379163396,1,1,165,coarse
125,45,0,0,0,-35.1320998701836,-48.899763187858,-36.283140480411,100,64.1405049396268,18.9817203095211,1,1,170,coarse
125,50,0,0,0,-42.9151427113585,-54.699227786418,-44.9511804430463,100,60.5159165751921,22.4111248177638,1,1,175,coarse
125,55,0,0,0,-42.9151427113585,-54.699227786418,-44.9511804430463,100,56.9132821075741,25.8696871145004,1,1,180,coarse
125,60,0,0,0,-42.9151427113585,-54.699227786418,-44.9511804430463,100,53.4798699114052,28.9108203456437,1,1,185,coarse
125,65,0,0,0,-42.9167524419836,-55.0054287316285,-44.9531531630426,100,49.6926454445664,32.9146573959852,1,1,190,coarse
125,70,0,0,0,-42.9167524419836,-55.1772619630284,-44.9531531630426,100,45.5792212373771,37.263653695189,1,1,195,coarse
125,75,0,0,0,-42.9167524419836,-55.4790375818926,-44.9532351866413,100,40.02634467618,43.8151844790849,1,1,200,coarse
125,80,0,0,0,-42.9173016906556,-55.6374172675271,-44.9539513310531,100,36.6212952799122,47.612425703712,1,1,205,coarse
125,85,0,0,0,-42.9173016906556,-55.8697822101586,-44.9539513310531,100,33.7497255762898,50.7681955814736,1,1,210,coarse
125,90,0,0,0,-42.9173016906556,-56.7568013318934,-44.9743027587939,100,30.4544456641054,53.8230346529102,1,1,215,coarse
125,95,0,0,0,-44.3771282055631,-57.9048093243962,-44.9925192381164,100,26.9791437980242,56.9743187170573,1,1,220,coarse
125,100,0,0,0,-44.3791867518637,-59.5665094459776,-44.9943630148527,100,23.205268935236,60.4351239206011,1,1,225,coarse
125,105,0,0,0,-44.3791867518637,-60.8766634692998,-44.9943630148527,100,18.6344676180022,64.4420131291028,1,1,230,coarse
125,110,0,0,0,-44.3791867518637,-62.7975958423079,-46.3753892653746,100,14.5071212291129,68.3025945608002,1,1,235,coarse
125,115,0,0,0,-48.291704984622,-64.0778206449692,-50.0674334552272,100,10.2500841090053,72.3819943732416,1,1,240,coarse
125,120,0,0,0,-56.3109473735501,-65.9223778700555,-56.5719213221259,100,5.54446562745318,76.7925356750823,1,1,245,coarse
125,125,0,0,0,-58.5198908278987,-67.2399949520412,-59.2579738822798,100,0,82.3146798250533,1,1,250,coarse
130,0,0.194390447098028,0.194390447098028,0.0833101916134407,-0.520952488569719,-23.1447254524763,-2.57974540543118,99.805609552902,88.3413704160592,0,0,0,130,coarse
130,0.5,0.194390447098028,0.194390447098028,0.0833101916134407,-0.520952488569719,-23.4105556934706,-2.57974540543118,99.805609552902,88.3413704160592,0.00893136247934622,0,0,130.5,coarse
130,1,0.194390447098028,0.194390447098028,0.0555401277422938,-0.520952488569719,-23.4803660841531,-2.57974540543118,99.805609552902,88.3413704160592,0.0156298843388559,0,0,131,coarse
130,2,0.194390447098028,0.194390447098028,0.0416550958067204,-0.520952488569719,-23.8659128120328,-2.57974540543118,99.805609552902,88.3346416956375,0.0334926092975483,0,0,132,coarse
130,3,0.194390447098028,0.194390447098028,0,-0.520952488569719,-24.4034143797222,-2.57974540543118,99.805609552902,88.3166984411798,0.0647523779752601,0,0,133,coarse
130,5,0.194390447098028,0.194390447098028,0,-0.520952488569719,-25.2564830714707,-2.57974540543118,99.805609552902,88.258382864192,0.192024293305944,0,0,135,coarse
130,10,0,0,0,-7.04830457473189,-27.7849773071945,-9.29725386906552,100,87.995962767747,0.660920823471621,1,1,140,coarse
130,15,0,0,0,-10.3405974063609,-29.4151482812267,-17.3896723981233,100,87.4060782774476,1.29281471888537,1,1,145,coarse
130,20,0,0,0,-19.0175962411838,-31.1337790106913,-21.1560471034516,100,86.5883644346872,2.2417719823159,1,1,150,coarse
130,25,0,0,0,-21.4308253064188,-34.5000226386675,-24.3688548875644,100,85.2952799121844,3.54128522306078,1,1,155,coarse
130,30,0,0,0,-26.2230929491169,-36.9390319755197,-26.6142454112711,100,82.7925356750823,6.18145116070427,1,1,160,coarse
130,35,0,0,0,-26.2968334429478,-40.2198005434482,-26.6271668508938,100,78.5510428100988,10.7188516317147,1,1,165,coarse
130,40,0,0,0,-31.0894203966751,-43.2206006619178,-31.2019464222194,100,74.2414928649835,15.2607379163396,1,1,170,coarse
130,45,0,0,0,-35.1320998701836,-48.899763187858,-36.283140480411,100,70.4281009879254,18.9817203095211,1,1,175,coarse
130,50,0,0,0,-42.9151427113585,-54.699227786418,-44.9511804430463,100,66.8035126234907,22.4111248177638,1,1,180,coarse
130,55,0,0,0,-42.9151427113585,-54.699227786418,-44.9511804430463,100,63.2008781558727,25.8696871145004,1,1,185,coarse
130,60,0,0,0,-42.9151427113585,-54.699227786418,-44.9511804430463,100,59.7211855104281,28.9108203456437,1,1,190,coarse
130,65,0,0,0,-42.9167524419836,-55.0054287316285,-44.9531531630426,100,55.980241492865,32.9146573959852,1,1,195,coarse
130,70,0,0,0,-42.9167524419836,-55.1772619630284,-44.9531531630426,100,51.8532577144643,37.263653695189,1,1,200,coarse
130,75,0,0,0,-42.9167524419836,-55.4790375818923,-44.9532351866413,100,46.3139407244786,43.8151844790849,1,1,205,coarse
130,80,0,0,0,-42.9173016906556,-55.6374172675271,-44.9539513310531,100,42.9088913282108,47.612425703712,1,1,210,coarse
130,85,0,0,0,-42.9173016906556,-55.8697822101585,-44.9539513310531,100,40.0373216245884,50.7681955814736,1,1,215,coarse
130,90,0,0,0,-42.9173016906556,-56.7568013318934,-44.9743027587939,100,36.742041712404,53.8230346529102,1,1,220,coarse
130,95,0,0,0,-44.3771282055631,-57.9048093243962,-44.9925192381164,100,33.2667398463227,56.9743187170573,1,1,225,coarse
130,100,0,0,0,-44.3791867518637,-59.5665094459776,-44.9943630148527,100,29.4928649835346,60.4351239206011,1,1,230,coarse
130,105,0,0,0,-44.3791867518637,-60.8766634692998,-44.9943630148527,100,24.9220636663008,64.4420131291028,1,1,235,coarse
130,110,0,0,0,-44.3791867518637,-62.7975958423077,-46.3753892653746,100,20.5538651497112,68.3025945608002,1,1,240,coarse
130,115,0,0,0,-48.291704984622,-64.0778206449692,-50.0674334552272,100,16.2767747000112,72.3819943732416,1,1,245,coarse
130,120,0,0,0,-56.3109473735501,-65.9223778700555,-56.5719213221259,100,11.6042686422366,76.7925356750823,1,1,250,coarse
130,125,0,0,0,-58.5198908278987,-67.2399949520412,-59.2579738822804,100,6.36359576653418,82.3146798250533,1,1,255,coarse
130,130,0,0,0,-64.7422504579091,-70.5479816071374,-65.6709401716292,100,0,88.3413704160592,1,1,260,coarse
135,0,0.194390447098028,0.194390447098028,0.0833101916134407,-0.520952488569918,-23.1447254524763,-2.57974540543126,99.805609552902,94.3040235787969,0,0,0,135,coarse
135,0.5,0.194390447098028,0.194390447098028,0.0833101916134407,-0.520952488569918,-23.4105556934706,-2.57974540543126,99.805609552902,94.2950922163176,0.00893136247934622,0,0,135.5,coarse
135,1,0.194390447098028,0.194390447098028,0.0555401277422938,-0.520952488569918,-23.4803660841531,-2.57974540543126,99.805609552902,94.2883936944581,0.0156298843388559,0,0,136,coarse
135,2,0.194390447098028,0.194390447098028,0.0416550958067204,-0.520952488569918,-23.8659128120328,-2.57974540543126,99.805609552902,94.2705309694994,0.0334926092975483,0,0,137,coarse
135,3,0.194390447098028,0.194390447098028,0,-0.520952488569918,-24.4034143797222,-2.57974540543126,99.805609552902,94.2392712008217,0.0647523779752601,0,0,138,coarse
135,5,0.194390447098028,0.194390447098028,0,-0.520952488569918,-25.2564830714707,-2.57974540543126,99.805609552902,94.111999285491,0.192024293305944,0,0,140,coarse
135,10,0,0,0,-7.04830457473189,-27.7849773071945,-9.29725386906552,100,93.8836443468716,0.660920823471621,1,1,145,coarse
135,15,0,0,0,-10.3405974063609,-29.4151482812267,-17.3896723981233,100,93.4335894621295,1.29281471888537,1,1,150,coarse
135,20,0,0,0,-19.0175962411838,-31.1337790106913,-21.1560471034516,100,92.6542261251372,2.2417719823159,1,1,155,coarse
135,25,0,0,0,-21.4308253064188,-34.5000226386675,-24.3688548875644,100,91.3611416026345,3.54128522306078,1,1,160,coarse
135,30,0,0,0,-26.2230929491169,-36.9390319755197,-26.6142454112711,100,88.8583973655324,6.18145116070427,1,1,165,coarse
135,35,0,0,0,-26.2968334429478,-40.2198005434482,-26.6271668508938,100,84.6169045005488,10.7188516317147,1,1,170,coarse
135,40,0,0,0,-31.0894203966751,-43.2206006619178,-31.2019464222194,100,80.3073545554336,15.2607379163396,1,1,175,coarse
135,45,0,0,0,-35.1320998701836,-48.899763187858,-36.283140480411,100,76.4939626783754,18.9817203095211,1,1,180,coarse
135,50,0,0,0,-42.9151427113585,-54.699227786418,-44.9511804430463,100,72.8693743139407,22.4111248177638,1,1,185,coarse
135,55,0,0,0,-42.9151427113585,-54.699227786418,-44.9511804430463,100,69.2667398463227,25.8696871145004,1,1,190,coarse
135,60,0,0,0,-42.9151427113585,-54.699227786418,-44.9511804430463,100,65.7870472008781,28.9108203456437,1,1,195,coarse
135,65,0,0,0,-42.9167524419836,-55.0054287316285,-44.9531531630426,100,62.046103183315,32.9146573959852,1,1,200,coarse
135,70,0,0,0,-42.9167524419836,-55.1772619630284,-44.9531531630426,100,58.0742602637033,37.263653695189,1,1,205,coarse
135,75,0,0,0,-42.9167524419836,-55.4790375818923,-44.9532351866413,100,52.3798024149286,43.8151844790849,1,1,210,coarse
135,80,0,0,0,-42.9173016906556,-55.6374172675272,-44.9539513310531,100,48.9747530186608,47.612425703712,1,1,215,coarse
135,85,0,0,0,-42.9173016906556,-55.8697822101583,-44.9539513310531,100,46.1031833150384,50.7681955814736,1,1,220,coarse
135,90,0,0,0,-42.9173016906556,-56.7568013318934,-44.9743027587938,100,42.807903402854,53.8230346529102,1,1,225,coarse
135,95,0,0,0,-44.3771282055631,-57.9048093243962,-44.9925192381164,100,39.3326015367728,56.9743187170573,1,1,230,coarse
135,100,0,0,0,-44.3791867518637,-59.5665094459776,-44.9943630148527,100,35.5587266739846,60.4351239206011,1,1,235,coarse
135,105,0,0,0,-44.3791867518637,-60.8766634692998,-44.9943630148527,100,30.9879253567508,64.4420131291028,1,1,240,coarse
135,110,0,0,0,-44.3791867518637,-62.7975958423077,-46.3753892653746,100,26.8068968558451,68.3025945608002,1,1,245,coarse
135,115,0,0,0,-48.291704984622,-64.0778206449692,-50.0674334552272,100,22.430215636989,72.3819943732416,1,1,250,coarse
135,120,0,0,0,-56.3109473735501,-65.9223778700555,-56.5719213221259,100,17.8573003483706,76.7925356750823,1,1,255,coarse
135,125,0,0,0,-58.5198908278987,-67.2399949520376,-59.257973882281,100,12.4950390263262,82.3146798250533,1,1,260,coarse
135,130,0,0,0,-64.7422504579091,-70.5479816071374,-65.6709401716292,100,6.25303170613397,88.3413704160592,1,1,265,coarse
135,135,0,0,0,-64.7422504579091,-73.4685269568578,-65.6709401716292,100,0,94.3040235787969,1,1,270,coarse
140,0,0.194390447098028,0.194390447098028,0.0833101916134407,-0.520952488569918,-23.1447254524763,-2.57974540543126,99.805609552902,98.5464207564864,0,0,0,140,coarse
140,0.5,0.194390447098028,0.194390447098028,0.0833101916134407,-0.520952488569918,-23.4105556934706,-2.57974540543126,99.805609552902,98.5374893940071,0.00893136247934622,0,0,140.5,coarse
140,1,0.194390447098028,0.194390447098028,0.0555401277422938,-0.520952488569918,-23.4803660841531,-2.57974540543126,99.805609552902,98.5307908721475,0.0156298843388559,0,0,141,coarse
140,2,0.194390447098028,0.194390447098028,0.0416550958067204,-0.520952488569918,-23.8659128120328,-2.57974540543126,99.805609552902,98.5129281471889,0.0334926092975483,0,0,142,coarse
140,3,0.194390447098028,0.194390447098028,0,-0.520952488569918,-24.4034143797222,-2.57974540543126,99.805609552902,98.4816683785111,0.0647523779752601,0,0,143,coarse
140,5,0.194390447098028,0.194390447098028,0,-0.520952488569918,-25.2564830714707,-2.57974540543126,99.805609552902,98.3543964631805,0.192024293305944,0,0,145,coarse
140,10,0,0,0,-7.04830457473189,-27.7849773071945,-9.29725386906552,100,97.9656835258495,0.660920823471621,1,1,150,coarse
140,15,0,0,0,-10.3405974063609,-29.4151482812267,-17.3896723981233,100,97.4972557628979,1.29281471888537,1,1,155,coarse
140,20,0,0,0,-19.0175962411838,-31.1337790106913,-21.1560471034516,100,96.7178924259056,2.2417719823159,1,1,160,coarse
140,25,0,0,0,-21.4308253064188,-34.5000226386675,-24.3688548875644,100,95.4248079034029,3.54128522306078,1,1,165,coarse
140,30,0,0,0,-26.2230929491169,-36.9390319755197,-26.6142454112711,100,92.9220636663008,6.18145116070427,1,1,170,coarse
140,35,0,0,0,-26.2968334429478,-40.2198005434482,-26.6271668508938,100,88.8719848304449,10.7188516317147,1,1,175,coarse
140,40,0,0,0,-31.0894203966751,-43.2206006619178,-31.2019464222194,100,84.371020856202,15.2607379163396,1,1,180,coarse
140,45,0,0,0,-35.1320998701836,-48.899763187858,-36.283140480411,100,80.5576289791438,18.9817203095211,1,1,185,coarse
140,50,0,0,0,-42.9151427113585,-54.699227786418,-44.9511804430463,100,77.1243991709662,22.4111248177638,1,1,190,coarse
140,55,0,0,0,-42.9151427113585,-54.699227786418,-44.9511804430463,100,73.5591127574194,25.8696871145004,1,1,195,coarse
140,60,0,0,0,-42.9151427113585,-54.699227786418,-44.9511804430463,100,70.009260484191,28.9108203456437,1,1,200,coarse
140,65,0,0,0,-42.9167524419836,-55.0054287316285,-44.9531531630426,100,66.2918375446488,32.9146573959852,1,1,205,coarse
140,70,0,0,0,-42.9167524419836,-55.1772619630284,-44.9531531630426,100,62.4707853772545,37.263653695189,1,1,210,coarse
140,75,0,0,0,-42.9167524419836,-55.4790375818922,-44.9532351866413,100,56.443468715697,43.8151844790849,1,1,215,coarse
140,80,0,0,0,-42.9173016906556,-55.6374172675272,-44.9539513310531,100,53.0384193194292,47.612425703712,1,1,220,coarse
140,85,0,0,0,-42.9173016906556,-55.8697822101583,-44.9539513310531,100,50.1668496158068,50.7681955814736,1,1,225,coarse
140,90,0,0,0,-42.9173016906556,-56.7568013318934,-44.9743027587939,100,46.8715697036224,53.8230346529102,1,1,230,coarse
140,95,0,0,0,-44.3771282055631,-57.9048093243962,-44.9925192381164,100,43.3962678375412,56.9743187170573,1,1,235,coarse
140,100,0,0,0,-44.3791867518637,-59.5665094459776,-44.9943630148527,100,39.622392974753,60.4351239206011,1,1,240,coarse
140,105,0,0,0,-44.3791867518637,-60.8766634692998,-44.9943630148527,100,35.2074789434228,64.4420131291028,1,1,245,coarse
140,110,0,0,0,-44.3791867518637,-62.7975958423077,-46.3753892653746,100,31.2034219693963,68.3025945608002,1,1,250,coarse
140,115,0,0,0,-48.291704984622,-64.0778206449692,-50.0674334552272,100,26.8267407505402,72.3819943732416,1,1,255,coarse
140,120,0,0,0,-56.3109473735501,-65.9223778700555,-56.5719213221271,100,22.2538254619218,76.7925356750823,1,1,260,coarse
140,125,0,0,0,-58.5198908278987,-67.2399949520376,-59.257973882281,100,16.8915641398774,82.3146798250533,1,1,265,coarse
140,130,0,0,0,-64.7422504579091,-70.5479816071374,-65.6709401716286,100,10.6495568196851,88.3413704160592,1,1,270,coarse
140,135,0,0,0,-64.7422504579091,-73.4685269568578,-65.6709401716286,100,4.39652511355118,94.3040235787969,1,1,275,coarse
140,140,0,0,0,-69.824772382629,-78.1799299054904,-70.3310571337009,100,0,98.5464207564864,1,1,280,coarse
143.342063880805,0,0.194390447098028,0.194390447098028,0.0833101916134407,-0.520952488569918,-23.1447254524763,-2.57974540543113,99.805609552902,100,0,0,0,143.342063880805,coarse
143.342063880805,0.5,0.194390447098028,0.194390447098028,0.0833101916134407,-0.520952488569918,-23.4105556934706,-2.57974540543113,99.805609552902,100,0.00893136247934622,0,0,143.842063880805,coarse
143.342063880805,1,0.194390447098028,0.194390447098028,0.0555401277422938,-0.520952488569918,-23.4803660841531,-2.57974540543113,99.805609552902,100,0.0156298843388559,0,0,144.342063880805,coarse
143.342063880805,2,0.194390447098028,0.194390447098028,0.0416550958067204,-0.520952488569918,-23.8659128120328,-2.57974540543113,99.805609552902,99.9932712795783,0.0334926092975483,0,0,145.342063880805,coarse
143.342063880805,3,0.194390447098028,0.194390447098028,0,-0.520952488569918,-24.4034143797222,-2.57974540543113,99.805609552902,99.9753280251206,0.0647523779752601,0,0,146.342063880805,coarse
143.342063880805,5,0.194390447098028,0.194390447098028,0,-0.520952488569918,-25.2564830714707,-2.57974540543113,99.805609552902,99.9170124481328,0.192024293305944,0,0,148.342063880805,coarse
143.342063880805,10,0,0,0,-7.04830457473189,-27.7849773071945,-9.29725386906552,100,99.6545923516878,0.660920823471621,1,1,153.342063880805,coarse
143.342063880805,15,0,0,0,-10.3405974063609,-29.4151482812267,-17.3896723981233,100,99.1745334796926,1.29281471888537,1,1,158.342063880805,coarse
143.342063880805,20,0,0,0,-19.0175962411838,-31.1337790106913,-21.1560471034516,100,98.3951701427003,2.2417719823159,1,1,163.342063880805,coarse
143.342063880805,25,0,0,0,-21.4308253064188,-34.5000226386675,-24.3688548875644,100,97.1020856201976,3.54128522306078,1,1,168.342063880805,coarse
143.342063880805,30,0,0,0,-26.2230929491169,-36.9390319755197,-26.6142454112711,100,94.5993413830955,6.18145116070427,1,1,173.342063880805,coarse
143.342063880805,35,0,0,0,-26.2968334429478,-40.2198005434482,-26.6271668508938,100,90.4484720201085,10.7188516317147,1,1,178.342063880805,coarse
143.342063880805,40,0,0,0,-31.0894203966751,-43.2206006619178,-31.2019464222194,100,86.0482985729967,15.2607379163396,1,1,183.342063880805,coarse
143.342063880805,45,0,0,0,-35.1320998701836,-48.899763187858,-36.283140480411,100,82.2349066959385,18.9817203095211,1,1,188.342063880805,coarse
143.342063880805,50,0,0,0,-42.9151427113585,-54.699227786418,-44.9511804430463,100,78.7008863606297,22.4111248177638,1,1,193.342063880805,coarse
143.342063880805,55,0,0,0,-42.9151427113585,-54.699227786418,-44.9511804430463,100,75.135599947083,25.8696871145004,1,1,198.342063880805,coarse
143.342063880805,60,0,0,0,-42.9151427113585,-54.699227786418,-44.9511804430463,100,71.5857476738546,28.9108203456437,1,1,203.342063880805,coarse
143.342063880805,65,0,0,0,-42.9167524419836,-55.0054287316285,-44.9531531630426,100,67.8683247343123,32.9146573959852,1,1,208.342063880805,coarse
143.342063880805,70,0,0,0,-42.9167524419836,-55.1772619630284,-44.9531531630426,100,64.047272566918,37.263653695189,1,1,213.342063880805,coarse
143.342063880805,75,0,0,0,-42.9167524419836,-55.4790375818922,-44.9532351866413,100,58.1207464324918,43.8151844790849,1,1,218.342063880805,coarse
143.342063880805,80,0,0,0,-42.9173016906556,-55.6374172675272,-44.9539513310531,100,54.7156970362239,47.612425703712,1,1,223.342063880805,coarse
143.342063880805,85,0,0,0,-42.9173016906556,-55.8697822101583,-44.9539513310531,100,51.8441273326015,50.7681955814736,1,1,228.342063880805,coarse
143.342063880805,90,0,0,0,-42.9173016906556,-56.7568013318934,-44.9743027587939,100,48.5488474204171,53.8230346529102,1,1,233.342063880805,coarse
143.342063880805,95,0,0,0,-44.3771282055631,-57.9048093243962,-44.9925192381164,100,45.0735455543359,56.9743187170573,1,1,238.342063880805,coarse
143.342063880805,100,0,0,0,-44.3791867518637,-59.5665094459776,-44.9943630148527,100,41.2996706915478,60.4351239206011,1,1,243.342063880805,coarse
143.342063880805,105,0,0,0,-44.3791867518637,-60.8766634692998,-44.9943630148527,100,36.7839661330864,64.4420131291028,1,1,248.342063880805,coarse
143.342063880805,110,0,0,0,-44.3791867518637,-62.7975958423077,-46.3753892653746,100,32.7799091590598,68.3025945608002,1,1,253.342063880805,coarse
143.342063880805,115,0,0,0,-48.291704984622,-64.0778206449692,-50.0674334552272,100,28.4032279402037,72.3819943732416,1,1,258.342063880805,coarse
143.342063880805,120,0,0,0,-56.3109473735501,-65.9223778700555,-56.5719213221271,100,23.8303126515853,76.7925356750823,1,1,263.342063880805,coarse
143.342063880805,125,0,0,0,-58.5198908278987,-67.2399949520412,-59.257973882281,100,18.4680513295409,82.3146798250533,1,1,268.342063880805,coarse
143.342063880805,130,0,0,0,-64.7422504579091,-70.5479816071374,-65.6709401716286,100,12.2260440093487,88.3413704160592,1,1,273.342063880805,coarse
143.342063880805,135,0,0,0,-64.7422504579091,-73.4685269568578,-65.6709401716286,100,5.97301230321471,94.3040235787969,1,1,278.342063880805,coarse
143.342063880805,140,0,0,0,-69.824772382629,-78.1799299054904,-70.3310571337009,100,1.68890882583829,98.5464207564864,1,1,283.342063880805,coarse
143.342063880805,143.342063880805,0,0,0,-2969.09346595255,-2969.09346595255,-2969.09346595255,100,0,100,1,1,286.68412776161,coarse
23,3,0.416550958067203,0.416550958067203,0.166620383226881,9.21170661930887,-22.7567185444825,-0.766856880119439,99.5834490419328,2.8647345152503,0.0647523779752601,0,0,26,refinement
23,4,0.416550958067203,0.416550958067203,0.166620383226881,9.21170661930887,-23.5491557089921,-0.766856880119439,99.5834490419328,2.81784486223373,0.111642030991828,0,0,27,refinement
23,5,0.416550958067203,0.416550958067203,0.166620383226881,9.21170661930887,-24.2786699938445,-0.766856880119439,99.5834490419328,2.73746259991962,0.192024293305944,0,0,28,refinement
23,6,0.416550958067203,0.416550958067203,0.166620383226881,9.21170661930887,-24.6337328104295,-0.766856880119439,99.5834490419328,2.67717590318403,0.252310990041531,0,0,29,refinement
23,7,0.388780894196057,0.388780894196057,0.166620383226881,9.21170661930887,-25.0465804517303,-1.35587326949519,99.6112191058039,2.58116375653106,0.348323136694503,0,0,30,refinement
23,8,0.305470702582616,0.305470702582616,0.166620383226881,9.21170661930887,-26.0032303623803,-1.40245131910776,99.6945292974174,2.46952172553923,0.459965167686331,0,0,31,refinement
23,9,0.249930574840322,0.249930574840322,0.166620383226881,9.21170661930887,-26.6750598164654,-1.40245131910776,99.7500694251597,2.34224981020855,0.587237083017014,0,0,32,refinement
23,10,0.222160510969175,0.222160510969175,0.166620383226881,9.21170661930887,-26.8986408350793,-1.40245131910776,99.7778394890308,2.26856606975394,0.660920823471621,0,0,33,refinement
23,11,0.222160510969175,0.222160510969175,0.166620383226881,9.21170661930887,-27.2243244992012,-1.40245131910776,99.7778394890308,2.17113378939105,0.779261376322958,0,0,34,refinement
23,12,0.222160510969175,0.222160510969175,0.166620383226881,9.21170661930887,-27.4931513056975,-1.40245131910776,99.7778394890308,2.0545026354155,0.893136247934622,0,0,35,refinement
23,13,0.222160510969175,0.222160510969175,0.166620383226881,9.21170661930887,-27.7175286981017,-1.40245131910776,99.7778394890308,1.9380870485514,1.0137096414058,0,0,36,refinement
23,14,0.222160510969175,0.222160510969175,0.166620383226881,9.21170661930887,-27.8748828941269,-1.40245131910776,99.7778394890308,1.82784318913437,1.13651587549681,0,0,37,refinement
23,15,0.222160510969175,0.222160510969175,0.166620383226881,9.21170661930887,-28.0799632574843,-1.40245131910776,99.7778394890308,1.71759932971733,1.29281471888537,0,0,38,refinement
23,16,0.222160510969175,0.222160510969175,0.166620383226881,9.21170661930887,-28.1466050027983,-1.40245131910776,99.7778394890308,1.54561890902677,1.46920912785245,0,0,39,refinement
23,17,0.222160510969175,0.222160510969175,0.166620383226881,9.21170661930887,-28.4077505501773,-1.40245131910776,99.7778394890308,1.39127750584292,1.63220649310052,0,0,40,refinement
24,3,0.333240766453763,0.333240766453763,0.124965287420161,1.69658636419578,-22.7915473317346,-1.55341608809866,99.6667592335462,3.13490823025052,0.0647523779752601,0,0,27,refinement
24,4,0.333240766453763,0.333240766453763,0.124965287420161,1.69658636419578,-23.6196419703679,-1.55341608809866,99.6667592335462,3.08801857723396,0.111642030991828,0,0,28,refinement
24,5,0.333240766453763,0.333240766453763,0.124965287420161,1.69658636419578,-24.4022869399113,-1.55341608809866,99.6667592335462,3.00763631491984,0.192024293305944,0,0,29,refinement
24,6,0.333240766453763,0.333240766453763,0.124965287420161,1.69658636419578,-24.7037376449762,-1.55341608809866,99.6667592335462,2.94734961818425,0.252310990041531,0,0,30,refinement
24,7,0.305470702582616,0.305470702582616,0.124965287420161,1.69658636419578,-25.2326679515524,-1.80362642698707,99.6945292974174,2.90680722215992,0.348323136694503,0,0,31,refinement
24,8,0.222160510969175,0.222160510969175,0.124965287420161,1.69658636419578,-26.3016303547592,-2.55382860809636,99.7778394890308,2.85522036559381,0.459965167686331,0,0,32,refinement
24,9,0.166620383226881,0.166620383226881,0.124965287420161,1.69658636419578,-26.7183497009449,-2.55382860809636,99.8333796167731,2.75877537288326,0.587237083017014,0,0,33,refinement
24,10,0.138850319355735,0.138850319355735,0.124965287420161,1.69658636419578,-26.945105329184,-2.55382860809636,99.8611496806443,2.68475944824493,0.660920823471621,0,0,34,refinement
24,11,0.138850319355735,0.138850319355735,0.124965287420161,1.69658636419578,-27.3035431325432,-2.55382860809636,99.8611496806443,2.59952898957048,0.779261376322958,0,0,35,refinement
24,12,0.138850319355735,0.138850319355735,0.124965287420161,1.69658636419578,-27.5290339367874,-2.55382860809636,99.8611496806443,2.48289783559493,0.893136247934622,0,0,36,refinement
24,13,0.138850319355735,0.138850319355735,0.124965287420161,1.69658636419578,-27.7417736422179,-2.55382860809636,99.8611496806443,2.35729505439049,1.0137096414058,0,0,37,refinement
24,14,0.138850319355735,0.138850319355735,0.124965287420161,1.69658636419578,-27.9119281326586,-2.55382860809636,99.8611496806443,2.23169227318605,1.13651587549681,0,0,38,refinement
24,15,0.138850319355735,0.138850319355735,0.124965287420161,1.69658636419578,-28.1038208428899,-2.55382860809636,99.8611496806443,2.0948749579455,1.29281471888537,0,0,39,refinement
24,16,0.138850319355735,0.138850319355735,0.124965287420161,1.69658636419578,-28.2043232144404,-2.55382860809636,99.8611496806443,1.95581473589772,1.46920912785245,0,0,40,refinement
24,17,0.138850319355735,0.138850319355735,0.124965287420161,1.69658636419578,-28.5000978260549,-2.55382860809636,99.8611496806443,1.80105416619939,1.63220649310052,0,0,41,refinement
25,3,0.305470702582616,0.305470702582616,0.124965287420161,1.69658636419578,-22.7915473317346,-1.55341608809866,99.6945292974174,3.47653284508552,0.0647523779752601,0,0,28,refinement
25,4,0.305470702582616,0.305470702582616,0.124965287420161,1.69658636419578,-23.658919181785,-1.55341608809866,99.6945292974174,3.42964319206895,0.111642030991828,0,0,29,refinement
25,5,0.305470702582616,0.305470702582616,0.124965287420161,1.69658636419578,-24.4022869399113,-1.55341608809866,99.6945292974174,3.34926092975483,0.192024293305944,0,0,30,refinement
25,6,0.305470702582616,0.305470702582616,0.124965287420161,1.69658636419578,-24.7037376449762,-1.55341608809866,99.6945292974174,3.28897423301925,0.252310990041531,0,0,31,refinement
25,7,0.277700638711469,0.277700638711469,0.124965287420161,1.69658636419578,-25.2133851588602,-1.80362642698707,99.7222993612885,3.22978580239991,0.348323136694503,0,0,32,refinement
25,8,0.194390447098028,0.194390447098028,0.124965287420161,1.69658636419578,-26.2314548853556,-2.76398344497473,99.805609552902,3.1781989458338,0.459965167686331,0,0,33,refinement
25,9,0.138850319355735,0.138850319355735,0.124965287420161,1.69658636419578,-26.7478966199086,-2.76398344497473,99.8611496806443,3.08175395312325,0.587237083017014,0,0,34,refinement
25,10,0.138850319355735,0.138850319355735,0.111080255484588,1.69658636419578,-27.0368799143433,-2.76398344497473,99.8611496806443,3.00773802848492,0.660920823471621,0,0,35,refinement
25,11,0.138850319355735,0.138850319355735,0.111080255484588,1.69658636419578,-27.3205633428283,-2.76398344497473,99.8611496806443,2.92250756981047,0.779261376322958,0,0,36,refinement
25,12,0.138850319355735,0.138850319355735,0.111080255484588,1.69658636419578,-27.5764509949626,-2.76398344497473,99.8611496806443,2.80587641583492,0.893136247934622,0,0,37,refinement
25,13,0.138850319355735,0.138850319355735,0.111080255484588,1.69658636419578,-27.753604309718,-2.76398344497473,99.8611496806443,2.68027363463048,1.0137096414058,0,0,38,refinement
25,14,0.138850319355735,0.138850319355735,0.111080255484588,1.69658636419578,-28.0510054634947,-2.76398344497473,99.8611496806443,2.55467085342604,1.13651587549681,0,0,39,refinement
25,15,0.138850319355735,0.138850319355735,0.111080255484588,1.69658636419578,-28.1466050027983,-2.76398344497473,99.8611496806443,2.41785353818549,1.29281471888537,0,0,40,refinement
25,16,0.138850319355735,0.138850319355735,0.111080255484588,1.69658636419578,-28.3554814993446,-2.76398344497473,99.8611496806443,2.27879331613771,1.46920912785245,0,0,41,refinement
25,17,0.138850319355735,0.138850319355735,0.111080255484588,1.69658636419578,-28.5608188554144,-2.76398344497473,99.8611496806443,2.12403274643939,1.63220649310052,0,0,42,refinement
26,3,0.305470702582616,0.305470702582616,0.111080255484588,1.69658636419578,-22.7915473317346,-1.55341608809866,99.6945292974174,3.90523824409414,0.0647523779752601,0,0,29,refinement
26,4,0.305470702582616,0.305470702582616,0.111080255484588,1.69658636419578,-23.7134910830274,-1.55341608809866,99.6945292974174,3.85834859107757,0.111642030991828,0,0,30,refinement
26,5,0.305470702582616,0.305470702582616,0.111080255484588,1.69658636419578,-24.4460563895494,-1.55341608809866,99.6945292974174,3.77796632876345,0.192024293305944,0,0,31,refinement
26,6,0.305470702582616,0.305470702582616,0.111080255484588,1.69658636419578,-24.7106084025652,-1.55341608809866,99.6945292974174,3.72546820679601,0.252310990041531,0,0,32,refinement
26,7,0.277700638711469,0.277700638711469,0.111080255484588,1.69658636419578,-25.2326679515524,-1.80362642698707,99.7222993612885,3.70752495233823,0.348323136694503,0,0,33,refinement
26,8,0.194390447098028,0.194390447098028,0.111080255484588,1.69658636419578,-26.2314548853556,-3.1870238154665,99.805609552902,3.65593809577212,0.459965167686331,0,0,34,refinement
26,9,0.138850319355735,0.138850319355735,0.111080255484588,1.69658636419578,-26.8024684985575,-3.1870238154665,99.8611496806443,3.55949310306157,0.587237083017014,0,0,35,refinement
26,10,0.111080255484588,0.111080255484588,0.111080255484588,1.69658636419578,-27.050746628515,-3.1870238154665,99.8889197445154,3.48547717842324,0.660920823471621,0,0,36,refinement
26,11,0.111080255484588,0.111080255484588,0.111080255484588,1.69658636419578,-27.3385979335931,-3.1870238154665,99.8889197445154,3.40024671974879,0.779261376322958,0,0,37,refinement
26,12,0.111080255484588,0.111080255484588,0.111080255484588,1.69658636419578,-27.6104346462626,-3.1870238154665,99.8889197445154,3.28361556577324,0.893136247934622,0,0,38,refinement
26,13,0.111080255484588,0.111080255484588,0.111080255484588,1.69658636419578,-27.7565944647625,-3.1870238154665,99.8889197445154,3.1580127845688,1.0137096414058,0,0,39,refinement
26,14,0.111080255484588,0.111080255484588,0.111080255484588,1.69658636419578,-28.0799632574843,-3.1870238154665,99.8889197445154,3.03241000336436,1.13651587549681,0,0,40,refinement
26,15,0.111080255484588,0.111080255484588,0.111080255484588,1.69658636419578,-28.1557116723823,-3.1870238154665,99.8889197445154,2.89559268812381,1.29281471888537,0,0,41,refinement
26,16,0.111080255484588,0.111080255484588,0.111080255484588,1.69658636419578,-28.3708099741316,-3.1870238154665,99.8889197445154,2.75653246607603,1.46920912785245,0,0,42,refinement
26,17,0.111080255484588,0.111080255484588,0.111080255484588,1.69658636419578,-28.5838865324168,-3.1870238154665,99.8889197445154,2.60177189637771,1.63220649310052,0,0,43,refinement
27,3,0.277700638711469,0.277700638711469,0.0971952235490142,1.69658636419578,-22.8343498731944,-1.80362642698707,99.7222993612885,4.30638106986655,0.0647523779752601,0,0,30,refinement
27,4,0.277700638711469,0.277700638711469,0.0971952235490142,1.69658636419578,-23.7478836576292,-1.80362642698707,99.7222993612885,4.27722328137266,0.111642030991828,0,0,31,refinement
27,5,0.277700638711469,0.277700638711469,0.0971952235490142,1.69658636419578,-24.5071238757527,-1.80362642698707,99.7222993612885,4.24806549287877,0.192024293305944,0,0,32,refinement
27,6,0.277700638711469,0.277700638711469,0.0971952235490142,1.69658636419578,-24.7366408115956,-1.80362642698707,99.7222993612885,4.22563642480655,0.252310990041531,0,0,33,refinement
27,7,0.249930574840322,0.249930574840322,0.0971952235490142,1.69658636419578,-25.3767439987231,-2.02314437601046,99.7500694251597,4.20769317034877,0.348323136694503,0,0,34,refinement
27,8,0.166620383226881,0.166620383226881,0.0971952235490142,1.69658636419578,-26.3315964660347,-3.1870238154665,99.8333796167731,4.15610631378266,0.459965167686331,0,0,35,refinement
27,9,0.111080255484588,0.111080255484588,0.0971952235490142,1.69658636419578,-26.8944718139706,-3.1870238154665,99.8889197445154,4.05966132107211,0.587237083017014,0,0,36,refinement
27,10,0.111080255484588,0.111080255484588,0.0833101916134407,1.69658636419578,-27.1248405793887,-3.1870238154665,99.8889197445154,3.98564539643378,0.660920823471621,0,0,37,refinement
27,11,0.111080255484588,0.111080255484588,0.0833101916134407,1.69658636419578,-27.4050732226907,-3.1870238154665,99.8889197445154,3.90041493775934,0.779261376322958,0,0,38,refinement
27,12,0.111080255484588,0.111080255484588,0.0833101916134407,1.69658636419578,-27.6436020689231,-3.1870238154665,99.8889197445154,3.78378378378378,0.893136247934622,0,0,39,refinement
27,13,0.111080255484588,0.111080255484588,0.0833101916134407,1.69658636419578,-27.7667497390876,-3.1870238154665,99.8889197445154,3.65818100257934,1.0137096414058,0,0,40,refinement
27,14,0.111080255484588,0.111080255484588,0.0833101916134407,1.69658636419578,-28.1038208428899,-3.1870238154665,99.8889197445154,3.5325782213749,1.13651587549681,0,0,41,refinement
27,15,0.111080255484588,0.111080255484588,0.0833101916134407,1.69658636419578,-28.2593097104474,-3.1870238154665,99.8889197445154,3.39576090613435,1.29281471888537,0,0,42,refinement
27,16,0.111080255484588,0.111080255484588,0.0833101916134407,1.69658636419578,-28.4384834129187,-3.1870238154665,99.8889197445154,3.25670068408658,1.46920912785245,0,0,43,refinement
27,17,0.111080255484588,0.111080255484588,0.0833101916134407,1.69658636419578,-28.6165254416006,-3.1870238154665,99.8889197445154,3.10194011438825,1.63220649310052,0,0,44,refinement
28,3,0.277700638711469,0.277700638711469,0.0694251596778673,-0.520924384944294,-23.4729271295648,-1.80362642698707,99.7222993612885,4.94336660311764,0.0647523779752601,0,0,31,refinement
28,4,0.277700638711469,0.277700638711469,0.0694251596778673,-0.520924384944294,-23.8151943885222,-1.80362642698707,99.7222993612885,4.91420881462375,0.111642030991828,0,0,32,refinement
28,5,0.277700638711469,0.277700638711469,0.0694251596778673,-0.520924384944294,-24.5449666412725,-1.80362642698707,99.7222993612885,4.88505102612986,0.192024293305944,0,0,33,refinement
28,6,0.277700638711469,0.277700638711469,0.0694251596778673,-0.520924384944294,-24.7815823405315,-1.80362642698707,99.7222993612885,4.86262195805764,0.252310990041531,0,0,34,refinement
28,7,0.249930574840322,0.249930574840322,0.0694251596778673,-0.702850679543815,-25.4276378099199,-2.02314437601046,99.7500694251597,4.84467870359987,0.348323136694503,0,0,35,refinement
28,8,0.166620383226881,0.166620383226881,0.0694251596778673,-0.702850679543815,-26.3502815831415,-4.88103877937301,99.8333796167731,4.79309184703376,0.459965167686331,0,0,36,refinement
28,9,0.111080255484588,0.111080255484588,0.0694251596778673,-0.702850679543815,-26.9202440317433,-5.9989977418132,99.8889197445154,4.6966468543232,0.587237083017014,0,0,37,refinement
28,10,0.0833101916134407,0.0833101916134407,0.0694251596778673,-0.702850679543815,-27.1301294812477,-6.45817098592193,99.9166898083866,4.62263092968487,0.660920823471621,0,1,38,refinement
28,11,0.0833101916134407,0.0833101916134407,0.0694251596778673,-0.702850679543815,-27.4655727381069,-6.45817098592193,99.9166898083866,4.53740047101043,0.779261376322958,0,1,39,refinement
28,12,0.0833101916134407,0.0833101916134407,0.0694251596778673,-0.702850679543815,-27.6547792374908,-6.45817098592193,99.9166898083866,4.42076931703488,0.893136247934622,0,1,40,refinement
28,13,0.0833101916134407,0.0833101916134407,0.0694251596778673,-0.702850679543815,-27.7762173535,-6.45817098592193,99.9166898083866,4.29516653583044,1.0137096414058,0,1,41,refinement
28,14,0.0833101916134407,0.0833101916134407,0.0694251596778673,-0.702850679543815,-28.1171704064396,-6.45817098592193,99.9166898083866,4.169563754626,1.13651587549681,0,1,42,refinement
28,15,0.0833101916134407,0.0833101916134407,0.0694251596778673,-0.702850679543815,-28.3151057435777,-6.45817098592193,99.9166898083866,4.03274643938544,1.29281471888537,0,1,43,refinement
28,16,0.0833101916134407,0.0833101916134407,0.0694251596778673,-0.702850679543815,-28.4474993668641,-6.45817098592193,99.9166898083866,3.89368621733767,1.46920912785245,0,1,44,refinement
28,17,0.0833101916134407,0.0833101916134407,0.0694251596778673,-0.702850679543815,-28.6477811724467,-6.45817098592193,99.9166898083866,3.73892564763934,1.63220649310052,0,1,45,refinement
29,3,0.249930574840322,0.249930574840322,0.0694251596778673,-0.520924384944294,-23.4729271295648,-2.02314437601047,99.7500694251597,5.52427946618818,0.0647523779752601,0,0,32,refinement
29,4,0.249930574840322,0.249930574840322,0.0694251596778673,-0.520924384944294,-23.8856635596608,-2.02314437601047,99.7500694251597,5.49512167769429,0.111642030991828,0,0,33,refinement
29,5,0.249930574840322,0.249930574840322,0.0694251596778673,-0.520924384944294,-24.5674606668282,-2.02314437601047,99.7500694251597,5.4659638892004,0.192024293305944,0,0,34,refinement
29,6,0.249930574840322,0.249930574840322,0.0694251596778673,-0.520924384944294,-24.8125513672139,-2.02314437601047,99.7500694251597,5.44353482112818,0.252310990041531,0,0,35,refinement
29,7,0.222160510969175,0.222160510969175,0.0694251596778673,-0.959869046642595,-25.4375342276853,-2.45260511558292,99.7778394890308,5.4255915666704,0.348323136694503,0,0,36,refinement
29,8,0.138850319355735,0.138850319355735,0.0694251596778673,-0.959869046642595,-26.4132149607035,-5.52575943862555,99.8611496806443,5.3740047101043,0.459965167686331,0,0,37,refinement
29,9,0.0833101916134407,0.0833101916134407,0.0694251596778673,-0.959869046642595,-26.9930270630408,-6.45817098592193,99.9166898083866,5.27755971739374,0.587237083017014,0,1,38,refinement
29,10,0.0833101916134407,0.0833101916134407,0.0555401277422938,-0.959869046642595,-27.1743945020828,-6.45817098592193,99.9166898083866,5.20354379275541,0.660920823471621,0,1,39,refinement
29,11,0.0833101916134407,0.0833101916134407,0.0555401277422938,-0.959869046642595,-27.5164574779104,-6.45817098592193,99.9166898083866,5.11831333408097,0.779261376322958,0,1,40,refinement
29,12,0.0833101916134407,0.0833101916134407,0.0555401277422938,-0.959869046642595,-27.6867350415326,-6.45817098592193,99.9166898083866,5.00168218010542,0.893136247934622,0,1,41,refinement
29,13,0.0833101916134407,0.0833101916134407,0.0555401277422938,-0.959869046642595,-27.8053241872068,-6.45817098592193,99.9166898083866,4.87607939890098,1.0137096414058,0,1,42,refinement
29,14,0.0833101916134407,0.0833101916134407,0.0555401277422938,-0.959869046642595,-28.1466050027983,-6.45817098592193,99.9166898083866,4.75047661769653,1.13651587549681,0,1,43,refinement
29,15,0.0833101916134407,0.0833101916134407,0.0555401277422938,-0.959869046642595,-28.3708099741316,-6.45817098592193,99.9166898083866,4.61365930245598,1.29281471888537,0,1,44,refinement
29,16,0.0833101916134407,0.0833101916134407,0.0555401277422938,-0.959869046642595,-28.5486415484446,-6.45817098592193,99.9166898083866,4.47459908040821,1.46920912785245,0,1,45,refinement
29,17,0.0833101916134407,0.0833101916134407,0.0555401277422938,-0.959869046642595,-28.6811182287262,-6.45817098592193,99.9166898083866,4.31983851070988,1.63220649310052,0,1,46,refinement
30,3,0.222160510969175,0.222160510969175,0.0416550958067204,-0.520924384944294,-23.4803660841531,-2.45260511558292,99.7778394890308,6.15677918582483,0.0647523779752601,0,0,33,refinement
30,4,0.222160510969175,0.222160510969175,0.0416550958067204,-0.520924384944294,-24.1191042941489,-2.45260511558292,99.7778394890308,6.12762139733094,0.111642030991828,0,0,34,refinement
30,5,0.222160510969175,0.222160510969175,0.0416550958067204,-0.520924384944294,-24.7106084025652,-2.45260511558292,99.7778394890308,6.09846360883705,0.192024293305944,0,0,35,refinement
30,6,0.222160510969175,0.222160510969175,0.0416550958067204,-0.520924384944294,-25.1065388730235,-2.45260511558292,99.7778394890308,6.07603454076483,0.252310990041531,0,0,36,refinement
30,7,0.194390447098028,0.194390447098028,0.0416550958067204,-1.52764307905508,-25.7472359999151,-3.68228617606991,99.805609552902,6.05809128630705,0.348323136694503,0,0,37,refinement
30,8,0.111080255484588,0.111080255484588,0.0416550958067204,-2.3217590618117,-26.7124036139625,-5.9989977418132,99.8889197445154,6.00650442974094,0.459965167686331,0,0,38,refinement
30,9,0.0555401277422938,0.0555401277422938,0.0416550958067204,-2.3217590618117,-27.0368799143433,-6.6791255967889,99.9444598722577,5.91005943703039,0.587237083017014,0,1,39,refinement
30,10,0.0555401277422938,0.0555401277422938,0.0277700638711469,-2.3217590618117,-27.2243244992012,-7.63413224810714,99.9444598722577,5.83604351239206,0.660920823471621,0,1,40,refinement
30,11,0.0555401277422938,0.0555401277422938,0.0277700638711469,-2.3217590618117,-27.5290339367874,-7.95587435441274,99.9444598722577,5.75081305371762,0.779261376322958,0,1,41,refinement
30,12,0.0555401277422938,0.0555401277422938,0.0277700638711469,-2.3217590618117,-27.6942131458358,-7.95587435441274,99.9444598722577,5.63418189974207,0.893136247934622,0,1,42,refinement
30,13,0.0555401277422938,0.0555401277422938,0.0277700638711469,-2.3217590618117,-27.8932017497387,-7.95587435441274,99.9444598722577,5.50857911853763,1.0137096414058,0,1,43,refinement
30,14,0.0555401277422938,0.0555401277422938,0.0277700638711469,-2.3217590618117,-28.2043232144404,-7.95587435441274,99.9444598722577,5.38297633733318,1.13651587549681,0,1,44,refinement
30,15,0.0555401277422938,0.0555401277422938,0.0277700638711469,-2.3217590618117,-28.4384834129187,-7.95587435441274,99.9444598722577,5.24615902209263,1.29281471888537,0,1,45,refinement
30,16,0.0555401277422938,0.0555401277422938,0.0277700638711469,-2.3217590618117,-28.5608188554144,-7.95587435441274,99.9444598722577,5.10709880004486,1.46920912785245,0,1,46,refinement
30,17,0.0555401277422938,0.0555401277422938,0.0277700638711469,-2.3217590618117,-28.7462983127091,-7.95587435441274,99.9444598722577,4.95233823034653,1.63220649310052,0,1,47,refinement
31,3,0.222160510969175,0.222160510969175,0.0138850319355735,-0.520924384944294,-23.4949483080618,-2.45260511558292,99.7778394890308,6.89693843220814,0.0647523779752601,0,0,34,refinement
31,4,0.222160510969175,0.222160510969175,0.0138850319355735,-0.520924384944294,-24.1479183737888,-2.45260511558292,99.7778394890308,6.86778064371425,0.111642030991828,0,0,35,refinement
31,5,0.222160510969175,0.222160510969175,0.0138850319355735,-0.520924384944294,-24.7192707727552,-2.45260511558292,99.7778394890308,6.83862285522037,0.192024293305944,0,0,36,refinement
31,6,0.222160510969175,0.222160510969175,0.0138850319355735,-0.520924384944294,-25.1768151211348,-2.45260511558292,99.7778394890308,6.81619378714814,0.252310990041531,0,0,37,refinement
31,7,0.194390447098028,0.194390447098028,0.0138850319355735,-1.52764307905508,-25.769324059165,-3.68228617606991,99.805609552902,6.79825053269037,0.348323136694503,0,0,38,refinement
31,8,0.111080255484588,0.111080255484588,0.0138850319355735,-2.83304825117692,-26.7273679173024,-5.9989977418132,99.8889197445154,6.74666367612426,0.459965167686331,0,0,39,refinement
31,9,0.0555401277422938,0.0555401277422938,0.0138850319355735,-2.83304825117692,-27.050746628515,-6.6791255967889,99.9444598722577,6.6502186834137,0.587237083017014,0,1,40,refinement
31,10,0.0277700638711469,0.0277700638711469,0.0138850319355735,-2.83304825117692,-27.2438731778962,-7.63413224810714,99.9722299361289,6.57620275877537,0.660920823471621,0,1,41,refinement
31,11,0.0277700638711469,0.0277700638711469,0.0138850319355735,-2.83304825117692,-27.5290339367874,-8.38690356888581,99.9722299361289,6.49097230010093,0.779261376322958,0,1,42,refinement
31,12,0.0277700638711469,0.0277700638711469,0.0138850319355735,-2.83304825117692,-27.6942131458358,-9.4642539506215,99.9722299361289,6.37434114612538,0.893136247934622,0,1,43,refinement
31,13,0.0277700638711469,0.0277700638711469,0.0138850319355735,-2.83304825117692,-27.8932017497387,-9.66148488003612,99.9722299361289,6.24873836492094,1.0137096414058,0,1,44,refinement
31,14,0.0277700638711469,0.0277700638711469,0.0138850319355735,-2.83304825117692,-28.2043232144404,-10.644448114822,99.9722299361289,6.1231355837165,1.13651587549681,0,1,45,refinement
31,15,0.0277700638711469,0.0277700638711469,0.0138850319355735,-2.83304825117692,-28.4384834129187,-11.9879232740991,99.9722299361289,5.98631826847594,1.29281471888537,0,1,46,refinement
31,16,0.0277700638711469,0.0277700638711469,0.0138850319355735,-2.83304825117692,-28.5608188554144,-11.9879232740991,99.9722299361289,5.84725804642817,1.46920912785245,0,1,47,refinement
31,17,0.0277700638711469,0.0277700638711469,0.0138850319355735,-2.83304825117692,-28.7462983127091,-11.9879232740991,99.9722299361289,5.69249747672984,1.63220649310052,0,1,48,refinement
32,3,0.194390447098028,0.194390447098028,0,-0.520924384944294,-23.6735184231091,-2.57974193295912,99.805609552902,7.69092744196479,0.0647523779752601,0,0,35,refinement
32,4,0.194390447098028,0.194390447098028,0,-0.520924384944294,-24.2612771967524,-2.57974193295912,99.805609552902,7.6617696534709,0.111642030991828,0,0,36,refinement
32,5,0.194390447098028,0.194390447098028,0,-0.520924384944294,-24.7366408115956,-2.57974193295912,99.805609552902,7.63261186497701,0.192024293305944,0,0,37,refinement
32,6,0.194390447098028,0.194390447098028,0,-0.520924384944294,-25.2326679515524,-2.57974193295912,99.805609552902,7.61018279690479,0.252310990041531,0,0,38,refinement
32,7,0.166620383226881,0.166620383226881,0,-1.52764307905508,-25.7895616152491,-4.88103877937301,99.8333796167731,7.59223954244701,0.348323136694503,0,0,39,refinement
32,8,0.0833101916134407,0.0833101916134407,0,-4.81392972875939,-26.806675536989,-6.47541822528993,99.9166898083866,7.5406526858809,0.459965167686331,0,1,40,refinement
32,9,0.0277700638711469,0.0277700638711469,0,-5.94752096438791,-27.0852554788994,-7.10006998393223,99.9722299361289,7.44420769317035,0.587237083017014,0,1,41,refinement
32,10,0,0,0,-6.33775680851136,-27.2720093889114,-8.38690356888581,100,7.37019176853202,0.660920823471621,1,1,42,refinement
32,11,0,0,0,-6.33775680851136,-27.5549928119147,-9.29725386906552,100,7.28496130985758,0.779261376322958,1,1,43,refinement
32,12,0,0,0,-6.33775680851136,-27.7055601377528,-9.66148488003612,100,7.16833015588202,0.893136247934622,1,1,44,refinement
32,13,0,0,0,-6.33775680851136,-27.9522012292358,-10.644448114822,100,7.04272737467758,1.0137096414058,1,1,45,refinement
32,14,0,0,0,-6.33775680851136,-28.2593097104474,-13.3624672651858,100,6.91712459347314,1.13651587549681,1,1,46,refinement
32,15,0,0,0,-6.33775680851136,-28.4474993668641,-13.5115886461823,100,6.78030727823259,1.29281471888537,1,1,47,refinement
32,16,0,0,0,-6.33775680851136,-28.5838865324168,-13.8209579416469,100,6.64124705618482,1.46920912785245,1,1,48,refinement
32,17,0,0,0,-6.33775680851136,-28.76685414211,-13.8209579416469,100,6.48648648648649,1.63220649310052,1,1,49,refinement
33,3,0.194390447098028,0.194390447098028,0,-0.520924384944294,-23.8284062211373,-2.57974193295912,99.805609552902,8.62621958057643,0.0647523779752601,0,0,36,refinement
33,4,0.194390447098028,0.194390447098028,0,-0.520924384944294,-24.2995362859357,-2.57974193295912,99.805609552902,8.59706179208254,0.111642030991828,0,0,37,refinement
33,5,0.194390447098028,0.194390447098028,0,-0.520924384944294,-24.7815823405315,-2.57974193295912,99.805609552902,8.56790400358865,0.192024293305944,0,0,38,refinement
33,6,0.194390447098028,0.194390447098028,0,-0.520924384944294,-25.2564830714707,-2.57974193295912,99.805609552902,8.54547493551643,0.252310990041531,0,0,39,refinement
33,7,0.166620383226881,0.166620383226881,0,-1.52764307905508,-25.882817299124,-4.88103877937301,99.8333796167731,8.52753168105865,0.348323136694503,0,0,40,refinement
33,8,0.0833101916134407,0.0833101916134407,0,-4.81392972875939,-26.8684695745577,-6.47541822528993,99.9166898083866,8.47594482449254,0.459965167686331,0,1,41,refinement
33,9,0.0277700638711469,0.0277700638711469,0,-5.94752096438791,-27.1168475915447,-7.10006998393223,99.9722299361289,8.37949983178199,0.587237083017014,0,1,42,refinement
33,10,0,0,0,-6.33775680851136,-27.2988151791391,-8.38690356888581,100,8.30548390714366,0.660920823471621,1,1,43,refinement
33,11,0,0,0,-6.33775680851136,-27.5549928119147,-9.29725386906552,100,8.22025344846922,0.779261376322958,1,1,44,refinement
33,12,0,0,0,-6.33775680851136,-27.7055601377528,-9.66148488003612,100,8.10362229449366,0.893136247934622,1,1,45,refinement
33,13,0,0,0,-6.33775680851136,-27.9522012292358,-10.644448114822,100,7.97801951328922,1.0137096414058,1,1,46,refinement
33,14,0,0,0,-6.33775680851136,-28.2593097104474,-13.3624672651858,100,7.85241673208478,1.13651587549681,1,1,47,refinement
33,15,0,0,0,-6.33775680851136,-28.4474993668641,-13.5115886461823,100,7.71559941684423,1.29281471888537,1,1,48,refinement
33,16,0,0,0,-6.33775680851136,-28.5838865324168,-13.8209579416469,100,7.57653919479646,1.46920912785245,1,1,49,refinement
33,17,0,0,0,-6.33775680851136,-28.76685414211,-13.8209579416469,100,7.42177862509813,1.63220649310052,1,1,50,refinement
34,3,0.194390447098028,0.194390447098028,0,-0.520924384944294,-23.8659128120328,-2.57974193295912,99.805609552902,9.67141415274195,0.0647523779752601,0,0,37,refinement
34,4,0.194390447098028,0.194390447098028,0,-0.520924384944294,-24.2995362859357,-2.57974193295912,99.805609552902,9.64225636424807,0.111642030991828,0,0,38,refinement
34,5,0.194390447098028,0.194390447098028,0,-0.520924384944294,-24.7815823405315,-2.57974193295912,99.805609552902,9.61309857575418,0.192024293305944,0,0,39,refinement
34,6,0.194390447098028,0.194390447098028,0,-0.520924384944294,-25.2564830714707,-2.57974193295912,99.805609552902,9.59066950768196,0.252310990041531,0,0,40,refinement
34,7,0.166620383226881,0.166620383226881,0,-1.52764307905508,-25.882817299124,-4.88103877937301,99.8333796167731,9.57272625322418,0.348323136694503,0,0,41,refinement
34,8,0.0833101916134407,0.0833101916134407,0,-4.81392972875939,-26.8684695745577,-6.6791255967889,99.9166898083866,9.52113939665807,0.459965167686331,0,1,42,refinement
34,9,0.0277700638711469,0.0277700638711469,0,-5.94752096438791,-27.3035431325432,-7.63413224810714,99.9722299361289,9.42469440394752,0.587237083017014,0,1,43,refinement
34,10,0,0,0,-7.0483045747319,-27.4655727381069,-9.29725386906552,100,9.35067847930918,0.660920823471621,1,1,44,refinement
34,11,0,0,0,-7.56083337869731,-27.7055601377528,-9.4642539506215,100,9.26544802063474,0.779261376322958,1,1,45,refinement
34,12,0,0,0,-9.28001832227261,-27.8932017497387,-10.644448114822,100,9.14881686665919,0.893136247934622,1,1,46,refinement
34,13,0,0,0,-9.45066730042079,-28.2424731616904,-13.3624672651858,100,9.02321408545475,1.0137096414058,1,1,47,refinement
34,14,0,0,0,-9.58518858953718,-28.5486415484446,-13.5115886461823,100,8.89761130425031,1.13651587549681,1,1,48,refinement
34,15,0,0,0,-10.3405974063609,-28.6717052846618,-13.8209579416469,100,8.76079398900976,1.29281471888537,1,1,49,refinement
34,16,0,0,0,-13.3490202624222,-28.7771246936505,-14.3020587387194,100,8.62173376696198,1.46920912785245,1,1,50,refinement
34,17,0,0,0,-13.3490202624222,-28.9800615943636,-14.3020587387194,100,8.46697319726365,1.63220649310052,1,1,51,refinement
35,3,0.194390447098028,0.194390447098028,0,-0.520924384944294,-23.8988821348289,-2.57974193295912,99.805609552902,10.6941796568353,0.0647523779752601,0,0,38,refinement
35,4,0.194390447098028,0.194390447098028,0,-0.520924384944294,-24.3605483561497,-2.57974193295912,99.805609552902,10.6650218683414,0.111642030991828,0,0,39,refinement
35,5,0.194390447098028,0.194390447098028,0,-0.520924384944294,-24.8252712705633,-2.57974193295912,99.805609552902,10.6358640798475,0.192024293305944,0,0,40,refinement
35,6,0.194390447098028,0.194390447098028,0,-0.520924384944294,-25.3767439987231,-2.57974193295912,99.805609552902,10.6134350117753,0.252310990041531,0,0,41,refinement
35,7,0.166620383226881,0.166620383226881,0,-1.52764307905508,-25.9728557120853,-4.88103877937301,99.8333796167731,10.5954917573175,0.348323136694503,0,0,42,refinement
35,8,0.0833101916134407,0.0833101916134407,0,-4.81392972875939,-26.9656759358559,-6.6791255967889,99.9166898083866,10.5439049007514,0.459965167686331,0,1,43,refinement
35,9,0.0277700638711469,0.0277700638711469,0,-5.94752096438791,-27.3074022170253,-7.63413224810714,99.9722299361289,10.4474599080408,0.587237083017014,0,1,44,refinement
35,10,0,0,0,-7.0483045747319,-27.468862472563,-9.29725386906552,100,10.3734439834025,0.660920823471621,1,1,45,refinement
35,11,0,0,0,-7.56083337869731,-27.7175286981017,-9.4642539506215,100,10.288213524728,0.779261376322958,1,1,46,refinement
35,12,0,0,0,-9.28001832227261,-27.927111450593,-10.644448114822,100,10.1715823707525,0.893136247934622,1,1,47,refinement
35,13,0,0,0,-9.45066730042079,-28.2604648770594,-13.3624672651858,100,10.0459795895481,1.0137096414058,1,1,48,refinement
35,14,0,0,0,-9.58518858953718,-28.5486485975887,-13.5115886461823,100,9.92037680834361,1.13651587549681,1,1,49,refinement
35,15,0,0,0,-10.3405974063609,-28.6811182287262,-13.8209579416469,100,9.78355949310306,1.29281471888537,1,1,50,refinement
35,16,0,0,0,-13.3490202624222,-28.8101793468036,-14.3020587387194,100,9.64449927105529,1.46920912785245,1,1,51,refinement
35,17,0,0,0,-13.3490202624222,-29.0144666537779,-14.3020587387194,100,9.48973870135696,1.63220649310052,1,1,52,refinement
36,3,0.194390447098028,0.194390447098028,0,-0.520924384944294,-23.9582323121354,-2.57974193295912,99.805609552902,11.7775036447236,0.0647523779752601,0,0,39,refinement
36,4,0.194390447098028,0.194390447098028,0,-0.520924384944294,-24.3605483561497,-2.57974193295912,99.805609552902,11.7483458562297,0.111642030991828,0,0,40,refinement
36,5,0.194390447098028,0.194390447098028,0,-0.520924384944294,-24.8252712705633,-2.57974193295912,99.805609552902,11.7191880677358,0.192024293305944,0,0,41,refinement
36,6,0.194390447098028,0.194390447098028,0,-0.520924384944294,-25.3767439987231,-2.57974193295912,99.805609552902,11.6967589996636,0.252310990041531,0,0,42,refinement
36,7,0.166620383226881,0.166620383226881,0,-1.52764307905508,-25.9728557120853,-4.88103877937301,99.8333796167731,11.6788157452058,0.348323136694503,0,0,43,refinement
36,8,0.0833101916134407,0.0833101916134407,0,-4.81392972875939,-26.9656759358559,-6.6791255967889,99.9166898083866,11.6272288886397,0.459965167686331,0,1,44,refinement
36,9,0.0277700638711469,0.0277700638711469,0,-5.94752096438791,-27.3074022170253,-7.63413224810714,99.9722299361289,11.5307838959291,0.587237083017014,0,1,45,refinement
36,10,0,0,0,-7.0483045747319,-27.468862472563,-9.29725386906552,100,11.4567679712908,0.660920823471621,1,1,46,refinement
36,11,0,0,0,-7.56083337869731,-27.7175286981017,-9.4642539506215,100,11.3715375126164,0.779261376322958,1,1,47,refinement
36,12,0,0,0,-9.28001832227261,-27.927111450593,-10.644448114822,100,11.2549063586408,0.893136247934622,1,1,48,refinement
36,13,0,0,0,-9.45066730042079,-28.2604648770594,-13.3624672651858,100,11.1293035774364,1.0137096414058,1,1,49,refinement
36,14,0,0,0,-9.58518858953718,-28.5486485975887,-13.5115886461823,100,11.0037007962319,1.13651587549681,1,1,50,refinement
36,15,0,0,0,-10.3405974063609,-28.6811182287262,-13.8209579416469,100,10.8668834809914,1.29281471888537,1,1,51,refinement
36,16,0,0,0,-13.3490202624222,-28.8101793468036,-14.3020587387194,100,10.7278232589436,1.46920912785245,1,1,52,refinement
36,17,0,0,0,-13.3490202624222,-29.0144666537779,-14.3020587387194,100,10.5730626892453,1.63220649310052,1,1,53,refinement
37,3,0.194390447098028,0.194390447098028,0,-0.520924384944294,-24.0037788084701,-2.57974193295912,99.805609552902,12.8451272849613,0.0647523779752601,0,0,40,refinement
37,4,0.194390447098028,0.194390447098028,0,-0.520924384944294,-24.3605483561497,-2.57974193295912,99.805609552902,12.8159694964674,0.111642030991828,0,0,41,refinement
37,5,0.194390447098028,0.194390447098028,0,-0.520924384944294,-24.8252712705633,-2.57974193295912,99.805609552902,12.7868117079735,0.192024293305944,0,0,42,refinement
37,6,0.194390447098028,0.194390447098028,0,-0.520924384944294,-25.3767439987231,-2.57974193295912,99.805609552902,12.7643826399013,0.252310990041531,0,0,43,refinement
37,7,0.166620383226881,0.166620383226881,0,-1.52764307905508,-25.9728557120853,-4.88103877937301,99.8333796167731,12.7464393854435,0.348323136694503,0,0,44,refinement
37,8,0.0833101916134407,0.0833101916134407,0,-4.81392972875939,-26.9656759358559,-6.6791255967889,99.9166898083866,12.6948525288774,0.459965167686331,0,1,45,refinement
37,9,0.0277700638711469,0.0277700638711469,0,-5.94752096438791,-27.3074022170253,-7.63413224810714,99.9722299361289,12.5984075361669,0.587237083017014,0,1,46,refinement
37,10,0,0,0,-7.0483045747319,-27.468862472563,-9.29725386906552,100,12.5243916115285,0.660920823471621,1,1,47,refinement
37,11,0,0,0,-7.56083337869731,-27.7175286981017,-9.4642539506215,100,12.4391611528541,0.779261376322958,1,1,48,refinement
37,12,0,0,0,-9.28001832227261,-27.927111450593,-10.644448114822,100,12.3225299988785,0.893136247934622,1,1,49,refinement
37,13,0,0,0,-9.45066730042079,-28.2604648770594,-13.3624672651858,100,12.1969272176741,1.0137096414058,1,1,50,refinement
37,14,0,0,0,-9.58518858953718,-28.5486485975887,-13.5115886461823,100,12.0713244364697,1.13651587549681,1,1,51,refinement
37,15,0,0,0,-10.3405974063609,-28.6811182287262,-13.8209579416469,100,11.9345071212291,1.29281471888537,1,1,52,refinement
37,16,0,0,0,-13.3490202624222,-28.8101793468036,-14.3020587387194,100,11.7954468991813,1.46920912785245,1,1,53,refinement
37,17,0,0,0,-13.3490202624222,-29.0144666537779,-14.3020587387194,100,11.640686329483,1.63220649310052,1,1,54,refinement
38,3,0.194390447098028,0.194390447098028,0,-0.520924384944294,-24.0037788084701,-2.57974193295912,99.805609552902,13.6413592015252,0.0647523779752601,0,0,41,refinement
38,4,0.194390447098028,0.194390447098028,0,-0.520924384944294,-24.4022869399113,-2.57974193295912,99.805609552902,13.6122014130313,0.111642030991828,0,0,42,refinement
38,5,0.194390447098028,0.194390447098028,0,-0.520924384944294,-24.8588351610293,-2.57974193295912,99.805609552902,13.5830436245374,0.192024293305944,0,0,43,refinement
38,6,0.194390447098028,0.194390447098028,0,-0.520924384944294,-25.4026278463811,-2.57974193295912,99.805609552902,13.5606145564652,0.252310990041531,0,0,44,refinement
38,7,0.166620383226881,0.166620383226881,0,-1.52764307905508,-26.0032303623803,-4.88103877937301,99.8333796167731,13.5426713020074,0.348323136694503,0,0,45,refinement
38,8,0.0833101916134407,0.0833101916134407,0,-4.81392972875939,-26.9932355967118,-6.6791255967889,99.9166898083866,13.4910844454413,0.459965167686331,0,1,46,refinement
38,9,0.0277700638711469,0.0277700638711469,0,-5.94752096438791,-27.3156123236146,-7.63413224810714,99.9722299361289,13.3946394527307,0.587237083017014,0,1,47,refinement
38,10,0,0,0,-7.0483045747319,-27.4761155548446,-9.29725386906552,100,13.3206235280924,0.660920823471621,1,1,48,refinement
38,11,0,0,0,-7.56083337869731,-27.7353114576607,-9.4642539506215,100,13.235393069418,0.779261376322958,1,1,49,refinement
38,12,0,0,0,-9.28001832227261,-27.9789698776422,-10.644448114822,100,13.1187619154424,0.893136247934622,1,1,50,refinement
38,13,0,0,0,-9.45066730042079,-28.2746713236369,-13.3624672651858,100,12.993159134238,1.0137096414058,1,1,51,refinement
38,14,0,0,0,-9.58518858953718,-28.5608188554144,-13.5115886461823,100,12.8675563530335,1.13651587549681,1,1,52,refinement
38,15,0,0,0,-10.3405974063609,-28.7069248368783,-13.8209579416469,100,12.730739037793,1.29281471888537,1,1,53,refinement
38,16,0,0,0,-13.3490202624222,-28.8330919731429,-14.3020587387194,100,12.5916788157452,1.46920912785245,1,1,54,refinement
38,17,0,0,0,-13.3490202624222,-29.0436132535712,-14.3020587387194,100,12.4369182460469,1.63220649310052,1,1,55,refinement
39,3,0.194390447098028,0.194390447098028,0,-0.520924384944294,-24.0382387782924,-2.57974193295912,99.805609552902,14.5048783223057,0.0647523779752601,0,0,42,refinement
39,4,0.194390447098028,0.194390447098028,0,-0.520924384944294,-24.4022869399113,-2.57974193295912,99.805609552902,14.4757205338118,0.111642030991828,0,0,43,refinement
39,5,0.194390447098028,0.194390447098028,0,-0.520924384944294,-24.8588351610293,-2.57974193295912,99.805609552902,14.4465627453179,0.192024293305944,0,0,44,refinement
39,6,0.194390447098028,0.194390447098028,0,-0.520924384944294,-25.4026278463811,-2.57974193295912,99.805609552902,14.4241336772457,0.252310990041531,0,0,45,refinement
39,7,0.166620383226881,0.166620383226881,0,-1.52764307905508,-26.0032303623803,-4.88103877937301,99.8333796167731,14.4061904227879,0.348323136694503,0,0,46,refinement
39,8,0.0833101916134407,0.0833101916134407,0,-4.81392972875939,-26.9932355967118,-6.6791255967889,99.9166898083866,14.3546035662218,0.459965167686331,0,1,47,refinement
39,9,0.0277700638711469,0.0277700638711469,0,-5.94752096438791,-27.3156123236146,-7.63413224810714,99.9722299361289,14.2581585735113,0.587237083017014,0,1,48,refinement
39,10,0,0,0,-7.0483045747319,-27.4761155548446,-9.29725386906552,100,14.1841426488729,0.660920823471621,1,1,49,refinement
39,11,0,0,0,-7.56083337869731,-27.7353114576607,-9.4642539506215,100,14.0989121901985,0.779261376322958,1,1,50,refinement
39,12,0,0,0,-9.28001832227261,-27.9789698776422,-10.644448114822,100,13.9822810362229,0.893136247934622,1,1,51,refinement
39,13,0,0,0,-9.45066730042079,-28.2746713236369,-13.3624672651858,100,13.8566782550185,1.0137096414058,1,1,52,refinement
39,14,0,0,0,-9.58518858953718,-28.5608188554144,-13.5115886461823,100,13.7310754738141,1.13651587549681,1,1,53,refinement
39,15,0,0,0,-10.3405974063609,-28.7069248368783,-13.8209579416469,100,13.5942581585735,1.29281471888537,1,1,54,refinement
39,16,0,0,0,-13.3490202624222,-28.8330919731429,-14.3020587387194,100,13.4551979365257,1.46920912785245,1,1,55,refinement
39,17,0,0,0,-13.3490202624222,-29.0436132535712,-14.3020587387194,100,13.3004373668274,1.63220649310052,1,1,56,refinement
40,3,0.194390447098028,0.194390447098028,0,-0.520924384944294,-24.0382387782924,-2.57974193295912,99.805609552902,15.2360659414601,0.0647523779752601,0,0,43,refinement
40,4,0.194390447098028,0.194390447098028,0,-0.520924384944294,-24.4460563895494,-2.57974193295912,99.805609552902,15.2069081529662,0.111642030991828,0,0,44,refinement
40,5,0.194390447098028,0.194390447098028,0,-0.520924384944294,-24.8945306535338,-2.57974193295912,99.805609552902,15.1777503644724,0.192024293305944,0,0,45,refinement
40,6,0.194390447098028,0.194390447098028,0,-0.520924384944294,-25.4160220978641,-2.57974193295912,99.805609552902,15.1553212964001,0.252310990041531,0,0,46,refinement
40,7,0.166620383226881,0.166620383226881,0,-1.52764307905508,-26.0952352561161,-4.88103877937301,99.8333796167731,15.1373780419424,0.348323136694503,0,0,47,refinement
40,8,0.0833101916134407,0.0833101916134407,0,-4.81392972875939,-27.0156235101915,-6.6791255967889,99.9166898083866,15.0857911853762,0.459965167686331,0,1,48,refinement
40,9,0.0277700638711469,0.0277700638711469,0,-5.94752096438791,-27.3156123236146,-7.63413224810714,99.9722299361289,14.9893461926657,0.587237083017014,0,1,49,refinement
40,10,0,0,0,-7.0483045747319,-27.4761155548446,-9.29725386906552,100,14.9153302680274,0.660920823471621,1,1,50,refinement
40,11,0,0,0,-7.56083337869731,-27.7353114576607,-9.4642539506215,100,14.8300998093529,0.779261376322958,1,1,51,refinement
40,12,0,0,0,-9.28001832227261,-27.9789698776422,-10.644448114822,100,14.7134686553774,0.893136247934622,1,1,52,refinement
40,13,0,0,0,-9.45066730042079,-28.2746713236369,-13.3624672651858,100,14.5878658741729,1.0137096414058,1,1,53,refinement
40,14,0,0,0,-9.58518858953718,-28.5608188554144,-13.5115886461823,100,14.4622630929685,1.13651587549681,1,1,54,refinement
40,15,0,0,0,-10.3405974063609,-28.7069248368783,-13.8209579416469,100,14.3254457777279,1.29281471888537,1,1,55,refinement
40,16,0,0,0,-13.3490202624222,-28.8330919731429,-14.3020587387194,100,14.1863855556802,1.46920912785245,1,1,56,refinement
40,17,0,0,0,-13.3490202624222,-29.0436132535712,-14.3020587387194,100,14.0316249859818,1.63220649310052,1,1,57,refinement
41,3,0.194390447098028,0.194390447098028,0,-0.520924384944294,-24.0382387782924,-2.57974193295912,99.805609552902,16.1040708758551,0.0647523779752601,0,0,44,refinement
41,4,0.194390447098028,0.194390447098028,0,-0.520924384944294,-24.4460563895494,-2.57974193295912,99.805609552902,16.0749130873612,0.111642030991828,0,0,45,refinement
41,5,0.194390447098028,0.194390447098028,0,-0.520924384944294,-24.8945306535338,-2.57974193295912,99.805609552902,16.0457552988673,0.192024293305944,0,0,46,refinement
41,6,0.194390447098028,0.194390447098028,0,-0.520924384944294,-25.4160220978641,-2.57974193295912,99.805609552902,16.0233262307951,0.252310990041531,0,0,47,refinement
41,7,0.166620383226881,0.166620383226881,0,-1.52764307905508,-26.2314548853556,-4.88103877937301,99.8333796167731,16.0053829763373,0.348323136694503,0,0,48,refinement
41,8,0.0833101916134407,0.0833101916134407,0,-4.81392972875939,-27.0294695921686,-6.6791255967889,99.9166898083866,15.9537961197712,0.459965167686331,0,1,49,refinement
41,9,0.0277700638711469,0.0277700638711469,0,-5.94752096438791,-27.3156123236146,-7.63413224810714,99.9722299361289,15.8573511270607,0.587237083017014,0,1,50,refinement
41,10,0,0,0,-7.0483045747319,-27.4761155548446,-9.29725386906552,100,15.7833352024223,0.660920823471621,1,1,51,refinement
41,11,0,0,0,-7.56083337869731,-27.7353114576607,-9.4642539506215,100,15.6981047437479,0.779261376322958,1,1,52,refinement
41,12,0,0,0,-9.28001832227261,-27.9789698776422,-10.644448114822,100,15.5814735897723,0.893136247934622,1,1,53,refinement
41,13,0,0,0,-9.45066730042079,-28.2746713236369,-13.3624672651858,100,15.4558708085679,1.0137096414058,1,1,54,refinement
41,14,0,0,0,-9.58518858953718,-28.5608188554144,-13.5115886461823,100,15.3302680273635,1.13651587549681,1,1,55,refinement
41,15,0,0,0,-10.3405974063609,-28.7069248368783,-13.8209579416469,100,15.1934507121229,1.29281471888537,1,1,56,refinement
41,16,0,0,0,-13.3490202624222,-28.8330919731429,-14.3020587387194,100,15.0543904900751,1.46920912785245,1,1,57,refinement
41,17,0,0,0,-13.3490202624222,-29.0436132535712,-14.3020587387194,100,14.8996299203768,1.63220649310052,1,1,58,refinement
42,3,0.194390447098028,0.194390447098028,0,-0.520924384944294,-24.0382387782924,-2.57974193295912,99.805609552902,16.7657283839856,0.0647523779752601,0,0,45,refinement
42,4,0.194390447098028,0.194390447098028,0,-0.520924384944294,-24.4776347706785,-2.57974193295912,99.805609552902,16.7365705954918,0.111642030991828,0,0,46,refinement
42,5,0.194390447098028,0.194390447098028,0,-0.520924384944294,-24.9405557407926,-2.57974193295912,99.805609552902,16.7074128069979,0.192024293305944,0,0,47,refinement
42,6,0.194390447098028,0.194390447098028,0,-0.520924384944294,-25.4276378099199,-2.57974193295912,99.805609552902,16.6849837389256,0.252310990041531,0,0,48,refinement
42,7,0.166620383226881,0.166620383226881,0,-1.52764307905508,-26.3016303547592,-4.88103877937301,99.8333796167731,16.6670404844679,0.348323136694503,0,0,49,refinement
42,8,0.0833101916134407,0.0833101916134407,0,-4.81392972875939,-27.0418415886444,-6.6791255967889,99.9166898083866,16.6154536279018,0.459965167686331,0,1,50,refinement
42,9,0.0277700638711469,0.0277700638711469,0,-5.94752096438791,-27.3156123236146,-7.63413224810714,99.9722299361289,16.5190086351912,0.587237083017014,0,1,51,refinement
42,10,0,0,0,-7.0483045747319,-27.4761155548446,-9.29725386906552,100,16.4449927105529,0.660920823471621,1,1,52,refinement
42,11,0,0,0,-7.56083337869731,-27.7353114576607,-9.4642539506215,100,16.3597622518784,0.779261376322958,1,1,53,refinement
42,12,0,0,0,-9.28001832227261,-27.9789698776422,-10.644448114822,100,16.2431310979029,0.893136247934622,1,1,54,refinement
42,13,0,0,0,-9.45066730042079,-28.2746713236369,-13.3624672651858,100,16.1175283166984,1.0137096414058,1,1,55,refinement
42,14,0,0,0,-9.58518858953718,-28.5608188554144,-13.5115886461823,100,15.991925535494,1.13651587549681,1,1,56,refinement
42,15,0,0,0,-10.3405974063609,-28.7069248368783,-13.8209579416469,100,15.8551082202534,1.29281471888537,1,1,57,refinement
42,16,0,0,0,-13.3490202624222,-28.8330919731429,-14.3020587387194,100,15.7160479982057,1.46920912785245,1,1,58,refinement
42,17,0,0,0,-13.3490202624222,-29.0436132535712,-14.3020587387194,100,15.5612874285073,1.63220649310052,1,1,59,refinement
143.342063880805,3,0.194390447098028,0.194390447098028,0,-0.520952488569918,-24.4034143797222,-2.57974540543113,99.805609552902,99.9753280251206,0.0647523779752601,0,0,146.342063880805,refinement
143.342063880805,4,0.194390447098028,0.194390447098028,0,-0.520952488569918,-24.598858313742,-2.57974540543113,99.805609552902,99.9461702366267,0.111642030991828,0,0,147.342063880805,refinement
143.342063880805,5,0.194390447098028,0.194390447098028,0,-0.520952488569918,-25.2564830714707,-2.57974540543113,99.805609552902,99.9170124481328,0.192024293305944,0,0,148.342063880805,refinement
143.342063880805,6,0.194390447098028,0.194390447098028,0,-0.520952488569918,-25.7265165466093,-2.57974540543113,99.805609552902,99.8945833800606,0.252310990041531,0,0,149.342063880805,refinement
143.342063880805,7,0.166620383226881,0.166620383226881,0,-1.52766095522922,-26.5768598513291,-4.88103877937301,99.8333796167731,99.8766401256028,0.348323136694503,0,0,150.342063880805,refinement
143.342063880805,8,0.0833101916134407,0.0833101916134407,0,-4.81392972875939,-27.3805666338921,-6.67912559678888,99.9166898083866,99.8250532690367,0.459965167686331,0,1,151.342063880805,refinement
143.342063880805,9,0.0277700638711469,0.0277700638711469,0,-5.94752096438789,-27.6638883676834,-7.63413224810714,99.9722299361289,99.7286082763261,0.587237083017014,0,1,152.342063880805,refinement
143.342063880805,10,0,0,0,-7.04830457473189,-27.7849773071945,-9.29725386906552,100,99.6545923516878,0.660920823471621,1,1,153.342063880805,refinement
143.342063880805,11,0,0,0,-7.56083337869731,-28.2719161425186,-9.4642539506215,100,99.589462129528,0.779261376322958,1,1,154.342063880805,refinement
143.342063880805,12,0,0,0,-9.28001832227261,-28.6348958634883,-11.0700332668778,100,99.5060373216246,0.893136247934622,1,1,155.342063880805,refinement
143.342063880805,13,0,0,0,-9.45066730042079,-28.9189822646671,-17.3670781999791,100,99.4028540065862,1.0137096414058,1,1,156.342063880805,refinement
143.342063880805,14,0,0,0,-9.58518858953718,-29.1934137716124,-17.3670781999791,100,99.2886937431394,1.13651587549681,1,1,157.342063880805,refinement
143.342063880805,15,0,0,0,-10.3405974063609,-29.4151482812267,-17.3896723981233,100,99.1745334796926,1.29281471888537,1,1,158.342063880805,refinement
143.342063880805,16,0,0,0,-16.9134139510075,-29.5557445393539,-18.0284798417131,100,99.0537870472009,1.46920912785245,1,1,159.342063880805,refinement
143.342063880805,17,0,0,0,-17.3259168861393,-29.6846984351308,-18.9840308220272,100,98.9242590559824,1.63220649310052,1,1,160.342063880805,refinement
143.342063880805,143.342063880805,0,0,0,-2969.09346595255,-2969.09346595255,-2969.09346595255,100,0,100,1,1,286.68412776161,refinement
26.5,8.5,0.166620383226881,0.166620383226881,0.0971952235490142,1.69658636419578,-26.6543574231,-3.1870238154665,99.8333796167731,3.826399013121,0.529183226901264,0,0,35,final
26.5,9,0.111080255484588,0.111080255484588,0.0971952235490142,1.69658636419578,-26.8895585201291,-3.1870238154665,99.8889197445154,3.7748121565549,0.587237083017014,0,0,35.5,final
26.5,9.5,0.111080255484588,0.111080255484588,0.0833101916134407,1.69658636419578,-27.050746628515,-3.1870238154665,99.8889197445154,3.72995402041045,0.629661054793909,0,0,36,final
26.5,10,0.111080255484588,0.111080255484588,0.0833101916134407,1.69658636419578,-27.1248405793887,-3.1870238154665,99.8889197445154,3.70079623191656,0.660920823471621,0,0,36.5,final
26.5,10.5,0.111080255484588,0.111080255484588,0.0833101916134407,1.69658636419578,-27.2438731778962,-3.1870238154665,99.8889197445154,3.65818100257934,0.730138882686554,0,0,37,final
26.5,11,0.111080255484588,0.111080255484588,0.0833101916134407,1.69658636419578,-27.4551716465971,-3.1870238154665,99.8889197445154,3.61556577324212,0.779261376322958,0,0,37.5,final
26.5,11.5,0.111080255484588,0.111080255484588,0.0833101916134407,1.69658636419578,-27.4931513056975,-3.1870238154665,99.8889197445154,3.55500728944712,0.826151029339526,0,0,38,final
27,8.5,0.166620383226881,0.166620383226881,0.0971952235490142,1.69658636419578,-26.6750598164654,-3.1870238154665,99.8333796167731,4.11124817763822,0.529183226901264,0,0,35.5,final
27,9,0.111080255484588,0.111080255484588,0.0971952235490142,1.69658636419578,-26.8944718139706,-3.1870238154665,99.8889197445154,4.05966132107211,0.587237083017014,0,0,36,final
27,9.5,0.111080255484588,0.111080255484588,0.0833101916134407,1.69658636419578,-27.050746628515,-3.1870238154665,99.8889197445154,4.01480318492767,0.629661054793909,0,0,36.5,final
27,10,0.111080255484588,0.111080255484588,0.0833101916134407,1.69658636419578,-27.1248405793887,-3.1870238154665,99.8889197445154,3.98564539643378,0.660920823471621,0,0,37,final
27,10.5,0.111080255484588,0.111080255484588,0.0833101916134407,1.69658636419578,-27.2438731778962,-3.1870238154665,99.8889197445154,3.94303016709656,0.730138882686554,0,0,37.5,final
27,11,0.111080255484588,0.111080255484588,0.0833101916134407,1.69658636419578,-27.4050732226907,-3.1870238154665,99.8889197445154,3.90041493775934,0.779261376322958,0,0,38,final
27,11.5,0.111080255484588,0.111080255484588,0.0833101916134407,1.69658636419578,-27.4758432381876,-3.1870238154665,99.8889197445154,3.83985645396434,0.826151029339526,0,0,38.5,final
27.5,8.5,0.166620383226881,0.166620383226881,0.0694251596778673,-0.702850679543815,-26.6875142631967,-4.88103877937301,99.8333796167731,4.4431983851071,0.529183226901264,0,0,36,final
27.5,9,0.111080255484588,0.111080255484588,0.0694251596778673,-0.702850679543815,-26.8986408350793,-5.9989977418132,99.8889197445154,4.39161152854099,0.587237083017014,0,0,36.5,final
27.5,9.5,0.0833101916134407,0.0833101916134407,0.0694251596778673,-0.702850679543815,-27.0852554788994,-6.45817098592193,99.9166898083866,4.34675339239655,0.629661054793909,0,1,37,final
27.5,10,0.0833101916134407,0.0833101916134407,0.0694251596778673,-0.702850679543815,-27.126298929647,-6.45817098592193,99.9166898083866,4.31759560390266,0.660920823471621,0,1,37.5,final
27.5,10.5,0.0833101916134407,0.0833101916134407,0.0694251596778673,-0.702850679543815,-27.2770290845315,-6.45817098592193,99.9166898083866,4.27498037456544,0.730138882686554,0,1,38,final
27.5,11,0.0833101916134407,0.0833101916134407,0.0694251596778673,-0.702850679543815,-27.4551716465971,-6.45817098592193,99.9166898083866,4.23236514522822,0.779261376322958,0,1,38.5,final
27.5,11.5,0.0833101916134407,0.0833101916134407,0.0694251596778673,-0.702850679543815,-27.4931513056975,-6.45817098592193,99.9166898083866,4.17180666143322,0.826151029339526,0,1,39,final
28,8.5,0.166620383226881,0.166620383226881,0.0694251596778673,-0.702850679543815,-26.7064390990713,-4.88103877937301,99.8333796167731,4.74823371088931,0.529183226901264,0,0,36.5,final
28,9,0.111080255484588,0.111080255484588,0.0694251596778673,-0.702850679543815,-26.9202440317433,-5.9989977418132,99.8889197445154,4.6966468543232,0.587237083017014,0,0,37,final
28,9.5,0.0833101916134407,0.0833101916134407,0.0694251596778673,-0.702850679543815,-27.1168475915447,-6.45817098592193,99.9166898083866,4.65178871817876,0.629661054793909,0,1,37.5,final
28,10,0.0833101916134407,0.0833101916134407,0.0694251596778673,-0.702850679543815,-27.1301294812477,-6.45817098592193,99.9166898083866,4.62263092968487,0.660920823471621,0,1,38,final
28,10.5,0.0833101916134407,0.0833101916134407,0.0694251596778673,-0.702850679543815,-27.3035431325432,-6.45817098592193,99.9166898083866,4.58001570034765,0.730138882686554,0,1,38.5,final
28,11,0.0833101916134407,0.0833101916134407,0.0694251596778673,-0.702850679543815,-27.4655727381069,-6.45817098592193,99.9166898083866,4.53740047101043,0.779261376322958,0,1,39,final
28,11.5,0.0833101916134407,0.0833101916134407,0.0694251596778673,-0.702850679543815,-27.5164574779104,-6.45817098592193,99.9166898083866,4.47684198721543,0.826151029339526,0,1,39.5,final
28.5,8.5,0.138850319355735,0.138850319355735,0.0694251596778673,-0.959869046642595,-26.7910163002,-5.52575943862555,99.8611496806443,5.00841090052708,0.529183226901264,0,0,37,final
28.5,9,0.0833101916134407,0.0833101916134407,0.0694251596778673,-0.959869046642595,-26.9930270630408,-6.45817098592193,99.9166898083866,4.95682404396097,0.587237083017014,0,1,37.5,final
28.5,9.5,0.0833101916134407,0.0833101916134407,0.0555401277422938,-0.959869046642595,-27.1301294812477,-6.45817098592193,99.9166898083866,4.91196590781653,0.629661054793909,0,1,38,final
28.5,10,0.0833101916134407,0.0833101916134407,0.0555401277422938,-0.959869046642595,-27.1743945020828,-6.45817098592193,99.9166898083866,4.88280811932264,0.660920823471621,0,1,38.5,final
28.5,10.5,0.0833101916134407,0.0833101916134407,0.0555401277422938,-0.959869046642595,-27.3205633428283,-6.45817098592193,99.9166898083866,4.84019288998542,0.730138882686554,0,1,39,final
28.5,11,0.0833101916134407,0.0833101916134407,0.0555401277422938,-0.959869046642595,-27.5164574779104,-6.45817098592193,99.9166898083866,4.7975776606482,0.779261376322958,0,1,39.5,final
28.5,11.5,0.0833101916134407,0.0833101916134407,0.0555401277422938,-0.959869046642595,-27.5764509949626,-6.45817098592193,99.9166898083866,4.7370191768532,0.826151029339526,0,1,40,final
29,8.5,0.138850319355735,0.138850319355735,0.0694251596778673,-0.959869046642595,-26.8024684985574,-5.52575943862555,99.8611496806443,5.32914657395985,0.529183226901264,0,0,37.5,final
29,9,0.0833101916134407,0.0833101916134407,0.0694251596778673,-0.959869046642595,-26.9930270630408,-6.45817098592193,99.9166898083866,5.27755971739374,0.587237083017014,0,1,38,final
29,9.5,0.0833101916134407,0.0833101916134407,0.0555401277422938,-0.959869046642595,-27.1301294812477,-6.45817098592193,99.9166898083866,5.2327015812493,0.629661054793909,0,1,38.5,final
29,10,0.0833101916134407,0.0833101916134407,0.0555401277422938,-0.959869046642595,-27.1743945020828,-6.45817098592193,99.9166898083866,5.20354379275541,0.660920823471621,0,1,39,final
29,10.5,0.0833101916134407,0.0833101916134407,0.0555401277422938,-0.959869046642595,-27.3205633428283,-6.45817098592193,99.9166898083866,5.16092856341819,0.730138882686554,0,1,39.5,final
29,11,0.0833101916134407,0.0833101916134407,0.0555401277422938,-0.959869046642595,-27.5164574779104,-6.45817098592193,99.9166898083866,5.11831333408097,0.779261376322958,0,1,40,final
29,11.5,0.0833101916134407,0.0833101916134407,0.0555401277422938,-0.959869046642595,-27.5764509949626,-6.45817098592193,99.9166898083866,5.05775485028597,0.826151029339526,0,1,40.5,final
29.5,8.5,0.138850319355735,0.138850319355735,0.0416550958067204,-1.98881188710189,-26.8250512484713,-5.52575943862555,99.8611496806443,5.63866771335651,0.529183226901264,0,0,38,final
29.5,9,0.0833101916134407,0.0833101916134407,0.0416550958067204,-1.98881188710189,-27.0281212162708,-6.47541822528993,99.9166898083866,5.5870808567904,0.587237083017014,0,1,38.5,final
29.5,9.5,0.0555401277422938,0.0555401277422938,0.0416550958067204,-1.98881188710189,-27.1445350486812,-6.6791255967889,99.9444598722577,5.54222272064596,0.629661054793909,0,1,39,final
29.5,10,0.0555401277422938,0.0555401277422938,0.0416550958067204,-1.98881188710189,-27.1968435288554,-7.10006998393223,99.9444598722577,5.51306493215207,0.660920823471621,0,1,39.5,final
29.5,10.5,0.0555401277422938,0.0555401277422938,0.0416550958067204,-1.98881188710189,-27.3213221768515,-7.63413224810714,99.9444598722577,5.47044970281485,0.730138882686554,0,1,40,final
29.5,11,0.0555401277422938,0.0555401277422938,0.0416550958067204,-1.98881188710189,-27.5164574779104,-7.63413224810714,99.9444598722577,5.42783447347763,0.779261376322958,0,1,40.5,final
29.5,11.5,0.0555401277422938,0.0555401277422938,0.0416550958067204,-1.98881188710189,-27.5764509949626,-7.95587435441274,99.9444598722577,5.36727598968263,0.826151029339526,0,1,41,final
30.5,8.5,0.111080255484588,0.111080255484588,0.0138850319355735,-2.83304825117692,-26.8895585201291,-5.9989977418132,99.8889197445154,6.32051138275205,0.529183226901264,0,0,39,final
30.5,9,0.0555401277422938,0.0555401277422938,0.0138850319355735,-2.83304825117692,-27.050746628515,-6.6791255967889,99.9444598722577,6.26892452618594,0.587237083017014,0,1,39.5,final
30.5,9.5,0.0277700638711469,0.0277700638711469,0.0138850319355735,-2.83304825117692,-27.1743945020828,-7.10006998393223,99.9722299361289,6.22406639004149,0.629661054793909,0,1,40,final
30.5,10,0.0277700638711469,0.0277700638711469,0.0138850319355735,-2.83304825117692,-27.2438731778962,-7.63413224810714,99.9722299361289,6.19490860154761,0.660920823471621,0,1,40.5,final
30.5,10.5,0.0277700638711469,0.0277700638711469,0.0138850319355735,-2.83304825117692,-27.3262075027319,-8.38690356888581,99.9722299361289,6.15229337221038,0.730138882686554,0,1,41,final
30.5,11,0.0277700638711469,0.0277700638711469,0.0138850319355735,-2.83304825117692,-27.5290339367874,-8.38690356888581,99.9722299361289,6.10967814287316,0.779261376322958,0,1,41.5,final
30.5,11.5,0.0277700638711469,0.0277700638711469,0.0138850319355735,-2.83304825117692,-27.5943775181364,-9.29725386906552,99.9722299361289,6.04911965907817,0.826151029339526,0,1,42,final
31,8.5,0.111080255484588,0.111080255484588,0.0138850319355735,-2.83304825117692,-26.8895585201291,-5.9989977418132,99.8889197445154,6.70180553997981,0.529183226901264,0,0,39.5,final
31,9,0.0555401277422938,0.0555401277422938,0.0138850319355735,-2.83304825117692,-27.050746628515,-6.6791255967889,99.9444598722577,6.6502186834137,0.587237083017014,0,1,40,final
31,9.5,0.0277700638711469,0.0277700638711469,0.0138850319355735,-2.83304825117692,-27.1743945020828,-7.10006998393223,99.9722299361289,6.60536054726926,0.629661054793909,0,1,40.5,final
31,10,0.0277700638711469,0.0277700638711469,0.0138850319355735,-2.83304825117692,-27.2438731778962,-7.63413224810714,99.9722299361289,6.57620275877537,0.660920823471621,0,1,41,final
31,10.5,0.0277700638711469,0.0277700638711469,0.0138850319355735,-2.83304825117692,-27.3262075027319,-8.38690356888581,99.9722299361289,6.53358752943815,0.730138882686554,0,1,41.5,final
31,11,0.0277700638711469,0.0277700638711469,0.0138850319355735,-2.83304825117692,-27.5290339367874,-8.38690356888581,99.9722299361289,6.49097230010093,0.779261376322958,0,1,42,final
31,11.5,0.0277700638711469,0.0277700638711469,0.0138850319355735,-2.83304825117692,-27.5943775181364,-9.29725386906552,99.9722299361289,6.43041381630593,0.826151029339526,0,1,42.5,final
31.5,8.5,0.111080255484588,0.111080255484588,0,-3.55514935869371,-26.8944718139706,-5.9989977418132,99.8889197445154,7.11001457889425,0.529183226901264,0,0,40,final
31.5,9,0.0555401277422938,0.0555401277422938,0,-3.55514935869371,-27.050746628515,-6.6791255967889,99.9444598722577,7.05842772232814,0.587237083017014,0,1,40.5,final
31.5,9.5,0.0277700638711469,0.0277700638711469,0,-3.55514935869371,-27.1743945020828,-7.10006998393223,99.9722299361289,7.01356958618369,0.629661054793909,0,1,41,final
31.5,10,0.0277700638711469,0.0277700638711469,0,-3.55514935869371,-27.2438731778962,-7.63413224810714,99.9722299361289,6.98441179768981,0.660920823471621,0,1,41.5,final
31.5,10.5,0.0277700638711469,0.0277700638711469,0,-3.55514935869371,-27.3262075027319,-8.38690356888581,99.9722299361289,6.94179656835258,0.730138882686554,0,1,42,final
31.5,11,0.0277700638711469,0.0277700638711469,0,-3.55514935869371,-27.5290339367874,-8.38690356888581,99.9722299361289,6.89918133901536,0.779261376322958,0,1,42.5,final
31.5,11.5,0.0277700638711469,0.0277700638711469,0,-3.55514935869371,-27.5943775181364,-9.29725386906552,99.9722299361289,6.83862285522037,0.826151029339526,0,1,43,final
32,8.5,0.0833101916134407,0.0833101916134407,0,-4.81392972875939,-26.8986408350793,-6.47541822528993,99.9166898083866,7.49579454973646,0.529183226901264,0,1,40.5,final
32,9,0.0277700638711469,0.0277700638711469,0,-5.94752096438791,-27.0852554788994,-7.10006998393223,99.9722299361289,7.44420769317035,0.587237083017014,0,1,41,final
32,9.5,0,0,0,-6.33775680851136,-27.1968435288554,-7.63413224810714,100,7.39934955702591,0.629661054793909,1,1,41.5,final
32,10,0,0,0,-6.33775680851136,-27.2720093889114,-8.38690356888581,100,7.37019176853202,0.660920823471621,1,1,42,final
32,10.5,0,0,0,-6.33775680851136,-27.3426498548482,-9.29725386906552,100,7.3275765391948,0.730138882686554,1,1,42.5,final
32,11,0,0,0,-6.33775680851136,-27.5549928119147,-9.29725386906552,100,7.28496130985758,0.779261376322958,1,1,43,final
32,11.5,0,0,0,-6.33775680851136,-27.61877880336,-9.4642539506215,100,7.22440282606258,0.826151029339526,1,1,43.5,final
32.5,8.5,0.0833101916134407,0.0833101916134407,0,-4.81392972875939,-26.8986408350793,-6.47541822528993,99.9166898083866,7.93091847033756,0.529183226901264,0,1,41,final
32.5,9,0.0277700638711469,0.0277700638711469,0,-5.94752096438791,-27.0852554788994,-7.10006998393223,99.9722299361289,7.87933161377145,0.587237083017014,0,1,41.5,final
32.5,9.5,0,0,0,-6.33775680851136,-27.1968435288554,-7.63413224810714,100,7.834473477627,0.629661054793909,1,1,42,final
32.5,10,0,0,0,-6.33775680851136,-27.2720093889114,-8.38690356888581,100,7.80531568913312,0.660920823471621,1,1,42.5,final
32.5,10.5,0,0,0,-6.33775680851136,-27.3426498548482,-9.29725386906552,100,7.7627004597959,0.730138882686554,1,1,43,final
32.5,11,0,0,0,-6.33775680851136,-27.5549928119147,-9.29725386906552,100,7.72008523045867,0.779261376322958,1,1,43.5,final
32.5,11.5,0,0,0,-6.33775680851136,-27.61877880336,-9.4642539506215,100,7.65952674666368,0.826151029339526,1,1,44,final
33,8.5,0.0833101916134407,0.0833101916134407,0,-4.81392972875939,-26.9015927931399,-6.47541822528993,99.9166898083866,8.4310866883481,0.529183226901264,0,1,41.5,final
33,9,0.0277700638711469,0.0277700638711469,0,-5.94752096438791,-27.1168475915447,-7.10006998393223,99.9722299361289,8.37949983178199,0.587237083017014,0,1,42,final
33,9.5,0,0,0,-6.33775680851136,-27.2243244992012,-7.63413224810714,100,8.33464169563755,0.629661054793909,1,1,42.5,final
33,10,0,0,0,-6.33775680851136,-27.2988151791391,-8.38690356888581,100,8.30548390714366,0.660920823471621,1,1,43,final
33,10.5,0,0,0,-6.33775680851136,-27.3535547225057,-9.29725386906552,100,8.26286867780644,0.730138882686554,1,1,43.5,final
33,11,0,0,0,-6.33775680851136,-27.5549928119147,-9.29725386906552,100,8.22025344846922,0.779261376322958,1,1,44,final
33,11.5,0,0,0,-6.33775680851136,-27.61877880336,-9.4642539506215,100,8.15969496467422,0.826151029339526,1,1,44.5,final
33.5,8.5,0.0833101916134407,0.0833101916134407,0,-4.81392972875939,-26.9015927931399,-6.47541822528993,99.9166898083866,8.94919816081642,0.529183226901264,0,1,42,final
33.5,9,0.0277700638711469,0.0277700638711469,0,-5.94752096438791,-27.1168475915447,-7.10006998393223,99.9722299361289,8.89761130425031,0.587237083017014,0,1,42.5,final
33.5,9.5,0,0,0,-6.45719202800646,-27.2243244992012,-7.63413224810714,100,8.85275316810587,0.629661054793909,1,1,43,final
33.5,10,0,0,0,-6.45719202800646,-27.2988151791391,-8.38690356888581,100,8.82359537961198,0.660920823471621,1,1,43.5,final
33.5,10.5,0,0,0,-6.45719202800646,-27.3535547225057,-9.29725386906552,100,8.78098015027476,0.730138882686554,1,1,44,final
33.5,11,0,0,0,-6.45719202800646,-27.5549928119147,-9.29725386906552,100,8.73836492093753,0.779261376322958,1,1,44.5,final
33.5,11.5,0,0,0,-6.45719202800646,-27.61877880336,-9.4642539506215,100,8.67780643714254,0.826151029339526,1,1,45,final
143.342063880805,8.5,0.0833101916134407,0.0833101916134407,0,-4.81392972875939,-27.5436756518316,-6.67912559678888,99.9166898083866,99.7801951328922,0.529183226901264,0,1,151.842063880805,final
143.342063880805,9,0.0277700638711469,0.0277700638711469,0,-5.94752096438789,-27.6638883676834,-7.63413224810714,99.9722299361289,99.7286082763261,0.587237083017014,0,1,152.342063880805,final
143.342063880805,9.5,0,0,0,-6.63764942685329,-27.753604309718,-8.38690356888581,100,99.6837501401817,0.629661054793909,1,1,152.842063880805,final
143.342063880805,10,0,0,0,-7.04830457473189,-27.7849773071945,-9.29725386906552,100,99.6545923516878,0.660920823471621,1,1,153.342063880805,final
143.342063880805,10.5,0,0,0,-7.56083337869731,-28.114852356797,-9.4642539506215,100,99.6119771223506,0.730138882686554,1,1,153.842063880805,final
143.342063880805,11,0,0,0,-7.56083337869731,-28.2719161425186,-9.4642539506215,100,99.589462129528,0.779261376322958,1,1,154.342063880805,final
143.342063880805,11.5,0,0,0,-8.28656475899513,-28.4384834129187,-9.66148488003612,100,99.5609220636663,0.826151029339526,1,1,154.842063880805,final
143.342063880805,143.342063880805,0,0,0,-2969.09346595255,-2969.09346595255,-2969.09346595255,100,0,100,1,1,286.68412776161,final
