Time,AggregateInterferenceDbm,IOverNDb,DominantSatelliteIndex,VisibleSatelliteCount,EligibleCandidateCount,CandidateSatelliteCount,EffectiveContributorCount,PracticalSelectedIOverNDb
01-Aug-2026 00:00:00,-137.03786456139,-29.6047748280551,0,25,25,25,10,-29.6047748280551
01-Aug-2026 00:00:02,-134.337627491687,-26.9045377583519,0,25,25,25,10,-26.9045377583519
01-Aug-2026 00:00:04,-130.905892180687,-23.4728024473519,0,25,25,25,9,-23.4728024473519
01-Aug-2026 00:00:06,-148.793235036005,-41.3601453026702,0,25,25,25,9,-41.3601453026702
01-Aug-2026 00:00:08,-153.721863024639,-46.2887732913037,0,25,25,25,6,-46.2887732913037
01-Aug-2026 00:00:10,-153.861628884294,-46.4285391509583,0,25,25,25,6,-46.4285391509583
01-Aug-2026 00:00:12,-154.163298857199,-46.7302091238635,0,25,25,25,7,-46.7302091238635
01-Aug-2026 00:00:14,-154.295916517249,-46.8628267839135,0,25,25,25,8,-46.8628267839135
01-Aug-2026 00:00:16,-154.483986370957,-47.0508966376216,0,25,25,25,9,-47.0508966376216
01-Aug-2026 00:00:18,-154.366520958391,-46.9334312250555,0,25,25,25,9,-46.9334312250555
01-Aug-2026 00:00:20,-155.346659845384,-47.9135701120489,0,25,25,25,7,-47.9135701120489
01-Aug-2026 00:00:22,-155.218739115922,-47.7856493825869,0,25,25,25,7,-47.7856493825869
01-Aug-2026 00:00:24,-156.538872422821,-49.1057826894862,0,26,26,26,9,-49.1057826894862
01-Aug-2026 00:00:26,-157.390238341624,-49.9571486082884,0,26,26,26,9,-49.9571486082884
01-Aug-2026 00:00:28,-142.497680706335,-35.0645909729996,0,26,26,26,10,-35.0645909729996
01-Aug-2026 00:00:30,-143.949224781545,-36.5161350482096,0,26,26,26,11,-36.5161350482096
01-Aug-2026 00:00:32,-145.154830157868,-37.7217404245331,0,26,26,26,11,-37.7217404245331
01-Aug-2026 00:00:34,-147.145036559369,-39.7119468260341,0,26,26,26,10,-39.7119468260341
01-Aug-2026 00:00:36,-147.414080707459,-39.9809909741239,0,26,26,26,9,-39.9809909741239
01-Aug-2026 00:00:38,-148.443709680779,-41.010619947444,0,26,26,26,11,-41.010619947444
01-Aug-2026 00:00:40,-148.889299614814,-41.4562098814793,0,26,26,26,12,-41.4562098814793
01-Aug-2026 00:00:42,-149.685576560054,-42.2524868267192,0,26,26,26,12,-42.2524868267192
01-Aug-2026 00:00:44,-154.238883433783,-46.8057937004478,0,26,26,26,9,-46.8057937004478
01-Aug-2026 00:00:46,-152.548681832021,-45.1155920986853,0,25,25,25,11,-45.1155920986853
01-Aug-2026 00:00:48,-152.952867560203,-45.5197778268677,0,25,25,25,9,-45.5197778268677
01-Aug-2026 00:00:50,-152.469498700019,-45.0364089666842,0,25,25,25,10,-45.0364089666842
01-Aug-2026 00:00:52,-149.753849035979,-42.3207593026435,0,25,25,25,11,-42.3207593026435
01-Aug-2026 00:00:54,-149.845357086071,-42.4122673527354,0,25,25,25,12,-42.4122673527354
01-Aug-2026 00:00:56,-150.121427467941,-42.6883377346059,0,25,25,25,13,-42.6883377346059
01-Aug-2026 00:00:58,-150.41398046435,-42.9808907310143,0,25,25,25,12,-42.9808907310143
01-Aug-2026 00:01:00,-150.794343723154,-43.3612539898188,0,25,25,25,11,-43.3612539898188
01-Aug-2026 00:01:02,-150.862616712761,-43.4295269794256,0,25,25,25,10,-43.4295269794256
01-Aug-2026 00:01:04,-151.229470479416,-43.7963807460812,0,25,25,25,10,-43.7963807460812
01-Aug-2026 00:01:06,-142.161460272053,-34.7283705387176,0,26,26,26,11,-34.7283705387176
01-Aug-2026 00:01:08,-143.378425633041,-35.9453358997059,0,26,26,26,12,-35.9453358997059
01-Aug-2026 00:01:10,-143.759758609712,-36.3266688763768,0,26,26,26,12,-36.3266688763768
01-Aug-2026 00:01:12,-144.412449758578,-36.9793600252427,0,25,25,25,14,-36.9793600252427
01-Aug-2026 00:01:14,-144.689275842563,-37.2561861092279,0,25,25,25,13,-37.2561861092279
01-Aug-2026 00:01:16,-145.432242187909,-37.9991524545734,0,25,25,25,12,-37.9991524545734
01-Aug-2026 00:01:18,-146.335051285116,-38.9019615517807,0,25,25,25,11,-38.9019615517807
01-Aug-2026 00:01:20,-152.10534811118,-44.6722583778447,0,25,25,25,9,-44.6722583778447
01-Aug-2026 00:01:22,-151.524776832186,-44.091687098851,0,25,25,25,9,-44.091687098851
01-Aug-2026 00:01:24,-142.851437136541,-35.418347403206,0,25,25,25,11,-35.418347403206
01-Aug-2026 00:01:26,-142.65196971735,-35.2188799840151,0,24,24,24,12,-35.2188799840151
01-Aug-2026 00:01:28,-142.279528488062,-34.8464387547266,0,24,24,24,13,-34.8464387547266
01-Aug-2026 00:01:30,-142.234121619055,-34.8010318857194,0,24,24,24,13,-34.8010318857194
01-Aug-2026 00:01:32,-141.968630676198,-34.5355409428624,0,24,24,24,14,-34.5355409428624
01-Aug-2026 00:01:34,-141.901066416007,-34.4679766826718,0,24,24,24,16,-34.4679766826718
01-Aug-2026 00:01:36,-141.58823998318,-34.155150249845,0,25,25,25,17,-34.155150249845
01-Aug-2026 00:01:38,-148.841984244747,-41.4088945114117,0,25,25,25,15,-41.4088945114117
01-Aug-2026 00:01:40,-148.499064076366,-41.0659743430306,0,25,25,25,15,-41.0659743430306
01-Aug-2026 00:01:42,-148.557264828115,-41.1241750947802,0,24,24,24,13,-41.1241750947802
01-Aug-2026 00:01:44,-148.069520421859,-40.6364306885238,0,24,24,24,13,-40.6364306885238
01-Aug-2026 00:01:46,-147.767364910388,-40.3342751770531,0,24,24,24,12,-40.3342751770531
01-Aug-2026 00:01:48,-167.868337776892,-60.4352480435572,0,24,24,24,11,-60.4352480435572
01-Aug-2026 00:01:50,-169.599183274438,-62.1660935411032,0,24,24,24,10,-62.1660935411032
01-Aug-2026 00:01:52,-169.545296290015,-62.1122065566797,0,24,24,24,11,-62.1122065566797
01-Aug-2026 00:01:54,-173.844497048463,-66.4114073151273,0,24,24,24,9,-66.4114073151273
01-Aug-2026 00:01:56,-174.033686131737,-66.6005963984021,0,24,24,24,8,-66.6005963984021
01-Aug-2026 00:01:58,-173.375582443655,-65.9424927103199,0,23,23,23,8,-65.9424927103199
01-Aug-2026 00:02:00,-173.404570338276,-65.9714806049413,0,23,23,23,8,-65.9714806049413
01-Aug-2026 00:02:02,-173.06867775054,-65.6355880172048,0,23,23,23,9,-65.6355880172048
01-Aug-2026 00:02:04,-173.319350155835,-65.8862604225002,0,23,23,23,9,-65.8862604225002
01-Aug-2026 00:02:06,-174.078214046757,-66.645124313422,0,23,23,23,8,-66.645124313422
01-Aug-2026 00:02:08,-175.203080226375,-67.7699904930397,0,23,23,23,8,-67.7699904930397
01-Aug-2026 00:02:10,-175.657972903101,-68.2248831697661,0,23,23,23,7,-68.2248831697661
01-Aug-2026 00:02:12,-175.624369584023,-68.191279850688,0,23,23,23,7,-68.191279850688
01-Aug-2026 00:02:14,-176.096769702187,-68.6636799688513,0,23,23,23,8,-68.6636799688513
01-Aug-2026 00:02:16,-176.234367345247,-68.8012776119117,0,23,23,23,8,-68.8012776119117
01-Aug-2026 00:02:18,-175.4762672581,-68.0431775247644,0,24,24,24,9,-68.0431775247644
01-Aug-2026 00:02:20,-175.42491360095,-67.991823867615,0,24,24,24,8,-67.991823867615
01-Aug-2026 00:02:22,-153.8077666769,-46.3746769435653,0,25,25,25,10,-46.3746769435653
01-Aug-2026 00:02:24,-149.679430957551,-42.2463412242156,0,25,25,25,13,-42.2463412242156
01-Aug-2026 00:02:26,-149.030565185256,-41.5974754519204,0,25,25,25,13,-41.5974754519204
01-Aug-2026 00:02:28,-152.485949955771,-45.0528602224361,0,25,25,25,14,-45.0528602224361
01-Aug-2026 00:02:30,-153.543240842338,-46.1101511090033,0,25,25,25,12,-46.1101511090033
01-Aug-2026 00:02:32,-152.358576499842,-44.925486766507,0,25,25,25,12,-44.925486766507
01-Aug-2026 00:02:34,-151.387230852226,-43.9541411188907,0,25,25,25,12,-43.9541411188907
01-Aug-2026 00:02:36,-150.15707031339,-42.7239805800547,0,25,25,25,11,-42.7239805800547
01-Aug-2026 00:02:38,-147.330251042476,-39.8971613091404,0,25,25,25,13,-39.8971613091404
01-Aug-2026 00:02:40,-147.190398287443,-39.7573085541081,0,25,25,25,13,-39.7573085541081
01-Aug-2026 00:02:42,-148.674753441552,-41.2416637082166,0,25,25,25,11,-41.2416637082166
01-Aug-2026 00:02:44,-148.096775802848,-40.6636860695125,0,25,25,25,11,-40.6636860695125
01-Aug-2026 00:02:46,-147.777986539142,-40.3448968058068,0,25,25,25,11,-40.3448968058068
01-Aug-2026 00:02:48,-147.85304852439,-40.419958791055,0,25,25,25,11,-40.419958791055
01-Aug-2026 00:02:50,-155.213213919408,-47.7801241860728,0,25,25,25,12,-47.7801241860728
01-Aug-2026 00:02:52,-154.482932674478,-47.0498429411433,0,25,25,25,12,-47.0498429411433
01-Aug-2026 00:02:54,-154.463839248193,-47.0307495148574,0,25,25,25,11,-47.0307495148574
01-Aug-2026 00:02:56,-154.1947089075,-46.7616191741644,0,25,25,25,12,-46.7616191741644
01-Aug-2026 00:02:58,-153.707715958991,-46.2746262256556,0,25,25,25,13,-46.2746262256556
01-Aug-2026 00:03:00,-170.64950244921,-63.2164127158745,0,25,25,25,11,-63.2164127158745
01-Aug-2026 00:03:02,-170.500319876989,-63.0672301436537,0,26,26,26,12,-63.0672301436537
01-Aug-2026 00:03:04,-170.121488117174,-62.6883983838387,0,26,26,26,11,-62.6883983838387
01-Aug-2026 00:03:06,-170.005785574364,-62.5726958410286,0,26,26,26,11,-62.5726958410286
01-Aug-2026 00:03:08,-170.529108495296,-63.0960187619606,0,26,26,26,11,-63.0960187619606
01-Aug-2026 00:03:10,-170.397883080833,-62.9647933474973,0,26,26,26,11,-62.9647933474973
01-Aug-2026 00:03:12,-170.42288929401,-62.9897995606743,0,26,26,26,11,-62.9897995606743
01-Aug-2026 00:03:14,-171.524864624165,-64.0917748908299,0,26,26,26,10,-64.0917748908299
01-Aug-2026 00:03:16,-171.307113015763,-63.8740232824276,0,27,27,27,10,-63.8740232824276
01-Aug-2026 00:03:18,-171.178603746721,-63.7455140133855,0,28,28,28,10,-63.7455140133855
01-Aug-2026 00:03:20,-171.263483493342,-63.8303937600072,0,28,28,28,10,-63.8303937600072
01-Aug-2026 00:03:22,-171.443904156589,-64.0108144232542,0,27,27,27,8,-64.0108144232542
01-Aug-2026 00:03:24,-171.698318544876,-64.2652288115403,0,26,26,26,6,-64.2652288115403
01-Aug-2026 00:03:26,-153.141223195654,-45.708133462319,0,26,26,26,6,-45.708133462319
01-Aug-2026 00:03:28,-153.257750267929,-45.8246605345938,0,26,26,26,7,-45.8246605345938
01-Aug-2026 00:03:30,-153.044492894208,-45.611403160873,0,26,26,26,7,-45.611403160873
01-Aug-2026 00:03:32,-140.197790375492,-32.7647006421571,0,26,26,26,8,-32.7647006421571
01-Aug-2026 00:03:34,-170.695912494307,-63.2628227609721,0,26,26,26,7,-63.2628227609721
01-Aug-2026 00:03:36,-158.272539597467,-50.8394498641316,0,26,26,26,9,-50.8394498641316
01-Aug-2026 00:03:38,-157.368148653745,-49.93505892041,0,26,26,26,11,-49.93505892041
01-Aug-2026 00:03:40,-170.208827782306,-62.775738048971,0,25,25,25,9,-62.775738048971
01-Aug-2026 00:03:42,-170.314376980677,-62.8812872473414,0,25,25,25,9,-62.8812872473414
01-Aug-2026 00:03:44,-170.084108583733,-62.6510188503975,0,25,25,25,10,-62.6510188503975
01-Aug-2026 00:03:46,-169.761479940979,-62.3283902076439,0,25,25,25,11,-62.3283902076439
01-Aug-2026 00:03:48,-169.634341663835,-62.2012519304995,0,25,25,25,11,-62.2012519304995
01-Aug-2026 00:03:50,-169.674136728416,-62.2410469950813,0,25,25,25,10,-62.2410469950813
01-Aug-2026 00:03:52,-157.719119525391,-50.2860297920556,0,25,25,25,11,-50.2860297920556
01-Aug-2026 00:03:54,-157.348598512111,-49.9155087787756,0,25,25,25,11,-49.9155087787756
01-Aug-2026 00:03:56,-156.885651062564,-49.4525613292289,0,25,25,25,11,-49.4525613292289
01-Aug-2026 00:03:58,-139.447041746331,-32.0139520129956,0,24,24,24,12,-32.0139520129956
01-Aug-2026 00:04:00,-133.531682303738,-26.0985925704028,0,25,25,25,11,-26.0985925704028
01-Aug-2026 00:04:02,-157.144330619093,-49.7112408857574,0,26,26,26,10,-49.7112408857574
01-Aug-2026 00:04:04,-157.670372847002,-50.2372831136665,0,26,26,26,10,-50.2372831136665
01-Aug-2026 00:04:06,-157.50769767163,-50.0746079382946,0,26,26,26,9,-50.0746079382946
01-Aug-2026 00:04:08,-154.782667532582,-47.3495777992469,0,26,26,26,10,-47.3495777992469
01-Aug-2026 00:04:10,-155.055281758677,-47.622192025342,0,26,26,26,10,-47.622192025342
01-Aug-2026 00:04:12,-154.765163437547,-47.3320737042122,0,26,26,26,12,-47.3320737042122
01-Aug-2026 00:04:14,-157.766176918536,-50.3330871852008,0,26,26,26,10,-50.3330871852008
01-Aug-2026 00:04:16,-134.522945160755,-27.0898554274202,0,26,26,26,11,-27.0898554274202
01-Aug-2026 00:04:18,-136.742417572268,-29.3093278389329,0,26,26,26,9,-29.3093278389329
01-Aug-2026 00:04:20,-138.599463900929,-31.1663741675943,0,26,26,26,10,-31.1663741675943
01-Aug-2026 00:04:22,-139.48129500791,-32.0482052745745,0,26,26,26,11,-32.0482052745745
01-Aug-2026 00:04:24,-136.310652651232,-28.8775629178965,0,26,26,26,11,-28.8775629178965
01-Aug-2026 00:04:26,-137.255931420966,-29.822841687631,0,26,26,26,10,-29.822841687631
01-Aug-2026 00:04:28,-138.459966005125,-31.0268762717897,0,26,26,26,12,-31.0268762717897
01-Aug-2026 00:04:30,-140.125019518031,-32.6919297846962,0,25,25,25,12,-32.6919297846962
01-Aug-2026 00:04:32,-139.242518590062,-31.8094288567272,0,25,25,25,11,-31.8094288567272
01-Aug-2026 00:04:34,-142.442891010174,-35.0098012768385,0,25,25,25,11,-35.0098012768385
01-Aug-2026 00:04:36,-144.480059809233,-37.046970075898,0,25,25,25,10,-37.046970075898
01-Aug-2026 00:04:38,-143.521092252357,-36.0880025190219,0,25,25,25,11,-36.0880025190219
01-Aug-2026 00:04:40,-170.079568458312,-62.6464787249764,0,25,25,25,11,-62.6464787249764
01-Aug-2026 00:04:42,-150.847067674831,-43.4139779414958,0,25,25,25,11,-43.4139779414958
01-Aug-2026 00:04:44,-151.303812742906,-43.8707230095703,0,25,25,25,12,-43.8707230095703
01-Aug-2026 00:04:46,-151.566251693813,-44.1331619604783,0,25,25,25,12,-44.1331619604783
01-Aug-2026 00:04:48,-151.754508615197,-44.3214188818614,0,25,25,25,13,-44.3214188818614
01-Aug-2026 00:04:50,-152.222887472122,-44.7897977387867,0,25,25,25,13,-44.7897977387867
01-Aug-2026 00:04:52,-152.235054523376,-44.8019647900413,0,25,25,25,16,-44.8019647900413
01-Aug-2026 00:04:54,-152.143833656131,-44.7107439227962,0,25,25,25,14,-44.7107439227962
01-Aug-2026 00:04:56,-151.212049680747,-43.7789599474119,0,25,25,25,14,-43.7789599474119
01-Aug-2026 00:04:58,-151.112019772779,-43.6789300394439,0,25,25,25,16,-43.6789300394439
01-Aug-2026 00:05:00,-151.774119165192,-44.3410294318566,0,25,25,25,16,-44.3410294318566
01-Aug-2026 00:05:02,-151.475730119427,-44.042640386092,0,25,25,25,19,-44.042640386092
01-Aug-2026 00:05:04,-151.667284255661,-44.2341945223262,0,25,25,25,19,-44.2341945223262
01-Aug-2026 00:05:06,-151.954051943789,-44.5209622104535,0,25,25,25,18,-44.5209622104535
01-Aug-2026 00:05:08,-151.749757987227,-44.3166682538919,0,25,25,25,18,-44.3166682538919
01-Aug-2026 00:05:10,-152.127649651478,-44.6945599181427,0,25,25,25,17,-44.6945599181427
01-Aug-2026 00:05:12,-152.45329567363,-45.0202059402945,0,25,25,25,17,-45.0202059402945
01-Aug-2026 00:05:14,-152.51378658124,-45.0806968479046,0,25,25,25,16,-45.0806968479046
01-Aug-2026 00:05:16,-152.689039190601,-45.2559494572657,0,25,25,25,15,-45.2559494572657
01-Aug-2026 00:05:18,-153.029072115475,-45.5959823821394,0,24,24,24,15,-45.5959823821394
01-Aug-2026 00:05:20,-153.117374465415,-45.6842847320795,0,23,23,23,15,-45.6842847320795
01-Aug-2026 00:05:22,-153.138138649724,-45.7050489163885,0,23,23,23,15,-45.7050489163885
01-Aug-2026 00:05:24,-153.176036529135,-45.7429467957993,0,24,24,24,16,-45.7429467957993
01-Aug-2026 00:05:26,-153.866808067259,-46.4337183339237,0,25,25,25,15,-46.4337183339237
01-Aug-2026 00:05:28,-153.037881270645,-45.6047915373095,0,25,25,25,15,-45.6047915373095
01-Aug-2026 00:05:30,-153.123738707441,-45.6906489741056,0,25,25,25,14,-45.6906489741056
01-Aug-2026 00:05:32,-153.396088824059,-45.9629990907237,0,25,25,25,13,-45.9629990907237
01-Aug-2026 00:05:34,-156.028605652254,-48.5955159189184,0,24,24,24,12,-48.5955159189184
01-Aug-2026 00:05:36,-156.37317870818,-48.9400889748445,0,24,24,24,12,-48.9400889748445
01-Aug-2026 00:05:38,-156.220633325781,-48.7875435924459,0,24,24,24,13,-48.7875435924459
01-Aug-2026 00:05:40,-157.013446041614,-49.5803563082789,0,24,24,24,12,-49.5803563082789
01-Aug-2026 00:05:42,-156.251230931919,-48.8181411985842,0,24,24,24,12,-48.8181411985842
01-Aug-2026 00:05:44,-155.921966920364,-48.4888771870288,0,24,24,24,13,-48.4888771870288
01-Aug-2026 00:05:46,-156.42000170371,-48.9869119703744,0,23,23,23,12,-48.9869119703744
01-Aug-2026 00:05:48,-156.199868218176,-48.7667784848409,0,23,23,23,12,-48.7667784848409
01-Aug-2026 00:05:50,-155.869568253113,-48.4364785197775,0,23,23,23,14,-48.4364785197775
01-Aug-2026 00:05:52,-155.694356714406,-48.2612669810713,0,23,23,23,14,-48.2612669810713
01-Aug-2026 00:05:54,-155.667414430868,-48.2343246975327,0,23,23,23,13,-48.2343246975327
01-Aug-2026 00:05:56,-155.677706718333,-48.2446169849979,0,23,23,23,12,-48.2446169849979
01-Aug-2026 00:05:58,-155.543605052116,-48.1105153187812,0,23,23,23,12,-48.1105153187812
01-Aug-2026 00:06:00,-152.082967975525,-44.6498782421895,0,23,23,23,13,-44.6498782421895
01-Aug-2026 00:06:02,-153.112879776289,-45.6797900429541,0,23,23,23,11,-45.6797900429541
01-Aug-2026 00:06:04,-153.315339316054,-45.8822495827188,0,23,23,23,10,-45.8822495827188
01-Aug-2026 00:06:06,-153.276292102561,-45.8432023692262,0,24,24,24,11,-45.8432023692262
01-Aug-2026 00:06:08,-163.822556970572,-56.389467237237,0,25,25,25,11,-56.389467237237
01-Aug-2026 00:06:10,-163.637116491325,-56.2040267579899,0,25,25,25,11,-56.2040267579899
01-Aug-2026 00:06:12,-163.671083032897,-56.2379932995617,0,26,26,26,14,-56.2379932995617
01-Aug-2026 00:06:14,-149.160900510352,-41.7278107770167,0,26,26,26,15,-41.7278107770167
01-Aug-2026 00:06:16,-149.12364342297,-41.6905536896347,0,26,26,26,16,-41.6905536896347
01-Aug-2026 00:06:18,-149.815189257445,-42.3820995241096,0,26,26,26,15,-42.3820995241096
01-Aug-2026 00:06:20,-147.448776535043,-40.0156868017081,0,26,26,26,15,-40.0156868017081
01-Aug-2026 00:06:22,-150.451135708053,-43.018045974718,0,26,26,26,14,-43.018045974718
01-Aug-2026 00:06:24,-150.951148678196,-43.5180589448605,0,26,26,26,13,-43.5180589448605
01-Aug-2026 00:06:26,-150.845789266374,-43.4126995330391,0,26,26,26,12,-43.4126995330391
01-Aug-2026 00:06:28,-151.471043087256,-44.037953353921,0,26,26,26,13,-44.037953353921
01-Aug-2026 00:06:30,-152.026529483658,-44.5934397503227,0,26,26,26,15,-44.5934397503227
01-Aug-2026 00:06:32,-152.497206345977,-45.0641166126418,0,26,26,26,15,-45.0641166126418
01-Aug-2026 00:06:34,-152.525374107891,-45.0922843745555,0,26,26,26,15,-45.0922843745555
01-Aug-2026 00:06:36,-151.826918282544,-44.3938285492085,0,26,26,26,13,-44.3938285492085
01-Aug-2026 00:06:38,-152.034923447348,-44.6018337140127,0,26,26,26,13,-44.6018337140127
01-Aug-2026 00:06:40,-155.283564023716,-47.8504742903809,0,26,26,26,14,-47.8504742903809
01-Aug-2026 00:06:42,-154.935101286886,-47.5020115535505,0,26,26,26,14,-47.5020115535505
01-Aug-2026 00:06:44,-155.050079145252,-47.616989411917,0,26,26,26,15,-47.616989411917
01-Aug-2026 00:06:46,-152.517978859491,-45.0848891261556,0,26,26,26,16,-45.0848891261556
01-Aug-2026 00:06:48,-150.57248067639,-43.1393909430553,0,26,26,26,18,-43.1393909430553
01-Aug-2026 00:06:50,-150.316600128767,-42.8835103954321,0,26,26,26,17,-42.8835103954321
01-Aug-2026 00:06:52,-150.073011178187,-42.6399214448516,0,27,27,27,17,-42.6399214448516
01-Aug-2026 00:06:54,-150.118811724544,-42.6857219912086,0,27,27,27,17,-42.6857219912086
01-Aug-2026 00:06:56,-149.395831795636,-41.9627420623004,0,27,27,27,17,-41.9627420623004
01-Aug-2026 00:06:58,-149.075034134471,-41.6419444011356,0,27,27,27,17,-41.6419444011356
01-Aug-2026 00:07:00,-149.868667551948,-42.4355778186128,0,27,27,27,16,-42.4355778186128
01-Aug-2026 00:07:02,-149.638864751345,-42.2057750180096,0,27,27,27,16,-42.2057750180096
01-Aug-2026 00:07:04,-149.049113798195,-41.6160240648594,0,27,27,27,15,-41.6160240648594
01-Aug-2026 00:07:06,-148.439859839677,-41.0067701063414,0,29,29,29,16,-41.0067701063414
01-Aug-2026 00:07:08,-148.032557435306,-40.5994677019712,0,29,29,29,14,-40.5994677019712
01-Aug-2026 00:07:10,-144.771817469877,-37.3387277365421,0,29,29,29,14,-37.3387277365421
01-Aug-2026 00:07:12,-144.363929657201,-36.9308399238659,0,29,29,29,14,-36.9308399238659
01-Aug-2026 00:07:14,-146.331508531189,-38.8984187978538,0,28,28,28,13,-38.8984187978538
01-Aug-2026 00:07:16,-154.365769688284,-46.9326799549492,0,27,27,27,11,-46.9326799549492
01-Aug-2026 00:07:18,-154.48289297301,-47.0498032396747,0,27,27,27,12,-47.0498032396747
01-Aug-2026 00:07:20,-155.109648548426,-47.6765588150903,0,28,28,28,12,-47.6765588150903
01-Aug-2026 00:07:22,-155.729649402589,-48.2965596692537,0,27,27,27,11,-48.2965596692537
01-Aug-2026 00:07:24,-155.769381003552,-48.3362912702167,0,27,27,27,12,-48.3362912702167
01-Aug-2026 00:07:26,-155.700982011832,-48.2678922784967,0,27,27,27,12,-48.2678922784967
01-Aug-2026 00:07:28,-155.9505338414,-48.517444108065,0,27,27,27,8,-48.517444108065
01-Aug-2026 00:07:30,-155.156492309106,-47.7234025757705,0,27,27,27,9,-47.7234025757705
01-Aug-2026 00:07:32,-154.629601389556,-47.196511656221,0,26,26,26,9,-47.196511656221
01-Aug-2026 00:07:34,-155.425262107414,-47.9921723740788,0,26,26,26,8,-47.9921723740788
01-Aug-2026 00:07:36,-155.946480397945,-48.5133906646099,0,26,26,26,7,-48.5133906646099
01-Aug-2026 00:07:38,-156.38160941275,-48.9485196794151,0,27,27,27,7,-48.9485196794151
01-Aug-2026 00:07:40,-155.533554562733,-48.1004648293977,0,27,27,27,8,-48.1004648293977
01-Aug-2026 00:07:42,-155.891348779243,-48.4582590459081,0,27,27,27,8,-48.4582590459081
01-Aug-2026 00:07:44,-171.891087772466,-64.4579980391305,0,27,27,27,10,-64.4579980391305
01-Aug-2026 00:07:46,-171.958808772522,-64.5257190391873,0,27,27,27,10,-64.5257190391873
01-Aug-2026 00:07:48,-172.632568485255,-65.1994787519197,0,27,27,27,9,-65.1994787519197
01-Aug-2026 00:07:50,-160.079447603643,-52.6463578703078,0,26,26,26,8,-52.6463578703078
01-Aug-2026 00:07:52,-159.852459175916,-52.4193694425804,0,26,26,26,8,-52.4193694425804
01-Aug-2026 00:07:54,-160.077332216355,-52.6442424830198,0,26,26,26,7,-52.6442424830198
01-Aug-2026 00:07:56,-159.947070262063,-52.5139805287278,0,27,27,27,9,-52.5139805287278
01-Aug-2026 00:07:58,-159.77198170833,-52.3388919749943,0,27,27,27,9,-52.3388919749943
01-Aug-2026 00:08:00,-159.667526934062,-52.2344372007266,0,27,27,27,9,-52.2344372007266
01-Aug-2026 00:08:02,-159.777004119814,-52.343914386479,0,27,27,27,10,-52.343914386479
01-Aug-2026 00:08:04,-159.728918961103,-52.2958292277681,0,27,27,27,10,-52.2958292277681
01-Aug-2026 00:08:06,-159.862242734402,-52.4291530010665,0,27,27,27,11,-52.4291530010665
01-Aug-2026 00:08:08,-158.427886541364,-50.9947968080283,0,27,27,27,11,-50.9947968080283
01-Aug-2026 00:08:10,-158.379468780994,-50.9463790476589,0,27,27,27,11,-50.9463790476589
01-Aug-2026 00:08:12,-158.249860893831,-50.8167711604962,0,26,26,26,13,-50.8167711604962
01-Aug-2026 00:08:14,-158.330538331435,-50.8974485981002,0,25,25,25,12,-50.8974485981002
01-Aug-2026 00:08:16,-158.551325975733,-51.1182362423976,0,25,25,25,12,-51.1182362423976
01-Aug-2026 00:08:18,-157.905598447031,-50.4725087136958,0,25,25,25,11,-50.4725087136958
01-Aug-2026 00:08:20,-158.172103703754,-50.7390139704191,0,25,25,25,10,-50.7390139704191
01-Aug-2026 00:08:22,-157.812374485219,-50.3792847518842,0,25,25,25,8,-50.3792847518842
01-Aug-2026 00:08:24,-157.569366344529,-50.1362766111934,0,25,25,25,9,-50.1362766111934
01-Aug-2026 00:08:26,-156.382577875308,-48.9494881419725,0,25,25,25,10,-48.9494881419725
01-Aug-2026 00:08:28,-159.314997116105,-51.8819073827694,0,25,25,25,11,-51.8819073827694
01-Aug-2026 00:08:30,-158.922957802943,-51.4898680696075,0,25,25,25,13,-51.4898680696075
01-Aug-2026 00:08:32,-159.058186162036,-51.625096428701,0,25,25,25,14,-51.625096428701
01-Aug-2026 00:08:34,-159.065050576854,-51.6319608435193,0,25,25,25,13,-51.6319608435193
01-Aug-2026 00:08:36,-158.653953234859,-51.2208635015242,0,25,25,25,13,-51.2208635015242
01-Aug-2026 00:08:38,-160.790037009998,-53.3569472766623,0,25,25,25,12,-53.3569472766623
01-Aug-2026 00:08:40,-160.657877131253,-53.224787397918,0,25,25,25,11,-53.224787397918
01-Aug-2026 00:08:42,-160.686523183876,-53.2534334505404,0,25,25,25,11,-53.2534334505404
01-Aug-2026 00:08:44,-160.736259231793,-53.3031694984579,0,24,24,24,10,-53.3031694984579
01-Aug-2026 00:08:46,-160.649100514586,-53.2160107812506,0,24,24,24,9,-53.2160107812506
01-Aug-2026 00:08:48,-160.681266570354,-53.2481768370187,0,24,24,24,11,-53.2481768370187
01-Aug-2026 00:08:50,-160.957698937416,-53.5246092040804,0,25,25,25,13,-53.5246092040804
01-Aug-2026 00:08:52,-160.293980477099,-52.8608907437637,0,25,25,25,13,-52.8608907437637
01-Aug-2026 00:08:54,-150.356162540811,-42.9230728074757,0,25,25,25,12,-42.9230728074757
01-Aug-2026 00:08:56,-149.922443861553,-42.4893541282176,0,25,25,25,14,-42.4893541282176
01-Aug-2026 00:08:58,-149.784153887557,-42.3510641542221,0,25,25,25,14,-42.3510641542221
01-Aug-2026 00:09:00,-149.660120555479,-42.2270308221435,0,25,25,25,15,-42.2270308221435
01-Aug-2026 00:09:02,-147.524553883432,-40.0914641500973,0,25,25,25,13,-40.0914641500973
01-Aug-2026 00:09:04,-147.4241969868,-39.9911072534651,0,25,25,25,12,-39.9911072534651
01-Aug-2026 00:09:06,-147.344563968286,-39.9114742349509,0,25,25,25,11,-39.9114742349509
01-Aug-2026 00:09:08,-147.437400944953,-40.0043112116178,0,23,23,23,11,-40.0043112116178
01-Aug-2026 00:09:10,-147.305106365712,-39.8720166323769,0,23,23,23,12,-39.8720166323769
01-Aug-2026 00:09:12,-147.11691613553,-39.6838264021947,0,23,23,23,12,-39.6838264021947
01-Aug-2026 00:09:14,-158.010889517124,-50.5777997837884,0,24,24,24,11,-50.5777997837884
01-Aug-2026 00:09:16,-151.516603862918,-44.0835141295831,0,25,25,25,15,-44.0835141295831
01-Aug-2026 00:09:18,-152.549022404462,-45.1159326711272,0,25,25,25,14,-45.1159326711272
01-Aug-2026 00:09:20,-154.078941818047,-46.6458520847119,0,25,25,25,14,-46.6458520847119
01-Aug-2026 00:09:22,-154.44407656602,-47.0109868326843,0,26,26,26,13,-47.0109868326843
01-Aug-2026 00:09:24,-155.027718499963,-47.594628766628,0,25,25,25,11,-47.594628766628
01-Aug-2026 00:09:26,-155.316969151856,-47.8838794185208,0,25,25,25,11,-47.8838794185208
01-Aug-2026 00:09:28,-151.477380131958,-44.0442903986227,0,25,25,25,10,-44.0442903986227
01-Aug-2026 00:09:30,-151.355758856766,-43.9226691234305,0,25,25,25,9,-43.9226691234305
01-Aug-2026 00:09:32,-151.252396388073,-43.8193066547379,0,24,24,24,10,-43.8193066547379
01-Aug-2026 00:09:34,-149.425976442643,-41.9928867093082,0,24,24,24,12,-41.9928867093082
01-Aug-2026 00:09:36,-149.113200659923,-41.6801109265882,0,24,24,24,13,-41.6801109265882
01-Aug-2026 00:09:38,-149.006226240929,-41.5731365075942,0,24,24,24,13,-41.5731365075942
01-Aug-2026 00:09:40,-149.150439185122,-41.7173494517873,0,24,24,24,13,-41.7173494517873
01-Aug-2026 00:09:42,-148.516855186859,-41.0837654535239,0,24,24,24,12,-41.0837654535239
01-Aug-2026 00:09:44,-148.919261127262,-41.4861713939263,0,24,24,24,12,-41.4861713939263
01-Aug-2026 00:09:46,-148.399865375508,-40.9667756421725,0,24,24,24,11,-40.9667756421725
01-Aug-2026 00:09:48,-148.29269327498,-40.8596035416448,0,24,24,24,11,-40.8596035416448
01-Aug-2026 00:09:50,-147.366655664263,-39.9335659309282,0,24,24,24,12,-39.9335659309282
01-Aug-2026 00:09:52,-146.266025008067,-38.8329352747316,0,24,24,24,11,-38.8329352747316
01-Aug-2026 00:09:54,-144.573404516037,-37.1403147827023,0,25,25,25,11,-37.1403147827023
01-Aug-2026 00:09:56,-144.126370096649,-36.6932803633142,0,25,25,25,10,-36.6932803633142
01-Aug-2026 00:09:58,-143.3675538875,-35.9344641541652,0,25,25,25,10,-35.9344641541652
01-Aug-2026 00:10:00,-142.478258003537,-35.0451682702019,0,25,25,25,11,-35.0451682702019
01-Aug-2026 00:10:02,-148.299929043727,-40.8668393103919,0,25,25,25,10,-40.8668393103919
01-Aug-2026 00:10:04,-149.250084206753,-41.8169944734182,0,25,25,25,11,-41.8169944734182
01-Aug-2026 00:10:06,-155.810682878185,-48.37759314485,0,26,26,26,13,-48.37759314485
01-Aug-2026 00:10:08,-156.185818976753,-48.7527292434178,0,26,26,26,12,-48.7527292434178
01-Aug-2026 00:10:10,-141.156606491644,-33.7235167583092,0,26,26,26,11,-33.7235167583092
01-Aug-2026 00:10:12,-135.276015420481,-27.8429256871454,0,26,26,26,13,-27.8429256871454
01-Aug-2026 00:10:14,-134.808827839741,-27.3757381064063,0,26,26,26,11,-27.3757381064063
01-Aug-2026 00:10:16,-135.635400424992,-28.202310691657,0,26,26,26,12,-28.202310691657
01-Aug-2026 00:10:18,-135.30450054723,-27.8714108138952,0,26,26,26,12,-27.8714108138952
01-Aug-2026 00:10:20,-136.413735517057,-28.9806457837216,0,26,26,26,11,-28.9806457837216
01-Aug-2026 00:10:22,-136.657031130381,-29.2239413970454,0,26,26,26,10,-29.2239413970454
01-Aug-2026 00:10:24,-137.243057119282,-29.8099673859464,0,26,26,26,10,-29.8099673859464
01-Aug-2026 00:10:26,-136.783581000206,-29.3504912668711,0,26,26,26,10,-29.3504912668711
01-Aug-2026 00:10:28,-136.624359602721,-29.191269869386,0,26,26,26,12,-29.191269869386
01-Aug-2026 00:10:30,-151.490014567791,-44.0569248344557,0,26,26,26,12,-44.0569248344557
01-Aug-2026 00:10:32,-150.889107583145,-43.4560178498102,0,26,26,26,11,-43.4560178498102
01-Aug-2026 00:10:34,-142.851894454639,-35.4188047213041,0,26,26,26,13,-35.4188047213041
01-Aug-2026 00:10:36,-141.972206231052,-34.5391164977169,0,26,26,26,13,-34.5391164977169
01-Aug-2026 00:10:38,-141.894164174116,-34.4610744407807,0,26,26,26,13,-34.4610744407807
01-Aug-2026 00:10:40,-141.073157725056,-33.6400679917207,0,27,27,27,12,-33.6400679917207
01-Aug-2026 00:10:42,-139.735425092115,-32.30233535878,0,27,27,27,12,-32.30233535878
01-Aug-2026 00:10:44,-139.073209792568,-31.6401200592332,0,27,27,27,13,-31.6401200592332
01-Aug-2026 00:10:46,-138.057247522126,-30.6241577887911,0,27,27,27,13,-30.6241577887911
01-Aug-2026 00:10:48,-137.652952847013,-30.2198631136776,0,27,27,27,12,-30.2198631136776
01-Aug-2026 00:10:50,-136.535955211691,-29.1028654783558,0,27,27,27,12,-29.1028654783558
01-Aug-2026 00:10:52,-136.006266194077,-28.5731764607419,0,27,27,27,12,-28.5731764607419
01-Aug-2026 00:10:54,-135.840262689401,-28.4071729560656,0,29,29,29,14,-28.4071729560656
01-Aug-2026 00:10:56,-135.877795193568,-28.4447054602331,0,29,29,29,14,-28.4447054602331
01-Aug-2026 00:10:58,-135.25373738346,-27.8206476501244,0,29,29,29,12,-27.8206476501244
01-Aug-2026 00:11:00,-135.170281304994,-27.7371915716592,0,29,29,29,10,-27.7371915716592
01-Aug-2026 00:11:02,-138.793102222104,-31.3600124887686,0,29,29,29,11,-31.3600124887686
01-Aug-2026 00:11:04,-136.994806924918,-29.5617171915825,0,28,28,28,16,-29.5617171915825
01-Aug-2026 00:11:06,-134.428205411765,-26.99511567843,0,28,28,28,17,-26.99511567843
01-Aug-2026 00:11:08,-132.911414244595,-25.4783245112601,0,27,27,27,15,-25.4783245112601
01-Aug-2026 00:11:10,-132.662827868571,-25.2297381352356,0,27,27,27,13,-25.2297381352356
01-Aug-2026 00:11:12,-132.996210941178,-25.5631212078424,0,28,28,28,13,-25.5631212078424
01-Aug-2026 00:11:14,-134.225773223432,-26.7926834900963,0,28,28,28,13,-26.7926834900963
01-Aug-2026 00:11:16,-135.683071060824,-28.2499813274889,0,28,28,28,13,-28.2499813274889
01-Aug-2026 00:11:18,-139.714924279888,-32.2818345465527,0,28,28,28,12,-32.2818345465527
01-Aug-2026 00:11:20,-142.459713624392,-35.0266238910572,0,28,28,28,14,-35.0266238910572
01-Aug-2026 00:11:22,-145.530841826253,-38.0977520929174,0,28,28,28,14,-38.0977520929174
01-Aug-2026 00:11:24,-147.937739431761,-40.5046496984263,0,28,28,28,14,-40.5046496984263
01-Aug-2026 00:11:26,-148.731866472789,-41.2987767394541,0,27,27,27,16,-41.2987767394541
01-Aug-2026 00:11:28,-137.665547468313,-30.2324577349782,0,27,27,27,16,-30.2324577349782
01-Aug-2026 00:11:30,-137.191303158914,-29.7582134255791,0,27,27,27,16,-29.7582134255791
01-Aug-2026 00:11:32,-136.965284709121,-29.5321949757856,0,27,27,27,17,-29.5321949757856
01-Aug-2026 00:11:34,-147.104326174351,-39.6712364410162,0,27,27,27,17,-39.6712364410162
01-Aug-2026 00:11:36,-147.102635787525,-39.6695460541896,0,27,27,27,16,-39.6695460541896
01-Aug-2026 00:11:38,-150.661194760856,-43.2281050275207,0,27,27,27,15,-43.2281050275207
01-Aug-2026 00:11:40,-151.369615745461,-43.9365260121259,0,26,26,26,14,-43.9365260121259
01-Aug-2026 00:11:42,-151.451462955669,-44.0183732223341,0,26,26,26,14,-44.0183732223341
01-Aug-2026 00:11:44,-152.110270542777,-44.6771808094416,0,26,26,26,13,-44.6771808094416
01-Aug-2026 00:11:46,-134.275536017398,-26.8424462840624,0,26,26,26,14,-26.8424462840624
01-Aug-2026 00:11:48,-135.261849806537,-27.8287600732018,0,26,26,26,10,-27.8287600732018
01-Aug-2026 00:11:50,-139.2971143762,-31.8640246428647,0,26,26,26,9,-31.8640246428647
01-Aug-2026 00:11:52,-140.009246631973,-32.5761568986376,0,27,27,27,10,-32.5761568986376
01-Aug-2026 00:11:54,-141.001196736469,-33.568107003134,0,27,27,27,9,-33.568107003134
01-Aug-2026 00:11:56,-142.046575993661,-34.6134862603259,0,27,27,27,9,-34.6134862603259
01-Aug-2026 00:11:58,-152.608458085422,-45.1753683520873,0,26,26,26,9,-45.1753683520873
01-Aug-2026 00:12:00,-152.499330409467,-45.066240676132,0,26,26,26,10,-45.066240676132
01-Aug-2026 00:12:02,-152.770018325228,-45.336928591893,0,26,26,26,12,-45.336928591893
01-Aug-2026 00:12:04,-153.016895157074,-45.5838054237392,0,26,26,26,11,-45.5838054237392
01-Aug-2026 00:12:06,-152.463399115863,-45.0303093825283,0,26,26,26,11,-45.0303093825283
01-Aug-2026 00:12:08,-152.859179368494,-45.4260896351592,0,26,26,26,10,-45.4260896351592
01-Aug-2026 00:12:10,-152.788025319568,-45.3549355862324,0,26,26,26,9,-45.3549355862324
01-Aug-2026 00:12:12,-152.398655452872,-44.9655657195364,0,26,26,26,11,-44.9655657195364
01-Aug-2026 00:12:14,-152.738496711855,-45.3054069785199,0,26,26,26,11,-45.3054069785199
01-Aug-2026 00:12:16,-154.486480876423,-47.0533911430875,0,26,26,26,11,-47.0533911430875
01-Aug-2026 00:12:18,-154.603511787441,-47.1704220541061,0,26,26,26,11,-47.1704220541061
01-Aug-2026 00:12:20,-155.169921151434,-47.7368314180986,0,26,26,26,10,-47.7368314180986
01-Aug-2026 00:12:22,-155.277605990608,-47.8445162572731,0,26,26,26,11,-47.8445162572731
01-Aug-2026 00:12:24,-152.48588961629,-45.0527998829544,0,26,26,26,10,-45.0527998829544
01-Aug-2026 00:12:26,-151.828569280555,-44.3954795472199,0,26,26,26,11,-44.3954795472199
01-Aug-2026 00:12:28,-151.80107564518,-44.3679859118451,0,25,25,25,11,-44.3679859118451
01-Aug-2026 00:12:30,-151.859571395505,-44.4264816621699,0,25,25,25,10,-44.4264816621699
01-Aug-2026 00:12:32,-151.983066705714,-44.5499769723786,0,24,24,24,9,-44.5499769723786
01-Aug-2026 00:12:34,-154.442283320625,-47.0091935872898,0,24,24,24,8,-47.0091935872898
01-Aug-2026 00:12:36,-154.648854784569,-47.2157650512342,0,24,24,24,7,-47.2157650512342
01-Aug-2026 00:12:38,-152.865956291423,-45.4328665580878,0,24,24,24,9,-45.4328665580878
01-Aug-2026 00:12:40,-153.063684180638,-45.6305944473027,0,24,24,24,10,-45.6305944473027
01-Aug-2026 00:12:42,-153.388605098447,-45.9555153651116,0,25,25,25,10,-45.9555153651116
01-Aug-2026 00:12:44,-153.633233981617,-46.2001442482816,0,25,25,25,12,-46.2001442482816
01-Aug-2026 00:12:46,-153.517227294972,-46.0841375616366,0,25,25,25,12,-46.0841375616366
01-Aug-2026 00:12:48,-153.435605262847,-46.0025155295114,0,26,26,26,15,-46.0025155295114
01-Aug-2026 00:12:50,-154.965370792012,-47.5322810586767,0,26,26,26,14,-47.5322810586767
01-Aug-2026 00:12:52,-156.365367609818,-48.9322778764829,0,26,26,26,13,-48.9322778764829
01-Aug-2026 00:12:54,-157.136785709164,-49.7036959758285,0,26,26,26,10,-49.7036959758285
01-Aug-2026 00:12:56,-156.743146546431,-49.3100568130963,0,25,25,25,9,-49.3100568130963
01-Aug-2026 00:12:58,-157.326094454589,-49.8930047212541,0,25,25,25,8,-49.8930047212541
01-Aug-2026 00:13:00,-157.681111296768,-50.2480215634324,0,24,24,24,8,-50.2480215634324
01-Aug-2026 00:13:02,-152.360688235315,-44.9275985019798,0,24,24,24,9,-44.9275985019798
01-Aug-2026 00:13:04,-152.85398509893,-45.420895365595,0,25,25,25,8,-45.420895365595
01-Aug-2026 00:13:06,-152.774889457591,-45.3417997242557,0,26,26,26,8,-45.3417997242557
01-Aug-2026 00:13:08,-154.318503633859,-46.8854139005238,0,26,26,26,7,-46.8854139005238
01-Aug-2026 00:13:10,-153.508843682138,-46.0757539488024,0,26,26,26,8,-46.0757539488024
01-Aug-2026 00:13:12,-154.315022359594,-46.8819326262591,0,26,26,26,8,-46.8819326262591
01-Aug-2026 00:13:14,-154.676480162361,-47.243390429026,0,26,26,26,10,-47.243390429026
01-Aug-2026 00:13:16,-154.952574368145,-47.5194846348101,0,25,25,25,10,-47.5194846348101
01-Aug-2026 00:13:18,-154.590685995654,-47.1575962623185,0,25,25,25,9,-47.1575962623185
01-Aug-2026 00:13:20,-153.284297160398,-45.8512074270625,0,24,24,24,11,-45.8512074270625
01-Aug-2026 00:13:22,-153.131909536193,-45.6988198028581,0,24,24,24,11,-45.6988198028581
01-Aug-2026 00:13:24,-153.444486788939,-46.0113970556038,0,24,24,24,11,-46.0113970556038
01-Aug-2026 00:13:26,-153.143334402223,-45.710244668888,0,24,24,24,11,-45.710244668888
01-Aug-2026 00:13:28,-153.011766716869,-45.5786769835338,0,24,24,24,11,-45.5786769835338
01-Aug-2026 00:13:30,-153.88068756934,-46.4475978360045,0,24,24,24,13,-46.4475978360045
01-Aug-2026 00:13:32,-154.537551314391,-47.1044615810554,0,24,24,24,12,-47.1044615810554
01-Aug-2026 00:13:34,-154.256900756998,-46.8238110236632,0,24,24,24,13,-46.8238110236632
01-Aug-2026 00:13:36,-154.084569399467,-46.6514796661317,0,24,24,24,13,-46.6514796661317
01-Aug-2026 00:13:38,-153.775795171131,-46.3427054377956,0,24,24,24,14,-46.3427054377956
01-Aug-2026 00:13:40,-153.996510208364,-46.5634204750293,0,24,24,24,15,-46.5634204750293
01-Aug-2026 00:13:42,-150.613581231846,-43.1804914985106,0,25,25,25,14,-43.1804914985106
01-Aug-2026 00:13:44,-152.311349979418,-44.8782602460831,0,25,25,25,14,-44.8782602460831
01-Aug-2026 00:13:46,-152.047302878839,-44.6142131455038,0,25,25,25,15,-44.6142131455038
01-Aug-2026 00:13:48,-151.817619806599,-44.3845300732638,0,25,25,25,15,-44.3845300732638
01-Aug-2026 00:13:50,-152.056148310553,-44.6230585772182,0,25,25,25,14,-44.6230585772182
01-Aug-2026 00:13:52,-149.029264887761,-41.5961751544258,0,25,25,25,15,-41.5961751544258
01-Aug-2026 00:13:54,-148.628923890184,-41.1958341568492,0,25,25,25,14,-41.1958341568492
01-Aug-2026 00:13:56,-148.270045201206,-40.8369554678705,0,25,25,25,13,-40.8369554678705
01-Aug-2026 00:13:58,-147.818377555251,-40.3852878219157,0,25,25,25,14,-40.3852878219157
01-Aug-2026 00:14:00,-143.074667005139,-35.6415772718043,0,26,26,26,15,-35.6415772718043
01-Aug-2026 00:14:02,-142.028477272417,-34.5953875390817,0,26,26,26,15,-34.5953875390817
01-Aug-2026 00:14:04,-142.46982570406,-35.0367359707247,0,26,26,26,15,-35.0367359707247
01-Aug-2026 00:14:06,-142.996143102138,-35.5630533688032,0,26,26,26,15,-35.5630533688032
01-Aug-2026 00:14:08,-143.186014475314,-35.7529247419789,0,26,26,26,15,-35.7529247419789
01-Aug-2026 00:14:10,-147.175633749487,-39.7425440161518,0,26,26,26,15,-39.7425440161518
01-Aug-2026 00:14:12,-146.097598091155,-38.6645083578199,0,26,26,26,14,-38.6645083578199
01-Aug-2026 00:14:14,-145.237844976886,-37.8047552435511,0,26,26,26,15,-37.8047552435511
01-Aug-2026 00:14:16,-144.804459742739,-37.3713700094036,0,26,26,26,14,-37.3713700094036
01-Aug-2026 00:14:18,-144.083790498706,-36.6507007653712,0,26,26,26,14,-36.6507007653712
01-Aug-2026 00:14:20,-142.89337060522,-35.460280871885,0,26,26,26,15,-35.460280871885
01-Aug-2026 00:14:22,-142.069877835276,-34.6367881019411,0,26,26,26,13,-34.6367881019411
01-Aug-2026 00:14:24,-141.299386819157,-33.8662970858216,0,26,26,26,13,-33.8662970858216
01-Aug-2026 00:14:26,-140.634527031331,-33.2014372979962,0,26,26,26,14,-33.2014372979962
01-Aug-2026 00:14:28,-140.155955250405,-32.7228655170702,0,26,26,26,13,-32.7228655170702
01-Aug-2026 00:14:30,-139.429767032334,-31.9966772989991,0,27,27,27,15,-31.9966772989991
01-Aug-2026 00:14:32,-138.563594438394,-31.1305047050593,0,27,27,27,15,-31.1305047050593
01-Aug-2026 00:14:34,-138.656128803243,-31.2230390699077,0,27,27,27,14,-31.2230390699077
01-Aug-2026 00:14:36,-138.584847150135,-31.1517574167997,0,27,27,27,15,-31.1517574167997
01-Aug-2026 00:14:38,-139.07190727428,-31.6388175409446,0,27,27,27,14,-31.6388175409446
01-Aug-2026 00:14:40,-138.996997015833,-31.5639072824982,0,27,27,27,14,-31.5639072824982
01-Aug-2026 00:14:42,-138.980724989739,-31.5476352564041,0,28,28,28,16,-31.5476352564041
01-Aug-2026 00:14:44,-138.383792672975,-30.9507029396395,0,29,29,29,18,-30.9507029396395
01-Aug-2026 00:14:46,-137.574908608161,-30.1418188748256,0,29,29,29,18,-30.1418188748256
01-Aug-2026 00:14:48,-137.507130088648,-30.0740403553126,0,29,29,29,16,-30.0740403553126
01-Aug-2026 00:14:50,-137.204378484433,-29.7712887510978,0,29,29,29,15,-29.7712887510978
01-Aug-2026 00:14:52,-136.925130170785,-29.4920404374496,0,29,29,29,16,-29.4920404374496
01-Aug-2026 00:14:54,-136.75369206457,-29.3206023312344,0,29,29,29,16,-29.3206023312344
01-Aug-2026 00:14:56,-136.573055514486,-29.1399657811507,0,29,29,29,15,-29.1399657811507
01-Aug-2026 00:14:58,-136.716362551311,-29.2832728179756,0,29,29,29,15,-29.2832728179756
01-Aug-2026 00:15:00,-136.984580424987,-29.5514906916515,0,28,28,28,15,-29.5514906916515
01-Aug-2026 00:15:02,-136.970638917623,-29.5375491842876,0,29,29,29,12,-29.5375491842876
01-Aug-2026 00:15:04,-136.521945227964,-29.0888554946287,0,29,29,29,13,-29.0888554946287
01-Aug-2026 00:15:06,-136.44286409226,-29.0097743589251,0,29,29,29,14,-29.0097743589251
01-Aug-2026 00:15:08,-161.550568286002,-54.1174785526666,0,29,29,29,13,-54.1174785526666
01-Aug-2026 00:15:10,-158.251720055124,-50.8186303217892,0,29,29,29,15,-50.8186303217892
01-Aug-2026 00:15:12,-145.188925233983,-37.7558355006478,0,28,28,28,14,-37.7558355006478
01-Aug-2026 00:15:14,-135.389438440765,-27.9563487074294,0,28,28,28,14,-27.9563487074294
01-Aug-2026 00:15:16,-134.970676036287,-27.5375863029513,0,28,28,28,14,-27.5375863029513
01-Aug-2026 00:15:18,-135.83517302582,-28.4020832924847,0,27,27,27,14,-28.4020832924847
01-Aug-2026 00:15:20,-135.941788678983,-28.5086989456475,0,27,27,27,14,-28.5086989456475
01-Aug-2026 00:15:22,-136.389449689597,-28.9563599562623,0,27,27,27,14,-28.9563599562623
01-Aug-2026 00:15:24,-136.998203103384,-29.5651133700489,0,27,27,27,14,-29.5651133700489
01-Aug-2026 00:15:26,-137.117134341682,-29.6840446083468,0,27,27,27,14,-29.6840446083468
01-Aug-2026 00:15:28,-137.504172824961,-30.0710830916257,0,27,27,27,15,-30.0710830916257
01-Aug-2026 00:15:30,-137.434559866766,-30.0014701334305,0,26,26,26,13,-30.0014701334305
01-Aug-2026 00:15:32,-138.531834549102,-31.0987448157672,0,26,26,26,12,-31.0987448157672
01-Aug-2026 00:15:34,-139.287658828589,-31.8545690952538,0,26,26,26,12,-31.8545690952538
01-Aug-2026 00:15:36,-139.771439983006,-32.338350249671,0,26,26,26,10,-32.338350249671
01-Aug-2026 00:15:38,-140.673252781775,-33.2401630484401,0,26,26,26,11,-33.2401630484401
01-Aug-2026 00:15:40,-162.834635435683,-55.4015457023477,0,25,25,25,9,-55.4015457023477
01-Aug-2026 00:15:42,-162.348806351116,-54.9157166177806,0,25,25,25,11,-54.9157166177806
01-Aug-2026 00:15:44,-157.667325855361,-50.2342361220256,0,25,25,25,11,-50.2342361220256
01-Aug-2026 00:15:46,-157.296340497781,-49.8632507644456,0,25,25,25,11,-49.8632507644456
01-Aug-2026 00:15:48,-157.100115251259,-49.6670255179237,0,26,26,26,10,-49.6670255179237
01-Aug-2026 00:15:50,-156.493547712516,-49.0604579791809,0,26,26,26,12,-49.0604579791809
01-Aug-2026 00:15:52,-157.05638736375,-49.623297630415,0,26,26,26,12,-49.623297630415
01-Aug-2026 00:15:54,-157.860000418144,-50.4269106848086,0,26,26,26,12,-50.4269106848086
01-Aug-2026 00:15:56,-157.477555766132,-50.0444660327968,0,26,26,26,12,-50.0444660327968
01-Aug-2026 00:15:58,-157.436428355488,-50.0033386221532,0,26,26,26,12,-50.0033386221532
01-Aug-2026 00:16:00,-157.021386779602,-49.5882970462671,0,26,26,26,11,-49.5882970462671
01-Aug-2026 00:16:02,-157.177049548057,-49.743959814722,0,26,26,26,12,-49.743959814722
01-Aug-2026 00:16:04,-156.732887031604,-49.2997972982691,0,26,26,26,11,-49.2997972982691
01-Aug-2026 00:16:06,-156.869857839522,-49.4367681061871,0,26,26,26,13,-49.4367681061871
01-Aug-2026 00:16:08,-150.595352021366,-43.1622622880309,0,26,26,26,14,-43.1622622880309
01-Aug-2026 00:16:10,-151.427118802954,-43.994029069619,0,26,26,26,13,-43.994029069619
01-Aug-2026 00:16:12,-151.678041139216,-44.2449514058805,0,25,25,25,12,-44.2449514058805
01-Aug-2026 00:16:14,-152.238678968727,-44.8055892353922,0,25,25,25,12,-44.8055892353922
01-Aug-2026 00:16:16,-152.516688364872,-45.0835986315373,0,25,25,25,13,-45.0835986315373
01-Aug-2026 00:16:18,-139.026577951439,-31.593488218104,0,26,26,26,13,-31.593488218104
01-Aug-2026 00:16:20,-142.994031566037,-35.5609418327014,0,26,26,26,13,-35.5609418327014
01-Aug-2026 00:16:22,-145.838110891372,-38.4050211580366,0,26,26,26,13,-38.4050211580366
01-Aug-2026 00:16:24,-148.482923900418,-41.0498341670825,0,26,26,26,13,-41.0498341670825
01-Aug-2026 00:16:26,-150.668937660876,-43.2358479275406,0,26,26,26,13,-43.2358479275406
01-Aug-2026 00:16:28,-151.744619353542,-44.3115296202063,0,26,26,26,14,-44.3115296202063
01-Aug-2026 00:16:30,-152.053513641412,-44.6204239080768,0,26,26,26,14,-44.6204239080768
01-Aug-2026 00:16:32,-153.396288310237,-45.9631985769018,0,26,26,26,14,-45.9631985769018
01-Aug-2026 00:16:34,-153.340695000746,-45.9076052674104,0,27,27,27,13,-45.9076052674104
01-Aug-2026 00:16:36,-153.426499081492,-45.9934093481566,0,27,27,27,14,-45.9934093481566
01-Aug-2026 00:16:38,-152.546079435301,-45.112989701966,0,27,27,27,17,-45.112989701966
01-Aug-2026 00:16:40,-152.647389857097,-45.2143001237615,0,27,27,27,15,-45.2143001237615
01-Aug-2026 00:16:42,-152.19459832645,-44.7615085931148,0,25,25,25,16,-44.7615085931148
01-Aug-2026 00:16:44,-151.625249747707,-44.1921600143716,0,25,25,25,16,-44.1921600143716
01-Aug-2026 00:16:46,-151.667454594589,-44.2343648612534,0,25,25,25,16,-44.2343648612534
01-Aug-2026 00:16:48,-151.728967049995,-44.2958773166596,0,25,25,25,14,-44.2958773166596
01-Aug-2026 00:16:50,-151.968113618026,-44.5350238846906,0,25,25,25,16,-44.5350238846906
01-Aug-2026 00:16:52,-152.546086936166,-45.1129972028306,0,25,25,25,13,-45.1129972028306
01-Aug-2026 00:16:54,-152.66001201081,-45.226922277475,0,25,25,25,13,-45.226922277475
01-Aug-2026 00:16:56,-153.954761110616,-46.5216713772805,0,25,25,25,13,-46.5216713772805
01-Aug-2026 00:16:58,-154.162149552852,-46.7290598195173,0,26,26,26,14,-46.7290598195173
01-Aug-2026 00:17:00,-153.720464392186,-46.2873746588507,0,26,26,26,15,-46.2873746588507
01-Aug-2026 00:17:02,-153.719651999887,-46.2865622665514,0,26,26,26,14,-46.2865622665514
01-Aug-2026 00:17:04,-153.747231638496,-46.3141419051612,0,26,26,26,13,-46.3141419051612
01-Aug-2026 00:17:06,-152.95461445749,-45.5215247241551,0,26,26,26,12,-45.5215247241551
01-Aug-2026 00:17:08,-152.920968281331,-45.4878785479959,0,24,24,24,11,-45.4878785479959
01-Aug-2026 00:17:10,-155.309659120071,-47.8765693867354,0,24,24,24,11,-47.8765693867354
01-Aug-2026 00:17:12,-154.920158555912,-47.4870688225764,0,24,24,24,10,-47.4870688225764
01-Aug-2026 00:17:14,-154.648419789433,-47.2153300560981,0,24,24,24,12,-47.2153300560981
01-Aug-2026 00:17:16,-153.218882024166,-45.7857922908304,0,24,24,24,13,-45.7857922908304
01-Aug-2026 00:17:18,-152.992784500701,-45.5596947673655,0,24,24,24,13,-45.5596947673655
01-Aug-2026 00:17:20,-161.312925320696,-53.8798355873608,0,24,24,24,11,-53.8798355873608
01-Aug-2026 00:17:22,-160.250804738178,-52.8177150048429,0,24,24,24,12,-52.8177150048429
01-Aug-2026 00:17:24,-158.978619597867,-51.5455298645322,0,24,24,24,12,-51.5455298645322
01-Aug-2026 00:17:26,-157.190764990644,-49.757675257309,0,24,24,24,12,-49.757675257309
01-Aug-2026 00:17:28,-154.41878378693,-46.9856940535945,0,25,25,25,14,-46.9856940535945
01-Aug-2026 00:17:30,-151.639102032113,-44.206012298778,0,25,25,25,13,-44.206012298778
01-Aug-2026 00:17:32,-147.775352851853,-40.342263118518,0,25,25,25,12,-40.342263118518
01-Aug-2026 00:17:34,-145.068848379833,-37.635758646498,0,25,25,25,11,-37.635758646498
01-Aug-2026 00:17:36,-140.275187012054,-32.8420972787191,0,25,25,25,10,-32.8420972787191
01-Aug-2026 00:17:38,-136.41442229658,-28.9813325632448,0,25,25,25,11,-28.9813325632448
01-Aug-2026 00:17:40,-161.37131525137,-53.9382255180344,0,25,25,25,10,-53.9382255180344
01-Aug-2026 00:17:42,-161.401490774373,-53.9684010410381,0,25,25,25,9,-53.9684010410381
01-Aug-2026 00:17:44,-161.836775147775,-54.40368541444,0,25,25,25,10,-54.40368541444
01-Aug-2026 00:17:46,-161.542373046451,-54.1092833131158,0,25,25,25,9,-54.1092833131158
01-Aug-2026 00:17:48,-161.481581728789,-54.0484919954542,0,25,25,25,11,-54.0484919954542
01-Aug-2026 00:17:50,-161.255783357684,-53.8226936243483,0,25,25,25,11,-53.8226936243483
01-Aug-2026 00:17:52,-161.712260454226,-54.2791707208908,0,25,25,25,11,-54.2791707208908
01-Aug-2026 00:17:54,-160.301216467181,-52.8681267338463,0,26,26,26,13,-52.8681267338463
01-Aug-2026 00:17:56,-159.73319125568,-52.3001015223445,0,26,26,26,13,-52.3001015223445
01-Aug-2026 00:17:58,-159.931393738169,-52.4983040048343,0,26,26,26,13,-52.4983040048343
01-Aug-2026 00:18:00,-160.404792899588,-52.9717031662526,0,26,26,26,12,-52.9717031662526
01-Aug-2026 00:18:02,-158.957838362408,-51.524748629073,0,26,26,26,14,-51.524748629073
01-Aug-2026 00:18:04,-159.456943085283,-52.0238533519478,0,26,26,26,14,-52.0238533519478
01-Aug-2026 00:18:06,-159.324538823865,-51.8914490905297,0,26,26,26,13,-51.8914490905297
01-Aug-2026 00:18:08,-159.10999185278,-51.6769021194447,0,26,26,26,13,-51.6769021194447
01-Aug-2026 00:18:10,-143.806477030096,-36.3733872967606,0,26,26,26,18,-36.3733872967606
01-Aug-2026 00:18:12,-143.91078981729,-36.4777000839544,0,26,26,26,18,-36.4777000839544
01-Aug-2026 00:18:14,-143.993414848687,-36.5603251153518,0,26,26,26,18,-36.5603251153518
01-Aug-2026 00:18:16,-144.358190169952,-36.9251004366172,0,26,26,26,16,-36.9251004366172
01-Aug-2026 00:18:18,-144.071877902181,-36.6387881688459,0,26,26,26,14,-36.6387881688459
01-Aug-2026 00:18:20,-143.492956771825,-36.0598670384896,0,27,27,27,14,-36.0598670384896
01-Aug-2026 00:18:22,-143.510088938994,-36.0769992056593,0,27,27,27,15,-36.0769992056593
01-Aug-2026 00:18:24,-143.404520314972,-35.971430581637,0,27,27,27,16,-35.971430581637
01-Aug-2026 00:18:26,-142.709835955136,-35.2767462218009,0,27,27,27,16,-35.2767462218009
01-Aug-2026 00:18:28,-143.076764924161,-35.6436751908256,0,27,27,27,17,-35.6436751908256
01-Aug-2026 00:18:30,-142.204420190163,-34.7713304568278,0,27,27,27,18,-34.7713304568278
01-Aug-2026 00:18:32,-142.112812564844,-34.6797228315093,0,28,28,28,19,-34.6797228315093
01-Aug-2026 00:18:34,-143.925668922094,-36.492579188759,0,29,29,29,17,-36.492579188759
01-Aug-2026 00:18:36,-143.790306442579,-36.3572167092439,0,30,30,30,16,-36.3572167092439
01-Aug-2026 00:18:38,-143.469545105289,-36.0364553719537,0,30,30,30,17,-36.0364553719537
01-Aug-2026 00:18:40,-143.389322263792,-35.9562325304573,0,30,30,30,16,-35.9562325304573
01-Aug-2026 00:18:42,-143.098328022575,-35.66523828924,0,30,30,30,16,-35.66523828924
01-Aug-2026 00:18:44,-143.060867719523,-35.6277779861875,0,30,30,30,16,-35.6277779861875
01-Aug-2026 00:18:46,-142.384298967086,-34.9512092337505,0,29,29,29,14,-34.9512092337505
01-Aug-2026 00:18:48,-142.164531459061,-34.7314417257253,0,29,29,29,14,-34.7314417257253
01-Aug-2026 00:18:50,-142.354187633919,-34.921097900584,0,29,29,29,15,-34.921097900584
01-Aug-2026 00:18:52,-142.712252991514,-35.2791632581788,0,28,28,28,15,-35.2791632581788
01-Aug-2026 00:18:54,-142.775573602437,-35.3424838691023,0,29,29,29,16,-35.3424838691023
01-Aug-2026 00:18:56,-142.407643691641,-34.9745539583056,0,29,29,29,16,-34.9745539583056
01-Aug-2026 00:18:58,-142.061564049878,-34.6284743165432,0,29,29,29,17,-34.6284743165432
01-Aug-2026 00:19:00,-141.821514296774,-34.3884245634391,0,29,29,29,18,-34.3884245634391
01-Aug-2026 00:19:02,-141.75622964669,-34.3231399133545,0,29,29,29,19,-34.3231399133545
01-Aug-2026 00:19:04,-141.64556781681,-34.212478083475,0,28,28,28,18,-34.212478083475
01-Aug-2026 00:19:06,-141.691263522653,-34.258173789318,0,28,28,28,17,-34.258173789318
01-Aug-2026 00:19:08,-141.824991538637,-34.3919018053017,0,28,28,28,18,-34.3919018053017
01-Aug-2026 00:19:10,-142.045957397778,-34.6128676644429,0,28,28,28,18,-34.6128676644429
01-Aug-2026 00:19:12,-142.051554187272,-34.6184644539372,0,27,27,27,19,-34.6184644539372
01-Aug-2026 00:19:14,-142.734984556367,-35.3018948230315,0,27,27,27,17,-35.3018948230315
01-Aug-2026 00:19:16,-142.953188265524,-35.5200985321887,0,27,27,27,16,-35.5200985321887
01-Aug-2026 00:19:18,-143.212477767157,-35.779388033822,0,27,27,27,16,-35.779388033822
01-Aug-2026 00:19:20,-143.51239626096,-36.0793065276253,0,26,26,26,15,-36.0793065276253
01-Aug-2026 00:19:22,-169.736395074463,-62.3033053411279,0,25,25,25,13,-62.3033053411279
01-Aug-2026 00:19:24,-170.007441064116,-62.574351330781,0,25,25,25,14,-62.574351330781
01-Aug-2026 00:19:26,-170.464919757805,-63.0318300244702,0,25,25,25,13,-63.0318300244702
01-Aug-2026 00:19:28,-170.603568435783,-63.1704787024477,0,25,25,25,13,-63.1704787024477
01-Aug-2026 00:19:30,-169.826062401571,-62.3929726682362,0,25,25,25,15,-62.3929726682362
01-Aug-2026 00:19:32,-169.942436574751,-62.509346841416,0,25,25,25,14,-62.509346841416
01-Aug-2026 00:19:34,-169.276214586268,-61.8431248529327,0,25,25,25,16,-61.8431248529327
01-Aug-2026 00:19:36,-169.055900661997,-61.622810928662,0,25,25,25,15,-61.622810928662
01-Aug-2026 00:19:38,-169.214134382776,-61.781044649441,0,25,25,25,14,-61.781044649441
01-Aug-2026 00:19:40,-168.792536564472,-61.3594468311367,0,25,25,25,14,-61.3594468311367
01-Aug-2026 00:19:42,-151.467080957163,-44.0339912238279,0,25,25,25,13,-44.0339912238279
01-Aug-2026 00:19:44,-152.100029621039,-44.666939887704,0,26,26,26,12,-44.666939887704
01-Aug-2026 00:19:46,-153.402775146645,-45.9696854133102,0,26,26,26,12,-45.9696854133102
01-Aug-2026 00:19:48,-154.751731508466,-47.3186417751306,0,26,26,26,11,-47.3186417751306
01-Aug-2026 00:19:50,-155.164721933157,-47.731632199822,0,26,26,26,12,-47.731632199822
01-Aug-2026 00:19:52,-153.47170561728,-46.0386158839451,0,27,27,27,14,-46.0386158839451
01-Aug-2026 00:19:54,-154.250219655587,-46.8171299222521,0,27,27,27,15,-46.8171299222521
01-Aug-2026 00:19:56,-154.804748035907,-47.371658302572,0,27,27,27,16,-47.371658302572
01-Aug-2026 00:19:58,-151.361744644124,-43.9286549107885,0,26,26,26,17,-43.9286549107885
01-Aug-2026 00:20:00,-151.619749018615,-44.1866592852798,0,26,26,26,15,-44.1866592852798
01-Aug-2026 00:20:02,-151.55518759732,-44.1220978639847,0,26,26,26,14,-44.1220978639847
01-Aug-2026 00:20:04,-150.948105948343,-43.5150162150077,0,26,26,26,15,-43.5150162150077
01-Aug-2026 00:20:06,-150.863599368781,-43.4305096354463,0,26,26,26,16,-43.4305096354463
01-Aug-2026 00:20:08,-150.846645788139,-43.4135560548042,0,26,26,26,16,-43.4135560548042
01-Aug-2026 00:20:10,-151.100565757401,-43.6674760240658,0,26,26,26,16,-43.6674760240658
01-Aug-2026 00:20:12,-150.565212482226,-43.1321227488909,0,26,26,26,14,-43.1321227488909
01-Aug-2026 00:20:14,-159.853449059188,-52.4203593258532,0,26,26,26,12,-52.4203593258532
01-Aug-2026 00:20:16,-161.145699527991,-53.7126097946563,0,26,26,26,12,-53.7126097946563
01-Aug-2026 00:20:18,-162.231017803099,-54.7979280697642,0,26,26,26,13,-54.7979280697642
01-Aug-2026 00:20:20,-161.573720284344,-54.1406305510093,0,26,26,26,13,-54.1406305510093
01-Aug-2026 00:20:22,-160.460118757388,-53.0270290240528,0,26,26,26,13,-53.0270290240528
01-Aug-2026 00:20:24,-161.597253592324,-54.1641638589883,0,26,26,26,12,-54.1641638589883
01-Aug-2026 00:20:26,-161.737673270887,-54.3045835375519,0,27,27,27,12,-54.3045835375519
01-Aug-2026 00:20:28,-163.672449576924,-56.2393598435888,0,27,27,27,9,-56.2393598435888
01-Aug-2026 00:20:30,-162.190160108551,-54.7570703752159,0,26,26,26,9,-54.7570703752159
01-Aug-2026 00:20:32,-174.655259047015,-67.2221693136801,0,26,26,26,9,-67.2221693136801
01-Aug-2026 00:20:34,-161.281101699075,-53.8480119657395,0,26,26,26,9,-53.8480119657395
01-Aug-2026 00:20:36,-156.050081941868,-48.6169922085326,0,26,26,26,10,-48.6169922085326
01-Aug-2026 00:20:38,-152.377111941984,-44.9440222086492,0,26,26,26,10,-44.9440222086492
01-Aug-2026 00:20:40,-152.065696462397,-44.6326067290614,0,26,26,26,10,-44.6326067290614
01-Aug-2026 00:20:42,-150.738384855299,-43.3052951219635,0,27,27,27,11,-43.3052951219635
01-Aug-2026 00:20:44,-150.099117915891,-42.6660281825556,0,26,26,26,10,-42.6660281825556
01-Aug-2026 00:20:46,-148.875572056962,-41.4424823236266,0,26,26,26,10,-41.4424823236266
01-Aug-2026 00:20:48,-148.457383329126,-41.024293595791,0,26,26,26,10,-41.024293595791
01-Aug-2026 00:20:50,-145.562607310659,-38.1295175773236,0,26,26,26,12,-38.1295175773236
01-Aug-2026 00:20:52,-144.726894121629,-37.2938043882938,0,26,26,26,12,-37.2938043882938
01-Aug-2026 00:20:54,-144.249460885517,-36.8163711521822,0,26,26,26,13,-36.8163711521822
01-Aug-2026 00:20:56,-143.952952323268,-36.5198625899328,0,25,25,25,11,-36.5198625899328
01-Aug-2026 00:20:58,-143.920510964387,-36.4874212310516,0,25,25,25,14,-36.4874212310516
01-Aug-2026 00:21:00,-145.391330973606,-37.9582412402707,0,24,24,24,12,-37.9582412402707
01-Aug-2026 00:21:02,-145.156137734127,-37.7230480007917,0,24,24,24,11,-37.7230480007917
01-Aug-2026 00:21:04,-144.863750722705,-37.4306609893693,0,24,24,24,14,-37.4306609893693
01-Aug-2026 00:21:06,-144.854656517233,-37.4215667838973,0,24,24,24,13,-37.4215667838973
01-Aug-2026 00:21:08,-144.440711722187,-37.0076219888515,0,24,24,24,12,-37.0076219888515
01-Aug-2026 00:21:10,-144.351174215865,-36.9180844825301,0,24,24,24,12,-36.9180844825301
01-Aug-2026 00:21:12,-143.75667494868,-36.3235852153452,0,24,24,24,13,-36.3235852153452
01-Aug-2026 00:21:14,-144.092856166126,-36.6597664327913,0,24,24,24,12,-36.6597664327913
01-Aug-2026 00:21:16,-143.635049680705,-36.2019599473702,0,25,25,25,15,-36.2019599473702
01-Aug-2026 00:21:18,-143.642544499407,-36.2094547660715,0,25,25,25,14,-36.2094547660715
01-Aug-2026 00:21:20,-143.153408338504,-35.7203186051691,0,25,25,25,14,-35.7203186051691
01-Aug-2026 00:21:22,-142.877815469937,-35.4447257366013,0,25,25,25,13,-35.4447257366013
01-Aug-2026 00:21:24,-142.830882126036,-35.3977923927007,0,25,25,25,13,-35.3977923927007
01-Aug-2026 00:21:26,-142.658600440422,-35.2255107070871,0,25,25,25,15,-35.2255107070871
01-Aug-2026 00:21:28,-131.353571283397,-23.920481550062,0,25,25,25,17,-23.920481550062
01-Aug-2026 00:21:30,-141.820728515329,-34.3876387819941,0,25,25,25,17,-34.3876387819941
01-Aug-2026 00:21:32,-141.446251093819,-34.0131613604838,0,25,25,25,16,-34.0131613604838
01-Aug-2026 00:21:34,-140.876989245593,-33.4438995122583,0,25,25,25,14,-33.4438995122583
01-Aug-2026 00:21:36,-140.879008133903,-33.4459184005679,0,25,25,25,15,-33.4459184005679
01-Aug-2026 00:21:38,-143.449727667181,-36.0166379338463,0,25,25,25,15,-36.0166379338463
01-Aug-2026 00:21:40,-143.433668286012,-36.000578552677,0,25,25,25,15,-36.000578552677
01-Aug-2026 00:21:42,-143.633795385358,-36.2007056520229,0,25,25,25,15,-36.2007056520229
01-Aug-2026 00:21:44,-143.562466994882,-36.1293772615465,0,25,25,25,15,-36.1293772615465
01-Aug-2026 00:21:46,-143.996759599743,-36.5636698664076,0,25,25,25,15,-36.5636698664076
01-Aug-2026 00:21:48,-143.788101960877,-36.3550122275423,0,26,26,26,15,-36.3550122275423
01-Aug-2026 00:21:50,-143.379623127262,-35.9465333939269,0,26,26,26,15,-35.9465333939269
01-Aug-2026 00:21:52,-142.732945727124,-35.299855993789,0,26,26,26,15,-35.299855993789
01-Aug-2026 00:21:54,-142.654543037904,-35.2214533045689,0,26,26,26,15,-35.2214533045689
01-Aug-2026 00:21:56,-142.145299582396,-34.712209849061,0,26,26,26,13,-34.712209849061
01-Aug-2026 00:21:58,-142.547927296067,-35.114837562732,0,26,26,26,12,-35.114837562732
01-Aug-2026 00:22:00,-142.828447147192,-35.3953574138564,0,26,26,26,11,-35.3953574138564
01-Aug-2026 00:22:02,-142.404278229541,-34.9711884962063,0,26,26,26,10,-34.9711884962063
01-Aug-2026 00:22:04,-142.430898566887,-34.9978088335518,0,26,26,26,9,-34.9978088335518
01-Aug-2026 00:22:06,-173.135515425396,-65.7024256920612,0,26,26,26,8,-65.7024256920612
01-Aug-2026 00:22:08,-173.452105637535,-66.0190159041995,0,26,26,26,8,-66.0190159041995
01-Aug-2026 00:22:10,-174.497022830901,-67.0639330975659,0,27,27,27,8,-67.0639330975659
01-Aug-2026 00:22:12,-174.571680028731,-67.1385902953963,0,27,27,27,9,-67.1385902953963
01-Aug-2026 00:22:14,-174.939047902579,-67.5059581692436,0,27,27,27,9,-67.5059581692436
01-Aug-2026 00:22:16,-176.035644558994,-68.6025548256591,0,27,27,27,9,-68.6025548256591
01-Aug-2026 00:22:18,-176.449211281707,-69.0161215483716,0,28,28,28,8,-69.0161215483716
01-Aug-2026 00:22:20,-176.249057055322,-68.815967321987,0,29,29,29,9,-68.815967321987
01-Aug-2026 00:22:22,-161.211421632766,-53.7783318994307,0,29,29,29,8,-53.7783318994307
01-Aug-2026 00:22:24,-160.417286404181,-52.9841966708463,0,29,29,29,9,-52.9841966708463
01-Aug-2026 00:22:26,-157.443707530263,-50.0106177969282,0,30,30,30,11,-50.0106177969282
01-Aug-2026 00:22:28,-157.368538911179,-49.9354491778434,0,30,30,30,10,-49.9354491778434
01-Aug-2026 00:22:30,-157.374473843763,-49.9413841104274,0,30,30,30,11,-49.9413841104274
01-Aug-2026 00:22:32,-157.411465275051,-49.9783755417156,0,30,30,30,12,-49.9783755417156
01-Aug-2026 00:22:34,-160.801895197193,-53.3688054638581,0,30,30,30,12,-53.3688054638581
01-Aug-2026 00:22:36,-160.648793150727,-53.2157034173914,0,30,30,30,11,-53.2157034173914
01-Aug-2026 00:22:38,-161.136644327988,-53.7035545946525,0,29,29,29,11,-53.7035545946525
01-Aug-2026 00:22:40,-161.447899417445,-54.01480968411,0,29,29,29,12,-54.01480968411
01-Aug-2026 00:22:42,-160.90847524592,-53.4753855125848,0,29,29,29,12,-53.4753855125848
01-Aug-2026 00:22:44,-152.394766445144,-44.9616767118087,0,28,28,28,13,-44.9616767118087
01-Aug-2026 00:22:46,-151.777333020641,-44.3442432873061,0,29,29,29,12,-44.3442432873061
01-Aug-2026 00:22:48,-151.324291348989,-43.8912016156538,0,29,29,29,10,-43.8912016156538
01-Aug-2026 00:22:50,-151.048647134301,-43.615557400966,0,29,29,29,9,-43.615557400966
01-Aug-2026 00:22:52,-158.805144679708,-51.3720549463729,0,29,29,29,7,-51.3720549463729
01-Aug-2026 00:22:54,-158.762648310455,-51.32955857712,0,29,29,29,6,-51.32955857712
01-Aug-2026 00:22:56,-157.148505824079,-49.7154160907438,0,28,28,28,8,-49.7154160907438
01-Aug-2026 00:22:58,-156.78056723746,-49.3474775041252,0,28,28,28,7,-49.3474775041252
01-Aug-2026 00:23:00,-156.456285065341,-49.0231953320062,0,28,28,28,8,-49.0231953320062
01-Aug-2026 00:23:02,-157.573701638503,-50.1406119051673,0,28,28,28,9,-50.1406119051673
01-Aug-2026 00:23:04,-157.300261828737,-49.8671720954018,0,27,27,27,8,-49.8671720954018
01-Aug-2026 00:23:06,-156.636500469202,-49.203410735867,0,26,26,26,8,-49.203410735867
01-Aug-2026 00:23:08,-156.803590807728,-49.3705010743931,0,26,26,26,9,-49.3705010743931
01-Aug-2026 00:23:10,-156.699933067744,-49.2668433344088,0,25,25,25,9,-49.2668433344088
01-Aug-2026 00:23:12,-156.871201852695,-49.4381121193596,0,25,25,25,9,-49.4381121193596
01-Aug-2026 00:23:14,-150.14328834212,-42.7101986087845,0,25,25,25,8,-42.7101986087845
01-Aug-2026 00:23:16,-149.607214486776,-42.1741247534412,0,25,25,25,8,-42.1741247534412
01-Aug-2026 00:23:18,-156.481243609279,-49.0481538759436,0,25,25,25,9,-49.0481538759436
01-Aug-2026 00:23:20,-155.365639767976,-47.9325500346404,0,25,25,25,10,-47.9325500346404
01-Aug-2026 00:23:22,-155.395379115267,-47.9622893819315,0,25,25,25,13,-47.9622893819315
01-Aug-2026 00:23:24,-155.355716710773,-47.9226269774375,0,25,25,25,14,-47.9226269774375
01-Aug-2026 00:23:26,-155.176036848537,-47.7429471152022,0,26,26,26,14,-47.7429471152022
01-Aug-2026 00:23:28,-155.132071338474,-47.6989816051389,0,26,26,26,13,-47.6989816051389
01-Aug-2026 00:23:30,-155.431390686481,-47.9983009531459,0,26,26,26,12,-47.9983009531459
01-Aug-2026 00:23:32,-153.63053806323,-46.1974483298951,0,26,26,26,11,-46.1974483298951
01-Aug-2026 00:23:34,-153.466052036649,-46.0329623033135,0,26,26,26,12,-46.0329623033135
01-Aug-2026 00:23:36,-153.807779092312,-46.3746893589771,0,26,26,26,12,-46.3746893589771
01-Aug-2026 00:23:38,-153.800017492675,-46.3669277593402,0,26,26,26,11,-46.3669277593402
01-Aug-2026 00:23:40,-153.440193722734,-46.0071039893986,0,25,25,25,11,-46.0071039893986
01-Aug-2026 00:23:42,-153.290674876276,-45.8575851429407,0,26,26,26,12,-45.8575851429407
01-Aug-2026 00:23:44,-153.168362737976,-45.7352730046406,0,26,26,26,12,-45.7352730046406
01-Aug-2026 00:23:46,-153.240119766989,-45.807030033654,0,26,26,26,11,-45.807030033654
01-Aug-2026 00:23:48,-152.690030994659,-45.2569412613243,0,26,26,26,11,-45.2569412613243
01-Aug-2026 00:23:50,-152.277481739648,-44.8443920063131,0,26,26,26,12,-44.8443920063131
01-Aug-2026 00:23:52,-154.342092504221,-46.9090027708863,0,26,26,26,12,-46.9090027708863
01-Aug-2026 00:23:54,-154.168199998356,-46.7351102650212,0,26,26,26,13,-46.7351102650212
01-Aug-2026 00:23:56,-154.299015759694,-46.865926026359,0,26,26,26,12,-46.865926026359
01-Aug-2026 00:23:58,-154.329867272975,-46.8967775396398,0,26,26,26,13,-46.8967775396398
01-Aug-2026 00:24:00,-154.24486939864,-46.8117796653051,0,26,26,26,13,-46.8117796653051
01-Aug-2026 00:24:02,-153.481261494813,-46.0481717614778,0,26,26,26,14,-46.0481717614778
01-Aug-2026 00:24:04,-153.801293253209,-46.3682035198734,0,26,26,26,13,-46.3682035198734
01-Aug-2026 00:24:06,-153.570729517429,-46.137639784094,0,26,26,26,13,-46.137639784094
01-Aug-2026 00:24:08,-153.384284552832,-45.9511948194969,0,26,26,26,14,-45.9511948194969
01-Aug-2026 00:24:10,-153.556862883472,-46.1237731501367,0,26,26,26,14,-46.1237731501367
01-Aug-2026 00:24:12,-153.624913898612,-46.1918241652772,0,26,26,26,17,-46.1918241652772
01-Aug-2026 00:24:14,-153.628791300116,-46.1957015667804,0,26,26,26,17,-46.1957015667804
01-Aug-2026 00:24:16,-151.824093859914,-44.3910041265789,0,26,26,26,18,-44.3910041265789
01-Aug-2026 00:24:18,-152.166973742894,-44.733884009559,0,26,26,26,16,-44.733884009559
01-Aug-2026 00:24:20,-150.481694943002,-43.0486052096664,0,26,26,26,14,-43.0486052096664
01-Aug-2026 00:24:22,-149.01983140162,-41.5867416682853,0,26,26,26,14,-41.5867416682853
01-Aug-2026 00:24:24,-148.374401320654,-40.9413115873186,0,26,26,26,14,-40.9413115873186
01-Aug-2026 00:24:26,-148.250454323208,-40.8173645898723,0,26,26,26,14,-40.8173645898723
01-Aug-2026 00:24:28,-147.925375071506,-40.4922853381711,0,26,26,26,14,-40.4922853381711
01-Aug-2026 00:24:30,-147.657305913001,-40.2242161796661,0,27,27,27,13,-40.2242161796661
01-Aug-2026 00:24:32,-147.36613639697,-39.9330466636345,0,27,27,27,14,-39.9330466636345
01-Aug-2026 00:24:34,-147.456127378951,-40.0230376456157,0,26,26,26,13,-40.0230376456157
01-Aug-2026 00:24:36,-147.351949148147,-39.9188594148123,0,26,26,26,14,-39.9188594148123
01-Aug-2026 00:24:38,-147.001386170537,-39.5682964372015,0,26,26,26,14,-39.5682964372015
01-Aug-2026 00:24:40,-147.478439232442,-40.0453494991067,0,27,27,27,15,-40.0453494991067
01-Aug-2026 00:24:42,-147.704509676892,-40.2714199435565,0,26,26,26,15,-40.2714199435565
01-Aug-2026 00:24:44,-148.481451217429,-41.0483614840938,0,26,26,26,13,-41.0483614840938
01-Aug-2026 00:24:46,-148.493487866377,-41.0603981330422,0,26,26,26,13,-41.0603981330422
01-Aug-2026 00:24:48,-150.758917919777,-43.3258281864414,0,26,26,26,12,-43.3258281864414
01-Aug-2026 00:24:50,-164.596273490387,-57.163183757052,0,26,26,26,10,-57.163183757052
01-Aug-2026 00:24:52,-150.609550424411,-43.176460691076,0,24,24,24,11,-43.176460691076
01-Aug-2026 00:24:54,-150.09004187494,-42.6569521416043,0,24,24,24,9,-42.6569521416043
01-Aug-2026 00:24:56,-149.100464532412,-41.6673747990769,0,24,24,24,8,-41.6673747990769
01-Aug-2026 00:24:58,-148.987968912158,-41.5548791788233,0,24,24,24,8,-41.5548791788233
01-Aug-2026 00:25:00,-149.105444163344,-41.6723544300089,0,24,24,24,8,-41.6723544300089
01-Aug-2026 00:25:02,-148.907382108128,-41.4742923747933,0,25,25,25,8,-41.4742923747933
01-Aug-2026 00:25:04,-148.560086555154,-41.1269968218183,0,25,25,25,10,-41.1269968218183
01-Aug-2026 00:25:06,-147.647299894868,-40.2142101615327,0,25,25,25,11,-40.2142101615327
01-Aug-2026 00:25:08,-146.819462879893,-39.3863731465574,0,25,25,25,11,-39.3863731465574
01-Aug-2026 00:25:10,-162.464553843543,-55.0314641102075,0,25,25,25,11,-55.0314641102075
01-Aug-2026 00:25:12,-162.03960584656,-54.606516113225,0,25,25,25,12,-54.606516113225
01-Aug-2026 00:25:14,-161.953499402529,-54.5204096691936,0,25,25,25,11,-54.5204096691936
01-Aug-2026 00:25:16,-162.022474006739,-54.5893842734037,0,25,25,25,10,-54.5893842734037
01-Aug-2026 00:25:18,-161.067208956453,-53.6341192231179,0,25,25,25,10,-53.6341192231179
01-Aug-2026 00:25:20,-160.52617367086,-53.0930839375253,0,25,25,25,10,-53.0930839375253
01-Aug-2026 00:25:22,-159.85434508778,-52.4212553544446,0,25,25,25,9,-52.4212553544446
01-Aug-2026 00:25:24,-159.115302714026,-51.6822129806904,0,25,25,25,8,-51.6822129806904
01-Aug-2026 00:25:26,-159.015628613703,-51.5825388803676,0,25,25,25,9,-51.5825388803676
01-Aug-2026 00:25:28,-158.348092027168,-50.9150022938324,0,25,25,25,9,-50.9150022938324
01-Aug-2026 00:25:30,-157.664443567034,-50.2313538336984,0,25,25,25,10,-50.2313538336984
01-Aug-2026 00:25:32,-157.565685860445,-50.1325961271097,0,25,25,25,10,-50.1325961271097
01-Aug-2026 00:25:34,-157.326900292238,-49.8938105589026,0,25,25,25,11,-49.8938105589026
01-Aug-2026 00:25:36,-157.492802126732,-50.059712393397,0,25,25,25,11,-50.059712393397
01-Aug-2026 00:25:38,-154.78449697717,-47.3514072438347,0,25,25,25,12,-47.3514072438347
01-Aug-2026 00:25:40,-154.472429894971,-47.0393401616354,0,25,25,25,12,-47.0393401616354
01-Aug-2026 00:25:42,-154.026791958438,-46.5937022251028,0,26,26,26,12,-46.5937022251028
01-Aug-2026 00:25:44,-150.820006543443,-43.3869168101081,0,26,26,26,11,-43.3869168101081
01-Aug-2026 00:25:46,-150.648042687295,-43.2149529539597,0,26,26,26,11,-43.2149529539597
01-Aug-2026 00:25:48,-150.312453227895,-42.8793634945594,0,26,26,26,13,-42.8793634945594
01-Aug-2026 00:25:50,-150.15172041842,-42.7186306850846,0,26,26,26,12,-42.7186306850846
01-Aug-2026 00:25:52,-149.707177651315,-42.2740879179801,0,26,26,26,13,-42.2740879179801
01-Aug-2026 00:25:54,-148.986436388141,-41.5533466548059,0,26,26,26,15,-41.5533466548059
01-Aug-2026 00:25:56,-148.795262686472,-41.3621729531367,0,26,26,26,13,-41.3621729531367
01-Aug-2026 00:25:58,-148.443856929333,-41.0107671959983,0,27,27,27,14,-41.0107671959983
01-Aug-2026 00:26:00,-150.165970567427,-42.7328808340918,0,28,28,28,16,-42.7328808340918
01-Aug-2026 00:26:02,-150.468517703624,-43.0354279702891,0,28,28,28,16,-43.0354279702891
01-Aug-2026 00:26:04,-150.097978452172,-42.6648887188366,0,28,28,28,16,-42.6648887188366
01-Aug-2026 00:26:06,-149.194703078825,-41.7616133454902,0,28,28,28,17,-41.7616133454902
01-Aug-2026 00:26:08,-149.088062469007,-41.6549727356719,0,28,28,28,15,-41.6549727356719
01-Aug-2026 00:26:10,-148.707358711388,-41.274268978053,0,29,29,29,17,-41.274268978053
01-Aug-2026 00:26:12,-151.172486442905,-43.7393967095694,0,29,29,29,18,-43.7393967095694
01-Aug-2026 00:26:14,-151.217898691311,-43.784808957976,0,29,29,29,17,-43.784808957976
01-Aug-2026 00:26:16,-153.60195197293,-46.1688622395948,0,30,30,30,16,-46.1688622395948
01-Aug-2026 00:26:18,-147.856522780003,-40.4234330466681,0,30,30,30,18,-40.4234330466681
01-Aug-2026 00:26:20,-146.333399974605,-38.9003102412703,0,30,30,30,20,-38.9003102412703
01-Aug-2026 00:26:22,-146.602799688174,-39.1697099548387,0,30,30,30,19,-39.1697099548387
01-Aug-2026 00:26:24,-146.363792661638,-38.9307029283024,0,30,30,30,19,-38.9307029283024
01-Aug-2026 00:26:26,-146.30067374777,-38.8675840144352,0,30,30,30,20,-38.8675840144352
01-Aug-2026 00:26:28,-146.418052519251,-38.9849627859154,0,29,29,29,19,-38.9849627859154
01-Aug-2026 00:26:30,-145.929544271312,-38.4964545379773,0,29,29,29,20,-38.4964545379773
01-Aug-2026 00:26:32,-150.911265205878,-43.4781754725432,0,29,29,29,18,-43.4781754725432
01-Aug-2026 00:26:34,-151.654305320206,-44.2212155868707,0,28,28,28,18,-44.2212155868707
01-Aug-2026 00:26:36,-151.521491916461,-44.0884021831259,0,29,29,29,18,-44.0884021831259
01-Aug-2026 00:26:38,-152.026289923979,-44.5932001906434,0,29,29,29,18,-44.5932001906434
01-Aug-2026 00:26:40,-151.823931641828,-44.390841908493,0,29,29,29,17,-44.390841908493
01-Aug-2026 00:26:42,-153.802386783277,-46.3692970499419,0,29,29,29,16,-46.3692970499419
01-Aug-2026 00:26:44,-153.687587717759,-46.254497984424,0,29,29,29,14,-46.254497984424
01-Aug-2026 00:26:46,-154.082475918994,-46.6493861856584,0,28,28,28,14,-46.6493861856584
01-Aug-2026 00:26:48,-153.223987917867,-45.7908981845319,0,28,28,28,15,-45.7908981845319
01-Aug-2026 00:26:50,-153.482746365206,-46.0496566318707,0,27,27,27,14,-46.0496566318707
01-Aug-2026 00:26:52,-155.054018847522,-47.6209291141872,0,27,27,27,15,-47.6209291141872
01-Aug-2026 00:26:54,-154.875280931315,-47.4421911979794,0,27,27,27,14,-47.4421911979794
01-Aug-2026 00:26:56,-155.223991658388,-47.7909019250531,0,27,27,27,14,-47.7909019250531
01-Aug-2026 00:26:58,-155.368122213284,-47.9350324799491,0,26,26,26,13,-47.9350324799491
01-Aug-2026 00:27:00,-156.182255419614,-48.7491656862792,0,25,25,25,11,-48.7491656862792
01-Aug-2026 00:27:02,-156.637398071235,-49.2043083378997,0,26,26,26,11,-49.2043083378997
01-Aug-2026 00:27:04,-156.125561776901,-48.6924720435663,0,26,26,26,10,-48.6924720435663
01-Aug-2026 00:27:06,-156.6227295274,-49.1896397940644,0,26,26,26,11,-49.1896397940644
01-Aug-2026 00:27:08,-152.558419152253,-45.1253294189177,0,26,26,26,11,-45.1253294189177
01-Aug-2026 00:27:10,-152.417766094441,-44.9846763611058,0,26,26,26,12,-44.9846763611058
01-Aug-2026 00:27:12,-152.451348243868,-45.0182585105327,0,26,26,26,11,-45.0182585105327
01-Aug-2026 00:27:14,-152.50486310281,-45.071773369475,0,26,26,26,12,-45.071773369475
01-Aug-2026 00:27:16,-151.173277175494,-43.7401874421589,0,26,26,26,13,-43.7401874421589
01-Aug-2026 00:27:18,-151.262695730406,-43.8296059970713,0,26,26,26,13,-43.8296059970713
01-Aug-2026 00:27:20,-140.56526286709,-33.1321731337547,0,26,26,26,14,-33.1321731337547
01-Aug-2026 00:27:22,-143.227363190034,-35.7942734566984,0,26,26,26,14,-35.7942734566984
01-Aug-2026 00:27:24,-149.454170299412,-42.0210805660766,0,25,25,25,12,-42.0210805660766
01-Aug-2026 00:27:26,-149.863643183123,-42.4305534497878,0,25,25,25,11,-42.4305534497878
01-Aug-2026 00:27:28,-151.556347692471,-44.1232579591357,0,25,25,25,11,-44.1232579591357
01-Aug-2026 00:27:30,-151.534498339665,-44.1014086063302,0,25,25,25,13,-44.1014086063302
01-Aug-2026 00:27:32,-151.696961667072,-44.2638719337372,0,25,25,25,13,-44.2638719337372
01-Aug-2026 00:27:34,-151.241927602128,-43.808837868793,0,25,25,25,12,-43.808837868793
01-Aug-2026 00:27:36,-143.814739497163,-36.3816497638274,0,25,25,25,12,-36.3816497638274
01-Aug-2026 00:27:38,-143.388302897319,-35.9552131639835,0,25,25,25,13,-35.9552131639835
01-Aug-2026 00:27:40,-143.485077923327,-36.0519881899918,0,26,26,26,14,-36.0519881899918
01-Aug-2026 00:27:42,-143.677999968657,-36.244910235322,0,26,26,26,13,-36.244910235322
01-Aug-2026 00:27:44,-147.156686411785,-39.7235966784503,0,26,26,26,11,-39.7235966784503
01-Aug-2026 00:27:46,-158.693501467025,-51.2604117336896,0,26,26,26,12,-51.2604117336896
01-Aug-2026 00:27:48,-153.889027058153,-46.455937324818,0,26,26,26,15,-46.455937324818
01-Aug-2026 00:27:50,-154.009136447018,-46.5760467136832,0,26,26,26,14,-46.5760467136832
01-Aug-2026 00:27:52,-154.605986995121,-47.1728972617857,0,26,26,26,14,-47.1728972617857
01-Aug-2026 00:27:54,-153.548897149269,-46.115807415934,0,26,26,26,15,-46.115807415934
01-Aug-2026 00:27:56,-153.568881178986,-46.1357914456507,0,26,26,26,15,-46.1357914456507
01-Aug-2026 00:27:58,-154.166984475639,-46.7338947423034,0,26,26,26,14,-46.7338947423034
01-Aug-2026 00:28:00,-154.119970263118,-46.6868805297826,0,26,26,26,14,-46.6868805297826
01-Aug-2026 00:28:02,-152.638580553432,-45.2054908200966,0,26,26,26,15,-45.2054908200966
01-Aug-2026 00:28:04,-152.595575703015,-45.1624859696796,0,25,25,25,14,-45.1624859696796
01-Aug-2026 00:28:06,-148.879162169359,-41.4460724360236,0,25,25,25,13,-41.4460724360236
01-Aug-2026 00:28:08,-148.810167047009,-41.3770773136742,0,26,26,26,16,-41.3770773136742
01-Aug-2026 00:28:10,-148.439196120469,-41.0061063871337,0,26,26,26,16,-41.0061063871337
01-Aug-2026 00:28:12,-148.342429677233,-40.9093399438975,0,26,26,26,15,-40.9093399438975
01-Aug-2026 00:28:14,-148.864902351357,-41.4318126180217,0,26,26,26,14,-41.4318126180217
01-Aug-2026 00:28:16,-148.383730168496,-40.9506404351604,0,26,26,26,15,-40.9506404351604
01-Aug-2026 00:28:18,-149.502476143525,-42.0693864101896,0,27,27,27,15,-42.0693864101896
01-Aug-2026 00:28:20,-160.969872542261,-53.5367828089256,0,27,27,27,14,-53.5367828089256
01-Aug-2026 00:28:22,-160.769469443363,-53.336379710028,0,27,27,27,14,-53.336379710028
01-Aug-2026 00:28:24,-162.832101259922,-55.3990115265871,0,27,27,27,12,-55.3990115265871
01-Aug-2026 00:28:26,-162.368984091485,-54.9358943581495,0,26,26,26,12,-54.9358943581495
01-Aug-2026 00:28:28,-151.960597292239,-44.5275075589037,0,26,26,26,13,-44.5275075589037
01-Aug-2026 00:28:30,-151.603654073432,-44.1705643400969,0,26,26,26,12,-44.1705643400969
01-Aug-2026 00:28:32,-151.958285105618,-44.5251953722828,0,26,26,26,11,-44.5251953722828
01-Aug-2026 00:28:34,-152.862467013104,-45.4293772797686,0,26,26,26,11,-45.4293772797686
01-Aug-2026 00:28:36,-157.546369821867,-50.1132800885316,0,26,26,26,11,-50.1132800885316
01-Aug-2026 00:28:38,-156.87180068117,-49.4387109478351,0,26,26,26,13,-49.4387109478351
01-Aug-2026 00:28:40,-156.787295435257,-49.354205701922,0,26,26,26,13,-49.354205701922
01-Aug-2026 00:28:42,-157.238634563112,-49.8055448297772,0,26,26,26,12,-49.8055448297772
01-Aug-2026 00:28:44,-157.685501226132,-50.2524114927965,0,25,25,25,12,-50.2524114927965
01-Aug-2026 00:28:46,-157.890950446271,-50.4578607129362,0,25,25,25,12,-50.4578607129362
01-Aug-2026 00:28:48,-165.130340113495,-57.6972503801602,0,25,25,25,9,-57.6972503801602
01-Aug-2026 00:28:50,-155.359364588342,-47.9262748550072,0,26,26,26,9,-47.9262748550072
01-Aug-2026 00:28:52,-155.118487859193,-47.6853981258573,0,26,26,26,9,-47.6853981258573
01-Aug-2026 00:28:54,-153.482380965861,-46.0492912325261,0,25,25,25,10,-46.0492912325261
01-Aug-2026 00:28:56,-142.060564309716,-34.6274745763805,0,25,25,25,10,-34.6274745763805
01-Aug-2026 00:28:58,-142.062971840217,-34.6298821068819,0,25,25,25,12,-34.6298821068819
01-Aug-2026 00:29:00,-142.387630872175,-34.9545411388396,0,25,25,25,13,-34.9545411388396
01-Aug-2026 00:29:02,-142.147039806687,-34.7139500733519,0,25,25,25,12,-34.7139500733519
01-Aug-2026 00:29:04,-140.929395224008,-33.4963054906723,0,25,25,25,12,-33.4963054906723
01-Aug-2026 00:29:06,-140.571211575391,-33.1381218420559,0,25,25,25,12,-33.1381218420559
01-Aug-2026 00:29:08,-139.913564029027,-32.4804742956918,0,25,25,25,12,-32.4804742956918
01-Aug-2026 00:29:10,-139.127663906708,-31.6945741733723,0,25,25,25,11,-31.6945741733723
01-Aug-2026 00:29:12,-139.172977202376,-31.7398874690412,0,25,25,25,10,-31.7398874690412
01-Aug-2026 00:29:14,-138.018679815869,-30.585590082534,0,25,25,25,10,-30.585590082534
01-Aug-2026 00:29:16,-137.92955273823,-30.4964630048951,0,25,25,25,9,-30.4964630048951
01-Aug-2026 00:29:18,-137.409291285375,-29.97620155204,0,25,25,25,10,-29.97620155204
01-Aug-2026 00:29:20,-136.854875525292,-29.4217857919569,0,25,25,25,11,-29.4217857919569
01-Aug-2026 00:29:22,-136.442769301114,-29.0096795677785,0,25,25,25,12,-29.0096795677785
01-Aug-2026 00:29:24,-135.640713182338,-28.2076234490028,0,25,25,25,11,-28.2076234490028
01-Aug-2026 00:29:26,-134.857758349225,-27.4246686158903,0,25,25,25,13,-27.4246686158903
01-Aug-2026 00:29:28,-134.143649039422,-26.7105593060866,0,25,25,25,12,-26.7105593060866
01-Aug-2026 00:29:30,-133.105300512463,-25.6722107791276,0,25,25,25,14,-25.6722107791276
01-Aug-2026 00:29:32,-149.587070986248,-42.1539812529125,0,25,25,25,12,-42.1539812529125
01-Aug-2026 00:29:34,-149.445403303142,-42.0123135698064,0,25,25,25,10,-42.0123135698064
01-Aug-2026 00:29:36,-148.858465471223,-41.4253757378883,0,26,26,26,11,-41.4253757378883
01-Aug-2026 00:29:38,-148.861051215403,-41.427961482068,0,26,26,26,10,-41.427961482068
01-Aug-2026 00:29:40,-148.590305179558,-41.1572154462231,0,27,27,27,11,-41.1572154462231
01-Aug-2026 00:29:42,-149.290904087961,-41.8578143546255,0,27,27,27,9,-41.8578143546255
01-Aug-2026 00:29:44,-149.825307535159,-42.3922178018243,0,27,27,27,9,-42.3922178018243
01-Aug-2026 00:29:46,-149.896614677477,-42.4635249441422,0,27,27,27,9,-42.4635249441422
01-Aug-2026 00:29:48,-148.890380159797,-41.4572904264614,0,27,27,27,9,-41.4572904264614
01-Aug-2026 00:29:50,-148.197089892675,-40.7640001593398,0,27,27,27,8,-40.7640001593398
01-Aug-2026 00:29:52,-147.631608799485,-40.1985190661496,0,28,28,28,8,-40.1985190661496
01-Aug-2026 00:29:54,-144.527103964684,-37.094014231349,0,28,28,28,11,-37.094014231349
01-Aug-2026 00:29:56,-144.242047063863,-36.8089573305274,0,28,28,28,12,-36.8089573305274
01-Aug-2026 00:29:58,-144.720799822222,-37.2877100888868,0,28,28,28,10,-37.2877100888868
01-Aug-2026 00:30:00,-144.36251301259,-36.9294232792548,0,29,29,29,11,-36.9294232792548
01-Aug-2026 00:30:02,-134.320090925174,-26.8870011918388,0,29,29,29,13,-26.8870011918388
01-Aug-2026 00:30:04,-134.36337928052,-26.9302895471847,0,29,29,29,13,-26.9302895471847
01-Aug-2026 00:30:06,-134.098864458586,-26.6657747252506,0,30,30,30,10,-26.6657747252506
01-Aug-2026 00:30:08,-142.338127544964,-34.9050378116283,0,30,30,30,11,-34.9050378116283
01-Aug-2026 00:30:10,-142.662647267593,-35.2295575342582,0,30,30,30,11,-35.2295575342582
01-Aug-2026 00:30:12,-142.920608442272,-35.4875187089363,0,30,30,30,12,-35.4875187089363
01-Aug-2026 00:30:14,-142.829640680955,-35.3965509476197,0,30,30,30,14,-35.3965509476197
01-Aug-2026 00:30:16,-145.398508798123,-37.9654190647878,0,30,30,30,12,-37.9654190647878
01-Aug-2026 00:30:18,-145.869867793496,-38.4367780601604,0,30,30,30,14,-38.4367780601604
01-Aug-2026 00:30:20,-148.633317323537,-41.2002275902015,0,29,29,29,11,-41.2002275902015
01-Aug-2026 00:30:22,-148.492905971169,-41.0598162378338,0,29,29,29,10,-41.0598162378338
01-Aug-2026 00:30:24,-148.727381637135,-41.2942919038003,0,29,29,29,10,-41.2942919038003
01-Aug-2026 00:30:26,-149.18026716694,-41.7471774336044,0,27,27,27,10,-41.7471774336044
01-Aug-2026 00:30:28,-149.032011712365,-41.5989219790297,0,28,28,28,11,-41.5989219790297
01-Aug-2026 00:30:30,-149.456260915445,-42.0231711821096,0,28,28,28,12,-42.0231711821096
01-Aug-2026 00:30:32,-148.698965091625,-41.26587535829,0,28,28,28,13,-41.26587535829
01-Aug-2026 00:30:34,-148.829744728538,-41.3966549952031,0,28,28,28,13,-41.3966549952031
01-Aug-2026 00:30:36,-149.082834960658,-41.6497452273231,0,28,28,28,13,-41.6497452273231
01-Aug-2026 00:30:38,-149.23366777461,-41.8005780412749,0,28,28,28,14,-41.8005780412749
01-Aug-2026 00:30:40,-149.089405933541,-41.6563162002057,0,28,28,28,14,-41.6563162002057
01-Aug-2026 00:30:42,-146.0961255084,-38.663035775065,0,28,28,28,18,-38.663035775065
01-Aug-2026 00:30:44,-145.809947993531,-38.3768582601961,0,28,28,28,19,-38.3768582601961
01-Aug-2026 00:30:46,-146.127071609501,-38.6939818761657,0,28,28,28,18,-38.6939818761657
01-Aug-2026 00:30:48,-146.402732987624,-38.9696432542887,0,28,28,28,17,-38.9696432542887
01-Aug-2026 00:30:50,-145.441082801851,-38.0079930685155,0,27,27,27,15,-38.0079930685155
01-Aug-2026 00:30:52,-145.620934940642,-38.1878452073071,0,26,26,26,14,-38.1878452073071
01-Aug-2026 00:30:54,-145.654433294722,-38.2213435613864,0,26,26,26,12,-38.2213435613864
01-Aug-2026 00:30:56,-145.208128532966,-37.7750387996312,0,26,26,26,11,-37.7750387996312
01-Aug-2026 00:30:58,-144.628886222512,-37.1957964891767,0,26,26,26,12,-37.1957964891767
01-Aug-2026 00:31:00,-144.42404719161,-36.9909574582752,0,26,26,26,13,-36.9909574582752
01-Aug-2026 00:31:02,-144.61508706752,-37.1819973341846,0,26,26,26,12,-37.1819973341846
01-Aug-2026 00:31:04,-148.617237411973,-41.1841476786376,0,26,26,26,12,-41.1841476786376
01-Aug-2026 00:31:06,-150.162979463247,-42.7298897299117,0,26,26,26,12,-42.7298897299117
01-Aug-2026 00:31:08,-150.311679850032,-42.8785901166966,0,25,25,25,12,-42.8785901166966
01-Aug-2026 00:31:10,-150.799674709721,-43.3665849763863,0,25,25,25,12,-43.3665849763863
01-Aug-2026 00:31:12,-151.00940203666,-43.5763123033246,0,25,25,25,12,-43.5763123033246
01-Aug-2026 00:31:14,-151.120782778664,-43.6876930453283,0,25,25,25,14,-43.6876930453283
01-Aug-2026 00:31:16,-150.990741001407,-43.557651268072,0,25,25,25,15,-43.557651268072
01-Aug-2026 00:31:18,-150.555250981208,-43.1221612478729,0,25,25,25,13,-43.1221612478729
01-Aug-2026 00:31:20,-149.987922692362,-42.554832959027,0,25,25,25,13,-42.554832959027
01-Aug-2026 00:31:22,-148.740883207482,-41.3077934741467,0,25,25,25,12,-41.3077934741467
01-Aug-2026 00:31:24,-152.278881178958,-44.8457914456232,0,25,25,25,10,-44.8457914456232
01-Aug-2026 00:31:26,-150.941866252839,-43.5087765195038,0,25,25,25,12,-43.5087765195038
01-Aug-2026 00:31:28,-150.48421242913,-43.0511226957953,0,25,25,25,12,-43.0511226957953
01-Aug-2026 00:31:30,-150.874280759859,-43.441191026524,0,25,25,25,14,-43.441191026524
01-Aug-2026 00:31:32,-150.944120306155,-43.5110305728195,0,25,25,25,15,-43.5110305728195
01-Aug-2026 00:31:34,-150.934776806265,-43.5016870729298,0,25,25,25,15,-43.5016870729298
01-Aug-2026 00:31:36,-152.376308990245,-44.9432192569097,0,25,25,25,15,-44.9432192569097
01-Aug-2026 00:31:38,-152.493475083796,-45.060385350461,0,26,26,26,14,-45.060385350461
01-Aug-2026 00:31:40,-151.967310378771,-44.5342206454355,0,26,26,26,13,-44.5342206454355
01-Aug-2026 00:31:42,-151.870038864805,-44.4369491314698,0,26,26,26,13,-44.4369491314698
01-Aug-2026 00:31:44,-151.606942312602,-44.1738525792668,0,26,26,26,13,-44.1738525792668
01-Aug-2026 00:31:46,-152.14332653818,-44.7102368048448,0,26,26,26,12,-44.7102368048448
01-Aug-2026 00:31:48,-152.053232894097,-44.6201431607622,0,26,26,26,13,-44.6201431607622
01-Aug-2026 00:31:50,-152.189790640716,-44.7567009073804,0,25,25,25,12,-44.7567009073804
01-Aug-2026 00:31:52,-152.000858257919,-44.5677685245836,0,25,25,25,13,-44.5677685245836
01-Aug-2026 00:31:54,-162.272936557922,-54.8398468245871,0,25,25,25,12,-54.8398468245871
01-Aug-2026 00:31:56,-162.06389249482,-54.6308027614853,0,25,25,25,12,-54.6308027614853
01-Aug-2026 00:31:58,-167.544146915742,-60.1110571824067,0,25,25,25,11,-60.1110571824067
01-Aug-2026 00:32:00,-167.077984821206,-59.6448950878709,0,26,26,26,13,-59.6448950878709
01-Aug-2026 00:32:02,-167.053998901049,-59.6209091677135,0,26,26,26,14,-59.6209091677135
01-Aug-2026 00:32:04,-166.747869706407,-59.3147799730718,0,26,26,26,12,-59.3147799730718
01-Aug-2026 00:32:06,-166.96998040191,-59.536890668575,0,26,26,26,11,-59.536890668575
01-Aug-2026 00:32:08,-152.244853748885,-44.81176401555,0,27,27,27,10,-44.81176401555
01-Aug-2026 00:32:10,-152.562581484254,-45.1294917509188,0,27,27,27,9,-45.1294917509188
01-Aug-2026 00:32:12,-152.864281934099,-45.4311922007634,0,27,27,27,11,-45.4311922007634
01-Aug-2026 00:32:14,-152.567338158346,-45.1342484250106,0,27,27,27,13,-45.1342484250106
01-Aug-2026 00:32:16,-152.436693239197,-45.0036035058616,0,26,26,26,11,-45.0036035058616
01-Aug-2026 00:32:18,-151.465726049047,-44.0326363157116,0,25,25,25,11,-44.0326363157116
01-Aug-2026 00:32:20,-151.011497776676,-43.5784080433405,0,25,25,25,11,-43.5784080433405
01-Aug-2026 00:32:22,-150.533135980866,-43.1000462475304,0,26,26,26,12,-43.1000462475304
01-Aug-2026 00:32:24,-149.756956569321,-42.3238668359855,0,26,26,26,12,-42.3238668359855
01-Aug-2026 00:32:26,-149.566393241033,-42.1333035076981,0,26,26,26,13,-42.1333035076981
01-Aug-2026 00:32:28,-149.634914940481,-42.2018252071456,0,26,26,26,13,-42.2018252071456
01-Aug-2026 00:32:30,-149.249169524397,-41.8160797910616,0,26,26,26,11,-41.8160797910616
01-Aug-2026 00:32:32,-148.763092317509,-41.3300025841741,0,26,26,26,10,-41.3300025841741
01-Aug-2026 00:32:34,-148.47196194993,-41.0388722165949,0,26,26,26,11,-41.0388722165949
01-Aug-2026 00:32:36,-174.099898631816,-66.666808898481,0,26,26,26,10,-66.666808898481
01-Aug-2026 00:32:38,-155.285024927134,-47.8519351937988,0,26,26,26,11,-47.8519351937988
01-Aug-2026 00:32:40,-154.513695009669,-47.0806052763342,0,26,26,26,11,-47.0806052763342
01-Aug-2026 00:32:42,-146.58142108805,-39.1483313547152,0,26,26,26,12,-39.1483313547152
01-Aug-2026 00:32:44,-146.371649178755,-38.9385594454201,0,26,26,26,13,-38.9385594454201
01-Aug-2026 00:32:46,-146.615179046397,-39.1820893130619,0,26,26,26,14,-39.1820893130619
01-Aug-2026 00:32:48,-147.277809317214,-39.8447195838791,0,26,26,26,13,-39.8447195838791
01-Aug-2026 00:32:50,-147.234289521879,-39.8011997885442,0,26,26,26,12,-39.8011997885442
01-Aug-2026 00:32:52,-147.268323428509,-39.8352336951737,0,26,26,26,11,-39.8352336951737
01-Aug-2026 00:32:54,-146.519199702897,-39.086109969562,0,25,25,25,11,-39.086109969562
01-Aug-2026 00:32:56,-146.074148850898,-38.6410591175625,0,25,25,25,11,-38.6410591175625
01-Aug-2026 00:32:58,-145.534428462322,-38.1013387289865,0,25,25,25,12,-38.1013387289865
01-Aug-2026 00:33:00,-144.983566435588,-37.5504767022527,0,25,25,25,13,-37.5504767022527
01-Aug-2026 00:33:02,-144.44441984151,-37.0113301081752,0,25,25,25,14,-37.0113301081752
01-Aug-2026 00:33:04,-144.505579729801,-37.0724899964661,0,25,25,25,13,-37.0724899964661
01-Aug-2026 00:33:06,-144.513403119432,-37.0803133860968,0,25,25,25,13,-37.0803133860968
01-Aug-2026 00:33:08,-143.856872905314,-36.4237831719785,0,25,25,25,14,-36.4237831719785
01-Aug-2026 00:33:10,-143.375880720296,-35.9427909869609,0,25,25,25,16,-35.9427909869609
01-Aug-2026 00:33:12,-142.380640041607,-34.9475503082722,0,25,25,25,16,-34.9475503082722
01-Aug-2026 00:33:14,-142.192344679592,-34.7592549462566,0,25,25,25,16,-34.7592549462566
01-Aug-2026 00:33:16,-141.818739919879,-34.3856501865435,0,25,25,25,16,-34.3856501865435
01-Aug-2026 00:33:18,-141.729808715591,-34.2967189822554,0,25,25,25,15,-34.2967189822554
01-Aug-2026 00:33:20,-141.894168586398,-34.4610788530627,0,25,25,25,15,-34.4610788530627
01-Aug-2026 00:33:22,-141.126299797127,-33.6932100637916,0,26,26,26,15,-33.6932100637916
01-Aug-2026 00:33:24,-141.363638296459,-33.9305485631234,0,26,26,26,15,-33.9305485631234
01-Aug-2026 00:33:26,-140.353497756887,-32.9204080235522,0,26,26,26,14,-32.9204080235522
01-Aug-2026 00:33:28,-140.2707659603,-32.8376762269643,0,26,26,26,14,-32.8376762269643
01-Aug-2026 00:33:30,-139.194704123527,-31.7616143901914,0,27,27,27,13,-31.7616143901914
01-Aug-2026 00:33:32,-139.399351596223,-31.966261862888,0,27,27,27,14,-31.966261862888
01-Aug-2026 00:33:34,-138.552024421594,-31.1189346882588,0,27,27,27,13,-31.1189346882588
01-Aug-2026 00:33:36,-137.956003037164,-30.5229133038287,0,27,27,27,14,-30.5229133038287
01-Aug-2026 00:33:38,-137.729532958817,-30.2964432254821,0,27,27,27,16,-30.2964432254821
01-Aug-2026 00:33:40,-137.717632964899,-30.2845432315638,0,27,27,27,17,-30.2845432315638
01-Aug-2026 00:33:42,-137.261722459155,-29.8286327258203,0,28,28,28,18,-29.8286327258203
01-Aug-2026 00:33:44,-137.249954262064,-29.8168645287292,0,28,28,28,18,-29.8168645287292
01-Aug-2026 00:33:46,-136.728285054427,-29.2951953210919,0,28,28,28,17,-29.2951953210919
01-Aug-2026 00:33:48,-136.841705168624,-29.4086154352889,0,29,29,29,15,-29.4086154352889
01-Aug-2026 00:33:50,-136.525157318246,-29.0920675849107,0,29,29,29,15,-29.0920675849107
01-Aug-2026 00:33:52,-136.620255843675,-29.1871661103401,0,29,29,29,14,-29.1871661103401
01-Aug-2026 00:33:54,-137.28310762239,-29.8500178890551,0,29,29,29,12,-29.8500178890551
01-Aug-2026 00:33:56,-137.78855225199,-30.3554625186546,0,29,29,29,11,-30.3554625186546
01-Aug-2026 00:33:58,-138.20243027959,-30.7693405462548,0,30,30,30,12,-30.7693405462548
01-Aug-2026 00:34:00,-138.945090853027,-31.5120011196923,0,30,30,30,14,-31.5120011196923
01-Aug-2026 00:34:02,-140.954618854724,-33.5215291213887,0,30,30,30,15,-33.5215291213887
01-Aug-2026 00:34:04,-140.948101746973,-33.5150120136376,0,30,30,30,16,-33.5150120136376
01-Aug-2026 00:34:06,-140.735580423754,-33.3024906904184,0,29,29,29,16,-33.3024906904184
01-Aug-2026 00:34:08,-141.410179952837,-33.9770902195017,0,29,29,29,15,-33.9770902195017
01-Aug-2026 00:34:10,-141.953524142082,-34.5204344087466,0,28,28,28,15,-34.5204344087466
01-Aug-2026 00:34:12,-142.452025778822,-35.018936045487,0,28,28,28,17,-35.018936045487
01-Aug-2026 00:34:14,-142.636529543025,-35.2034398096899,0,28,28,28,17,-35.2034398096899
01-Aug-2026 00:34:16,-142.875587560073,-35.4424978267383,0,28,28,28,17,-35.4424978267383
01-Aug-2026 00:34:18,-143.580069789539,-36.1469800562042,0,28,28,28,14,-36.1469800562042
01-Aug-2026 00:34:20,-144.236604596364,-36.8035148630288,0,29,29,29,13,-36.8035148630288
01-Aug-2026 00:34:22,-144.149810746386,-36.7167210130506,0,29,29,29,13,-36.7167210130506
01-Aug-2026 00:34:24,-144.183077855592,-36.7499881222567,0,29,29,29,12,-36.7499881222567
01-Aug-2026 00:34:26,-144.959616669589,-37.5265269362537,0,29,29,29,11,-37.5265269362537
01-Aug-2026 00:34:28,-144.875709232936,-37.442619499601,0,29,29,29,11,-37.442619499601
01-Aug-2026 00:34:30,-145.134865095178,-37.7017753618427,0,29,29,29,12,-37.7017753618427
01-Aug-2026 00:34:32,-145.070611964718,-37.6375222313831,0,28,28,28,11,-37.6375222313831
01-Aug-2026 00:34:34,-144.585249910449,-37.1521601771134,0,28,28,28,11,-37.1521601771134
01-Aug-2026 00:34:36,-148.799252679466,-41.3661629461312,0,28,28,28,12,-41.3661629461312
01-Aug-2026 00:34:38,-159.859253577965,-52.4261638446299,0,28,28,28,11,-52.4261638446299
01-Aug-2026 00:34:40,-159.989377480131,-52.5562877467961,0,27,27,27,11,-52.5562877467961
01-Aug-2026 00:34:42,-148.022080853369,-40.5889911200337,0,27,27,27,12,-40.5889911200337
01-Aug-2026 00:34:44,-159.192459235201,-51.759369501866,0,27,27,27,11,-51.759369501866
01-Aug-2026 00:34:46,-156.099268374851,-48.6661786415156,0,26,26,26,11,-48.6661786415156
01-Aug-2026 00:34:48,-159.53429383096,-52.1012040976249,0,26,26,26,11,-52.1012040976249
01-Aug-2026 00:34:50,-161.483164600632,-54.0500748672964,0,25,25,25,10,-54.0500748672964
01-Aug-2026 00:34:52,-149.870832796138,-42.4377430628026,0,25,25,25,12,-42.4377430628026
01-Aug-2026 00:34:54,-149.623375484352,-42.1902857510165,0,25,25,25,12,-42.1902857510165
01-Aug-2026 00:34:56,-149.855769851546,-42.4226801182108,0,25,25,25,12,-42.4226801182108
01-Aug-2026 00:34:58,-149.929838666139,-42.4967489328037,0,25,25,25,12,-42.4967489328037
01-Aug-2026 00:35:00,-149.378137470589,-41.945047737254,0,25,25,25,12,-41.945047737254
01-Aug-2026 00:35:02,-149.298952104597,-41.8658623712614,0,25,25,25,12,-41.8658623712614
01-Aug-2026 00:35:04,-149.176787596811,-41.7436978634761,0,25,25,25,11,-41.7436978634761
01-Aug-2026 00:35:06,-149.171310827257,-41.7382210939223,0,25,25,25,11,-41.7382210939223
01-Aug-2026 00:35:08,-149.081446164379,-41.648356431044,0,25,25,25,10,-41.648356431044
01-Aug-2026 00:35:10,-148.828963180214,-41.3958734468791,0,25,25,25,10,-41.3958734468791
01-Aug-2026 00:35:12,-149.184774657805,-41.7516849244694,0,25,25,25,10,-41.7516849244694
01-Aug-2026 00:35:14,-148.963372510002,-41.5302827766669,0,25,25,25,11,-41.5302827766669
01-Aug-2026 00:35:16,-148.904507875455,-41.4714181421197,0,25,25,25,11,-41.4714181421197
01-Aug-2026 00:35:18,-149.540807911948,-42.1077181786128,0,25,25,25,11,-42.1077181786128
01-Aug-2026 00:35:20,-149.78037637665,-42.3472866433146,0,25,25,25,11,-42.3472866433146
01-Aug-2026 00:35:22,-150.026711405687,-42.5936216723514,0,25,25,25,11,-42.5936216723514
01-Aug-2026 00:35:24,-150.169387951509,-42.7362982181741,0,25,25,25,11,-42.7362982181741
01-Aug-2026 00:35:26,-150.22878437627,-42.7956946429351,0,25,25,25,11,-42.7956946429351
01-Aug-2026 00:35:28,-150.068501601589,-42.6354118682535,0,25,25,25,9,-42.6354118682535
01-Aug-2026 00:35:30,-150.317630064311,-42.8845403309763,0,25,25,25,10,-42.8845403309763
01-Aug-2026 00:35:32,-150.644569151795,-43.2114794184594,0,25,25,25,11,-43.2114794184594
01-Aug-2026 00:35:34,-148.639449192307,-41.2063594589717,0,25,25,25,12,-41.2063594589717
01-Aug-2026 00:35:36,-148.458944036675,-41.0258543033394,0,25,25,25,11,-41.0258543033394
01-Aug-2026 00:35:38,-148.195880753246,-40.7627910199109,0,25,25,25,11,-40.7627910199109
01-Aug-2026 00:35:40,-147.610493820368,-40.1774040870332,0,25,25,25,11,-40.1774040870332
01-Aug-2026 00:35:42,-147.52407885324,-40.0909891199043,0,25,25,25,12,-40.0909891199043
01-Aug-2026 00:35:44,-147.105814449745,-39.6727247164096,0,25,25,25,13,-39.6727247164096
01-Aug-2026 00:35:46,-147.143104341263,-39.7100146079276,0,25,25,25,11,-39.7100146079276
01-Aug-2026 00:35:48,-146.85235393076,-39.4192641974249,0,25,25,25,12,-39.4192641974249
01-Aug-2026 00:35:50,-146.779528534218,-39.3464388008826,0,25,25,25,12,-39.3464388008826
01-Aug-2026 00:35:52,-146.596255036572,-39.1631653032364,0,26,26,26,13,-39.1631653032364
01-Aug-2026 00:35:54,-146.197042149756,-38.7639524164208,0,26,26,26,12,-38.7639524164208
01-Aug-2026 00:35:56,-145.949302185279,-38.5162124519443,0,27,27,27,14,-38.5162124519443
01-Aug-2026 00:35:58,-145.788558231495,-38.3554684981594,0,27,27,27,15,-38.3554684981594
01-Aug-2026 00:36:00,-145.736286553444,-38.3031968201086,0,27,27,27,16,-38.3031968201086
01-Aug-2026 00:36:02,-145.569432449948,-38.136342716613,0,27,27,27,15,-38.136342716613
01-Aug-2026 00:36:04,-147.511440496048,-40.0783507627124,0,27,27,27,13,-40.0783507627124
01-Aug-2026 00:36:06,-147.322808793514,-39.8897190601792,0,26,26,26,12,-39.8897190601792
01-Aug-2026 00:36:08,-146.870753886301,-39.4376641529662,0,25,25,25,11,-39.4376641529662
01-Aug-2026 00:36:10,-146.745795849149,-39.312706115814,0,25,25,25,12,-39.312706115814
01-Aug-2026 00:36:12,-146.494062004586,-39.0609722712511,0,26,26,26,10,-39.0609722712511
01-Aug-2026 00:36:14,-145.826205923677,-38.3931161903417,0,26,26,26,13,-38.3931161903417
01-Aug-2026 00:36:16,-146.200986677996,-38.7678969446612,0,26,26,26,12,-38.7678969446612
01-Aug-2026 00:36:18,-146.143518437364,-38.7104287040287,0,26,26,26,12,-38.7104287040287
01-Aug-2026 00:36:20,-146.833645902919,-39.4005561695842,0,26,26,26,12,-39.4005561695842
01-Aug-2026 00:36:22,-147.097178520725,-39.66408878739,0,26,26,26,11,-39.66408878739
01-Aug-2026 00:36:24,-145.937365795959,-38.5042760626236,0,27,27,27,12,-38.5042760626236
01-Aug-2026 00:36:26,-144.950226675662,-37.517136942327,0,27,27,27,10,-37.517136942327
01-Aug-2026 00:36:28,-144.808929799561,-37.3758400662258,0,26,26,26,11,-37.3758400662258
01-Aug-2026 00:36:30,-144.614774962244,-37.1816852289089,0,26,26,26,10,-37.1816852289089
01-Aug-2026 00:36:32,-143.789261647004,-36.3561719136684,0,26,26,26,8,-36.3561719136684
01-Aug-2026 00:36:34,-143.596780741609,-36.163691008274,0,26,26,26,8,-36.163691008274
01-Aug-2026 00:36:36,-142.355096599904,-34.9220068665687,0,26,26,26,9,-34.9220068665687
01-Aug-2026 00:36:38,-141.931361991727,-34.4982722583915,0,26,26,26,9,-34.4982722583915
01-Aug-2026 00:36:40,-141.558602222754,-34.1255124894188,0,26,26,26,8,-34.1255124894188
01-Aug-2026 00:36:42,-140.985084064402,-33.5519943310664,0,26,26,26,7,-33.5519943310664
01-Aug-2026 00:36:44,-173.255274404206,-65.8221846708704,0,26,26,26,6,-65.8221846708704
01-Aug-2026 00:36:46,-158.992936626616,-51.5598468932804,0,26,26,26,7,-51.5598468932804
01-Aug-2026 00:36:48,-159.143378817361,-51.7102890840259,0,26,26,26,8,-51.7102890840259
01-Aug-2026 00:36:50,-158.754628015339,-51.3215382820042,0,26,26,26,9,-51.3215382820042
01-Aug-2026 00:36:52,-164.926435350654,-57.4933456173193,0,26,26,26,12,-57.4933456173193
01-Aug-2026 00:36:54,-165.058008874983,-57.6249191416474,0,25,25,25,11,-57.6249191416474
01-Aug-2026 00:36:56,-165.095139217055,-57.6620494837201,0,25,25,25,11,-57.6620494837201
01-Aug-2026 00:36:58,-165.326348603087,-57.8932588697516,0,25,25,25,10,-57.8932588697516
01-Aug-2026 00:37:00,-165.299833127845,-57.8667433945101,0,25,25,25,9,-57.8667433945101
01-Aug-2026 00:37:02,-164.77111471871,-57.3380249853748,0,25,25,25,11,-57.3380249853748
01-Aug-2026 00:37:04,-162.705854184916,-55.2727644515806,0,26,26,26,10,-55.2727644515806
01-Aug-2026 00:37:06,-161.119337008926,-53.6862472755909,0,26,26,26,12,-53.6862472755909
01-Aug-2026 00:37:08,-160.992533317018,-53.5594435836833,0,26,26,26,12,-53.5594435836833
01-Aug-2026 00:37:10,-162.431568956439,-54.9984792231039,0,26,26,26,13,-54.9984792231039
01-Aug-2026 00:37:12,-162.446721152042,-55.0136314187064,0,26,26,26,11,-55.0136314187064
01-Aug-2026 00:37:14,-135.053135663661,-27.6200459303262,0,26,26,26,12,-27.6200459303262
01-Aug-2026 00:37:16,-135.826624393958,-28.393534660623,0,26,26,26,11,-28.393534660623
01-Aug-2026 00:37:18,-160.883736557996,-53.4506468246609,0,26,26,26,10,-53.4506468246609
01-Aug-2026 00:37:20,-162.728786826133,-55.2956970927979,0,26,26,26,8,-55.2956970927979
01-Aug-2026 00:37:22,-161.165489082762,-53.7323993494264,0,26,26,26,10,-53.7323993494264
01-Aug-2026 00:37:24,-125.965201848812,-18.5321121154768,0,27,27,27,12,-18.5321121154768
01-Aug-2026 00:37:26,-127.717872501704,-20.2847827683688,0,27,27,27,13,-20.2847827683688
01-Aug-2026 00:37:28,-129.402991044756,-21.9699013114212,0,27,27,27,12,-21.9699013114212
01-Aug-2026 00:37:30,-130.346599530634,-22.9135097972988,0,27,27,27,13,-22.9135097972988
01-Aug-2026 00:37:32,-132.281534391012,-24.8484446576765,0,27,27,27,12,-24.8484446576765
01-Aug-2026 00:37:34,-133.10873347665,-25.6756437433147,0,28,28,28,13,-25.6756437433147
01-Aug-2026 00:37:36,-134.043232919339,-26.6101431860033,0,28,28,28,13,-26.6101431860033
01-Aug-2026 00:37:38,-135.579252460502,-28.1461627271672,0,29,29,29,15,-28.1461627271672
01-Aug-2026 00:37:40,-136.09925391334,-28.6661641800052,0,29,29,29,15,-28.6661641800052
01-Aug-2026 00:37:42,-136.950818875968,-29.5177291426326,0,29,29,29,16,-29.5177291426326
01-Aug-2026 00:37:44,-137.594582035886,-30.1614923025506,0,28,28,28,13,-30.1614923025506
01-Aug-2026 00:37:46,-138.018173613088,-30.5850838797524,0,28,28,28,15,-30.5850838797524
01-Aug-2026 00:37:48,-139.125327548837,-31.6922378155016,0,29,29,29,15,-31.6922378155016
01-Aug-2026 00:37:50,-139.865305742221,-32.4322160088859,0,29,29,29,16,-32.4322160088859
01-Aug-2026 00:37:52,-140.515520595415,-33.0824308620795,0,29,29,29,14,-33.0824308620795
01-Aug-2026 00:37:54,-142.011904782401,-34.5788150490656,0,29,29,29,12,-34.5788150490656
01-Aug-2026 00:37:56,-139.225841323606,-31.7927515902707,0,29,29,29,13,-31.7927515902707
01-Aug-2026 00:37:58,-143.631396862915,-36.1983071295801,0,30,30,30,12,-36.1983071295801
01-Aug-2026 00:38:00,-151.453818093079,-44.020728359744,0,30,30,30,12,-44.020728359744
01-Aug-2026 00:38:02,-151.852774779767,-44.4196850464318,0,29,29,29,12,-44.4196850464318
01-Aug-2026 00:38:04,-151.926378089975,-44.4932883566402,0,29,29,29,11,-44.4932883566402
01-Aug-2026 00:38:06,-152.005795396966,-44.5727056636307,0,29,29,29,11,-44.5727056636307
01-Aug-2026 00:38:08,-151.867084831579,-44.4339950982436,0,28,28,28,11,-44.4339950982436
01-Aug-2026 00:38:10,-157.805846360888,-50.3727566275529,0,29,29,29,10,-50.3727566275529
01-Aug-2026 00:38:12,-149.124242742555,-41.69115300922,0,29,29,29,12,-41.69115300922
01-Aug-2026 00:38:14,-135.727537751101,-28.2944480177659,0,29,29,29,13,-28.2944480177659
01-Aug-2026 00:38:16,-136.587823250343,-29.1547335170081,0,29,29,29,16,-29.1547335170081
01-Aug-2026 00:38:18,-137.603911501585,-30.1708217682496,0,29,29,29,17,-30.1708217682496
01-Aug-2026 00:38:20,-138.95888141201,-31.5257916786746,0,29,29,29,17,-31.5257916786746
01-Aug-2026 00:38:22,-146.980415381376,-39.5473256480408,0,29,29,29,17,-39.5473256480408
01-Aug-2026 00:38:24,-146.911758550012,-39.4786688166769,0,28,28,28,17,-39.4786688166769
01-Aug-2026 00:38:26,-147.270904647658,-39.837814914323,0,28,28,28,17,-39.837814914323
01-Aug-2026 00:38:28,-147.865943779843,-40.4328540465075,0,28,28,28,18,-40.4328540465075
01-Aug-2026 00:38:30,-147.884047901231,-40.4509581678956,0,27,27,27,18,-40.4509581678956
01-Aug-2026 00:38:32,-148.456353701309,-41.0232639679734,0,26,26,26,17,-41.0232639679734
01-Aug-2026 00:38:34,-148.789324056513,-41.3562343231781,0,26,26,26,16,-41.3562343231781
01-Aug-2026 00:38:36,-147.575320305239,-40.1422305719043,0,26,26,26,16,-40.1422305719043
01-Aug-2026 00:38:38,-147.851741875675,-40.4186521423401,0,26,26,26,14,-40.4186521423401
01-Aug-2026 00:38:40,-148.161587049686,-40.7284973163511,0,25,25,25,13,-40.7284973163511
01-Aug-2026 00:38:42,-148.312507075756,-40.8794173424204,0,25,25,25,14,-40.8794173424204
01-Aug-2026 00:38:44,-152.308771109125,-44.8756813757898,0,25,25,25,12,-44.8756813757898
01-Aug-2026 00:38:46,-152.684640511502,-45.2515507781665,0,25,25,25,14,-45.2515507781665
01-Aug-2026 00:38:48,-155.797897329632,-48.3648075962968,0,25,25,25,12,-48.3648075962968
01-Aug-2026 00:38:50,-161.635161454211,-54.2020717208753,0,25,25,25,11,-54.2020717208753
01-Aug-2026 00:38:52,-155.977905274037,-48.5448155407017,0,25,25,25,12,-48.5448155407017
01-Aug-2026 00:38:54,-152.419821845533,-44.9867321121983,0,25,25,25,12,-44.9867321121983
01-Aug-2026 00:38:56,-152.466236821249,-45.033147087914,0,25,25,25,12,-45.033147087914
01-Aug-2026 00:38:58,-152.347923101275,-44.9148333679403,0,25,25,25,10,-44.9148333679403
01-Aug-2026 00:39:00,-152.331717072386,-44.8986273390507,0,25,25,25,12,-44.8986273390507
01-Aug-2026 00:39:02,-152.377755377316,-44.9446656439806,0,25,25,25,12,-44.9446656439806
01-Aug-2026 00:39:04,-152.718225229673,-45.2851354963375,0,25,25,25,12,-45.2851354963375
01-Aug-2026 00:39:06,-150.860199139268,-43.4271094059332,0,25,25,25,12,-43.4271094059332
01-Aug-2026 00:39:08,-150.824300153199,-43.3912104198643,0,25,25,25,12,-43.3912104198643
01-Aug-2026 00:39:10,-151.317780052464,-43.8846903191284,0,25,25,25,12,-43.8846903191284
01-Aug-2026 00:39:12,-151.391922219536,-43.9588324862011,0,25,25,25,13,-43.9588324862011
01-Aug-2026 00:39:14,-151.922392456586,-44.4893027232511,0,25,25,25,11,-44.4893027232511
01-Aug-2026 00:39:16,-151.802704043405,-44.3696143100696,0,25,25,25,12,-44.3696143100696
01-Aug-2026 00:39:18,-152.292249722412,-44.8591599890771,0,25,25,25,13,-44.8591599890771
01-Aug-2026 00:39:20,-152.793142899931,-45.3600531665958,0,25,25,25,14,-45.3600531665958
01-Aug-2026 00:39:22,-152.715307075941,-45.2822173426055,0,25,25,25,14,-45.2822173426055
01-Aug-2026 00:39:24,-152.935588781852,-45.5024990485169,0,24,24,24,13,-45.5024990485169
01-Aug-2026 00:39:26,-153.146683836634,-45.7135941032989,0,24,24,24,13,-45.7135941032989
01-Aug-2026 00:39:28,-155.159563323098,-47.7264735897631,0,24,24,24,14,-47.7264735897631
01-Aug-2026 00:39:30,-156.09635495952,-48.6632652261844,0,24,24,24,14,-48.6632652261844
01-Aug-2026 00:39:32,-150.385211713263,-42.9521219799277,0,24,24,24,16,-42.9521219799277
01-Aug-2026 00:39:34,-150.520759557326,-43.0876698239906,0,24,24,24,14,-43.0876698239906
01-Aug-2026 00:39:36,-157.080984316564,-49.6478945832288,0,24,24,24,13,-49.6478945832288
01-Aug-2026 00:39:38,-157.658505987066,-50.2254162537306,0,25,25,25,14,-50.2254162537306
01-Aug-2026 00:39:40,-158.600041511124,-51.1669517777885,0,25,25,25,12,-51.1669517777885
01-Aug-2026 00:39:42,-158.667686868243,-51.2345971349083,0,25,25,25,11,-51.2345971349083
01-Aug-2026 00:39:44,-158.472043663976,-51.0389539306408,0,27,27,27,11,-51.0389539306408
01-Aug-2026 00:39:46,-158.630005668556,-51.1969159352211,0,27,27,27,11,-51.1969159352211
01-Aug-2026 00:39:48,-159.000180346538,-51.5670906132025,0,27,27,27,11,-51.5670906132025
01-Aug-2026 00:39:50,-159.095709925384,-51.662620192049,0,27,27,27,11,-51.662620192049
01-Aug-2026 00:39:52,-159.088920597963,-51.6558308646278,0,27,27,27,11,-51.6558308646278
01-Aug-2026 00:39:54,-159.279278485259,-51.8461887519238,0,27,27,27,10,-51.8461887519238
01-Aug-2026 00:39:56,-159.419730861157,-51.9866411278215,0,26,26,26,9,-51.9866411278215
01-Aug-2026 00:39:58,-159.529820056772,-52.0967303234369,0,25,25,25,9,-52.0967303234369
01-Aug-2026 00:40:00,-159.317251111126,-51.8841613777905,0,25,25,25,9,-51.8841613777905
01-Aug-2026 00:40:02,-159.92047297235,-52.4873832390149,0,25,25,25,9,-52.4873832390149
01-Aug-2026 00:40:04,-159.931025179239,-52.4979354459039,0,26,26,26,9,-52.4979354459039
01-Aug-2026 00:40:06,-160.132421984876,-52.6993322515413,0,26,26,26,13,-52.6993322515413
01-Aug-2026 00:40:08,-160.712110171059,-53.2790204377237,0,26,26,26,13,-53.2790204377237
01-Aug-2026 00:40:10,-160.950953565113,-53.5178638317782,0,27,27,27,12,-53.5178638317782
01-Aug-2026 00:40:12,-161.27069784786,-53.8376081145244,0,27,27,27,12,-53.8376081145244
01-Aug-2026 00:40:14,-161.117670266399,-53.6845805330638,0,27,27,27,13,-53.6845805330638
01-Aug-2026 00:40:16,-161.997804575939,-54.5647148426033,0,27,27,27,13,-54.5647148426033
01-Aug-2026 00:40:18,-160.662079970362,-53.2289902370267,0,27,27,27,12,-53.2289902370267
01-Aug-2026 00:40:20,-160.71295196813,-53.2798622347946,0,26,26,26,12,-53.2798622347946
01-Aug-2026 00:40:22,-160.611885040211,-53.1787953068763,0,26,26,26,11,-53.1787953068763
01-Aug-2026 00:40:24,-160.302103632652,-52.8690138993167,0,26,26,26,10,-52.8690138993167
01-Aug-2026 00:40:26,-160.609223417865,-53.1761336845295,0,26,26,26,11,-53.1761336845295
01-Aug-2026 00:40:28,-157.530797743969,-50.0977080106334,0,26,26,26,11,-50.0977080106334
01-Aug-2026 00:40:30,-157.420084584833,-49.986994851498,0,26,26,26,11,-49.986994851498
01-Aug-2026 00:40:32,-146.242104806705,-38.8090150733694,0,26,26,26,14,-38.8090150733694
01-Aug-2026 00:40:34,-146.009206789128,-38.5761170557927,0,26,26,26,14,-38.5761170557927
01-Aug-2026 00:40:36,-146.035358283224,-38.6022685498892,0,26,26,26,14,-38.6022685498892
01-Aug-2026 00:40:38,-145.356785296392,-37.9236955630573,0,26,26,26,13,-37.9236955630573
01-Aug-2026 00:40:40,-145.218326160981,-37.7852364276457,0,26,26,26,11,-37.7852364276457
01-Aug-2026 00:40:42,-144.816477682823,-37.3833879494882,0,26,26,26,11,-37.3833879494882
01-Aug-2026 00:40:44,-144.468614002823,-37.0355242694881,0,26,26,26,11,-37.0355242694881
01-Aug-2026 00:40:46,-143.502018718664,-36.0689289853287,0,26,26,26,12,-36.0689289853287
01-Aug-2026 00:40:48,-142.588346220451,-35.1552564871156,0,27,27,27,13,-35.1552564871156
01-Aug-2026 00:40:50,-142.236521456565,-34.8034317232297,0,27,27,27,12,-34.8034317232297
01-Aug-2026 00:40:52,-141.405382689598,-33.9722929562631,0,26,26,26,14,-33.9722929562631
01-Aug-2026 00:40:54,-140.751084404016,-33.3179946706804,0,26,26,26,13,-33.3179946706804
01-Aug-2026 00:40:56,-140.574945357174,-33.1418556238389,0,26,26,26,14,-33.1418556238389
01-Aug-2026 00:40:58,-139.563425237907,-32.1303355045716,0,26,26,26,13,-32.1303355045716
01-Aug-2026 00:41:00,-163.777074471887,-56.3439847385522,0,26,26,26,12,-56.3439847385522
01-Aug-2026 00:41:02,-164.009774270831,-56.576684537496,0,26,26,26,10,-56.576684537496
01-Aug-2026 00:41:04,-163.254495277559,-55.8214055442241,0,26,26,26,14,-55.8214055442241
01-Aug-2026 00:41:06,-163.177011335365,-55.7439216020301,0,26,26,26,15,-55.7439216020301
01-Aug-2026 00:41:08,-163.394413964728,-55.9613242313929,0,26,26,26,15,-55.9613242313929
01-Aug-2026 00:41:10,-163.212408642941,-55.7793189096057,0,26,26,26,15,-55.7793189096057
01-Aug-2026 00:41:12,-162.760067069913,-55.3269773365778,0,26,26,26,15,-55.3269773365778
01-Aug-2026 00:41:14,-162.785647822918,-55.3525580895825,0,26,26,26,15,-55.3525580895825
01-Aug-2026 00:41:16,-162.622662710812,-55.1895729774768,0,26,26,26,15,-55.1895729774768
01-Aug-2026 00:41:18,-162.335037182462,-54.9019474491271,0,27,27,27,15,-54.9019474491271
01-Aug-2026 00:41:20,-161.907340998188,-54.4742512648528,0,27,27,27,16,-54.4742512648528
01-Aug-2026 00:41:22,-161.539031167933,-54.1059414345975,0,26,26,26,16,-54.1059414345975
01-Aug-2026 00:41:24,-153.266420676972,-45.8333309436368,0,26,26,26,16,-45.8333309436368
01-Aug-2026 00:41:26,-150.445069327403,-43.0119795940683,0,27,27,27,17,-43.0119795940683
01-Aug-2026 00:41:28,-150.293928778776,-42.8608390454411,0,28,28,28,15,-42.8608390454411
01-Aug-2026 00:41:30,-150.047981562689,-42.6148918293535,0,28,28,28,12,-42.6148918293535
01-Aug-2026 00:41:32,-150.01453261087,-42.5814428775351,0,28,28,28,13,-42.5814428775351
01-Aug-2026 00:41:34,-152.708242234796,-45.275152501461,0,28,28,28,14,-45.275152501461
01-Aug-2026 00:41:36,-152.855415547164,-45.4223258138286,0,28,28,28,14,-45.4223258138286
01-Aug-2026 00:41:38,-153.166499427701,-45.7334096943659,0,28,28,28,14,-45.7334096943659
01-Aug-2026 00:41:40,-152.756064035423,-45.3229743020878,0,30,30,30,15,-45.3229743020878
01-Aug-2026 00:41:42,-158.986541554761,-51.5534518214255,0,30,30,30,15,-51.5534518214255
01-Aug-2026 00:41:44,-158.935928697749,-51.502838964414,0,30,30,30,12,-51.502838964414
01-Aug-2026 00:41:46,-158.985272533805,-51.55218280047,0,30,30,30,12,-51.55218280047
01-Aug-2026 00:41:48,-158.895843820887,-51.4627540875515,0,30,30,30,14,-51.4627540875515
01-Aug-2026 00:41:50,-158.864342069487,-51.4312523361516,0,30,30,30,15,-51.4312523361516
01-Aug-2026 00:41:52,-137.783148094924,-30.3500583615886,0,29,29,29,14,-30.3500583615886
01-Aug-2026 00:41:54,-138.780855897834,-31.3477661644986,0,29,29,29,13,-31.3477661644986
01-Aug-2026 00:41:56,-134.637489329334,-27.2043995959992,0,29,29,29,13,-27.2043995959992
01-Aug-2026 00:41:58,-136.097230450367,-28.6641407170322,0,29,29,29,13,-28.6641407170322
01-Aug-2026 00:42:00,-137.054414499801,-29.6213247664663,0,29,29,29,12,-29.6213247664663
01-Aug-2026 00:42:02,-137.7416532509,-30.3085635175651,0,29,29,29,12,-30.3085635175651
01-Aug-2026 00:42:04,-138.214294591246,-30.781204857911,0,29,29,29,13,-30.781204857911
01-Aug-2026 00:42:06,-138.79728461111,-31.3641948777746,0,29,29,29,11,-31.3641948777746
01-Aug-2026 00:42:08,-140.045498805962,-32.6124090726265,0,29,29,29,11,-32.6124090726265
01-Aug-2026 00:42:10,-145.527218998799,-38.0941292654639,0,29,29,29,13,-38.0941292654639
01-Aug-2026 00:42:12,-146.601063101975,-39.1679733686398,0,29,29,29,13,-39.1679733686398
01-Aug-2026 00:42:14,-147.239979274789,-39.806889541454,0,27,27,27,12,-39.806889541454
01-Aug-2026 00:42:16,-147.138039840044,-39.7049501067088,0,27,27,27,12,-39.7049501067088
01-Aug-2026 00:42:18,-147.698154155816,-40.2650644224805,0,26,26,26,14,-40.2650644224805
01-Aug-2026 00:42:20,-148.647675431612,-41.2145856982772,0,26,26,26,13,-41.2145856982772
01-Aug-2026 00:42:22,-149.764931805876,-42.3318420725404,0,26,26,26,14,-42.3318420725404
01-Aug-2026 00:42:24,-149.760580435173,-42.3274907018375,0,26,26,26,13,-42.3274907018375
01-Aug-2026 00:42:26,-150.457501023379,-43.0244112900438,0,26,26,26,12,-43.0244112900438
01-Aug-2026 00:42:28,-151.115254647306,-43.6821649139712,0,26,26,26,12,-43.6821649139712
01-Aug-2026 00:42:30,-151.304099214402,-43.8710094810664,0,26,26,26,12,-43.8710094810664
01-Aug-2026 00:42:32,-151.276291216382,-43.843201483047,0,26,26,26,13,-43.843201483047
01-Aug-2026 00:42:34,-145.205806423171,-37.772716689836,0,25,25,25,13,-37.772716689836
01-Aug-2026 00:42:36,-146.344940811424,-38.9118510780886,0,25,25,25,13,-38.9118510780886
01-Aug-2026 00:42:38,-155.000942941141,-47.5678532078058,0,25,25,25,14,-47.5678532078058
01-Aug-2026 00:42:40,-154.998876177333,-47.5657864439974,0,25,25,25,15,-47.5657864439974
01-Aug-2026 00:42:42,-154.893215351352,-47.4601256180169,0,25,25,25,15,-47.4601256180169
01-Aug-2026 00:42:44,-155.02998665231,-47.5968969189752,0,25,25,25,14,-47.5968969189752
01-Aug-2026 00:42:46,-155.05831426616,-47.6252245328245,0,25,25,25,15,-47.6252245328245
01-Aug-2026 00:42:48,-155.641328209676,-48.2082384763408,0,25,25,25,17,-48.2082384763408
01-Aug-2026 00:42:50,-155.780054581145,-48.3469648478095,0,25,25,25,17,-48.3469648478095
01-Aug-2026 00:42:52,-155.58890405898,-48.1558143256448,0,25,25,25,17,-48.1558143256448
01-Aug-2026 00:42:54,-155.884439571566,-48.4513498382304,0,25,25,25,16,-48.4513498382304
01-Aug-2026 00:42:56,-155.23191628247,-47.798826549135,0,25,25,25,17,-47.798826549135
01-Aug-2026 00:42:58,-155.632620564854,-48.1995308315191,0,25,25,25,17,-48.1995308315191
01-Aug-2026 00:43:00,-155.85965717057,-48.4265674372351,0,25,25,25,17,-48.4265674372351
01-Aug-2026 00:43:02,-156.031771999866,-48.5986822665309,0,25,25,25,17,-48.5986822665309
01-Aug-2026 00:43:04,-156.256550224649,-48.8234604913142,0,25,25,25,17,-48.8234604913142
01-Aug-2026 00:43:06,-151.73460850959,-44.3015187762549,0,25,25,25,17,-44.3015187762549
01-Aug-2026 00:43:08,-152.819089698538,-45.3859999652026,0,25,25,25,18,-45.3859999652026
01-Aug-2026 00:43:10,-153.277788248757,-45.8446985154216,0,25,25,25,18,-45.8446985154216
01-Aug-2026 00:43:12,-155.057701256221,-47.6246115228858,0,24,24,24,15,-47.6246115228858
01-Aug-2026 00:43:14,-155.677337322828,-48.2442475894933,0,24,24,24,14,-48.2442475894933
01-Aug-2026 00:43:16,-155.599953616619,-48.1668638832841,0,24,24,24,15,-48.1668638832841
01-Aug-2026 00:43:18,-155.562282161279,-48.1291924279434,0,24,24,24,14,-48.1291924279434
01-Aug-2026 00:43:20,-156.031529772014,-48.598440038679,0,24,24,24,13,-48.598440038679
01-Aug-2026 00:43:22,-155.731225530429,-48.2981357970933,0,24,24,24,14,-48.2981357970933
01-Aug-2026 00:43:24,-156.414137495932,-48.9810477625971,0,24,24,24,12,-48.9810477625971
01-Aug-2026 00:43:26,-156.425115809098,-48.9920260757628,0,24,24,24,11,-48.9920260757628
01-Aug-2026 00:43:28,-156.648125609504,-49.2150358761693,0,24,24,24,10,-49.2150358761693
01-Aug-2026 00:43:30,-159.745886880445,-52.3127971471096,0,24,24,24,8,-52.3127971471096
01-Aug-2026 00:43:32,-159.641248325867,-52.208158592532,0,25,25,25,8,-52.208158592532
01-Aug-2026 00:43:34,-159.41582178881,-51.9827320554747,0,25,25,25,8,-51.9827320554747
01-Aug-2026 00:43:36,-159.608245188002,-52.175155454667,0,26,26,26,10,-52.175155454667
01-Aug-2026 00:43:38,-159.620320002741,-52.1872302694063,0,26,26,26,9,-52.1872302694063
01-Aug-2026 00:43:40,-159.577002722878,-52.1439129895427,0,27,27,27,10,-52.1439129895427
01-Aug-2026 00:43:42,-158.739178413268,-51.3060886799324,0,27,27,27,11,-51.3060886799324
01-Aug-2026 00:43:44,-156.782328587906,-49.3492388545712,0,26,26,26,11,-49.3492388545712
01-Aug-2026 00:43:46,-156.845703910912,-49.412614177577,0,26,26,26,12,-49.412614177577
01-Aug-2026 00:43:48,-156.745119790282,-49.3120300569467,0,26,26,26,10,-49.3120300569467
01-Aug-2026 00:43:50,-155.493176519009,-48.0600867856737,0,25,25,25,11,-48.0600867856737
01-Aug-2026 00:43:52,-156.518518156586,-49.0854284232512,0,25,25,25,9,-49.0854284232512
01-Aug-2026 00:43:54,-156.687921265403,-49.2548315320681,0,26,26,26,7,-49.2548315320681
01-Aug-2026 00:43:56,-156.719586922004,-49.2864971886685,0,26,26,26,7,-49.2864971886685
01-Aug-2026 00:43:58,-155.626463195982,-48.1933734626467,0,27,27,27,8,-48.1933734626467
01-Aug-2026 00:44:00,-155.627065014678,-48.1939752813432,0,27,27,27,7,-48.1939752813432
01-Aug-2026 00:44:02,-155.434632875352,-48.0015431420169,0,27,27,27,7,-48.0015431420169
01-Aug-2026 00:44:04,-155.545078103238,-48.1119883699024,0,27,27,27,7,-48.1119883699024
01-Aug-2026 00:44:06,-155.909618874609,-48.476529141274,0,27,27,27,8,-48.476529141274
01-Aug-2026 00:44:08,-129.340429049506,-21.9073393161711,0,27,27,27,11,-21.9073393161711
01-Aug-2026 00:44:10,-128.831095917107,-21.3980061837719,0,27,27,27,12,-21.3980061837719
01-Aug-2026 00:44:12,-128.116148600637,-20.6830588673013,0,26,26,26,11,-20.6830588673013
01-Aug-2026 00:44:14,-128.026228861382,-20.5931391280465,0,26,26,26,10,-20.5931391280465
01-Aug-2026 00:44:16,-127.755329819562,-20.322240086227,0,26,26,26,10,-20.322240086227
01-Aug-2026 00:44:18,-149.605933691725,-42.1728439583902,0,26,26,26,9,-42.1728439583902
01-Aug-2026 00:44:20,-149.156348634316,-41.7232589009807,0,26,26,26,8,-41.7232589009807
01-Aug-2026 00:44:22,-160.362826633559,-52.9297369002241,0,26,26,26,8,-52.9297369002241
01-Aug-2026 00:44:24,-160.353591619715,-52.9205018863803,0,26,26,26,9,-52.9205018863803
01-Aug-2026 00:44:26,-160.530169346299,-53.0970796129634,0,26,26,26,10,-53.0970796129634
01-Aug-2026 00:44:28,-160.603028107693,-53.1699383743574,0,26,26,26,9,-53.1699383743574
01-Aug-2026 00:44:30,-160.610229443614,-53.1771397102786,0,26,26,26,10,-53.1771397102786
01-Aug-2026 00:44:32,-160.251486015812,-52.8183962824766,0,27,27,27,10,-52.8183962824766
01-Aug-2026 00:44:34,-160.474139547526,-53.0410498141906,0,27,27,27,10,-53.0410498141906
01-Aug-2026 00:44:36,-167.034379069436,-59.6012893361006,0,27,27,27,10,-59.6012893361006
01-Aug-2026 00:44:38,-167.025595728736,-59.5925059954009,0,27,27,27,9,-59.5925059954009
01-Aug-2026 00:44:40,-166.605513037367,-59.1724233040318,0,27,27,27,9,-59.1724233040318
01-Aug-2026 00:44:42,-166.898938613387,-59.4658488800516,0,27,27,27,8,-59.4658488800516
01-Aug-2026 00:44:44,-167.233763677922,-59.8006739445868,0,27,27,27,9,-59.8006739445868
01-Aug-2026 00:44:46,-173.940730904401,-66.507641171066,0,27,27,27,9,-66.507641171066
01-Aug-2026 00:44:48,-173.929124224557,-66.4960344912216,0,27,27,27,10,-66.4960344912216
01-Aug-2026 00:44:50,-173.727869878303,-66.294780144968,0,26,26,26,10,-66.294780144968
01-Aug-2026 00:44:52,-167.124260460037,-59.6911707267014,0,26,26,26,10,-59.6911707267014
01-Aug-2026 00:44:54,-167.203812648662,-59.770722915327,0,26,26,26,9,-59.770722915327
01-Aug-2026 00:44:56,-166.844746957292,-59.4116572239563,0,26,26,26,9,-59.4116572239563
01-Aug-2026 00:44:58,-165.74727973708,-58.3141900037452,0,25,25,25,11,-58.3141900037452
01-Aug-2026 00:45:00,-172.360163266443,-64.927073533108,0,25,25,25,10,-64.927073533108
01-Aug-2026 00:45:02,-172.380679674871,-64.9475899415355,0,25,25,25,12,-64.9475899415355
01-Aug-2026 00:45:04,-171.862502610065,-64.4294128767299,0,25,25,25,12,-64.4294128767299
01-Aug-2026 00:45:06,-172.525225007672,-65.0921352743371,0,25,25,25,12,-65.0921352743371
01-Aug-2026 00:45:08,-172.478344051414,-65.0452543180785,0,25,25,25,11,-65.0452543180785
01-Aug-2026 00:45:10,-172.388372117119,-64.9552823837842,0,26,26,26,12,-64.9552823837842
01-Aug-2026 00:45:12,-162.037896834789,-54.6048071014541,0,26,26,26,15,-54.6048071014541
01-Aug-2026 00:45:14,-147.127489581189,-39.6943998478543,0,26,26,26,13,-39.6943998478543
01-Aug-2026 00:45:16,-172.511020262162,-65.0779305288265,0,26,26,26,11,-65.0779305288265
01-Aug-2026 00:45:18,-159.172440001126,-51.7393502677905,0,28,28,28,11,-51.7393502677905
01-Aug-2026 00:45:20,-158.55626520493,-51.1231754715948,0,29,29,29,11,-51.1231754715948
01-Aug-2026 00:45:22,-158.61237745322,-51.1792877198846,0,29,29,29,11,-51.1792877198846
01-Aug-2026 00:45:24,-159.393505011204,-51.9604152778685,0,29,29,29,12,-51.9604152778685
01-Aug-2026 00:45:26,-159.251676409998,-51.8185866766631,0,29,29,29,13,-51.8185866766631
01-Aug-2026 00:45:28,-159.293060504522,-51.8599707711869,0,29,29,29,13,-51.8599707711869
01-Aug-2026 00:45:30,-159.706376372149,-52.2732866388142,0,29,29,29,12,-52.2732866388142
01-Aug-2026 00:45:32,-152.762428113882,-45.3293383805465,0,30,30,30,13,-45.3293383805465
01-Aug-2026 00:45:34,-159.705857561887,-52.2727678285516,0,30,30,30,11,-52.2727678285516
01-Aug-2026 00:45:36,-159.316059376963,-51.8829696436281,0,30,30,30,13,-51.8829696436281
01-Aug-2026 00:45:38,-158.836614635672,-51.4035249023368,0,30,30,30,13,-51.4035249023368
01-Aug-2026 00:45:40,-159.001201745811,-51.5681120124759,0,30,30,30,14,-51.5681120124759
01-Aug-2026 00:45:42,-171.509579887678,-64.076490154343,0,30,30,30,12,-64.076490154343
01-Aug-2026 00:45:44,-171.674112179195,-64.2410224458597,0,29,29,29,9,-64.2410224458597
01-Aug-2026 00:45:46,-171.605624759823,-64.172535026488,0,29,29,29,8,-64.172535026488
01-Aug-2026 00:45:48,-173.137045945996,-65.7039562126612,0,29,29,29,9,-65.7039562126612
01-Aug-2026 00:45:50,-175.144641875855,-67.7115521425197,0,28,28,28,9,-67.7115521425197
01-Aug-2026 00:45:52,-150.584133553441,-43.1510438201063,0,29,29,29,12,-43.1510438201063
01-Aug-2026 00:45:54,-151.293894057285,-43.86080432395,0,28,28,28,10,-43.86080432395
01-Aug-2026 00:45:56,-151.088891862828,-43.6558021294933,0,28,28,28,10,-43.6558021294933
01-Aug-2026 00:45:58,-150.568767748908,-43.1356780155729,0,28,28,28,11,-43.1356780155729
01-Aug-2026 00:46:00,-150.852474265371,-43.4193845320358,0,28,28,28,12,-43.4193845320358
01-Aug-2026 00:46:02,-151.348575954754,-43.9154862214193,0,28,28,28,13,-43.9154862214193
01-Aug-2026 00:46:04,-151.619338520529,-44.1862487871937,0,27,27,27,11,-44.1862487871937
01-Aug-2026 00:46:06,-155.196804753492,-47.7637150201572,0,27,27,27,11,-47.7637150201572
01-Aug-2026 00:46:08,-155.362649545766,-47.9295598124305,0,26,26,26,9,-47.9295598124305
01-Aug-2026 00:46:10,-155.225618057504,-47.7925283241691,0,26,26,26,10,-47.7925283241691
01-Aug-2026 00:46:12,-160.170972448163,-52.7378827148276,0,26,26,26,8,-52.7378827148276
01-Aug-2026 00:46:14,-159.895408311898,-52.4623185785629,0,26,26,26,9,-52.4623185785629
01-Aug-2026 00:46:16,-160.253906853266,-52.8208171199309,0,26,26,26,10,-52.8208171199309
01-Aug-2026 00:46:18,-160.388471046446,-52.9553813131113,0,26,26,26,9,-52.9553813131113
01-Aug-2026 00:46:20,-160.144748852867,-52.7116591195323,0,26,26,26,10,-52.7116591195323
01-Aug-2026 00:46:22,-160.266120979804,-52.8330312464684,0,26,26,26,12,-52.8330312464684
01-Aug-2026 00:46:24,-159.990611711951,-52.557521978616,0,26,26,26,12,-52.557521978616
01-Aug-2026 00:46:26,-159.707251038482,-52.2741613051473,0,26,26,26,13,-52.2741613051473
01-Aug-2026 00:46:28,-159.706592090072,-52.2735023567364,0,25,25,25,12,-52.2735023567364
01-Aug-2026 00:46:30,-159.873498790973,-52.4404090576379,0,25,25,25,11,-52.4404090576379
01-Aug-2026 00:46:32,-159.781433344332,-52.3483436109969,0,25,25,25,11,-52.3483436109969
01-Aug-2026 00:46:34,-159.545221085824,-52.1121313524891,0,25,25,25,11,-52.1121313524891
01-Aug-2026 00:46:36,-153.568616992045,-46.1355272587098,0,25,25,25,13,-46.1355272587098
01-Aug-2026 00:46:38,-158.658776749815,-51.2256870164798,0,25,25,25,12,-51.2256870164798
01-Aug-2026 00:46:40,-154.375256431726,-46.9421666983904,0,25,25,25,11,-46.9421666983904
01-Aug-2026 00:46:42,-153.93463590041,-46.501546167075,0,25,25,25,11,-46.501546167075
01-Aug-2026 00:46:44,-154.040837387754,-46.6077476544191,0,25,25,25,11,-46.6077476544191
01-Aug-2026 00:46:46,-157.983065761596,-50.5499760282609,0,25,25,25,11,-50.5499760282609
01-Aug-2026 00:46:48,-154.597335837289,-47.164246103954,0,25,25,25,11,-47.164246103954
01-Aug-2026 00:46:50,-154.361304563744,-46.9282148304086,0,25,25,25,13,-46.9282148304086
01-Aug-2026 00:46:52,-153.77004891136,-46.3369591780243,0,25,25,25,14,-46.3369591780243
01-Aug-2026 00:46:54,-153.717966043271,-46.2848763099357,0,25,25,25,15,-46.2848763099357
01-Aug-2026 00:46:56,-153.834450055768,-46.4013603224328,0,25,25,25,15,-46.4013603224328
01-Aug-2026 00:46:58,-153.266283056903,-45.8331933235674,0,24,24,24,15,-45.8331933235674
01-Aug-2026 00:47:00,-155.334330965899,-47.901241232564,0,24,24,24,13,-47.901241232564
01-Aug-2026 00:47:02,-157.868576739703,-50.435487006368,0,24,24,24,13,-50.435487006368
01-Aug-2026 00:47:04,-164.341207471587,-56.9081177382517,0,24,24,24,9,-56.9081177382517
01-Aug-2026 00:47:06,-164.149998764016,-56.7169090306811,0,24,24,24,9,-56.7169090306811
01-Aug-2026 00:47:08,-164.265960275923,-56.8328705425875,0,24,24,24,8,-56.8328705425875
01-Aug-2026 00:47:10,-172.518751033875,-65.08566130054,0,24,24,24,7,-65.08566130054
01-Aug-2026 00:47:12,-174.363101851975,-66.9300121186398,0,24,24,24,7,-66.9300121186398
01-Aug-2026 00:47:14,-175.361266145749,-67.9281764124141,0,24,24,24,6,-67.9281764124141
01-Aug-2026 00:47:16,-175.765506300629,-68.3324165672936,0,24,24,24,5,-68.3324165672936
01-Aug-2026 00:47:18,-176.048279978855,-68.61519024552,0,25,25,25,6,-68.61519024552
01-Aug-2026 00:47:20,-176.415629721039,-68.9825399877042,0,25,25,25,5,-68.9825399877042
01-Aug-2026 00:47:22,-176.519755534968,-69.0866658016332,0,25,25,25,4,-69.0866658016332
01-Aug-2026 00:47:24,-176.484031812877,-69.050942079542,0,25,25,25,4,-69.050942079542
01-Aug-2026 00:47:26,-176.651723601859,-69.2186338685236,0,25,25,25,4,-69.2186338685236
01-Aug-2026 00:47:28,-175.420914020403,-67.9878242870679,0,26,26,26,5,-67.9878242870679
01-Aug-2026 00:47:30,-175.139116930168,-67.7060271968327,0,26,26,26,5,-67.7060271968327
01-Aug-2026 00:47:32,-169.453359702751,-62.0202699694158,0,25,25,25,5,-62.0202699694158
01-Aug-2026 00:47:34,-169.698435767519,-62.2653460341838,0,25,25,25,6,-62.2653460341838
01-Aug-2026 00:47:36,-169.728213741813,-62.2951240084774,0,25,25,25,7,-62.2951240084774
01-Aug-2026 00:47:38,-169.652130748978,-62.2190410156429,0,25,25,25,7,-62.2190410156429
01-Aug-2026 00:47:40,-165.33321342516,-57.9001236918253,0,24,24,24,10,-57.9001236918253
01-Aug-2026 00:47:42,-166.143395180486,-58.7103054471512,0,24,24,24,9,-58.7103054471512
01-Aug-2026 00:47:44,-165.823289471353,-58.3901997380173,0,25,25,25,9,-58.3901997380173
01-Aug-2026 00:47:46,-165.939339451847,-58.5062497185118,0,27,27,27,9,-58.5062497185118
01-Aug-2026 00:47:48,-170.483387844349,-63.0502981110134,0,27,27,27,8,-63.0502981110134
01-Aug-2026 00:47:50,-170.991198806304,-63.5581090729685,0,27,27,27,7,-63.5581090729685
01-Aug-2026 00:47:52,-170.952056189959,-63.5189664566237,0,27,27,27,7,-63.5189664566237
01-Aug-2026 00:47:54,-170.188120881391,-62.7550311480558,0,27,27,27,8,-62.7550311480558
01-Aug-2026 00:47:56,-170.163534730303,-62.7304449969682,0,27,27,27,9,-62.7304449969682
01-Aug-2026 00:47:58,-170.39761562965,-62.9645258963147,0,27,27,27,10,-62.9645258963147
01-Aug-2026 00:48:00,-170.604429407421,-63.1713396740862,0,27,27,27,11,-63.1713396740862
01-Aug-2026 00:48:02,-170.354766007603,-62.9216762742675,0,27,27,27,13,-62.9216762742675
01-Aug-2026 00:48:04,-170.315206039298,-62.8821163059632,0,26,26,26,13,-62.8821163059632
01-Aug-2026 00:48:06,-154.897927065346,-47.4648373320108,0,26,26,26,14,-47.4648373320108
01-Aug-2026 00:48:08,-154.265330250922,-46.832240517587,0,26,26,26,14,-46.832240517587
01-Aug-2026 00:48:10,-154.048835620611,-46.6157458872758,0,26,26,26,14,-46.6157458872758
01-Aug-2026 00:48:12,-153.437342764655,-46.0042530313199,0,26,26,26,15,-46.0042530313199
01-Aug-2026 00:48:14,-147.178647460388,-39.7455577270524,0,26,26,26,14,-39.7455577270524
01-Aug-2026 00:48:16,-150.212628008513,-42.7795382751783,0,27,27,27,14,-42.7795382751783
01-Aug-2026 00:48:18,-149.865475675055,-42.4323859417201,0,27,27,27,14,-42.4323859417201
01-Aug-2026 00:48:20,-148.863260327198,-41.4301705938626,0,27,27,27,13,-41.4301705938626
01-Aug-2026 00:48:22,-144.630304905931,-37.1972151725956,0,27,27,27,13,-37.1972151725956
01-Aug-2026 00:48:24,-144.016250124598,-36.5831603912628,0,27,27,27,14,-36.5831603912628
01-Aug-2026 00:48:26,-142.767716262775,-35.3346265294394,0,27,27,27,15,-35.3346265294394
01-Aug-2026 00:48:28,-142.320260256651,-34.8871705233162,0,27,27,27,14,-34.8871705233162
01-Aug-2026 00:48:30,-141.922828521445,-34.48973878811,0,27,27,27,14,-34.48973878811
01-Aug-2026 00:48:32,-141.297947877797,-33.8648581444617,0,26,26,26,13,-33.8648581444617
01-Aug-2026 00:48:34,-141.200875815056,-33.7677860817211,0,26,26,26,11,-33.7677860817211
01-Aug-2026 00:48:36,-143.832753690088,-36.3996639567532,0,26,26,26,11,-36.3996639567532
01-Aug-2026 00:48:38,-144.048325779523,-36.6152360461874,0,26,26,26,11,-36.6152360461874
01-Aug-2026 00:48:40,-144.60155792242,-37.1684681890853,0,26,26,26,10,-37.1684681890853
01-Aug-2026 00:48:42,-143.825488043889,-36.3923983105535,0,26,26,26,8,-36.3923983105535
01-Aug-2026 00:48:44,-142.019690285183,-34.5866005518483,0,26,26,26,7,-34.5866005518483
01-Aug-2026 00:48:46,-159.468791643877,-52.0357019105418,0,25,25,25,8,-52.0357019105418
01-Aug-2026 00:48:48,-159.431934846514,-51.9988451131786,0,25,25,25,9,-51.9988451131786
01-Aug-2026 00:48:50,-157.123864520054,-49.6907747867185,0,25,25,25,11,-49.6907747867185
01-Aug-2026 00:48:52,-157.328832778625,-49.8957430452893,0,25,25,25,11,-49.8957430452893
01-Aug-2026 00:48:54,-152.714419546752,-45.2813298134171,0,25,25,25,12,-45.2813298134171
01-Aug-2026 00:48:56,-152.414287519708,-44.9811977863727,0,25,25,25,14,-44.9811977863727
01-Aug-2026 00:48:58,-152.42120816269,-44.9881184293549,0,25,25,25,14,-44.9881184293549
01-Aug-2026 00:49:00,-152.551531322644,-45.1184415893087,0,25,25,25,13,-45.1184415893087
01-Aug-2026 00:49:02,-144.658802552589,-37.2257128192536,0,26,26,26,15,-37.2257128192536
01-Aug-2026 00:49:04,-145.714688499989,-38.2815987666542,0,27,27,27,16,-38.2815987666542
01-Aug-2026 00:49:06,-151.719127652989,-44.2860379196542,0,27,27,27,14,-44.2860379196542
01-Aug-2026 00:49:08,-149.353215174003,-41.9201254406674,0,28,28,28,15,-41.9201254406674
01-Aug-2026 00:49:10,-149.873801605894,-42.4407118725585,0,28,28,28,14,-42.4407118725585
01-Aug-2026 00:49:12,-150.078086064361,-42.6449963310255,0,29,29,29,14,-42.6449963310255
01-Aug-2026 00:49:14,-150.102346792554,-42.6692570592186,0,29,29,29,14,-42.6692570592186
01-Aug-2026 00:49:16,-150.849881856781,-43.4167921234461,0,29,29,29,15,-43.4167921234461
01-Aug-2026 00:49:18,-150.754214144818,-43.3211244114825,0,29,29,29,14,-43.3211244114825
01-Aug-2026 00:49:20,-150.948923012443,-43.5158332791077,0,29,29,29,16,-43.5158332791077
01-Aug-2026 00:49:22,-152.659317440234,-45.2262277068993,0,29,29,29,14,-45.2262277068993
01-Aug-2026 00:49:24,-153.178977219416,-45.7458874860812,0,30,30,30,13,-45.7458874860812
01-Aug-2026 00:49:26,-147.898666001212,-40.465576267877,0,30,30,30,13,-40.465576267877
01-Aug-2026 00:49:28,-149.10998223559,-41.6768925022544,0,30,30,30,13,-41.6768925022544
01-Aug-2026 00:49:30,-148.848867757465,-41.4157780241299,0,30,30,30,13,-41.4157780241299
01-Aug-2026 00:49:32,-149.180250482278,-41.7471607489431,0,30,30,30,13,-41.7471607489431
01-Aug-2026 00:49:34,-149.700156343703,-42.2670666103677,0,29,29,29,13,-42.2670666103677
01-Aug-2026 00:49:36,-150.079036854491,-42.6459471211556,0,28,28,28,12,-42.6459471211556
01-Aug-2026 00:49:38,-132.533680313435,-25.1005905800997,0,28,28,28,10,-25.1005905800997
01-Aug-2026 00:49:40,-133.966896155191,-26.5338064218559,0,27,27,27,11,-26.5338064218559
01-Aug-2026 00:49:42,-134.55045913103,-27.1173693976947,0,28,28,28,13,-27.1173693976947
01-Aug-2026 00:49:44,-135.434745311737,-28.0016555784015,0,28,28,28,13,-28.0016555784015
01-Aug-2026 00:49:46,-136.725139105779,-29.2920493724443,0,28,28,28,13,-29.2920493724443
01-Aug-2026 00:49:48,-138.309204123043,-30.8761143897077,0,28,28,28,14,-30.8761143897077
01-Aug-2026 00:49:50,-138.297997280928,-30.8649075475925,0,28,28,28,13,-30.8649075475925
01-Aug-2026 00:49:52,-157.145005698407,-49.7119159650719,0,28,28,28,13,-49.7119159650719
01-Aug-2026 00:49:54,-156.574114662345,-49.1410249290103,0,27,27,27,13,-49.1410249290103
01-Aug-2026 00:49:56,-156.167994967948,-48.7349052346127,0,26,26,26,12,-48.7349052346127
01-Aug-2026 00:49:58,-155.974437904941,-48.5413481716057,0,26,26,26,12,-48.5413481716057
01-Aug-2026 00:50:00,-156.853641145166,-49.4205514118304,0,26,26,26,13,-49.4205514118304
01-Aug-2026 00:50:02,-156.841922559122,-49.4088328257873,0,26,26,26,12,-49.4088328257873
01-Aug-2026 00:50:04,-156.637575944225,-49.2044862108901,0,26,26,26,11,-49.2044862108901
01-Aug-2026 00:50:06,-157.427713825187,-49.9946240918513,0,26,26,26,11,-49.9946240918513
01-Aug-2026 00:50:08,-157.294974070786,-49.8618843374506,0,26,26,26,12,-49.8618843374506
01-Aug-2026 00:50:10,-157.299182317112,-49.8660925837766,0,26,26,26,13,-49.8660925837766
01-Aug-2026 00:50:12,-160.589284314619,-53.156194581284,0,26,26,26,13,-53.156194581284
01-Aug-2026 00:50:14,-160.384233675199,-52.9511439418635,0,26,26,26,14,-52.9511439418635
01-Aug-2026 00:50:16,-160.160508920691,-52.7274191873554,0,26,26,26,14,-52.7274191873554
01-Aug-2026 00:50:18,-159.627329664123,-52.1942399307874,0,26,26,26,13,-52.1942399307874
01-Aug-2026 00:50:20,-160.439845332726,-53.0067555993911,0,26,26,26,11,-53.0067555993911
01-Aug-2026 00:50:22,-160.586757282182,-53.1536675488471,0,25,25,25,9,-53.1536675488471
01-Aug-2026 00:50:24,-160.618329288515,-53.1852395551794,0,25,25,25,10,-53.1852395551794
01-Aug-2026 00:50:26,-161.505434086924,-54.0723443535887,0,25,25,25,8,-54.0723443535887
01-Aug-2026 00:50:28,-161.828970601355,-54.39588086802,0,25,25,25,8,-54.39588086802
01-Aug-2026 00:50:30,-160.615547463294,-53.1824577299592,0,25,25,25,9,-53.1824577299592
01-Aug-2026 00:50:32,-160.016563490689,-52.5834737573534,0,25,25,25,9,-52.5834737573534
01-Aug-2026 00:50:34,-160.68367825928,-53.2505885259447,0,25,25,25,9,-53.2505885259447
01-Aug-2026 00:50:36,-160.812951190865,-53.37986145753,0,25,25,25,8,-53.37986145753
01-Aug-2026 00:50:38,-160.730964155514,-53.297874422179,0,25,25,25,9,-53.297874422179
01-Aug-2026 00:50:40,-160.16064776816,-52.7275580348249,0,25,25,25,9,-52.7275580348249
01-Aug-2026 00:50:42,-158.264368665353,-50.8312789320182,0,25,25,25,13,-50.8312789320182
01-Aug-2026 00:50:44,-158.46313560925,-51.0300458759152,0,24,24,24,12,-51.0300458759152
01-Aug-2026 00:50:46,-150.88838148323,-43.4552917498951,0,24,24,24,13,-43.4552917498951
01-Aug-2026 00:50:48,-148.017923037452,-40.5848333041173,0,24,24,24,13,-40.5848333041173
01-Aug-2026 00:50:50,-148.345093845244,-40.9120041119085,0,24,24,24,12,-40.9120041119085
01-Aug-2026 00:50:52,-148.285336589971,-40.8522468566362,0,24,24,24,15,-40.8522468566362
01-Aug-2026 00:50:54,-148.285641958516,-40.8525522251808,0,24,24,24,12,-40.8525522251808
01-Aug-2026 00:50:56,-147.967339663768,-40.534249930433,0,24,24,24,12,-40.534249930433
01-Aug-2026 00:50:58,-148.285636475595,-40.8525467422598,0,24,24,24,13,-40.8525467422598
01-Aug-2026 00:51:00,-148.174154670341,-40.741064937006,0,24,24,24,12,-40.741064937006
01-Aug-2026 00:51:02,-149.74725194501,-42.314162211675,0,24,24,24,11,-42.314162211675
01-Aug-2026 00:51:04,-148.722798795281,-41.2897090619457,0,24,24,24,11,-41.2897090619457
01-Aug-2026 00:51:06,-148.56226825538,-41.1291785220443,0,25,25,25,13,-41.1291785220443
01-Aug-2026 00:51:08,-148.583050602252,-41.1499608689168,0,25,25,25,13,-41.1499608689168
01-Aug-2026 00:51:10,-148.439688921866,-41.0065991885307,0,25,25,25,12,-41.0065991885307
01-Aug-2026 00:51:12,-147.909206570662,-40.476116837327,0,25,25,25,13,-40.476116837327
01-Aug-2026 00:51:14,-148.313002138885,-40.8799124055496,0,25,25,25,13,-40.8799124055496
01-Aug-2026 00:51:16,-148.246868935064,-40.8137792017292,0,25,25,25,14,-40.8137792017292
01-Aug-2026 00:51:18,-148.697599728386,-41.2645099950513,0,25,25,25,14,-41.2645099950513
01-Aug-2026 00:51:20,-148.695383849281,-41.2622941159456,0,26,26,26,14,-41.2622941159456
01-Aug-2026 00:51:22,-148.194860878217,-40.7617711448813,0,25,25,25,13,-40.7617711448813
01-Aug-2026 00:51:24,-151.994788734408,-44.5616990010724,0,25,25,25,12,-44.5616990010724
01-Aug-2026 00:51:26,-151.398715352981,-43.9656256196461,0,25,25,25,10,-43.9656256196461
01-Aug-2026 00:51:28,-151.494034024755,-44.0609442914199,0,25,25,25,10,-44.0609442914199
01-Aug-2026 00:51:30,-151.628324562575,-44.1952348292396,0,25,25,25,11,-44.1952348292396
01-Aug-2026 00:51:32,-151.348938640143,-43.9158489068079,0,25,25,25,13,-43.9158489068079
01-Aug-2026 00:51:34,-151.112886499413,-43.6797967660776,0,25,25,25,12,-43.6797967660776
01-Aug-2026 00:51:36,-150.783233011079,-43.3501432777442,0,25,25,25,12,-43.3501432777442
01-Aug-2026 00:51:38,-143.540043574283,-36.1069538409481,0,26,26,26,13,-36.1069538409481
01-Aug-2026 00:51:40,-143.209685963939,-35.7765962306041,0,26,26,26,14,-35.7765962306041
01-Aug-2026 00:51:42,-142.757212379584,-35.3241226462484,0,26,26,26,15,-35.3241226462484
01-Aug-2026 00:51:44,-141.493743392055,-34.0606536587195,0,26,26,26,15,-34.0606536587195
01-Aug-2026 00:51:46,-140.563474457131,-33.1303847237963,0,26,26,26,14,-33.1303847237963
01-Aug-2026 00:51:48,-140.198544010673,-32.7654542773382,0,26,26,26,13,-32.7654542773382
01-Aug-2026 00:51:50,-139.296758556367,-31.8636688230321,0,26,26,26,14,-31.8636688230321
01-Aug-2026 00:51:52,-138.555270758577,-31.1221810252417,0,26,26,26,13,-31.1221810252417
01-Aug-2026 00:51:54,-137.521554367588,-30.0884646342531,0,27,27,27,15,-30.0884646342531
01-Aug-2026 00:51:56,-151.852279524927,-44.4191897915919,0,26,26,26,14,-44.4191897915919
01-Aug-2026 00:51:58,-151.20367960066,-43.7705898673243,0,26,26,26,15,-43.7705898673243
01-Aug-2026 00:52:00,-151.13225572427,-43.6991659909352,0,27,27,27,15,-43.6991659909352
01-Aug-2026 00:52:02,-150.932639528691,-43.4995497953554,0,27,27,27,15,-43.4995497953554
01-Aug-2026 00:52:04,-150.971033684603,-43.5379439512679,0,26,26,26,15,-43.5379439512679
01-Aug-2026 00:52:06,-150.964712645901,-43.5316229125657,0,26,26,26,15,-43.5316229125657
01-Aug-2026 00:52:08,-156.747115247753,-49.314025514418,0,26,26,26,15,-49.314025514418
01-Aug-2026 00:52:10,-156.622075572429,-49.1889858390936,0,26,26,26,15,-49.1889858390936
01-Aug-2026 00:52:12,-155.601139685121,-48.1680499517861,0,26,26,26,14,-48.1680499517861
01-Aug-2026 00:52:14,-156.179725146543,-48.7466354132083,0,26,26,26,13,-48.7466354132083
01-Aug-2026 00:52:16,-155.913823983986,-48.4807342506512,0,26,26,26,12,-48.4807342506512
01-Aug-2026 00:52:18,-155.579381149186,-48.1462914158506,0,26,26,26,11,-48.1462914158506
01-Aug-2026 00:52:20,-155.309763570955,-47.8766738376193,0,26,26,26,10,-47.8766738376193
01-Aug-2026 00:52:22,-145.330667153479,-37.8975774201438,0,26,26,26,10,-37.8975774201438
01-Aug-2026 00:52:24,-144.09168771575,-36.6585979824152,0,26,26,26,12,-36.6585979824152
01-Aug-2026 00:52:26,-143.6594936061,-36.2264038727644,0,26,26,26,14,-36.2264038727644
01-Aug-2026 00:52:28,-142.917844550938,-35.4847548176028,0,26,26,26,15,-35.4847548176028
01-Aug-2026 00:52:30,-142.234624197949,-34.801534464614,0,26,26,26,13,-34.801534464614
01-Aug-2026 00:52:32,-141.373927923189,-33.9408381898538,0,26,26,26,11,-33.9408381898538
01-Aug-2026 00:52:34,-140.901561546808,-33.468471813473,0,26,26,26,11,-33.468471813473
01-Aug-2026 00:52:36,-140.176372634618,-32.7432829012829,0,26,26,26,11,-32.7432829012829
01-Aug-2026 00:52:38,-139.653813414114,-32.220723680779,0,26,26,26,12,-32.220723680779
01-Aug-2026 00:52:40,-127.43655682241,-20.0034670890751,0,26,26,26,15,-20.0034670890751
01-Aug-2026 00:52:42,-128.427085643365,-20.9939959100302,0,25,25,25,15,-20.9939959100302
01-Aug-2026 00:52:44,-129.152539000007,-21.7194492666721,0,26,26,26,16,-21.7194492666721
01-Aug-2026 00:52:46,-130.178052141221,-22.7449624078861,0,26,26,26,17,-22.7449624078861
01-Aug-2026 00:52:48,-131.31011218599,-23.8770224526543,0,26,26,26,18,-23.8770224526543
01-Aug-2026 00:52:50,-132.34954194904,-24.916452215705,0,26,26,26,17,-24.916452215705
01-Aug-2026 00:52:52,-133.617197114147,-26.1841073808122,0,26,26,26,18,-26.1841073808122
01-Aug-2026 00:52:54,-134.160738127358,-26.7276483940226,0,26,26,26,17,-26.7276483940226
01-Aug-2026 00:52:56,-135.360606783393,-27.9275170500581,0,26,26,26,16,-27.9275170500581
01-Aug-2026 00:52:58,-136.328881011393,-28.8957912780579,0,28,28,28,16,-28.8957912780579
01-Aug-2026 00:53:00,-137.171492272686,-29.7384025393513,0,28,28,28,16,-29.7384025393513
01-Aug-2026 00:53:02,-137.850965328567,-30.4178755952322,0,28,28,28,15,-30.4178755952322
01-Aug-2026 00:53:04,-139.031964190903,-31.5988744575679,0,29,29,29,16,-31.5988744575679
01-Aug-2026 00:53:06,-151.473876676541,-44.0407869432055,0,29,29,29,16,-44.0407869432056
01-Aug-2026 00:53:08,-151.927928575805,-44.4948388424697,0,29,29,29,18,-44.4948388424697
01-Aug-2026 00:53:10,-152.370153182804,-44.9370634494684,0,29,29,29,18,-44.9370634494684
01-Aug-2026 00:53:12,-152.7985394267,-45.3654496933646,0,29,29,29,17,-45.3654496933646
01-Aug-2026 00:53:14,-153.624187008872,-46.1910972755369,0,29,29,29,16,-46.1910972755369
01-Aug-2026 00:53:16,-153.758226914277,-46.325137180942,0,29,29,29,15,-46.325137180942
01-Aug-2026 00:53:18,-153.753712204746,-46.3206224714105,0,29,29,29,15,-46.3206224714105
01-Aug-2026 00:53:20,-155.523825276575,-48.0907355432396,0,29,29,29,14,-48.0907355432396
01-Aug-2026 00:53:22,-155.357661078022,-47.9245713446873,0,29,29,29,15,-47.9245713446873
01-Aug-2026 00:53:24,-156.563966516642,-49.1308767833067,0,29,29,29,14,-49.1308767833067
01-Aug-2026 00:53:26,-133.719734918113,-26.2866451847777,0,28,28,28,13,-26.2866451847777
01-Aug-2026 00:53:28,-134.915727764153,-27.4826380308181,0,28,28,28,12,-27.4826380308181
01-Aug-2026 00:53:30,-135.982227802748,-28.5491380694129,0,27,27,27,11,-28.5491380694129
01-Aug-2026 00:53:32,-137.406086466461,-29.9729967331257,0,27,27,27,9,-29.9729967331257
01-Aug-2026 00:53:34,-138.686474957288,-31.253385223953,0,28,28,28,11,-31.253385223953
01-Aug-2026 00:53:36,-140.475375178901,-33.0422854455657,0,28,28,28,12,-33.0422854455657
01-Aug-2026 00:53:38,-141.829130641318,-34.3960409079824,0,28,28,28,13,-34.3960409079824
01-Aug-2026 00:53:40,-142.206747406667,-34.7736576733317,0,28,28,28,13,-34.7736576733317
01-Aug-2026 00:53:42,-143.343854911447,-35.9107651781123,0,28,28,28,13,-35.9107651781123
01-Aug-2026 00:53:44,-144.739885059502,-37.306795326167,0,27,27,27,13,-37.306795326167
01-Aug-2026 00:53:46,-145.641612252778,-38.2085225194431,0,26,26,26,10,-38.2085225194431
01-Aug-2026 00:53:48,-147.182926729756,-39.7498369964212,0,26,26,26,11,-39.7498369964212
01-Aug-2026 00:53:50,-147.78529771522,-40.3522079818845,0,26,26,26,11,-40.3522079818845
01-Aug-2026 00:53:52,-149.391512171278,-41.9584224379427,0,26,26,26,13,-41.9584224379427
01-Aug-2026 00:53:54,-149.94776410268,-42.5146743693446,0,26,26,26,12,-42.5146743693446
01-Aug-2026 00:53:56,-150.34841496799,-42.9153252346546,0,26,26,26,14,-42.9153252346546
01-Aug-2026 00:53:58,-144.250026799813,-36.8169370664781,0,26,26,26,14,-36.8169370664781
01-Aug-2026 00:54:00,-144.131648763492,-36.6985590301568,0,26,26,26,12,-36.6985590301568
01-Aug-2026 00:54:02,-144.81669702062,-37.3836072872846,0,26,26,26,11,-37.3836072872846
01-Aug-2026 00:54:04,-144.764229346531,-37.3311396131957,0,26,26,26,13,-37.3311396131957
01-Aug-2026 00:54:06,-144.279873514664,-36.846783781329,0,26,26,26,13,-36.846783781329
01-Aug-2026 00:54:08,-143.97615191816,-36.5430621848247,0,26,26,26,10,-36.5430621848247
01-Aug-2026 00:54:10,-154.865820524483,-47.4327307911476,0,26,26,26,11,-47.4327307911476
01-Aug-2026 00:54:12,-154.320257537237,-46.8871678039022,0,26,26,26,12,-46.8871678039022
01-Aug-2026 00:54:14,-153.995837666891,-46.5627479335556,0,26,26,26,12,-46.5627479335556
01-Aug-2026 00:54:16,-154.382606623768,-46.9495168904328,0,25,25,25,11,-46.9495168904328
01-Aug-2026 00:54:18,-153.34582348604,-45.9127337527047,0,25,25,25,13,-45.9127337527047
01-Aug-2026 00:54:20,-153.613472662354,-46.1803829290191,0,25,25,25,13,-46.1803829290191
01-Aug-2026 00:54:22,-153.692654338712,-46.2595646053766,0,25,25,25,12,-46.2595646053766
01-Aug-2026 00:54:24,-153.535844412707,-46.1027546793723,0,25,25,25,11,-46.1027546793723
01-Aug-2026 00:54:26,-153.509073267049,-46.0759835337135,0,25,25,25,10,-46.0759835337135
01-Aug-2026 00:54:28,-153.449953884763,-46.0168641514283,0,25,25,25,11,-46.0168641514283
01-Aug-2026 00:54:30,-153.676871912577,-46.2437821792415,0,25,25,25,11,-46.2437821792415
01-Aug-2026 00:54:32,-154.476007731167,-47.0429179978323,0,24,24,24,10,-47.0429179978323
01-Aug-2026 00:54:34,-154.4283060068,-46.9952162734644,0,24,24,24,10,-46.9952162734644
01-Aug-2026 00:54:36,-155.684738298157,-48.2516485648217,0,24,24,24,10,-48.2516485648217
01-Aug-2026 00:54:38,-155.934231572943,-48.5011418396078,0,24,24,24,12,-48.5011418396078
01-Aug-2026 00:54:40,-156.178304658518,-48.745214925183,0,24,24,24,11,-48.745214925183
01-Aug-2026 00:54:42,-155.056324339042,-47.623234605707,0,24,24,24,12,-47.623234605707
01-Aug-2026 00:54:44,-160.495833121222,-53.0627433878872,0,24,24,24,12,-53.0627433878872
01-Aug-2026 00:54:46,-161.188255458866,-53.755165725531,0,24,24,24,12,-53.755165725531
01-Aug-2026 00:54:48,-160.430244616197,-52.9971548828615,0,24,24,24,15,-52.9971548828615
01-Aug-2026 00:54:50,-160.002645160061,-52.5695554267258,0,24,24,24,14,-52.5695554267258
01-Aug-2026 00:54:52,-160.096958343767,-52.6638686104318,0,24,24,24,13,-52.6638686104318
01-Aug-2026 00:54:54,-159.746714915783,-52.3136251824483,0,25,25,25,13,-52.3136251824483
01-Aug-2026 00:54:56,-159.871188591686,-52.4380988583504,0,25,25,25,12,-52.4380988583504
01-Aug-2026 00:54:58,-166.682978903824,-59.2498891704892,0,25,25,25,9,-59.2498891704892
01-Aug-2026 00:55:00,-166.909028404049,-59.4759386707141,0,25,25,25,10,-59.4759386707141
01-Aug-2026 00:55:02,-166.827639766074,-59.3945500327387,0,25,25,25,11,-59.3945500327387
01-Aug-2026 00:55:04,-167.92301861361,-60.489928880275,0,25,25,25,11,-60.489928880275
01-Aug-2026 00:55:06,-147.660007058428,-40.2269173250928,0,25,25,25,12,-40.2269173250928
01-Aug-2026 00:55:08,-147.307819286042,-39.8747295527068,0,25,25,25,12,-39.8747295527068
01-Aug-2026 00:55:10,-146.825225411151,-39.3921356778159,0,24,24,24,11,-39.3921356778159
01-Aug-2026 00:55:12,-145.932108239704,-38.4990185063685,0,25,25,25,9,-38.4990185063685
01-Aug-2026 00:55:14,-147.066221955323,-39.6331322219876,0,25,25,25,6,-39.6331322219876
01-Aug-2026 00:55:16,-147.331872245985,-39.8987825126499,0,25,25,25,7,-39.8987825126499
01-Aug-2026 00:55:18,-144.943764834705,-37.5106751013695,0,26,26,26,8,-37.5106751013695
01-Aug-2026 00:55:20,-144.338671780292,-36.9055820469566,0,26,26,26,7,-36.9055820469566
01-Aug-2026 00:55:22,-143.563159673194,-36.1300699398585,0,25,25,25,6,-36.1300699398585
01-Aug-2026 00:55:24,-143.190353173025,-35.7572634396893,0,25,25,25,7,-35.7572634396893
01-Aug-2026 00:55:26,-142.288669980175,-34.8555802468394,0,25,25,25,6,-34.8555802468394
01-Aug-2026 00:55:28,-141.702365616837,-34.2692758835015,0,25,25,25,8,-34.2692758835015
01-Aug-2026 00:55:30,-141.145542044583,-33.7124523112478,0,26,26,26,10,-33.7124523112478
01-Aug-2026 00:55:32,-140.985282774101,-33.5521930407655,0,25,25,25,9,-33.5521930407655
01-Aug-2026 00:55:34,-141.509948425587,-34.0768586922517,0,25,25,25,9,-34.0768586922517
01-Aug-2026 00:55:36,-141.582286699127,-34.1491969657914,0,25,25,25,9,-34.1491969657914
01-Aug-2026 00:55:38,-140.550477298776,-33.1173875654412,0,25,25,25,10,-33.1173875654412
01-Aug-2026 00:55:40,-140.333531434408,-32.9004417010729,0,25,25,25,10,-32.9004417010729
01-Aug-2026 00:55:42,-140.420327161135,-32.9872374278002,0,25,25,25,10,-32.9872374278002
01-Aug-2026 00:55:44,-140.278668428394,-32.8455786950592,0,26,26,26,12,-32.8455786950592
01-Aug-2026 00:55:46,-140.217890227371,-32.7848004940359,0,26,26,26,13,-32.7848004940359
01-Aug-2026 00:55:48,-161.28627045706,-53.8531807237252,0,25,25,25,10,-53.8531807237252
01-Aug-2026 00:55:50,-160.920641426714,-53.4875516933792,0,25,25,25,11,-53.4875516933792
01-Aug-2026 00:55:52,-153.928981872473,-46.4958921391376,0,25,25,25,12,-46.4958921391376
01-Aug-2026 00:55:54,-149.768581914608,-42.3354921812728,0,25,25,25,12,-42.3354921812728
01-Aug-2026 00:55:56,-149.404066438525,-41.9709767051901,0,25,25,25,12,-41.9709767051901
01-Aug-2026 00:55:58,-149.276004897074,-41.8429151637384,0,25,25,25,10,-41.8429151637384
01-Aug-2026 00:56:00,-148.994624611419,-41.5615348780841,0,25,25,25,10,-41.5615348780841
01-Aug-2026 00:56:02,-152.581047139397,-45.1479574060615,0,25,25,25,8,-45.1479574060615
01-Aug-2026 00:56:04,-152.711928499848,-45.278838766513,0,25,25,25,7,-45.278838766513
01-Aug-2026 00:56:06,-152.88075097509,-45.4476612417545,0,26,26,26,10,-45.4476612417545
01-Aug-2026 00:56:08,-153.412588457152,-45.9794987238167,0,26,26,26,9,-45.9794987238167
01-Aug-2026 00:56:10,-152.594799019075,-45.1617092857397,0,26,26,26,10,-45.1617092857397
01-Aug-2026 00:56:12,-151.819869304274,-44.3867795709384,0,26,26,26,10,-44.3867795709384
01-Aug-2026 00:56:14,-151.383629372307,-43.9505396389719,0,26,26,26,10,-43.9505396389719
01-Aug-2026 00:56:16,-151.544756386938,-44.1116666536023,0,26,26,26,10,-44.1116666536023
01-Aug-2026 00:56:18,-151.733697963831,-44.3006082304959,0,26,26,26,9,-44.3006082304959
01-Aug-2026 00:56:20,-151.563640616522,-44.130550883187,0,26,26,26,10,-44.130550883187
01-Aug-2026 00:56:22,-150.883300691543,-43.4502109582077,0,26,26,26,10,-43.4502109582077
01-Aug-2026 00:56:24,-151.779952851795,-44.3468631184596,0,26,26,26,9,-44.3468631184596
01-Aug-2026 00:56:26,-151.023422006974,-43.5903322736389,0,26,26,26,10,-43.5903322736389
01-Aug-2026 00:56:28,-150.319831103614,-42.8867413702792,0,27,27,27,12,-42.8867413702792
01-Aug-2026 00:56:30,-150.462388222064,-43.0292984887288,0,27,27,27,13,-43.0292984887288
01-Aug-2026 00:56:32,-149.767919042135,-42.3348293087996,0,27,27,27,12,-42.3348293087996
01-Aug-2026 00:56:34,-165.945969612297,-58.5128798789615,0,27,27,27,11,-58.5128798789615
01-Aug-2026 00:56:36,-160.265711200412,-52.8326214670766,0,27,27,27,12,-52.8326214670766
01-Aug-2026 00:56:38,-142.951872287238,-35.5187825539026,0,26,26,26,13,-35.5187825539026
01-Aug-2026 00:56:40,-142.667911270622,-35.2348215372869,0,26,26,26,14,-35.2348215372869
01-Aug-2026 00:56:42,-157.528688422825,-50.09559868949,0,26,26,26,13,-50.09559868949
01-Aug-2026 00:56:44,-146.210418055001,-38.7773283216662,0,26,26,26,14,-38.7773283216662
01-Aug-2026 00:56:46,-147.032975037796,-39.5998853044607,0,26,26,26,13,-39.5998853044607
01-Aug-2026 00:56:48,-146.997483101344,-39.5643933680092,0,27,27,27,16,-39.5643933680092
01-Aug-2026 00:56:50,-147.751717875778,-40.3186281424429,0,28,28,28,18,-40.3186281424429
01-Aug-2026 00:56:52,-148.157641095879,-40.7245513625435,0,28,28,28,16,-40.7245513625435
01-Aug-2026 00:56:54,-148.883063278188,-41.4499735448523,0,27,27,27,13,-41.4499735448523
01-Aug-2026 00:56:56,-155.385839820304,-47.9527500869688,0,27,27,27,14,-47.9527500869688
01-Aug-2026 00:56:58,-155.195693091843,-47.7626033585076,0,28,28,28,14,-47.7626033585076
01-Aug-2026 00:57:00,-153.630463400808,-46.1973736674726,0,28,28,28,16,-46.1973736674726
01-Aug-2026 00:57:02,-153.490794242334,-46.0577045089984,0,28,28,28,15,-46.0577045089984
01-Aug-2026 00:57:04,-140.433229803471,-33.0001400701361,0,28,28,28,16,-33.0001400701361
01-Aug-2026 00:57:06,-140.284308336062,-32.851218602727,0,28,28,28,15,-32.851218602727
01-Aug-2026 00:57:08,-140.762055233433,-33.3289655000982,0,29,29,29,15,-33.3289655000982
01-Aug-2026 00:57:10,-141.080820251186,-33.6477305178507,0,29,29,29,15,-33.6477305178507
01-Aug-2026 00:57:12,-141.408547670543,-33.9754579372081,0,29,29,29,15,-33.9754579372081
01-Aug-2026 00:57:14,-141.58214610671,-34.1490563733746,0,29,29,29,14,-34.1490563733746
01-Aug-2026 00:57:16,-141.888232698273,-34.455142964938,0,29,29,29,11,-34.455142964938
01-Aug-2026 00:57:18,-141.414400194504,-33.9813104611688,0,28,28,28,12,-33.9813104611688
01-Aug-2026 00:57:20,-141.913424013704,-34.4803342803692,0,27,27,27,12,-34.4803342803692
01-Aug-2026 00:57:22,-142.349756167678,-34.9166664343429,0,27,27,27,12,-34.9166664343429
01-Aug-2026 00:57:24,-143.589185063247,-36.1560953299118,0,28,28,28,14,-36.1560953299118
01-Aug-2026 00:57:26,-149.231495202146,-41.7984054688108,0,28,28,28,14,-41.7984054688108
01-Aug-2026 00:57:28,-145.036495776161,-37.6034060428261,0,28,28,28,15,-37.6034060428261
01-Aug-2026 00:57:30,-145.519402158818,-38.0863124254827,0,28,28,28,15,-38.0863124254827
01-Aug-2026 00:57:32,-145.405605880546,-37.9725161472104,0,28,28,28,14,-37.9725161472104
01-Aug-2026 00:57:34,-145.502913471251,-38.0698237379156,0,26,26,26,13,-38.0698237379156
01-Aug-2026 00:57:36,-139.962864107653,-32.529774374318,0,26,26,26,13,-32.529774374318
01-Aug-2026 00:57:38,-140.3506210588,-32.9175313254648,0,26,26,26,15,-32.9175313254648
01-Aug-2026 00:57:40,-141.250615690242,-33.817525956907,0,26,26,26,14,-0.959869046642595
01-Aug-2026 00:57:42,-141.818609008982,-34.3855192756468,0,26,26,26,15,-2.83304825117692
01-Aug-2026 00:57:44,-113.770846541847,-6.33775680851136,0,26,26,26,15,-6.33775680851136
01-Aug-2026 00:57:46,-148.019135414272,-40.5860456809372,0,26,26,26,15,-40.5860456809372
01-Aug-2026 00:57:48,-148.075345831103,-40.6422560977675,0,26,26,26,15,-40.6422560977675
01-Aug-2026 00:57:50,-148.206847760497,-40.7737580271615,0,26,26,26,14,-40.7737580271615
01-Aug-2026 00:57:52,-148.487184276789,-41.0540945434542,0,26,26,26,15,-41.0540945434542
01-Aug-2026 00:57:54,-147.567574021446,-40.1344842881103,0,26,26,26,14,-40.1344842881103
01-Aug-2026 00:57:56,-143.115185539187,-35.6820958058518,0,26,26,26,15,-35.6820958058518
01-Aug-2026 00:57:58,-140.921597601317,-33.4885078679814,0,26,26,26,13,-33.4885078679814
01-Aug-2026 00:58:00,-137.705164111216,-30.2720743778806,0,26,26,26,12,-30.2720743778806
01-Aug-2026 00:58:02,-134.31427514914,-26.8811854158052,0,26,26,26,13,-26.8811854158052
01-Aug-2026 00:58:04,-131.167875941707,-23.7347862083718,0,26,26,26,14,-23.7347862083718
01-Aug-2026 00:58:06,-129.860328414009,-22.4272386806733,0,26,26,26,15,-22.4272386806733
01-Aug-2026 00:58:08,-130.69560558895,-23.2625158556144,0,26,26,26,16,-23.2625158556144
01-Aug-2026 00:58:10,-133.889038734713,-26.4559490013774,0,25,25,25,14,-26.4559490013774
01-Aug-2026 00:58:12,-137.621365513906,-30.1882757805703,0,25,25,25,14,-30.1882757805703
01-Aug-2026 00:58:14,-141.662843542908,-34.2297538095728,0,25,25,25,13,-34.2297538095728
01-Aug-2026 00:58:16,-145.173854275071,-37.7407645417356,0,25,25,25,15,-37.7407645417356
01-Aug-2026 00:58:18,-154.152124668196,-46.7190349348611,0,24,24,24,13,-46.7190349348611
01-Aug-2026 00:58:20,-153.439362207314,-46.0062724739784,0,24,24,24,13,-46.0062724739784
01-Aug-2026 00:58:22,-153.389441220099,-45.9563514867635,0,24,24,24,13,-45.9563514867635
01-Aug-2026 00:58:24,-153.088386662822,-45.6552969294873,0,24,24,24,14,-45.6552969294873
01-Aug-2026 00:58:26,-151.18980976042,-43.7567200270852,0,24,24,24,14,-43.7567200270852
01-Aug-2026 00:58:28,-151.303503134105,-43.8704134007702,0,24,24,24,15,-43.8704134007702
01-Aug-2026 00:58:30,-150.843192508137,-43.4101027748021,0,24,24,24,16,-43.4101027748021
01-Aug-2026 00:58:32,-150.580497321165,-43.1474075878297,0,24,24,24,17,-43.1474075878297
01-Aug-2026 00:58:34,-150.529683044843,-43.0965933115074,0,24,24,24,16,-43.0965933115074
01-Aug-2026 00:58:36,-150.519484443996,-43.0863947106609,0,24,24,24,15,-43.0863947106609
01-Aug-2026 00:58:38,-150.580814419247,-43.1477246859117,0,24,24,24,15,-43.1477246859117
01-Aug-2026 00:58:40,-151.099188148239,-43.6660984149039,0,24,24,24,14,-43.6660984149039
01-Aug-2026 00:58:42,-151.650600803557,-44.2175110702216,0,25,25,25,16,-44.2175110702216
01-Aug-2026 00:58:44,-151.695661370217,-44.2625716368821,0,25,25,25,16,-44.2625716368821
01-Aug-2026 00:58:46,-151.129720516208,-43.6966307828727,0,25,25,25,18,-43.6966307828727
01-Aug-2026 00:58:48,-151.091179007187,-43.6580892738516,0,25,25,25,17,-43.6580892738516
01-Aug-2026 00:58:50,-151.354194973175,-43.9211052398397,0,25,25,25,16,-43.9211052398397
01-Aug-2026 00:58:52,-150.814862021028,-43.3817722876933,0,25,25,25,15,-43.3817722876933
01-Aug-2026 00:58:54,-150.990987641976,-43.557897908641,0,25,25,25,14,-43.557897908641
01-Aug-2026 00:58:56,-151.803685646878,-44.3705959135427,0,24,24,24,14,-44.3705959135427
01-Aug-2026 00:58:58,-151.540858336763,-44.1077686034282,0,24,24,24,15,-44.1077686034282
01-Aug-2026 00:59:00,-151.425337734027,-43.992248000692,0,23,23,23,13,-43.992248000692
01-Aug-2026 00:59:02,-151.382138860877,-43.9490491275421,0,23,23,23,13,-43.9490491275421
01-Aug-2026 00:59:04,-151.58887444539,-44.1557847120545,0,24,24,24,14,-44.1557847120545
01-Aug-2026 00:59:06,-151.400622693205,-43.9675329598695,0,25,25,25,13,-43.9675329598695
01-Aug-2026 00:59:08,-148.794694429461,-41.361604696126,0,25,25,25,13,-41.361604696126
01-Aug-2026 00:59:10,-148.30849664458,-40.8754069112448,0,25,25,25,14,-40.8754069112448
01-Aug-2026 00:59:12,-148.153010792893,-40.7199210595573,0,24,24,24,14,-40.7199210595573
01-Aug-2026 00:59:14,-148.113939391861,-40.6808496585262,0,24,24,24,13,-40.6808496585262
01-Aug-2026 00:59:16,-147.935042170394,-40.5019524370586,0,24,24,24,13,-40.5019524370586
01-Aug-2026 00:59:18,-147.764427513134,-40.3313377797992,0,24,24,24,13,-40.3313377797992
01-Aug-2026 00:59:20,-147.508951716734,-40.0758619833992,0,25,25,25,15,-40.0758619833992
01-Aug-2026 00:59:22,-146.81405185894,-39.3809621256053,0,25,25,25,15,-39.3809621256053
01-Aug-2026 00:59:24,-146.042013653833,-38.6089239204974,0,25,25,25,14,-38.6089239204974
01-Aug-2026 00:59:26,-145.637936990227,-38.2048472568917,0,25,25,25,14,-38.2048472568917
01-Aug-2026 00:59:28,-146.904625618386,-39.4715358850507,0,25,25,25,14,-39.4715358850507
01-Aug-2026 00:59:30,-146.328063438742,-38.8949737054069,0,26,26,26,14,-38.8949737054069
01-Aug-2026 00:59:32,-145.518588274692,-38.0854985413567,0,26,26,26,13,-38.0854985413567
01-Aug-2026 00:59:34,-145.313193105534,-37.8801033721985,0,26,26,26,13,-37.8801033721985
01-Aug-2026 00:59:36,-144.776741556127,-37.3436518227922,0,26,26,26,13,-37.3436518227922
01-Aug-2026 00:59:38,-144.587779346994,-37.154689613659,0,26,26,26,15,-37.154689613659
01-Aug-2026 00:59:40,-152.556344206598,-45.123254473263,0,25,25,25,15,-45.123254473263
01-Aug-2026 00:59:42,-151.85389463829,-44.4208049049552,0,25,25,25,14,-44.4208049049552
01-Aug-2026 00:59:44,-150.967055655466,-43.5339659221312,0,25,25,25,14,-43.5339659221312
01-Aug-2026 00:59:46,-151.008359385219,-43.5752696518837,0,25,25,25,15,-43.5752696518837
01-Aug-2026 00:59:48,-149.836287006162,-42.4031972728269,0,25,25,25,15,-42.4031972728269
01-Aug-2026 00:59:50,-149.882607170045,-42.4495174367103,0,25,25,25,15,-42.4495174367103
01-Aug-2026 00:59:52,-149.381217976584,-41.9481282432493,0,25,25,25,13,-41.9481282432493
01-Aug-2026 00:59:54,-156.639576817525,-49.2064870841894,0,25,25,25,11,-49.2064870841894
01-Aug-2026 00:59:56,-156.097162627116,-48.6640728937807,0,25,25,25,9,-48.6640728937807
01-Aug-2026 00:59:58,-156.08264901819,-48.6495592848548,0,25,25,25,9,-48.6495592848548
01-Aug-2026 01:00:00,-155.656372528927,-48.2232827955922,0,25,25,25,9,-48.2232827955922
01-Aug-2026 01:00:02,-156.11983706598,-48.6867473326449,0,25,25,25,10,-48.6867473326449
01-Aug-2026 01:00:04,-156.184062043788,-48.750972310453,0,25,25,25,10,-48.750972310453
01-Aug-2026 01:00:06,-156.920930314223,-49.4878405808882,0,25,25,25,10,-49.4878405808882
01-Aug-2026 01:00:08,-149.935603549953,-42.5025138166176,0,25,25,25,10,-42.5025138166176
01-Aug-2026 01:00:10,-149.21681702656,-41.7837272932249,0,25,25,25,9,-41.7837272932249
01-Aug-2026 01:00:12,-149.064440766714,-41.6313510333786,0,26,26,26,9,-41.6313510333786
01-Aug-2026 01:00:14,-148.69687480334,-41.2637850700052,0,26,26,26,11,-41.2637850700052
01-Aug-2026 01:00:16,-138.439169098206,-31.006079364871,0,26,26,26,10,-31.006079364871
01-Aug-2026 01:00:18,-139.630730457893,-32.197640724558,0,26,26,26,10,-32.197640724558
01-Aug-2026 01:00:20,-139.724321441586,-32.291231708251,0,26,26,26,11,-32.291231708251
01-Aug-2026 01:00:22,-140.266803308061,-32.8337135747257,0,26,26,26,12,-32.8337135747257
01-Aug-2026 01:00:24,-140.964695143102,-33.5316054097668,0,26,26,26,12,-33.5316054097668
01-Aug-2026 01:00:26,-141.220198399803,-33.7871086664678,0,26,26,26,12,-33.7871086664678
01-Aug-2026 01:00:28,-142.130201498183,-34.6971117648478,0,26,26,26,13,-34.6971117648478
01-Aug-2026 01:00:30,-142.480092766558,-35.0470030332231,0,26,26,26,13,-35.0470030332231
01-Aug-2026 01:00:32,-142.970337351967,-35.5372476186318,0,26,26,26,16,-35.5372476186318
01-Aug-2026 01:00:34,-144.132229532757,-36.6991397994221,0,25,25,25,15,-36.6991397994221
01-Aug-2026 01:00:36,-142.055529601509,-34.6224398681736,0,25,25,25,15,-34.6224398681736
01-Aug-2026 01:00:38,-142.084431902239,-34.6513421689043,0,25,25,25,15,-34.6513421689043
01-Aug-2026 01:00:40,-141.922797240937,-34.4897075076014,0,26,26,26,17,-34.4897075076014
01-Aug-2026 01:00:42,-141.726741459142,-34.293651725807,0,26,26,26,16,-34.293651725807
01-Aug-2026 01:00:44,-142.484611153244,-35.0515214199085,0,27,27,27,16,-35.0515214199085
01-Aug-2026 01:00:46,-142.198018454868,-34.7649287215331,0,27,27,27,15,-34.7649287215331
01-Aug-2026 01:00:48,-141.358345488818,-33.9252557554825,0,27,27,27,16,-33.9252557554825
01-Aug-2026 01:00:50,-137.642375178555,-30.2092854452197,0,27,27,27,16,-30.2092854452197
01-Aug-2026 01:00:52,-137.134143281131,-29.7010535477957,0,27,27,27,17,-29.7010535477957
01-Aug-2026 01:00:54,-136.824748927072,-29.3916591937365,0,28,28,28,18,-29.3916591937365
01-Aug-2026 01:00:56,-137.794086346158,-30.3609966128232,0,28,28,28,18,-30.3609966128232
01-Aug-2026 01:00:58,-134.657338311188,-27.2242485778528,0,28,28,28,20,-27.2242485778528
01-Aug-2026 01:01:00,-134.42859125998,-26.9955015266448,0,29,29,29,20,-26.9955015266448
01-Aug-2026 01:01:02,-134.260082854094,-26.8269931207593,0,29,29,29,20,-26.8269931207593
01-Aug-2026 01:01:04,-134.24781514071,-26.8147254073751,0,29,29,29,18,-26.8147254073751
01-Aug-2026 01:01:06,-134.28659446493,-26.8535047315945,0,29,29,29,16,-26.8535047315945
01-Aug-2026 01:01:08,-134.402164959786,-26.969075226451,0,28,28,28,17,-26.969075226451
01-Aug-2026 01:01:10,-134.212967367447,-26.7798776341121,0,27,27,27,16,-26.7798776341121
01-Aug-2026 01:01:12,-134.875371487417,-27.442281754082,0,27,27,27,14,-27.442281754082
01-Aug-2026 01:01:14,-135.710743520927,-28.2776537875914,0,28,28,28,15,-28.2776537875914
01-Aug-2026 01:01:16,-136.318578845912,-28.8854891125769,0,28,28,28,16,-28.8854891125769
01-Aug-2026 01:01:18,-137.341555703483,-29.908465970148,0,28,28,28,16,-29.908465970148
01-Aug-2026 01:01:20,-138.572303644786,-31.1392139114505,0,28,28,28,15,-31.1392139114505
01-Aug-2026 01:01:22,-139.478664410551,-32.0455746772155,0,26,26,26,15,-32.0455746772155
01-Aug-2026 01:01:24,-140.302287314164,-32.8691975808288,0,26,26,26,15,-32.8691975808288
01-Aug-2026 01:01:26,-141.600283737882,-34.1671940045463,0,26,26,26,17,-15.2700032880806
01-Aug-2026 01:01:28,-142.124448022624,-34.6913582892886,0,26,26,26,17,-14.5006036808712
01-Aug-2026 01:01:30,-142.442368757307,-35.0092790239721,0,26,26,26,17,-14.1342664331448
01-Aug-2026 01:01:32,-123.224408439843,-15.7913187065076,0,26,26,26,16,-15.7913187065076
01-Aug-2026 01:01:34,-125.094117538633,-17.6610278052974,0,26,26,26,16,-17.6610278052974
01-Aug-2026 01:01:36,-127.100817155485,-19.6677274221498,0,26,26,26,16,-19.6677274221498
01-Aug-2026 01:01:38,-130.078827800724,-22.645738067389,0,26,26,26,17,-22.645738067389
01-Aug-2026 01:01:40,-152.940215865141,-45.5071261318056,0,26,26,26,16,-45.5071261318056
01-Aug-2026 01:01:42,-153.19103927354,-45.7579495402052,0,26,26,26,16,-45.7579495402052
01-Aug-2026 01:01:44,-153.326949481348,-45.8938597480129,0,26,26,26,16,-45.8938597480129
01-Aug-2026 01:01:46,-145.337398511746,-37.904308778411,0,26,26,26,17,-37.904308778411
01-Aug-2026 01:01:48,-153.586604253981,-46.1535145206461,0,26,26,26,18,-46.1535145206461
01-Aug-2026 01:01:50,-153.577795496748,-46.1447057634124,0,26,26,26,18,-46.1447057634124
01-Aug-2026 01:01:52,-152.072015693823,-44.6389259604876,0,26,26,26,18,-44.6389259604876
01-Aug-2026 01:01:54,-151.908705163221,-44.4756154298858,0,26,26,26,16,-44.4756154298858
01-Aug-2026 01:01:56,-152.11832570338,-44.685235970045,0,26,26,26,15,-44.685235970045
01-Aug-2026 01:01:58,-151.88714961033,-44.4540598769949,0,26,26,26,15,-44.4540598769949
01-Aug-2026 01:02:00,-151.723224560379,-44.2901348270435,0,26,26,26,16,-44.2901348270435
01-Aug-2026 01:02:02,-152.687045043909,-45.2539553105734,0,26,26,26,16,-45.2539553105734
01-Aug-2026 01:02:04,-153.853034960983,-46.419945227648,0,24,24,24,13,-46.419945227648
01-Aug-2026 01:02:06,-154.040086115844,-46.6069963825086,0,23,23,23,12,-46.6069963825086
01-Aug-2026 01:02:08,-155.416498355985,-47.9834086226494,0,23,23,23,12,-47.9834086226494
01-Aug-2026 01:02:10,-146.856505528751,-39.4234157954162,0,23,23,23,13,-39.4234157954162
01-Aug-2026 01:02:12,-147.249872719287,-39.816782985952,0,23,23,23,13,-39.816782985952
01-Aug-2026 01:02:14,-147.450821162541,-40.0177314292058,0,23,23,23,12,-40.0177314292058
01-Aug-2026 01:02:16,-153.173789662261,-45.7406999289258,0,23,23,23,12,-45.7406999289258
01-Aug-2026 01:02:18,-153.072109137225,-45.6390194038903,0,23,23,23,12,-45.6390194038903
01-Aug-2026 01:02:20,-156.695705179212,-49.2626154458764,0,23,23,23,11,-49.2626154458764
01-Aug-2026 01:02:22,-156.494274864956,-49.0611851316205,0,23,23,23,11,-49.0611851316205
01-Aug-2026 01:02:24,-156.447654192825,-49.0145644594899,0,23,23,23,11,-49.0145644594899
01-Aug-2026 01:02:26,-156.057983880033,-48.6248941466977,0,23,23,23,11,-48.6248941466977
01-Aug-2026 01:02:28,-156.005259798078,-48.5721700647426,0,24,24,24,12,-48.5721700647426
01-Aug-2026 01:02:30,-157.026892332821,-49.5938025994863,0,24,24,24,9,-49.5938025994863
01-Aug-2026 01:02:32,-156.79395006907,-49.3608603357345,0,24,24,24,8,-49.3608603357345
01-Aug-2026 01:02:34,-156.238192893015,-48.8051031596793,0,24,24,24,8,-48.8051031596793
01-Aug-2026 01:02:36,-155.097310372462,-47.6642206391273,0,24,24,24,8,-47.6642206391273
01-Aug-2026 01:02:38,-148.849615160841,-41.4165254275056,0,24,24,24,10,-41.4165254275056
01-Aug-2026 01:02:40,-148.153847686532,-40.7207579531972,0,24,24,24,11,-40.7207579531972
01-Aug-2026 01:02:42,-148.075472464666,-40.6423827313313,0,24,24,24,12,-40.6423827313313
01-Aug-2026 01:02:44,-149.680581408636,-42.2474916753009,0,24,24,24,11,-42.2474916753009
01-Aug-2026 01:02:46,-149.516863689802,-42.083773956467,0,24,24,24,11,-42.083773956467
01-Aug-2026 01:02:48,-149.278157857817,-41.8450681244814,0,23,23,23,9,-41.8450681244814
01-Aug-2026 01:02:50,-147.17641900018,-39.7433292668448,0,23,23,23,12,-39.7433292668448
01-Aug-2026 01:02:52,-146.91402589709,-39.480936163755,0,23,23,23,13,-39.480936163755
01-Aug-2026 01:02:54,-146.756439839957,-39.3233501066219,0,24,24,24,12,-39.3233501066219
01-Aug-2026 01:02:56,-146.473477654385,-39.0403879210494,0,25,25,25,14,-39.0403879210494
01-Aug-2026 01:02:58,-146.089589763673,-38.6565000303373,0,25,25,25,16,-38.6565000303373
01-Aug-2026 01:03:00,-145.527972910421,-38.0948831770857,0,25,25,25,15,-38.0948831770857
01-Aug-2026 01:03:02,-144.985612275111,-37.5525225417757,0,25,25,25,13,-37.5525225417757
01-Aug-2026 01:03:04,-144.079976927588,-36.6468871942525,0,24,24,24,12,-36.6468871942525
01-Aug-2026 01:03:06,-142.916211555323,-35.4831218219877,0,24,24,24,13,-35.4831218219877
01-Aug-2026 01:03:08,-141.273349730251,-33.8402599969154,0,24,24,24,12,-33.8402599969154
01-Aug-2026 01:03:10,-139.894488724548,-32.4613989912132,0,24,24,24,12,-32.4613989912132
01-Aug-2026 01:03:12,-137.525370615579,-30.0922808822439,0,25,25,25,11,-30.0922808822439
01-Aug-2026 01:03:14,-136.261186254559,-28.8280965212235,0,26,26,26,12,-28.8280965212235
01-Aug-2026 01:03:16,-135.051139176972,-27.6180494436366,0,26,26,26,12,-27.6180494436366
01-Aug-2026 01:03:18,-134.718275391217,-27.2851856578822,0,26,26,26,13,-27.2851856578822
01-Aug-2026 01:03:20,-135.242851758207,-27.8097620248714,0,26,26,26,14,-27.8097620248714
01-Aug-2026 01:03:22,-135.942907309433,-28.509817576098,0,26,26,26,13,-28.509817576098
01-Aug-2026 01:03:24,-137.803692728924,-30.3706029955885,0,26,26,26,16,-30.3706029955885
01-Aug-2026 01:03:26,-139.819498957727,-32.3864092243919,0,26,26,26,15,-32.3864092243919
01-Aug-2026 01:03:28,-141.666303341104,-34.2332136077686,0,26,26,26,15,-34.2332136077686
01-Aug-2026 01:03:30,-143.948265226696,-36.5151754933612,0,26,26,26,16,-36.5151754933612
01-Aug-2026 01:03:32,-145.821753184251,-38.388663450916,0,25,25,25,15,-38.388663450916
01-Aug-2026 01:03:34,-143.273596747997,-35.8405070146619,0,25,25,25,16,-35.8405070146619
01-Aug-2026 01:03:36,-142.928814575862,-35.495724842527,0,25,25,25,16,-35.495724842527
01-Aug-2026 01:03:38,-143.743086221741,-36.3099964884058,0,25,25,25,15,-36.3099964884058
01-Aug-2026 01:03:40,-142.905072673941,-35.4719829406062,0,25,25,25,17,-35.4719829406062
01-Aug-2026 01:03:42,-142.017205158874,-34.584115425539,0,25,25,25,17,-34.584115425539
01-Aug-2026 01:03:44,-142.049390353615,-34.6163006202796,0,25,25,25,17,-34.6163006202796
01-Aug-2026 01:03:46,-141.927701827857,-34.4946120945223,0,25,25,25,16,-34.4946120945223
01-Aug-2026 01:03:48,-141.758658694836,-34.3255689615004,0,25,25,25,15,-34.3255689615004
01-Aug-2026 01:03:50,-141.005943883958,-33.5728541506228,0,25,25,25,15,-33.5728541506228
01-Aug-2026 01:03:52,-140.570116228478,-33.137026495143,0,25,25,25,15,-33.137026495143
01-Aug-2026 01:03:54,-140.061698595621,-32.6286088622861,0,25,25,25,15,-32.6286088622861
01-Aug-2026 01:03:56,-139.752330441446,-32.3192407081105,0,26,26,26,15,-32.3192407081105
01-Aug-2026 01:03:58,-139.389147172236,-31.9560574389008,0,26,26,26,15,-31.9560574389008
01-Aug-2026 01:04:00,-139.866700615743,-32.4336108824082,0,26,26,26,16,-32.4336108824082
01-Aug-2026 01:04:02,-138.356287431942,-30.9231976986071,0,26,26,26,16,-30.9231976986071
01-Aug-2026 01:04:04,-138.110866310481,-30.6777765771453,0,26,26,26,16,-30.6777765771453
01-Aug-2026 01:04:06,-138.858008154104,-31.4249184207687,0,26,26,26,15,-31.4249184207687
01-Aug-2026 01:04:08,-137.704841722346,-30.2717519890107,0,26,26,26,14,-30.2717519890107
01-Aug-2026 01:04:10,-137.410223726698,-29.9771339933625,0,25,25,25,12,-29.9771339933625
01-Aug-2026 01:04:12,-136.618581820168,-29.1854920868328,0,25,25,25,13,-29.1854920868328
01-Aug-2026 01:04:14,-134.325383836744,-26.8922941034085,0,25,25,25,14,-26.8922941034085
01-Aug-2026 01:04:16,-143.492565854691,-36.0594761213555,0,25,25,25,14,-36.0594761213555
01-Aug-2026 01:04:18,-143.782716029773,-36.3496262964378,0,25,25,25,15,-36.3496262964378
01-Aug-2026 01:04:20,-144.250947046043,-36.817857312708,0,25,25,25,15,-36.817857312708
01-Aug-2026 01:04:22,-144.378737696791,-36.945647963456,0,25,25,25,16,-36.945647963456
01-Aug-2026 01:04:24,-144.40005197699,-36.9669622436553,0,25,25,25,18,-36.9669622436553
01-Aug-2026 01:04:26,-147.319597450193,-39.8865077168574,0,25,25,25,17,-39.8865077168574
01-Aug-2026 01:04:28,-148.166092017149,-40.733002283814,0,24,24,24,16,-40.733002283814
01-Aug-2026 01:04:30,-148.45785637978,-41.0247666464453,0,25,25,25,17,-41.0247666464453
01-Aug-2026 01:04:32,-148.435171029064,-41.0020812957293,0,25,25,25,15,-41.0020812957293
01-Aug-2026 01:04:34,-148.985771436725,-41.5526817033895,0,25,25,25,15,-41.5526817033895
01-Aug-2026 01:04:36,-149.088438278697,-41.6553485453622,0,26,26,26,16,-41.6553485453622
01-Aug-2026 01:04:38,-151.243609006708,-43.8105192733727,0,26,26,26,15,-43.8105192733727
01-Aug-2026 01:04:40,-151.285404161979,-43.8523144286438,0,26,26,26,15,-43.8523144286438
01-Aug-2026 01:04:42,-150.153390502196,-42.7203007688612,0,26,26,26,15,-42.7203007688612
01-Aug-2026 01:04:44,-147.17634949368,-39.743259760345,0,26,26,26,15,-39.743259760345
01-Aug-2026 01:04:46,-147.55222801099,-40.1191382776552,0,26,26,26,14,-40.1191382776552
01-Aug-2026 01:04:48,-147.729776360662,-40.2966866273269,0,27,27,27,17,-40.2966866273269
01-Aug-2026 01:04:50,-148.051249170287,-40.6181594369521,0,27,27,27,18,-40.6181594369521
01-Aug-2026 01:04:52,-148.67564466804,-41.2425549347045,0,28,28,28,18,-41.2425549347045
01-Aug-2026 01:04:54,-148.521036745546,-41.0879470122108,0,28,28,28,19,-41.0879470122108
01-Aug-2026 01:04:56,-149.903218817217,-42.4701290838817,0,28,28,28,19,-42.4701290838817
01-Aug-2026 01:04:58,-149.927677753179,-42.4945880198435,0,27,27,27,18,-42.4945880198435
01-Aug-2026 01:05:00,-150.284295903729,-42.851206170394,0,26,26,26,17,-42.851206170394
01-Aug-2026 01:05:02,-150.114944344273,-42.6818546109381,0,26,26,26,16,-42.6818546109381
01-Aug-2026 01:05:04,-150.156448957528,-42.7233592241933,0,26,26,26,16,-42.7233592241933
01-Aug-2026 01:05:06,-140.54922713147,-33.1161373981349,0,27,27,27,18,-33.1161373981349
01-Aug-2026 01:05:08,-141.374261924359,-33.9411721910238,0,27,27,27,17,-33.9411721910238
01-Aug-2026 01:05:10,-141.268522910356,-33.8354331770207,0,26,26,26,15,-33.8354331770207
01-Aug-2026 01:05:12,-142.346205490727,-34.9131157573917,0,25,25,25,13,-34.9131157573917
01-Aug-2026 01:05:14,-142.498484380921,-35.0653946475855,0,25,25,25,13,-35.0653946475855
01-Aug-2026 01:05:16,-142.816957208602,-35.3838674752666,0,25,25,25,14,-35.3838674752666
01-Aug-2026 01:05:18,-143.369082277718,-35.9359925443826,0,25,25,25,14,-35.9359925443826
01-Aug-2026 01:05:20,-143.941128307828,-36.508038574493,0,25,25,25,14,-36.508038574493
01-Aug-2026 01:05:22,-143.681205313458,-36.248115580123,0,25,25,25,15,-36.248115580123
01-Aug-2026 01:05:24,-144.226507820085,-36.7934180867499,0,25,25,25,14,-36.7934180867499
01-Aug-2026 01:05:26,-144.77031134678,-37.3372216134449,0,25,25,25,12,-37.3372216134449
01-Aug-2026 01:05:28,-159.983970910177,-52.5508811768418,0,25,25,25,11,-52.5508811768418
01-Aug-2026 01:05:30,-160.846918169786,-53.4138284364508,0,25,25,25,8,-53.4138284364508
01-Aug-2026 01:05:32,-161.138109003357,-53.705019270022,0,25,25,25,8,-53.705019270022
01-Aug-2026 01:05:34,-160.916075838737,-53.4829861054014,0,25,25,25,8,-53.4829861054014
01-Aug-2026 01:05:36,-164.598888917126,-57.1657991837906,0,25,25,25,8,-57.1657991837906
01-Aug-2026 01:05:38,-164.420705501032,-56.9876157676963,0,25,25,25,9,-56.9876157676963
01-Aug-2026 01:05:40,-164.245776077622,-56.812686344287,0,25,25,25,10,-56.812686344287
01-Aug-2026 01:05:42,-172.439355335577,-65.0062656022414,0,25,25,25,9,-65.0062656022414
01-Aug-2026 01:05:44,-151.704747282243,-44.2716575489079,0,25,25,25,12,-44.2716575489079
01-Aug-2026 01:05:46,-151.827891074707,-44.3948013413715,0,25,25,25,11,-44.3948013413715
01-Aug-2026 01:05:48,-151.412069526235,-43.9789797928996,0,25,25,25,11,-43.9789797928996
01-Aug-2026 01:05:50,-151.985414475563,-44.5523247422277,0,25,25,25,10,-44.5523247422277
01-Aug-2026 01:05:52,-146.708451040073,-39.2753613067376,0,24,24,24,13,-39.2753613067376
01-Aug-2026 01:05:54,-146.980819025882,-39.5477292925465,0,24,24,24,11,-39.5477292925465
01-Aug-2026 01:05:56,-147.039000189098,-39.6059104557633,0,24,24,24,10,-39.6059104557633
01-Aug-2026 01:05:58,-147.662057891252,-40.2289681579172,0,23,23,23,9,-40.2289681579172
01-Aug-2026 01:06:00,-147.617112684485,-40.1840229511499,0,23,23,23,9,-40.1840229511499
01-Aug-2026 01:06:02,-147.078608900909,-39.6455191675738,0,23,23,23,9,-39.6455191675738
01-Aug-2026 01:06:04,-146.712608189093,-39.2795184557581,0,23,23,23,10,-39.2795184557581
01-Aug-2026 01:06:06,-152.096496158213,-44.6634064248778,0,23,23,23,9,-44.6634064248778
01-Aug-2026 01:06:08,-152.263897962657,-44.8308082293213,0,23,23,23,9,-44.8308082293213
01-Aug-2026 01:06:10,-152.124640499733,-44.6915507663974,0,23,23,23,10,-44.6915507663974
01-Aug-2026 01:06:12,-151.691175076565,-44.2580853432301,0,23,23,23,12,-44.2580853432301
01-Aug-2026 01:06:14,-151.063367300623,-43.6302775672879,0,23,23,23,12,-43.6302775672879
01-Aug-2026 01:06:16,-149.78812922908,-42.3550394957445,0,24,24,24,12,-42.3550394957445
01-Aug-2026 01:06:18,-150.252628196454,-42.8195384631188,0,24,24,24,11,-42.8195384631188
01-Aug-2026 01:06:20,-150.224764811176,-42.7916750778412,0,24,24,24,12,-42.7916750778412
01-Aug-2026 01:06:22,-150.15553118665,-42.7224414533147,0,24,24,24,10,-42.7224414533147
01-Aug-2026 01:06:24,-149.663128767943,-42.2300390346074,0,24,24,24,10,-42.2300390346074
01-Aug-2026 01:06:26,-149.155431672981,-41.7223419396454,0,24,24,24,10,-41.7223419396454
01-Aug-2026 01:06:28,-148.090795919626,-40.6577061862905,0,24,24,24,8,-40.6577061862905
01-Aug-2026 01:06:30,-146.479932031503,-39.0468422981683,0,24,24,24,8,-39.0468422981683
01-Aug-2026 01:06:32,-145.044015569695,-37.6109258363603,0,24,24,24,9,-37.6109258363603
01-Aug-2026 01:06:34,-149.30051824674,-41.8674285134045,0,24,24,24,10,-41.8674285134045
01-Aug-2026 01:06:36,-142.666009198321,-35.2329194649857,0,24,24,24,10,-35.2329194649857
01-Aug-2026 01:06:38,-142.5424224413,-35.1093327079645,0,23,23,23,10,-35.1093327079645
01-Aug-2026 01:06:40,-142.261869859369,-34.8287801260335,0,24,24,24,12,-34.8287801260335
01-Aug-2026 01:06:42,-142.321559940706,-34.888470207371,0,24,24,24,12,-34.888470207371
01-Aug-2026 01:06:44,-141.827210548212,-34.3941208148767,0,24,24,24,13,-34.3941208148767
01-Aug-2026 01:06:46,-141.034772858874,-33.601683125539,0,24,24,24,13,-33.601683125539
01-Aug-2026 01:06:48,-140.808750622172,-33.3756608888369,0,25,25,25,15,-33.3756608888369
01-Aug-2026 01:06:50,-140.593642512801,-33.1605527794659,0,25,25,25,15,-33.1605527794659
01-Aug-2026 01:06:52,-140.548966033237,-33.1158762999022,0,25,25,25,13,-33.1158762999022
01-Aug-2026 01:06:54,-140.072385926838,-32.6392961935026,0,24,24,24,12,-32.6392961935026
01-Aug-2026 01:06:56,-139.435390591179,-32.0023008578441,0,24,24,24,13,-32.0023008578441
01-Aug-2026 01:06:58,-139.31946973965,-31.8863800063151,0,24,24,24,13,-31.8863800063151
01-Aug-2026 01:07:00,-138.827684394852,-31.3945946615169,0,25,25,25,13,-31.3945946615169
01-Aug-2026 01:07:02,-138.980127800629,-31.5470380672936,0,25,25,25,13,-31.5470380672936
01-Aug-2026 01:07:04,-139.136095774256,-31.7030060409205,0,26,26,26,14,-31.7030060409205
01-Aug-2026 01:07:06,-138.706060343738,-31.272970610403,0,26,26,26,15,-31.272970610403
01-Aug-2026 01:07:08,-135.526662502851,-28.0935727695154,0,26,26,26,16,-28.0935727695154
01-Aug-2026 01:07:10,-136.952376923731,-29.5192871903955,0,26,26,26,16,-29.5192871903955
01-Aug-2026 01:07:12,-137.964298205493,-30.531208472158,0,26,26,26,18,-30.531208472158
01-Aug-2026 01:07:14,-137.825951892147,-30.3928621588114,0,26,26,26,17,-30.3928621588114
01-Aug-2026 01:07:16,-137.797716769315,-30.3646270359798,0,26,26,26,16,-30.3646270359798
01-Aug-2026 01:07:18,-137.599865904942,-30.166776171607,0,26,26,26,15,-30.166776171607
01-Aug-2026 01:07:20,-137.468459690427,-30.0353699570921,0,26,26,26,16,-30.0353699570921
01-Aug-2026 01:07:22,-137.4172029457,-29.9841132123652,0,26,26,26,16,-29.9841132123652
01-Aug-2026 01:07:24,-144.242518034323,-36.809428300988,0,25,25,25,16,-36.809428300988
01-Aug-2026 01:07:26,-144.862982524935,-37.4298927915994,0,25,25,25,16,-37.4298927915994
01-Aug-2026 01:07:28,-144.271780654713,-36.8386909213779,0,25,25,25,14,-36.8386909213779
01-Aug-2026 01:07:30,-147.180862498394,-39.7477727650585,0,25,25,25,14,-39.7477727650585
01-Aug-2026 01:07:32,-150.321069052983,-42.8879793196477,0,25,25,25,13,-42.8879793196477
01-Aug-2026 01:07:34,-151.101872517459,-43.6687827841234,0,25,25,25,13,-43.6687827841234
01-Aug-2026 01:07:36,-150.794805371691,-43.3617156383556,0,25,25,25,13,-43.3617156383556
01-Aug-2026 01:07:38,-150.38776189662,-42.954672163285,0,25,25,25,15,-42.954672163285
01-Aug-2026 01:07:40,-150.813201262514,-43.380111529179,0,26,26,26,16,-43.380111529179
01-Aug-2026 01:07:42,-150.754824163134,-43.3217344297985,0,26,26,26,15,-43.3217344297985
01-Aug-2026 01:07:44,-150.209852316406,-42.7767625830707,0,26,26,26,15,-42.7767625830707
01-Aug-2026 01:07:46,-150.582639931738,-43.1495501984027,0,26,26,26,14,-43.1495501984027
01-Aug-2026 01:07:48,-157.657728541548,-50.2246388082124,0,25,25,25,12,-50.2246388082124
01-Aug-2026 01:07:50,-158.349172758348,-50.9160830250131,0,25,25,25,14,-50.9160830250131
01-Aug-2026 01:07:52,-157.889763592903,-50.456673859568,0,25,25,25,14,-50.456673859568
01-Aug-2026 01:07:54,-158.074227704904,-50.6411379715683,0,25,25,25,15,-50.6411379715683
01-Aug-2026 01:07:56,-157.730269589737,-50.2971798564022,0,25,25,25,14,-50.2971798564022
01-Aug-2026 01:07:58,-148.528314549662,-41.0952248163271,0,25,25,25,15,-41.0952248163271
01-Aug-2026 01:08:00,-149.244873097414,-41.8117833640787,0,25,25,25,14,-41.8117833640787
01-Aug-2026 01:08:02,-150.779124882778,-43.3460351494427,0,25,25,25,14,-43.3460351494427
01-Aug-2026 01:08:04,-151.087857494335,-43.6547677609999,0,25,25,25,13,-43.6547677609999
01-Aug-2026 01:08:06,-150.298251495426,-42.8651617620906,0,25,25,25,13,-42.8651617620906
01-Aug-2026 01:08:08,-150.350809162162,-42.917719428827,0,25,25,25,12,-42.917719428827
01-Aug-2026 01:08:10,-150.449932630744,-43.016842897409,0,25,25,25,12,-43.016842897409
01-Aug-2026 01:08:12,-151.450883692294,-44.0177939589591,0,25,25,25,11,-44.0177939589591
01-Aug-2026 01:08:14,-151.672556274425,-44.2394665410894,0,25,25,25,13,-44.2394665410894
01-Aug-2026 01:08:16,-152.783902004508,-45.3508122711729,0,25,25,25,13,-45.3508122711729
01-Aug-2026 01:08:18,-152.476356915599,-45.0432671822639,0,25,25,25,13,-45.0432671822639
01-Aug-2026 01:08:20,-153.880022003854,-46.4469322705189,0,26,26,26,14,-46.4469322705189
01-Aug-2026 01:08:22,-145.904645376687,-38.4715556433522,0,25,25,25,14,-38.4715556433522
01-Aug-2026 01:08:24,-145.188757683292,-37.7556679499572,0,25,25,25,15,-37.7556679499572
01-Aug-2026 01:08:26,-153.991305854198,-46.5582161208632,0,25,25,25,15,-46.5582161208632
01-Aug-2026 01:08:28,-153.609450485588,-46.1763607522527,0,25,25,25,16,-46.1763607522527
01-Aug-2026 01:08:30,-153.83157244697,-46.3984827136343,0,26,26,26,18,-46.3984827136343
01-Aug-2026 01:08:32,-153.837737742533,-46.4046480091982,0,26,26,26,18,-46.4046480091982
01-Aug-2026 01:08:34,-153.722163141826,-46.2890734084907,0,26,26,26,18,-46.2890734084907
01-Aug-2026 01:08:36,-152.068987970577,-44.6358982372417,0,26,26,26,19,-44.6358982372417
01-Aug-2026 01:08:38,-149.628179951993,-42.1950902186575,0,26,26,26,19,-42.1950902186575
01-Aug-2026 01:08:40,-149.440249550246,-42.0071598169108,0,26,26,26,19,-42.0071598169108
01-Aug-2026 01:08:42,-149.396635446643,-41.9635457133076,0,26,26,26,17,-41.9635457133076
01-Aug-2026 01:08:44,-148.765019296991,-41.3319295636557,0,26,26,26,19,-41.3319295636557
01-Aug-2026 01:08:46,-149.115007953201,-41.6819182198658,0,28,28,28,19,-41.6819182198658
01-Aug-2026 01:08:48,-149.320451034113,-41.8873613007778,0,27,27,27,19,-41.8873613007778
01-Aug-2026 01:08:50,-149.33404778071,-41.9009580473745,0,27,27,27,18,-41.9009580473745
01-Aug-2026 01:08:52,-149.085104536318,-41.652014802983,0,26,26,26,15,-41.652014802983
01-Aug-2026 01:08:54,-148.864224844077,-41.431135110742,0,26,26,26,15,-41.431135110742
01-Aug-2026 01:08:56,-148.752445764436,-41.3193560311008,0,27,27,27,13,-41.3193560311008
01-Aug-2026 01:08:58,-148.649566205517,-41.2164764721823,0,26,26,26,13,-41.2164764721823
01-Aug-2026 01:09:00,-148.431709057454,-40.9986193241185,0,25,25,25,11,-40.9986193241185
01-Aug-2026 01:09:02,-148.53849774905,-41.1054080157152,0,25,25,25,12,-41.1054080157152
01-Aug-2026 01:09:04,-152.542269585113,-45.1091798517774,0,25,25,25,11,-45.1091798517774
01-Aug-2026 01:09:06,-152.425646212436,-44.9925564791008,0,25,25,25,12,-44.9925564791008
01-Aug-2026 01:09:08,-152.128535197698,-44.6954454643632,0,25,25,25,13,-44.6954454643632
01-Aug-2026 01:09:10,-152.230159564093,-44.7970698307575,0,25,25,25,13,-44.7970698307575
01-Aug-2026 01:09:12,-152.576933573285,-45.1438438399495,0,25,25,25,13,-45.1438438399495
01-Aug-2026 01:09:14,-155.433100005599,-48.0000102722634,0,25,25,25,13,-48.0000102722634
01-Aug-2026 01:09:16,-155.33125037958,-47.8981606462447,0,25,25,25,13,-47.8981606462447
01-Aug-2026 01:09:18,-155.47998196366,-48.046892230325,0,25,25,25,13,-48.046892230325
01-Aug-2026 01:09:20,-163.026215083111,-55.5931253497757,0,25,25,25,12,-55.5931253497757
01-Aug-2026 01:09:22,-163.048046165402,-55.6149564320664,0,25,25,25,11,-55.6149564320664
01-Aug-2026 01:09:24,-163.424294734124,-55.991205000789,0,25,25,25,10,-55.991205000789
01-Aug-2026 01:09:26,-163.520677266723,-56.0875875333882,0,25,25,25,11,-56.0875875333882
01-Aug-2026 01:09:28,-169.542814281994,-62.1097245486586,0,25,25,25,10,-62.1097245486586
01-Aug-2026 01:09:30,-170.990283935141,-63.5571942018061,0,25,25,25,10,-63.5571942018061
01-Aug-2026 01:09:32,-170.849942790549,-63.4168530572142,0,25,25,25,10,-63.4168530572142
01-Aug-2026 01:09:34,-170.691739261828,-63.2586495284929,0,25,25,25,13,-63.2586495284929
01-Aug-2026 01:09:36,-170.691799638234,-63.2587099048989,0,25,25,25,14,-63.2587099048989
01-Aug-2026 01:09:38,-161.587809504465,-54.1547197711301,0,24,24,24,16,-54.1547197711301
01-Aug-2026 01:09:40,-161.219707647553,-53.7866179142178,0,24,24,24,16,-53.7866179142178
01-Aug-2026 01:09:42,-173.778747097977,-66.3456573646414,0,24,24,24,15,-66.3456573646414
01-Aug-2026 01:09:44,-174.033991574871,-66.6009018415354,0,24,24,24,14,-66.6009018415354
01-Aug-2026 01:09:46,-158.664456897804,-51.2313671644686,0,24,24,24,14,-51.2313671644686
01-Aug-2026 01:09:48,-158.116249057609,-50.683159324274,0,24,24,24,13,-50.683159324274
01-Aug-2026 01:09:50,-156.875349645215,-49.4422599118802,0,24,24,24,14,-49.4422599118802
01-Aug-2026 01:09:52,-156.554004245919,-49.120914512584,0,23,23,23,11,-49.120914512584
01-Aug-2026 01:09:54,-156.105173138198,-48.6720834048628,0,23,23,23,12,-48.6720834048628
01-Aug-2026 01:09:56,-150.515361324827,-43.0822715914915,0,23,23,23,11,-43.0822715914915
01-Aug-2026 01:09:58,-149.473631556668,-42.0405418233331,0,23,23,23,11,-42.0405418233331
01-Aug-2026 01:10:00,-153.827499298032,-46.3944095646969,0,23,23,23,9,-46.3944095646969
01-Aug-2026 01:10:02,-154.021489413056,-46.5883996797204,0,23,23,23,9,-46.5883996797204
01-Aug-2026 01:10:04,-153.269906812501,-45.8368170791654,0,24,24,24,9,-45.8368170791654
01-Aug-2026 01:10:06,-152.900495434416,-45.467405701081,0,24,24,24,9,-45.467405701081
01-Aug-2026 01:10:08,-152.840976733022,-45.407886999687,0,24,24,24,10,-45.407886999687
01-Aug-2026 01:10:10,-152.185022263187,-44.7519325298515,0,24,24,24,9,-44.7519325298515
01-Aug-2026 01:10:12,-152.018814767985,-44.5857250346501,0,24,24,24,10,-44.5857250346501
01-Aug-2026 01:10:14,-151.531893536958,-44.0988038036233,0,24,24,24,10,-44.0988038036233
01-Aug-2026 01:10:16,-155.064939068644,-47.6318493353088,0,24,24,24,9,-47.6318493353088
01-Aug-2026 01:10:18,-155.042318206035,-47.6092284727002,0,24,24,24,10,-47.6092284727002
01-Aug-2026 01:10:20,-155.431742705052,-47.9986529717171,0,24,24,24,9,-47.9986529717171
01-Aug-2026 01:10:22,-155.670189378113,-48.2370996447779,0,24,24,24,9,-48.2370996447779
01-Aug-2026 01:10:24,-156.032025189547,-48.5989354562118,0,24,24,24,10,-48.5989354562118
01-Aug-2026 01:10:26,-156.18482774866,-48.7517380153248,0,24,24,24,10,-48.7517380153248
01-Aug-2026 01:10:28,-156.128119019825,-48.6950292864894,0,24,24,24,11,-48.6950292864894
01-Aug-2026 01:10:30,-154.979017235628,-47.5459275022928,0,24,24,24,11,-47.5459275022928
01-Aug-2026 01:10:32,-156.596660557091,-49.1635708237556,0,24,24,24,12,-49.1635708237556
01-Aug-2026 01:10:34,-156.250854964864,-48.8177652315286,0,24,24,24,12,-48.8177652315286
01-Aug-2026 01:10:36,-155.114460887738,-47.6813711544027,0,24,24,24,13,-47.6813711544027
01-Aug-2026 01:10:38,-154.162140828195,-46.7290510948603,0,24,24,24,13,-46.7290510948603
01-Aug-2026 01:10:40,-152.613325762049,-45.1802360287138,0,25,25,25,13,-45.1802360287138
01-Aug-2026 01:10:42,-152.021987111245,-44.5888973779095,0,25,25,25,14,-44.5888973779095
01-Aug-2026 01:10:44,-150.311216907733,-42.8781271743975,0,24,24,24,14,-42.8781271743975
01-Aug-2026 01:10:46,-149.834557131794,-42.4014673984591,0,25,25,25,14,-42.4014673984591
01-Aug-2026 01:10:48,-148.690009458691,-41.2569197253561,0,25,25,25,13,-41.2569197253561
01-Aug-2026 01:10:50,-147.68159536757,-40.2485056342353,0,25,25,25,14,-40.2485056342353
01-Aug-2026 01:10:52,-147.342604149545,-39.9095144162096,0,25,25,25,17,-39.9095144162096
01-Aug-2026 01:10:54,-147.257244423785,-39.8241546904503,0,25,25,25,17,-39.8241546904503
01-Aug-2026 01:10:56,-146.602448833639,-39.1693591003034,0,26,26,26,18,-39.1693591003034
01-Aug-2026 01:10:58,-146.507374100407,-39.0742843670721,0,26,26,26,18,-39.0742843670721
01-Aug-2026 01:11:00,-145.827670361348,-38.3945806280124,0,26,26,26,17,-38.3945806280124
01-Aug-2026 01:11:02,-144.765331014217,-37.3322412808819,0,26,26,26,16,-37.3322412808819
01-Aug-2026 01:11:04,-144.385845239083,-36.9527555057478,0,26,26,26,17,-36.9527555057478
01-Aug-2026 01:11:06,-160.306499406026,-52.873409672691,0,26,26,26,16,-52.873409672691
01-Aug-2026 01:11:08,-160.412791826911,-52.9797020935753,0,26,26,26,15,-52.9797020935753
01-Aug-2026 01:11:10,-160.322410173229,-52.8893204398939,0,26,26,26,15,-52.8893204398939
01-Aug-2026 01:11:12,-158.47249082593,-51.0394010925947,0,26,26,26,14,-51.0394010925947
01-Aug-2026 01:11:14,-158.806900076799,-51.3738103434636,0,25,25,25,13,-51.3738103434636
01-Aug-2026 01:11:16,-146.242198968805,-38.8091092354701,0,25,25,25,13,-38.8091092354701
01-Aug-2026 01:11:18,-145.902621235363,-38.4695315020276,0,25,25,25,13,-38.4695315020276
01-Aug-2026 01:11:20,-145.831731192988,-38.3986414596526,0,25,25,25,11,-38.3986414596526
01-Aug-2026 01:11:22,-145.284059105144,-37.8509693718084,0,25,25,25,12,-37.8509693718084
01-Aug-2026 01:11:24,-144.759053932,-37.3259641986645,0,25,25,25,14,-37.3259641986645
01-Aug-2026 01:11:26,-144.391989714235,-36.9588999809,0,25,25,25,13,-36.9588999809
01-Aug-2026 01:11:28,-144.842389448284,-37.4092997149486,0,25,25,25,12,-37.4092997149486
01-Aug-2026 01:11:30,-144.570131505548,-37.1370417722128,0,25,25,25,14,-37.1370417722128
01-Aug-2026 01:11:32,-145.083117830198,-37.6500280968624,0,25,25,25,13,-37.6500280968624
01-Aug-2026 01:11:34,-145.228628994802,-37.795539261467,0,25,25,25,14,-37.795539261467
01-Aug-2026 01:11:36,-144.582687510185,-37.1495977768502,0,25,25,25,13,-37.1495977768502
01-Aug-2026 01:11:38,-143.926846334544,-36.4937566012085,0,25,25,25,14,-36.4937566012085
01-Aug-2026 01:11:40,-160.223074010461,-52.7899842771255,0,25,25,25,13,-52.7899842771255
01-Aug-2026 01:11:42,-159.867913494135,-52.4348237608,0,25,25,25,13,-52.4348237608
01-Aug-2026 01:11:44,-159.819596558603,-52.3865068252682,0,25,25,25,13,-52.3865068252682
01-Aug-2026 01:11:46,-160.110800471965,-52.6777107386296,0,25,25,25,12,-52.6777107386296
01-Aug-2026 01:11:48,-142.951023727653,-35.5179339943181,0,25,25,25,11,-35.5179339943181
01-Aug-2026 01:11:50,-142.691607019388,-35.2585172860526,0,25,25,25,11,-35.2585172860526
01-Aug-2026 01:11:52,-130.529195909625,-23.0961061762903,0,25,25,25,15,-23.0961061762903
01-Aug-2026 01:11:54,-130.617247089328,-23.1841573559927,0,25,25,25,14,-23.1841573559927
01-Aug-2026 01:11:56,-131.03172530779,-23.5986355744546,0,25,25,25,13,-23.5986355744546
01-Aug-2026 01:11:58,-131.942562831424,-24.5094730980884,0,25,25,25,12,-24.5094730980884
01-Aug-2026 01:12:00,-132.218089139713,-24.7849994063781,0,25,25,25,12,-24.7849994063781
01-Aug-2026 01:12:02,-133.121234700537,-25.6881449672019,0,25,25,25,11,-25.6881449672019
01-Aug-2026 01:12:04,-146.192447491602,-38.7593577582672,0,25,25,25,10,-38.7593577582672
01-Aug-2026 01:12:06,-146.313131198173,-38.8800414648374,0,25,25,25,11,-38.8800414648374
01-Aug-2026 01:12:08,-146.788830486791,-39.355740753456,0,25,25,25,12,-39.355740753456
01-Aug-2026 01:12:10,-146.298143256762,-38.8650535234271,0,25,25,25,11,-38.8650535234271
01-Aug-2026 01:12:12,-146.395627450212,-38.9625377168769,0,26,26,26,13,-38.9625377168769
01-Aug-2026 01:12:14,-146.744898237045,-39.3118085037102,0,26,26,26,13,-39.3118085037102
01-Aug-2026 01:12:16,-146.856461247434,-39.423371514099,0,25,25,25,14,-39.423371514099
01-Aug-2026 01:12:18,-154.429186401377,-46.996096668042,0,25,25,25,12,-46.996096668042
01-Aug-2026 01:12:20,-153.92251160559,-46.4894218722551,0,25,25,25,12,-46.4894218722551
01-Aug-2026 01:12:22,-154.208042701061,-46.7749529677254,0,26,26,26,12,-46.7749529677254
01-Aug-2026 01:12:24,-150.699568460271,-43.2664787269354,0,26,26,26,13,-43.2664787269354
01-Aug-2026 01:12:26,-150.747372923874,-43.3142831905388,0,26,26,26,13,-43.3142831905388
01-Aug-2026 01:12:28,-150.431911089841,-42.9988213565059,0,26,26,26,15,-42.9988213565059
01-Aug-2026 01:12:30,-150.676413295948,-43.2433235626127,0,26,26,26,15,-43.2433235626127
01-Aug-2026 01:12:32,-151.045909848153,-43.6128201148182,0,26,26,26,15,-43.6128201148182
01-Aug-2026 01:12:34,-150.892745253299,-43.4596555199638,0,26,26,26,15,-43.4596555199638
01-Aug-2026 01:12:36,-157.6091936135,-50.1761038801651,0,25,25,25,13,-50.1761038801651
01-Aug-2026 01:12:38,-157.36490733705,-49.9318176037146,0,26,26,26,12,-49.9318176037146
01-Aug-2026 01:12:40,-156.971465991842,-49.5383762585066,0,26,26,26,12,-49.5383762585066
01-Aug-2026 01:12:42,-153.812647889616,-46.3795581562805,0,26,26,26,13,-46.3795581562805
01-Aug-2026 01:12:44,-154.322383625462,-46.8892938921273,0,26,26,26,13,-46.8892938921273
01-Aug-2026 01:12:46,-154.164129701324,-46.7310399679888,0,25,25,25,13,-46.7310399679888
01-Aug-2026 01:12:48,-154.474779479222,-47.0416897458873,0,26,26,26,13,-47.0416897458873
01-Aug-2026 01:12:50,-156.385274065159,-48.9521843318241,0,25,25,25,10,-48.9521843318241
01-Aug-2026 01:12:52,-156.706258525834,-49.2731687924993,0,25,25,25,9,-49.2731687924993
01-Aug-2026 01:12:54,-143.070686480221,-35.6375967468858,0,25,25,25,11,-35.6375967468858
01-Aug-2026 01:12:56,-142.990440579255,-35.5573508459195,0,25,25,25,11,-35.5573508459195
01-Aug-2026 01:12:58,-143.059166816463,-35.6260770831275,0,25,25,25,10,-35.6260770831275
01-Aug-2026 01:13:00,-142.896685437503,-35.4635957041676,0,25,25,25,11,-35.4635957041676
01-Aug-2026 01:13:02,-143.040101782884,-35.6070120495484,0,25,25,25,12,-35.6070120495484
01-Aug-2026 01:13:04,-159.076561073617,-51.6434713402818,0,25,25,25,10,-51.6434713402818
01-Aug-2026 01:13:06,-159.788253156263,-52.3551634229275,0,25,25,25,10,-52.3551634229275
01-Aug-2026 01:13:08,-160.127001026784,-52.6939112934484,0,25,25,25,11,-52.6939112934484
01-Aug-2026 01:13:10,-159.925890208065,-52.4928004747294,0,25,25,25,11,-52.4928004747294
01-Aug-2026 01:13:12,-160.294550915718,-52.8614611823826,0,25,25,25,11,-52.8614611823826
01-Aug-2026 01:13:14,-160.439825032429,-53.0067352990934,0,25,25,25,12,-53.0067352990934
01-Aug-2026 01:13:16,-171.566208831753,-64.1331190984176,0,25,25,25,12,-64.1331190984176
01-Aug-2026 01:13:18,-171.156355721028,-63.7232659876925,0,25,25,25,13,-63.7232659876925
01-Aug-2026 01:13:20,-171.601554017258,-64.1684642839232,0,25,25,25,12,-64.1684642839232
01-Aug-2026 01:13:22,-161.743080140259,-54.3099904069242,0,25,25,25,13,-54.3099904069242
01-Aug-2026 01:13:24,-161.211659261399,-53.7785695280641,0,24,24,24,12,-53.7785695280641
01-Aug-2026 01:13:26,-160.671895599209,-53.2388058658738,0,24,24,24,13,-53.2388058658738
01-Aug-2026 01:13:28,-159.869049467994,-52.4359597346585,0,24,24,24,12,-52.4359597346585
01-Aug-2026 01:13:30,-155.71221193183,-48.279122198495,0,24,24,24,13,-48.279122198495
01-Aug-2026 01:13:32,-155.60329772024,-48.1702079869053,0,24,24,24,13,-48.1702079869053
01-Aug-2026 01:13:34,-155.427272453309,-47.9941827199736,0,24,24,24,13,-47.9941827199736
01-Aug-2026 01:13:36,-155.212001824117,-47.7789120907817,0,24,24,24,14,-47.7789120907817
01-Aug-2026 01:13:38,-155.037370645342,-47.6042809120063,0,24,24,24,15,-47.6042809120063
01-Aug-2026 01:13:40,-154.832731166757,-47.3996414334215,0,24,24,24,14,-47.3996414334215
01-Aug-2026 01:13:42,-154.59957658396,-47.1664868506247,0,24,24,24,13,-47.1664868506247
01-Aug-2026 01:13:44,-154.310420318269,-46.8773305849341,0,23,23,23,12,-46.8773305849341
01-Aug-2026 01:13:46,-154.139734192163,-46.7066444588279,0,23,23,23,12,-46.7066444588279
01-Aug-2026 01:13:48,-157.471380057952,-50.0382903246171,0,23,23,23,10,-50.0382903246171
01-Aug-2026 01:13:50,-157.702271814742,-50.2691820814073,0,24,24,24,8,-50.2691820814073
01-Aug-2026 01:13:52,-157.857815448275,-50.4247257149401,0,24,24,24,9,-50.4247257149401
01-Aug-2026 01:13:54,-156.858521523787,-49.4254317904523,0,24,24,24,9,-49.4254317904523
01-Aug-2026 01:13:56,-157.020886590727,-49.5877968573922,0,24,24,24,9,-49.5877968573922
01-Aug-2026 01:13:58,-156.483974335802,-49.0508846024673,0,24,24,24,10,-49.0508846024673
01-Aug-2026 01:14:00,-154.962595800726,-47.5295060673912,0,24,24,24,10,-47.5295060673912
01-Aug-2026 01:14:02,-153.343161196688,-45.9100714633526,0,24,24,24,10,-45.9100714633526
01-Aug-2026 01:14:04,-150.728961260643,-43.2958715273082,0,24,24,24,11,-43.2958715273082
01-Aug-2026 01:14:06,-150.756731007617,-43.3236412742815,0,24,24,24,10,-43.3236412742815
01-Aug-2026 01:14:08,-152.835708287249,-45.4026185539134,0,24,24,24,12,-45.4026185539134
01-Aug-2026 01:14:10,-152.859736884075,-45.4266471507394,0,24,24,24,12,-45.4266471507394
01-Aug-2026 01:14:12,-152.453286521707,-45.0201967883721,0,24,24,24,13,-45.0201967883721
01-Aug-2026 01:14:14,-153.443661060133,-46.0105713267978,0,24,24,24,11,-46.0105713267978
01-Aug-2026 01:14:16,-153.760677311277,-46.3275875779422,0,25,25,25,11,-46.3275875779422
01-Aug-2026 01:14:18,-161.851606889155,-54.4185171558195,0,24,24,24,10,-54.4185171558195
01-Aug-2026 01:14:20,-157.546313279069,-50.1132235457336,0,24,24,24,11,-50.1132235457336
01-Aug-2026 01:14:22,-159.792226994917,-52.3591372615822,0,24,24,24,10,-52.3591372615822
01-Aug-2026 01:14:24,-159.280560269834,-51.8474705364989,0,24,24,24,10,-51.8474705364989
01-Aug-2026 01:14:26,-158.690788433474,-51.2576987001389,0,24,24,24,9,-51.2576987001389
01-Aug-2026 01:14:28,-158.602319882773,-51.1692301494378,0,24,24,24,9,-51.1692301494378
01-Aug-2026 01:14:30,-158.089478637052,-50.6563889037166,0,24,24,24,9,-50.6563889037166
01-Aug-2026 01:14:32,-162.302571773018,-54.8694820396824,0,26,26,26,8,-54.8694820396824
01-Aug-2026 01:14:34,-162.178033768545,-54.7449440352101,0,26,26,26,8,-54.7449440352101
01-Aug-2026 01:14:36,-161.821943524682,-54.3888537913473,0,25,25,25,10,-54.3888537913473
01-Aug-2026 01:14:38,-161.937823384016,-54.5047336506812,0,25,25,25,9,-54.5047336506812
01-Aug-2026 01:14:40,-159.681953245471,-52.2488635121358,0,25,25,25,7,-52.2488635121358
01-Aug-2026 01:14:42,-160.105891572245,-52.6728018389098,0,25,25,25,8,-52.6728018389098
01-Aug-2026 01:14:44,-159.752328153819,-52.3192384204838,0,25,25,25,8,-52.3192384204838
01-Aug-2026 01:14:46,-159.786918412146,-52.3538286788112,0,25,25,25,8,-52.3538286788112
01-Aug-2026 01:14:48,-150.317872618574,-42.8847828852383,0,26,26,26,10,-42.8847828852383
01-Aug-2026 01:14:50,-149.641928872049,-42.2088391387138,0,26,26,26,9,-42.2088391387138
01-Aug-2026 01:14:52,-149.385471126825,-41.9523813934894,0,26,26,26,9,-41.9523813934894
01-Aug-2026 01:14:54,-150.717683958096,-43.2845942247607,0,26,26,26,9,-43.2845942247607
01-Aug-2026 01:14:56,-149.898550371941,-42.4654606386059,0,26,26,26,9,-42.4654606386059
01-Aug-2026 01:14:58,-149.146713634017,-41.7136239006822,0,25,25,25,8,-41.7136239006822
01-Aug-2026 01:15:00,-147.837198559855,-40.40410882652,0,25,25,25,9,-40.40410882652
01-Aug-2026 01:15:02,-147.843396989626,-40.4103072562905,0,25,25,25,10,-40.4103072562905
01-Aug-2026 01:15:04,-147.260242143401,-39.8271524100656,0,25,25,25,13,-39.8271524100656
01-Aug-2026 01:15:06,-147.136967069961,-39.7038773366258,0,24,24,24,13,-39.7038773366258
01-Aug-2026 01:15:08,-147.349236219517,-39.9161464861819,0,24,24,24,12,-39.9161464861819
01-Aug-2026 01:15:10,-145.248863058692,-37.8157733253564,0,25,25,25,13,-37.8157733253564
01-Aug-2026 01:15:12,-145.07563418791,-37.6425444545753,0,25,25,25,13,-37.6425444545753
01-Aug-2026 01:15:14,-144.485484903053,-37.0523951697183,0,25,25,25,13,-37.0523951697183
01-Aug-2026 01:15:16,-144.140584468646,-36.7074947353105,0,25,25,25,13,-36.7074947353105
01-Aug-2026 01:15:18,-143.860964466549,-36.4278747332137,0,25,25,25,13,-36.4278747332137
01-Aug-2026 01:15:20,-143.664082138995,-36.2309924056594,0,25,25,25,12,-36.2309924056594
01-Aug-2026 01:15:22,-143.409026158669,-35.9759364253339,0,25,25,25,13,-35.9759364253339
01-Aug-2026 01:15:24,-143.548436144565,-36.1153464112302,0,25,25,25,12,-36.1153464112302
01-Aug-2026 01:15:26,-143.58788098637,-36.1547912530348,0,25,25,25,12,-36.1547912530348
01-Aug-2026 01:15:28,-142.926800990611,-35.4937112572757,0,25,25,25,13,-35.4937112572757
01-Aug-2026 01:15:30,-142.754577938948,-35.3214882056133,0,25,25,25,14,-35.3214882056133
01-Aug-2026 01:15:32,-136.559960199718,-29.1268704663824,0,25,25,25,14,-29.1268704663824
01-Aug-2026 01:15:34,-137.191039181055,-29.7579494477195,0,25,25,25,15,-29.7579494477195
01-Aug-2026 01:15:36,-137.746764678132,-30.3136749447973,0,25,25,25,14,-30.3136749447973
01-Aug-2026 01:15:38,-138.078613511543,-30.6455237782075,0,25,25,25,14,-30.6455237782075
01-Aug-2026 01:15:40,-138.390023267881,-30.9569335345458,0,25,25,25,14,-30.9569335345458
01-Aug-2026 01:15:42,-137.717459154665,-30.2843694213301,0,25,25,25,16,-30.2843694213301
01-Aug-2026 01:15:44,-137.733923397552,-30.3008336642166,0,25,25,25,17,-30.3008336642166
01-Aug-2026 01:15:46,-138.285618984082,-30.852529250747,0,25,25,25,18,-30.852529250747
01-Aug-2026 01:15:48,-138.413878322129,-30.9807885887934,0,25,25,25,17,-30.9807885887934
01-Aug-2026 01:15:50,-139.76981252682,-32.3367227934848,0,25,25,25,16,-32.3367227934848
01-Aug-2026 01:15:52,-139.879164261362,-32.4460745280271,0,25,25,25,18,-32.4460745280271
01-Aug-2026 01:15:54,-139.359124618064,-31.9260348847286,0,25,25,25,17,-31.9260348847286
01-Aug-2026 01:15:56,-145.140146811945,-37.7070570786103,0,25,25,25,16,-37.7070570786103
01-Aug-2026 01:15:58,-144.977469269471,-37.5443795361358,0,25,25,25,15,-37.5443795361358
01-Aug-2026 01:16:00,-145.344743979698,-37.9116542463632,0,25,25,25,17,-37.9116542463632
01-Aug-2026 01:16:02,-144.529901768975,-37.09681203564,0,26,26,26,18,-37.09681203564
01-Aug-2026 01:16:04,-144.421011253986,-36.9879215206512,0,26,26,26,15,-36.9879215206512
01-Aug-2026 01:16:06,-143.704437188085,-36.2713474547503,0,26,26,26,16,-36.2713474547503
01-Aug-2026 01:16:08,-144.300446355751,-36.8673566224155,0,26,26,26,15,-36.8673566224155
01-Aug-2026 01:16:10,-144.08815726179,-36.6550675284547,0,25,25,25,13,-36.6550675284547
01-Aug-2026 01:16:12,-143.567421713576,-36.1343319802408,0,25,25,25,14,-36.1343319802408
01-Aug-2026 01:16:14,-143.932331064958,-36.4992413316233,0,26,26,26,14,-36.4992413316233
01-Aug-2026 01:16:16,-143.879087303573,-36.4459975702375,0,26,26,26,14,-36.4459975702375
01-Aug-2026 01:16:18,-143.508169337077,-36.0750796037421,0,26,26,26,14,-36.0750796037421
01-Aug-2026 01:16:20,-142.376719388259,-34.9436296549236,0,26,26,26,15,-34.9436296549236
01-Aug-2026 01:16:22,-142.182434613761,-34.7493448804257,0,26,26,26,14,-34.7493448804257
01-Aug-2026 01:16:24,-142.482828185453,-35.0497384521176,0,26,26,26,16,-35.0497384521176
01-Aug-2026 01:16:26,-141.233421296488,-33.8003315631529,0,25,25,25,11,-33.8003315631529
01-Aug-2026 01:16:28,-141.309316633357,-33.8762269000219,0,25,25,25,12,-33.8762269000219
01-Aug-2026 01:16:30,-140.927882324927,-33.4947925915922,0,25,25,25,12,-33.4947925915922
01-Aug-2026 01:16:32,-140.946290903648,-33.5132011703127,0,26,26,26,14,-33.5132011703127
01-Aug-2026 01:16:34,-141.177574027209,-33.7444842938742,0,24,24,24,12,-33.7444842938742
01-Aug-2026 01:16:36,-140.372417557908,-32.9393278245724,0,24,24,24,12,-32.9393278245724
01-Aug-2026 01:16:38,-139.796676108958,-32.3635863756229,0,24,24,24,12,-32.3635863756229
01-Aug-2026 01:16:40,-139.574598004376,-32.1415082710411,0,24,24,24,13,-32.1415082710411
01-Aug-2026 01:16:42,-139.112485565486,-31.6793958321512,0,25,25,25,15,-31.6793958321512
01-Aug-2026 01:16:44,-138.909628648123,-31.4765389147882,0,25,25,25,16,-31.4765389147882
01-Aug-2026 01:16:46,-138.45398392702,-31.0208941936844,0,25,25,25,16,-31.0208941936844
01-Aug-2026 01:16:48,-138.622307850669,-31.1892181173342,0,25,25,25,13,-31.1892181173342
01-Aug-2026 01:16:50,-137.82192926501,-30.3888395316752,0,25,25,25,14,-30.3888395316752
01-Aug-2026 01:16:52,-137.558773103507,-30.1256833701721,0,25,25,25,14,-30.1256833701721
01-Aug-2026 01:16:54,-157.769178291995,-50.3360885586595,0,25,25,25,14,-50.3360885586595
01-Aug-2026 01:16:56,-157.92664309781,-50.4935533644745,0,25,25,25,13,-50.4935533644745
01-Aug-2026 01:16:58,-158.044731992927,-50.6116422595921,0,25,25,25,13,-50.6116422595921
01-Aug-2026 01:17:00,-157.833544821685,-50.4004550883493,0,25,25,25,15,-50.4004550883493
01-Aug-2026 01:17:02,-158.051109302288,-50.6180195689532,0,25,25,25,14,-50.6180195689532
01-Aug-2026 01:17:04,-157.334736359391,-49.9016466260557,0,25,25,25,13,-49.9016466260557
01-Aug-2026 01:17:06,-157.655707111974,-50.2226173786387,0,25,25,25,11,-50.2226173786387
01-Aug-2026 01:17:08,-156.80624878483,-49.3731590514952,0,25,25,25,11,-49.3731590514952
01-Aug-2026 01:17:10,-156.402888769862,-48.9697990365265,0,25,25,25,13,-48.9697990365265
01-Aug-2026 01:17:12,-155.092525426551,-47.6594356932155,0,24,24,24,12,-47.6594356932155
01-Aug-2026 01:17:14,-155.316387029902,-47.8832972965672,0,24,24,24,11,-47.8832972965672
01-Aug-2026 01:17:16,-149.619592847694,-42.1865031143593,0,24,24,24,10,-42.1865031143593
01-Aug-2026 01:17:18,-149.589924792129,-42.1568350587943,0,24,24,24,9,-42.1568350587943
01-Aug-2026 01:17:20,-149.736724172752,-42.3036344394173,0,24,24,24,8,-42.3036344394173
01-Aug-2026 01:17:22,-148.374433267904,-40.9413435345687,0,24,24,24,9,-40.9413435345687
01-Aug-2026 01:17:24,-147.981804422239,-40.5487146889038,0,24,24,24,11,-40.5487146889038
01-Aug-2026 01:17:26,-147.370182999154,-39.9370932658186,0,24,24,24,11,-39.9370932658186
01-Aug-2026 01:17:28,-146.615623709677,-39.1825339763415,0,24,24,24,10,-39.1825339763415
01-Aug-2026 01:17:30,-146.388642115864,-38.9555523825285,0,24,24,24,11,-38.9555523825285
01-Aug-2026 01:17:32,-145.874369044363,-38.4412793110274,0,24,24,24,10,-38.4412793110274
01-Aug-2026 01:17:34,-144.796861480286,-37.3637717469506,0,24,24,24,11,-37.3637717469506
01-Aug-2026 01:17:36,-144.747351125554,-37.3142613922193,0,24,24,24,13,-37.3142613922193
01-Aug-2026 01:17:38,-144.2048468807,-36.7717571473652,0,24,24,24,14,-36.7717571473652
01-Aug-2026 01:17:40,-143.805726361928,-36.3726366285933,0,24,24,24,14,-36.3726366285933
01-Aug-2026 01:17:42,-158.726159957267,-51.2930702239316,0,24,24,24,11,-51.2930702239316
01-Aug-2026 01:17:44,-158.625464455325,-51.1923747219903,0,24,24,24,11,-51.1923747219903
01-Aug-2026 01:17:46,-161.425840715788,-53.9927509824525,0,24,24,24,9,-53.9927509824525
01-Aug-2026 01:17:48,-161.559955037314,-54.1268653039786,0,24,24,24,9,-54.1268653039786
01-Aug-2026 01:17:50,-144.07364195209,-36.6405522187546,0,24,24,24,10,-36.6405522187546
01-Aug-2026 01:17:52,-143.746416020897,-36.3133262875621,0,24,24,24,10,-36.3133262875621
01-Aug-2026 01:17:54,-143.946787535072,-36.5136978017365,0,24,24,24,10,-36.5136978017365
01-Aug-2026 01:17:56,-143.853205336891,-36.4201156035559,0,24,24,24,10,-36.4201156035559
01-Aug-2026 01:17:58,-143.623787524576,-36.1906977912406,0,24,24,24,8,-36.1906977912406
01-Aug-2026 01:18:00,-143.459384697689,-36.0262949643534,0,24,24,24,10,-36.0262949643534
01-Aug-2026 01:18:02,-143.701977590812,-36.2688878574766,0,24,24,24,10,-36.2688878574766
01-Aug-2026 01:18:04,-158.502222299512,-51.0691325661765,0,25,25,25,10,-51.0691325661765
01-Aug-2026 01:18:06,-157.765010655051,-50.3319209217163,0,25,25,25,10,-50.3319209217163
01-Aug-2026 01:18:08,-158.134779921769,-50.7016901884339,0,25,25,25,11,-50.7016901884339
01-Aug-2026 01:18:10,-158.309769210327,-50.8766794769922,0,24,24,24,11,-50.8766794769922
01-Aug-2026 01:18:12,-157.32636069723,-49.8932709638952,0,24,24,24,10,-49.8932709638952
01-Aug-2026 01:18:14,-156.526462117056,-49.0933723837207,0,24,24,24,11,-49.0933723837207
01-Aug-2026 01:18:16,-156.215096699729,-48.7820069663937,0,24,24,24,11,-48.7820069663937
01-Aug-2026 01:18:18,-155.894637859781,-48.4615481264457,0,25,25,25,11,-48.4615481264457
01-Aug-2026 01:18:20,-154.689078210244,-47.2559884769083,0,25,25,25,12,-47.2559884769083
01-Aug-2026 01:18:22,-154.544125120188,-47.1110353868529,0,25,25,25,12,-47.1110353868529
01-Aug-2026 01:18:24,-140.424034262271,-32.9909445289357,0,26,26,26,13,-32.9909445289357
01-Aug-2026 01:18:26,-140.205754888022,-32.7726651546872,0,25,25,25,12,-32.7726651546872
01-Aug-2026 01:18:28,-140.502797893065,-33.06970815973,0,25,25,25,15,-33.06970815973
01-Aug-2026 01:18:30,-140.287557660565,-32.8544679272298,0,25,25,25,15,-32.8544679272298
01-Aug-2026 01:18:32,-131.757831558528,-24.3247418251924,0,24,24,24,15,-24.3247418251924
01-Aug-2026 01:18:34,-128.481402393577,-21.0483126602419,0,24,24,24,14,-21.0483126602419
01-Aug-2026 01:18:36,-153.706705004273,-46.2736152709377,0,24,24,24,14,-46.2736152709377
01-Aug-2026 01:18:38,-154.001484006066,-46.5683942727307,0,24,24,24,14,-46.5683942727307
01-Aug-2026 01:18:40,-154.169637310927,-46.7365475775915,0,25,25,25,15,-46.7365475775915
01-Aug-2026 01:18:42,-153.575917567046,-46.1428278337108,0,25,25,25,15,-46.1428278337108
01-Aug-2026 01:18:44,-153.48125538714,-46.0481656538049,0,25,25,25,15,-46.0481656538049
01-Aug-2026 01:18:46,-154.51513303726,-47.0820433039253,0,25,25,25,13,-47.0820433039253
01-Aug-2026 01:18:48,-146.493805253126,-39.0607155197908,0,25,25,25,14,-39.0607155197908
01-Aug-2026 01:18:50,-146.604783378673,-39.1716936453382,0,25,25,25,14,-39.1716936453382
01-Aug-2026 01:18:52,-146.847761712378,-39.4146719790425,0,25,25,25,14,-39.4146719790425
01-Aug-2026 01:18:54,-147.022438393046,-39.5893486597104,0,26,26,26,15,-39.5893486597104
01-Aug-2026 01:18:56,-145.651662793363,-38.2185730600281,0,26,26,26,16,-38.2185730600281
01-Aug-2026 01:18:58,-145.394079727712,-37.9609899943766,0,25,25,25,15,-37.9609899943766
01-Aug-2026 01:19:00,-145.26857467877,-37.8354849454349,0,25,25,25,16,-37.8354849454349
01-Aug-2026 01:19:02,-145.727542420198,-38.2944526868629,0,25,25,25,15,-38.2944526868629
01-Aug-2026 01:19:04,-145.798372837113,-38.3652831037776,0,25,25,25,13,-38.3652831037776
01-Aug-2026 01:19:06,-146.183558642718,-38.7504689093823,0,25,25,25,14,-38.7504689093823
01-Aug-2026 01:19:08,-146.246855647827,-38.8137659144922,0,25,25,25,14,-38.8137659144922
01-Aug-2026 01:19:10,-145.871727272286,-38.4386375389509,0,25,25,25,14,-38.4386375389509
01-Aug-2026 01:19:12,-146.071372355376,-38.6382826220409,0,25,25,25,16,-38.6382826220409
01-Aug-2026 01:19:14,-147.558326298827,-40.125236565492,0,25,25,25,15,-40.125236565492
01-Aug-2026 01:19:16,-147.733145891739,-40.3000561584039,0,25,25,25,15,-40.3000561584039
01-Aug-2026 01:19:18,-148.180777149337,-40.7476874160016,0,25,25,25,14,-40.7476874160016
01-Aug-2026 01:19:20,-148.47179610134,-41.0387063680051,0,25,25,25,15,-41.0387063680051
01-Aug-2026 01:19:22,-149.658066214148,-42.2249764808124,0,25,25,25,15,-42.2249764808124
01-Aug-2026 01:19:24,-149.113793899807,-41.6807041664723,0,25,25,25,16,-41.6807041664723
01-Aug-2026 01:19:26,-149.532160198136,-42.0990704648012,0,25,25,25,17,-42.0990704648012
01-Aug-2026 01:19:28,-150.44350511473,-43.0104153813948,0,25,25,25,17,-43.0104153813948
01-Aug-2026 01:19:30,-167.865710371956,-60.432620638621,0,25,25,25,16,-60.432620638621
01-Aug-2026 01:19:32,-167.016880971271,-59.5837912379356,0,25,25,25,16,-59.5837912379356
01-Aug-2026 01:19:34,-167.339076875909,-59.905987142574,0,25,25,25,16,-59.905987142574
01-Aug-2026 01:19:36,-169.530538063992,-62.0974483306566,0,25,25,25,15,-62.0974483306566
01-Aug-2026 01:19:38,-169.558154914722,-62.1250651813864,0,25,25,25,16,-62.1250651813864
01-Aug-2026 01:19:40,-170.754371129649,-63.3212813963139,0,25,25,25,16,-63.3212813963139
01-Aug-2026 01:19:42,-171.362702009895,-63.92961227656,0,25,25,25,14,-63.92961227656
01-Aug-2026 01:19:44,-171.380881293691,-63.9477915603555,0,25,25,25,14,-63.9477915603555
01-Aug-2026 01:19:46,-171.575400513438,-64.1423107801024,0,25,25,25,13,-64.1423107801024
01-Aug-2026 01:19:48,-170.367665210825,-62.9345754774898,0,25,25,25,13,-62.9345754774898
01-Aug-2026 01:19:50,-170.321839619884,-62.8887498865492,0,25,25,25,12,-62.8887498865492
01-Aug-2026 01:19:52,-148.810376657666,-41.3772869243309,0,25,25,25,14,-41.3772869243309
01-Aug-2026 01:19:54,-148.710940380915,-41.2778506475794,0,26,26,26,13,-41.2778506475794
01-Aug-2026 01:19:56,-147.684946600117,-40.2518568667815,0,26,26,26,14,-40.2518568667815
01-Aug-2026 01:19:58,-147.981652013357,-40.5485622800215,0,26,26,26,14,-40.5485622800215
01-Aug-2026 01:20:00,-148.37850428858,-40.9454145552452,0,26,26,26,14,-40.9454145552452
01-Aug-2026 01:20:02,-148.559031027555,-41.1259412942196,0,26,26,26,16,-41.1259412942196
01-Aug-2026 01:20:04,-144.734963190764,-37.3018734574288,0,25,25,25,15,-37.3018734574288
01-Aug-2026 01:20:06,-144.536395936614,-37.103306203279,0,26,26,26,15,-37.103306203279
01-Aug-2026 01:20:08,-144.405556828463,-36.9724670951283,0,26,26,26,15,-36.9724670951283
01-Aug-2026 01:20:10,-144.413970233926,-36.980880500591,0,26,26,26,17,-36.980880500591
01-Aug-2026 01:20:12,-144.946128827458,-37.5130390941229,0,26,26,26,16,-37.5130390941229
01-Aug-2026 01:20:14,-144.626474622905,-37.1933848895697,0,25,25,25,16,-37.1933848895697
01-Aug-2026 01:20:16,-145.048214855048,-37.6151251217125,0,25,25,25,16,-37.6151251217125
01-Aug-2026 01:20:18,-145.025440147134,-37.5923504137993,0,25,25,25,15,-37.5923504137993
01-Aug-2026 01:20:20,-145.307726519162,-37.8746367858268,0,24,24,24,16,-37.8746367858268
01-Aug-2026 01:20:22,-145.177419921477,-37.744330188142,0,24,24,24,16,-37.744330188142
01-Aug-2026 01:20:24,-145.692698872456,-38.259609139121,0,25,25,25,15,-38.259609139121
01-Aug-2026 01:20:26,-146.0826541743,-38.6495644409651,0,23,23,23,14,-38.6495644409651
01-Aug-2026 01:20:28,-146.239953592545,-38.8068638592097,0,24,24,24,15,-38.8068638592097
01-Aug-2026 01:20:30,-146.290763530238,-38.8576737969032,0,24,24,24,15,-38.8576737969032
01-Aug-2026 01:20:32,-146.279163699972,-38.8460739666369,0,24,24,24,17,-38.8460739666369
01-Aug-2026 01:20:34,-146.992572434901,-39.5594827015659,0,24,24,24,16,-39.5594827015659
01-Aug-2026 01:20:36,-147.397541662456,-39.9644519291203,0,24,24,24,16,-39.9644519291203
01-Aug-2026 01:20:38,-147.102968811486,-39.6698790781511,0,24,24,24,16,-39.6698790781511
01-Aug-2026 01:20:40,-164.841531996759,-57.4084422634242,0,24,24,24,15,-57.4084422634242
01-Aug-2026 01:20:42,-164.54941533589,-57.1163256025552,0,24,24,24,15,-57.1163256025552
01-Aug-2026 01:20:44,-164.12934575353,-56.6962560201948,0,25,25,25,15,-56.6962560201948
01-Aug-2026 01:20:46,-163.824649455503,-56.3915597221674,0,25,25,25,16,-56.3915597221674
01-Aug-2026 01:20:48,-163.910403386418,-56.4773136530831,0,25,25,25,16,-56.4773136530831
01-Aug-2026 01:20:50,-151.421210626093,-43.9881208927579,0,25,25,25,16,-43.9881208927579
01-Aug-2026 01:20:52,-141.023985325465,-33.5908955921301,0,25,25,25,19,-33.5908955921301
01-Aug-2026 01:20:54,-140.949598453738,-33.5165087204027,0,25,25,25,18,-33.5165087204027
01-Aug-2026 01:20:56,-151.273160074441,-43.840070341106,0,25,25,25,17,-43.840070341106
01-Aug-2026 01:20:58,-150.850091699703,-43.4170019663682,0,24,24,24,14,-43.4170019663682
01-Aug-2026 01:21:00,-150.945399978314,-43.5123102449793,0,24,24,24,14,-43.5123102449793
01-Aug-2026 01:21:02,-150.608269606749,-43.1751798734139,0,24,24,24,13,-43.1751798734139
01-Aug-2026 01:21:04,-150.537245757386,-43.1041560240507,0,24,24,24,13,-43.1041560240507
01-Aug-2026 01:21:06,-150.275517418359,-42.8424276850233,0,24,24,24,13,-42.8424276850233
01-Aug-2026 01:21:08,-150.066605075062,-42.6335153417263,0,24,24,24,13,-42.6335153417263
01-Aug-2026 01:21:10,-149.733967508645,-42.3008777753094,0,24,24,24,12,-42.3008777753094
01-Aug-2026 01:21:12,-149.821360308561,-42.3882705752262,0,24,24,24,12,-42.3882705752262
01-Aug-2026 01:21:14,-149.597583575365,-42.1644938420296,0,24,24,24,11,-42.1644938420296
01-Aug-2026 01:21:16,-149.796053696744,-42.3629639634089,0,24,24,24,11,-42.3629639634089
01-Aug-2026 01:21:18,-148.733664698803,-41.3005749654676,0,24,24,24,12,-41.3005749654676
01-Aug-2026 01:21:20,-147.921374264539,-40.488284531204,0,24,24,24,12,-40.488284531204
01-Aug-2026 01:21:22,-157.716522964964,-50.2834332316283,0,24,24,24,13,-50.2834332316283
01-Aug-2026 01:21:24,-157.930957677464,-50.4978679441287,0,25,25,25,13,-50.4978679441287
01-Aug-2026 01:21:26,-157.308601824885,-49.8755120915495,0,25,25,25,13,-49.8755120915495
01-Aug-2026 01:21:28,-156.97334259853,-49.5402528651945,0,25,25,25,12,-49.5402528651945
01-Aug-2026 01:21:30,-157.017017259994,-49.5839275266584,0,25,25,25,13,-49.5839275266584
01-Aug-2026 01:21:32,-156.977680361263,-49.5445906279282,0,24,24,24,12,-49.5445906279282
01-Aug-2026 01:21:34,-156.735593609215,-49.3025038758794,0,24,24,24,9,-49.3025038758794
01-Aug-2026 01:21:36,-156.748471645442,-49.3153819121071,0,24,24,24,12,-49.3153819121071
01-Aug-2026 01:21:38,-155.114902706983,-47.6818129736482,0,24,24,24,12,-47.6818129736482
01-Aug-2026 01:21:40,-155.059640979756,-47.6265512464207,0,24,24,24,12,-47.6265512464207
01-Aug-2026 01:21:42,-155.082097195159,-47.649007461824,0,24,24,24,10,-47.649007461824
01-Aug-2026 01:21:44,-154.399496976101,-46.9664072427662,0,24,24,24,9,-46.9664072427662
01-Aug-2026 01:21:46,-127.877577479865,-20.4444877465296,0,24,24,24,11,-20.4444877465296
01-Aug-2026 01:21:48,-127.791292265477,-20.3582025321418,0,24,24,24,10,-20.3582025321418
01-Aug-2026 01:21:50,-127.736620518707,-20.3035307853721,0,24,24,24,10,-20.303530785372
01-Aug-2026 01:21:52,-127.567861692485,-20.13477195915,0,25,25,25,11,-20.13477195915
01-Aug-2026 01:21:54,-128.495036901983,-21.0619471686475,0,26,26,26,11,-21.0619471686474
01-Aug-2026 01:21:56,-128.849102429166,-21.4160126958304,0,26,26,26,12,-21.4160126958305
01-Aug-2026 01:21:58,-128.746532661697,-21.3134429283621,0,26,26,26,12,-21.3134429283621
01-Aug-2026 01:22:00,-128.933565645996,-21.5004759126606,0,25,25,25,10,-21.5004759126606
01-Aug-2026 01:22:02,-131.661949505442,-24.2288597721068,0,25,25,25,9,-24.2288597721068
01-Aug-2026 01:22:04,-131.489709641946,-24.0566199086107,0,24,24,24,9,-24.0566199086107
01-Aug-2026 01:22:06,-130.06977585562,-22.6366861222847,0,25,25,25,11,-22.6366861222847
01-Aug-2026 01:22:08,-131.251904956729,-23.8188152233943,0,25,25,25,13,-23.8188152233943
01-Aug-2026 01:22:10,-131.942953259999,-24.5098635266638,0,25,25,25,12,-24.5098635266638
01-Aug-2026 01:22:12,-131.873886650354,-24.4407969170185,0,25,25,25,11,-24.4407969170185
01-Aug-2026 01:22:14,-133.275264908108,-25.8421751747724,0,25,25,25,11,-25.8421751747724
01-Aug-2026 01:22:16,-134.874275492623,-27.4411857592879,0,25,25,25,10,-27.4411857592879
01-Aug-2026 01:22:18,-134.648733777644,-27.2156440443086,0,25,25,25,11,-27.2156440443086
01-Aug-2026 01:22:20,-134.571342229317,-27.1382524959817,0,25,25,25,9,-27.1382524959817
01-Aug-2026 01:22:22,-134.178873511447,-26.7457837781122,0,25,25,25,9,-26.7457837781122
01-Aug-2026 01:22:24,-133.81685822904,-26.3837684957045,0,25,25,25,10,-26.3837684957045
01-Aug-2026 01:22:26,-134.413662616326,-26.9805728829913,0,25,25,25,10,-26.9805728829913
01-Aug-2026 01:22:28,-134.821725928016,-27.3886361946804,0,25,25,25,10,-27.3886361946804
01-Aug-2026 01:22:30,-134.69796953023,-27.2648797968949,0,25,25,25,11,-27.2648797968949
01-Aug-2026 01:22:32,-136.344569648033,-28.9114799146981,0,26,26,26,11,-28.9114799146981
01-Aug-2026 01:22:34,-135.405703446495,-27.9726137131602,0,26,26,26,11,-27.9726137131602
01-Aug-2026 01:22:36,-138.299620739644,-30.8665310063087,0,26,26,26,10,-30.8665310063087
01-Aug-2026 01:22:38,-139.978709746886,-32.5456200135513,0,26,26,26,11,-32.5456200135513
01-Aug-2026 01:22:40,-144.976013051527,-37.5429233181918,0,27,27,27,13,-37.5429233181918
01-Aug-2026 01:22:42,-145.692499925652,-38.2594101923167,0,27,27,27,14,-38.2594101923167
01-Aug-2026 01:22:44,-145.814163240498,-38.3810735071627,0,27,27,27,14,-38.3810735071627
01-Aug-2026 01:22:46,-140.525671711903,-33.0925819785683,0,27,27,27,13,-33.0925819785683
01-Aug-2026 01:22:48,-153.332484067959,-45.8993943346242,0,27,27,27,12,-45.8993943346242
01-Aug-2026 01:22:50,-152.277777840069,-44.8446881067335,0,26,26,26,9,-44.8446881067335
01-Aug-2026 01:22:52,-152.072444484616,-44.6393547512813,0,26,26,26,10,-44.6393547512813
01-Aug-2026 01:22:54,-152.604674697046,-45.1715849637113,0,26,26,26,9,-45.1715849637113
01-Aug-2026 01:22:56,-157.834534914485,-50.4014451811501,0,26,26,26,9,-50.4014451811501
01-Aug-2026 01:22:58,-157.85603855523,-50.4229488218951,0,26,26,26,7,-50.4229488218951
01-Aug-2026 01:23:00,-168.677961531076,-61.2448717977407,0,26,26,26,6,-61.2448717977407
01-Aug-2026 01:23:02,-168.466072794213,-61.032983060878,0,26,26,26,7,-61.032983060878
01-Aug-2026 01:23:04,-166.663569536807,-59.2304798034721,0,26,26,26,10,-59.2304798034721
01-Aug-2026 01:23:06,-166.355400808431,-58.9223110750955,0,26,26,26,8,-58.9223110750955
01-Aug-2026 01:23:08,-166.039518758691,-58.6064290253559,0,26,26,26,9,-58.6064290253559
01-Aug-2026 01:23:10,-168.663193542408,-61.2301038090728,0,26,26,26,8,-61.2301038090728
01-Aug-2026 01:23:12,-168.237229033026,-60.8041392996912,0,26,26,26,9,-60.8041392996912
01-Aug-2026 01:23:14,-159.040161855237,-51.6070721219016,0,26,26,26,11,-51.6070721219016
01-Aug-2026 01:23:16,-151.690786752331,-44.2576970189962,0,26,26,26,12,-44.2576970189962
01-Aug-2026 01:23:18,-150.905922095683,-43.4728323623479,0,26,26,26,11,-43.4728323623479
01-Aug-2026 01:23:20,-151.433183968568,-44.0000942352333,0,26,26,26,11,-44.0000942352333
01-Aug-2026 01:23:22,-151.034038212618,-43.6009484792828,0,26,26,26,11,-43.6009484792828
01-Aug-2026 01:23:24,-148.206423948903,-40.7733342155678,0,26,26,26,15,-40.7733342155678
01-Aug-2026 01:23:26,-148.52698977726,-41.093900043925,0,26,26,26,14,-41.093900043925
01-Aug-2026 01:23:28,-148.848873814012,-41.4157840806766,0,26,26,26,14,-41.4157840806766
01-Aug-2026 01:23:30,-148.639660471046,-41.2065707377104,0,26,26,26,14,-41.2065707377104
01-Aug-2026 01:23:32,-137.217614651125,-29.7845249177893,0,26,26,26,12,-29.7845249177893
01-Aug-2026 01:23:34,-136.911545909584,-29.4784561762486,0,26,26,26,13,-29.4784561762486
01-Aug-2026 01:23:36,-136.149425539849,-28.7163358065139,0,26,26,26,13,-28.7163358065139
01-Aug-2026 01:23:38,-135.591045036757,-28.1579553034214,0,26,26,26,10,-28.1579553034214
01-Aug-2026 01:23:40,-134.074525999997,-26.6414362666619,0,26,26,26,9,-26.6414362666619
01-Aug-2026 01:23:42,-134.090799464151,-26.6577097308163,0,26,26,26,9,-26.6577097308163
01-Aug-2026 01:23:44,-133.72178598997,-26.2886962566344,0,27,27,27,9,-26.2886962566344
01-Aug-2026 01:23:46,-133.859328680683,-26.4262389473473,0,27,27,27,10,-26.4262389473473
01-Aug-2026 01:23:48,-133.830547171815,-26.39745743848,0,27,27,27,10,-26.39745743848
01-Aug-2026 01:23:50,-133.957731349662,-26.524641616327,0,27,27,27,11,-26.524641616327
01-Aug-2026 01:23:52,-134.199430773258,-26.7663410399223,0,27,27,27,12,-26.7663410399223
01-Aug-2026 01:23:54,-134.775170801008,-27.3420810676725,0,27,27,27,12,-27.3420810676725
01-Aug-2026 01:23:56,-134.794573063613,-27.3614833302778,0,27,27,27,13,-27.3614833302778
01-Aug-2026 01:23:58,-133.850775053558,-26.4176853202233,0,27,27,27,12,-26.4176853202233
01-Aug-2026 01:24:00,-132.451791763747,-25.0187020304116,0,27,27,27,13,-25.0187020304116
01-Aug-2026 01:24:02,-127.832607546596,-20.3995178132608,0,26,26,26,14,-20.3995178132608
01-Aug-2026 01:24:04,-148.875461175759,-41.4423714424241,0,26,26,26,12,-41.4423714424241
01-Aug-2026 01:24:06,-154.260215291226,-46.8271255578909,0,26,26,26,11,-46.8271255578909
01-Aug-2026 01:24:08,-154.007350132536,-46.574260399201,0,25,25,25,11,-46.574260399201
01-Aug-2026 01:24:10,-153.963698352352,-46.5306086190172,0,25,25,25,11,-46.5306086190172
01-Aug-2026 01:24:12,-131.269343134444,-23.8362534011088,0,25,25,25,12,-23.8362534011088
01-Aug-2026 01:24:14,-135.746637506375,-28.3135477730398,0,24,24,24,11,-28.3135477730398
01-Aug-2026 01:24:16,-139.399669518065,-31.9665797847299,0,24,24,24,11,-31.9665797847299
01-Aug-2026 01:24:18,-142.629366726549,-35.1962769932141,0,23,23,23,9,-35.1962769932141
01-Aug-2026 01:24:20,-146.287688728133,-38.8545989947978,0,24,24,24,10,-38.8545989947978
01-Aug-2026 01:24:22,-150.683131912203,-43.2500421788679,0,24,24,24,11,-43.2500421788679
01-Aug-2026 01:24:24,-153.399398808903,-45.9663090755681,0,24,24,24,12,-45.9663090755681
01-Aug-2026 01:24:26,-154.863388929587,-47.4302991962514,0,24,24,24,13,-47.4302991962514
01-Aug-2026 01:24:28,-156.101050894528,-48.6679611611926,0,24,24,24,12,-48.6679611611926
01-Aug-2026 01:24:30,-156.529295303258,-49.0962055699226,0,24,24,24,12,-49.0962055699226
01-Aug-2026 01:24:32,-156.797421614046,-49.3643318807105,0,24,24,24,13,-49.3643318807105
01-Aug-2026 01:24:34,-158.411029366548,-50.9779396332125,0,24,24,24,12,-50.9779396332125
01-Aug-2026 01:24:36,-158.418036842336,-50.9849471090012,0,24,24,24,12,-50.9849471090012
01-Aug-2026 01:24:38,-157.802920029428,-50.3698302960925,0,24,24,24,11,-50.3698302960925
01-Aug-2026 01:24:40,-159.501519906871,-52.0684301735354,0,24,24,24,10,-52.0684301735354
01-Aug-2026 01:24:42,-160.264108628819,-52.8310188954836,0,24,24,24,9,-52.8310188954836
01-Aug-2026 01:24:44,-160.383246392065,-52.9501566587296,0,24,24,24,9,-52.9501566587296
01-Aug-2026 01:24:46,-160.395485607673,-52.9623958743374,0,23,23,23,8,-52.9623958743374
01-Aug-2026 01:24:48,-160.119802818699,-52.6867130853636,0,24,24,24,8,-52.6867130853636
01-Aug-2026 01:24:50,-160.17152170558,-52.7384319722452,0,24,24,24,8,-52.7384319722452
01-Aug-2026 01:24:52,-159.403040126826,-51.9699503934907,0,24,24,24,7,-51.9699503934907
01-Aug-2026 01:24:54,-158.684654041375,-51.2515643080394,0,24,24,24,9,-51.2515643080394
01-Aug-2026 01:24:56,-159.192773558973,-51.7596838256383,0,24,24,24,10,-51.7596838256383
01-Aug-2026 01:24:58,-159.058159656819,-51.6250699234843,0,24,24,24,9,-51.6250699234843
01-Aug-2026 01:25:00,-158.055367929057,-50.622278195722,0,24,24,24,8,-50.622278195722
01-Aug-2026 01:25:02,-157.780248085929,-50.3471583525934,0,24,24,24,8,-50.3471583525934
01-Aug-2026 01:25:04,-157.397043244565,-49.9639535112301,0,24,24,24,7,-49.9639535112301
01-Aug-2026 01:25:06,-157.33085407617,-49.8977643428347,0,24,24,24,9,-49.8977643428347
01-Aug-2026 01:25:08,-155.994756287051,-48.5616665537156,0,25,25,25,11,-48.5616665537156
01-Aug-2026 01:25:10,-156.080363705288,-48.647273971953,0,25,25,25,11,-48.647273971953
01-Aug-2026 01:25:12,-156.076563121098,-48.6434733877632,0,26,26,26,12,-48.6434733877632
01-Aug-2026 01:25:14,-155.244770791709,-47.8116810583738,0,26,26,26,13,-47.8116810583738
01-Aug-2026 01:25:16,-156.040296047854,-48.6072063145184,0,26,26,26,13,-48.6072063145184
01-Aug-2026 01:25:18,-161.92368922593,-54.4905994925952,0,26,26,26,12,-54.4905994925952
01-Aug-2026 01:25:20,-125.948645127665,-18.5155553943297,0,26,26,26,13,-18.5155553943297
01-Aug-2026 01:25:22,-124.915961405107,-17.4828716717723,0,26,26,26,14,-17.4828716717723
01-Aug-2026 01:25:24,-159.579529269625,-52.1464395362903,0,26,26,26,15,-52.1464395362903
01-Aug-2026 01:25:26,-159.82754440475,-52.3944546714152,0,25,25,25,14,-52.3944546714152
01-Aug-2026 01:25:28,-159.791209477426,-52.3581197440904,0,25,25,25,13,-52.3581197440904
01-Aug-2026 01:25:30,-157.85996235117,-50.4268726178351,0,25,25,25,13,-50.4268726178351
01-Aug-2026 01:25:32,-160.006396069435,-52.5733063361,0,25,25,25,14,-52.5733063361
01-Aug-2026 01:25:34,-159.390397988324,-51.9573082549886,0,24,24,24,14,-51.9573082549886
01-Aug-2026 01:25:36,-159.620825101538,-52.1877353682025,0,24,24,24,15,-52.1877353682025
01-Aug-2026 01:25:38,-159.54703475388,-52.1139450205447,0,24,24,24,15,-52.1139450205447
01-Aug-2026 01:25:40,-159.303335191242,-51.8702454579065,0,25,25,25,16,-51.8702454579065
01-Aug-2026 01:25:42,-156.077653844946,-48.6445641116106,0,25,25,25,17,-48.6445641116106
01-Aug-2026 01:25:44,-155.983944766136,-48.5508550328013,0,25,25,25,17,-48.5508550328013
01-Aug-2026 01:25:46,-157.040235071891,-49.6071453385557,0,25,25,25,16,-49.6071453385557
01-Aug-2026 01:25:48,-156.642475240536,-49.2093855072005,0,25,25,25,16,-49.2093855072005
01-Aug-2026 01:25:50,-156.467793281524,-49.0347035481888,0,24,24,24,14,-49.0347035481888
01-Aug-2026 01:25:52,-156.622022160066,-49.188932426731,0,24,24,24,15,-49.188932426731
01-Aug-2026 01:25:54,-156.248114375944,-48.8150246426089,0,25,25,25,17,-48.8150246426089
01-Aug-2026 01:25:56,-156.250211407096,-48.8171216737603,0,25,25,25,16,-48.8171216737603
01-Aug-2026 01:25:58,-150.219610991951,-42.7865212586162,0,25,25,25,14,-42.7865212586162
01-Aug-2026 01:26:00,-150.150289096402,-42.7171993630669,0,25,25,25,15,-42.7171993630669
01-Aug-2026 01:26:02,-149.564788289352,-42.1316985560168,0,25,25,25,15,-42.1316985560168
01-Aug-2026 01:26:04,-149.301404514985,-41.86831478165,0,25,25,25,14,-41.86831478165
01-Aug-2026 01:26:06,-148.902454775687,-41.4693650423523,0,25,25,25,12,-41.4693650423523
01-Aug-2026 01:26:08,-149.091727350582,-41.6586376172468,0,25,25,25,13,-41.6586376172468
01-Aug-2026 01:26:10,-126.467973127057,-19.034883393722,0,25,25,25,13,-19.034883393722
01-Aug-2026 01:26:12,-148.607135304263,-41.174045570928,0,25,25,25,11,-41.174045570928
01-Aug-2026 01:26:14,-148.491999419602,-41.0589096862666,0,25,25,25,13,-41.0589096862666
01-Aug-2026 01:26:16,-148.397045265285,-40.9639555319496,0,25,25,25,13,-40.9639555319496
01-Aug-2026 01:26:18,-148.006796392134,-40.5737066587988,0,25,25,25,12,-40.5737066587988
01-Aug-2026 01:26:20,-146.964456355378,-39.5313666220426,0,25,25,25,12,-39.5313666220426
01-Aug-2026 01:26:22,-143.376541510133,-35.9434517767978,0,25,25,25,10,-35.9434517767978
01-Aug-2026 01:26:24,-143.505290515213,-36.0722007818781,0,25,25,25,10,-36.0722007818781
01-Aug-2026 01:26:26,-143.610522587967,-36.1774328546319,0,27,27,27,12,-36.1774328546319
01-Aug-2026 01:26:28,-143.522394504642,-36.0893047713066,0,27,27,27,11,-36.0893047713066
01-Aug-2026 01:26:30,-144.011582501662,-36.5784927683269,0,27,27,27,10,-36.5784927683269
01-Aug-2026 01:26:32,-144.019408339118,-36.5863186057825,0,27,27,27,10,-36.5863186057825
01-Aug-2026 01:26:34,-144.00054752625,-36.5674577929145,0,27,27,27,10,-36.5674577929145
01-Aug-2026 01:26:36,-144.198694563274,-36.7656048299384,0,27,27,27,10,-36.7656048299384
01-Aug-2026 01:26:38,-143.796262508418,-36.3631727750831,0,27,27,27,11,-36.3631727750831
01-Aug-2026 01:26:40,-143.767414451385,-36.3343247180495,0,26,26,26,11,-36.3343247180495
01-Aug-2026 01:26:42,-143.540397442328,-36.1073077089926,0,26,26,26,13,-36.1073077089926
01-Aug-2026 01:26:44,-143.381245113121,-35.9481553797861,0,26,26,26,13,-35.9481553797861
01-Aug-2026 01:26:46,-150.608006119817,-43.1749163864822,0,26,26,26,14,-43.1749163864822
01-Aug-2026 01:26:48,-146.072032017243,-38.6389422839082,0,26,26,26,15,-38.6389422839082
01-Aug-2026 01:26:50,-146.029878853523,-38.5967891201883,0,26,26,26,15,-38.5967891201883
01-Aug-2026 01:26:52,-146.453333447149,-39.020243713814,0,26,26,26,11,-39.020243713814
01-Aug-2026 01:26:54,-149.749352689669,-42.3162629563335,0,26,26,26,10,-42.3162629563335
01-Aug-2026 01:26:56,-142.64454656425,-35.2114568309152,0,26,26,26,11,-35.2114568309152
01-Aug-2026 01:26:58,-142.587488201258,-35.1543984679227,0,26,26,26,11,-35.1543984679227
01-Aug-2026 01:27:00,-142.412380287885,-34.97929055455,0,26,26,26,11,-34.97929055455
01-Aug-2026 01:27:02,-142.563214117946,-35.130124384611,0,26,26,26,12,-35.130124384611
01-Aug-2026 01:27:04,-142.571650263604,-35.1385605302692,0,26,26,26,11,-35.1385605302692
01-Aug-2026 01:27:06,-150.760851557529,-43.3277618241938,0,26,26,26,10,-43.3277618241938
01-Aug-2026 01:27:08,-150.908735055211,-43.4756453218756,0,26,26,26,12,-43.4756453218756
01-Aug-2026 01:27:10,-152.208900421871,-44.7758106885361,0,26,26,26,12,-44.7758106885361
01-Aug-2026 01:27:12,-151.987761641618,-44.5546719082825,0,26,26,26,12,-44.5546719082825
01-Aug-2026 01:27:14,-147.149782278528,-39.716692545193,0,26,26,26,12,-39.716692545193
01-Aug-2026 01:27:16,-146.979037720291,-39.5459479869555,0,26,26,26,12,-39.5459479869555
01-Aug-2026 01:27:18,-147.434561140684,-40.0014714073492,0,26,26,26,12,-40.0014714073492
01-Aug-2026 01:27:20,-147.597666675012,-40.1645769416764,0,26,26,26,11,-40.1645769416764
01-Aug-2026 01:27:22,-147.88966300832,-40.4565732749846,0,26,26,26,13,-40.4565732749846
01-Aug-2026 01:27:24,-147.849362145138,-40.4162724118026,0,26,26,26,15,-40.4162724118026
01-Aug-2026 01:27:26,-148.60021629539,-41.1671265620553,0,26,26,26,15,-41.1671265620553
01-Aug-2026 01:27:28,-149.208278656319,-41.7751889229837,0,26,26,26,12,-41.7751889229837
01-Aug-2026 01:27:30,-150.557599433221,-43.124509699886,0,26,26,26,12,-43.124509699886
01-Aug-2026 01:27:32,-158.493010605509,-51.0599208721736,0,26,26,26,12,-51.0599208721736
01-Aug-2026 01:27:34,-159.084928123319,-51.6518383899843,0,26,26,26,13,-51.6518383899843
01-Aug-2026 01:27:36,-159.890575732674,-52.4574859993388,0,27,27,27,15,-52.4574859993388
01-Aug-2026 01:27:38,-157.980775284181,-50.5476855508455,0,27,27,27,16,-50.5476855508455
01-Aug-2026 01:27:40,-157.790098455841,-50.357008722506,0,27,27,27,15,-50.357008722506
01-Aug-2026 01:27:42,-157.905301264753,-50.4722115314183,0,27,27,27,13,-50.4722115314183
01-Aug-2026 01:27:44,-158.193869576183,-50.7607798428475,0,27,27,27,12,-50.7607798428475
01-Aug-2026 01:27:46,-156.456460449564,-49.023370716229,0,27,27,27,10,-49.023370716229
01-Aug-2026 01:27:48,-156.640103975138,-49.2070142418029,0,28,28,28,10,-49.2070142418029
01-Aug-2026 01:27:50,-156.716120785473,-49.2830310521383,0,26,26,26,10,-49.2830310521383
01-Aug-2026 01:27:52,-153.192939621128,-45.7598498877926,0,26,26,26,11,-45.7598498877926
01-Aug-2026 01:27:54,-153.381936614954,-45.9488468816183,0,25,25,25,11,-45.9488468816183
01-Aug-2026 01:27:56,-153.759361128964,-46.3262713956287,0,25,25,25,12,-46.3262713956287
01-Aug-2026 01:27:58,-153.25840423475,-45.8253145014144,0,25,25,25,12,-45.8253145014144
01-Aug-2026 01:28:00,-153.276950866616,-45.8438611332809,0,25,25,25,11,-45.8438611332809
01-Aug-2026 01:28:02,-153.209858361057,-45.7767686277215,0,24,24,24,10,-45.7767686277215
01-Aug-2026 01:28:04,-153.849445537914,-46.4163558045789,0,24,24,24,8,-46.4163558045789
01-Aug-2026 01:28:06,-153.767870385648,-46.3347806523128,0,24,24,24,9,-46.3347806523128
01-Aug-2026 01:28:08,-151.40859314795,-43.9755034146144,0,24,24,24,9,-43.9755034146144
01-Aug-2026 01:28:10,-153.301395238792,-45.8683055054565,0,24,24,24,12,-45.8683055054565
01-Aug-2026 01:28:12,-152.993041087314,-45.5599513539789,0,25,25,25,13,-45.5599513539789
01-Aug-2026 01:28:14,-150.740550742575,-43.30746100924,0,25,25,25,14,-43.30746100924
01-Aug-2026 01:28:16,-153.812982672853,-46.3798929395174,0,25,25,25,12,-46.3798929395174
01-Aug-2026 01:28:18,-161.796334907676,-54.3632451743411,0,25,25,25,11,-54.3632451743411
01-Aug-2026 01:28:20,-162.271564650588,-54.8384749172531,0,25,25,25,10,-54.8384749172531
01-Aug-2026 01:28:22,-162.536075790531,-55.1029860571961,0,25,25,25,12,-55.1029860571961
01-Aug-2026 01:28:24,-162.139735804115,-54.7066460707803,0,25,25,25,10,-54.7066460707803
01-Aug-2026 01:28:26,-156.41108939382,-48.9779996604844,0,25,25,25,10,-48.9779996604844
01-Aug-2026 01:28:28,-148.148564851775,-40.7154751184395,0,25,25,25,11,-40.7154751184395
01-Aug-2026 01:28:30,-147.47896021097,-40.0458704776346,0,26,26,26,10,-40.0458704776346
01-Aug-2026 01:28:32,-146.729068189002,-39.2959784556672,0,25,25,25,8,-39.2959784556672
01-Aug-2026 01:28:34,-146.166031640333,-38.7329419069976,0,24,24,24,10,-38.7329419069976
01-Aug-2026 01:28:36,-145.785131287312,-38.3520415539768,0,24,24,24,10,-38.3520415539768
01-Aug-2026 01:28:38,-145.506524626485,-38.0734348931495,0,24,24,24,12,-38.0734348931495
01-Aug-2026 01:28:40,-145.140510343357,-37.7074206100217,0,24,24,24,12,-37.7074206100217
01-Aug-2026 01:28:42,-144.792840942844,-37.3597512095093,0,24,24,24,11,-37.3597512095093
01-Aug-2026 01:28:44,-144.533520478205,-37.1004307448702,0,24,24,24,11,-37.1004307448702
01-Aug-2026 01:28:46,-144.524829535088,-37.0917398017525,0,24,24,24,10,-37.0917398017525
01-Aug-2026 01:28:48,-144.124285080451,-36.6911953471155,0,24,24,24,10,-36.6911953471155
01-Aug-2026 01:28:50,-144.046653667636,-36.6135639343004,0,24,24,24,10,-36.6135639343004
01-Aug-2026 01:28:52,-143.300481505748,-35.867391772413,0,24,24,24,9,-35.867391772413
01-Aug-2026 01:28:54,-144.724656401098,-37.2915666677624,0,24,24,24,8,-37.2915666677624
01-Aug-2026 01:28:56,-144.26131851583,-36.8282287824947,0,25,25,25,7,-36.8282287824947
01-Aug-2026 01:28:58,-156.727033196001,-49.2939434626655,0,26,26,26,7,-49.2939434626655
01-Aug-2026 01:29:00,-157.622871961553,-50.1897822282183,0,25,25,25,6,-50.1897822282183
01-Aug-2026 01:29:02,-156.962215100767,-49.5291253674318,0,25,25,25,7,-49.5291253674318
01-Aug-2026 01:29:04,-156.612888626647,-49.1797988933117,0,25,25,25,7,-49.1797988933117
01-Aug-2026 01:29:06,-157.112371000188,-49.6792812668523,0,25,25,25,8,-49.6792812668523
01-Aug-2026 01:29:08,-155.458532095778,-48.0254423624429,0,25,25,25,10,-48.0254423624429
01-Aug-2026 01:29:10,-155.72557048266,-48.2924807493251,0,25,25,25,10,-48.2924807493251
01-Aug-2026 01:29:12,-159.462189700722,-52.0290999673871,0,25,25,25,8,-52.0290999673871
01-Aug-2026 01:29:14,-159.451719239082,-52.0186295057465,0,25,25,25,8,-52.0186295057465
01-Aug-2026 01:29:16,-159.397059013254,-51.9639692799192,0,25,25,25,7,-51.9639692799192
01-Aug-2026 01:29:18,-158.840107189404,-51.4070174560689,0,25,25,25,10,-51.4070174560689
01-Aug-2026 01:29:20,-168.446307601788,-61.0132178684526,0,24,24,24,11,-61.0132178684526
01-Aug-2026 01:29:22,-168.260836245471,-60.8277465121355,0,24,24,24,12,-60.8277465121355
01-Aug-2026 01:29:24,-168.007511468589,-60.5744217352533,0,24,24,24,12,-60.5744217352533
01-Aug-2026 01:29:26,-166.841441898369,-59.408352165034,0,24,24,24,13,-59.408352165034
01-Aug-2026 01:29:28,-166.287465577159,-58.8543758438241,0,25,25,25,14,-58.8543758438241
01-Aug-2026 01:29:30,-166.29217298017,-58.8590832468352,0,25,25,25,13,-58.8590832468352
01-Aug-2026 01:29:32,-166.084254828601,-58.6511650952657,0,25,25,25,13,-58.6511650952657
01-Aug-2026 01:29:34,-170.68183404961,-63.2487443162749,0,25,25,25,12,-63.2487443162749
01-Aug-2026 01:29:36,-169.345427324403,-61.912337591068,0,25,25,25,11,-61.912337591068
01-Aug-2026 01:29:38,-169.606728160235,-62.1736384268997,0,25,25,25,11,-62.1736384268997
01-Aug-2026 01:29:40,-169.014978224981,-61.5818884916454,0,26,26,26,11,-61.5818884916454
01-Aug-2026 01:29:42,-163.692268612531,-56.2591788791954,0,25,25,25,12,-56.2591788791954
01-Aug-2026 01:29:44,-163.626613216882,-56.1935234835472,0,25,25,25,10,-56.1935234835472
01-Aug-2026 01:29:46,-163.137101978069,-55.7040122447334,0,25,25,25,11,-55.7040122447334
01-Aug-2026 01:29:48,-163.287744818776,-55.8546550854406,0,25,25,25,12,-55.8546550854406
01-Aug-2026 01:29:50,-159.574837699043,-52.1417479657081,0,25,25,25,13,-52.1417479657081
01-Aug-2026 01:29:52,-159.992149541243,-52.5590598079081,0,25,25,25,12,-52.5590598079081
01-Aug-2026 01:29:54,-159.766053636632,-52.3329639032965,0,25,25,25,11,-52.3329639032965
01-Aug-2026 01:29:56,-161.578046768881,-54.1449570355455,0,25,25,25,10,-54.1449570355455
01-Aug-2026 01:29:58,-161.75080786343,-54.3177181300944,0,25,25,25,10,-54.3177181300944
01-Aug-2026 01:30:00,-162.199107940994,-54.7660182076589,0,25,25,25,10,-54.7660182076589
01-Aug-2026 01:30:02,-142.110392621043,-34.6773028877074,0,25,25,25,12,-34.6773028877074
01-Aug-2026 01:30:04,-154.671047814466,-47.2379580811309,0,25,25,25,12,-47.2379580811309
01-Aug-2026 01:30:06,-154.724007967248,-47.290918233913,0,25,25,25,12,-47.290918233913
01-Aug-2026 01:30:08,-154.629248327918,-47.1961585945825,0,25,25,25,11,-47.1961585945825
01-Aug-2026 01:30:10,-161.737281507053,-54.3041917737183,0,25,25,25,10,-54.3041917737183
01-Aug-2026 01:30:12,-161.695887312976,-54.2627975796406,0,26,26,26,11,-54.2627975796406
01-Aug-2026 01:30:14,-157.071877294873,-49.6387875615376,0,26,26,26,12,-49.6387875615376
01-Aug-2026 01:30:16,-144.024842188671,-36.5917524553355,0,26,26,26,13,-36.5917524553355
01-Aug-2026 01:30:18,-144.524029017913,-37.0909392845782,0,27,27,27,13,-37.0909392845782
01-Aug-2026 01:30:20,-144.794950481678,-37.3618607483432,0,27,27,27,13,-37.3618607483432
01-Aug-2026 01:30:22,-144.790130884972,-37.3570411516368,0,27,27,27,14,-37.3570411516368
01-Aug-2026 01:30:24,-143.246978822652,-35.8138890893171,0,27,27,27,13,-35.8138890893171
01-Aug-2026 01:30:26,-144.246773188392,-36.8136834550568,0,27,27,27,14,-36.8136834550568
01-Aug-2026 01:30:28,-146.507297633672,-39.0742079003371,0,27,27,27,15,-39.0742079003371
01-Aug-2026 01:30:30,-147.119971244663,-39.686881511328,0,27,27,27,15,-39.686881511328
01-Aug-2026 01:30:32,-147.746041613238,-40.3129518799033,0,26,26,26,14,-40.3129518799033
01-Aug-2026 01:30:34,-148.148030641064,-40.7149409077292,0,26,26,26,15,-40.7149409077292
01-Aug-2026 01:30:36,-150.769962757095,-43.3368730237595,0,26,26,26,16,-43.3368730237595
01-Aug-2026 01:30:38,-150.422154613193,-42.9890648798579,0,26,26,26,16,-42.9890648798579
01-Aug-2026 01:30:40,-151.460933079554,-44.027843346219,0,26,26,26,17,-44.027843346219
01-Aug-2026 01:30:42,-171.013782259677,-63.580692526342,0,26,26,26,17,-63.580692526342
01-Aug-2026 01:30:44,-171.015937364023,-63.5828476306876,0,26,26,26,17,-63.5828476306876
01-Aug-2026 01:30:46,-173.816651207082,-66.3835614737471,0,26,26,26,15,-66.3835614737471
01-Aug-2026 01:30:48,-145.564229824348,-38.1311400910126,0,26,26,26,15,-38.1311400910126
01-Aug-2026 01:30:50,-145.372721561815,-37.9396318284798,0,26,26,26,14,-37.9396318284798
01-Aug-2026 01:30:52,-145.899267720751,-38.4661779874156,0,26,26,26,14,-38.4661779874156
01-Aug-2026 01:30:54,-145.997985186439,-38.5648954531038,0,26,26,26,13,-38.5648954531038
01-Aug-2026 01:30:56,-157.190498774006,-49.7574090406708,0,26,26,26,10,-49.7574090406708
01-Aug-2026 01:30:58,-151.316214333412,-43.8831246000767,0,26,26,26,13,-43.8831246000767
01-Aug-2026 01:31:00,-152.059032571137,-44.625942837802,0,26,26,26,10,-44.625942837802
01-Aug-2026 01:31:02,-152.313037788118,-44.8799480547831,0,26,26,26,13,-44.8799480547831
01-Aug-2026 01:31:04,-153.726817193062,-46.2937274597267,0,26,26,26,13,-46.2937274597267
01-Aug-2026 01:31:06,-153.983696409421,-46.5506066760862,0,26,26,26,14,-46.5506066760862
01-Aug-2026 01:31:08,-150.199263798862,-42.7661740655269,0,26,26,26,14,-42.7661740655269
01-Aug-2026 01:31:10,-154.489542539722,-47.0564528063868,0,26,26,26,13,-47.0564528063868
01-Aug-2026 01:31:12,-154.27482022243,-46.8417304890945,0,26,26,26,13,-46.8417304890945
01-Aug-2026 01:31:14,-153.617286050937,-46.184196317602,0,26,26,26,14,-46.184196317602
01-Aug-2026 01:31:16,-154.338543698073,-46.9054539647381,0,26,26,26,14,-46.9054539647381
01-Aug-2026 01:31:18,-155.115990587996,-47.6829008546609,0,26,26,26,15,-47.6829008546609
01-Aug-2026 01:31:20,-152.143591942613,-44.710502209278,0,26,26,26,15,-44.710502209278
01-Aug-2026 01:31:22,-152.190631264713,-44.7575415313778,0,26,26,26,15,-44.7575415313778
01-Aug-2026 01:31:24,-153.017110043358,-45.5840203100228,0,26,26,26,15,-45.5840203100228
01-Aug-2026 01:31:26,-152.88077188027,-45.4476821469347,0,26,26,26,14,-45.4476821469347
01-Aug-2026 01:31:28,-166.9294023564,-59.4963126230644,0,27,27,27,14,-59.4963126230644
01-Aug-2026 01:31:30,-166.681992799286,-59.2489030659508,0,27,27,27,14,-59.2489030659508
01-Aug-2026 01:31:32,-171.473817215914,-64.040727482579,0,27,27,27,12,-64.040727482579
01-Aug-2026 01:31:34,-171.594044123986,-64.1609543906509,0,27,27,27,11,-64.1609543906509
01-Aug-2026 01:31:36,-171.721191188338,-64.2881014550024,0,27,27,27,11,-64.2881014550024
01-Aug-2026 01:31:38,-171.61102332053,-64.1779335871945,0,26,26,26,10,-64.1779335871945
01-Aug-2026 01:31:40,-172.603703338364,-65.1706136050287,0,26,26,26,11,-65.1706136050287
01-Aug-2026 01:31:42,-174.988184285349,-67.5550945520143,0,25,25,25,9,-67.5550945520143
01-Aug-2026 01:31:44,-155.688585306649,-48.2554955733143,0,25,25,25,10,-48.2554955733143
01-Aug-2026 01:31:46,-155.065053561455,-47.63196382812,0,25,25,25,10,-47.63196382812
01-Aug-2026 01:31:48,-155.16937189525,-47.736282161915,0,25,25,25,9,-47.736282161915
01-Aug-2026 01:31:50,-154.354471299631,-46.9213815662954,0,24,24,24,9,-46.9213815662954
01-Aug-2026 01:31:52,-151.834405676124,-44.401315942789,0,24,24,24,10,-44.401315942789
01-Aug-2026 01:31:54,-152.137868310992,-44.7047785776566,0,24,24,24,11,-44.7047785776566
01-Aug-2026 01:31:56,-152.144345354211,-44.7112556208755,0,25,25,25,13,-44.7112556208755
01-Aug-2026 01:31:58,-156.15900473806,-48.7259150047244,0,25,25,25,12,-48.7259150047244
01-Aug-2026 01:32:00,-156.482678313051,-49.0495885797159,0,26,26,26,12,-49.0495885797159
01-Aug-2026 01:32:02,-156.699483551424,-49.2663938180892,0,25,25,25,11,-49.2663938180892
01-Aug-2026 01:32:04,-157.289625391856,-49.8565356585207,0,26,26,26,14,-49.8565356585207
01-Aug-2026 01:32:06,-156.977187334659,-49.5440976013239,0,26,26,26,13,-49.5440976013239
01-Aug-2026 01:32:08,-157.676204535946,-50.2431148026112,0,26,26,26,13,-50.2431148026112
01-Aug-2026 01:32:10,-157.528146345602,-50.0950566122666,0,26,26,26,13,-50.0950566122666
01-Aug-2026 01:32:12,-157.62340342108,-50.1903136877443,0,26,26,26,13,-50.1903136877443
01-Aug-2026 01:32:14,-151.968389927876,-44.535300194541,0,26,26,26,13,-44.535300194541
01-Aug-2026 01:32:16,-152.417315436354,-44.9842257030185,0,26,26,26,12,-44.9842257030185
01-Aug-2026 01:32:18,-153.293834966626,-45.8607452332903,0,25,25,25,11,-45.8607452332903
01-Aug-2026 01:32:20,-153.644771377795,-46.2116816444602,0,25,25,25,11,-46.2116816444602
01-Aug-2026 01:32:22,-152.649305328536,-45.2162155952007,0,24,24,24,11,-45.2162155952007
01-Aug-2026 01:32:24,-152.33753210508,-44.9044423717445,0,24,24,24,10,-44.9044423717445
01-Aug-2026 01:32:26,-173.57016457158,-66.1370748382446,0,24,24,24,9,-66.1370748382446
01-Aug-2026 01:32:28,-173.323003570067,-65.8899138367315,0,24,24,24,9,-65.8899138367315
01-Aug-2026 01:32:30,-173.193717771132,-65.7606280377972,0,24,24,24,9,-65.7606280377972
01-Aug-2026 01:32:32,-172.252592033343,-64.819502300008,0,24,24,24,10,-64.819502300008
01-Aug-2026 01:32:34,-176.369123663166,-68.9360339298307,0,24,24,24,9,-68.9360339298307
01-Aug-2026 01:32:36,-172.592539672988,-65.1594499396524,0,24,24,24,9,-65.1594499396524
01-Aug-2026 01:32:38,-176.551671073906,-69.1185813405712,0,24,24,24,9,-69.1185813405712
01-Aug-2026 01:32:40,-177.80941396804,-70.3763242347051,0,24,24,24,10,-70.3763242347051
01-Aug-2026 01:32:42,-178.076002708814,-70.642912975479,0,23,23,23,9,-70.642912975479
01-Aug-2026 01:32:44,-178.127730076136,-70.6946403428007,0,23,23,23,9,-70.6946403428007
01-Aug-2026 01:32:46,-178.131210042084,-70.6981203087483,0,24,24,24,9,-70.6981203087483
01-Aug-2026 01:32:48,-178.357167594111,-70.9240778607762,0,24,24,24,9,-70.9240778607762
01-Aug-2026 01:32:50,-171.654318657893,-64.2212289245581,0,24,24,24,10,-64.2212289245581
01-Aug-2026 01:32:52,-169.792190135935,-62.3591004025999,0,24,24,24,11,-62.3591004025999
01-Aug-2026 01:32:54,-169.819029526438,-62.385939793103,0,24,24,24,11,-62.385939793103
01-Aug-2026 01:32:56,-149.703012425635,-42.2699226923002,0,24,24,24,11,-42.2699226923002
01-Aug-2026 01:32:58,-150.091834655605,-42.6587449222697,0,24,24,24,10,-42.6587449222697
01-Aug-2026 01:33:00,-150.259193058374,-42.8261033250384,0,24,24,24,10,-42.8261033250384
01-Aug-2026 01:33:02,-149.972395619973,-42.5393058866377,0,24,24,24,12,-42.5393058866377
01-Aug-2026 01:33:04,-150.400786066869,-42.9676963335334,0,24,24,24,12,-42.9676963335334
01-Aug-2026 01:33:06,-150.243936431417,-42.8108466980814,0,24,24,24,11,-42.8108466980814
01-Aug-2026 01:33:08,-150.157863383065,-42.7247736497295,0,24,24,24,8,-42.7247736497295
01-Aug-2026 01:33:10,-149.842501637568,-42.409411904233,0,24,24,24,10,-42.409411904233
01-Aug-2026 01:33:12,-149.571724519416,-42.1386347860805,0,23,23,23,11,-42.1386347860805
01-Aug-2026 01:33:14,-149.369243247323,-41.9361535139876,0,24,24,24,11,-41.9361535139876
01-Aug-2026 01:33:16,-149.305027189547,-41.8719374562122,0,25,25,25,12,-41.8719374562122
01-Aug-2026 01:33:18,-149.859915763215,-42.4268260298802,0,25,25,25,13,-42.4268260298802
01-Aug-2026 01:33:20,-171.912417168135,-64.4793274347994,0,25,25,25,12,-64.4793274347994
01-Aug-2026 01:33:22,-170.680180491408,-63.247090758073,0,25,25,25,12,-63.247090758073
01-Aug-2026 01:33:24,-170.430293599786,-62.9972038664504,0,25,25,25,13,-62.9972038664504
01-Aug-2026 01:33:26,-170.276316678851,-62.8432269455161,0,25,25,25,13,-62.8432269455161
01-Aug-2026 01:33:28,-169.878080724987,-62.4449909916515,0,26,26,26,13,-62.4449909916515
01-Aug-2026 01:33:30,-169.78869480316,-62.3556050698243,0,26,26,26,13,-62.3556050698243
01-Aug-2026 01:33:32,-169.459568975967,-62.0264792426314,0,26,26,26,14,-62.0264792426314
01-Aug-2026 01:33:34,-169.229269155811,-61.796179422476,0,25,25,25,12,-61.796179422476
01-Aug-2026 01:33:36,-169.437793182272,-62.0047034489372,0,25,25,25,12,-62.0047034489372
01-Aug-2026 01:33:38,-169.311296238409,-61.8782065050741,0,25,25,25,12,-61.8782065050741
01-Aug-2026 01:33:40,-169.018901216065,-61.5858114827298,0,25,25,25,13,-61.5858114827298
01-Aug-2026 01:33:42,-169.236499439729,-61.8034097063934,0,25,25,25,12,-61.8034097063934
01-Aug-2026 01:33:44,-169.208987299584,-61.7758975662491,0,25,25,25,14,-61.7758975662491
01-Aug-2026 01:33:46,-173.313285889659,-65.8801961563239,0,25,25,25,13,-65.8801961563239
01-Aug-2026 01:33:48,-140.081424371185,-32.6483346378495,0,24,24,24,13,-32.6483346378495
01-Aug-2026 01:33:50,-140.535418506403,-33.102328773068,0,25,25,25,14,-33.102328773068
01-Aug-2026 01:33:52,-140.897312721472,-33.464222988137,0,25,25,25,14,-33.464222988137
01-Aug-2026 01:33:54,-141.725739245656,-34.2926495123205,0,25,25,25,14,-34.2926495123205
01-Aug-2026 01:33:56,-142.473779650384,-35.0406899170486,0,25,25,25,14,-35.0406899170486
01-Aug-2026 01:33:58,-143.14660742537,-35.7135176920353,0,25,25,25,13,-35.7135176920353
01-Aug-2026 01:34:00,-143.310202551853,-35.8771128185173,0,26,26,26,13,-35.8771128185173
01-Aug-2026 01:34:02,-144.024535917871,-36.591446184536,0,26,26,26,14,-36.591446184536
01-Aug-2026 01:34:04,-144.224151329651,-36.7910615963161,0,26,26,26,14,-36.7910615963161
01-Aug-2026 01:34:06,-139.724348478898,-32.291258745563,0,26,26,26,16,-32.291258745563
01-Aug-2026 01:34:08,-144.236305027245,-36.8032152939093,0,26,26,26,15,-36.8032152939093
01-Aug-2026 01:34:10,-144.038020673769,-36.6049309404334,0,26,26,26,15,-36.6049309404334
01-Aug-2026 01:34:12,-145.005202971138,-37.5721132378032,0,27,27,27,18,-37.5721132378032
01-Aug-2026 01:34:14,-152.495530684428,-45.0624409510931,0,27,27,27,16,-45.0624409510931
01-Aug-2026 01:34:16,-152.019689593439,-44.5865998601034,0,27,27,27,16,-44.5865998601034
01-Aug-2026 01:34:18,-151.993563908981,-44.560474175646,0,27,27,27,15,-44.560474175646
01-Aug-2026 01:34:20,-152.241251548387,-44.808161815052,0,27,27,27,14,-44.808161815052
01-Aug-2026 01:34:22,-147.109031742128,-39.6759420087926,0,27,27,27,13,-39.6759420087926
01-Aug-2026 01:34:24,-145.869187844566,-38.4360981112311,0,26,26,26,14,-38.4360981112311
01-Aug-2026 01:34:26,-147.02764181012,-39.5945520767849,0,26,26,26,13,-39.5945520767849
01-Aug-2026 01:34:28,-153.620593737742,-46.1875040044069,0,26,26,26,12,-46.1875040044069
01-Aug-2026 01:34:30,-141.237258834709,-33.8041691013736,0,26,26,26,13,-2.3217590618117
01-Aug-2026 01:34:32,-141.464459598337,-34.0313698650023,0,26,26,26,14,-7.52997638683789
01-Aug-2026 01:34:34,-119.179877680334,-11.7467879469993,0,26,26,26,14,-11.7467879469993
01-Aug-2026 01:34:36,-123.549561968628,-16.116472235293,0,26,26,26,14,-16.116472235293
01-Aug-2026 01:34:38,-126.490458367998,-19.057368634663,0,26,26,26,15,-19.057368634663
01-Aug-2026 01:34:40,-130.464971121259,-23.0318813879233,0,26,26,26,14,-23.0318813879233
01-Aug-2026 01:34:42,-133.846864593596,-26.4137748602606,0,26,26,26,14,-26.4137748602606
01-Aug-2026 01:34:44,-136.997045147697,-29.5639554143615,0,26,26,26,12,-29.5639554143615
01-Aug-2026 01:34:46,-139.79758782567,-32.3644980923345,0,26,26,26,11,-32.3644980923345
01-Aug-2026 01:34:48,-140.520416943091,-33.0873272097562,0,26,26,26,10,-33.0873272097562
01-Aug-2026 01:34:50,-140.823383852858,-33.3902941195232,0,26,26,26,10,-33.3902941195232
01-Aug-2026 01:34:52,-141.696878622577,-34.2637888892417,0,26,26,26,10,-34.2637888892417
01-Aug-2026 01:34:54,-142.036997959588,-34.6039082262526,0,26,26,26,9,-34.6039082262526
01-Aug-2026 01:34:56,-143.066869139782,-35.6337794064468,0,26,26,26,9,-35.6337794064468
01-Aug-2026 01:34:58,-147.036923774758,-39.6038340414225,0,26,26,26,10,-39.6038340414225
01-Aug-2026 01:35:00,-147.35036476788,-39.9172750345452,0,26,26,26,11,-39.9172750345452
01-Aug-2026 01:35:02,-147.732443902064,-40.299354168729,0,26,26,26,13,-40.299354168729
01-Aug-2026 01:35:04,-148.695009713122,-41.2619199797873,0,26,26,26,13,-41.2619199797873
01-Aug-2026 01:35:06,-147.832940306256,-40.3998505729213,0,26,26,26,12,-40.3998505729213
01-Aug-2026 01:35:08,-146.71704876862,-39.2839590352847,0,26,26,26,13,-39.2839590352847
01-Aug-2026 01:35:10,-147.352183299293,-39.9190935659573,0,26,26,26,12,-39.9190935659573
01-Aug-2026 01:35:12,-146.989584806172,-39.5564950728371,0,26,26,26,12,-39.5564950728371
01-Aug-2026 01:35:14,-146.599581843012,-39.1664921096764,0,26,26,26,12,-39.1664921096764
01-Aug-2026 01:35:16,-146.79987839865,-39.3667886653148,0,26,26,26,13,-39.3667886653148
01-Aug-2026 01:35:18,-146.407379900105,-38.9742901667694,0,27,27,27,14,-38.9742901667694
01-Aug-2026 01:35:20,-146.513233799713,-39.0801440663782,0,27,27,27,14,-39.0801440663782
01-Aug-2026 01:35:22,-146.512735120442,-39.0796453871066,0,27,27,27,15,-39.0796453871066
01-Aug-2026 01:35:24,-146.245130560753,-38.8120408274179,0,26,26,26,15,-38.8120408274179
01-Aug-2026 01:35:26,-146.0787576634,-38.6456679300649,0,26,26,26,16,-38.6456679300649
01-Aug-2026 01:35:28,-145.640421868887,-38.207332135552,0,26,26,26,17,-38.207332135552
01-Aug-2026 01:35:30,-145.236908508122,-37.8038187747873,0,26,26,26,18,-37.8038187747873
01-Aug-2026 01:35:32,-153.774487196987,-46.3413974636523,0,27,27,27,19,-46.3413974636523
01-Aug-2026 01:35:34,-152.749468799333,-45.3163790659979,0,27,27,27,19,-45.3163790659979
01-Aug-2026 01:35:36,-153.464994041916,-46.0319043085806,0,25,25,25,17,-46.0319043085806
01-Aug-2026 01:35:38,-153.838518764127,-46.4054290307918,0,24,24,24,16,-46.4054290307918
01-Aug-2026 01:35:40,-154.346987689095,-46.9138979557596,0,24,24,24,13,-46.9138979557596
01-Aug-2026 01:35:42,-150.674383424367,-43.241293691032,0,24,24,24,13,-43.241293691032
01-Aug-2026 01:35:44,-150.339275939721,-42.906186206386,0,24,24,24,12,-42.906186206386
01-Aug-2026 01:35:46,-149.099483583832,-41.6663938504965,0,24,24,24,12,-41.6663938504965
01-Aug-2026 01:35:48,-149.11605171303,-41.6829619796952,0,24,24,24,13,-41.6829619796952
01-Aug-2026 01:35:50,-148.91285200749,-41.4797622741546,0,24,24,24,12,-41.4797622741546
01-Aug-2026 01:35:52,-149.738517151808,-42.3054274184727,0,24,24,24,12,-42.3054274184727
01-Aug-2026 01:35:54,-151.008874825858,-43.5757850925228,0,24,24,24,12,-43.5757850925228
01-Aug-2026 01:35:56,-151.288347479972,-43.8552577466368,0,24,24,24,11,-43.8552577466368
01-Aug-2026 01:35:58,-150.937349753469,-43.5042600201341,0,25,25,25,12,-43.5042600201341
01-Aug-2026 01:36:00,-151.0772762396,-43.6441865062646,0,25,25,25,13,-43.6441865062646
01-Aug-2026 01:36:02,-151.299864602058,-43.8667748687228,0,25,25,25,15,-43.8667748687228
01-Aug-2026 01:36:04,-150.983650279422,-43.5505605460872,0,25,25,25,17,-43.5505605460872
01-Aug-2026 01:36:06,-152.441163884735,-45.0080741513996,0,24,24,24,17,-45.0080741513996
01-Aug-2026 01:36:08,-152.062503269582,-44.6294135362466,0,24,24,24,17,-44.6294135362466
01-Aug-2026 01:36:10,-151.36277426664,-43.9296845333045,0,24,24,24,17,-43.9296845333045
01-Aug-2026 01:36:12,-152.415009949202,-44.9819202158671,0,24,24,24,17,-44.9819202158671
01-Aug-2026 01:36:14,-152.095763597718,-44.6626738643831,0,24,24,24,14,-44.6626738643831
01-Aug-2026 01:36:16,-151.866415636439,-44.4333259031041,0,24,24,24,14,-44.4333259031041
01-Aug-2026 01:36:18,-151.524839525085,-44.0917497917495,0,24,24,24,13,-44.0917497917495
01-Aug-2026 01:36:20,-151.133453420987,-43.7003636876513,0,24,24,24,12,-43.7003636876513
01-Aug-2026 01:36:22,-150.891203296572,-43.4581135632372,0,24,24,24,13,-43.4581135632372
01-Aug-2026 01:36:24,-150.497179017368,-43.0640892840324,0,24,24,24,14,-43.0640892840324
01-Aug-2026 01:36:26,-150.378572666143,-42.9454829328076,0,24,24,24,13,-42.9454829328076
01-Aug-2026 01:36:28,-150.269835804255,-42.8367460709202,0,24,24,24,14,-42.8367460709202
01-Aug-2026 01:36:30,-149.795370149305,-42.3622804159699,0,24,24,24,13,-42.3622804159699
01-Aug-2026 01:36:32,-149.409101064679,-41.9760113313433,0,25,25,25,15,-41.9760113313433
01-Aug-2026 01:36:34,-149.204368564803,-41.7712788314682,0,25,25,25,17,-41.7712788314682
01-Aug-2026 01:36:36,-148.784415404037,-41.3513256707014,0,25,25,25,17,-41.3513256707014
01-Aug-2026 01:36:38,-148.770156554211,-41.3370668208755,0,25,25,25,17,-41.3370668208755
01-Aug-2026 01:36:40,-148.315437204993,-40.8823474716577,0,25,25,25,17,-40.8823474716577
01-Aug-2026 01:36:42,-147.867359482496,-40.4342697491611,0,25,25,25,18,-40.4342697491611
01-Aug-2026 01:36:44,-147.153296233528,-39.7202065001931,0,25,25,25,18,-39.7202065001931
01-Aug-2026 01:36:46,-160.432553387335,-52.9994636540002,0,25,25,25,17,-52.9994636540002
01-Aug-2026 01:36:48,-160.003692224624,-52.570602491289,0,24,24,24,15,-52.570602491289
01-Aug-2026 01:36:50,-159.637409258111,-52.204319524776,0,24,24,24,14,-52.204319524776
01-Aug-2026 01:36:52,-159.63987434179,-52.2067846084546,0,24,24,24,13,-52.2067846084546
01-Aug-2026 01:36:54,-153.746632663638,-46.3135429303027,0,24,24,24,13,-46.3135429303027
01-Aug-2026 01:36:56,-153.802358410403,-46.3692686770678,0,24,24,24,13,-46.3692686770678
01-Aug-2026 01:36:58,-153.053037348068,-45.6199476147332,0,24,24,24,12,-45.6199476147332
01-Aug-2026 01:37:00,-153.84993070157,-46.4168409682353,0,24,24,24,12,-46.4168409682353
01-Aug-2026 01:37:02,-153.506009071241,-46.0729193379056,0,24,24,24,12,-46.0729193379056
01-Aug-2026 01:37:04,-154.034623650246,-46.6015339169113,0,25,25,25,13,-46.6015339169113
01-Aug-2026 01:37:06,-153.789194506939,-46.3561047736035,0,24,24,24,12,-46.3561047736035
01-Aug-2026 01:37:08,-153.610101783163,-46.1770120498277,0,24,24,24,12,-46.1770120498277
01-Aug-2026 01:37:10,-153.80957273261,-46.3764829992752,0,24,24,24,13,-46.3764829992752
01-Aug-2026 01:37:12,-169.433527369762,-62.0004376364271,0,24,24,24,11,-62.0004376364271
01-Aug-2026 01:37:14,-169.325907888208,-61.892818154873,0,24,24,24,12,-61.892818154873
01-Aug-2026 01:37:16,-159.800739839691,-52.3676501063562,0,25,25,25,12,-52.3676501063562
01-Aug-2026 01:37:18,-160.288291464277,-52.8552017309418,0,25,25,25,10,-52.8552017309418
01-Aug-2026 01:37:20,-159.982137564291,-52.5490478309556,0,25,25,25,10,-52.5490478309556
01-Aug-2026 01:37:22,-160.147159737585,-52.7140700042494,0,25,25,25,10,-52.7140700042494
01-Aug-2026 01:37:24,-160.513846967543,-53.080757234208,0,24,24,24,9,-53.080757234208
01-Aug-2026 01:37:26,-159.777974802472,-52.3448850691373,0,24,24,24,10,-52.3448850691373
01-Aug-2026 01:37:28,-156.368470787384,-48.9353810540489,0,24,24,24,10,-48.9353810540489
01-Aug-2026 01:37:30,-158.684424699044,-51.2513349657085,0,24,24,24,10,-51.2513349657085
01-Aug-2026 01:37:32,-152.446322604668,-45.013232871333,0,24,24,24,11,-45.013232871333
01-Aug-2026 01:37:34,-152.180281961742,-44.7471922284068,0,24,24,24,11,-44.7471922284068
01-Aug-2026 01:37:36,-152.626628558426,-45.1935388250909,0,24,24,24,11,-45.1935388250909
01-Aug-2026 01:37:38,-152.434816662726,-45.0017269293912,0,24,24,24,11,-45.0017269293912
01-Aug-2026 01:37:40,-151.260143119905,-43.8270533865698,0,23,23,23,11,-43.8270533865698
01-Aug-2026 01:37:42,-153.773082790405,-46.3399930570696,0,24,24,24,11,-46.3399930570696
01-Aug-2026 01:37:44,-148.786892476757,-41.3538027434221,0,24,24,24,12,-41.3538027434221
01-Aug-2026 01:37:46,-148.926891622632,-41.4938018892971,0,25,25,25,14,-41.4938018892971
01-Aug-2026 01:37:48,-148.709172157669,-41.2760824243343,0,25,25,25,14,-41.2760824243343
01-Aug-2026 01:37:50,-148.623572921268,-41.1904831879326,0,25,25,25,15,-41.1904831879326
01-Aug-2026 01:37:52,-148.771369882787,-41.3382801494515,0,25,25,25,14,-41.3382801494515
01-Aug-2026 01:37:54,-148.345645178649,-40.9125554453142,0,25,25,25,13,-40.9125554453142
01-Aug-2026 01:37:56,-148.308292448251,-40.8752027149159,0,25,25,25,13,-40.8752027149159
01-Aug-2026 01:37:58,-148.368704606362,-40.9356148730271,0,25,25,25,13,-40.9356148730271
01-Aug-2026 01:38:00,-148.623552444639,-41.1904627113035,0,25,25,25,12,-41.1904627113035
01-Aug-2026 01:38:02,-148.866226558444,-41.4331368251092,0,25,25,25,11,-41.4331368251092
01-Aug-2026 01:38:04,-153.477492172489,-46.0444024391543,0,26,26,26,12,-46.0444024391543
01-Aug-2026 01:38:06,-153.389736210654,-45.956646477319,0,26,26,26,11,-45.956646477319
01-Aug-2026 01:38:08,-148.409106031544,-40.9760162982093,0,26,26,26,11,-40.9760162982093
01-Aug-2026 01:38:10,-155.449151353595,-48.0160616202599,0,26,26,26,8,-48.0160616202599
01-Aug-2026 01:38:12,-156.316054731082,-48.8829649977468,0,26,26,26,8,-48.8829649977468
01-Aug-2026 01:38:14,-156.526413984318,-49.0933242509832,0,25,25,25,8,-49.0933242509832
01-Aug-2026 01:38:16,-167.830637173826,-60.397547440491,0,25,25,25,7,-60.397547440491
01-Aug-2026 01:38:18,-166.574999721069,-59.141909987734,0,25,25,25,9,-59.141909987734
01-Aug-2026 01:38:20,-166.344987906899,-58.9118981735643,0,25,25,25,10,-58.9118981735643
01-Aug-2026 01:38:22,-166.619921997597,-59.1868322642618,0,25,25,25,10,-59.1868322642618
01-Aug-2026 01:38:24,-166.29295931659,-58.8598695832548,0,25,25,25,11,-58.8598695832548
01-Aug-2026 01:38:26,-165.681924435701,-58.2488347023657,0,25,25,25,14,-58.2488347023657
01-Aug-2026 01:38:28,-161.293119099368,-53.8600293660328,0,25,25,25,13,-53.8600293660328
01-Aug-2026 01:38:30,-160.697451558708,-53.2643618253727,0,25,25,25,13,-53.2643618253727
01-Aug-2026 01:38:32,-159.910007542337,-52.4769178090023,0,25,25,25,12,-52.4769178090023
01-Aug-2026 01:38:34,-159.103108535353,-51.6700188020181,0,25,25,25,13,-51.6700188020181
01-Aug-2026 01:38:36,-159.162095000345,-51.7290052670095,0,25,25,25,11,-51.7290052670095
01-Aug-2026 01:38:38,-149.625309943838,-42.1922202105027,0,25,25,25,14,-42.1922202105027
01-Aug-2026 01:38:40,-143.586891928973,-36.1538021956375,0,25,25,25,13,-36.1538021956375
01-Aug-2026 01:38:42,-144.129768987988,-36.696679254653,0,25,25,25,15,-36.696679254653
01-Aug-2026 01:38:44,-145.77807650435,-38.3449867710151,0,25,25,25,15,-38.3449867710151
01-Aug-2026 01:38:46,-145.356622824782,-37.9235330914464,0,25,25,25,15,-37.9235330914464
01-Aug-2026 01:38:48,-145.315158626715,-37.8820688933803,0,25,25,25,13,-37.8820688933803
01-Aug-2026 01:38:50,-145.877214283251,-38.4441245499161,0,25,25,25,14,-38.4441245499161
01-Aug-2026 01:38:52,-146.509278812662,-39.0761890793268,0,25,25,25,13,-39.0761890793268
01-Aug-2026 01:38:54,-146.493403630736,-39.0603138974007,0,25,25,25,14,-39.0603138974007
01-Aug-2026 01:38:56,-145.946302524415,-38.5132127910801,0,25,25,25,14,-38.5132127910801
01-Aug-2026 01:38:58,-140.037561598207,-32.6044718648718,0,26,26,26,14,-32.6044718648718
01-Aug-2026 01:39:00,-140.353613789014,-32.9205240556786,0,26,26,26,15,-32.9205240556786
01-Aug-2026 01:39:02,-140.625717827065,-33.1926280937298,0,26,26,26,14,-33.1926280937298
01-Aug-2026 01:39:04,-140.849464365039,-33.4163746317034,0,26,26,26,14,-33.4163746317034
01-Aug-2026 01:39:06,-141.291749261184,-33.8586595278487,0,26,26,26,14,-33.8586595278487
01-Aug-2026 01:39:08,-141.514836253044,-34.081746519709,0,26,26,26,14,-34.081746519709
01-Aug-2026 01:39:10,-142.103471052118,-34.6703813187824,0,27,27,27,14,-34.6703813187824
01-Aug-2026 01:39:12,-141.83851445073,-34.4054247173951,0,25,25,25,13,-34.4054247173951
01-Aug-2026 01:39:14,-146.24546131787,-38.8123715845348,0,25,25,25,12,-38.8123715845348
01-Aug-2026 01:39:16,-145.158744519761,-37.7256547864262,0,25,25,25,14,-37.7256547864262
01-Aug-2026 01:39:18,-145.024727614514,-37.5916378811785,0,25,25,25,14,-37.5916378811785
01-Aug-2026 01:39:20,-144.700260361324,-37.2671706279889,0,25,25,25,14,-37.2671706279889
01-Aug-2026 01:39:22,-144.081142189254,-36.6480524559186,0,26,26,26,15,-36.6480524559186
01-Aug-2026 01:39:24,-143.472207947061,-36.0391182137256,0,26,26,26,15,-36.0391182137256
01-Aug-2026 01:39:26,-143.170968497143,-35.7378787638082,0,25,25,25,14,-35.7378787638082
01-Aug-2026 01:39:28,-143.189860146352,-35.7567704130173,0,24,24,24,12,-35.7567704130173
01-Aug-2026 01:39:30,-143.382646416918,-35.9495566835831,0,24,24,24,12,-35.9495566835831
01-Aug-2026 01:39:32,-143.244314405678,-35.8112246723424,0,24,24,24,11,-35.8112246723424
01-Aug-2026 01:39:34,-142.854627363084,-35.4215376297484,0,24,24,24,9,-35.4215376297484
01-Aug-2026 01:39:36,-142.53626200475,-35.1031722714147,0,24,24,24,12,-35.1031722714147
01-Aug-2026 01:39:38,-142.245971253696,-34.8128815203605,0,24,24,24,12,-34.8128815203605
01-Aug-2026 01:39:40,-142.138224230007,-34.7051344966722,0,24,24,24,11,-34.7051344966722
01-Aug-2026 01:39:42,-141.817719829902,-34.3846300965665,0,25,25,25,12,-34.3846300965665
01-Aug-2026 01:39:44,-148.334449162139,-40.9013594288041,0,24,24,24,11,-40.9013594288041
01-Aug-2026 01:39:46,-148.442397813276,-41.009308079941,0,24,24,24,10,-41.009308079941
01-Aug-2026 01:39:48,-147.927639107524,-40.4945493741886,0,24,24,24,9,-40.4945493741886
01-Aug-2026 01:39:50,-156.399586710243,-48.9664969769076,0,24,24,24,7,-48.9664969769076
01-Aug-2026 01:39:52,-155.862277361188,-48.4291876278531,0,24,24,24,10,-48.4291876278531
01-Aug-2026 01:39:54,-154.185630622038,-46.7525408887027,0,24,24,24,10,-46.7525408887027
01-Aug-2026 01:39:56,-150.940338836167,-43.5072491028318,0,24,24,24,11,-43.5072491028318
01-Aug-2026 01:39:58,-150.062320074297,-42.6292303409622,0,24,24,24,10,-42.6292303409622
01-Aug-2026 01:40:00,-147.454942732681,-40.021852999346,0,24,24,24,11,-40.021852999346
01-Aug-2026 01:40:02,-143.954402720596,-36.521312987261,0,24,24,24,11,-36.521312987261
01-Aug-2026 01:40:04,-153.694637132245,-46.2615473989095,0,24,24,24,10,-46.2615473989095
01-Aug-2026 01:40:06,-153.370874978031,-45.9377852446962,0,24,24,24,10,-45.9377852446962
01-Aug-2026 01:40:08,-153.570406229423,-46.1373164960879,0,24,24,24,13,-46.1373164960879
01-Aug-2026 01:40:10,-153.896020978415,-46.4629312450797,0,24,24,24,13,-46.4629312450797
01-Aug-2026 01:40:12,-153.733489470637,-46.3003997373016,0,24,24,24,12,-46.3003997373016
01-Aug-2026 01:40:14,-154.00137453334,-46.5682848000046,0,24,24,24,13,-46.5682848000046
01-Aug-2026 01:40:16,-153.867233910271,-46.4341441769354,0,24,24,24,15,-46.4341441769354
01-Aug-2026 01:40:18,-153.582197214181,-46.1491074808455,0,25,25,25,16,-46.1491074808455
01-Aug-2026 01:40:20,-153.546735061049,-46.1136453277139,0,25,25,25,15,-46.1136453277139
01-Aug-2026 01:40:22,-153.238474413266,-45.8053846799309,0,25,25,25,15,-45.8053846799309
01-Aug-2026 01:40:24,-153.093564371278,-45.6604746379431,0,25,25,25,15,-45.6604746379431
01-Aug-2026 01:40:26,-153.280493925534,-45.8474041921986,0,25,25,25,16,-45.8474041921986
01-Aug-2026 01:40:28,-153.138490025417,-45.7054002920821,0,25,25,25,17,-45.7054002920821
01-Aug-2026 01:40:30,-153.012071563115,-45.57898182978,0,25,25,25,17,-45.57898182978
01-Aug-2026 01:40:32,-152.845576740457,-45.4124870071219,0,25,25,25,15,-45.4124870071219
01-Aug-2026 01:40:34,-151.417892890455,-43.98480315712,0,25,25,25,15,-43.98480315712
01-Aug-2026 01:40:36,-153.263906379745,-45.83081664641,0,25,25,25,14,-45.83081664641
01-Aug-2026 01:40:38,-152.894127152,-45.4610374186646,0,25,25,25,15,-45.4610374186646
01-Aug-2026 01:40:40,-152.916496944395,-45.4834072110598,0,25,25,25,15,-45.4834072110598
01-Aug-2026 01:40:42,-152.917109996499,-45.4840202631641,0,25,25,25,13,-45.4840202631641
01-Aug-2026 01:40:44,-152.598923362867,-45.1658336295316,0,25,25,25,15,-45.1658336295316
01-Aug-2026 01:40:46,-152.789397386438,-45.3563076531028,0,25,25,25,14,-45.3563076531028
01-Aug-2026 01:40:48,-152.574241024724,-45.1411512913884,0,24,24,24,13,-45.1411512913884
01-Aug-2026 01:40:50,-155.909513515515,-48.4764237821799,0,24,24,24,12,-48.4764237821799
01-Aug-2026 01:40:52,-156.02424113759,-48.5911514042548,0,25,25,25,13,-48.5911514042548
01-Aug-2026 01:40:54,-155.356508075129,-47.9234183417936,0,25,25,25,13,-47.9234183417936
01-Aug-2026 01:40:56,-155.030074059888,-47.5969843265527,0,25,25,25,12,-47.5969843265527
01-Aug-2026 01:40:58,-154.83994173098,-47.4068519976443,0,25,25,25,12,-47.4068519976443
01-Aug-2026 01:41:00,-155.193102959856,-47.760013226521,0,24,24,24,12,-47.760013226521
01-Aug-2026 01:41:02,-147.297990848565,-39.8649011152295,0,24,24,24,14,-39.8649011152295
01-Aug-2026 01:41:04,-147.980489629188,-40.5473998958526,0,25,25,25,15,-40.5473998958526
01-Aug-2026 01:41:06,-147.606862155194,-40.1737724218585,0,25,25,25,13,-40.1737724218585
01-Aug-2026 01:41:08,-146.93217769524,-39.4990879619046,0,25,25,25,13,-39.4990879619046
01-Aug-2026 01:41:10,-146.537163393792,-39.104073660457,0,25,25,25,12,-39.104073660457
01-Aug-2026 01:41:12,-146.828670243605,-39.3955805102697,0,25,25,25,12,-39.3955805102697
01-Aug-2026 01:41:14,-146.365045333802,-38.9319556004673,0,25,25,25,12,-38.9319556004673
01-Aug-2026 01:41:16,-145.720299402561,-38.2872096692259,0,24,24,24,13,-38.2872096692259
01-Aug-2026 01:41:18,-145.815082400527,-38.3819926671915,0,24,24,24,12,-38.3819926671915
01-Aug-2026 01:41:20,-145.682714824128,-38.2496250907929,0,24,24,24,12,-38.2496250907929
01-Aug-2026 01:41:22,-145.295258177077,-37.8621684437422,0,24,24,24,11,-37.8621684437422
01-Aug-2026 01:41:24,-144.406201796754,-36.9731120634191,0,24,24,24,11,-36.9731120634191
01-Aug-2026 01:41:26,-142.494253964666,-35.0611642313304,0,24,24,24,11,-35.0611642313304
01-Aug-2026 01:41:28,-141.888541807445,-34.4554520741103,0,24,24,24,11,-34.4554520741103
01-Aug-2026 01:41:30,-141.456974817635,-34.0238850842998,0,23,23,23,12,-34.0238850842998
01-Aug-2026 01:41:32,-140.794718831306,-33.3616290979706,0,23,23,23,11,-33.3616290979706
01-Aug-2026 01:41:34,-139.973364154105,-32.5402744207701,0,25,25,25,11,-32.5402744207701
01-Aug-2026 01:41:36,-139.185864812886,-31.7527750795511,0,25,25,25,10,-31.7527750795511
01-Aug-2026 01:41:38,-138.07350483098,-30.6404150976452,0,25,25,25,10,-30.6404150976452
01-Aug-2026 01:41:40,-137.838374555465,-30.4052848221298,0,25,25,25,10,-30.4052848221298
01-Aug-2026 01:41:42,-137.313620918595,-29.8805311852595,0,25,25,25,12,-29.8805311852595
01-Aug-2026 01:41:44,-135.652060105735,-28.2189703724,0,25,25,25,12,-28.2189703724
01-Aug-2026 01:41:46,-135.46008517489,-28.0269954415551,0,25,25,25,12,-28.0269954415551
01-Aug-2026 01:41:48,-144.512157729772,-37.0790679964366,0,25,25,25,12,-37.0790679964366
01-Aug-2026 01:41:50,-164.972113924388,-57.5390241910524,0,25,25,25,9,-57.5390241910524
01-Aug-2026 01:41:52,-164.546626403985,-57.1135366706494,0,25,25,25,9,-57.1135366706494
01-Aug-2026 01:41:54,-164.111834598726,-56.678744865391,0,25,25,25,9,-56.678744865391
01-Aug-2026 01:41:56,-162.692282666988,-55.2591929336527,0,25,25,25,9,-55.2591929336527
01-Aug-2026 01:41:58,-162.422311283737,-54.9892215504021,0,26,26,26,11,-54.9892215504021
01-Aug-2026 01:42:00,-161.61350058181,-54.1804108484747,0,26,26,26,12,-54.1804108484747
01-Aug-2026 01:42:02,-159.177054007284,-51.7439642739488,0,26,26,26,12,-51.7439642739488
01-Aug-2026 01:42:04,-151.06424429221,-43.6311545588751,0,26,26,26,14,-43.6311545588751
01-Aug-2026 01:42:06,-150.679649819538,-43.2465600862031,0,25,25,25,14,-43.2465600862031
01-Aug-2026 01:42:08,-164.705320182174,-57.2722304488392,0,25,25,25,13,-57.2722304488392
01-Aug-2026 01:42:10,-164.847759135473,-57.4146694021379,0,25,25,25,14,-57.4146694021379
01-Aug-2026 01:42:12,-165.121228560797,-57.6881388274621,0,25,25,25,14,-57.6881388274621
01-Aug-2026 01:42:14,-165.226497395272,-57.793407661937,0,25,25,25,13,-57.793407661937
01-Aug-2026 01:42:16,-165.568021932814,-58.1349321994791,0,25,25,25,12,-58.1349321994791
01-Aug-2026 01:42:18,-165.405396542346,-57.9723068090113,0,25,25,25,14,-57.9723068090113
01-Aug-2026 01:42:20,-165.444865686145,-58.01177595281,0,25,25,25,15,-58.01177595281
01-Aug-2026 01:42:22,-152.961532716972,-45.5284429836367,0,25,25,25,16,-45.5284429836367
01-Aug-2026 01:42:24,-153.127240253739,-45.6941505204036,0,25,25,25,15,-45.6941505204036
01-Aug-2026 01:42:26,-152.639422157521,-45.2063324241856,0,25,25,25,15,-45.2063324241856
01-Aug-2026 01:42:28,-152.597409159661,-45.1643194263263,0,25,25,25,16,-45.1643194263263
01-Aug-2026 01:42:30,-152.144697629762,-44.7116078964264,0,25,25,25,15,-44.7116078964264
01-Aug-2026 01:42:32,-149.755221217447,-42.3221314841119,0,26,26,26,15,-42.3221314841119
01-Aug-2026 01:42:34,-149.679512750195,-42.2464230168597,0,26,26,26,14,-42.2464230168597
01-Aug-2026 01:42:36,-149.723547208704,-42.290457475369,0,26,26,26,15,-42.290457475369
01-Aug-2026 01:42:38,-152.684077750858,-45.2509880175231,0,26,26,26,15,-45.2509880175231
01-Aug-2026 01:42:40,-152.892494493759,-45.4594047604242,0,26,26,26,14,-45.4594047604242
01-Aug-2026 01:42:42,-153.041134944953,-45.6080452116182,0,26,26,26,14,-45.6080452116182
01-Aug-2026 01:42:44,-153.5338602904,-46.100770557065,0,26,26,26,16,-46.100770557065
01-Aug-2026 01:42:46,-151.091815966784,-43.658726233449,0,26,26,26,15,-43.658726233449
01-Aug-2026 01:42:48,-151.095942451349,-43.6628527180137,0,26,26,26,14,-43.6628527180137
01-Aug-2026 01:42:50,-151.117171922276,-43.684082188941,0,26,26,26,15,-43.684082188941
01-Aug-2026 01:42:52,-153.301276670001,-45.8681869366657,0,26,26,26,13,-45.8681869366657
01-Aug-2026 01:42:54,-152.819770801022,-45.3866810676871,0,26,26,26,13,-45.3866810676871
01-Aug-2026 01:42:56,-153.029349674719,-45.596259941384,0,26,26,26,11,-45.596259941384
01-Aug-2026 01:42:58,-153.054213742521,-45.6211240091861,0,24,24,24,12,-45.6211240091861
01-Aug-2026 01:43:00,-152.986619282461,-45.5535295491256,0,24,24,24,12,-45.5535295491256
01-Aug-2026 01:43:02,-152.861023535773,-45.4279338024381,0,25,25,25,10,-45.4279338024381
01-Aug-2026 01:43:04,-153.108265616777,-45.6751758834419,0,25,25,25,9,-45.6751758834419
01-Aug-2026 01:43:06,-153.276163249364,-45.8430735160287,0,25,25,25,9,-45.8430735160287
01-Aug-2026 01:43:08,-153.635274294664,-46.2021845613284,0,25,25,25,9,-46.2021845613284
01-Aug-2026 01:43:10,-153.391804638983,-45.9587149056477,0,25,25,25,8,-45.9587149056477
01-Aug-2026 01:43:12,-153.559014555861,-46.1259248225261,0,26,26,26,9,-46.1259248225261
01-Aug-2026 01:43:14,-153.387294030163,-45.9542042968278,0,25,25,25,8,-45.9542042968278
01-Aug-2026 01:43:16,-152.918965353819,-45.4858756204836,0,25,25,25,9,-45.4858756204836
01-Aug-2026 01:43:18,-152.698326499064,-45.2652367657289,0,25,25,25,10,-45.2652367657289
01-Aug-2026 01:43:20,-151.511313541172,-44.0782238078364,0,24,24,24,9,-44.0782238078364
01-Aug-2026 01:43:22,-151.661339348233,-44.2282496148977,0,24,24,24,9,-44.2282496148977
01-Aug-2026 01:43:24,-151.746341682238,-44.313251948903,0,24,24,24,8,-44.313251948903
01-Aug-2026 01:43:26,-152.002278830034,-44.5691890966991,0,24,24,24,9,-44.5691890966991
01-Aug-2026 01:43:28,-153.292947919831,-45.8598581864961,0,24,24,24,9,-45.8598581864961
01-Aug-2026 01:43:30,-152.72978805753,-45.2966983241951,0,24,24,24,10,-45.2966983241951
01-Aug-2026 01:43:32,-152.358139144728,-44.9250494113933,0,25,25,25,11,-44.9250494113933
01-Aug-2026 01:43:34,-152.584706139729,-45.1516164063939,0,25,25,25,10,-45.1516164063939
01-Aug-2026 01:43:36,-153.433882415578,-46.0007926822424,0,24,24,24,10,-46.0007926822424
01-Aug-2026 01:43:38,-151.659528074569,-44.2264383412341,0,24,24,24,11,-44.2264383412341
01-Aug-2026 01:43:40,-152.045125121376,-44.6120353880408,0,23,23,23,10,-44.6120353880408
01-Aug-2026 01:43:42,-153.119388977726,-45.6862992443908,0,23,23,23,9,-45.6862992443908
01-Aug-2026 01:43:44,-160.351524684412,-52.918434951077,0,23,23,23,8,-52.918434951077
01-Aug-2026 01:43:46,-160.233287038606,-52.8001973052713,0,24,24,24,9,-52.8001973052713
01-Aug-2026 01:43:48,-160.654801406266,-53.2217116729306,0,24,24,24,8,-53.2217116729306
01-Aug-2026 01:43:50,-160.653893595266,-53.2208038619309,0,24,24,24,7,-53.2208038619309
01-Aug-2026 01:43:52,-154.62765234217,-47.1945626088349,0,24,24,24,9,-47.1945626088349
01-Aug-2026 01:43:54,-154.069317228612,-46.6362274952766,0,24,24,24,11,-46.6362274952766
01-Aug-2026 01:43:56,-154.018386174786,-46.5852964414512,0,24,24,24,13,-46.5852964414512
01-Aug-2026 01:43:58,-154.375602761441,-46.9425130281057,0,24,24,24,11,-46.9425130281057
01-Aug-2026 01:44:00,-154.72691778363,-47.2938280502946,0,24,24,24,10,-47.2938280502946
01-Aug-2026 01:44:02,-160.472416627901,-53.0393268945658,0,24,24,24,10,-53.0393268945658
01-Aug-2026 01:44:04,-160.973943214467,-53.5408534811315,0,24,24,24,8,-53.5408534811315
01-Aug-2026 01:44:06,-160.179898233083,-52.7468084997476,0,25,25,25,8,-52.7468084997476
01-Aug-2026 01:44:08,-160.385285816714,-52.9521960833789,0,25,25,25,7,-52.9521960833789
01-Aug-2026 01:44:10,-160.613745900694,-53.1806561673588,0,25,25,25,7,-53.1806561673588
01-Aug-2026 01:44:12,-160.22212597072,-52.7890362373844,0,25,25,25,4,-52.7890362373844
01-Aug-2026 01:44:14,-159.554470551994,-52.1213808186588,0,25,25,25,4,-52.1213808186588
01-Aug-2026 01:44:16,-161.485283540041,-54.0521938067054,0,25,25,25,5,-54.0521938067054
01-Aug-2026 01:44:18,-161.992110868258,-54.5590211349233,0,25,25,25,6,-54.5590211349233
01-Aug-2026 01:44:20,-159.025397762169,-51.5923080288335,0,25,25,25,9,-51.5923080288335
01-Aug-2026 01:44:22,-158.57712023082,-51.1440304974844,0,25,25,25,10,-51.1440304974844
01-Aug-2026 01:44:24,-158.114445347687,-50.6813556143518,0,25,25,25,12,-50.6813556143518
01-Aug-2026 01:44:26,-160.415613432447,-52.9825236991123,0,25,25,25,13,-52.9825236991123
01-Aug-2026 01:44:28,-160.060551060479,-52.6274613271435,0,25,25,25,13,-52.6274613271435
01-Aug-2026 01:44:30,-159.370214084172,-51.9371243508371,0,25,25,25,13,-51.9371243508371
01-Aug-2026 01:44:32,-159.244715002613,-51.8116252692781,0,25,25,25,13,-51.8116252692781
01-Aug-2026 01:44:34,-134.297112295432,-26.8640225620964,0,25,25,25,16,-26.8640225620964
01-Aug-2026 01:44:36,-131.953578258763,-24.5204885254276,0,25,25,25,16,-24.5204885254276
01-Aug-2026 01:44:38,-132.439752833655,-25.0066631003199,0,25,25,25,15,-25.0066631003199
01-Aug-2026 01:44:40,-132.711101334097,-25.2780116007618,0,25,25,25,15,-25.2780116007618
01-Aug-2026 01:44:42,-132.844064926441,-25.4109751931054,0,26,26,26,15,-25.4109751931054
01-Aug-2026 01:44:44,-133.43714220103,-26.0040524676951,0,26,26,26,16,-26.0040524676951
01-Aug-2026 01:44:46,-159.205614700071,-51.7725249667356,0,26,26,26,13,-51.7725249667356
01-Aug-2026 01:44:48,-158.736569090264,-51.3034793569292,0,25,25,25,13,-51.3034793569292
01-Aug-2026 01:44:50,-158.685186937056,-51.2520972037209,0,25,25,25,13,-51.2520972037209
01-Aug-2026 01:44:52,-158.315225214032,-50.8821354806971,0,24,24,24,13,-50.8821354806971
01-Aug-2026 01:44:54,-158.016506750732,-50.5834170173963,0,25,25,25,14,-50.5834170173963
01-Aug-2026 01:44:56,-158.815096388742,-51.382006655407,0,25,25,25,14,-51.382006655407
01-Aug-2026 01:44:58,-158.747134658298,-51.3140449249628,0,25,25,25,14,-51.3140449249628
01-Aug-2026 01:45:00,-158.926592956802,-51.4935032234671,0,25,25,25,11,-51.4935032234671
01-Aug-2026 01:45:02,-158.449511673761,-51.016421940426,0,25,25,25,11,-51.016421940426
01-Aug-2026 01:45:04,-158.534293313783,-51.101203580448,0,25,25,25,10,-51.101203580448
01-Aug-2026 01:45:06,-158.246964680792,-50.8138749474572,0,25,25,25,9,-50.8138749474572
01-Aug-2026 01:45:08,-158.216984316721,-50.783894583386,0,24,24,24,8,-50.783894583386
01-Aug-2026 01:45:10,-158.25192197393,-50.818832240595,0,24,24,24,9,-50.818832240595
01-Aug-2026 01:45:12,-158.323181752113,-50.8900920187782,0,24,24,24,9,-50.8900920187782
01-Aug-2026 01:45:14,-158.134516033344,-50.7014263000093,0,24,24,24,9,-50.7014263000093
01-Aug-2026 01:45:16,-157.73030352747,-50.2972137941348,0,24,24,24,9,-50.2972137941348
01-Aug-2026 01:45:18,-157.194259793475,-49.7611700601397,0,24,24,24,9,-49.7611700601397
01-Aug-2026 01:45:20,-172.292371565505,-64.8592818321699,0,23,23,23,9,-64.8592818321699
01-Aug-2026 01:45:22,-173.653123646717,-66.2200339133815,0,24,24,24,7,-66.2200339133815
01-Aug-2026 01:45:24,-159.63711442041,-52.2040246870752,0,24,24,24,9,-52.2040246870752
01-Aug-2026 01:45:26,-159.492564755124,-52.0594750217884,0,25,25,25,11,-52.0594750217884
01-Aug-2026 01:45:28,-159.552006164519,-52.1189164311837,0,25,25,25,11,-52.1189164311837
01-Aug-2026 01:45:30,-159.031844009414,-51.598754276079,0,25,25,25,11,-51.598754276079
01-Aug-2026 01:45:32,-159.241951596542,-51.8088618632068,0,25,25,25,10,-51.8088618632068
01-Aug-2026 01:45:34,-157.105424874107,-49.6723351407713,0,25,25,25,11,-49.6723351407713
01-Aug-2026 01:45:36,-156.8264064475,-49.3933167141653,0,25,25,25,11,-49.3933167141653
01-Aug-2026 01:45:38,-129.077428785807,-21.6443390524716,0,25,25,25,12,-21.6443390524716
01-Aug-2026 01:45:40,-156.497747053933,-49.0646573205976,0,25,25,25,12,-49.0646573205976
01-Aug-2026 01:45:42,-156.497893432903,-49.0648036995675,0,25,25,25,13,-49.0648036995675
01-Aug-2026 01:45:44,-155.905065047115,-48.4719753137799,0,25,25,25,12,-48.4719753137799
01-Aug-2026 01:45:46,-155.51742826161,-48.0843385282753,0,25,25,25,13,-48.0843385282753
01-Aug-2026 01:45:48,-155.288191612938,-47.855101879603,0,25,25,25,13,-47.855101879603
01-Aug-2026 01:45:50,-133.355616023577,-25.9225262902413,0,25,25,25,12,-25.9225262902413
01-Aug-2026 01:45:52,-134.863612435274,-27.430522701939,0,26,26,26,11,-27.430522701939
01-Aug-2026 01:45:54,-135.468763999466,-28.0356742661309,0,26,26,26,11,-28.0356742661309
01-Aug-2026 01:45:56,-136.670068395985,-29.2369786626496,0,25,25,25,10,-29.2369786626496
01-Aug-2026 01:45:58,-138.027423087361,-30.5943333540261,0,25,25,25,11,-30.5943333540261
01-Aug-2026 01:46:00,-139.251832976693,-31.8187432433583,0,25,25,25,9,-31.8187432433583
01-Aug-2026 01:46:02,-140.397137482267,-32.9640477489317,0,25,25,25,8,-32.9640477489317
01-Aug-2026 01:46:04,-141.567816548532,-34.1347268151965,0,25,25,25,8,-34.1347268151965
01-Aug-2026 01:46:06,-143.134512896095,-35.7014231627596,0,26,26,26,10,-35.7014231627596
01-Aug-2026 01:46:08,-144.015873781528,-36.5827840481928,0,26,26,26,7,-36.5827840481928
01-Aug-2026 01:46:10,-144.826078238102,-37.3929885047665,0,26,26,26,7,-37.3929885047665
01-Aug-2026 01:46:12,-144.818607622564,-37.385517889229,0,26,26,26,7,-37.385517889229
01-Aug-2026 01:46:14,-146.162827105309,-38.7297373719742,0,26,26,26,6,-38.7297373719742
01-Aug-2026 01:46:16,-145.740844938571,-38.3077552052358,0,26,26,26,7,-38.3077552052358
01-Aug-2026 01:46:18,-146.08748932837,-38.6543995950352,0,26,26,26,8,-38.6543995950352
01-Aug-2026 01:46:20,-160.418608224282,-52.9855184909467,0,26,26,26,6,-52.9855184909467
01-Aug-2026 01:46:22,-160.304699731085,-52.8716099977499,0,26,26,26,7,-52.8716099977499
01-Aug-2026 01:46:24,-160.493136302149,-53.0600465688139,0,26,26,26,7,-53.0600465688139
01-Aug-2026 01:46:26,-160.878751498313,-53.4456617649773,0,26,26,26,8,-53.4456617649773
01-Aug-2026 01:46:28,-162.338358409124,-54.9052686757889,0,26,26,26,8,-54.9052686757889
01-Aug-2026 01:46:30,-162.418051361528,-54.9849616281931,0,26,26,26,10,-54.9849616281931
01-Aug-2026 01:46:32,-162.714791138429,-55.2817014050941,0,26,26,26,11,-55.2817014050941
01-Aug-2026 01:46:34,-160.66979716516,-53.2367074318249,0,26,26,26,12,-53.2367074318249
01-Aug-2026 01:46:36,-156.422667989856,-48.9895782565206,0,26,26,26,13,-48.9895782565206
01-Aug-2026 01:46:38,-155.694847748635,-48.2617580153001,0,26,26,26,12,-48.2617580153001
01-Aug-2026 01:46:40,-154.146017618641,-46.7129278853059,0,26,26,26,13,-46.7129278853059
01-Aug-2026 01:46:42,-154.307769467675,-46.8746797343397,0,25,25,25,14,-46.8746797343397
01-Aug-2026 01:46:44,-155.546967233422,-48.1138775000871,0,24,24,24,12,-48.1138775000871
01-Aug-2026 01:46:46,-155.087880334276,-47.654790600941,0,24,24,24,13,-47.654790600941
01-Aug-2026 01:46:48,-154.940879522229,-47.5077897888939,0,24,24,24,13,-47.5077897888939
01-Aug-2026 01:46:50,-154.822186532585,-47.3890967992498,0,24,24,24,13,-47.3890967992498
01-Aug-2026 01:46:52,-155.315675983125,-47.8825862497901,0,24,24,24,13,-47.8825862497901
01-Aug-2026 01:46:54,-156.635557928559,-49.2024681952238,0,25,25,25,11,-49.2024681952238
01-Aug-2026 01:46:56,-157.185860384039,-49.7527706507034,0,25,25,25,9,-49.7527706507034
01-Aug-2026 01:46:58,-156.985708800772,-49.5526190674367,0,25,25,25,7,-49.5526190674367
01-Aug-2026 01:47:00,-157.170585152217,-49.7374954188821,0,25,25,25,7,-49.7374954188821
01-Aug-2026 01:47:02,-156.911056350447,-49.4779666171116,0,25,25,25,9,-49.4779666171116
01-Aug-2026 01:47:04,-156.031648721798,-48.598558988463,0,25,25,25,10,-48.598558988463
01-Aug-2026 01:47:06,-155.430139247685,-47.9970495143498,0,25,25,25,10,-47.9970495143498
01-Aug-2026 01:47:08,-155.422290244413,-47.9892005110774,0,25,25,25,10,-47.9892005110774
01-Aug-2026 01:47:10,-155.866721984098,-48.4336322507625,0,25,25,25,12,-48.4336322507625
01-Aug-2026 01:47:12,-155.778974920715,-48.34588518738,0,24,24,24,13,-48.34588518738
01-Aug-2026 01:47:14,-149.526678891532,-42.0935891581967,0,24,24,24,14,-42.0935891581967
01-Aug-2026 01:47:16,-150.283685498118,-42.850595764783,0,24,24,24,15,-42.850595764783
01-Aug-2026 01:47:18,-149.970747494697,-42.5376577613617,0,24,24,24,13,-42.5376577613617
01-Aug-2026 01:47:20,-150.19885123992,-42.7657615065848,0,24,24,24,11,-42.7657615065848
01-Aug-2026 01:47:22,-150.392625709442,-42.9595359761065,0,24,24,24,12,-42.9595359761065
01-Aug-2026 01:47:24,-150.236419225095,-42.8033294917595,0,25,25,25,14,-42.8033294917595
01-Aug-2026 01:47:26,-150.123366184641,-42.6902764513057,0,24,24,24,14,-42.6902764513057
01-Aug-2026 01:47:28,-150.489512656007,-43.0564229226716,0,23,23,23,15,-43.0564229226716
01-Aug-2026 01:47:30,-153.691056058359,-46.2579663250236,0,23,23,23,13,-46.2579663250236
01-Aug-2026 01:47:32,-153.229277400931,-45.796187667596,0,23,23,23,13,-45.796187667596
01-Aug-2026 01:47:34,-153.241240892542,-45.8081511592065,0,23,23,23,13,-45.8081511592065
01-Aug-2026 01:47:36,-151.6714061954,-44.2383164620651,0,23,23,23,13,-44.2383164620651
01-Aug-2026 01:47:38,-150.025999029614,-42.5929092962788,0,23,23,23,10,-42.5929092962788
01-Aug-2026 01:47:40,-152.749024226017,-45.3159344926823,0,24,24,24,11,-45.3159344926823
01-Aug-2026 01:47:42,-150.420925793474,-42.9878360601387,0,24,24,24,10,-42.9878360601387
01-Aug-2026 01:47:44,-150.138120785665,-42.7050310523299,0,24,24,24,8,-42.7050310523299
01-Aug-2026 01:47:46,-149.942990033787,-42.5099003004515,0,24,24,24,8,-42.5099003004515
01-Aug-2026 01:47:48,-153.89397588885,-46.4608861555147,0,24,24,24,8,-46.4608861555147
01-Aug-2026 01:47:50,-153.668826358228,-46.2357366248926,0,24,24,24,7,-46.2357366248926
01-Aug-2026 01:47:52,-153.422105090545,-45.9890153572095,0,25,25,25,6,-45.9890153572095
01-Aug-2026 01:47:54,-153.411863654148,-45.9787739208132,0,25,25,25,8,-45.9787739208132
01-Aug-2026 01:47:56,-153.144776008218,-45.7116862748825,0,25,25,25,8,-45.7116862748825
01-Aug-2026 01:47:58,-153.496287294639,-46.0631975613034,0,25,25,25,9,-46.0631975613034
01-Aug-2026 01:48:00,-153.986193312432,-46.553103579097,0,25,25,25,10,-46.553103579097
01-Aug-2026 01:48:02,-153.39841274201,-45.9653230086745,0,25,25,25,10,-45.9653230086745
01-Aug-2026 01:48:04,-153.396880788845,-45.9637910555102,0,25,25,25,10,-45.9637910555102
01-Aug-2026 01:48:06,-152.162378272488,-44.7292885391533,0,25,25,25,11,-44.7292885391533
01-Aug-2026 01:48:08,-150.792624802718,-43.3595350693826,0,25,25,25,15,-43.3595350693826
01-Aug-2026 01:48:10,-150.519969654152,-43.0868799208164,0,25,25,25,13,-43.0868799208164
01-Aug-2026 01:48:12,-150.465946610701,-43.0328568773654,0,25,25,25,13,-43.0328568773654
01-Aug-2026 01:48:14,-150.663112561125,-43.2300228277902,0,25,25,25,14,-43.2300228277902
01-Aug-2026 01:48:16,-150.490243890018,-43.0571541566826,0,25,25,25,14,-43.0571541566826
01-Aug-2026 01:48:18,-150.550318993207,-43.1172292598716,0,25,25,25,14,-43.1172292598716
01-Aug-2026 01:48:20,-148.815459439388,-41.3823697060531,0,25,25,25,14,-41.3823697060531
01-Aug-2026 01:48:22,-148.794448116873,-41.3613583835382,0,25,25,25,14,-41.3613583835382
01-Aug-2026 01:48:24,-148.309082377566,-40.8759926442311,0,25,25,25,12,-40.8759926442311
01-Aug-2026 01:48:26,-147.872973188272,-40.4398834549365,0,25,25,25,13,-40.4398834549365
01-Aug-2026 01:48:28,-147.774473488825,-40.3413837554899,0,25,25,25,14,-40.3413837554899
01-Aug-2026 01:48:30,-142.525795678307,-35.0927059449714,0,26,26,26,15,-35.0927059449714
01-Aug-2026 01:48:32,-142.51374444884,-35.0806547155049,0,26,26,26,15,-35.0806547155049
01-Aug-2026 01:48:34,-142.04061615465,-34.6075264213144,0,26,26,26,14,-34.6075264213144
01-Aug-2026 01:48:36,-142.138739449411,-34.7056497160763,0,26,26,26,14,-34.7056497160763
01-Aug-2026 01:48:38,-141.951048095638,-34.517958362303,0,26,26,26,14,-34.517958362303
01-Aug-2026 01:48:40,-141.916194180848,-34.483104447513,0,26,26,26,16,-34.483104447513
01-Aug-2026 01:48:42,-142.065637374861,-34.6325476415261,0,27,27,27,18,-34.6325476415261
01-Aug-2026 01:48:44,-142.063026649064,-34.6299369157285,0,27,27,27,18,-34.6299369157285
01-Aug-2026 01:48:46,-142.061035372449,-34.6279456391135,0,25,25,25,16,-34.6279456391135
01-Aug-2026 01:48:48,-142.92001488064,-35.4869251473048,0,25,25,25,15,-35.4869251473048
01-Aug-2026 01:48:50,-146.973150164696,-39.5400604313606,0,25,25,25,15,-39.5400604313606
01-Aug-2026 01:48:52,-147.569923591174,-40.1368338578391,0,25,25,25,15,-40.1368338578391
01-Aug-2026 01:48:54,-147.073679581136,-39.6405898478013,0,25,25,25,15,-39.6405898478013
01-Aug-2026 01:48:56,-154.002077794045,-46.5689880607095,0,25,25,25,15,-46.5689880607095
01-Aug-2026 01:48:58,-153.805479543076,-46.3723898097406,0,25,25,25,14,-46.3723898097406
01-Aug-2026 01:49:00,-153.93009696234,-46.4970072290049,0,24,24,24,13,-46.4970072290049
01-Aug-2026 01:49:02,-153.062394950821,-45.6293052174854,0,24,24,24,13,-45.6293052174854
01-Aug-2026 01:49:04,-151.67705488329,-44.2439651499544,0,24,24,24,12,-44.2439651499544
01-Aug-2026 01:49:06,-154.357153398739,-46.924063665404,0,24,24,24,12,-46.924063665404
01-Aug-2026 01:49:08,-153.600202828199,-46.1671130948639,0,25,25,25,12,-46.1671130948639
01-Aug-2026 01:49:10,-153.598679560734,-46.1655898273991,0,25,25,25,12,-46.1655898273991
01-Aug-2026 01:49:12,-144.763314900014,-37.330225166679,0,24,24,24,13,-37.330225166679
01-Aug-2026 01:49:14,-145.22450750632,-37.7914177729851,0,24,24,24,13,-37.7914177729851
01-Aug-2026 01:49:16,-145.665229297234,-38.2321395638984,0,25,25,25,14,-38.2321395638984
01-Aug-2026 01:49:18,-155.54661104823,-48.1135213148948,0,25,25,25,13,-48.1135213148948
01-Aug-2026 01:49:20,-155.483626331381,-48.0505365980454,0,25,25,25,11,-48.0505365980454
01-Aug-2026 01:49:22,-155.890899051115,-48.4578093177799,0,25,25,25,10,-48.4578093177799
01-Aug-2026 01:49:24,-157.959464260892,-50.5263745275564,0,25,25,25,8,-50.5263745275564
01-Aug-2026 01:49:26,-157.774178585403,-50.3410888520679,0,25,25,25,8,-50.3410888520679
01-Aug-2026 01:49:28,-147.692613484786,-40.2595237514506,0,25,25,25,8,-40.2595237514506
01-Aug-2026 01:49:30,-147.912822057167,-40.4797323238316,0,25,25,25,8,-40.4797323238316
01-Aug-2026 01:49:32,-147.525867525833,-40.0927777924979,0,25,25,25,10,-40.0927777924979
01-Aug-2026 01:49:34,-147.090807777507,-39.6577180441719,0,25,25,25,11,-39.6577180441719
01-Aug-2026 01:49:36,-146.651380475243,-39.2182907419077,0,25,25,25,12,-39.2182907419077
01-Aug-2026 01:49:38,-146.754406798454,-39.3213170651188,0,25,25,25,13,-39.3213170651188
01-Aug-2026 01:49:40,-157.988874480038,-50.5557847467028,0,25,25,25,12,-50.5557847467028
01-Aug-2026 01:49:42,-158.061133977915,-50.6280442445799,0,26,26,26,14,-50.6280442445799
01-Aug-2026 01:49:44,-157.6099220039,-50.1768322705648,0,26,26,26,13,-50.1768322705648
01-Aug-2026 01:49:46,-157.088462533838,-49.6553728005024,0,27,27,27,14,-49.6553728005024
01-Aug-2026 01:49:48,-157.013501350911,-49.5804116175758,0,26,26,26,13,-49.5804116175758
01-Aug-2026 01:49:50,-156.601015142251,-49.1679254089159,0,26,26,26,13,-49.1679254089159
01-Aug-2026 01:49:52,-156.145076205307,-48.7119864719718,0,26,26,26,13,-48.7119864719718
01-Aug-2026 01:49:54,-152.360240151974,-44.9271504186387,0,26,26,26,12,-44.9271504186387
01-Aug-2026 01:49:56,-153.797242420904,-46.3641526875692,0,26,26,26,14,-46.3641526875692
01-Aug-2026 01:49:58,-153.824550841786,-46.3914611084508,0,26,26,26,13,-46.3914611084508
01-Aug-2026 01:50:00,-153.627773486221,-46.1946837528854,0,26,26,26,13,-46.1946837528854
01-Aug-2026 01:50:02,-153.375328544493,-45.9422388111583,0,26,26,26,12,-45.9422388111583
01-Aug-2026 01:50:04,-149.280153124404,-41.8470633910688,0,26,26,26,13,-41.8470633910688
01-Aug-2026 01:50:06,-148.999846267015,-41.5667565336798,0,26,26,26,13,-41.5667565336798
01-Aug-2026 01:50:08,-153.091088871766,-45.6579991384308,0,26,26,26,12,-45.6579991384308
01-Aug-2026 01:50:10,-151.79393239894,-44.3608426656047,0,26,26,26,11,-44.3608426656047
01-Aug-2026 01:50:12,-151.366210489062,-43.9331207557272,0,26,26,26,12,-43.9331207557272
01-Aug-2026 01:50:14,-151.298260866389,-43.8651711330536,0,26,26,26,12,-43.8651711330536
01-Aug-2026 01:50:16,-151.151314239686,-43.7182245063506,0,26,26,26,13,-43.7182245063506
01-Aug-2026 01:50:18,-151.247270254028,-43.8141805206926,0,26,26,26,13,-43.8141805206926
01-Aug-2026 01:50:20,-151.357694953502,-43.924605220167,0,26,26,26,12,-43.924605220167
01-Aug-2026 01:50:22,-151.061240350805,-43.6281506174703,0,26,26,26,12,-43.6281506174703
01-Aug-2026 01:50:24,-151.263409270689,-43.8303195373535,0,26,26,26,12,-43.8303195373535
01-Aug-2026 01:50:26,-151.541544515883,-44.1084547825475,0,26,26,26,11,-44.1084547825475
01-Aug-2026 01:50:28,-150.954378847683,-43.5212891143483,0,25,25,25,11,-43.5212891143483
01-Aug-2026 01:50:30,-150.426002121091,-42.9929123877554,0,24,24,24,10,-42.9929123877554
01-Aug-2026 01:50:32,-150.213930918262,-42.7808411849272,0,24,24,24,9,-42.7808411849272
01-Aug-2026 01:50:34,-148.402700551002,-40.9696108176671,0,24,24,24,11,-40.9696108176671
01-Aug-2026 01:50:36,-148.139194465057,-40.7061047317223,0,24,24,24,10,-40.7061047317223
01-Aug-2026 01:50:38,-152.623977863611,-45.1908881302759,0,24,24,24,10,-45.1908881302759
01-Aug-2026 01:50:40,-153.262022391817,-45.8289326584816,0,24,24,24,11,-45.8289326584816
01-Aug-2026 01:50:42,-153.265515081253,-45.8324253479173,0,24,24,24,11,-45.8324253479173
01-Aug-2026 01:50:44,-153.260492184275,-45.8274024509396,0,25,25,25,11,-45.8274024509396
01-Aug-2026 01:50:46,-152.797246406057,-45.3641566727219,0,25,25,25,11,-45.3641566727219
01-Aug-2026 01:50:48,-152.7345732095,-45.3014834761649,0,25,25,25,11,-45.3014834761649
01-Aug-2026 01:50:50,-153.048675708491,-45.6155859751555,0,24,24,24,12,-45.6155859751555
01-Aug-2026 01:50:52,-155.142199824457,-47.7091100911221,0,25,25,25,12,-47.7091100911221
01-Aug-2026 01:50:54,-155.419433739304,-47.9863440059692,0,25,25,25,13,-47.9863440059692
01-Aug-2026 01:50:56,-155.273912958656,-47.8408232253207,0,25,25,25,13,-47.8408232253207
01-Aug-2026 01:50:58,-170.856178830423,-63.4230890970876,0,25,25,25,10,-63.4230890970876
01-Aug-2026 01:51:00,-154.929024686703,-47.4959349533676,0,25,25,25,11,-47.4959349533676
01-Aug-2026 01:51:02,-154.927696500187,-47.4946067668521,0,25,25,25,11,-47.4946067668521
01-Aug-2026 01:51:04,-155.260388287509,-47.8272985541736,0,24,24,24,11,-47.8272985541736
01-Aug-2026 01:51:06,-169.780259120037,-62.3471693867016,0,24,24,24,10,-62.3471693867016
01-Aug-2026 01:51:08,-169.927553132306,-62.494463398971,0,24,24,24,9,-62.494463398971
01-Aug-2026 01:51:10,-162.056030582138,-54.6229408488031,0,24,24,24,9,-54.6229408488031
01-Aug-2026 01:51:12,-146.889814248222,-39.4567245148865,0,24,24,24,10,-39.4567245148865
01-Aug-2026 01:51:14,-147.124889028686,-39.6917992953509,0,24,24,24,11,-39.6917992953509
01-Aug-2026 01:51:16,-146.899909944442,-39.4668202111066,0,24,24,24,13,-39.4668202111066
01-Aug-2026 01:51:18,-146.648645832734,-39.215556099399,0,24,24,24,13,-39.215556099399
01-Aug-2026 01:51:20,-145.91408935167,-38.480999618335,0,23,23,23,11,-38.480999618335
01-Aug-2026 01:51:22,-146.003694609086,-38.5706048757509,0,23,23,23,10,-38.5706048757509
01-Aug-2026 01:51:24,-145.639901347634,-38.2068116142985,0,23,23,23,11,-38.2068116142985
01-Aug-2026 01:51:26,-145.705172707662,-38.2720829743271,0,23,23,23,9,-38.2720829743271
01-Aug-2026 01:51:28,-145.1465170172,-37.7134272838649,0,23,23,23,11,-37.7134272838649
01-Aug-2026 01:51:30,-144.13839526533,-36.7053055319946,0,23,23,23,10,-36.7053055319946
01-Aug-2026 01:51:32,-144.146885020726,-36.7137952873906,0,23,23,23,11,-36.7137952873906
01-Aug-2026 01:51:34,-144.127168205026,-36.6940784716913,0,24,24,24,11,-36.6940784716913
01-Aug-2026 01:51:36,-143.253241990148,-35.8201522568129,0,24,24,24,10,-35.8201522568129
01-Aug-2026 01:51:38,-142.566514424073,-35.1334246907373,0,24,24,24,11,-35.1334246907373
01-Aug-2026 01:51:40,-141.947968239648,-34.5148785063129,0,25,25,25,11,-34.5148785063129
01-Aug-2026 01:51:42,-141.4154248214,-33.9823350880649,0,25,25,25,11,-33.9823350880649
01-Aug-2026 01:51:44,-140.780723824258,-33.3476340909229,0,25,25,25,11,-33.3476340909229
01-Aug-2026 01:51:46,-140.380826078068,-32.9477363447324,0,25,25,25,13,-32.9477363447324
01-Aug-2026 01:51:48,-140.169199724265,-32.7361099909299,0,25,25,25,14,-32.7361099909299
01-Aug-2026 01:51:50,-139.601184770268,-32.168095036933,0,25,25,25,16,-32.168095036933
01-Aug-2026 01:51:52,-138.944860979268,-31.5117712459323,0,25,25,25,16,-31.5117712459323
01-Aug-2026 01:51:54,-159.726418412835,-52.2933286794997,0,25,25,25,14,-52.2933286794997
01-Aug-2026 01:51:56,-159.766766420667,-52.3336766873313,0,25,25,25,13,-52.3336766873313
01-Aug-2026 01:51:58,-159.833406946577,-52.4003172132418,0,25,25,25,11,-52.4003172132418
01-Aug-2026 01:52:00,-160.366829853422,-52.9337401200871,0,25,25,25,12,-52.9337401200871
01-Aug-2026 01:52:02,-160.453504358096,-53.0204146247612,0,25,25,25,11,-53.0204146247612
01-Aug-2026 01:52:04,-150.611220816894,-43.1781310835587,0,25,25,25,12,-43.1781310835587
01-Aug-2026 01:52:06,-160.420489612957,-52.9873998796219,0,25,25,25,12,-52.9873998796219
01-Aug-2026 01:52:08,-148.727367355261,-41.2942776219255,0,25,25,25,14,-41.2942776219255
01-Aug-2026 01:52:10,-148.277222517116,-40.8441327837813,0,25,25,25,12,-40.8441327837813
01-Aug-2026 01:52:12,-148.07949502827,-40.646405294935,0,25,25,25,11,-40.646405294935
01-Aug-2026 01:52:14,-148.418670284374,-40.9855805510384,0,25,25,25,11,-40.9855805510384
01-Aug-2026 01:52:16,-163.104297964105,-55.6712082307698,0,25,25,25,10,-55.6712082307698
01-Aug-2026 01:52:18,-162.047062530687,-54.613972797352,0,26,26,26,10,-54.613972797352
01-Aug-2026 01:52:20,-161.972185492516,-54.539095759181,0,26,26,26,11,-54.539095759181
01-Aug-2026 01:52:22,-172.487798931079,-65.0547091977435,0,26,26,26,9,-65.0547091977435
01-Aug-2026 01:52:24,-172.631809729451,-65.1987199961163,0,26,26,26,9,-65.1987199961163
01-Aug-2026 01:52:26,-172.965572236967,-65.5324825036317,0,26,26,26,7,-65.5324825036317
01-Aug-2026 01:52:28,-173.302066717283,-65.8689769839476,0,26,26,26,7,-65.8689769839476
01-Aug-2026 01:52:30,-173.551097165864,-66.118007432529,0,26,26,26,7,-66.118007432529
01-Aug-2026 01:52:32,-162.324789085949,-54.891699352614,0,27,27,27,12,-54.891699352614
01-Aug-2026 01:52:34,-161.6717714368,-54.2386817034649,0,27,27,27,10,-54.2386817034649
01-Aug-2026 01:52:36,-150.994552179215,-43.5614624458801,0,27,27,27,12,-43.5614624458801
01-Aug-2026 01:52:38,-151.188327826904,-43.7552380935688,0,26,26,26,11,-43.7552380935688
01-Aug-2026 01:52:40,-151.724597907626,-44.291508174291,0,26,26,26,11,-44.291508174291
01-Aug-2026 01:52:42,-151.712944159124,-44.2798544257884,0,25,25,25,10,-44.2798544257884
01-Aug-2026 01:52:44,-151.190188001482,-43.7570982681466,0,25,25,25,10,-43.7570982681466
01-Aug-2026 01:52:46,-151.505239342978,-44.0721496096425,0,25,25,25,10,-44.0721496096425
01-Aug-2026 01:52:48,-151.433544211825,-44.0004544784899,0,25,25,25,10,-44.0004544784899
01-Aug-2026 01:52:50,-174.330213895338,-66.897124162003,0,25,25,25,11,-66.897124162003
01-Aug-2026 01:52:52,-156.169095626546,-48.7360058932103,0,25,25,25,13,-48.7360058932103
01-Aug-2026 01:52:54,-156.293393986853,-48.8603042535178,0,24,24,24,13,-48.8603042535178
01-Aug-2026 01:52:56,-155.902231829593,-48.4691420962582,0,25,25,25,13,-48.4691420962582
01-Aug-2026 01:52:58,-155.891348055848,-48.4582583225127,0,25,25,25,14,-48.4582583225127
01-Aug-2026 01:53:00,-155.437839916959,-48.0047501836236,0,25,25,25,15,-48.0047501836236
01-Aug-2026 01:53:02,-155.382336364666,-47.9492466313312,0,24,24,24,14,-47.9492466313312
01-Aug-2026 01:53:04,-155.71163159369,-48.2785418603546,0,24,24,24,15,-48.2785418603546
01-Aug-2026 01:53:06,-155.426370841826,-47.9932811084904,0,24,24,24,14,-47.9932811084904
01-Aug-2026 01:53:08,-163.233974618345,-55.80088488501,0,25,25,25,15,-55.80088488501
01-Aug-2026 01:53:10,-163.540647831787,-56.1075580984522,0,25,25,25,15,-56.1075580984522
01-Aug-2026 01:53:12,-163.847717445058,-56.4146277117227,0,25,25,25,15,-56.4146277117227
01-Aug-2026 01:53:14,-163.699995367729,-56.2669056343935,0,25,25,25,15,-56.2669056343935
01-Aug-2026 01:53:16,-163.939377567815,-56.5062878344798,0,25,25,25,15,-56.5062878344798
01-Aug-2026 01:53:18,-163.586052782976,-56.1529630496409,0,26,26,26,15,-56.1529630496409
01-Aug-2026 01:53:20,-163.729184244667,-56.2960945113321,0,26,26,26,15,-56.2960945113321
01-Aug-2026 01:53:22,-163.539411696507,-56.1063219631722,0,26,26,26,14,-56.1063219631722
01-Aug-2026 01:53:24,-163.746004852101,-56.3129151187661,0,26,26,26,14,-56.3129151187661
01-Aug-2026 01:53:26,-172.312188920752,-64.8790991874168,0,26,26,26,14,-64.8790991874168
01-Aug-2026 01:53:28,-172.718504699932,-65.2854149665972,0,26,26,26,15,-65.2854149665972
01-Aug-2026 01:53:30,-172.142774548387,-64.7096848150523,0,26,26,26,16,-64.7096848150523
01-Aug-2026 01:53:32,-172.026165217443,-64.5930754841077,0,26,26,26,17,-64.5930754841077
01-Aug-2026 01:53:34,-134.949397798705,-27.51630806537,0,26,26,26,15,-27.51630806537
01-Aug-2026 01:53:36,-136.815448742801,-29.3823590094663,0,26,26,26,15,-29.3823590094663
01-Aug-2026 01:53:38,-138.542661231437,-31.1095714981015,0,25,25,25,16,-31.1095714981015
01-Aug-2026 01:53:40,-139.701857188734,-32.2687674553985,0,26,26,26,14,-32.2687674553985
01-Aug-2026 01:53:42,-140.195552808328,-32.7624630749933,0,26,26,26,14,-32.7624630749933
01-Aug-2026 01:53:44,-140.306539267253,-32.8734495339177,0,26,26,26,15,-32.8734495339177
01-Aug-2026 01:53:46,-140.92952551356,-33.4964357802249,0,26,26,26,15,-33.4964357802249
01-Aug-2026 01:53:48,-141.674083418827,-34.2409936854917,0,26,26,26,13,-34.2409936854917
01-Aug-2026 01:53:50,-126.450685974519,-19.0175962411838,0,26,26,26,14,-19.0175962411838
01-Aug-2026 01:53:52,-126.752050280047,-19.3189605467122,0,26,26,26,13,-19.3189605467122
01-Aug-2026 01:53:54,-127.887702404282,-20.4546126709464,0,26,26,26,14,-20.4546126709464
01-Aug-2026 01:53:56,-128.551004193386,-21.117914460051,0,26,26,26,14,-21.117914460051
01-Aug-2026 01:53:58,-128.859795623701,-21.4267058903658,0,26,26,26,13,-21.4267058903658
01-Aug-2026 01:54:00,-134.045642656555,-26.6125529232203,0,26,26,26,15,-26.6125529232203
01-Aug-2026 01:54:02,-135.260122833254,-27.8270330999187,0,26,26,26,16,-27.8270330999187
01-Aug-2026 01:54:04,-136.049062605322,-28.6159728719865,0,26,26,26,15,-28.6159728719865
01-Aug-2026 01:54:06,-137.132344059419,-29.6992543260839,0,26,26,26,16,-29.6992543260839
01-Aug-2026 01:54:08,-137.817511399681,-30.3844216663462,0,26,26,26,16,-30.3844216663462
01-Aug-2026 01:54:10,-138.936048978355,-31.5029592450194,0,26,26,26,17,-31.5029592450194
01-Aug-2026 01:54:12,-139.627537803049,-32.1944480697141,0,25,25,25,16,-32.1944480697141
01-Aug-2026 01:54:14,-140.505979796668,-33.0728900633328,0,25,25,25,17,-33.0728900633328
01-Aug-2026 01:54:16,-140.874424343208,-33.4413346098725,0,24,24,24,14,-33.4413346098725
01-Aug-2026 01:54:18,-142.151422159249,-34.7183324259134,0,24,24,24,14,-34.7183324259134
01-Aug-2026 01:54:20,-142.460211420713,-35.0271216873775,0,24,24,24,14,-35.0271216873775
01-Aug-2026 01:54:22,-142.897981545204,-35.4648918118687,0,24,24,24,13,-35.4648918118687
01-Aug-2026 01:54:24,-143.093845412692,-35.6607556793572,0,24,24,24,15,-35.6607556793572
01-Aug-2026 01:54:26,-143.709858947357,-36.2767692140222,0,24,24,24,15,-36.2767692140222
01-Aug-2026 01:54:28,-144.525082198246,-37.0919924649111,0,24,24,24,14,-37.0919924649111
01-Aug-2026 01:54:30,-144.79753992272,-37.3644501893847,0,24,24,24,14,-37.3644501893847
01-Aug-2026 01:54:32,-144.837347076927,-37.4042573435921,0,24,24,24,14,-37.4042573435921
01-Aug-2026 01:54:34,-145.353316063356,-37.9202263300205,0,24,24,24,13,-37.9202263300205
01-Aug-2026 01:54:36,-145.473613762154,-38.0405240288189,0,24,24,24,15,-38.0405240288189
01-Aug-2026 01:54:38,-145.81610416969,-38.3830144363544,0,24,24,24,16,-38.3830144363544
01-Aug-2026 01:54:40,-146.421989819551,-38.9889000862163,0,24,24,24,17,-38.9889000862163
01-Aug-2026 01:54:42,-146.585637032412,-39.1525472990769,0,25,25,25,16,-39.1525472990769
01-Aug-2026 01:54:44,-146.871118534536,-39.4380288012012,0,25,25,25,15,-39.4380288012012
01-Aug-2026 01:54:46,-150.882365352642,-43.4492756193066,0,25,25,25,14,-43.4492756193066
01-Aug-2026 01:54:48,-153.947275467404,-46.5141857340691,0,25,25,25,13,-46.5141857340691
01-Aug-2026 01:54:50,-154.120575204474,-46.6874854711393,0,25,25,25,13,-46.6874854711393
01-Aug-2026 01:54:52,-154.163575636155,-46.7304859028194,0,25,25,25,14,-46.7304859028194
01-Aug-2026 01:54:54,-148.870220258338,-41.4371305250024,0,25,25,25,15,-41.4371305250024
01-Aug-2026 01:54:56,-148.319440514502,-40.8863507811665,0,24,24,24,15,-40.8863507811665
01-Aug-2026 01:54:58,-148.439180734128,-41.0060910007926,0,24,24,24,14,-41.0060910007926
01-Aug-2026 01:55:00,-148.101001582458,-40.6679118491225,0,23,23,23,14,-40.6679118491225
01-Aug-2026 01:55:02,-148.147693023417,-40.7146032900814,0,23,23,23,14,-40.7146032900814
01-Aug-2026 01:55:04,-148.170998122973,-40.7379083896381,0,24,24,24,16,-40.7379083896381
01-Aug-2026 01:55:06,-148.10581623197,-40.6727264986345,0,24,24,24,18,-40.6727264986345
01-Aug-2026 01:55:08,-147.635688426389,-40.2025986930538,0,24,24,24,17,-40.2025986930538
01-Aug-2026 01:55:10,-148.020202378614,-40.5871126452793,0,24,24,24,15,-40.5871126452793
01-Aug-2026 01:55:12,-151.069275850425,-43.6361861170898,0,23,23,23,13,-43.6361861170898
01-Aug-2026 01:55:14,-151.193317456181,-43.7602277228461,0,23,23,23,13,-43.7602277228461
01-Aug-2026 01:55:16,-151.420459727637,-43.9873699943016,0,23,23,23,12,-43.9873699943016
01-Aug-2026 01:55:18,-151.167536749015,-43.7344470156802,0,23,23,23,11,-43.7344470156802
01-Aug-2026 01:55:20,-151.109954467819,-43.6768647344839,0,23,23,23,12,-43.6768647344839
01-Aug-2026 01:55:22,-150.953100153227,-43.5200104198917,0,23,23,23,13,-43.5200104198917
01-Aug-2026 01:55:24,-155.528531806761,-48.0954420734258,0,23,23,23,13,-48.0954420734258
01-Aug-2026 01:55:26,-155.911466733898,-48.4783770005629,0,24,24,24,12,-48.4783770005629
01-Aug-2026 01:55:28,-156.115812280454,-48.6827225471185,0,25,25,25,13,-48.6827225471185
01-Aug-2026 01:55:30,-155.847043974975,-48.4139542416401,0,25,25,25,12,-48.4139542416401
01-Aug-2026 01:55:32,-155.791781385991,-48.3586916526554,0,25,25,25,14,-48.3586916526554
01-Aug-2026 01:55:34,-155.537956304324,-48.1048665709893,0,25,25,25,14,-48.1048665709893
01-Aug-2026 01:55:36,-155.597477456563,-48.1643877232281,0,25,25,25,14,-48.1643877232281
01-Aug-2026 01:55:38,-152.155080215616,-44.7219904822804,0,25,25,25,14,-44.7219904822804
01-Aug-2026 01:55:40,-151.986226322452,-44.5531365891167,0,25,25,25,14,-44.5531365891167
01-Aug-2026 01:55:42,-152.035919787275,-44.60283005394,0,25,25,25,14,-44.60283005394
01-Aug-2026 01:55:44,-141.10025816832,-33.6671684349851,0,25,25,25,16,-33.6671684349851
01-Aug-2026 01:55:46,-140.395560685438,-32.962470952103,0,25,25,25,17,-32.962470952103
01-Aug-2026 01:55:48,-140.396096649305,-32.9630069159696,0,26,26,26,19,-32.9630069159696
01-Aug-2026 01:55:50,-140.478232412384,-33.0451426790486,0,26,26,26,19,-33.0451426790486
01-Aug-2026 01:55:52,-139.926578797573,-32.493489064238,0,26,26,26,18,-32.493489064238
01-Aug-2026 01:55:54,-139.377042344429,-31.9439526110941,0,26,26,26,18,-31.9439526110941
01-Aug-2026 01:55:56,-139.637425605271,-32.204335871936,0,26,26,26,17,-32.204335871936
01-Aug-2026 01:55:58,-139.460972421173,-32.0278826878376,0,26,26,26,17,-32.0278826878376
01-Aug-2026 01:56:00,-139.083547326862,-31.6504575935267,0,26,26,26,15,-31.6504575935267
01-Aug-2026 01:56:02,-138.975918417289,-31.5428286839534,0,26,26,26,14,-31.5428286839534
01-Aug-2026 01:56:04,-138.82540601718,-31.392316283845,0,26,26,26,12,-31.392316283845
01-Aug-2026 01:56:06,-138.639234070158,-31.2061443368227,0,26,26,26,12,-31.2061443368227
01-Aug-2026 01:56:08,-138.863648512908,-31.430558779573,0,27,27,27,12,-31.430558779573
01-Aug-2026 01:56:10,-139.089375897115,-31.6562861637798,0,27,27,27,11,-31.6562861637798
01-Aug-2026 01:56:12,-139.385242823626,-31.9521530902907,0,27,27,27,12,-31.9521530902907
01-Aug-2026 01:56:14,-139.519952450529,-32.0868627171939,0,27,27,27,11,-32.0868627171939
01-Aug-2026 01:56:16,-139.847689083673,-32.4145993503382,0,27,27,27,13,-32.4145993503382
01-Aug-2026 01:56:18,-139.825687007761,-32.3925972744257,0,27,27,27,15,-32.3925972744257
01-Aug-2026 01:56:20,-140.406447465763,-32.9733577324276,0,28,28,28,16,-32.9733577324276
01-Aug-2026 01:56:22,-140.869989419056,-33.4368996857213,0,28,28,28,16,-33.4368996857213
01-Aug-2026 01:56:24,-140.756993439032,-33.3239037056968,0,28,28,28,17,-33.3239037056968
01-Aug-2026 01:56:26,-140.778595643679,-33.3455059103436,0,28,28,28,19,-33.3455059103436
01-Aug-2026 01:56:28,-132.851150445148,-25.4180607118128,0,28,28,28,18,-25.4180607118128
01-Aug-2026 01:56:30,-132.526293480003,-25.0932037466675,0,27,27,27,16,-25.0932037466675
01-Aug-2026 01:56:32,-131.601423491378,-24.1683337580426,0,27,27,27,16,-24.1683337580426
01-Aug-2026 01:56:34,-130.767288989366,-23.3341992560312,0,27,27,27,14,-23.3341992560312
01-Aug-2026 01:56:36,-130.06622099539,-22.6331312620548,0,27,27,27,17,-22.6331312620548
01-Aug-2026 01:56:38,-130.009323909371,-22.576234176036,0,26,26,26,16,-22.576234176036
01-Aug-2026 01:56:40,-144.511038956014,-37.0779492226786,0,26,26,26,15,-37.0779492226786
01-Aug-2026 01:56:42,-147.741467032181,-40.3083772988458,0,26,26,26,15,-40.3083772988458
01-Aug-2026 01:56:44,-152.946305144633,-45.5132154112978,0,27,27,27,15,-45.5132154112978
01-Aug-2026 01:56:46,-153.326594794878,-45.8935050615432,0,26,26,26,15,-45.8935050615432
01-Aug-2026 01:56:48,-153.527823738602,-46.094734005267,0,26,26,26,14,-46.094734005267
01-Aug-2026 01:56:50,-153.48703784489,-46.0539481115544,0,26,26,26,13,-46.0539481115544
01-Aug-2026 01:56:52,-153.59822551919,-46.165135785855,0,25,25,25,13,-46.165135785855
01-Aug-2026 01:56:54,-153.840490461846,-46.407400728511,0,25,25,25,12,-46.407400728511
01-Aug-2026 01:56:56,-153.632231579608,-46.1991418462729,0,26,26,26,15,-46.1991418462729
01-Aug-2026 01:56:58,-155.760717224474,-48.3276274911388,0,26,26,26,13,-48.3276274911388
01-Aug-2026 01:57:00,-155.872248487501,-48.4391587541654,0,27,27,27,14,-48.4391587541654
01-Aug-2026 01:57:02,-156.191558858078,-48.7584691247431,0,27,27,27,15,-48.7584691247431
01-Aug-2026 01:57:04,-156.340681229011,-48.907591495676,0,27,27,27,15,-48.907591495676
01-Aug-2026 01:57:06,-165.771938923153,-58.338849189818,0,27,27,27,14,-58.338849189818
01-Aug-2026 01:57:08,-165.660494925645,-58.22740519231,0,27,27,27,13,-58.22740519231
01-Aug-2026 01:57:10,-160.353356334266,-52.9202666009312,0,27,27,27,12,-52.9202666009312
01-Aug-2026 01:57:12,-161.005949767285,-53.5728600339501,0,27,27,27,12,-53.5728600339501
01-Aug-2026 01:57:14,-161.00194938237,-53.5688596490349,0,27,27,27,11,-53.5688596490349
01-Aug-2026 01:57:16,-160.42421399776,-52.9911242644248,0,27,27,27,12,-52.9911242644248
01-Aug-2026 01:57:18,-155.915236525744,-48.4821467924089,0,27,27,27,13,-48.4821467924089
01-Aug-2026 01:57:20,-156.97530136297,-49.5422116296346,0,27,27,27,14,-49.5422116296346
01-Aug-2026 01:57:22,-135.231481976633,-27.7983922432977,0,27,27,27,13,-27.7983922432977
01-Aug-2026 01:57:24,-137.10446383818,-29.6713741048445,0,27,27,27,12,-29.6713741048445
01-Aug-2026 01:57:26,-157.208777510265,-49.7756877769299,0,27,27,27,11,-49.7756877769299
01-Aug-2026 01:57:28,-157.232896991311,-49.7998072579762,0,26,26,26,14,-49.7998072579762
01-Aug-2026 01:57:30,-153.150858969014,-45.7177692356789,0,26,26,26,14,-45.7177692356789
01-Aug-2026 01:57:32,-152.724343692998,-45.2912539596628,0,26,26,26,14,-45.2912539596628
01-Aug-2026 01:57:34,-151.904190164243,-44.4711004309074,0,26,26,26,16,-44.4711004309074
01-Aug-2026 01:57:36,-151.520937794584,-44.0878480612484,0,27,27,27,17,-44.0878480612484
01-Aug-2026 01:57:38,-151.552972709378,-44.119882976043,0,27,27,27,17,-44.119882976043
01-Aug-2026 01:57:40,-162.659074872064,-55.225985138729,0,27,27,27,15,-55.225985138729
01-Aug-2026 01:57:42,-159.006071195533,-51.5729814621974,0,27,27,27,14,-51.5729814621974
01-Aug-2026 01:57:44,-159.163966187898,-51.7308764545626,0,27,27,27,14,-51.7308764545626
01-Aug-2026 01:57:46,-153.830213312772,-46.3971235794364,0,26,26,26,14,-46.3971235794364
01-Aug-2026 01:57:48,-153.511207347856,-46.0781176145205,0,26,26,26,14,-46.0781176145205
01-Aug-2026 01:57:50,-153.974865036143,-46.5417753028082,0,26,26,26,14,-46.5417753028082
01-Aug-2026 01:57:52,-153.68422450279,-46.2511347694553,0,26,26,26,15,-46.2511347694553
01-Aug-2026 01:57:54,-153.693051287465,-46.2599615541303,0,26,26,26,15,-46.2599615541303
01-Aug-2026 01:57:56,-153.574870597181,-46.1417808638458,0,25,25,25,12,-46.1417808638458
01-Aug-2026 01:57:58,-153.250492009018,-45.8174022756829,0,25,25,25,12,-45.8174022756829
01-Aug-2026 01:58:00,-156.398960462115,-48.9658707287798,0,25,25,25,12,-48.9658707287798
01-Aug-2026 01:58:02,-155.128703186801,-47.695613453466,0,24,24,24,13,-47.695613453466
01-Aug-2026 01:58:04,-155.078105894725,-47.6450161613899,0,24,24,24,12,-47.6450161613899
01-Aug-2026 01:58:06,-153.491832399691,-46.0587426663562,0,24,24,24,13,-46.0587426663562
01-Aug-2026 01:58:08,-151.518102185892,-44.0850124525568,0,24,24,24,14,-44.0850124525568
01-Aug-2026 01:58:10,-152.40302761287,-44.9699378795349,0,24,24,24,14,-44.9699378795349
01-Aug-2026 01:58:12,-153.190992502177,-45.7579027688418,0,24,24,24,12,-45.7579027688418
01-Aug-2026 01:58:14,-151.747774153443,-44.3146844201082,0,24,24,24,11,-44.3146844201082
01-Aug-2026 01:58:16,-151.865643812161,-44.4325540788262,0,24,24,24,11,-44.4325540788262
01-Aug-2026 01:58:18,-151.596798696842,-44.1637089635065,0,24,24,24,11,-44.1637089635065
01-Aug-2026 01:58:20,-151.705750218315,-44.2726604849799,0,24,24,24,12,-44.2726604849799
01-Aug-2026 01:58:22,-151.860094750942,-44.4270050176069,0,24,24,24,11,-44.4270050176069
01-Aug-2026 01:58:24,-152.327905800097,-44.8948160667621,0,23,23,23,10,-44.8948160667621
01-Aug-2026 01:58:26,-152.091716710869,-44.6586269775342,0,23,23,23,10,-44.6586269775342
01-Aug-2026 01:58:28,-152.428705243211,-44.9956155098754,0,24,24,24,10,-44.9956155098754
01-Aug-2026 01:58:30,-152.261901815674,-44.828812082339,0,24,24,24,12,-44.828812082339
01-Aug-2026 01:58:32,-152.378377862995,-44.9452881296595,0,25,25,25,12,-44.9452881296595
01-Aug-2026 01:58:34,-152.351637015323,-44.9185472819878,0,25,25,25,13,-44.9185472819878
01-Aug-2026 01:58:36,-151.266939676813,-43.8338499434779,0,25,25,25,12,-43.8338499434779
01-Aug-2026 01:58:38,-152.035232305333,-44.6021425719974,0,25,25,25,12,-44.6021425719974
01-Aug-2026 01:58:40,-150.342004110799,-42.9089143774641,0,25,25,25,12,-42.9089143774641
01-Aug-2026 01:58:42,-150.551341363459,-43.1182516301238,0,25,25,25,10,-43.1182516301238
01-Aug-2026 01:58:44,-150.352774958216,-42.9196852248808,0,25,25,25,9,-42.9196852248808
01-Aug-2026 01:58:46,-149.994067417225,-42.5609776838898,0,25,25,25,11,-42.5609776838898
01-Aug-2026 01:58:48,-149.425337156491,-41.9922474231555,0,23,23,23,11,-41.9922474231555
01-Aug-2026 01:58:50,-149.497432820116,-42.0643430867809,0,23,23,23,10,-42.0643430867809
01-Aug-2026 01:58:52,-149.997882380398,-42.5647926470626,0,23,23,23,9,-42.5647926470626
01-Aug-2026 01:58:54,-149.891054954919,-42.4579652215835,0,23,23,23,9,-42.4579652215835
01-Aug-2026 01:58:56,-148.535642842095,-41.10255310876,0,24,24,24,10,-41.10255310876
01-Aug-2026 01:58:58,-148.188634829166,-40.7555450958307,0,24,24,24,10,-40.7555450958307
01-Aug-2026 01:59:00,-147.782758214526,-40.3496684811907,0,24,24,24,10,-40.3496684811907
01-Aug-2026 01:59:02,-147.365202958565,-39.9321132252297,0,24,24,24,11,-39.9321132252297
01-Aug-2026 01:59:04,-147.080242762466,-39.647153029131,0,24,24,24,11,-39.647153029131
01-Aug-2026 01:59:06,-147.016557291354,-39.5834675580189,0,24,24,24,11,-39.5834675580189
01-Aug-2026 01:59:08,-147.291151588583,-39.858061855248,0,24,24,24,11,-39.858061855248
01-Aug-2026 01:59:10,-147.062193755911,-39.6291040225755,0,24,24,24,12,-39.6291040225755
01-Aug-2026 01:59:12,-146.545626458447,-39.1125367251122,0,25,25,25,14,-39.1125367251122
01-Aug-2026 01:59:14,-146.3900778192,-38.9569880858645,0,25,25,25,13,-38.9569880858645
01-Aug-2026 01:59:16,-146.364032726312,-38.9309429929773,0,25,25,25,13,-38.9309429929773
01-Aug-2026 01:59:18,-146.473572453519,-39.0404827201839,0,25,25,25,13,-39.0404827201839
01-Aug-2026 01:59:20,-146.166971974513,-38.7338822411778,0,25,25,25,15,-38.7338822411778
01-Aug-2026 01:59:22,-146.367960134852,-38.934870401517,0,26,26,26,14,-38.934870401517
01-Aug-2026 01:59:24,-146.153473819392,-38.7203840860571,0,26,26,26,13,-38.7203840860571
01-Aug-2026 01:59:26,-146.138906451252,-38.7058167179167,0,26,26,26,11,-38.7058167179167
01-Aug-2026 01:59:28,-147.518296552883,-40.0852068195474,0,26,26,26,9,-40.0852068195474
01-Aug-2026 01:59:30,-147.389553375666,-39.9564636423306,0,26,26,26,9,-39.9564636423306
01-Aug-2026 01:59:32,-147.497943915097,-40.064854181762,0,26,26,26,8,-40.064854181762
01-Aug-2026 01:59:34,-147.104562317127,-39.6714725837921,0,26,26,26,8,-39.6714725837921
01-Aug-2026 01:59:36,-146.621738392454,-39.1886486591186,0,26,26,26,9,-39.1886486591186
01-Aug-2026 01:59:38,-146.027639777975,-38.5945500446399,0,26,26,26,11,-38.5945500446399
01-Aug-2026 01:59:40,-146.049026471542,-38.6159367382069,0,26,26,26,11,-38.6159367382069
01-Aug-2026 01:59:42,-146.403726855607,-38.9706371222718,0,26,26,26,10,-38.9706371222718
01-Aug-2026 01:59:44,-146.445623245828,-39.0125335124929,0,26,26,26,9,-39.0125335124929
01-Aug-2026 01:59:46,-146.24341770615,-38.8103279728143,0,26,26,26,9,-38.8103279728143
01-Aug-2026 01:59:48,-146.638226478579,-39.2051367452434,0,26,26,26,9,-39.2051367452434
01-Aug-2026 01:59:50,-152.653873565141,-45.2207838318058,0,26,26,26,9,-45.2207838318058
01-Aug-2026 01:59:52,-154.104910668706,-46.6718209353708,0,26,26,26,7,-46.6718209353708
01-Aug-2026 01:59:54,-154.365211435222,-46.9321217018872,0,26,26,26,6,-46.9321217018872
01-Aug-2026 01:59:56,-153.792103131399,-46.3590133980637,0,26,26,26,8,-46.3590133980637
01-Aug-2026 01:59:58,-154.463549460908,-47.0304597275732,0,27,27,27,11,-47.0304597275732
01-Aug-2026 02:00:00,-154.592472266987,-47.159382533652,0,27,27,27,11,-47.159382533652
