OuterAngleDeg,InnerAngleDeg,WorstExceedancePercent,RobustExceedancePercent,MedianExceedancePercent,MaximumIOverNDb,P95IOverNDb,PracticalPercentileIOverNDb,RobustAvailabilityPercent,RetaskDutyPercent,ShutdownDutyPercent,Feasible,PracticalFeasible,Score,SearchStage
0,0,2.36045542904749,2.36045542904749,2.02721466259372,15.1576364515113,-14.6076118689622,12.8368148767794,97.6395445709525,0,0,0,0,0,coarse
0.5,0,2.36045542904749,2.36045542904749,2.02721466259372,15.1576364515113,-14.6076118689622,12.8368148767794,97.6395445709525,0,0,0,0,0.5,coarse
0.5,0.5,2.36045542904749,2.36045542904749,2.02721466259372,15.1576364515113,-14.6076118689622,12.8368148767794,97.6395445709525,0,0,0,0,1,coarse
1,0,2.36045542904749,2.36045542904749,2.02721466259372,15.1576364515113,-14.6076118689622,12.8368148767794,97.6395445709525,0.00952948183442525,0,0,0,1,coarse
1,0.5,2.36045542904749,2.36045542904749,2.02721466259372,15.1576364515113,-14.6076118689622,12.8368148767794,97.6395445709525,0.00952948183442525,0,0,0,1.5,coarse
1,1,2.33268536517634,2.33268536517634,1.99944459872258,15.1576364515113,-14.6563125063461,12.8368148767794,97.6673146348237,0,0.00952948183442525,0,0,2,coarse
2,0,2.36045542904749,2.36045542904749,2.02721466259372,15.1576364515113,-14.6076118689622,12.8368148767794,97.6395445709525,0.038117927337701,0,0,0,2,coarse
2,0.5,2.36045542904749,2.36045542904749,2.02721466259372,15.1576364515113,-14.6076118689622,12.8368148767794,97.6395445709525,0.038117927337701,0,0,0,2.5,coarse
2,1,2.33268536517634,2.33268536517634,1.99944459872258,15.1576364515113,-14.6563125063461,12.8368148767794,97.6673146348237,0.0301079253323452,0.00952948183442525,0,0,3,coarse
2,2,2.22160510969175,2.22160510969175,1.94390447098028,15.1576364515113,-15.0790685689726,12.8368148767794,97.7783948903082,0,0.038117927337701,0,0,4,coarse
3,0,2.36045542904749,2.36045542904749,1.93001943904471,15.1576364515113,-14.6076118689622,12.8368148767794,97.6395445709525,0.0929124478856462,0,0,0,3,coarse
3,0.5,2.36045542904749,2.36045542904749,1.93001943904471,15.1576364515113,-14.6076118689622,12.8368148767794,97.6395445709525,0.0929124478856462,0,0,0,3.5,coarse
3,1,2.33268536517634,2.33268536517634,1.90224937517356,15.1576364515113,-14.6563125063461,12.8368148767794,97.6673146348237,0.083382966051221,0.00952948183442525,0,0,4,coarse
3,2,2.22160510969175,2.22160510969175,1.84670924743127,15.1576364515113,-15.0790685689726,12.8368148767794,97.7783948903082,0.0547945205479452,0.038117927337701,0,0,5,coarse
3,3,2.19383504582061,2.19383504582061,1.70785892807553,15.1576364515113,-15.6900497464571,12.8368148767794,97.8061649541794,0,0.0929124478856462,0,0,6,coarse
5,0,2.2493751735629,2.2493751735629,1.81893918356012,15.1576364515113,-15.0154398929907,12.3636769339073,97.7506248264371,0.254913639070875,0,0,0,5,coarse
5,0.5,2.2493751735629,2.2493751735629,1.81893918356012,15.1576364515113,-15.0154398929907,12.3636769339073,97.7506248264371,0.254913639070875,0,0,0,5.5,coarse
5,1,2.22160510969175,2.22160510969175,1.79116911968898,15.1576364515113,-15.0721101474886,12.3636769339073,97.7783948903082,0.24538415723645,0.00952948183442525,0,0,6,coarse
5,2,2.11052485420716,2.11052485420716,1.73562899194668,15.1576364515113,-15.2448621597679,12.3636769339073,97.8894751457928,0.216795711733174,0.038117927337701,0,0,7,coarse
5,3,2.08275479033602,2.08275479033602,1.59677867259095,15.1576364515113,-15.7859826625853,12.3636769339073,97.917245209664,0.162001191185229,0.0929124478856462,0,0,8,coarse
5,5,2.05498472646487,2.05498472646487,1.45792835323521,15.1576364515113,-16.3166476553465,12.3636769339073,97.9450152735351,0,0.254913639070875,0,0,10,coarse
10,0,1.7772840877534,1.7772840877534,1.58289364065537,13.9516992135463,-15.7848236149197,9.32103306088725,98.2227159122466,0.819535437760572,0,0,0,10,coarse
10,0.5,1.7772840877534,1.7772840877534,1.58289364065537,13.9516992135463,-15.7848236149197,9.32103306088725,98.2227159122466,0.819535437760572,0,0,0,10.5,coarse
10,1,1.74951402388225,1.74951402388225,1.55512357678423,13.9516992135463,-15.8130379554921,9.32103306088725,98.2504859761177,0.810005955926147,0.00952948183442525,0,0,11,coarse
10,2,1.63843376839767,1.63843376839767,1.49958344904193,13.9516992135463,-15.9797863047263,9.32103306088725,98.3615662316023,0.781417510422871,0.038117927337701,0,0,12,coarse
10,3,1.61066370452652,1.61066370452652,1.3607331296862,13.9516992135463,-16.3836713094671,9.32103306088725,98.3893362954735,0.726622989874926,0.0929124478856462,0,0,13,coarse
10,5,1.58289364065537,1.58289364065537,1.22188281033046,13.9516992135463,-17.1219116496497,9.32103306088725,98.4171063593446,0.564621798689696,0.254913639070875,0,0,15,coarse
10,10,1.55512357678423,1.55512357678423,1.22188281033046,13.9516992135463,-18.4008631589703,9.32103306088725,98.4448764232158,0,0.819535437760572,0,0,20,coarse
15,0,1.49958344904193,1.49958344904193,1.22188281033046,8.42745210061901,-16.2155365629037,6.28144212529875,98.5004165509581,1.67242406194163,0,0,0,15,coarse
15,0.5,1.49958344904193,1.49958344904193,1.22188281033046,8.42745210061901,-16.2155365629037,6.28144212529875,98.5004165509581,1.67242406194163,0,0,0,15.5,coarse
15,1,1.44404332129964,1.44404332129964,1.20799777839489,8.42745210061901,-16.2718928954313,6.28144212529875,98.5559566787004,1.66289458010721,0.00952948183442525,0,0,16,coarse
15,2,1.38850319355735,1.38850319355735,1.12468758678145,8.42745210061901,-16.5005543181326,4.8043313963375,98.6114968064427,1.63430613460393,0.038117927337701,0,0,17,coarse
15,3,1.27742293807276,1.27742293807276,1.02749236323244,8.42745210061901,-16.9048826967662,4.8043313963375,98.7225770619272,1.57951161405599,0.0929124478856462,0,0,18,coarse
15,5,1.08303249097473,1.08303249097473,0.971952235490142,8.42745210061901,-17.4988471364788,4.8043313963375,98.9169675090253,1.41751042287076,0.254913639070875,0,0,20,coarse
15,10,1.05526242710358,1.05526242710358,0.971952235490142,8.42745210061901,-18.595035636746,4.8043313963375,98.9447375728964,0.85288862418106,0.819535437760572,0,0,25,coarse
15,15,1.05526242710358,1.05526242710358,0.971952235490142,8.42745210061901,-21.0707356086397,4.8043313963375,98.9447375728964,0,1.67242406194163,0,0,30,coarse
20,0,1.3051930019439,1.3051930019439,0.874757011941127,7.6585718216178,-17.7008886702486,4.53444792702188,98.6948069980561,2.83978558665873,0,0,0,20,coarse
20,0.5,1.3051930019439,1.3051930019439,0.874757011941127,7.6585718216178,-17.7008886702486,4.53444792702188,98.6948069980561,2.83978558665873,0,0,0,20.5,coarse
20,1,1.24965287420161,1.24965287420161,0.860871980005554,7.6585718216178,-17.7440677335584,4.53444792702188,98.7503471257984,2.8302561048243,0.00952948183442525,0,0,21,coarse
20,2,1.19411274645932,1.19411274645932,0.777561788392113,5.9504973542108,-17.8857860620235,4.29264911120542,98.8058872535407,2.80166765932102,0.038117927337701,0,0,22,coarse
20,3,1.08303249097473,1.08303249097473,0.680366564843099,5.9504973542108,-18.1915317260761,4.29264911120542,98.9169675090253,2.74687313877308,0.0929124478856462,0,0,23,coarse
20,5,0.833101916134407,0.833101916134407,0.652596500971952,5.9504973542108,-18.6712851748003,4.29264911120542,99.1668980838656,2.58487194758785,0.254913639070875,0,0,25,coarse
20,10,0.833101916134407,0.833101916134407,0.638711469036379,5.9504973542108,-19.5168308057077,4.29264911120542,99.1668980838656,2.02025014889815,0.819535437760572,0,0,30,coarse
20,15,0.833101916134407,0.833101916134407,0.638711469036379,5.94976228868437,-21.9325479285147,4.29264911120542,99.1668980838656,1.16736152471709,1.67242406194163,0,0,35,coarse
20,20,0.833101916134407,0.833101916134407,0.638711469036379,5.94976228868437,-23.779917560669,4.29264911120542,99.1668980838656,0,2.83978558665873,0,0,40,coarse
25,0,1.05526242710358,1.05526242710358,0.791446820327687,7.6585718216178,-17.9942773525787,4.29264911120542,98.9447375728964,4.68047638908198,0,0,0,25,coarse
25,0.5,1.05526242710358,1.05526242710358,0.791446820327687,7.6585718216178,-17.9942773525787,4.29264911120542,98.9447375728964,4.68047638908198,0,0,0,25.5,coarse
25,1,1.05526242710358,1.05526242710358,0.749791724520966,7.6585718216178,-17.9942773525787,4.29264911120542,98.9447375728964,4.67352518652394,0.00952948183442525,0,0,26,coarse
25,2,0.999722299361288,0.999722299361288,0.666481532907526,5.9504973542108,-18.1328194690888,4.29264911120542,99.0002777006387,4.65267157884981,0.038117927337701,0,0,27,coarse
25,3,0.833101916134407,0.833101916134407,0.597056373229658,5.9504973542108,-18.8162856045055,4.29264911120542,99.1668980838656,4.61559849854025,0.0929124478856462,0,0,28,coarse
25,5,0.80533185226326,0.80533185226326,0.458206053873924,5.9504973542108,-19.3880466137492,4.29264911120542,99.1946681477367,4.50437925761157,0.254913639070875,0,0,30,coarse
25,10,0.80533185226326,0.80533185226326,0.44432102193835,5.9504973542108,-20.9571031685937,4.29264911120542,99.1946681477367,3.99694147087446,0.819535437760572,0,0,35,coarse
25,15,0.80533185226326,0.80533185226326,0.44432102193835,5.94976228868437,-22.6640988377091,4.29264911120542,99.1946681477367,3.15352889383197,1.67242406194163,0,0,40,coarse
25,20,0.80533185226326,0.80533185226326,0.44432102193835,5.94976228868437,-24.7013293677701,4.29264911120542,99.1946681477367,2.00658047175495,2.83978558665873,0,0,45,coarse
25,25,0.80533185226326,0.80533185226326,0.44432102193835,5.94976228868437,-25.6216819858224,4.29264911120542,99.1946681477367,0,4.68047638908198,0,0,50,coarse
30,0,1.02749236323244,1.02749236323244,0.749791724520966,7.6585718216178,-18.3937678247362,3.79804091489358,98.9725076367676,7.77016831108532,0,0,0,30,coarse
30,0.5,1.02749236323244,1.02749236323244,0.749791724520966,7.6585718216178,-18.3937678247362,3.79804091489358,98.9725076367676,7.77016831108532,0,0,0,30.5,coarse
30,1,0.971952235490142,0.971952235490142,0.735906692585393,7.6585718216178,-18.3937678247362,3.79804091489358,99.0280477645099,7.76784677887406,0.00952948183442525,0,0,31,coarse
30,2,0.916412107747848,0.916412107747848,0.652596500971952,5.9504973542108,-18.7459485454885,3.79804091489358,99.0835878922522,7.7423099245502,0.038117927337701,0,0,32,coarse
30,3,0.80533185226326,0.80533185226326,0.555401277422938,5.9504973542108,-19.0133135126243,3.79804091489358,99.1946681477367,7.6912362159025,0.0929124478856462,0,0,33,coarse
30,5,0.72202166064982,0.72202166064982,0.44432102193835,5.9504973542108,-19.6678410838571,3.79804091489358,99.2779783393502,7.57980266976204,0.254913639070875,0,0,35,coarse
30,10,0.72202166064982,0.72202166064982,0.430435990002777,5.9504973542108,-21.1889761497788,3.79804091489358,99.2779783393502,7.13871154962275,0.819535437760572,0,0,40,coarse
30,15,0.72202166064982,0.72202166064982,0.430435990002777,5.94976228868437,-22.9533298705159,3.79794707998882,99.2779783393502,6.29135229251306,1.67242406194163,0,0,45,coarse
30,20,0.72202166064982,0.72202166064982,0.430435990002777,5.94976228868437,-24.7757014444978,3.79794707998882,99.2779783393502,5.13987231572838,2.83978558665873,0,0,50,coarse
30,25,0.72202166064982,0.72202166064982,0.430435990002777,5.94976228868437,-25.8024880496497,3.79794707998882,99.2779783393502,3.24318049912943,4.68047638908198,0,0,55,coarse
30,30,0.72202166064982,0.72202166064982,0.430435990002777,5.94973032862663,-26.7766712649834,3.79789175239534,99.2779783393502,0,7.77016831108532,0,0,60,coarse
35,0,0.72202166064982,0.72202166064982,0.569286309358512,7.6585718216178,-18.9042547885762,0.819659084608498,99.2779783393502,12.3598374927452,0,0,0,35,coarse
35,0.5,0.72202166064982,0.72202166064982,0.569286309358512,7.6585718216178,-18.9042547885762,0.819659084608498,99.2779783393502,12.3598374927452,0,0,0,35.5,coarse
35,1,0.694251596778673,0.694251596778673,0.541516245487365,7.6585718216178,-18.9620148269442,0.816370333546103,99.3057484032213,12.357515960534,0.00952948183442525,0,0,36,coarse
35,2,0.638711469036379,0.638711469036379,0.458206053873924,5.64627636679872,-19.166194950246,0.774703490829967,99.3612885309636,12.3319791062101,0.038117927337701,0,0,37,coarse
35,3,0.499861149680644,0.499861149680644,0.374895862260483,5.64627636679872,-19.4033562091616,0.131623006574192,99.5001388503194,12.2809053975624,0.0929124478856462,0,0,38,coarse
35,5,0.44432102193835,0.44432102193835,0.249930574840322,5.64627636679872,-20.2176890944492,0.131623006574192,99.5556789780616,12.1694718514219,0.254913639070875,0,0,40,coarse
35,10,0.44432102193835,0.44432102193835,0.236045542904749,5.64627636679872,-21.5326720877596,0.131623006574192,99.5556789780616,11.7283807312826,0.819535437760572,0,0,45,coarse
35,15,0.44432102193835,0.44432102193835,0.236045542904749,5.64317650910968,-23.4608192494447,0.131623006574192,99.5556789780616,10.881021474173,1.67242406194163,0,0,50,coarse
35,20,0.44432102193835,0.44432102193835,0.236045542904749,5.64317650910968,-25.6332622503158,0.131623006574192,99.5556789780616,9.72954149738828,2.83978558665873,0,0,55,coarse
35,25,0.44432102193835,0.44432102193835,0.236045542904749,5.64317650910968,-26.3220135698975,0.131623006574192,99.5556789780616,7.83284968078932,4.68047638908198,0,0,60,coarse
35,30,0.44432102193835,0.44432102193835,0.236045542904749,5.64317650910968,-27.5556267779221,0.131623006574192,99.5556789780616,4.5896691816599,7.77016831108532,0,0,65,coarse
35,35,0.44432102193835,0.44432102193835,0.236045542904749,5.64317650910968,-30.6175432210865,0.131607332004068,99.5556789780616,0,12.3598374927452,0,0,70,coarse
40,0,0.638711469036379,0.638711469036379,0.458206053873924,7.6585718216178,-20.0422136423233,0.819659084608498,99.3612885309636,19.3174695298897,0,0,0,40,coarse
40,0.5,0.638711469036379,0.638711469036379,0.458206053873924,7.6585718216178,-20.0422136423233,0.819659084608498,99.3612885309636,19.3174695298897,0,0,0,40.5,coarse
40,1,0.583171341294085,0.583171341294085,0.44432102193835,7.6585718216178,-20.0422136423233,0.816370333546103,99.4168286587059,19.3151479976785,0.00952948183442525,0,0,41,coarse
40,2,0.527631213551791,0.527631213551791,0.36101083032491,5.64627636679872,-20.3346852867093,0.774703490829967,99.4723687864482,19.2896111433546,0.038117927337701,0,0,42,coarse
40,3,0.416550958067203,0.416550958067203,0.236045542904749,5.64627636679872,-20.6010143667433,0.131623006574192,99.5834490419328,19.2385374347069,0.0929124478856462,0,0,43,coarse
40,5,0.277700638711469,0.277700638711469,0.124965287420161,5.64627636679872,-21.3244712348247,0.131623006574192,99.7222993612885,19.1271038885665,0.254913639070875,0,0,45,coarse
40,10,0.277700638711469,0.277700638711469,0.124965287420161,5.64627636679872,-22.3326266786168,0.131623006574192,99.7222993612885,18.6860127684272,0.819535437760572,0,0,50,coarse
40,15,0.277700638711469,0.277700638711469,0.124965287420161,5.64317650910968,-24.8643350498595,0.131623006574192,99.7222993612885,17.8386535113175,1.67242406194163,0,0,55,coarse
40,20,0.277700638711469,0.277700638711469,0.124965287420161,5.64317650910968,-26.3519885458136,0.131623006574192,99.7222993612885,16.6871735345328,2.83978558665873,0,0,60,coarse
40,25,0.277700638711469,0.277700638711469,0.124965287420161,5.64317650910968,-27.4190539829088,0.131623006574192,99.7222993612885,14.7904817179338,4.68047638908198,0,0,65,coarse
40,30,0.277700638711469,0.277700638711469,0.124965287420161,5.64317650910968,-28.6886742885866,0.131623006574192,99.7222993612885,11.5473012188044,7.77016831108532,0,0,70,coarse
40,35,0.277700638711469,0.277700638711469,0.124965287420161,5.64317650910968,-31.5338904242265,0.131607332004068,99.7222993612885,6.95763203714452,12.3598374927452,0,0,75,coarse
40,40,0.277700638711469,0.277700638711469,0.124965287420161,5.64317042241454,-35.1947358250948,0.131339060873699,99.7222993612885,0,19.3174695298897,0,0,80,coarse
45,0,0.499861149680644,0.499861149680644,0.347125798389336,7.6585718216178,-20.3337613380474,0.819659084608498,99.5001388503194,24.5409170052234,0,0,0,45,coarse
45,0.5,0.499861149680644,0.499861149680644,0.347125798389336,7.6585718216178,-20.3337613380474,0.819659084608498,99.5001388503194,24.5409170052234,0,0,0,45.5,coarse
45,1,0.44432102193835,0.44432102193835,0.333240766453763,7.6585718216178,-20.35153788675,0.816370333546103,99.5556789780616,24.5385954730122,0.00952948183442525,0,0,46,coarse
45,2,0.388780894196057,0.388780894196057,0.249930574840322,4.06451980211479,-20.5312226498025,-0.0409858538297143,99.6112191058039,24.5130586186883,0.038117927337701,0,0,47,coarse
45,3,0.277700638711469,0.277700638711469,0.124965287420161,1.46947409048714,-20.8489575940292,-3.18565046715877,99.7222993612885,24.4619849100406,0.0929124478856462,0,0,48,coarse
45,5,0.0833101916134407,0.0833101916134407,0.0416550958067204,1.46947409048714,-21.4623476750763,-6.41944589432797,99.9166898083866,24.3505513639002,0.254913639070875,0,1,50,coarse
45,10,0.0833101916134407,0.0833101916134407,0.0416550958067204,1.46947409048714,-22.4754535676327,-6.88954069398918,99.9166898083866,23.9094602437609,0.819535437760572,0,1,55,coarse
45,15,0.0833101916134407,0.0833101916134407,0.0416550958067204,1.46947409048714,-25.2209009341417,-7.18004933208902,99.9166898083866,23.0621009866512,1.67242406194163,0,1,60,coarse
45,20,0.0833101916134407,0.0833101916134407,0.0416550958067204,1.46947409048714,-26.6359874616919,-7.18004933208902,99.9166898083866,21.9106210098665,2.83978558665873,0,1,65,coarse
45,25,0.0833101916134407,0.0833101916134407,0.0416550958067204,1.46947409048714,-27.758778513954,-7.18034671221311,99.9166898083866,20.0139291932676,4.68047638908198,0,1,70,coarse
45,30,0.0833101916134407,0.0833101916134407,0.0416550958067204,1.46947409048714,-29.1024220468924,-7.1806173222791,99.9166898083866,16.7707486941381,7.77016831108532,0,1,75,coarse
45,35,0.0833101916134407,0.0833101916134407,0.0416550958067204,1.46946173737123,-31.790601074801,-7.18160441298088,99.9166898083866,12.1810795124782,12.3598374927452,0,1,80,coarse
45,40,0.0833101916134407,0.0833101916134407,0.0416550958067204,1.46925993473735,-35.4697163378716,-7.1822529660997,99.9166898083866,5.23888966124473,19.3174695298897,0,1,85,coarse
45,45,0.0833101916134407,0.0833101916134407,0.0416550958067204,1.4692154124848,-39.4349331671937,-7.18901222183479,99.9166898083866,0,24.5409170052234,0,1,90,coarse
50,0,0.472091085809497,0.472091085809497,0.277700638711469,7.6585718216178,-20.3933394266808,-0.152390310359512,99.5279089141905,28.7591410330818,0,0,0,50,coarse
50,0.5,0.472091085809497,0.472091085809497,0.277700638711469,7.6585718216178,-20.3933394266808,-0.152390310359512,99.5279089141905,28.7591410330818,0,0,0,50.5,coarse
50,1,0.416550958067203,0.416550958067203,0.263815606775896,7.6585718216178,-20.4204123369059,-0.152390310359512,99.5834490419328,28.7568195008706,0.00952948183442525,0,0,51,coarse
50,2,0.36101083032491,0.36101083032491,0.180505415162455,4.06451980211479,-20.6810772374948,-3.17768284179175,99.6389891696751,28.7312826465467,0.038117927337701,0,0,52,coarse
50,3,0.249930574840322,0.249930574840322,0.0694251596778673,-1.21520482511585,-20.9530685394684,-3.49671825857893,99.7500694251597,28.680208937899,0.0929124478856462,0,0,53,coarse
50,5,0.0277700638711469,0.0277700638711469,0,-4.37403268839256,-21.5443810931274,-6.62104914599579,99.9722299361289,28.5687753917586,0.254913639070875,0,1,55,coarse
50,10,0,0,0,-7.89130785958621,-22.5283930770071,-9.78723867104181,100,28.1276842716193,0.819535437760572,1,1,60,coarse
50,15,0,0,0,-11.4957329050459,-25.3160051517304,-12.0997315411342,100,27.2803250145096,1.67242406194163,1,1,65,coarse
50,20,0,0,0,-14.7429949615561,-26.929827057241,-15.3410245652332,100,26.1288450377249,2.83978558665873,1,1,70,coarse
50,25,0,0,0,-18.2546927196196,-28.1911451564662,-21.5828677713957,100,24.2321532211259,4.68047638908198,1,1,75,coarse
50,30,0,0,0,-18.3747607249507,-29.3147864767853,-21.7565155795482,100,20.9889727219965,7.77016831108532,1,1,80,coarse
50,35,0,0,0,-18.3747607249507,-32.2196356014535,-21.7565155795482,100,16.3993035403366,12.3598374927452,1,1,85,coarse
50,40,0,0,0,-18.3747607249507,-36.15376991311,-21.7619309718896,100,9.74389517569982,19.3174695298897,1,1,90,coarse
50,45,0,0,0,-18.3761398864168,-40.7706959618351,-21.7619309718896,100,4.52650387135199,24.5409170052234,1,1,95,coarse
50,50,0,0,0,-18.3761458203065,-48.2845460010954,-21.7619451902669,100,0,28.7591410330818,1,1,100,coarse
55,0,0.472091085809497,0.472091085809497,0.277700638711469,7.6585718216178,-20.3933394266808,-0.152390310359512,99.5279089141905,32.6941381311666,0,0,0,55,coarse
55,0.5,0.472091085809497,0.472091085809497,0.277700638711469,7.6585718216178,-20.3933394266808,-0.152390310359512,99.5279089141905,32.6941381311666,0,0,0,55.5,coarse
55,1,0.416550958067203,0.416550958067203,0.263815606775896,7.6585718216178,-20.4204123369059,-0.152390310359512,99.5834490419328,32.6918165989553,0.00952948183442525,0,0,56,coarse
55,2,0.36101083032491,0.36101083032491,0.180505415162455,4.06451980211479,-20.6810772374948,-3.17768284179175,99.6389891696751,32.6662797446315,0.038117927337701,0,0,57,coarse
55,3,0.249930574840322,0.249930574840322,0.0694251596778673,-1.21520482511585,-20.9530685394684,-3.49671825857893,99.7500694251597,32.6152060359837,0.0929124478856462,0,0,58,coarse
55,5,0.0277700638711469,0.0277700638711469,0,-4.37403268839256,-21.5443810931274,-6.62104914599579,99.9722299361289,32.5037724898433,0.254913639070875,0,1,60,coarse
55,10,0,0,0,-7.89130785958621,-22.5283930770071,-9.78723867104181,100,32.062681369704,0.819535437760572,1,1,65,coarse
55,15,0,0,0,-11.4957329050459,-25.3306646755787,-12.0997315411342,100,31.2153221125943,1.67242406194163,1,1,70,coarse
55,20,0,0,0,-14.7429949615561,-26.9575655289829,-15.3410245652332,100,30.0638421358096,2.83978558665873,1,1,75,coarse
55,25,0,0,0,-18.2546927196196,-28.1985379076784,-21.6633237160348,100,28.1671503192107,4.68047638908198,1,1,80,coarse
55,30,0,0,0,-18.3747607249507,-29.3332116547465,-21.7565155795482,100,25.0937977673815,7.77016831108532,1,1,85,coarse
55,35,0,0,0,-18.3747607249507,-32.2649802555488,-21.7565155795482,100,20.6636081375411,12.3598374927452,1,1,90,coarse
55,40,0,0,0,-18.3747607249507,-36.4988518067906,-21.7619309718896,100,14.2986236618935,19.3174695298897,1,1,95,coarse
55,45,0,0,0,-18.3761398864168,-42.2989104564522,-21.7619309718896,100,9.05973400064878,24.5409170052234,1,1,100,coarse
55,50,0,0,0,-18.3761458203065,-50.157356913127,-21.7619451902669,100,4.5692571481533,28.7591410330818,1,1,105,coarse
55,55,0,0,0,-18.3762393630056,-50.4537374946939,-21.7619451902669,100,0,32.6941381311666,1,1,110,coarse
60,0,0.472091085809497,0.472091085809497,0.277700638711469,7.6585718216178,-20.3933394266808,-0.152390310359512,99.5279089141905,37.3348810214742,0,0,0,60,coarse
60,0.5,0.472091085809497,0.472091085809497,0.277700638711469,7.6585718216178,-20.3933394266808,-0.152390310359512,99.5279089141905,37.3348810214742,0,0,0,60.5,coarse
60,1,0.416550958067203,0.416550958067203,0.263815606775896,7.6585718216178,-20.4204123369059,-0.152390310359512,99.5834490419328,37.3325594892629,0.00952948183442525,0,0,61,coarse
60,2,0.36101083032491,0.36101083032491,0.180505415162455,4.06451980211479,-20.6810772374948,-3.17768284179175,99.6389891696751,37.3070226349391,0.038117927337701,0,0,62,coarse
60,3,0.249930574840322,0.249930574840322,0.0694251596778673,-1.21520482511585,-20.9530685394684,-3.49671825857893,99.7500694251597,37.2559489262914,0.0929124478856462,0,0,63,coarse
60,5,0.0277700638711469,0.0277700638711469,0,-4.37403268839256,-21.5443810931274,-6.62104914599579,99.9722299361289,37.1445153801509,0.254913639070875,0,1,65,coarse
60,10,0,0,0,-7.89130785958621,-22.5693329153762,-9.78723867104181,100,36.7034242600116,0.819535437760572,1,1,70,coarse
60,15,0,0,0,-11.4957329050459,-25.3740296153099,-12.0997315411342,100,35.8560650029019,1.67242406194163,1,1,75,coarse
60,20,0,0,0,-14.7429949615561,-26.9731216478786,-15.3410245652332,100,34.7045850261172,2.83978558665873,1,1,80,coarse
60,25,0,0,0,-18.2546927196196,-28.1985379076784,-21.7983321928903,100,32.8078932095183,4.68047638908198,1,1,85,coarse
60,30,0,0,0,-18.3747607249507,-29.3332116547465,-21.7983321928903,100,29.7906341192274,7.77016831108532,1,1,90,coarse
60,35,0,0,0,-18.3747607249507,-32.2649802555488,-21.8103905926826,100,25.36013710686,12.3598374927452,1,1,95,coarse
60,40,0,0,0,-18.3747607249507,-36.6315818248204,-22.1467287028594,100,18.6616618008249,19.3174695298897,1,1,100,coarse
60,45,0,0,0,-18.3761398864168,-44.0144843552344,-22.1468953018855,100,13.4227721395801,24.5409170052234,1,1,105,coarse
60,50,0,0,0,-18.3761458203065,-50.906496880897,-22.1468964930499,100,9.19218120339062,28.7591410330818,1,1,110,coarse
60,55,0,0,0,-18.3762393630056,-51.1732711462503,-22.1469167378147,100,4.69683635184585,32.6941381311666,1,1,115,coarse
60,60,0,0,0,-18.3762702261383,-51.5862032873358,-22.1469226091133,100,0,37.3348810214742,1,1,120,coarse
65,0,0.472091085809497,0.472091085809497,0.277700638711469,7.6585718216178,-20.3933394266808,-0.152390310359512,99.5279089141905,42.1334881021474,0,0,0,65,coarse
65,0.5,0.472091085809497,0.472091085809497,0.277700638711469,7.6585718216178,-20.3933394266808,-0.152390310359512,99.5279089141905,42.1334881021474,0,0,0,65.5,coarse
65,1,0.416550958067203,0.416550958067203,0.263815606775896,7.6585718216178,-20.4204123369059,-0.152390310359512,99.5834490419328,42.1311665699362,0.00952948183442525,0,0,66,coarse
65,2,0.36101083032491,0.36101083032491,0.180505415162455,4.06451980211479,-20.6810772374948,-3.17768284179175,99.6389891696751,42.1056297156123,0.038117927337701,0,0,67,coarse
65,3,0.249930574840322,0.249930574840322,0.0694251596778673,-1.21520482511585,-20.9530685394684,-3.49671825857893,99.7500694251597,42.0545560069646,0.0929124478856462,0,0,68,coarse
65,5,0.0277700638711469,0.0277700638711469,0,-4.37403268839256,-21.5443810931274,-6.62104914599579,99.9722299361289,41.9431224608241,0.254913639070875,0,1,70,coarse
65,10,0,0,0,-7.89130785958621,-22.5693329153762,-9.78723867104181,100,41.5020313406849,0.819535437760572,1,1,75,coarse
65,15,0,0,0,-11.4957329050459,-25.3740296153099,-12.0997315411342,100,40.6546720835752,1.67242406194163,1,1,80,coarse
65,20,0,0,0,-14.7429949615561,-26.9731216478786,-15.3410245652332,100,39.5031921067905,2.83978558665873,1,1,85,coarse
65,25,0,0,0,-18.2546927196196,-28.1985379076784,-21.7983321928903,100,37.6065002901915,4.68047638908198,1,1,90,coarse
65,30,0,0,0,-18.3747607249507,-29.3332116547465,-21.7983321928903,100,34.3633197910621,7.77016831108532,1,1,95,coarse
65,35,0,0,0,-18.3747607249507,-32.2649802555488,-21.8277032354655,100,29.7736506094022,12.3598374927452,1,1,100,coarse
65,40,0,0,0,-18.3747607249507,-36.7666378352826,-22.1467287028594,100,23.2216506789008,19.3174695298897,1,1,105,coarse
65,45,0,0,0,-18.3761398864168,-45.2030257143196,-22.1468953018855,100,17.9827610176561,24.5409170052234,1,1,110,coarse
65,50,0,0,0,-18.3761458203065,-51.2815801198065,-22.1468964930499,100,13.4922841651606,28.7591410330818,1,1,115,coarse
65,55,0,0,0,-18.3762393630056,-51.9469279733917,-22.1469167378147,100,9.43934997098085,32.6941381311666,1,1,120,coarse
65,60,0,0,0,-18.3762702261383,-52.2061137918473,-22.1469226091133,100,4.79860708067324,37.3348810214742,1,1,125,coarse
65,65,0,0,0,-18.3762702261383,-52.5404659992504,-22.1469436980079,100,0,42.1334881021474,1,1,130,coarse
70,0,0.472091085809497,0.472091085809497,0.277700638711469,7.6585718216178,-20.3933394266808,-0.152390310359512,99.5279089141905,46.9692396982008,0,0,0,70,coarse
70,0.5,0.472091085809497,0.472091085809497,0.277700638711469,7.6585718216178,-20.3933394266808,-0.152390310359512,99.5279089141905,46.9692396982008,0,0,0,70.5,coarse
70,1,0.416550958067203,0.416550958067203,0.263815606775896,7.6585718216178,-20.4204123369059,-0.152390310359512,99.5834490419328,46.9669181659896,0.00952948183442525,0,0,71,coarse
70,2,0.36101083032491,0.36101083032491,0.180505415162455,4.06451980211479,-20.6810772374948,-3.17768284179175,99.6389891696751,46.9413813116657,0.038117927337701,0,0,72,coarse
70,3,0.249930574840322,0.249930574840322,0.0694251596778673,-1.21520482511585,-20.9530685394684,-3.49671825857893,99.7500694251597,46.890307603018,0.0929124478856462,0,0,73,coarse
70,5,0.0277700638711469,0.0277700638711469,0,-4.37403268839256,-21.5443810931274,-6.62104914599579,99.9722299361289,46.7788740568775,0.254913639070875,0,1,75,coarse
70,10,0,0,0,-7.89130785958621,-22.5693329153762,-9.78723867104181,100,46.3377829367383,0.819535437760572,1,1,80,coarse
70,15,0,0,0,-11.4957329050459,-25.3740296153099,-12.0997315411342,100,45.4904236796286,1.67242406194163,1,1,85,coarse
70,20,0,0,0,-14.7429949615561,-26.9731216478786,-15.3410245652332,100,44.3389437028439,2.83978558665873,1,1,90,coarse
70,25,0,0,0,-18.2546927196196,-28.1985379076784,-21.7983321928903,100,42.4422518862449,4.68047638908198,1,1,95,coarse
70,30,0,0,0,-18.3747607249507,-29.3332116547465,-21.7983321928903,100,39.2019058963669,7.77016831108532,1,1,100,coarse
70,35,0,0,0,-18.3747607249507,-32.2649802555488,-21.8277032354655,100,34.8088147706968,12.3598374927452,1,1,105,coarse
70,40,0,0,0,-18.3747607249507,-36.7666378352826,-22.1467287028594,100,28.4026136521618,19.3174695298897,1,1,110,coarse
70,45,0,0,0,-18.3761398864168,-45.2475739642034,-22.1468953018855,100,23.1637239909171,24.5409170052234,1,1,115,coarse
70,50,0,0,0,-18.3761458203065,-51.4961167857465,-22.1468964930499,100,18.6732471384216,28.7591410330818,1,1,120,coarse
70,55,0,0,0,-18.3762393630056,-52.0457212046094,-22.1469167378147,100,14.2751015670342,32.6941381311666,1,1,125,coarse
70,60,0,0,0,-18.3762702261383,-52.3496996544742,-22.1469226091133,100,9.74389517569982,37.3348810214742,1,1,130,coarse
70,65,0,0,0,-18.3762702261383,-52.9194274213991,-22.1469436980079,100,5.18096297326104,42.1334881021474,1,1,135,coarse
70,70,0,0,0,-18.3762702261383,-53.531151830946,-22.1469436980079,100,0,46.9692396982008,1,1,140,coarse
75,0,0.472091085809497,0.472091085809497,0.277700638711469,7.6585718216178,-20.3933394266808,-0.152390310359512,99.5279089141905,52.178757980267,0,0,0,75,coarse
75,0.5,0.472091085809497,0.472091085809497,0.277700638711469,7.6585718216178,-20.3933394266808,-0.152390310359512,99.5279089141905,52.178757980267,0,0,0,75.5,coarse
75,1,0.416550958067203,0.416550958067203,0.263815606775896,7.6585718216178,-20.4204123369059,-0.152390310359512,99.5834490419328,52.1764364480557,0.00952948183442525,0,0,76,coarse
75,2,0.36101083032491,0.36101083032491,0.180505415162455,4.06451980211479,-20.6810772374948,-3.17768284179175,99.6389891696751,52.1508995937319,0.038117927337701,0,0,77,coarse
75,3,0.249930574840322,0.249930574840322,0.0694251596778673,-1.21520482511585,-20.9530685394684,-3.49671825857893,99.7500694251597,52.0998258850842,0.0929124478856462,0,0,78,coarse
75,5,0.0277700638711469,0.0277700638711469,0,-4.37403268839256,-21.5443810931274,-6.62104914599579,99.9722299361289,51.9883923389437,0.254913639070875,0,1,80,coarse
75,10,0,0,0,-7.89130785958621,-22.5693329153762,-9.78723867104181,100,51.5473012188044,0.819535437760572,1,1,85,coarse
75,15,0,0,0,-11.4957329050459,-25.3876019420374,-12.0997315411342,100,50.6999419616947,1.67242406194163,1,1,90,coarse
75,20,0,0,0,-14.7429949615561,-26.9731216478786,-15.3410245652332,100,49.54846198491,2.83978558665873,1,1,95,coarse
75,25,0,0,0,-18.2546927196196,-28.1985379076784,-21.7983321928903,100,47.6517701683111,4.68047638908198,1,1,100,coarse
75,30,0,0,0,-18.3747607249507,-29.3332116547465,-21.7983321928903,100,44.4085896691817,7.77016831108532,1,1,105,coarse
75,35,0,0,0,-18.3747607249507,-32.2649802555488,-21.8277032354655,100,39.9404407385348,12.3598374927452,1,1,110,coarse
75,40,0,0,0,-18.3747607249507,-36.7666378352826,-22.1467287028594,100,33.5488206126327,19.3174695298897,1,1,115,coarse
75,45,0,0,0,-18.3761398864168,-45.2475739642033,-22.1468953018855,100,28.3099309513879,24.5409170052234,1,1,120,coarse
75,50,0,0,0,-18.3761458203065,-51.5889438656525,-22.1468964930499,100,23.8194540988924,28.7591410330818,1,1,125,coarse
75,55,0,0,0,-18.3762393630056,-52.1187727747316,-22.1469167378147,100,19.4846198491004,32.6941381311666,1,1,130,coarse
75,60,0,0,0,-18.3762702261383,-52.4198669155245,-22.1469226091133,100,14.8871588118078,37.3348810214742,1,1,135,coarse
75,65,0,0,0,-18.3762702261383,-52.9955206310471,-22.1469436980079,100,10.3271699337319,42.1334881021474,1,1,140,coarse
75,70,0,0,0,-18.3762702261383,-53.7766635533616,-22.1469436980079,100,5.20951828206616,46.9692396982008,1,1,145,coarse
75,75,0,0,0,-18.3762702261383,-54.1417924960047,-22.1469436980079,100,0,52.178757980267,1,1,150,coarse
80,0,0.472091085809497,0.472091085809497,0.277700638711469,7.6585718216178,-20.3933394266808,-0.152390310359512,99.5279089141905,57.2280905397562,0,0,0,80,coarse
80,0.5,0.472091085809497,0.472091085809497,0.277700638711469,7.6585718216178,-20.3933394266808,-0.152390310359512,99.5279089141905,57.2280905397562,0,0,0,80.5,coarse
80,1,0.416550958067203,0.416550958067203,0.263815606775896,7.6585718216178,-20.4204123369059,-0.152390310359512,99.5834490419328,57.225769007545,0.00952948183442525,0,0,81,coarse
80,2,0.36101083032491,0.36101083032491,0.180505415162455,4.06451980211479,-20.6810772374948,-3.17768284179175,99.6389891696751,57.2002321532211,0.038117927337701,0,0,82,coarse
80,3,0.249930574840322,0.249930574840322,0.0694251596778673,-1.21520482511585,-20.9530685394684,-3.49671825857893,99.7500694251597,57.1491584445734,0.0929124478856462,0,0,83,coarse
80,5,0.0277700638711469,0.0277700638711469,0,-4.37403268839256,-21.5443810931274,-6.62104914599579,99.9722299361289,57.037724898433,0.254913639070875,0,1,85,coarse
80,10,0,0,0,-7.89130785958621,-22.5693329153762,-9.7872386710418,100,56.5966337782937,0.819535437760572,1,1,90,coarse
80,15,0,0,0,-11.4957329050459,-25.3876019420374,-12.0997315411342,100,55.749274521184,1.67242406194163,1,1,95,coarse
80,20,0,0,0,-14.7429949615561,-26.9731216478786,-15.3410245652332,100,54.5977945443993,2.83978558665873,1,1,100,coarse
80,25,0,0,0,-18.2546927196196,-28.1985379076784,-21.7983321928903,100,52.7011027278003,4.68047638908198,1,1,105,coarse
80,30,0,0,0,-18.3747607249507,-29.3332116547465,-21.7983321928903,100,49.4579222286709,7.77016831108532,1,1,110,coarse
80,35,0,0,0,-18.3747607249507,-32.2649802555488,-21.8277032354655,100,45.3311089485148,12.3598374927452,1,1,115,coarse
80,40,0,0,0,-18.3747607249507,-36.7666378352826,-22.1467287028594,100,38.9661244728671,19.3174695298897,1,1,120,coarse
80,45,0,0,0,-18.3761398864168,-45.2475739642034,-22.1468953018855,100,33.7272348116224,24.5409170052234,1,1,125,coarse
80,50,0,0,0,-18.3761458203065,-51.8733430443309,-22.1468964930499,100,29.2367579591269,28.7591410330818,1,1,130,coarse
80,55,0,0,0,-18.3762393630056,-52.2925419481185,-22.1469167378147,100,24.6675008109736,32.6941381311666,1,1,135,coarse
80,60,0,0,0,-18.3762702261383,-52.5989665287837,-22.1469226091133,100,20.3044626720423,37.3348810214742,1,1,140,coarse
80,65,0,0,0,-18.3762702261383,-53.1771327072139,-22.1469436980079,100,15.7444737939664,42.1334881021474,1,1,145,coarse
80,70,0,0,0,-18.3762702261383,-54.0057998821298,-22.1469436980079,100,10.5635108207053,46.9692396982008,1,1,150,coarse
80,75,0,0,0,-18.3762702261383,-54.4243820813892,-22.1469436980079,100,5.41730386023449,52.178757980267,1,1,155,coarse
80,80,0,0,0,-18.3763174480465,-54.7415004392229,-22.1469634143903,100,0,57.2280905397562,1,1,160,coarse
85,0,0.472091085809497,0.472091085809497,0.277700638711469,7.6585718216178,-20.3933394266808,-0.152390310359512,99.5279089141905,62.172721858249,0,0,0,85,coarse
85,0.5,0.472091085809497,0.472091085809497,0.277700638711469,7.6585718216178,-20.3933394266808,-0.152390310359512,99.5279089141905,62.172721858249,0,0,0,85.5,coarse
85,1,0.416550958067203,0.416550958067203,0.263815606775896,7.6585718216178,-20.4204123369059,-0.152390310359512,99.5834490419328,62.1631923764145,0.00952948183442525,0,0,86,coarse
85,2,0.36101083032491,0.36101083032491,0.180505415162455,4.06451980211479,-20.6810772374948,-3.17768284179175,99.6389891696751,62.1346039309113,0.038117927337701,0,0,87,coarse
85,3,0.249930574840322,0.249930574840322,0.0694251596778673,-1.21520482511585,-20.9530685394684,-3.49671825857893,99.7500694251597,62.0798094103633,0.0929124478856462,0,0,88,coarse
85,5,0.0277700638711469,0.0277700638711469,0,-4.37403268839256,-21.5443810931274,-6.62104914599579,99.9722299361289,61.9178082191781,0.254913639070875,0,1,90,coarse
85,10,0,0,0,-7.89130785958621,-22.5693329153762,-9.7872386710418,100,61.467208357516,0.819535437760572,1,1,95,coarse
85,15,0,0,0,-11.4957329050459,-25.3876019420374,-12.0997315411342,100,60.6198491004063,1.67242406194163,1,1,100,coarse
85,20,0,0,0,-14.7429949615561,-26.9731216478786,-15.3410245652332,100,59.4683691236216,2.83978558665873,1,1,105,coarse
85,25,0,0,0,-18.2546927196196,-28.1985379076784,-21.7983321928903,100,57.5716773070226,4.68047638908198,1,1,110,coarse
85,30,0,0,0,-18.3747607249507,-29.3332116547465,-21.7983321928903,100,54.7135199523526,7.77016831108532,1,1,115,coarse
85,35,0,0,0,-18.3747607249507,-32.2649802555488,-21.8277032354655,100,50.5445108670467,12.3598374927452,1,1,120,coarse
85,40,0,0,0,-18.3747607249507,-36.7666378352826,-22.1467287028594,100,44.179526391399,19.3174695298897,1,1,125,coarse
85,45,0,0,0,-18.3761398864168,-45.2475739642034,-22.1468953018855,100,38.9406367301543,24.5409170052234,1,1,130,coarse
85,50,0,0,0,-18.3761458203065,-51.9884400070275,-22.1468964930499,100,34.4501598776588,28.7591410330818,1,1,135,coarse
85,55,0,0,0,-18.3762393630056,-52.4343045771013,-22.1469167378147,100,29.8809027295055,32.6941381311666,1,1,140,coarse
85,60,0,0,0,-18.3762702261383,-52.8985216991651,-22.1469226091133,100,25.5178645905742,37.3348810214742,1,1,145,coarse
85,65,0,0,0,-18.3762702261383,-53.4174742110578,-22.1469436980079,100,20.9578757124983,42.1334881021474,1,1,150,coarse
85,70,0,0,0,-18.3762702261383,-54.1528798604137,-22.1469436980079,100,15.7769127392372,46.9692396982008,1,1,155,coarse
85,75,0,0,0,-18.3762702261383,-54.5508584960054,-22.1469436980079,100,10.6307057787664,52.178757980267,1,1,160,coarse
85,80,0,0,0,-18.3763174480465,-54.8928561532592,-22.1469634143903,100,5.29600952948183,57.2280905397562,1,1,165,coarse
85,85,0,0,0,-18.3763174480465,-55.2691909152223,-22.1469634143903,100,0,62.172721858249,1,1,170,coarse
90,0,0.472091085809497,0.472091085809497,0.277700638711469,7.6585718216178,-20.3933394266808,-0.152390310359512,99.5279089141905,66.1706326175276,0,0,0,90,coarse
90,0.5,0.472091085809497,0.472091085809497,0.277700638711469,7.6585718216178,-20.3933394266808,-0.152390310359512,99.5279089141905,66.1706326175276,0,0,0,90.5,coarse
90,1,0.416550958067203,0.416550958067203,0.263815606775896,7.6585718216178,-20.4204123369059,-0.152390310359512,99.5834490419328,66.1683110853163,0.00952948183442525,0,0,91,coarse
90,2,0.36101083032491,0.36101083032491,0.180505415162455,4.06451980211479,-20.6810772374948,-3.17768284179175,99.6389891696751,66.1427742309925,0.038117927337701,0,0,92,coarse
90,3,0.249930574840322,0.249930574840322,0.0694251596778673,-1.21520482511585,-20.9530685394684,-3.49671825857893,99.7500694251597,66.0917005223448,0.0929124478856462,0,0,93,coarse
90,5,0.0277700638711469,0.0277700638711469,0,-4.37403268839256,-21.5443810931274,-6.62104914599579,99.9722299361289,65.9802669762043,0.254913639070875,0,1,95,coarse
90,10,0,0,0,-7.89130785958621,-22.5693329153762,-9.7872386710418,100,65.539175856065,0.819535437760572,1,1,100,coarse
90,15,0,0,0,-11.4957329050459,-25.3876019420374,-12.0997315411342,100,64.6918165989553,1.67242406194163,1,1,105,coarse
90,20,0,0,0,-14.7429949615561,-26.9731216478786,-15.3410245652332,100,63.5403366221706,2.83978558665873,1,1,110,coarse
90,25,0,0,0,-18.2546927196196,-28.2043674889252,-21.7983321928903,100,61.6436448055717,4.68047638908198,1,1,115,coarse
90,30,0,0,0,-18.3747607249507,-29.3471202466737,-21.7983321928903,100,58.4586063132817,7.77016831108532,1,1,120,coarse
90,35,0,0,0,-18.3747607249507,-32.2890071372696,-21.8277032354655,100,54.2958431808703,12.3598374927452,1,1,125,coarse
90,40,0,0,0,-18.3747607249507,-36.9235927054522,-22.1467287028594,100,47.9308587052227,19.3174695298897,1,1,130,coarse
90,45,0,0,0,-18.3761398864168,-45.6529885668416,-22.1468953018855,100,42.6919690439779,24.5409170052234,1,1,135,coarse
90,50,0,0,0,-18.3761458203065,-52.0457212046094,-22.1468964930499,100,38.2014921914825,28.7591410330818,1,1,140,coarse
90,55,0,0,0,-18.3762393630056,-52.4866030936195,-22.1469167378147,100,33.6322350433292,32.6941381311666,1,1,145,coarse
90,60,0,0,0,-18.3762702261383,-52.9457992056856,-22.1469226091133,100,29.2691969043978,37.3348810214742,1,1,150,coarse
90,65,0,0,0,-18.3762702261383,-53.529744935416,-22.1469436980079,100,24.7092080263219,42.1334881021474,1,1,155,coarse
90,70,0,0,0,-18.3762702261383,-54.221909735367,-22.1469436980079,100,19.5282450530608,46.9692396982008,1,1,160,coarse
90,75,0,0,0,-18.3762702261383,-54.6220899550235,-22.1469436980079,100,14.38203809259,52.178757980267,1,1,165,coarse
90,80,0,0,0,-18.3763174480465,-54.9774077343344,-22.1469634143903,100,9.04109589041096,57.2280905397562,1,1,170,coarse
90,85,0,0,0,-18.3763174480465,-55.3170104195334,-22.1469634143903,100,4.23826948909167,62.172721858249,1,1,175,coarse
90,90,0,0,0,-18.3763273813242,-55.7463147413571,-22.1470902861024,100,0,66.1706326175276,1,1,180,coarse
95,0,0.472091085809497,0.472091085809497,0.277700638711469,7.6585718216178,-20.3933394266808,-0.152390310359512,99.5279089141905,70.3322674822744,0,0,0,95,coarse
95,0.5,0.472091085809497,0.472091085809497,0.277700638711469,7.6585718216178,-20.3933394266808,-0.152390310359512,99.5279089141905,70.3322674822744,0,0,0,95.5,coarse
95,1,0.416550958067203,0.416550958067203,0.263815606775896,7.6585718216178,-20.4204123369059,-0.152390310359512,99.5834490419328,70.3253162797164,0.00952948183442525,0,0,96,coarse
95,2,0.36101083032491,0.36101083032491,0.180505415162455,4.06451980211479,-20.6810772374948,-3.17768284179175,99.6389891696751,70.3044626720423,0.038117927337701,0,0,97,coarse
95,3,0.249930574840322,0.249930574840322,0.0694251596778673,-1.21520482511585,-20.9530685394684,-3.49671825857893,99.7500694251597,70.2673895917327,0.0929124478856462,0,0,98,coarse
95,5,0.0277700638711469,0.0277700638711469,0,-4.37403268839256,-21.5443810931274,-6.62104914599579,99.9722299361289,70.156170350804,0.254913639070875,0,1,100,coarse
95,10,0,0,0,-7.89130785958621,-22.5693329153762,-9.7872386710418,100,69.6487325640669,0.819535437760572,1,1,105,coarse
95,15,0,0,0,-11.4957329050459,-25.3876019420374,-12.0997315411342,100,68.8053199870244,1.67242406194163,1,1,110,coarse
95,20,0,0,0,-14.7429949615561,-26.9900040035632,-15.3410245652332,100,67.6583715649474,2.83978558665873,1,1,115,coarse
95,25,0,0,0,-18.2546927196196,-28.2659751142314,-21.7983321928903,100,65.6529309344167,4.68047638908198,1,1,120,coarse
95,30,0,0,0,-18.3747607249507,-29.4341267184742,-21.7983321928903,100,62.8805783400528,7.77016831108532,1,1,125,coarse
95,35,0,0,0,-18.3747607249507,-32.3981471565242,-21.8277032354655,100,58.8442467213495,12.3598374927452,1,1,130,coarse
95,40,0,0,0,-18.3747607249507,-37.200340486648,-22.1467287028594,100,52.4792622457018,19.3174695298897,1,1,135,coarse
95,45,0,0,0,-18.3761398864168,-46.0523329618251,-22.1468953018855,100,47.2403725844571,24.5409170052234,1,1,140,coarse
95,50,0,0,0,-18.3761458203065,-52.1101462790527,-22.1468964930499,100,42.7498957319616,28.7591410330818,1,1,145,coarse
95,55,0,0,0,-18.3762393630056,-52.7142801161903,-22.1469167378147,100,38.1806385838083,32.6941381311666,1,1,150,coarse
95,60,0,0,0,-18.3762702261383,-53.1002188187927,-22.1469226091133,100,33.817600444877,37.3348810214742,1,1,155,coarse
95,65,0,0,0,-18.3762702261383,-53.5331684971203,-22.1469436980079,100,29.2576115668011,42.1334881021474,1,1,160,coarse
95,70,0,0,0,-18.3762702261383,-54.2369227692375,-22.1469436980079,100,24.07664859354,46.9692396982008,1,1,165,coarse
95,75,0,0,0,-18.3762702261383,-54.6686403166087,-22.1469436980079,100,18.9304416330692,52.178757980267,1,1,170,coarse
95,80,0,0,0,-18.3763174480465,-54.994084557259,-22.1469634143903,100,13.5131377728347,57.2280905397562,1,1,175,coarse
95,85,0,0,0,-18.3763174480465,-55.3461018642802,-22.1469634143903,100,8.47653897818333,62.172721858249,1,1,180,coarse
95,90,0,0,0,-18.3763273813242,-55.7909131947474,-22.1470902861024,100,4.54840354047917,66.1706326175276,1,1,185,coarse
95,95,0,0,0,-18.3763273813242,-56.9158433824188,-22.1471095604451,100,0,70.3322674822744,1,1,190,coarse
100,0,0.472091085809497,0.472091085809497,0.277700638711469,7.6585718216178,-20.3933394266808,-0.152390310359512,99.5279089141905,74.7444907683145,0,0,0,100,coarse
100,0.5,0.472091085809497,0.472091085809497,0.277700638711469,7.6585718216178,-20.3933394266808,-0.152390310359512,99.5279089141905,74.7444907683145,0,0,0,100.5,coarse
100,1,0.416550958067203,0.416550958067203,0.263815606775896,7.6585718216178,-20.4204123369059,-0.152390310359512,99.5834490419328,74.73496128648,0.00952948183442525,0,0,101,coarse
100,2,0.36101083032491,0.36101083032491,0.180505415162455,4.06451980211479,-20.6810772374948,-3.17768284179175,99.6389891696751,74.7063728409768,0.038117927337701,0,0,102,coarse
100,3,0.249930574840322,0.249930574840322,0.0694251596778673,-1.21520482511585,-20.9530685394684,-3.49671825857893,99.7500694251597,74.6515783204288,0.0929124478856462,0,0,103,coarse
100,5,0.0277700638711469,0.0277700638711469,0,-4.37403268839256,-21.5443810931274,-6.62104914599579,99.9722299361289,74.4895771292436,0.254913639070875,0,1,105,coarse
100,10,0,0,0,-7.89130785958621,-22.5990285322123,-9.7872386710418,100,73.9249553305539,0.819535437760572,1,1,110,coarse
100,15,0,0,0,-11.4957329050459,-25.489739615976,-12.0997315411342,100,73.0720667063728,1.67242406194163,1,1,115,coarse
100,20,0,0,0,-14.7429949615561,-27.0106018004309,-15.3410245652332,100,71.9047051816557,2.83978558665873,1,1,120,coarse
100,25,0,0,0,-18.2546927196196,-28.2659751142314,-21.9107848459258,100,70.1036331149494,4.68047638908198,1,1,125,coarse
100,30,0,0,0,-18.3747607249507,-29.44490273648,-21.9438817961756,100,67.2852888624181,7.77016831108532,1,1,130,coarse
100,35,0,0,0,-18.3747607249507,-32.4012882215636,-22.218092288466,100,63.0172853236943,12.3598374927452,1,1,135,coarse
100,40,0,0,0,-18.3747607249507,-37.2459935559312,-22.5033966024918,100,56.6523008480467,19.3174695298897,1,1,140,coarse
100,45,0,0,0,-18.3761398864168,-46.1776253802176,-22.5057679500426,100,51.413411186802,24.5409170052234,1,1,145,coarse
100,50,0,0,0,-18.3761458203065,-52.1132555906106,-22.5057785525847,100,46.9229343343065,28.7591410330818,1,1,150,coarse
100,55,0,0,0,-18.3762393630056,-52.7075645791964,-22.506003963442,100,42.3536771861532,32.6941381311666,1,1,155,coarse
100,60,0,0,0,-18.3762702261383,-53.1698864840101,-22.5060707383955,100,37.9906390472218,37.3348810214742,1,1,160,coarse
100,65,0,0,0,-18.3762702261383,-53.6028001484212,-22.5060707383955,100,33.4306501691459,42.1334881021474,1,1,165,coarse
100,70,0,0,0,-18.3762702261383,-54.2602786694302,-22.5060707383955,100,28.2496871958849,46.9692396982008,1,1,170,coarse
100,75,0,0,0,-18.3762702261383,-54.7121390594705,-22.5060707383955,100,23.1034802354141,52.178757980267,1,1,175,coarse
100,80,0,0,0,-18.3763174480465,-55.0193245848674,-22.5061999604163,100,17.8677784395474,57.2280905397562,1,1,180,coarse
100,85,0,0,0,-18.3763174480465,-55.3676188342061,-22.5061999604163,100,12.5717689100655,62.172721858249,1,1,185,coarse
100,90,0,0,0,-18.3763273813242,-55.8197935600969,-22.5062296262744,100,8.82668254913639,66.1706326175276,1,1,190,coarse
100,95,0,0,0,-18.3763273813242,-56.8895454084911,-22.5062296262744,100,4.47170935080405,70.3322674822744,1,1,195,coarse
100,100,0,0,0,-18.3763273813242,-57.6895490184929,-22.5062296262744,100,0,74.7444907683145,1,1,200,coarse
105,0,0.472091085809497,0.472091085809497,0.277700638711469,7.6585718216178,-20.4455442585426,-0.152390310359512,99.5279089141905,78.827626233314,0,0,0,105,coarse
105,0.5,0.472091085809497,0.472091085809497,0.277700638711469,7.6585718216178,-20.4455442585426,-0.152390310359512,99.5279089141905,78.827626233314,0,0,0,105.5,coarse
105,1,0.416550958067203,0.416550958067203,0.263815606775896,7.6585718216178,-20.4932647482661,-0.152390310359512,99.5834490419328,78.8253047011027,0.00952948183442525,0,0,106,coarse
105,2,0.36101083032491,0.36101083032491,0.180505415162455,4.06451980211479,-20.7295917193757,-3.17768284179175,99.6389891696751,78.7997678467789,0.038117927337701,0,0,107,coarse
105,3,0.249930574840322,0.249930574840322,0.0694251596778673,-1.21520482511585,-20.9754529603793,-3.49671825857893,99.7500694251597,78.7486941381312,0.0929124478856462,0,0,108,coarse
105,5,0.0277700638711469,0.0277700638711469,0,-4.37403268839256,-21.5896839922364,-6.62104914599579,99.9722299361289,78.6372605919907,0.254913639070875,0,1,110,coarse
105,10,0,0,0,-7.89130785958621,-22.6600808652541,-9.7872386710418,100,78.1961694718514,0.819535437760572,1,1,115,coarse
105,15,0,0,0,-11.4957329050459,-25.5170464676047,-12.0997315411342,100,77.3488102147417,1.67242406194163,1,1,120,coarse
105,20,0,0,0,-14.7429949615561,-27.0106018004309,-15.3846178560824,100,76.197330237957,2.83978558665873,1,1,125,coarse
105,25,0,0,0,-20.4633400117776,-28.2659751142314,-22.389586550978,100,74.3006384213581,4.68047638908198,1,1,130,coarse
105,30,0,0,0,-20.6815941137539,-29.44490273648,-22.5142437551881,100,71.0574579222287,7.77016831108532,1,1,135,coarse
105,35,0,0,0,-20.6815941137539,-32.4012882215636,-23.2065638905817,100,66.6736178692247,12.3598374927452,1,1,140,coarse
105,40,0,0,0,-20.6899936722025,-37.2459935559312,-23.6879195114805,100,60.3086333935771,19.3174695298897,1,1,145,coarse
105,45,0,0,0,-20.6927128594399,-46.1776253802176,-26.4989945627584,100,55.0697437323324,24.5409170052234,1,1,150,coarse
105,50,0,0,0,-20.6927128594399,-52.1132555906106,-31.8666502434354,100,50.5792668798369,28.7591410330818,1,1,155,coarse
105,55,0,0,0,-20.6928676216052,-52.7075645791961,-31.8666502434354,100,46.1334881021474,32.6941381311666,1,1,160,coarse
105,60,0,0,0,-20.6929174126712,-53.1573714543834,-31.8725072211116,100,41.6469715927522,37.3348810214742,1,1,165,coarse
105,65,0,0,0,-20.6929174126712,-53.529744935416,-31.8725072211116,100,37.0869827146763,42.1334881021474,1,1,170,coarse
105,70,0,0,0,-20.6929174126712,-54.221909735367,-31.8725072211116,100,31.9060197414153,46.9692396982008,1,1,175,coarse
105,75,0,0,0,-20.6929174126712,-54.6220899550235,-31.8729047493119,100,26.9674371207559,52.178757980267,1,1,180,coarse
105,80,0,0,0,-20.692992815709,-54.9774077343344,-31.8729047493119,100,21.7633980267729,57.2280905397562,1,1,185,coarse
105,85,0,0,0,-20.692992815709,-55.3461018642803,-31.8729047493119,100,16.97623789893,62.172721858249,1,1,190,coarse
105,90,0,0,0,-20.6930090419004,-55.7909131947474,-31.8729492892568,100,12.7379684098383,66.1706326175276,1,1,195,coarse
105,95,0,0,0,-20.6930090419004,-56.8361159282593,-31.8735338511206,100,8.64770748694138,70.3322674822744,1,1,200,coarse
105,100,0,0,0,-20.6930090419004,-57.6895490184929,-31.8735338511206,100,4.44902496641808,74.7444907683145,1,1,205,coarse
105,105,0,0,0,-20.6930149155093,-57.8719497473695,-31.8735338511206,100,0,78.827626233314,1,1,210,coarse
110,0,0.472091085809497,0.472091085809497,0.277700638711469,7.6585718216178,-20.4754689950311,-0.152390310359512,99.5279089141905,83.1085316308764,0,0,0,110,coarse
110,0.5,0.472091085809497,0.472091085809497,0.277700638711469,7.6585718216178,-20.4754689950311,-0.152390310359512,99.5279089141905,83.1085316308764,0,0,0,110.5,coarse
110,1,0.416550958067203,0.416550958067203,0.263815606775896,7.6585718216178,-20.5203124237393,-0.152390310359512,99.5834490419328,83.1062100986651,0.00952948183442525,0,0,111,coarse
110,2,0.36101083032491,0.36101083032491,0.180505415162455,4.06451980211479,-20.7590586201176,-3.17768284179175,99.6389891696751,83.0806732443413,0.038117927337701,0,0,112,coarse
110,3,0.249930574840322,0.249930574840322,0.0694251596778673,-1.21520482511585,-21.0088906381755,-3.49671825857893,99.7500694251597,83.0295995356936,0.0929124478856462,0,0,113,coarse
110,5,0.0277700638711469,0.0277700638711469,0,-4.37403268839256,-21.6123642147291,-6.62104914599579,99.9722299361289,82.9181659895531,0.254913639070875,0,1,115,coarse
110,10,0,0,0,-7.89130785958621,-22.6777138515263,-9.7872386710418,100,82.4770748694138,0.819535437760572,1,1,120,coarse
110,15,0,0,0,-11.4957329050459,-25.5371923037333,-12.0997315411342,100,81.6297156123041,1.67242406194163,1,1,125,coarse
110,20,0,0,0,-14.7429949615561,-27.0106018004309,-15.3846178560824,100,80.4782356355194,2.83978558665873,1,1,130,coarse
110,25,0,0,0,-20.6807431064101,-28.2659751142314,-22.4485495096776,100,78.5815438189205,4.68047638908198,1,1,135,coarse
110,30,0,0,0,-22.3396415783654,-29.44490273648,-22.5612422693091,100,75.3383633197911,7.77016831108532,1,1,140,coarse
110,35,0,0,0,-22.5096723701946,-32.4012882215636,-23.2065638905817,100,70.7486941381312,12.3598374927452,1,1,145,coarse
110,40,0,0,0,-23.0404314196629,-37.2459935559312,-23.6879195114805,100,64.0762358546754,19.3174695298897,1,1,150,coarse
110,45,0,0,0,-25.5322493717197,-46.1776253802176,-27.4674882504017,100,58.8588445503276,24.5409170052234,1,1,155,coarse
110,50,0,0,0,-42.4972745278457,-52.1132555906106,-45.9103157172885,100,54.3493905977945,28.7591410330818,1,1,160,coarse
110,55,0,0,0,-42.4972745278457,-52.707564579196,-45.9103157172885,100,50.4143934997098,32.6941381311666,1,1,165,coarse
110,60,0,0,0,-42.5076681747186,-53.1573714543834,-45.9795919908102,100,45.7736506094022,37.3348810214742,1,1,170,coarse
110,65,0,0,0,-42.5076681747186,-53.529744935416,-45.9841606696237,100,40.975043528729,42.1334881021474,1,1,175,coarse
110,70,0,0,0,-42.5076681747186,-54.221909735367,-45.9865337131481,100,36.1392919326756,46.9692396982008,1,1,180,coarse
110,75,0,0,0,-42.5087912667911,-54.6220899550235,-45.9865337131481,100,31.2890824030756,52.178757980267,1,1,185,coarse
110,80,0,0,0,-42.5087912667911,-54.9774077343344,-45.9879247447926,100,26.0850433090926,57.2280905397562,1,1,190,coarse
110,85,0,0,0,-42.5100971080933,-55.3461018642803,-46.0751748603067,100,21.2978831812497,62.172721858249,1,1,195,coarse
110,90,0,0,0,-42.5103764043673,-55.7909131947474,-46.0771427990977,100,17.059613692158,66.1706326175276,1,1,200,coarse
110,95,0,0,0,-42.52324965432,-56.8361159282593,-46.0816258266362,100,12.9286128845038,70.3322674822744,1,1,205,coarse
110,100,0,0,0,-42.52324965432,-57.6895490184929,-46.0835484399767,100,8.77067024873778,74.7444907683145,1,1,210,coarse
110,105,0,0,0,-42.52324965432,-57.8719497473695,-46.1366606654355,100,4.3216452823197,78.827626233314,1,1,215,coarse
110,110,0,0,0,-42.52324965432,-59.0294240983459,-46.1369665215371,100,0,83.1085316308764,1,1,220,coarse
115,0,0.472091085809497,0.472091085809497,0.277700638711469,7.6585718216178,-20.4754689950311,-0.152390310359512,99.5279089141905,87.6006964596634,0,0,0,115,coarse
115,0.5,0.472091085809497,0.472091085809497,0.277700638711469,7.6585718216178,-20.4754689950311,-0.152390310359512,99.5279089141905,87.6006964596634,0,0,0,115.5,coarse
115,1,0.416550958067203,0.416550958067203,0.263815606775896,7.6585718216178,-20.5203124237393,-0.152390310359512,99.5834490419328,87.5983749274521,0.00952948183442525,0,0,116,coarse
115,2,0.36101083032491,0.36101083032491,0.180505415162455,4.06451980211479,-20.7590586201176,-3.17768284179175,99.6389891696751,87.5728380731283,0.038117927337701,0,0,117,coarse
115,3,0.249930574840322,0.249930574840322,0.0694251596778673,-1.21520482511585,-21.0088906381755,-3.49671825857893,99.7500694251597,87.5217643644806,0.0929124478856462,0,0,118,coarse
115,5,0.0277700638711469,0.0277700638711469,0,-4.37403268839256,-21.6123642147291,-6.62104914599579,99.9722299361289,87.4103308183401,0.254913639070875,0,1,120,coarse
115,10,0,0,0,-7.89130785958621,-22.6777138515263,-9.7872386710418,100,86.9692396982008,0.819535437760572,1,1,125,coarse
115,15,0,0,0,-11.4957329050459,-25.5371923037333,-12.0997315411342,100,86.1218804410911,1.67242406194163,1,1,130,coarse
115,20,0,0,0,-14.7429949615561,-27.0106018004309,-15.3846178560824,100,84.9704004643064,2.83978558665873,1,1,135,coarse
115,25,0,0,0,-20.6807431064101,-28.2659751142314,-22.4485495096776,100,83.0737086477075,4.68047638908198,1,1,140,coarse
115,30,0,0,0,-22.3396415783654,-29.44490273648,-22.5612422693091,100,79.8809578952244,7.77016831108532,1,1,145,coarse
115,35,0,0,0,-22.5096723701946,-32.4012882215636,-23.2065638905817,100,75.450460882857,12.3598374927452,1,1,150,coarse
115,40,0,0,0,-23.0404314196629,-37.2459935559312,-23.6879195114805,100,68.6269057880347,19.3174695298897,1,1,155,coarse
115,45,0,0,0,-25.5322493717197,-46.1776253802176,-27.4674882504017,100,63.4304506924823,24.5409170052234,1,1,160,coarse
115,50,0,0,0,-44.2279460625419,-52.1132555906106,-45.1034369770356,100,59.2825049793877,28.7591410330818,1,1,165,coarse
115,55,0,0,0,-44.2279460625419,-52.707564579196,-45.1034369770356,100,54.9065583284968,32.6941381311666,1,1,170,coarse
115,60,0,0,0,-44.2448181537838,-53.1573714543834,-45.1287236280507,100,50.2658154381892,37.3348810214742,1,1,175,coarse
115,65,0,0,0,-44.2448181537838,-53.529744935416,-45.1302130534176,100,45.8682662466997,42.1334881021474,1,1,180,coarse
115,70,0,0,0,-44.2448181537838,-54.221909735367,-45.1302130534176,100,41.2640696651072,46.9692396982008,1,1,185,coarse
115,75,0,0,0,-44.2463019425803,-54.6220899550235,-45.1562693335165,100,36.4236416693687,52.178757980267,1,1,190,coarse
115,80,0,0,0,-44.2463019425803,-54.9774077343344,-45.1562693335165,100,31.2196025753856,57.2280905397562,1,1,195,coarse
115,85,0,0,0,-44.2463019425803,-55.3461018642802,-45.1562693335165,100,26.4324424475427,62.172721858249,1,1,200,coarse
115,90,0,0,0,-44.2466345119784,-55.7909131947474,-45.1598745978727,100,22.1941729584511,66.1706326175276,1,1,205,coarse
115,95,0,0,0,-44.2661051451224,-56.8361159282593,-45.1815317520651,100,17.9559034693594,70.3322674822744,1,1,210,coarse
115,100,0,0,0,-44.2661051451224,-57.6895490184929,-45.1815317520651,100,13.9052295150308,74.7444907683145,1,1,215,coarse
115,105,0,0,0,-44.2661051451224,-57.8719497473695,-45.1815317520651,100,9.45620454861272,78.827626233314,1,1,220,coarse
115,110,0,0,0,-44.2661051451224,-59.0294240983459,-45.1817811524836,100,5.13455926629302,83.1085316308764,1,1,225,coarse
115,115,0,0,0,-50.9947553523762,-60.5265976108569,-51.6922571642089,100,0,87.6006964596634,1,1,230,coarse
120,0,0.472091085809497,0.472091085809497,0.277700638711469,7.6585718216178,-20.4754689950311,-0.152390310359512,99.5279089141905,91.4149738827626,0,0,0,120,coarse
120,0.5,0.472091085809497,0.472091085809497,0.277700638711469,7.6585718216178,-20.4754689950311,-0.152390310359512,99.5279089141905,91.4149738827626,0,0,0,120.5,coarse
120,1,0.416550958067203,0.416550958067203,0.263815606775896,7.6585718216178,-20.5203124237393,-0.152390310359512,99.5834490419328,91.4126523505514,0.00952948183442525,0,0,121,coarse
120,2,0.36101083032491,0.36101083032491,0.180505415162455,4.06451980211479,-20.7590586201176,-3.17768284179175,99.6389891696751,91.3871154962275,0.038117927337701,0,0,122,coarse
120,3,0.249930574840322,0.249930574840322,0.0694251596778673,-1.21520482511585,-21.0088906381755,-3.49671825857893,99.7500694251597,91.3360417875798,0.0929124478856462,0,0,123,coarse
120,5,0.0277700638711469,0.0277700638711469,0,-4.37403268839256,-21.6123642147291,-6.62104914599579,99.9722299361289,91.2246082414394,0.254913639070875,0,1,125,coarse
120,10,0,0,0,-7.89130785958621,-22.6777138515263,-9.7872386710418,100,90.7835171213001,0.819535437760572,1,1,130,coarse
120,15,0,0,0,-11.4957329050459,-25.5371923037333,-12.0997315411342,100,89.9361578641904,1.67242406194163,1,1,135,coarse
120,20,0,0,0,-14.7429949615561,-27.0106018004309,-15.3846178560824,100,88.7846778874057,2.83978558665873,1,1,140,coarse
120,25,0,0,0,-20.6807431064101,-28.2659751142314,-22.4485495096776,100,86.8879860708067,4.68047638908198,1,1,145,coarse
120,30,0,0,0,-22.3396415783654,-29.44490273648,-22.5612422693091,100,84.1261753670851,7.77016831108532,1,1,150,coarse
120,35,0,0,0,-22.5096723701946,-32.4012882215636,-23.2065638905817,100,79.6956783547177,12.3598374927452,1,1,155,coarse
120,40,0,0,0,-23.0404314196629,-37.2459935559312,-23.6879195114805,100,72.9018953612308,19.3174695298897,1,1,160,coarse
120,45,0,0,0,-25.5322493717197,-46.1776253802176,-27.4674882504017,100,67.675668164343,24.5409170052234,1,1,165,coarse
120,50,0,0,0,-44.2279460625419,-52.1132555906106,-45.1034369770356,100,63.5277224512483,28.7591410330818,1,1,170,coarse
120,55,0,0,0,-44.2279460625419,-52.707564579196,-45.1034369770356,100,59.0323775997036,32.6941381311666,1,1,175,coarse
120,60,0,0,0,-44.2448181537838,-53.1573714543834,-45.1287236280507,100,54.3355412478577,37.3348810214742,1,1,180,coarse
120,65,0,0,0,-44.2448181537838,-53.529744935416,-45.1302130534176,100,50.1134837185604,42.1334881021474,1,1,185,coarse
120,70,0,0,0,-44.2448181537838,-54.221909735367,-45.1302130534176,100,45.5092871369679,46.9692396982008,1,1,190,coarse
120,75,0,0,0,-44.2463019425803,-54.6220899550235,-45.1562693335165,100,40.6688591412293,52.178757980267,1,1,195,coarse
120,80,0,0,0,-44.2463019425803,-54.9774077343344,-45.1562693335165,100,35.4648200472463,57.2280905397562,1,1,200,coarse
120,85,0,0,0,-44.2463019425803,-55.3461018642802,-45.1562693335165,100,30.6776599194034,62.172721858249,1,1,205,coarse
120,90,0,0,0,-44.2466345119784,-55.7909131947474,-45.1598745978727,100,26.4393904303117,66.1706326175276,1,1,210,coarse
120,95,0,0,0,-44.2661051451224,-56.8361159282593,-45.1815317520651,100,22.2011209412201,70.3322674822744,1,1,215,coarse
120,100,0,0,0,-44.2661051451224,-57.6895490184929,-45.1815317520651,100,18.1504469868915,74.7444907683145,1,1,220,coarse
120,105,0,0,0,-44.2661051451224,-57.8719497473695,-45.1815317520651,100,13.7014220204734,78.827626233314,1,1,225,coarse
120,110,0,0,0,-44.2661051451224,-59.0294240983461,-45.1817811524836,100,9.37977673815369,83.1085316308764,1,1,230,coarse
120,115,0,0,0,-50.994755352376,-60.5265976108567,-51.6922571642092,100,4.27498957319616,87.6006964596634,1,1,235,coarse
120,120,0,0,0,-54.4040194944817,-61.7574266241668,-55.4241475031447,100,0,91.4149738827626,1,1,240,coarse
125,0,0.472091085809497,0.472091085809497,0.277700638711469,7.6585718216178,-20.4754689950311,-0.152390310359512,99.5279089141905,95.883923389437,0,0,0,125,coarse
125,0.5,0.472091085809497,0.472091085809497,0.277700638711469,7.6585718216178,-20.4754689950311,-0.152390310359512,99.5279089141905,95.883923389437,0,0,0,125.5,coarse
125,1,0.416550958067203,0.416550958067203,0.263815606775896,7.6585718216178,-20.5203124237393,-0.152390310359512,99.5834490419328,95.8816018572258,0.00952948183442525,0,0,126,coarse
125,2,0.36101083032491,0.36101083032491,0.180505415162455,4.06451980211479,-20.7590586201176,-3.17768284179175,99.6389891696751,95.8560650029019,0.038117927337701,0,0,127,coarse
125,3,0.249930574840322,0.249930574840322,0.0694251596778673,-1.21520482511585,-21.0088906381755,-3.49671825857893,99.7500694251597,95.8049912942542,0.0929124478856462,0,0,128,coarse
125,5,0.0277700638711469,0.0277700638711469,0,-4.37403268839256,-21.6123642147291,-6.62104914599579,99.9722299361289,95.6935577481138,0.254913639070875,0,1,130,coarse
125,10,0,0,0,-7.89130785958621,-22.6777138515263,-9.7872386710418,100,95.2524666279745,0.819535437760572,1,1,135,coarse
125,15,0,0,0,-11.4957329050459,-25.5371923037333,-12.0997315411342,100,94.5620454861272,1.67242406194163,1,1,140,coarse
125,20,0,0,0,-14.7429949615561,-27.0106018004309,-15.3846178560824,100,93.4735281856501,2.83978558665873,1,1,145,coarse
125,25,0,0,0,-20.6807431064101,-28.2659751142314,-22.4485495096776,100,91.7643244244754,4.68047638908198,1,1,150,coarse
125,30,0,0,0,-22.3396415783654,-29.44490273648,-22.5612422693091,100,89.1310389550234,7.77016831108532,1,1,155,coarse
125,35,0,0,0,-22.5096723701946,-32.4012882215636,-23.2065638905817,100,84.700541942656,12.3598374927452,1,1,160,coarse
125,40,0,0,0,-23.0404314196629,-37.2459935559312,-23.6879195114805,100,77.840566955394,19.3174695298897,1,1,165,coarse
125,45,0,0,0,-25.5322493717197,-46.1776253802176,-27.4674882504017,100,72.6805317522813,24.5409170052234,1,1,170,coarse
125,50,0,0,0,-44.2279460625419,-52.1132555906106,-45.1034369770356,100,68.5325860391866,28.7591410330818,1,1,175,coarse
125,55,0,0,0,-44.2279460625419,-52.707564579196,-45.1034369770356,100,64.0372411876419,32.6941381311666,1,1,180,coarse
125,60,0,0,0,-44.2448181537838,-53.1573714543834,-45.1287236280507,100,59.340404835796,37.3348810214742,1,1,185,coarse
125,65,0,0,0,-44.2448181537838,-53.529744935416,-45.1302130534176,100,55.1183473064987,42.1334881021474,1,1,190,coarse
125,70,0,0,0,-44.2448181537838,-54.221909735367,-45.1302130534176,100,50.5141507249062,46.9692396982008,1,1,195,coarse
125,75,0,0,0,-44.2463019425803,-54.6220899550235,-45.1562693335165,100,45.6737227291676,52.178757980267,1,1,200,coarse
125,80,0,0,0,-44.2463019425803,-54.9774077343344,-45.1562693335165,100,40.4696836351846,57.2280905397562,1,1,205,coarse
125,85,0,0,0,-44.2463019425803,-55.3461018642802,-45.1562693335165,100,35.6825235073417,62.172721858249,1,1,210,coarse
125,90,0,0,0,-44.2466345119784,-55.7909131947474,-45.1598745978727,100,31.44425401825,66.1706326175276,1,1,215,coarse
125,95,0,0,0,-44.2661051451224,-56.8361159282593,-45.1815317520651,100,27.2059845291584,70.3322674822744,1,1,220,coarse
125,100,0,0,0,-44.2661051451224,-57.6895490184929,-45.1815317520651,100,23.1553105748298,74.7444907683145,1,1,225,coarse
125,105,0,0,0,-44.2661051451224,-57.8719497473695,-45.1815317520651,100,18.7062856084117,78.827626233314,1,1,230,coarse
125,110,0,0,0,-44.2661051451224,-59.0294240983461,-45.1817811524836,100,14.384640326092,83.1085316308764,1,1,235,coarse
125,115,0,0,0,-50.9947553523762,-60.5265976108567,-51.6922571642088,100,9.25008105979897,87.6006964596634,1,1,240,coarse
125,120,0,0,0,-54.4040194944817,-61.7574266241668,-55.4241475031447,100,5.0048635879383,91.4149738827626,1,1,245,coarse
125,125,0,0,0,-55.7300737111125,-66.4277784407863,-56.1018359556869,100,0,95.883923389437,1,1,250,coarse
130,0,0.472091085809497,0.472091085809497,0.277700638711469,7.6585718216178,-20.4754689950311,-0.152390310359512,99.5279089141905,100,0,0,0,130,coarse
130,0.5,0.472091085809497,0.472091085809497,0.277700638711469,7.6585718216178,-20.4754689950311,-0.152390310359512,99.5279089141905,100,0,0,0,130.5,coarse
130,1,0.416550958067203,0.416550958067203,0.263815606775896,7.6585718216178,-20.5203124237393,-0.152390310359512,99.5834490419328,99.9976840057437,0.00952948183442525,0,0,131,coarse
130,2,0.36101083032491,0.36101083032491,0.180505415162455,4.06451980211479,-20.7590586201176,-3.17768284179175,99.6389891696751,99.9721951897678,0.038117927337701,0,0,132,coarse
130,3,0.249930574840322,0.249930574840322,0.0694251596778673,-1.21520482511585,-21.0088906381755,-3.49671825857893,99.7500694251597,99.9351221094583,0.0929124478856462,0,0,133,coarse
130,5,0.0277700638711469,0.0277700638711469,0,-4.37403268839256,-21.6123642147291,-6.62104914599579,99.9722299361289,99.8239028685296,0.254913639070875,0,1,135,coarse
130,10,0,0,0,-7.89130785958621,-22.6777138515263,-9.7872386710418,100,99.3685432385374,0.819535437760572,1,1,140,coarse
130,15,0,0,0,-11.4957329050459,-25.5371923037333,-12.0997315411342,100,98.6984112279402,1.67242406194163,1,1,145,coarse
130,20,0,0,0,-14.7429949615561,-27.0106018004309,-15.3846178560824,100,97.6098939274631,2.83978558665873,1,1,150,coarse
130,25,0,0,0,-20.6807431064101,-28.2659751142314,-22.4485495096776,100,95.9006901662884,4.68047638908198,1,1,155,coarse
130,30,0,0,0,-22.3396415783654,-29.44490273648,-22.5612422693091,100,93.2674046968364,7.77016831108532,1,1,160,coarse
130,35,0,0,0,-22.5096723701946,-32.4012882215636,-23.2065638905817,100,88.8369076844689,12.3598374927452,1,1,165,coarse
130,40,0,0,0,-23.0404314196629,-37.2459935559312,-23.6879195114805,100,82.1469947634274,19.3174695298897,1,1,170,coarse
130,45,0,0,0,-25.5322493717197,-46.1776253802176,-27.4674882504017,100,76.9081051021827,24.5409170052234,1,1,175,coarse
130,50,0,0,0,-44.2279460625419,-52.1132555906106,-45.1034369770356,100,72.6689517809996,28.7591410330818,1,1,180,coarse
130,55,0,0,0,-44.2279460625419,-52.707564579196,-45.1034369770356,100,68.1736069294548,32.6941381311666,1,1,185,coarse
130,60,0,0,0,-44.2448181537838,-53.1573714543834,-45.1287236280507,100,63.4853329626025,37.3348810214742,1,1,190,coarse
130,65,0,0,0,-44.2448181537838,-53.529744935416,-45.1302130534176,100,59.2547130483116,42.1334881021474,1,1,195,coarse
130,70,0,0,0,-44.2448181537838,-54.221909735367,-45.1302130534176,100,54.6505164667192,46.9692396982008,1,1,200,coarse
130,75,0,0,0,-44.2463019425803,-54.6220899550231,-45.1562693335165,100,49.8100884709806,52.178757980267,1,1,205,coarse
130,80,0,0,0,-44.2463019425803,-54.9774077343344,-45.1562693335165,100,44.6060493769975,57.2280905397562,1,1,210,coarse
130,85,0,0,0,-44.2463019425803,-55.3461018642802,-45.1562693335165,100,39.8188892491547,62.172721858249,1,1,215,coarse
130,90,0,0,0,-44.2466345119784,-55.7909131947474,-45.1598745978727,100,35.580619760063,66.1706326175276,1,1,220,coarse
130,95,0,0,0,-44.2661051451224,-56.8361159282593,-45.1815317520651,100,31.3423502709713,70.3322674822744,1,1,225,coarse
130,100,0,0,0,-44.2661051451224,-57.6895490184929,-45.1815317520651,100,27.2916763166427,74.7444907683145,1,1,230,coarse
130,105,0,0,0,-44.2661051451224,-57.8719497473695,-45.1815317520651,100,22.8426513502247,78.827626233314,1,1,235,coarse
130,110,0,0,0,-44.2661051451224,-59.0294240983461,-45.1817811524836,100,18.521006067905,83.1085316308764,1,1,240,coarse
130,115,0,0,0,-50.9947553523758,-60.5265976108567,-51.692257164209,100,13.5200889753927,87.6006964596634,1,1,245,coarse
130,120,0,0,0,-54.4040194944817,-61.7574266241668,-55.4241475031447,100,9.35556879094699,91.4149738827626,1,1,250,coarse
130,125,0,0,0,-55.7300737111125,-66.4277784407863,-56.1018359556869,100,4.49553305539011,95.883923389437,1,1,255,coarse
130,130,0,0,0,-2969.09346595255,-2969.09346595255,-2969.09346595255,100,0,100,1,1,260,coarse
135,0,0.472091085809497,0.472091085809497,0.277700638711469,7.6585718216178,-20.4754689950311,-0.152390310359512,99.5279089141905,100,0,0,0,135,coarse
135,0.5,0.472091085809497,0.472091085809497,0.277700638711469,7.6585718216178,-20.4754689950311,-0.152390310359512,99.5279089141905,100,0,0,0,135.5,coarse
135,1,0.416550958067203,0.416550958067203,0.263815606775896,7.6585718216178,-20.5203124237393,-0.152390310359512,99.5834490419328,99.9976840057437,0.00952948183442525,0,0,136,coarse
135,2,0.36101083032491,0.36101083032491,0.180505415162455,4.06451980211479,-20.7590586201176,-3.17768284179175,99.6389891696751,99.9721951897678,0.038117927337701,0,0,137,coarse
135,3,0.249930574840322,0.249930574840322,0.0694251596778673,-1.21520482511585,-21.0088906381755,-3.49671825857893,99.7500694251597,99.9351221094583,0.0929124478856462,0,0,138,coarse
135,5,0.0277700638711469,0.0277700638711469,0,-4.37403268839256,-21.6123642147291,-6.62104914599579,99.9722299361289,99.8239028685296,0.254913639070875,0,1,140,coarse
135,10,0,0,0,-7.89130785958621,-22.6777138515263,-9.7872386710418,100,99.3685432385374,0.819535437760572,1,1,145,coarse
135,15,0,0,0,-11.4957329050459,-25.5371923037333,-12.0997315411342,100,98.6984112279402,1.67242406194163,1,1,150,coarse
135,20,0,0,0,-14.7429949615561,-27.0106018004309,-15.3846178560824,100,97.6098939274631,2.83978558665873,1,1,155,coarse
135,25,0,0,0,-20.6807431064101,-28.2659751142314,-22.4485495096776,100,95.9006901662884,4.68047638908198,1,1,160,coarse
135,30,0,0,0,-22.3396415783654,-29.44490273648,-22.5612422693091,100,93.2674046968364,7.77016831108532,1,1,165,coarse
135,35,0,0,0,-22.5096723701946,-32.4012882215636,-23.2065638905817,100,88.8369076844689,12.3598374927452,1,1,170,coarse
135,40,0,0,0,-23.0404314196629,-37.2459935559312,-23.6879195114805,100,82.1469947634274,19.3174695298897,1,1,175,coarse
135,45,0,0,0,-25.5322493717197,-46.1776253802176,-27.4674882504017,100,76.9081051021827,24.5409170052234,1,1,180,coarse
135,50,0,0,0,-44.2279460625419,-52.1132555906106,-45.1034369770356,100,72.6689517809996,28.7591410330818,1,1,185,coarse
135,55,0,0,0,-44.2279460625419,-52.707564579196,-45.1034369770356,100,68.1736069294548,32.6941381311666,1,1,190,coarse
135,60,0,0,0,-44.2448181537838,-53.1573714543834,-45.1287236280507,100,63.4853329626025,37.3348810214742,1,1,195,coarse
135,65,0,0,0,-44.2448181537838,-53.529744935416,-45.1302130534176,100,59.2547130483116,42.1334881021474,1,1,200,coarse
135,70,0,0,0,-44.2448181537838,-54.221909735367,-45.1302130534176,100,54.6505164667192,46.9692396982008,1,1,205,coarse
135,75,0,0,0,-44.2463019425803,-54.6220899550231,-45.1562693335165,100,49.8100884709806,52.178757980267,1,1,210,coarse
135,80,0,0,0,-44.2463019425803,-54.9774077343344,-45.1562693335165,100,44.6060493769975,57.2280905397562,1,1,215,coarse
135,85,0,0,0,-44.2463019425803,-55.3461018642802,-45.1562693335165,100,39.8188892491547,62.172721858249,1,1,220,coarse
135,90,0,0,0,-44.2466345119784,-55.7909131947474,-45.1598745978727,100,35.580619760063,66.1706326175276,1,1,225,coarse
135,95,0,0,0,-44.2661051451224,-56.8361159282593,-45.1815317520651,100,31.3423502709713,70.3322674822744,1,1,230,coarse
135,100,0,0,0,-44.2661051451224,-57.6895490184929,-45.1815317520651,100,27.2916763166427,74.7444907683145,1,1,235,coarse
135,105,0,0,0,-44.2661051451224,-57.8719497473695,-45.1815317520651,100,22.8426513502247,78.827626233314,1,1,240,coarse
135,110,0,0,0,-44.2661051451224,-59.0294240983461,-45.1817811524836,100,18.521006067905,83.1085316308764,1,1,245,coarse
135,115,0,0,0,-50.9947553523758,-60.5265976108567,-51.692257164209,100,13.5200889753927,87.6006964596634,1,1,250,coarse
135,120,0,0,0,-54.4040194944817,-61.7574266241668,-55.4241475031447,100,9.35556879094699,91.4149738827626,1,1,255,coarse
135,125,0,0,0,-55.7300737111125,-66.4277784407863,-56.1018359556869,100,4.49553305539011,95.883923389437,1,1,260,coarse
135,130,0,0,0,-2969.09346595255,-2969.09346595255,-2969.09346595255,100,0,100,1,1,265,coarse
135,135,0,0,0,-2969.09346595255,-2969.09346595255,-2969.09346595255,100,0,100,1,1,270,coarse
140,0,0.472091085809497,0.472091085809497,0.277700638711469,7.6585718216178,-20.4754689950311,-0.152390310359512,99.5279089141905,100,0,0,0,140,coarse
140,0.5,0.472091085809497,0.472091085809497,0.277700638711469,7.6585718216178,-20.4754689950311,-0.152390310359512,99.5279089141905,100,0,0,0,140.5,coarse
140,1,0.416550958067203,0.416550958067203,0.263815606775896,7.6585718216178,-20.5203124237393,-0.152390310359512,99.5834490419328,99.9976840057437,0.00952948183442525,0,0,141,coarse
140,2,0.36101083032491,0.36101083032491,0.180505415162455,4.06451980211479,-20.7590586201176,-3.17768284179175,99.6389891696751,99.9721951897678,0.038117927337701,0,0,142,coarse
140,3,0.249930574840322,0.249930574840322,0.0694251596778673,-1.21520482511585,-21.0088906381755,-3.49671825857893,99.7500694251597,99.9351221094583,0.0929124478856462,0,0,143,coarse
140,5,0.0277700638711469,0.0277700638711469,0,-4.37403268839256,-21.6123642147291,-6.62104914599579,99.9722299361289,99.8239028685296,0.254913639070875,0,1,145,coarse
140,10,0,0,0,-7.89130785958621,-22.6777138515263,-9.7872386710418,100,99.3685432385374,0.819535437760572,1,1,150,coarse
140,15,0,0,0,-11.4957329050459,-25.5371923037333,-12.0997315411342,100,98.6984112279402,1.67242406194163,1,1,155,coarse
140,20,0,0,0,-14.7429949615561,-27.0106018004309,-15.3846178560824,100,97.6098939274631,2.83978558665873,1,1,160,coarse
140,25,0,0,0,-20.6807431064101,-28.2659751142314,-22.4485495096776,100,95.9006901662884,4.68047638908198,1,1,165,coarse
140,30,0,0,0,-22.3396415783654,-29.44490273648,-22.5612422693091,100,93.2674046968364,7.77016831108532,1,1,170,coarse
140,35,0,0,0,-22.5096723701946,-32.4012882215636,-23.2065638905817,100,88.8369076844689,12.3598374927452,1,1,175,coarse
140,40,0,0,0,-23.0404314196629,-37.2459935559312,-23.6879195114805,100,82.1469947634274,19.3174695298897,1,1,180,coarse
140,45,0,0,0,-25.5322493717197,-46.1776253802176,-27.4674882504017,100,76.9081051021827,24.5409170052234,1,1,185,coarse
140,50,0,0,0,-44.2279460625419,-52.1132555906106,-45.1034369770356,100,72.6689517809996,28.7591410330818,1,1,190,coarse
140,55,0,0,0,-44.2279460625419,-52.707564579196,-45.1034369770356,100,68.1736069294548,32.6941381311666,1,1,195,coarse
140,60,0,0,0,-44.2448181537838,-53.1573714543834,-45.1287236280507,100,63.4853329626025,37.3348810214742,1,1,200,coarse
140,65,0,0,0,-44.2448181537838,-53.529744935416,-45.1302130534176,100,59.2547130483116,42.1334881021474,1,1,205,coarse
140,70,0,0,0,-44.2448181537838,-54.221909735367,-45.1302130534176,100,54.6505164667192,46.9692396982008,1,1,210,coarse
140,75,0,0,0,-44.2463019425803,-54.6220899550231,-45.1562693335165,100,49.8100884709806,52.178757980267,1,1,215,coarse
140,80,0,0,0,-44.2463019425803,-54.9774077343344,-45.1562693335165,100,44.6060493769975,57.2280905397562,1,1,220,coarse
140,85,0,0,0,-44.2463019425803,-55.3461018642802,-45.1562693335165,100,39.8188892491547,62.172721858249,1,1,225,coarse
140,90,0,0,0,-44.2466345119784,-55.7909131947474,-45.1598745978727,100,35.580619760063,66.1706326175276,1,1,230,coarse
140,95,0,0,0,-44.2661051451224,-56.8361159282593,-45.1815317520651,100,31.3423502709713,70.3322674822744,1,1,235,coarse
140,100,0,0,0,-44.2661051451224,-57.6895490184929,-45.1815317520651,100,27.2916763166427,74.7444907683145,1,1,240,coarse
140,105,0,0,0,-44.2661051451224,-57.8719497473695,-45.1815317520651,100,22.8426513502247,78.827626233314,1,1,245,coarse
140,110,0,0,0,-44.2661051451224,-59.0294240983461,-45.1817811524836,100,18.521006067905,83.1085316308764,1,1,250,coarse
140,115,0,0,0,-50.9947553523758,-60.5265976108567,-51.692257164209,100,13.5200889753927,87.6006964596634,1,1,255,coarse
140,120,0,0,0,-54.4040194944817,-61.7574266241668,-55.4241475031447,100,9.35556879094699,91.4149738827626,1,1,260,coarse
140,125,0,0,0,-55.7300737111125,-66.4277784407863,-56.1018359556869,100,4.49553305539011,95.883923389437,1,1,265,coarse
140,130,0,0,0,-2969.09346595255,-2969.09346595255,-2969.09346595255,100,0,100,1,1,270,coarse
140,135,0,0,0,-2969.09346595255,-2969.09346595255,-2969.09346595255,100,0,100,1,1,275,coarse
140,140,0,0,0,-2969.09346595255,-2969.09346595255,-2969.09346595255,100,0,100,1,1,280,coarse
140.864754687772,0,0.472091085809497,0.472091085809497,0.277700638711469,7.6585718216178,-20.4754689950311,-0.152390310359512,99.5279089141905,100,0,0,0,140.864754687772,coarse
140.864754687772,0.5,0.472091085809497,0.472091085809497,0.277700638711469,7.6585718216178,-20.4754689950311,-0.152390310359512,99.5279089141905,100,0,0,0,141.364754687772,coarse
140.864754687772,1,0.416550958067203,0.416550958067203,0.263815606775896,7.6585718216178,-20.5203124237393,-0.152390310359512,99.5834490419328,99.9976840057437,0.00952948183442525,0,0,141.864754687772,coarse
140.864754687772,2,0.36101083032491,0.36101083032491,0.180505415162455,4.06451980211479,-20.7590586201176,-3.17768284179175,99.6389891696751,99.9721951897678,0.038117927337701,0,0,142.864754687772,coarse
140.864754687772,3,0.249930574840322,0.249930574840322,0.0694251596778673,-1.21520482511585,-21.0088906381755,-3.49671825857893,99.7500694251597,99.9351221094583,0.0929124478856462,0,0,143.864754687772,coarse
140.864754687772,5,0.0277700638711469,0.0277700638711469,0,-4.37403268839256,-21.6123642147291,-6.62104914599579,99.9722299361289,99.8239028685296,0.254913639070875,0,1,145.864754687772,coarse
140.864754687772,10,0,0,0,-7.89130785958621,-22.6777138515263,-9.7872386710418,100,99.3685432385374,0.819535437760572,1,1,150.864754687772,coarse
140.864754687772,15,0,0,0,-11.4957329050459,-25.5371923037333,-12.0997315411342,100,98.6984112279402,1.67242406194163,1,1,155.864754687772,coarse
140.864754687772,20,0,0,0,-14.7429949615561,-27.0106018004309,-15.3846178560824,100,97.6098939274631,2.83978558665873,1,1,160.864754687772,coarse
140.864754687772,25,0,0,0,-20.6807431064101,-28.2659751142314,-22.4485495096776,100,95.9006901662884,4.68047638908198,1,1,165.864754687772,coarse
140.864754687772,30,0,0,0,-22.3396415783654,-29.44490273648,-22.5612422693091,100,93.2674046968364,7.77016831108532,1,1,170.864754687772,coarse
140.864754687772,35,0,0,0,-22.5096723701946,-32.4012882215636,-23.2065638905817,100,88.8369076844689,12.3598374927452,1,1,175.864754687772,coarse
140.864754687772,40,0,0,0,-23.0404314196629,-37.2459935559312,-23.6879195114805,100,82.1469947634274,19.3174695298897,1,1,180.864754687772,coarse
140.864754687772,45,0,0,0,-25.5322493717197,-46.1776253802176,-27.4674882504017,100,76.9081051021827,24.5409170052234,1,1,185.864754687772,coarse
140.864754687772,50,0,0,0,-44.2279460625419,-52.1132555906106,-45.1034369770356,100,72.6689517809996,28.7591410330818,1,1,190.864754687772,coarse
140.864754687772,55,0,0,0,-44.2279460625419,-52.707564579196,-45.1034369770356,100,68.1736069294548,32.6941381311666,1,1,195.864754687772,coarse
140.864754687772,60,0,0,0,-44.2448181537838,-53.1573714543834,-45.1287236280507,100,63.4853329626025,37.3348810214742,1,1,200.864754687772,coarse
140.864754687772,65,0,0,0,-44.2448181537838,-53.529744935416,-45.1302130534176,100,59.2547130483116,42.1334881021474,1,1,205.864754687772,coarse
140.864754687772,70,0,0,0,-44.2448181537838,-54.221909735367,-45.1302130534176,100,54.6505164667192,46.9692396982008,1,1,210.864754687772,coarse
140.864754687772,75,0,0,0,-44.2463019425803,-54.6220899550231,-45.1562693335165,100,49.8100884709806,52.178757980267,1,1,215.864754687772,coarse
140.864754687772,80,0,0,0,-44.2463019425803,-54.9774077343344,-45.1562693335165,100,44.6060493769975,57.2280905397562,1,1,220.864754687772,coarse
140.864754687772,85,0,0,0,-44.2463019425803,-55.3461018642802,-45.1562693335165,100,39.8188892491547,62.172721858249,1,1,225.864754687772,coarse
140.864754687772,90,0,0,0,-44.2466345119784,-55.7909131947474,-45.1598745978727,100,35.580619760063,66.1706326175276,1,1,230.864754687772,coarse
140.864754687772,95,0,0,0,-44.2661051451224,-56.8361159282593,-45.1815317520651,100,31.3423502709713,70.3322674822744,1,1,235.864754687772,coarse
140.864754687772,100,0,0,0,-44.2661051451224,-57.6895490184929,-45.1815317520651,100,27.2916763166427,74.7444907683145,1,1,240.864754687772,coarse
140.864754687772,105,0,0,0,-44.2661051451224,-57.8719497473695,-45.1815317520651,100,22.8426513502247,78.827626233314,1,1,245.864754687772,coarse
140.864754687772,110,0,0,0,-44.2661051451224,-59.0294240983461,-45.1817811524836,100,18.521006067905,83.1085316308764,1,1,250.864754687772,coarse
140.864754687772,115,0,0,0,-50.9947553523758,-60.5265976108567,-51.692257164209,100,13.5200889753927,87.6006964596634,1,1,255.864754687772,coarse
140.864754687772,120,0,0,0,-54.4040194944817,-61.7574266241668,-55.4241475031447,100,9.35556879094699,91.4149738827626,1,1,260.864754687772,coarse
140.864754687772,125,0,0,0,-55.7300737111125,-66.4277784407863,-56.1018359556869,100,4.49553305539011,95.883923389437,1,1,265.864754687772,coarse
140.864754687772,130,0,0,0,-2969.09346595255,-2969.09346595255,-2969.09346595255,100,0,100,1,1,270.864754687772,coarse
140.864754687772,135,0,0,0,-2969.09346595255,-2969.09346595255,-2969.09346595255,100,0,100,1,1,275.864754687772,coarse
140.864754687772,140,0,0,0,-2969.09346595255,-2969.09346595255,-2969.09346595255,100,0,100,1,1,280.864754687772,coarse
140.864754687772,140.864754687772,0,0,0,-2969.09346595255,-2969.09346595255,-2969.09346595255,100,0,100,1,1,281.729509375544,coarse
38,0,0.694251596778673,0.694251596778673,0.513746181616218,7.6585718216178,-19.594199211646,0.819659084608498,99.3057484032213,16.6360998258851,0,0,0,38,refinement
38,1,0.638711469036379,0.638711469036379,0.499861149680644,7.6585718216178,-19.594199211646,0.816370333546103,99.3612885309636,16.6337782936738,0.00952948183442525,0,0,39,refinement
38,2,0.583171341294085,0.583171341294085,0.416550958067204,5.64627636679872,-19.866290463455,0.774703490829967,99.4168286587059,16.60824143935,0.038117927337701,0,0,40,refinement
38,3,0.472091085809497,0.472091085809497,0.291585670647042,5.64627636679872,-20.3121610538295,0.131623006574192,99.5279089141905,16.5571677307023,0.0929124478856462,0,0,41,refinement
38,4,0.388780894196057,0.388780894196057,0.236045542904749,5.64627636679872,-20.7889831062189,0.131623006574192,99.6112191058039,16.4968078932095,0.183442525312686,0,0,42,refinement
38,5,0.388780894196057,0.388780894196057,0.180505415162455,5.64627636679872,-21.1036234866194,0.131623006574192,99.6112191058039,16.4457341845618,0.254913639070875,0,0,43,refinement
38,6,0.388780894196057,0.388780894196057,0.166620383226881,5.64627636679872,-21.39365273575,0.131623006574192,99.6112191058039,16.3784097504353,0.369267421083979,0,0,44,refinement
38,7,0.388780894196057,0.388780894196057,0.166620383226881,5.64627636679872,-21.542502368595,0.131623006574192,99.6112191058039,16.3110853163088,0.466944609886837,0,0,45,refinement
38,8,0.388780894196057,0.388780894196057,0.166620383226881,5.64627636679872,-21.6944058885389,0.131623006574192,99.6112191058039,16.2391178177597,0.552709946396665,0,0,46,refinement
38,9,0.388780894196057,0.388780894196057,0.166620383226881,5.64627636679872,-21.8496092464218,0.131623006574192,99.6112191058039,16.1694718514219,0.683740321620012,0,0,47,refinement
38,10,0.388780894196057,0.388780894196057,0.166620383226881,5.64627636679872,-22.2216597505578,0.131623006574192,99.6112191058039,16.0046430644225,0.819535437760572,0,0,48,refinement
38,11,0.388780894196057,0.388780894196057,0.166620383226881,5.64317650910968,-22.6467369341218,0.131623006574192,99.6112191058039,15.8491004062681,1.02203692674211,0,0,49,refinement
38,12,0.388780894196057,0.388780894196057,0.166620383226881,5.64317650910968,-23.2014938795499,0.131623006574192,99.6112191058039,15.7121300058038,1.18165574746873,0,0,50,refinement
38,13,0.388780894196057,0.388780894196057,0.166620383226881,5.64317650910968,-23.6811538323698,0.131623006574192,99.6112191058039,15.5310504933256,1.32698034544372,0,0,51,refinement
38,14,0.388780894196057,0.388780894196057,0.166620383226881,5.64317650910968,-24.1912506449297,0.131623006574192,99.6112191058039,15.3546140452699,1.49136390708755,0,0,52,refinement
38,15,0.388780894196057,0.388780894196057,0.166620383226881,5.64317650910968,-24.5962628189423,0.131623006574192,99.6112191058039,15.1572838073128,1.67242406194163,0,0,53,refinement
38,16,0.388780894196057,0.388780894196057,0.166620383226881,5.64317650910968,-24.994716132162,0.131623006574192,99.6112191058039,14.9599535693558,1.85586658725432,0,0,54,refinement
38,17,0.388780894196057,0.388780894196057,0.166620383226881,5.64317650910968,-25.3424291303563,0.131623006574192,99.6112191058039,14.7278003482298,2.04407385348422,0,0,55,refinement
39,0,0.638711469036379,0.638711469036379,0.485976117745071,7.6585718216178,-19.866290463455,0.819659084608498,99.3612885309636,18.084735925711,0,0,0,39,refinement
39,1,0.583171341294085,0.583171341294085,0.472091085809497,7.6585718216178,-19.866290463455,0.816370333546103,99.4168286587059,18.0824143934997,0.00952948183442525,0,0,40,refinement
39,2,0.527631213551791,0.527631213551791,0.388780894196057,5.64627636679872,-20.0653392062779,0.774703490829967,99.4723687864482,18.0568775391759,0.038117927337701,0,0,41,refinement
39,3,0.416550958067203,0.416550958067203,0.263815606775896,5.64627636679872,-20.4542774099,0.131623006574192,99.5834490419328,18.0058038305281,0.0929124478856462,0,0,42,refinement
39,4,0.333240766453763,0.333240766453763,0.208275479033602,5.64627636679872,-20.9530685394684,0.131623006574192,99.6667592335462,17.9454439930354,0.183442525312686,0,0,43,refinement
39,5,0.333240766453763,0.333240766453763,0.138850319355735,5.64627636679872,-21.2202536230946,0.131623006574192,99.6667592335462,17.8943702843877,0.254913639070875,0,0,44,refinement
39,6,0.333240766453763,0.333240766453763,0.124965287420161,5.64627636679872,-21.5166331332405,0.131623006574192,99.6667592335462,17.8270458502612,0.369267421083979,0,0,45,refinement
39,7,0.333240766453763,0.333240766453763,0.124965287420161,5.64627636679872,-21.6333846537313,0.131623006574192,99.6667592335462,17.7597214161346,0.466944609886837,0,0,46,refinement
39,8,0.333240766453763,0.333240766453763,0.124965287420161,5.64627636679872,-21.8032976650297,0.131623006574192,99.6667592335462,17.6877539175856,0.552709946396665,0,0,47,refinement
39,9,0.333240766453763,0.333240766453763,0.124965287420161,5.64627636679872,-22.0045164108804,0.131623006574192,99.6667592335462,17.6181079512478,0.683740321620012,0,0,48,refinement
39,10,0.333240766453763,0.333240766453763,0.124965287420161,5.64627636679872,-22.27992226256,0.131623006574192,99.6667592335462,17.4532791642484,0.819535437760572,0,0,49,refinement
39,11,0.333240766453763,0.333240766453763,0.124965287420161,5.64317650910968,-22.7413531216471,0.131623006574192,99.6667592335462,17.297736506094,1.02203692674211,0,0,50,refinement
39,12,0.333240766453763,0.333240766453763,0.124965287420161,5.64317650910968,-23.3449212504596,0.131623006574192,99.6667592335462,17.1607661056297,1.18165574746873,0,0,51,refinement
39,13,0.333240766453763,0.333240766453763,0.124965287420161,5.64317650910968,-23.8058679847271,0.131623006574192,99.6667592335462,16.9796865931515,1.32698034544372,0,0,52,refinement
39,14,0.333240766453763,0.333240766453763,0.124965287420161,5.64317650910968,-24.3662452208645,0.131623006574192,99.6667592335462,16.8032501450958,1.49136390708755,0,0,53,refinement
39,15,0.333240766453763,0.333240766453763,0.124965287420161,5.64317650910968,-24.7670765781153,0.131623006574192,99.6667592335462,16.6059199071387,1.67242406194163,0,0,54,refinement
39,16,0.333240766453763,0.333240766453763,0.124965287420161,5.64317650910968,-25.1747010423132,0.131623006574192,99.6667592335462,16.4085896691817,1.85586658725432,0,0,55,refinement
39,17,0.333240766453763,0.333240766453763,0.124965287420161,5.64317650910968,-25.594871538471,0.131623006574192,99.6667592335462,16.1764364480557,2.04407385348422,0,0,56,refinement
40,0,0.638711469036379,0.638711469036379,0.458206053873924,7.6585718216178,-20.0422136423233,0.819659084608498,99.3612885309636,19.3174695298897,0,0,0,40,refinement
40,1,0.583171341294085,0.583171341294085,0.44432102193835,7.6585718216178,-20.0422136423233,0.816370333546103,99.4168286587059,19.3151479976785,0.00952948183442525,0,0,41,refinement
40,2,0.527631213551791,0.527631213551791,0.36101083032491,5.64627636679872,-20.3346852867093,0.774703490829967,99.4723687864482,19.2896111433546,0.038117927337701,0,0,42,refinement
40,3,0.416550958067203,0.416550958067203,0.236045542904749,5.64627636679872,-20.6010143667433,0.131623006574192,99.5834490419328,19.2385374347069,0.0929124478856462,0,0,43,refinement
40,4,0.277700638711469,0.277700638711469,0.208275479033602,5.64627636679872,-21.0384034903288,0.131623006574192,99.7222993612885,19.1781775972142,0.183442525312686,0,0,44,refinement
40,5,0.277700638711469,0.277700638711469,0.124965287420161,5.64627636679872,-21.3244712348247,0.131623006574192,99.7222993612885,19.1271038885665,0.254913639070875,0,0,45,refinement
40,6,0.277700638711469,0.277700638711469,0.124965287420161,5.64627636679872,-21.5896839922364,0.131623006574192,99.7222993612885,19.0597794544399,0.369267421083979,0,0,46,refinement
40,7,0.277700638711469,0.277700638711469,0.124965287420161,5.64627636679872,-21.6944058885389,0.131623006574192,99.7222993612885,18.9924550203134,0.466944609886837,0,0,47,refinement
40,8,0.277700638711469,0.277700638711469,0.124965287420161,5.64627636679872,-21.8926408670822,0.131623006574192,99.7222993612885,18.9204875217644,0.552709946396665,0,0,48,refinement
40,9,0.277700638711469,0.277700638711469,0.124965287420161,5.64627636679872,-22.0416429234191,0.131623006574192,99.7222993612885,18.8508415554266,0.683740321620012,0,0,49,refinement
40,10,0.277700638711469,0.277700638711469,0.124965287420161,5.64627636679872,-22.3326266786168,0.131623006574192,99.7222993612885,18.6860127684272,0.819535437760572,0,0,50,refinement
40,11,0.277700638711469,0.277700638711469,0.124965287420161,5.64317650910968,-23.0500199279708,0.131623006574192,99.7222993612885,18.5304701102728,1.02203692674211,0,0,51,refinement
40,12,0.277700638711469,0.277700638711469,0.124965287420161,5.64317650910968,-23.4832812904796,0.131623006574192,99.7222993612885,18.3934997098085,1.18165574746873,0,0,52,refinement
40,13,0.277700638711469,0.277700638711469,0.124965287420161,5.64317650910968,-23.9027313855696,0.131623006574192,99.7222993612885,18.2124201973302,1.32698034544372,0,0,53,refinement
40,14,0.277700638711469,0.277700638711469,0.124965287420161,5.64317650910968,-24.5259673281636,0.131623006574192,99.7222993612885,18.0359837492745,1.49136390708755,0,0,54,refinement
40,15,0.277700638711469,0.277700638711469,0.124965287420161,5.64317650910968,-24.8643350498595,0.131623006574192,99.7222993612885,17.8386535113175,1.67242406194163,0,0,55,refinement
40,16,0.277700638711469,0.277700638711469,0.124965287420161,5.64317650910968,-25.2966628408203,0.131623006574192,99.7222993612885,17.6413232733604,1.85586658725432,0,0,56,refinement
40,17,0.277700638711469,0.277700638711469,0.124965287420161,5.64317650910968,-25.8161408920135,0.131623006574192,99.7222993612885,17.4091700522345,2.04407385348422,0,0,57,refinement
41,0,0.610941405165232,0.610941405165232,0.44432102193835,7.6585718216178,-20.2354074304149,0.819659084608498,99.3890585948348,20.4573418456181,0,0,0,41,refinement
41,1,0.555401277422938,0.555401277422938,0.430435990002777,7.6585718216178,-20.2504240724657,0.816370333546103,99.4445987225771,20.4550203134068,0.00952948183442525,0,0,42,refinement
41,2,0.499861149680644,0.499861149680644,0.347125798389336,4.06451980211479,-20.4204123369059,0.674544192411228,99.5001388503194,20.429483459083,0.038117927337701,0,0,43,refinement
41,3,0.388780894196057,0.388780894196057,0.222160510969175,3.13976206140912,-20.7295917193757,-0.260785681393336,99.6112191058039,20.3784097504353,0.0929124478856462,0,0,44,refinement
41,4,0.249930574840322,0.249930574840322,0.194390447098028,3.13976206140912,-21.0754845229959,-0.260785681393336,99.7500694251597,20.3180499129425,0.183442525312686,0,0,45,refinement
41,5,0.249930574840322,0.249930574840322,0.111080255484588,3.13976206140912,-21.3555496883947,-0.260785681393336,99.7500694251597,20.2669762042948,0.254913639070875,0,0,46,refinement
41,6,0.249930574840322,0.249930574840322,0.111080255484588,3.13976206140912,-21.6333846537313,-0.260785681393336,99.7500694251597,20.1996517701683,0.369267421083979,0,0,47,refinement
41,7,0.249930574840322,0.249930574840322,0.111080255484588,3.13976206140912,-21.7437938413839,-0.260785681393336,99.7500694251597,20.1323273360418,0.466944609886837,0,0,48,refinement
41,8,0.249930574840322,0.249930574840322,0.111080255484588,3.13976206140912,-22.0045164108804,-0.260785681393336,99.7500694251597,20.0603598374927,0.552709946396665,0,0,49,refinement
41,9,0.249930574840322,0.249930574840322,0.111080255484588,3.13976206140912,-22.10447279592,-0.260785681393336,99.7500694251597,19.990713871155,0.683740321620012,0,0,50,refinement
41,10,0.249930574840322,0.249930574840322,0.111080255484588,3.13976206140912,-22.3831759943966,-0.260785681393336,99.7500694251597,19.8258850841555,0.819535437760572,0,0,51,refinement
41,11,0.249930574840322,0.249930574840322,0.111080255484588,3.13976206140912,-23.1060999464433,-0.260785681393336,99.7500694251597,19.6703424260012,1.02203692674211,0,0,52,refinement
41,12,0.249930574840322,0.249930574840322,0.111080255484588,3.13976206140912,-23.5986198347741,-0.260785681393336,99.7500694251597,19.5333720255369,1.18165574746873,0,0,53,refinement
41,13,0.249930574840322,0.249930574840322,0.111080255484588,3.13976206140912,-23.9770617597232,-0.260785681393336,99.7500694251597,19.3522925130586,1.32698034544372,0,0,54,refinement
41,14,0.249930574840322,0.249930574840322,0.111080255484588,3.13976206140912,-24.5962628189423,-0.260785681393336,99.7500694251597,19.1758560650029,1.49136390708755,0,0,55,refinement
41,15,0.249930574840322,0.249930574840322,0.111080255484588,3.13976206140912,-24.9486118014727,-0.260785681393336,99.7500694251597,18.9785258270458,1.67242406194163,0,0,56,refinement
41,16,0.249930574840322,0.249930574840322,0.111080255484588,3.13976206140912,-25.3662990860739,-0.260785681393336,99.7500694251597,18.7811955890888,1.85586658725432,0,0,57,refinement
41,17,0.249930574840322,0.249930574840322,0.111080255484588,3.13976206140912,-25.9323512266073,-0.260785681393336,99.7500694251597,18.5490423679629,2.04407385348422,0,0,58,refinement
42,0,0.610941405165232,0.610941405165232,0.430435990002777,7.6585718216178,-20.2954842637694,0.819659084608498,99.3890585948348,21.5066744051074,0,0,0,42,refinement
42,1,0.555401277422938,0.555401277422938,0.416550958067204,7.6585718216178,-20.3277907512906,0.816370333546103,99.4445987225771,21.5043528728961,0.00952948183442525,0,0,43,refinement
42,2,0.499861149680644,0.499861149680644,0.333240766453763,4.06451980211479,-20.4932647482661,0.674544192411228,99.5001388503194,21.4788160185723,0.038117927337701,0,0,44,refinement
42,3,0.388780894196057,0.388780894196057,0.208275479033602,3.13976206140912,-20.8159068463734,-0.260785681393336,99.6112191058039,21.4277423099246,0.0929124478856462,0,0,45,refinement
42,4,0.222160510969175,0.222160510969175,0.194390447098028,3.13976206140912,-21.1269871027883,-0.260785681393336,99.7778394890308,21.3673824724318,0.183442525312686,0,0,46,refinement
42,5,0.222160510969175,0.222160510969175,0.111080255484588,3.13976206140912,-21.438176716131,-0.260785681393336,99.7778394890308,21.3163087637841,0.254913639070875,0,0,47,refinement
42,6,0.222160510969175,0.222160510969175,0.111080255484588,3.13976206140912,-21.6927211730377,-0.260785681393336,99.7778394890308,21.2489843296576,0.369267421083979,0,0,48,refinement
42,7,0.222160510969175,0.222160510969175,0.111080255484588,3.13976206140912,-21.8032976650297,-0.260785681393336,99.7778394890308,21.1816598955311,0.466944609886837,0,0,49,refinement
42,8,0.222160510969175,0.222160510969175,0.111080255484588,3.13976206140912,-22.0198962850938,-0.260785681393336,99.7778394890308,21.109692396982,0.552709946396665,0,0,50,refinement
42,9,0.222160510969175,0.222160510969175,0.111080255484588,3.13976206140912,-22.1795847606904,-0.260785681393336,99.7778394890308,21.0400464306442,0.683740321620012,0,0,51,refinement
42,10,0.222160510969175,0.222160510969175,0.111080255484588,3.13976206140912,-22.4680800040048,-0.260785681393336,99.7778394890308,20.8752176436448,0.819535437760572,0,0,52,refinement
42,11,0.222160510969175,0.222160510969175,0.111080255484588,3.13976206140912,-23.2540415502502,-0.260785681393336,99.7778394890308,20.7196749854904,1.02203692674211,0,0,53,refinement
42,12,0.222160510969175,0.222160510969175,0.111080255484588,3.13976206140912,-23.6759865014744,-0.260785681393336,99.7778394890308,20.5827045850261,1.18165574746873,0,0,54,refinement
42,13,0.222160510969175,0.222160510969175,0.111080255484588,3.13976206140912,-24.1037478028328,-0.260785681393336,99.7778394890308,20.4016250725479,1.32698034544372,0,0,55,refinement
42,14,0.222160510969175,0.222160510969175,0.111080255484588,3.13976206140912,-24.7207037506898,-0.260785681393336,99.7778394890308,20.2251886244922,1.49136390708755,0,0,56,refinement
42,15,0.222160510969175,0.222160510969175,0.111080255484588,3.13976206140912,-25.0473754627661,-0.260785681393336,99.7778394890308,20.0278583865351,1.67242406194163,0,0,57,refinement
42,16,0.222160510969175,0.222160510969175,0.111080255484588,3.13976206140912,-25.4990127757125,-0.260785681393336,99.7778394890308,19.8305281485781,1.85586658725432,0,0,58,refinement
42,17,0.222160510969175,0.222160510969175,0.111080255484588,3.13976206140912,-25.9935276077987,-0.260785681393336,99.7778394890308,19.5983749274521,2.04407385348422,0,0,59,refinement
43,0,0.583171341294085,0.583171341294085,0.40266592613163,7.6585718216178,-20.3277907512906,0.819659084608498,99.4168286587059,22.5351131746953,0,0,0,43,refinement
43,1,0.527631213551791,0.527631213551791,0.388780894196057,7.6585718216178,-20.3337613380474,0.816370333546103,99.4723687864482,22.532791642484,0.00952948183442525,0,0,44,refinement
43,2,0.472091085809497,0.472091085809497,0.305470702582616,4.06451980211479,-20.5203124237393,0.674544192411228,99.5279089141905,22.5072547881602,0.038117927337701,0,0,45,refinement
43,3,0.36101083032491,0.36101083032491,0.180505415162455,3.13976206140912,-20.8314074861607,-0.300637185124807,99.6389891696751,22.4561810795125,0.0929124478856462,0,0,46,refinement
43,4,0.194390447098028,0.194390447098028,0.166620383226881,3.13976206140912,-21.1609657708658,-0.300637185124807,99.805609552902,22.3958212420197,0.183442525312686,0,0,47,refinement
43,5,0.166620383226881,0.166620383226881,0.0971952235490142,3.13976206140912,-21.4537606839015,-0.300637185124807,99.8333796167731,22.344747533372,0.254913639070875,0,0,48,refinement
43,6,0.166620383226881,0.166620383226881,0.0971952235490142,3.13976206140912,-21.6944058885389,-0.300637185124807,99.8333796167731,22.2774230992455,0.369267421083979,0,0,49,refinement
43,7,0.166620383226881,0.166620383226881,0.0971952235490142,3.13976206140912,-21.8496092464218,-0.300637185124807,99.8333796167731,22.210098665119,0.466944609886837,0,0,50,refinement
43,8,0.166620383226881,0.166620383226881,0.0971952235490142,3.13976206140912,-22.0416429234191,-0.300637185124807,99.8333796167731,22.1381311665699,0.552709946396665,0,0,51,refinement
43,9,0.166620383226881,0.166620383226881,0.0971952235490142,3.13976206140912,-22.2216597505578,-0.300637185124807,99.8333796167731,22.0684852002322,0.683740321620012,0,0,52,refinement
43,10,0.166620383226881,0.166620383226881,0.0971952235490142,3.13976206140912,-22.4722399524899,-0.300637185124807,99.8333796167731,21.9036564132327,0.819535437760572,0,0,53,refinement
43,11,0.166620383226881,0.166620383226881,0.0971952235490142,3.13976206140912,-23.326676608411,-0.300637185124807,99.8333796167731,21.7481137550784,1.02203692674211,0,0,54,refinement
43,12,0.166620383226881,0.166620383226881,0.0971952235490142,3.13976206140912,-23.6828174739561,-0.300637185124807,99.8333796167731,21.611143354614,1.18165574746873,0,0,55,refinement
43,13,0.166620383226881,0.166620383226881,0.0971952235490142,3.13976206140912,-24.1317506617224,-0.300637185124807,99.8333796167731,21.4300638421358,1.32698034544372,0,0,56,refinement
43,14,0.166620383226881,0.166620383226881,0.0971952235490142,3.13976206140912,-24.7418573503688,-0.300637185124807,99.8333796167731,21.2536273940801,1.49136390708755,0,0,57,refinement
43,15,0.166620383226881,0.166620383226881,0.0971952235490142,3.13976206140912,-25.1480367033862,-0.300637185124807,99.8333796167731,21.056297156123,1.67242406194163,0,0,58,refinement
43,16,0.166620383226881,0.166620383226881,0.0971952235490142,3.13976206140912,-25.5371923037333,-0.300637185124807,99.8333796167731,20.858966918166,1.85586658725432,0,0,59,refinement
43,17,0.166620383226881,0.166620383226881,0.0971952235490142,3.13976206140912,-26.0095988490091,-0.300637185124807,99.8333796167731,20.62681369704,2.04407385348422,0,0,60,refinement
44,0,0.555401277422938,0.555401277422938,0.388780894196057,7.6585718216178,-20.3337613380474,0.819659084608498,99.4445987225771,23.5844457341846,0,0,0,44,refinement
44,1,0.499861149680644,0.499861149680644,0.374895862260483,7.6585718216178,-20.35153788675,0.816370333546103,99.5001388503194,23.5821242019733,0.00952948183442525,0,0,45,refinement
44,2,0.44432102193835,0.44432102193835,0.291585670647042,4.06451980211479,-20.5312226498025,0.674544192411228,99.5556789780616,23.5565873476494,0.038117927337701,0,0,46,refinement
44,3,0.333240766453763,0.333240766453763,0.166620383226881,3.13976206140912,-20.8489575940292,-1.86909792921402,99.6667592335462,23.5055136390017,0.0929124478856462,0,0,47,refinement
44,4,0.166620383226881,0.166620383226881,0.152735351291308,3.13976206140912,-21.180246066482,-1.86909792921402,99.8333796167731,23.445153801509,0.183442525312686,0,0,48,refinement
44,5,0.138850319355735,0.138850319355735,0.0833101916134407,3.13976206140912,-21.4623476750763,-1.86909792921402,99.8611496806443,23.3940800928613,0.254913639070875,0,0,49,refinement
44,6,0.138850319355735,0.138850319355735,0.0833101916134407,3.13976206140912,-21.7025808284361,-1.86909792921402,99.8611496806443,23.3267556587348,0.369267421083979,0,0,50,refinement
44,7,0.138850319355735,0.138850319355735,0.0833101916134407,3.13976206140912,-21.8781636501693,-1.86909792921402,99.8611496806443,23.2594312246082,0.466944609886837,0,0,51,refinement
44,8,0.138850319355735,0.138850319355735,0.0833101916134407,3.13976206140912,-22.0652919034457,-1.86909792921402,99.8611496806443,23.1874637260592,0.552709946396665,0,0,52,refinement
44,9,0.138850319355735,0.138850319355735,0.0833101916134407,3.13976206140912,-22.2306299171324,-1.86909792921402,99.8611496806443,23.1178177597214,0.683740321620012,0,0,53,refinement
44,10,0.138850319355735,0.138850319355735,0.0833101916134407,3.13976206140912,-22.4754535676327,-1.86909792921402,99.8611496806443,22.952988972722,0.819535437760572,0,0,54,refinement
44,11,0.138850319355735,0.138850319355735,0.0833101916134407,3.13976206140912,-23.3275805483077,-1.86909792921402,99.8611496806443,22.7974463145676,1.02203692674211,0,0,55,refinement
44,12,0.138850319355735,0.138850319355735,0.0833101916134407,3.13976206140912,-23.6864019302243,-1.86909792921402,99.8611496806443,22.6604759141033,1.18165574746873,0,0,56,refinement
44,13,0.138850319355735,0.138850319355735,0.0833101916134407,3.13976206140912,-24.1462655234885,-1.86909792921402,99.8611496806443,22.4793964016251,1.32698034544372,0,0,57,refinement
44,14,0.138850319355735,0.138850319355735,0.0833101916134407,3.13976206140912,-24.7513740931551,-1.86909792921402,99.8611496806443,22.3029599535694,1.49136390708755,0,0,58,refinement
44,15,0.138850319355735,0.138850319355735,0.0833101916134407,3.13976206140912,-25.1902946089644,-1.86909792921402,99.8611496806443,22.1056297156123,1.67242406194163,0,0,59,refinement
44,16,0.138850319355735,0.138850319355735,0.0833101916134407,3.13976206140912,-25.5505036458296,-1.86909792921402,99.8611496806443,21.9082994776553,1.85586658725432,0,0,60,refinement
44,17,0.138850319355735,0.138850319355735,0.0833101916134407,3.13976206140912,-26.0323811999322,-1.86909792921402,99.8611496806443,21.6761462565293,2.04407385348422,0,0,61,refinement
45,0,0.499861149680644,0.499861149680644,0.347125798389336,7.6585718216178,-20.3337613380474,0.819659084608498,99.5001388503194,24.5409170052234,0,0,0,45,refinement
45,1,0.44432102193835,0.44432102193835,0.333240766453763,7.6585718216178,-20.35153788675,0.816370333546103,99.5556789780616,24.5385954730122,0.00952948183442525,0,0,46,refinement
45,2,0.388780894196057,0.388780894196057,0.249930574840322,4.06451980211479,-20.5312226498025,-0.0409858538297143,99.6112191058039,24.5130586186883,0.038117927337701,0,0,47,refinement
45,3,0.277700638711469,0.277700638711469,0.124965287420161,1.46947409048714,-20.8489575940292,-3.18565046715877,99.7222993612885,24.4619849100406,0.0929124478856462,0,0,48,refinement
45,4,0.138850319355735,0.138850319355735,0.0971952235490142,1.46947409048714,-21.180246066482,-5.84412310714791,99.8611496806443,24.4016250725479,0.183442525312686,0,0,49,refinement
45,5,0.0833101916134407,0.0833101916134407,0.0416550958067204,1.46947409048714,-21.4623476750763,-6.41944589432797,99.9166898083866,24.3505513639002,0.254913639070875,0,1,50,refinement
45,6,0.0833101916134407,0.0833101916134407,0.0416550958067204,1.46947409048714,-21.7025808284361,-6.49312037302355,99.9166898083866,24.2832269297737,0.369267421083979,0,1,51,refinement
45,7,0.0833101916134407,0.0833101916134407,0.0416550958067204,1.46947409048714,-21.8781636501693,-6.63022271636219,99.9166898083866,24.2159024956471,0.466944609886837,0,1,52,refinement
45,8,0.0833101916134407,0.0833101916134407,0.0416550958067204,1.46947409048714,-22.0652919034457,-6.88954069398918,99.9166898083866,24.1439349970981,0.552709946396665,0,1,53,refinement
45,9,0.0833101916134407,0.0833101916134407,0.0416550958067204,1.46947409048714,-22.2306299171324,-6.88954069398918,99.9166898083866,24.0742890307603,0.683740321620012,0,1,54,refinement
45,10,0.0833101916134407,0.0833101916134407,0.0416550958067204,1.46947409048714,-22.4754535676327,-6.88954069398918,99.9166898083866,23.9094602437609,0.819535437760572,0,1,55,refinement
45,11,0.0833101916134407,0.0833101916134407,0.0416550958067204,1.46947409048714,-23.3275805483077,-7.18004933208902,99.9166898083866,23.7539175856065,1.02203692674211,0,1,56,refinement
45,12,0.0833101916134407,0.0833101916134407,0.0416550958067204,1.46947409048714,-23.6864019302243,-7.18004933208902,99.9166898083866,23.6169471851422,1.18165574746873,0,1,57,refinement
45,13,0.0833101916134407,0.0833101916134407,0.0416550958067204,1.46947409048714,-24.1462655234885,-7.18004933208902,99.9166898083866,23.435867672664,1.32698034544372,0,1,58,refinement
45,14,0.0833101916134407,0.0833101916134407,0.0416550958067204,1.46947409048714,-24.7513740931551,-7.18004933208902,99.9166898083866,23.2594312246082,1.49136390708755,0,1,59,refinement
45,15,0.0833101916134407,0.0833101916134407,0.0416550958067204,1.46947409048714,-25.2209009341417,-7.18004933208902,99.9166898083866,23.0621009866512,1.67242406194163,0,1,60,refinement
45,16,0.0833101916134407,0.0833101916134407,0.0416550958067204,1.46947409048714,-25.556957140637,-7.18004933208902,99.9166898083866,22.8647707486941,1.85586658725432,0,1,61,refinement
45,17,0.0833101916134407,0.0833101916134407,0.0416550958067204,1.46947409048714,-26.0370850613593,-7.18004933208902,99.9166898083866,22.6326175275682,2.04407385348422,0,1,62,refinement
46,0,0.499861149680644,0.499861149680644,0.333240766453763,7.6585718216178,-20.35153788675,0.819659084608498,99.5001388503194,25.4091700522345,0,0,0,46,refinement
46,1,0.44432102193835,0.44432102193835,0.319355734518189,7.6585718216178,-20.3648615593638,0.816370333546103,99.5556789780616,25.4068485200232,0.00952948183442525,0,0,47,refinement
46,2,0.388780894196057,0.388780894196057,0.236045542904749,4.06451980211479,-20.6010143667433,-1.99008624399685,99.6112191058039,25.3813116656994,0.038117927337701,0,0,48,refinement
46,3,0.277700638711469,0.277700638711469,0.111080255484588,1.17456678166496,-20.8871594693292,-3.18565046715877,99.7222993612885,25.3302379570517,0.0929124478856462,0,0,49,refinement
46,4,0.138850319355735,0.138850319355735,0.0833101916134407,1.17456678166496,-21.1827902297206,-5.84412310714791,99.8611496806443,25.2698781195589,0.183442525312686,0,0,50,refinement
46,5,0.0555401277422938,0.0555401277422938,0.0416550958067204,1.17456678166496,-21.4870349503336,-6.62104914599579,99.9444598722577,25.2188044109112,0.254913639070875,0,1,51,refinement
46,6,0.0555401277422938,0.0555401277422938,0.0416550958067204,1.17456678166496,-21.7100624857887,-7.31361463017248,99.9444598722577,25.1514799767847,0.369267421083979,0,1,52,refinement
46,7,0.0555401277422938,0.0555401277422938,0.0416550958067204,1.17456678166496,-21.8853049736735,-7.31361463017248,99.9444598722577,25.0841555426582,0.466944609886837,0,1,53,refinement
46,8,0.0555401277422938,0.0555401277422938,0.0416550958067204,1.17456678166496,-22.0900473091432,-7.31361463017248,99.9444598722577,25.0121880441091,0.552709946396665,0,1,54,refinement
46,9,0.0555401277422938,0.0555401277422938,0.0416550958067204,1.17456678166496,-22.2384237489719,-7.31361463017248,99.9444598722577,24.9425420777713,0.683740321620012,0,1,55,refinement
46,10,0.0555401277422938,0.0555401277422938,0.0416550958067204,1.17456678166496,-22.4820724446991,-8.18308417483806,99.9444598722577,24.7777132907719,0.819535437760572,0,1,56,refinement
46,11,0.0555401277422938,0.0555401277422938,0.0416550958067204,1.17456678166496,-23.3449212504596,-11.0471308754501,99.9444598722577,24.6221706326175,1.02203692674211,0,1,57,refinement
46,12,0.0555401277422938,0.0555401277422938,0.0416550958067204,1.17456678166496,-23.7040251985103,-11.0471308754501,99.9444598722577,24.4852002321532,1.18165574746873,0,1,58,refinement
46,13,0.0555401277422938,0.0555401277422938,0.0416550958067204,1.17456678166496,-24.1676049222659,-11.0471308754501,99.9444598722577,24.304120719675,1.32698034544372,0,1,59,refinement
46,14,0.0555401277422938,0.0555401277422938,0.0416550958067204,1.17456678166496,-24.7711560199472,-11.0471308754501,99.9444598722577,24.1276842716193,1.49136390708755,0,1,60,refinement
46,15,0.0555401277422938,0.0555401277422938,0.0416550958067204,1.17456678166496,-25.2411836426463,-11.5687174807058,99.9444598722577,23.9303540336622,1.67242406194163,0,1,61,refinement
46,16,0.0555401277422938,0.0555401277422938,0.0416550958067204,1.17456678166496,-25.5712529150202,-12.0997315411342,99.9444598722577,23.7330237957052,1.85586658725432,0,1,62,refinement
46,17,0.0555401277422938,0.0555401277422938,0.0416550958067204,1.17456678166496,-26.059475224058,-14.3143069737347,99.9444598722577,23.5008705745792,2.04407385348422,0,1,63,refinement
47,0,0.472091085809497,0.472091085809497,0.291585670647042,7.6585718216178,-20.3933394266808,0.202448913145654,99.5279089141905,26.2240278583865,0,0,0,47,refinement
47,1,0.416550958067203,0.416550958067203,0.277700638711469,7.6585718216178,-20.4204123369059,0.202448913145654,99.5834490419328,26.2217063261753,0.00952948183442525,0,0,48,refinement
47,2,0.36101083032491,0.36101083032491,0.194390447098028,4.06451980211479,-20.6810772374948,-3.17768284179175,99.6389891696751,26.1961694718514,0.038117927337701,0,0,49,refinement
47,3,0.249930574840322,0.249930574840322,0.0694251596778673,0.160794068265744,-20.9530685394684,-3.49671825857893,99.7500694251597,26.1450957632037,0.0929124478856462,0,0,50,refinement
47,4,0.0833101916134407,0.0833101916134407,0.0694251596778673,0.160794068265744,-21.2202536230946,-6.26382268834434,99.9166898083866,26.084735925711,0.183442525312686,0,1,51,refinement
47,5,0.0277700638711469,0.0277700638711469,0.0138850319355735,0.160794068265744,-21.5443810931274,-6.62104914599579,99.9722299361289,26.0336622170633,0.254913639070875,0,1,52,refinement
47,6,0.0277700638711469,0.0277700638711469,0,0.160794068265744,-21.7785302067105,-7.31361463017248,99.9722299361289,25.9663377829367,0.369267421083979,0,1,53,refinement
47,7,0.0277700638711469,0.0277700638711469,0,0.160794068265744,-21.9670248700781,-7.31361463017248,99.9722299361289,25.8990133488102,0.466944609886837,0,1,54,refinement
47,8,0.0277700638711469,0.0277700638711469,0,0.160794068265744,-22.1285270132834,-7.31361463017248,99.9722299361289,25.8270458502612,0.552709946396665,0,1,55,refinement
47,9,0.0277700638711469,0.0277700638711469,0,0.160794068265744,-22.270191651892,-7.31361463017248,99.9722299361289,25.7573998839234,0.683740321620012,0,1,56,refinement
47,10,0.0277700638711469,0.0277700638711469,0,0.160794068265744,-22.5283930770071,-9.78723867104181,99.9722299361289,25.592571096924,0.819535437760572,0,1,57,refinement
47,11,0.0277700638711469,0.0277700638711469,0,0.160794068265744,-23.4339685023595,-11.5687174807058,99.9722299361289,25.4370284387696,1.02203692674211,0,1,58,refinement
47,12,0.0277700638711469,0.0277700638711469,0,0.160794068265744,-23.7787377683714,-11.5687174807058,99.9722299361289,25.3000580383053,1.18165574746873,0,1,59,refinement
47,13,0.0277700638711469,0.0277700638711469,0,0.160794068265744,-24.2731153609483,-11.5687174807058,99.9722299361289,25.118978525827,1.32698034544372,0,1,60,refinement
47,14,0.0277700638711469,0.0277700638711469,0,0.160794068265744,-24.853973410388,-11.5687174807058,99.9722299361289,24.9425420777713,1.49136390708755,0,1,61,refinement
47,15,0.0277700638711469,0.0277700638711469,0,0.160794068265744,-25.2704416275457,-12.0997315411342,99.9722299361289,24.7452118398143,1.67242406194163,0,1,62,refinement
47,16,0.0277700638711469,0.0277700638711469,0,0.160794068265744,-25.6760036024411,-14.9984218121886,99.9722299361289,24.5478816018572,1.85586658725432,0,1,63,refinement
47,17,0.0277700638711469,0.0277700638711469,0,0.160794068265744,-26.1115246910359,-14.9984218121886,99.9722299361289,24.3157283807313,2.04407385348422,0,1,64,refinement
48,0,0.472091085809497,0.472091085809497,0.277700638711469,7.6585718216178,-20.3933394266808,-0.152390310359512,99.5279089141905,27.0574579222287,0,0,0,48,refinement
48,1,0.416550958067203,0.416550958067203,0.263815606775896,7.6585718216178,-20.4204123369059,-0.152390310359512,99.5834490419328,27.0551363900174,0.00952948183442525,0,0,49,refinement
48,2,0.36101083032491,0.36101083032491,0.180505415162455,4.06451980211479,-20.6810772374948,-3.17768284179175,99.6389891696751,27.0295995356936,0.038117927337701,0,0,50,refinement
48,3,0.249930574840322,0.249930574840322,0.0694251596778673,-1.21520482511585,-20.9530685394684,-3.49671825857893,99.7500694251597,26.9785258270458,0.0929124478856462,0,0,51,refinement
48,4,0.0833101916134407,0.0833101916134407,0.0694251596778673,-1.21520482511585,-21.2202536230946,-6.26382268834434,99.9166898083866,26.9181659895531,0.183442525312686,0,1,52,refinement
48,5,0.0277700638711469,0.0277700638711469,0,-4.37403268839256,-21.5443810931274,-6.62104914599579,99.9722299361289,26.8670922809054,0.254913639070875,0,1,53,refinement
48,6,0,0,0,-6.15715860475241,-21.7785302067105,-7.31361463017248,100,26.7997678467789,0.369267421083979,1,1,54,refinement
48,7,0,0,0,-6.15715860475241,-21.9670248700781,-7.31361463017248,100,26.7324434126524,0.466944609886837,1,1,55,refinement
48,8,0,0,0,-6.15715860475241,-22.1285270132834,-7.31361463017248,100,26.6604759141033,0.552709946396665,1,1,56,refinement
48,9,0,0,0,-6.15715860475241,-22.270191651892,-7.31361463017248,100,26.5908299477655,0.683740321620012,1,1,57,refinement
48,10,0,0,0,-7.89130785958621,-22.5283930770071,-9.78723867104181,100,26.4260011607661,0.819535437760572,1,1,58,refinement
48,11,0,0,0,-10.79290023051,-23.4339685023595,-11.5687174807058,100,26.2704585026117,1.02203692674211,1,1,59,refinement
48,12,0,0,0,-10.79290023051,-23.7787377683714,-11.5687174807058,100,26.1334881021474,1.18165574746873,1,1,60,refinement
48,13,0,0,0,-10.79290023051,-24.2731153609483,-11.5687174807058,100,25.9524085896692,1.32698034544372,1,1,61,refinement
48,14,0,0,0,-10.79290023051,-24.853973410388,-11.5687174807058,100,25.7759721416135,1.49136390708755,1,1,62,refinement
48,15,0,0,0,-11.4957329050459,-25.2966628408203,-12.0997315411342,100,25.5786419036564,1.67242406194163,1,1,63,refinement
48,16,0,0,0,-11.7572659769334,-25.7644878927432,-14.9984218121886,100,25.3813116656994,1.85586658725432,1,1,64,refinement
48,17,0,0,0,-11.8727954077763,-26.196472070944,-14.9984218121886,100,25.1491584445734,2.04407385348422,1,1,65,refinement
49,0,0.472091085809497,0.472091085809497,0.277700638711469,7.6585718216178,-20.3933394266808,-0.152390310359512,99.5279089141905,27.9442832269298,0,0,0,49,refinement
49,1,0.416550958067203,0.416550958067203,0.263815606775896,7.6585718216178,-20.4204123369059,-0.152390310359512,99.5834490419328,27.9419616947185,0.00952948183442525,0,0,50,refinement
49,2,0.36101083032491,0.36101083032491,0.180505415162455,4.06451980211479,-20.6810772374948,-3.17768284179175,99.6389891696751,27.9164248403947,0.038117927337701,0,0,51,refinement
49,3,0.249930574840322,0.249930574840322,0.0694251596778673,-1.21520482511585,-20.9530685394684,-3.49671825857893,99.7500694251597,27.865351131747,0.0929124478856462,0,0,52,refinement
49,4,0.0833101916134407,0.0833101916134407,0.0694251596778673,-1.21520482511585,-21.2202536230946,-6.26382268834434,99.9166898083866,27.8049912942542,0.183442525312686,0,1,53,refinement
49,5,0.0277700638711469,0.0277700638711469,0,-4.37403268839256,-21.5443810931274,-6.62104914599579,99.9722299361289,27.7539175856065,0.254913639070875,0,1,54,refinement
49,6,0,0,0,-6.15715860475241,-21.7785302067105,-7.31361463017248,100,27.68659315148,0.369267421083979,1,1,55,refinement
49,7,0,0,0,-6.15715860475241,-21.9670248700781,-7.31361463017248,100,27.6192687173535,0.466944609886837,1,1,56,refinement
49,8,0,0,0,-6.15715860475241,-22.1285270132834,-7.31361463017248,100,27.5473012188044,0.552709946396665,1,1,57,refinement
49,9,0,0,0,-6.15715860475241,-22.270191651892,-7.31361463017248,100,27.4776552524666,0.683740321620012,1,1,58,refinement
49,10,0,0,0,-7.89130785958621,-22.5283930770071,-9.78723867104181,100,27.3128264654672,0.819535437760572,1,1,59,refinement
49,11,0,0,0,-10.79290023051,-23.4339685023595,-11.5687174807058,100,27.1572838073128,1.02203692674211,1,1,60,refinement
49,12,0,0,0,-10.79290023051,-23.7787377683714,-11.5687174807058,100,27.0203134068485,1.18165574746873,1,1,61,refinement
49,13,0,0,0,-10.79290023051,-24.2731153609483,-11.5687174807058,100,26.8392338943703,1.32698034544372,1,1,62,refinement
49,14,0,0,0,-10.79290023051,-24.853973410388,-11.5687174807058,100,26.6627974463146,1.49136390708755,1,1,63,refinement
49,15,0,0,0,-11.4957329050459,-25.2966628408203,-12.0997315411342,100,26.4654672083575,1.67242406194163,1,1,64,refinement
49,16,0,0,0,-11.7572659769334,-25.8174852587707,-14.9984218121886,100,26.2681369704005,1.85586658725432,1,1,65,refinement
49,17,0,0,0,-11.8727954077763,-26.2209467355276,-14.9984218121886,100,26.0359837492745,2.04407385348422,1,1,66,refinement
50,0,0.472091085809497,0.472091085809497,0.277700638711469,7.6585718216178,-20.3933394266808,-0.152390310359512,99.5279089141905,28.7591410330818,0,0,0,50,refinement
50,1,0.416550958067203,0.416550958067203,0.263815606775896,7.6585718216178,-20.4204123369059,-0.152390310359512,99.5834490419328,28.7568195008706,0.00952948183442525,0,0,51,refinement
50,2,0.36101083032491,0.36101083032491,0.180505415162455,4.06451980211479,-20.6810772374948,-3.17768284179175,99.6389891696751,28.7312826465467,0.038117927337701,0,0,52,refinement
50,3,0.249930574840322,0.249930574840322,0.0694251596778673,-1.21520482511585,-20.9530685394684,-3.49671825857893,99.7500694251597,28.680208937899,0.0929124478856462,0,0,53,refinement
50,4,0.0833101916134407,0.0833101916134407,0.0694251596778673,-1.21520482511585,-21.2202536230946,-6.26382268834434,99.9166898083866,28.6198491004063,0.183442525312686,0,1,54,refinement
50,5,0.0277700638711469,0.0277700638711469,0,-4.37403268839256,-21.5443810931274,-6.62104914599579,99.9722299361289,28.5687753917586,0.254913639070875,0,1,55,refinement
50,6,0,0,0,-6.15715860475241,-21.7785302067105,-7.31361463017248,100,28.501450957632,0.369267421083979,1,1,56,refinement
50,7,0,0,0,-6.15715860475241,-21.9670248700781,-7.31361463017248,100,28.4341265235055,0.466944609886837,1,1,57,refinement
50,8,0,0,0,-6.15715860475241,-22.1285270132834,-7.31361463017248,100,28.3621590249565,0.552709946396665,1,1,58,refinement
50,9,0,0,0,-6.15715860475241,-22.270191651892,-7.31361463017248,100,28.2925130586187,0.683740321620012,1,1,59,refinement
50,10,0,0,0,-7.89130785958621,-22.5283930770071,-9.78723867104181,100,28.1276842716193,0.819535437760572,1,1,60,refinement
50,11,0,0,0,-10.79290023051,-23.4339685023595,-11.5687174807058,100,27.9721416134649,1.02203692674211,1,1,61,refinement
50,12,0,0,0,-10.79290023051,-23.7787377683714,-11.5687174807058,100,27.8351712130006,1.18165574746873,1,1,62,refinement
50,13,0,0,0,-10.79290023051,-24.2731153609483,-11.5687174807058,100,27.6540917005223,1.32698034544372,1,1,63,refinement
50,14,0,0,0,-10.79290023051,-24.878464020437,-11.5687174807058,100,27.4776552524666,1.49136390708755,1,1,64,refinement
50,15,0,0,0,-11.4957329050459,-25.3160051517304,-12.0997315411342,100,27.2803250145096,1.67242406194163,1,1,65,refinement
50,16,0,0,0,-11.7572659769334,-25.8667793527931,-14.9984218121886,100,27.0829947765525,1.85586658725432,1,1,66,refinement
50,17,0,0,0,-11.8727954077763,-26.2474418884729,-14.9984218121886,100,26.8508415554266,2.04407385348422,1,1,67,refinement
51,0,0.472091085809497,0.472091085809497,0.277700638711469,7.6585718216178,-20.3933394266808,-0.152390310359512,99.5279089141905,29.5020313406849,0,0,0,51,refinement
51,1,0.416550958067203,0.416550958067203,0.263815606775896,7.6585718216178,-20.4204123369059,-0.152390310359512,99.5834490419328,29.4997098084736,0.00952948183442525,0,0,52,refinement
51,2,0.36101083032491,0.36101083032491,0.180505415162455,4.06451980211479,-20.6810772374948,-3.17768284179175,99.6389891696751,29.4741729541497,0.038117927337701,0,0,53,refinement
51,3,0.249930574840322,0.249930574840322,0.0694251596778673,-1.21520482511585,-20.9530685394684,-3.49671825857893,99.7500694251597,29.423099245502,0.0929124478856462,0,0,54,refinement
51,4,0.0833101916134407,0.0833101916134407,0.0694251596778673,-1.21520482511585,-21.2202536230946,-6.26382268834434,99.9166898083866,29.3627394080093,0.183442525312686,0,1,55,refinement
51,5,0.0277700638711469,0.0277700638711469,0,-4.37403268839256,-21.5443810931274,-6.62104914599579,99.9722299361289,29.3116656993616,0.254913639070875,0,1,56,refinement
51,6,0,0,0,-6.15715860475241,-21.7785302067105,-7.31361463017248,100,29.2443412652351,0.369267421083979,1,1,57,refinement
51,7,0,0,0,-6.15715860475241,-21.9670248700781,-7.31361463017248,100,29.1770168311085,0.466944609886837,1,1,58,refinement
51,8,0,0,0,-6.15715860475241,-22.1285270132834,-7.31361463017248,100,29.1050493325595,0.552709946396665,1,1,59,refinement
51,9,0,0,0,-6.15715860475241,-22.270191651892,-7.31361463017248,100,29.0354033662217,0.683740321620012,1,1,60,refinement
51,10,0,0,0,-7.89130785958621,-22.5283930770071,-9.78723867104181,100,28.8705745792223,0.819535437760572,1,1,61,refinement
51,11,0,0,0,-10.79290023051,-23.4339685023595,-11.5687174807058,100,28.7150319210679,1.02203692674211,1,1,62,refinement
51,12,0,0,0,-10.79290023051,-23.7787377683714,-11.5687174807058,100,28.5780615206036,1.18165574746873,1,1,63,refinement
51,13,0,0,0,-10.79290023051,-24.2731153609483,-11.5687174807058,100,28.3969820081254,1.32698034544372,1,1,64,refinement
51,14,0,0,0,-10.79290023051,-24.878464020437,-11.5687174807058,100,28.2205455600696,1.49136390708755,1,1,65,refinement
51,15,0,0,0,-11.4957329050459,-25.3306646755787,-12.0997315411342,100,28.0232153221126,1.67242406194163,1,1,66,refinement
51,16,0,0,0,-11.7572659769334,-25.8667793527931,-14.9984218121886,100,27.8258850841555,1.85586658725432,1,1,67,refinement
51,17,0,0,0,-11.8727954077763,-26.2474418884729,-14.9984218121886,100,27.5937318630296,2.04407385348422,1,1,68,refinement
52,0,0.472091085809497,0.472091085809497,0.277700638711469,7.6585718216178,-20.3933394266808,-0.152390310359512,99.5279089141905,30.2867092280905,0,0,0,52,refinement
52,1,0.416550958067203,0.416550958067203,0.263815606775896,7.6585718216178,-20.4204123369059,-0.152390310359512,99.5834490419328,30.2843876958793,0.00952948183442525,0,0,53,refinement
52,2,0.36101083032491,0.36101083032491,0.180505415162455,4.06451980211479,-20.6810772374948,-3.17768284179175,99.6389891696751,30.2588508415554,0.038117927337701,0,0,54,refinement
52,3,0.249930574840322,0.249930574840322,0.0694251596778673,-1.21520482511585,-20.9530685394684,-3.49671825857893,99.7500694251597,30.2077771329077,0.0929124478856462,0,0,55,refinement
52,4,0.0833101916134407,0.0833101916134407,0.0694251596778673,-1.21520482511585,-21.2202536230946,-6.26382268834434,99.9166898083866,30.147417295415,0.183442525312686,0,1,56,refinement
52,5,0.0277700638711469,0.0277700638711469,0,-4.37403268839256,-21.5443810931274,-6.62104914599579,99.9722299361289,30.0963435867673,0.254913639070875,0,1,57,refinement
52,6,0,0,0,-6.15715860475241,-21.7785302067105,-7.31361463017248,100,30.0290191526407,0.369267421083979,1,1,58,refinement
52,7,0,0,0,-6.15715860475241,-21.9670248700781,-7.31361463017248,100,29.9616947185142,0.466944609886837,1,1,59,refinement
52,8,0,0,0,-6.15715860475241,-22.1285270132834,-7.31361463017248,100,29.8897272199652,0.552709946396665,1,1,60,refinement
52,9,0,0,0,-6.15715860475241,-22.270191651892,-7.31361463017248,100,29.8200812536274,0.683740321620012,1,1,61,refinement
52,10,0,0,0,-7.89130785958621,-22.5283930770071,-9.78723867104181,100,29.655252466628,0.819535437760572,1,1,62,refinement
52,11,0,0,0,-10.79290023051,-23.4339685023595,-11.5687174807058,100,29.4997098084736,1.02203692674211,1,1,63,refinement
52,12,0,0,0,-10.79290023051,-23.7787377683714,-11.5687174807058,100,29.3627394080093,1.18165574746873,1,1,64,refinement
52,13,0,0,0,-10.79290023051,-24.2731153609483,-11.5687174807058,100,29.1816598955311,1.32698034544372,1,1,65,refinement
52,14,0,0,0,-10.79290023051,-24.878464020437,-11.5687174807058,100,29.0052234474753,1.49136390708755,1,1,66,refinement
52,15,0,0,0,-11.4957329050459,-25.3306646755787,-12.0997315411342,100,28.8078932095183,1.67242406194163,1,1,67,refinement
52,16,0,0,0,-11.7572659769334,-25.8667793527931,-14.9984218121886,100,28.6105629715612,1.85586658725432,1,1,68,refinement
52,17,0,0,0,-11.8727954077763,-26.2474418884729,-14.9984218121886,100,28.3784097504353,2.04407385348422,1,1,69,refinement
53,0,0.472091085809497,0.472091085809497,0.277700638711469,7.6585718216178,-20.3933394266808,-0.152390310359512,99.5279089141905,31.1271038885665,0,0,0,53,refinement
53,1,0.416550958067203,0.416550958067203,0.263815606775896,7.6585718216178,-20.4204123369059,-0.152390310359512,99.5834490419328,31.1247823563552,0.00952948183442525,0,0,54,refinement
53,2,0.36101083032491,0.36101083032491,0.180505415162455,4.06451980211479,-20.6810772374948,-3.17768284179175,99.6389891696751,31.0992455020313,0.038117927337701,0,0,55,refinement
53,3,0.249930574840322,0.249930574840322,0.0694251596778673,-1.21520482511585,-20.9530685394684,-3.49671825857893,99.7500694251597,31.0481717933836,0.0929124478856462,0,0,56,refinement
53,4,0.0833101916134407,0.0833101916134407,0.0694251596778673,-1.21520482511585,-21.2202536230946,-6.26382268834434,99.9166898083866,30.9878119558909,0.183442525312686,0,1,57,refinement
53,5,0.0277700638711469,0.0277700638711469,0,-4.37403268839256,-21.5443810931274,-6.62104914599579,99.9722299361289,30.9367382472432,0.254913639070875,0,1,58,refinement
53,6,0,0,0,-6.15715860475241,-21.7785302067105,-7.31361463017248,100,30.8694138131167,0.369267421083979,1,1,59,refinement
53,7,0,0,0,-6.15715860475241,-21.9670248700781,-7.31361463017248,100,30.8020893789901,0.466944609886837,1,1,60,refinement
53,8,0,0,0,-6.15715860475241,-22.1285270132834,-7.31361463017248,100,30.7301218804411,0.552709946396665,1,1,61,refinement
53,9,0,0,0,-6.15715860475241,-22.270191651892,-7.31361463017248,100,30.6604759141033,0.683740321620012,1,1,62,refinement
53,10,0,0,0,-7.89130785958621,-22.5283930770071,-9.78723867104181,100,30.4956471271039,0.819535437760572,1,1,63,refinement
53,11,0,0,0,-10.79290023051,-23.4339685023595,-11.5687174807058,100,30.3401044689495,1.02203692674211,1,1,64,refinement
53,12,0,0,0,-10.79290023051,-23.7787377683714,-11.5687174807058,100,30.2031340684852,1.18165574746873,1,1,65,refinement
53,13,0,0,0,-10.79290023051,-24.2731153609483,-11.5687174807058,100,30.022054556007,1.32698034544372,1,1,66,refinement
53,14,0,0,0,-10.79290023051,-24.878464020437,-11.5687174807058,100,29.8456181079512,1.49136390708755,1,1,67,refinement
53,15,0,0,0,-11.4957329050459,-25.3306646755787,-12.0997315411342,100,29.6482878699942,1.67242406194163,1,1,68,refinement
53,16,0,0,0,-11.7572659769334,-25.8667793527931,-14.9984218121886,100,29.4509576320371,1.85586658725432,1,1,69,refinement
53,17,0,0,0,-11.8727954077763,-26.2474418884729,-14.9984218121886,100,29.2188044109112,2.04407385348422,1,1,70,refinement
54,0,0.472091085809497,0.472091085809497,0.277700638711469,7.6585718216178,-20.3933394266808,-0.152390310359512,99.5279089141905,31.9303540336622,0,0,0,54,refinement
54,1,0.416550958067203,0.416550958067203,0.263815606775896,7.6585718216178,-20.4204123369059,-0.152390310359512,99.5834490419328,31.928032501451,0.00952948183442525,0,0,55,refinement
54,2,0.36101083032491,0.36101083032491,0.180505415162455,4.06451980211479,-20.6810772374948,-3.17768284179175,99.6389891696751,31.9024956471271,0.038117927337701,0,0,56,refinement
54,3,0.249930574840322,0.249930574840322,0.0694251596778673,-1.21520482511585,-20.9530685394684,-3.49671825857893,99.7500694251597,31.8514219384794,0.0929124478856462,0,0,57,refinement
54,4,0.0833101916134407,0.0833101916134407,0.0694251596778673,-1.21520482511585,-21.2202536230946,-6.26382268834434,99.9166898083866,31.7910621009867,0.183442525312686,0,1,58,refinement
54,5,0.0277700638711469,0.0277700638711469,0,-4.37403268839256,-21.5443810931274,-6.62104914599579,99.9722299361289,31.7399883923389,0.254913639070875,0,1,59,refinement
54,6,0,0,0,-6.15715860475241,-21.7785302067105,-7.31361463017248,100,31.6726639582124,0.369267421083979,1,1,60,refinement
54,7,0,0,0,-6.15715860475241,-21.9670248700781,-7.31361463017248,100,31.6053395240859,0.466944609886837,1,1,61,refinement
54,8,0,0,0,-6.15715860475241,-22.1285270132834,-7.31361463017248,100,31.5333720255369,0.552709946396665,1,1,62,refinement
54,9,0,0,0,-6.15715860475241,-22.270191651892,-7.31361463017248,100,31.4637260591991,0.683740321620012,1,1,63,refinement
54,10,0,0,0,-7.89130785958621,-22.5283930770071,-9.78723867104181,100,31.2988972721997,0.819535437760572,1,1,64,refinement
54,11,0,0,0,-10.79290023051,-23.4339685023595,-11.5687174807058,100,31.1433546140453,1.02203692674211,1,1,65,refinement
54,12,0,0,0,-10.79290023051,-23.7787377683714,-11.5687174807058,100,31.006384213581,1.18165574746873,1,1,66,refinement
54,13,0,0,0,-10.79290023051,-24.2731153609483,-11.5687174807058,100,30.8253047011027,1.32698034544372,1,1,67,refinement
54,14,0,0,0,-10.79290023051,-24.878464020437,-11.5687174807058,100,30.648868253047,1.49136390708755,1,1,68,refinement
54,15,0,0,0,-11.4957329050459,-25.3306646755787,-12.0997315411342,100,30.45153801509,1.67242406194163,1,1,69,refinement
54,16,0,0,0,-11.7572659769334,-25.8667793527931,-14.9984218121886,100,30.2542077771329,1.85586658725432,1,1,70,refinement
54,17,0,0,0,-11.8727954077763,-26.2474418884729,-14.9984218121886,100,30.022054556007,2.04407385348422,1,1,71,refinement
55,0,0.472091085809497,0.472091085809497,0.277700638711469,7.6585718216178,-20.3933394266808,-0.152390310359512,99.5279089141905,32.6941381311666,0,0,0,55,refinement
55,1,0.416550958067203,0.416550958067203,0.263815606775896,7.6585718216178,-20.4204123369059,-0.152390310359512,99.5834490419328,32.6918165989553,0.00952948183442525,0,0,56,refinement
55,2,0.36101083032491,0.36101083032491,0.180505415162455,4.06451980211479,-20.6810772374948,-3.17768284179175,99.6389891696751,32.6662797446315,0.038117927337701,0,0,57,refinement
55,3,0.249930574840322,0.249930574840322,0.0694251596778673,-1.21520482511585,-20.9530685394684,-3.49671825857893,99.7500694251597,32.6152060359837,0.0929124478856462,0,0,58,refinement
55,4,0.0833101916134407,0.0833101916134407,0.0694251596778673,-1.21520482511585,-21.2202536230946,-6.26382268834434,99.9166898083866,32.554846198491,0.183442525312686,0,1,59,refinement
55,5,0.0277700638711469,0.0277700638711469,0,-4.37403268839256,-21.5443810931274,-6.62104914599579,99.9722299361289,32.5037724898433,0.254913639070875,0,1,60,refinement
55,6,0,0,0,-6.15715860475241,-21.7785302067105,-7.31361463017248,100,32.4364480557168,0.369267421083979,1,1,61,refinement
55,7,0,0,0,-6.15715860475241,-21.9670248700781,-7.31361463017248,100,32.3691236215902,0.466944609886837,1,1,62,refinement
55,8,0,0,0,-6.15715860475241,-22.1285270132834,-7.31361463017248,100,32.2971561230412,0.552709946396665,1,1,63,refinement
55,9,0,0,0,-6.15715860475241,-22.270191651892,-7.31361463017248,100,32.2275101567034,0.683740321620012,1,1,64,refinement
55,10,0,0,0,-7.89130785958621,-22.5283930770071,-9.78723867104181,100,32.062681369704,0.819535437760572,1,1,65,refinement
55,11,0,0,0,-10.79290023051,-23.4339685023595,-11.5687174807058,100,31.9071387115496,1.02203692674211,1,1,66,refinement
55,12,0,0,0,-10.79290023051,-23.7787377683714,-11.5687174807058,100,31.7701683110853,1.18165574746873,1,1,67,refinement
55,13,0,0,0,-10.79290023051,-24.2731153609483,-11.5687174807058,100,31.5890887986071,1.32698034544372,1,1,68,refinement
55,14,0,0,0,-10.79290023051,-24.878464020437,-11.5687174807058,100,31.4126523505514,1.49136390708755,1,1,69,refinement
55,15,0,0,0,-11.4957329050459,-25.3306646755787,-12.0997315411342,100,31.2153221125943,1.67242406194163,1,1,70,refinement
55,16,0,0,0,-11.7572659769334,-25.8667793527931,-14.9984218121886,100,31.0179918746373,1.85586658725432,1,1,71,refinement
55,17,0,0,0,-11.8727954077763,-26.2474418884729,-14.9984218121886,100,30.7858386535113,2.04407385348422,1,1,72,refinement
56,0,0.472091085809497,0.472091085809497,0.277700638711469,7.6585718216178,-20.3933394266808,-0.152390310359512,99.5279089141905,33.5206035983749,0,0,0,56,refinement
56,1,0.416550958067203,0.416550958067203,0.263815606775896,7.6585718216178,-20.4204123369059,-0.152390310359512,99.5834490419328,33.5182820661637,0.00952948183442525,0,0,57,refinement
56,2,0.36101083032491,0.36101083032491,0.180505415162455,4.06451980211479,-20.6810772374948,-3.17768284179175,99.6389891696751,33.4927452118398,0.038117927337701,0,0,58,refinement
56,3,0.249930574840322,0.249930574840322,0.0694251596778673,-1.21520482511585,-20.9530685394684,-3.49671825857893,99.7500694251597,33.4416715031921,0.0929124478856462,0,0,59,refinement
56,4,0.0833101916134407,0.0833101916134407,0.0694251596778673,-1.21520482511585,-21.2202536230946,-6.26382268834434,99.9166898083866,33.3813116656994,0.183442525312686,0,1,60,refinement
56,5,0.0277700638711469,0.0277700638711469,0,-4.37403268839256,-21.5443810931274,-6.62104914599579,99.9722299361289,33.3302379570517,0.254913639070875,0,1,61,refinement
56,6,0,0,0,-6.15715860475241,-21.7785302067105,-7.31361463017248,100,33.2629135229251,0.369267421083979,1,1,62,refinement
56,7,0,0,0,-6.15715860475241,-21.9670248700781,-7.31361463017248,100,33.1955890887986,0.466944609886837,1,1,63,refinement
56,8,0,0,0,-6.15715860475241,-22.1285270132834,-7.31361463017248,100,33.1236215902496,0.552709946396665,1,1,64,refinement
56,9,0,0,0,-6.15715860475241,-22.270191651892,-7.31361463017248,100,33.0539756239118,0.683740321620012,1,1,65,refinement
56,10,0,0,0,-7.89130785958621,-22.5283930770071,-9.78723867104181,100,32.8891468369124,0.819535437760572,1,1,66,refinement
56,11,0,0,0,-10.79290023051,-23.4339685023595,-11.5687174807058,100,32.733604178758,1.02203692674211,1,1,67,refinement
56,12,0,0,0,-10.79290023051,-23.7787377683714,-11.5687174807058,100,32.5966337782937,1.18165574746873,1,1,68,refinement
56,13,0,0,0,-10.79290023051,-24.2731153609483,-11.5687174807058,100,32.4155542658154,1.32698034544372,1,1,69,refinement
56,14,0,0,0,-10.79290023051,-24.878464020437,-11.5687174807058,100,32.2391178177597,1.49136390708755,1,1,70,refinement
56,15,0,0,0,-11.4957329050459,-25.3306646755787,-12.0997315411342,100,32.0417875798027,1.67242406194163,1,1,71,refinement
56,16,0,0,0,-11.7572659769334,-25.8667793527931,-14.9984218121886,100,31.8444573418456,1.85586658725432,1,1,72,refinement
56,17,0,0,0,-11.8727954077763,-26.2474418884729,-14.9984218121886,100,31.6123041207197,2.04407385348422,1,1,73,refinement
57,0,0.472091085809497,0.472091085809497,0.277700638711469,7.6585718216178,-20.3933394266808,-0.152390310359512,99.5279089141905,34.5258270458503,0,0,0,57,refinement
57,1,0.416550958067203,0.416550958067203,0.263815606775896,7.6585718216178,-20.4204123369059,-0.152390310359512,99.5834490419328,34.523505513639,0.00952948183442525,0,0,58,refinement
57,2,0.36101083032491,0.36101083032491,0.180505415162455,4.06451980211479,-20.6810772374948,-3.17768284179175,99.6389891696751,34.4979686593151,0.038117927337701,0,0,59,refinement
57,3,0.249930574840322,0.249930574840322,0.0694251596778673,-1.21520482511585,-20.9530685394684,-3.49671825857893,99.7500694251597,34.4468949506674,0.0929124478856462,0,0,60,refinement
57,4,0.0833101916134407,0.0833101916134407,0.0694251596778673,-1.21520482511585,-21.2202536230946,-6.26382268834434,99.9166898083866,34.3865351131747,0.183442525312686,0,1,61,refinement
57,5,0.0277700638711469,0.0277700638711469,0,-4.37403268839256,-21.5443810931274,-6.62104914599579,99.9722299361289,34.335461404527,0.254913639070875,0,1,62,refinement
57,6,0,0,0,-6.15715860475241,-21.7785302067105,-7.31361463017248,100,34.2681369704005,0.369267421083979,1,1,63,refinement
57,7,0,0,0,-6.15715860475241,-22.0045164108804,-7.31361463017248,100,34.2008125362739,0.466944609886837,1,1,64,refinement
57,8,0,0,0,-6.15715860475241,-22.1416811561175,-7.31361463017248,100,34.1288450377249,0.552709946396665,1,1,65,refinement
57,9,0,0,0,-6.15715860475241,-22.27992226256,-7.31361463017248,100,34.0591990713871,0.683740321620012,1,1,66,refinement
57,10,0,0,0,-7.89130785958621,-22.5439239907668,-9.78723867104181,100,33.8943702843877,0.819535437760572,1,1,67,refinement
57,11,0,0,0,-10.79290023051,-23.4612368782747,-11.5687174807058,100,33.7388276262333,1.02203692674211,1,1,68,refinement
57,12,0,0,0,-10.79290023051,-23.7992888274498,-11.5687174807058,100,33.601857225769,1.18165574746873,1,1,69,refinement
57,13,0,0,0,-10.79290023051,-24.2836824412878,-11.5687174807058,100,33.4207777132908,1.32698034544372,1,1,70,refinement
57,14,0,0,0,-10.79290023051,-24.9282952065392,-11.5687174807058,100,33.2443412652351,1.49136390708755,1,1,71,refinement
57,15,0,0,0,-11.4957329050459,-25.3665966266121,-12.0997315411342,100,33.047011027278,1.67242406194163,1,1,72,refinement
57,16,0,0,0,-11.7572659769334,-25.8901799374497,-14.9984218121886,100,32.8496807893209,1.85586658725432,1,1,73,refinement
57,17,0,0,0,-11.8727954077763,-26.2638804820671,-14.9984218121886,100,32.617527568195,2.04407385348422,1,1,74,refinement
140.864754687772,0,0.472091085809497,0.472091085809497,0.277700638711469,7.6585718216178,-20.4754689950311,-0.152390310359512,99.5279089141905,100,0,0,0,140.864754687772,refinement
140.864754687772,1,0.416550958067203,0.416550958067203,0.263815606775896,7.6585718216178,-20.5203124237393,-0.152390310359512,99.5834490419328,99.9976840057437,0.00952948183442525,0,0,141.864754687772,refinement
140.864754687772,2,0.36101083032491,0.36101083032491,0.180505415162455,4.06451980211479,-20.7590586201176,-3.17768284179175,99.6389891696751,99.9721951897678,0.038117927337701,0,0,142.864754687772,refinement
140.864754687772,3,0.249930574840322,0.249930574840322,0.0694251596778673,-1.21520482511585,-21.0088906381755,-3.49671825857893,99.7500694251597,99.9351221094583,0.0929124478856462,0,0,143.864754687772,refinement
140.864754687772,4,0.0833101916134407,0.0833101916134407,0.0694251596778673,-1.21520482511585,-21.2782691182267,-6.26382268834434,99.9166898083866,99.8795682986706,0.183442525312686,0,1,144.864754687772,refinement
140.864754687772,5,0.0277700638711469,0.0277700638711469,0,-4.37403268839256,-21.6123642147291,-6.62104914599579,99.9722299361289,99.8239028685296,0.254913639070875,0,1,145.864754687772,refinement
140.864754687772,6,0,0,0,-6.15715860475241,-21.9105316609551,-7.31361463017248,100,99.7423099245502,0.369267421083979,1,1,146.864754687772,refinement
140.864754687772,7,0,0,0,-6.15715860475241,-22.1173326053801,-7.31361463017248,100,99.6749854904237,0.466944609886837,1,1,147.864754687772,refinement
140.864754687772,8,0,0,0,-6.15715860475241,-22.27992226256,-7.31361463017248,100,99.6030179918746,0.552709946396665,1,1,148.864754687772,refinement
140.864754687772,9,0,0,0,-6.15715860475241,-22.3831759943966,-7.31361463017248,100,99.5333720255368,0.683740321620012,1,1,149.864754687772,refinement
140.864754687772,10,0,0,0,-7.89130785958621,-22.6777138515263,-9.7872386710418,100,99.3685432385374,0.819535437760572,1,1,150.864754687772,refinement
140.864754687772,11,0,0,0,-10.79290023051,-23.6455518585289,-11.5687174807058,100,99.217193941359,1.02203692674211,1,1,151.864754687772,refinement
140.864754687772,12,0,0,0,-10.79290023051,-23.9203416388726,-11.5687174807058,100,99.1106582055676,1.18165574746873,1,1,152.864754687772,refinement
140.864754687772,13,0,0,0,-10.79290023051,-24.4355075808233,-11.5687174807058,100,98.9925424984946,1.32698034544372,1,1,153.864754687772,refinement
140.864754687772,14,0,0,0,-10.79290023051,-25.2209009341417,-11.5687174807058,100,98.8443188660892,1.49136390708755,1,1,154.864754687772,refinement
140.864754687772,15,0,0,0,-11.4957329050459,-25.5371923037333,-12.0997315411342,100,98.6984112279402,1.67242406194163,1,1,155.864754687772,refinement
140.864754687772,16,0,0,0,-11.7572659769334,-26.0012941377622,-14.9984218121886,100,98.5131316874334,1.85586658725432,1,1,156.864754687772,refinement
140.864754687772,17,0,0,0,-11.8727954077763,-26.281793685664,-14.9984218121886,100,98.2977442215943,2.04407385348422,1,1,157.864754687772,refinement
140.864754687772,140.864754687772,0,0,0,-2969.09346595255,-2969.09346595255,-2969.09346595255,100,0,100,1,1,281.729509375544,refinement
43.5,3.5,0.277700638711469,0.277700638711469,0.180505415162455,3.13976206140912,-21.0643816695701,-0.300637185124807,99.7222993612885,22.9158444573418,0.138177486599166,0,0,47,final
43.5,4,0.166620383226881,0.166620383226881,0.166620383226881,3.13976206140912,-21.1609657708658,-0.300637185124807,99.8333796167731,22.8949506674405,0.183442525312686,0,0,47.5,final
43.5,4.5,0.166620383226881,0.166620383226881,0.138850319355735,3.13976206140912,-21.3473382539687,-0.300637185124807,99.8333796167731,22.8601276842716,0.231089934484812,0,0,48,final
43.5,5,0.166620383226881,0.166620383226881,0.0833101916134407,3.13976206140912,-21.4537606839015,-0.300637185124807,99.8333796167731,22.8438769587928,0.254913639070875,0,0,48.5,final
43.5,5.5,0.166620383226881,0.166620383226881,0.0833101916134407,3.13976206140912,-21.4870349503336,-0.300637185124807,99.8333796167731,22.7997678467789,0.319237641453246,0,0,49,final
43.5,6,0.166620383226881,0.166620383226881,0.0833101916134407,3.13976206140912,-21.6944058885389,-0.300637185124807,99.8333796167731,22.7765525246663,0.369267421083979,0,0,49.5,final
43.5,6.5,0.166620383226881,0.166620383226881,0.0833101916134407,3.13976206140912,-21.7712796364067,-0.300637185124807,99.8333796167731,22.7486941381312,0.421679571173317,0,0,50,final
43.5,7,0.166620383226881,0.166620383226881,0.0833101916134407,3.13976206140912,-21.8496092464218,-0.300637185124807,99.8333796167731,22.7092280905398,0.466944609886837,0,0,50.5,final
43.5,7.5,0.166620383226881,0.166620383226881,0.0833101916134407,3.13976206140912,-21.9670248700781,-0.300637185124807,99.8333796167731,22.6697620429483,0.51697438951757,0,0,51,final
44,3.5,0.277700638711469,0.277700638711469,0.166620383226881,3.13976206140912,-21.0754845229959,-1.86909792921402,99.7222993612885,23.4660475914103,0.138177486599166,0,0,47.5,final
44,4,0.166620383226881,0.166620383226881,0.152735351291308,3.13976206140912,-21.180246066482,-1.86909792921402,99.8333796167731,23.445153801509,0.183442525312686,0,0,48,final
44,4.5,0.138850319355735,0.138850319355735,0.138850319355735,3.13976206140912,-21.3489499649985,-1.86909792921402,99.8611496806443,23.4103308183401,0.231089934484812,0,0,48.5,final
44,5,0.138850319355735,0.138850319355735,0.0833101916134407,3.13976206140912,-21.4623476750763,-1.86909792921402,99.8611496806443,23.3940800928613,0.254913639070875,0,0,49,final
44,5.5,0.138850319355735,0.138850319355735,0.0833101916134407,3.13976206140912,-21.5166331332405,-1.86909792921402,99.8611496806443,23.3499709808474,0.319237641453246,0,0,49.5,final
44,6,0.138850319355735,0.138850319355735,0.0833101916134407,3.13976206140912,-21.7025808284361,-1.86909792921402,99.8611496806443,23.3267556587348,0.369267421083979,0,0,50,final
44,6.5,0.138850319355735,0.138850319355735,0.0833101916134407,3.13976206140912,-21.7804238562975,-1.86909792921402,99.8611496806443,23.2988972721997,0.421679571173317,0,0,50.5,final
44,7,0.138850319355735,0.138850319355735,0.0833101916134407,3.13976206140912,-21.8781636501693,-1.86909792921402,99.8611496806443,23.2594312246082,0.466944609886837,0,0,51,final
44,7.5,0.138850319355735,0.138850319355735,0.0833101916134407,3.13976206140912,-22.0045164108804,-1.86909792921402,99.8611496806443,23.2199651770168,0.51697438951757,0,0,51.5,final
44.5,3.5,0.277700638711469,0.277700638711469,0.152735351291308,3.13976206140912,-21.0754845229959,-2.06085184745952,99.7222993612885,23.9558908879861,0.138177486599166,0,0,48,final
44.5,4,0.166620383226881,0.166620383226881,0.138850319355735,3.13976206140912,-21.180246066482,-2.29637125485721,99.8333796167731,23.9349970980847,0.183442525312686,0,0,48.5,final
44.5,4.5,0.138850319355735,0.138850319355735,0.124965287420161,3.13976206140912,-21.3489499649985,-2.29637125485721,99.8611496806443,23.9001741149158,0.231089934484812,0,0,49,final
44.5,5,0.111080255484588,0.111080255484588,0.0833101916134407,3.13976206140912,-21.4623476750763,-2.29637125485721,99.8889197445154,23.883923389437,0.254913639070875,0,0,49.5,final
44.5,5.5,0.111080255484588,0.111080255484588,0.0833101916134407,3.13976206140912,-21.5166331332405,-2.29637125485721,99.8889197445154,23.8398142774231,0.319237641453246,0,0,50,final
44.5,6,0.111080255484588,0.111080255484588,0.0833101916134407,3.13976206140912,-21.7025808284361,-2.29637125485721,99.8889197445154,23.8165989553105,0.369267421083979,0,0,50.5,final
44.5,6.5,0.111080255484588,0.111080255484588,0.0833101916134407,3.13976206140912,-21.7804238562975,-2.29637125485721,99.8889197445154,23.7887405687754,0.421679571173317,0,0,51,final
44.5,7,0.111080255484588,0.111080255484588,0.0833101916134407,3.13976206140912,-21.8781636501693,-2.29637125485721,99.8889197445154,23.749274521184,0.466944609886837,0,0,51.5,final
44.5,7.5,0.111080255484588,0.111080255484588,0.0833101916134407,3.13976206140912,-22.0045164108804,-2.29637125485721,99.8889197445154,23.7098084735926,0.51697438951757,0,0,52,final
45,3.5,0.222160510969175,0.222160510969175,0.124965287420161,1.46947409048714,-21.0754845229959,-3.18565046715877,99.7778394890308,24.4225188624492,0.138177486599166,0,0,48.5,final
45,4,0.138850319355735,0.138850319355735,0.0971952235490142,1.46947409048714,-21.180246066482,-5.84412310714791,99.8611496806443,24.4016250725479,0.183442525312686,0,0,49,final
45,4.5,0.111080255484588,0.111080255484588,0.0833101916134407,1.46947409048714,-21.3489499649985,-6.05278617072959,99.8889197445154,24.366802089379,0.231089934484812,0,0,49.5,final
45,5,0.0833101916134407,0.0833101916134407,0.0416550958067204,1.46947409048714,-21.4623476750763,-6.41944589432797,99.9166898083866,24.3505513639002,0.254913639070875,0,1,50,final
45,5.5,0.0833101916134407,0.0833101916134407,0.0416550958067204,1.46947409048714,-21.5166331332405,-6.49312037302355,99.9166898083866,24.3064422518862,0.319237641453246,0,1,50.5,final
45,6,0.0833101916134407,0.0833101916134407,0.0416550958067204,1.46947409048714,-21.7025808284361,-6.49312037302355,99.9166898083866,24.2832269297737,0.369267421083979,0,1,51,final
45,6.5,0.0833101916134407,0.0833101916134407,0.0416550958067204,1.46947409048714,-21.7804238562975,-6.49312037302355,99.9166898083866,24.2553685432385,0.421679571173317,0,1,51.5,final
45,7,0.0833101916134407,0.0833101916134407,0.0416550958067204,1.46947409048714,-21.8781636501693,-6.63022271636219,99.9166898083866,24.2159024956471,0.466944609886837,0,1,52,final
45,7.5,0.0833101916134407,0.0833101916134407,0.0416550958067204,1.46947409048714,-22.0045164108804,-6.77576488162793,99.9166898083866,24.1764364480557,0.51697438951757,0,1,52.5,final
45.5,3.5,0.222160510969175,0.222160510969175,0.124965287420161,1.46947409048714,-21.0754845229959,-3.18565046715877,99.7778394890308,24.8798607080673,0.138177486599166,0,0,49,final
45.5,4,0.138850319355735,0.138850319355735,0.0971952235490142,1.46947409048714,-21.180246066482,-5.84412310714791,99.8611496806443,24.858966918166,0.183442525312686,0,0,49.5,final
45.5,4.5,0.111080255484588,0.111080255484588,0.0833101916134407,1.46947409048714,-21.3489499649985,-6.05278617072959,99.8889197445154,24.8241439349971,0.231089934484812,0,0,50,final
45.5,5,0.0833101916134407,0.0833101916134407,0.0416550958067204,1.46947409048714,-21.4623476750763,-6.62104914599579,99.9166898083866,24.8078932095183,0.254913639070875,0,1,50.5,final
45.5,5.5,0.0833101916134407,0.0833101916134407,0.0416550958067204,1.46947409048714,-21.5166331332405,-6.62104914599579,99.9166898083866,24.7637840975044,0.319237641453246,0,1,51,final
45.5,6,0.0833101916134407,0.0833101916134407,0.0416550958067204,1.46947409048714,-21.7025808284361,-7.31361463017248,99.9166898083866,24.7405687753918,0.369267421083979,0,1,51.5,final
45.5,6.5,0.0833101916134407,0.0833101916134407,0.0416550958067204,1.46947409048714,-21.7804238562975,-7.31361463017248,99.9166898083866,24.7127103888566,0.421679571173317,0,1,52,final
45.5,7,0.0833101916134407,0.0833101916134407,0.0416550958067204,1.46947409048714,-21.8781636501693,-7.31361463017248,99.9166898083866,24.6732443412652,0.466944609886837,0,1,52.5,final
45.5,7.5,0.0833101916134407,0.0833101916134407,0.0416550958067204,1.46947409048714,-22.0045164108804,-7.31361463017248,99.9166898083866,24.6337782936738,0.51697438951757,0,1,53,final
46,3.5,0.222160510969175,0.222160510969175,0.111080255484588,1.17456678166496,-21.0898239999223,-3.18565046715877,99.7778394890308,25.2907719094602,0.138177486599166,0,0,49.5,final
46,4,0.138850319355735,0.138850319355735,0.0833101916134407,1.17456678166496,-21.1827902297206,-5.84412310714791,99.8611496806443,25.2698781195589,0.183442525312686,0,0,50,final
46,4.5,0.111080255484588,0.111080255484588,0.0694251596778673,1.17456678166496,-21.3555496883947,-6.05278617072959,99.8889197445154,25.23505513639,0.231089934484812,0,0,50.5,final
46,5,0.0555401277422938,0.0555401277422938,0.0416550958067204,1.17456678166496,-21.4870349503336,-6.62104914599579,99.9444598722577,25.2188044109112,0.254913639070875,0,1,51,final
46,5.5,0.0555401277422938,0.0555401277422938,0.0416550958067204,1.17456678166496,-21.542502368595,-6.62104914599579,99.9444598722577,25.1746952988973,0.319237641453246,0,1,51.5,final
46,6,0.0555401277422938,0.0555401277422938,0.0416550958067204,1.17456678166496,-21.7100624857887,-7.31361463017248,99.9444598722577,25.1514799767847,0.369267421083979,0,1,52,final
46,6.5,0.0555401277422938,0.0555401277422938,0.0416550958067204,1.17456678166496,-21.8032976650297,-7.31361463017248,99.9444598722577,25.1236215902496,0.421679571173317,0,1,52.5,final
46,7,0.0555401277422938,0.0555401277422938,0.0416550958067204,1.17456678166496,-21.8853049736735,-7.31361463017248,99.9444598722577,25.0841555426582,0.466944609886837,0,1,53,final
46,7.5,0.0555401277422938,0.0555401277422938,0.0416550958067204,1.17456678166496,-22.0114542184528,-7.31361463017248,99.9444598722577,25.0446894950667,0.51697438951757,0,1,53.5,final
46.5,3.5,0.194390447098028,0.194390447098028,0.0971952235490142,1.17456678166496,-21.0898239999223,-3.54993011471205,99.805609552902,25.7086477074869,0.138177486599166,0,0,50,final
46.5,4,0.111080255484588,0.111080255484588,0.0694251596778673,1.17456678166496,-21.1827902297206,-5.99728963789134,99.8889197445154,25.6877539175856,0.183442525312686,0,0,50.5,final
46.5,4.5,0.0833101916134407,0.0833101916134407,0.0555401277422938,1.17456678166496,-21.3555496883947,-6.62104914599579,99.9166898083866,25.6529309344167,0.231089934484812,0,1,51,final
46.5,5,0.0555401277422938,0.0555401277422938,0.0277700638711469,1.17456678166496,-21.4870349503336,-6.62104914599579,99.9444598722577,25.6366802089379,0.254913639070875,0,1,51.5,final
46.5,5.5,0.0555401277422938,0.0555401277422938,0.0277700638711469,1.17456678166496,-21.542502368595,-6.62104914599579,99.9444598722577,25.592571096924,0.319237641453246,0,1,52,final
46.5,6,0.0555401277422938,0.0555401277422938,0.0138850319355735,1.17456678166496,-21.7100624857887,-7.31361463017248,99.9444598722577,25.5693557748114,0.369267421083979,0,1,52.5,final
46.5,6.5,0.0555401277422938,0.0555401277422938,0.0138850319355735,1.17456678166496,-21.8032976650297,-7.31361463017248,99.9444598722577,25.5414973882763,0.421679571173317,0,1,53,final
46.5,7,0.0555401277422938,0.0555401277422938,0.0138850319355735,1.17456678166496,-21.8853049736735,-7.31361463017248,99.9444598722577,25.5020313406849,0.466944609886837,0,1,53.5,final
46.5,7.5,0.0555401277422938,0.0555401277422938,0.0138850319355735,1.17456678166496,-22.0114542184528,-7.31361463017248,99.9444598722577,25.4625652930934,0.51697438951757,0,1,54,final
47,3.5,0.194390447098028,0.194390447098028,0.0694251596778673,0.160794068265744,-21.1269871027883,-3.54993011471205,99.805609552902,26.1056297156123,0.138177486599166,0,0,50.5,final
47,4,0.0833101916134407,0.0833101916134407,0.0694251596778673,0.160794068265744,-21.2202536230946,-6.26382268834434,99.9166898083866,26.084735925711,0.183442525312686,0,1,51,final
47,4.5,0.0555401277422938,0.0555401277422938,0.0416550958067204,0.160794068265744,-21.4115287104085,-6.62104914599579,99.9444598722577,26.0499129425421,0.231089934484812,0,1,51.5,final
47,5,0.0277700638711469,0.0277700638711469,0.0138850319355735,0.160794068265744,-21.5443810931274,-6.62104914599579,99.9722299361289,26.0336622170633,0.254913639070875,0,1,52,final
47,5.5,0.0277700638711469,0.0277700638711469,0.0138850319355735,0.160794068265744,-21.5896839922364,-6.62104914599579,99.9722299361289,25.9895531050493,0.319237641453246,0,1,52.5,final
47,6,0.0277700638711469,0.0277700638711469,0,0.160794068265744,-21.7785302067105,-7.31361463017248,99.9722299361289,25.9663377829367,0.369267421083979,0,1,53,final
47,6.5,0.0277700638711469,0.0277700638711469,0,0.160794068265744,-21.8781636501693,-7.31361463017248,99.9722299361289,25.9384793964016,0.421679571173317,0,1,53.5,final
47,7,0.0277700638711469,0.0277700638711469,0,0.160794068265744,-21.9670248700781,-7.31361463017248,99.9722299361289,25.8990133488102,0.466944609886837,0,1,54,final
47,7.5,0.0277700638711469,0.0277700638711469,0,0.160794068265744,-22.0416429234191,-7.31361463017248,99.9722299361289,25.8595473012188,0.51697438951757,0,1,54.5,final
47.5,3.5,0.194390447098028,0.194390447098028,0.0694251596778673,-1.21520482511585,-21.1269871027883,-3.54993011471205,99.805609552902,26.5002901915264,0.138177486599166,0,0,51,final
47.5,4,0.0833101916134407,0.0833101916134407,0.0694251596778673,-1.21520482511585,-21.2202536230946,-6.26382268834434,99.9166898083866,26.4793964016251,0.183442525312686,0,1,51.5,final
47.5,4.5,0.0555401277422938,0.0555401277422938,0.0416550958067204,-4.37403268839256,-21.4115287104085,-6.62104914599579,99.9444598722577,26.4445734184562,0.231089934484812,0,1,52,final
47.5,5,0.0277700638711469,0.0277700638711469,0,-4.37403268839256,-21.5443810931274,-6.62104914599579,99.9722299361289,26.4283226929774,0.254913639070875,0,1,52.5,final
47.5,5.5,0.0277700638711469,0.0277700638711469,0,-4.37403268839256,-21.5896839922364,-6.62104914599579,99.9722299361289,26.3842135809634,0.319237641453246,0,1,53,final
47.5,6,0,0,0,-6.15715860475241,-21.7785302067105,-7.31361463017248,100,26.3609982588508,0.369267421083979,1,1,53.5,final
47.5,6.5,0,0,0,-6.15715860475241,-21.8781636501693,-7.31361463017248,100,26.3331398723157,0.421679571173317,1,1,54,final
47.5,7,0,0,0,-6.15715860475241,-21.9670248700781,-7.31361463017248,100,26.2936738247243,0.466944609886837,1,1,54.5,final
47.5,7.5,0,0,0,-6.15715860475241,-22.0416429234191,-7.31361463017248,100,26.2542077771329,0.51697438951757,1,1,55,final
48,3.5,0.194390447098028,0.194390447098028,0.0694251596778673,-1.21520482511585,-21.1269871027883,-3.54993011471205,99.805609552902,26.9390597794544,0.138177486599166,0,0,51.5,final
48,4,0.0833101916134407,0.0833101916134407,0.0694251596778673,-1.21520482511585,-21.2202536230946,-6.26382268834434,99.9166898083866,26.9181659895531,0.183442525312686,0,1,52,final
48,4.5,0.0555401277422938,0.0555401277422938,0.0416550958067204,-4.37403268839256,-21.4115287104085,-6.62104914599579,99.9444598722577,26.8833430063842,0.231089934484812,0,1,52.5,final
48,5,0.0277700638711469,0.0277700638711469,0,-4.37403268839256,-21.5443810931274,-6.62104914599579,99.9722299361289,26.8670922809054,0.254913639070875,0,1,53,final
48,5.5,0.0277700638711469,0.0277700638711469,0,-4.37403268839256,-21.5896839922364,-6.62104914599579,99.9722299361289,26.8229831688915,0.319237641453246,0,1,53.5,final
48,6,0,0,0,-6.15715860475241,-21.7785302067105,-7.31361463017248,100,26.7997678467789,0.369267421083979,1,1,54,final
48,6.5,0,0,0,-6.15715860475241,-21.8781636501693,-7.31361463017248,100,26.7719094602438,0.421679571173317,1,1,54.5,final
48,7,0,0,0,-6.15715860475241,-21.9670248700781,-7.31361463017248,100,26.7324434126524,0.466944609886837,1,1,55,final
48,7.5,0,0,0,-6.15715860475241,-22.0416429234191,-7.31361463017248,100,26.6929773650609,0.51697438951757,1,1,55.5,final
48.5,3.5,0.194390447098028,0.194390447098028,0.0694251596778673,-1.21520482511585,-21.1269871027883,-3.54993011471205,99.805609552902,27.3871154962275,0.138177486599166,0,0,52,final
48.5,4,0.0833101916134407,0.0833101916134407,0.0694251596778673,-1.21520482511585,-21.2202536230946,-6.26382268834434,99.9166898083866,27.3662217063262,0.183442525312686,0,1,52.5,final
48.5,4.5,0.0555401277422938,0.0555401277422938,0.0416550958067204,-4.37403268839256,-21.4115287104085,-6.62104914599579,99.9444598722577,27.3313987231573,0.231089934484812,0,1,53,final
48.5,5,0.0277700638711469,0.0277700638711469,0,-4.37403268839256,-21.5443810931274,-6.62104914599579,99.9722299361289,27.3151479976785,0.254913639070875,0,1,53.5,final
48.5,5.5,0.0277700638711469,0.0277700638711469,0,-4.37403268839256,-21.5896839922364,-6.62104914599579,99.9722299361289,27.2710388856645,0.319237641453246,0,1,54,final
48.5,6,0,0,0,-6.15715860475241,-21.7785302067105,-7.31361463017248,100,27.2478235635519,0.369267421083979,1,1,54.5,final
48.5,6.5,0,0,0,-6.15715860475241,-21.8781636501693,-7.31361463017248,100,27.2199651770168,0.421679571173317,1,1,55,final
48.5,7,0,0,0,-6.15715860475241,-21.9670248700781,-7.31361463017248,100,27.1804991294254,0.466944609886837,1,1,55.5,final
48.5,7.5,0,0,0,-6.15715860475241,-22.0416429234191,-7.31361463017248,100,27.141033081834,0.51697438951757,1,1,56,final
49,3.5,0.194390447098028,0.194390447098028,0.0694251596778673,-1.21520482511585,-21.1269871027883,-3.54993011471205,99.805609552902,27.8258850841555,0.138177486599166,0,0,52.5,final
49,4,0.0833101916134407,0.0833101916134407,0.0694251596778673,-1.21520482511585,-21.2202536230946,-6.26382268834434,99.9166898083866,27.8049912942542,0.183442525312686,0,1,53,final
49,4.5,0.0555401277422938,0.0555401277422938,0.0416550958067204,-4.37403268839256,-21.4115287104085,-6.62104914599579,99.9444598722577,27.7701683110853,0.231089934484812,0,1,53.5,final
49,5,0.0277700638711469,0.0277700638711469,0,-4.37403268839256,-21.5443810931274,-6.62104914599579,99.9722299361289,27.7539175856065,0.254913639070875,0,1,54,final
49,5.5,0.0277700638711469,0.0277700638711469,0,-4.37403268839256,-21.5896839922364,-6.62104914599579,99.9722299361289,27.7098084735926,0.319237641453246,0,1,54.5,final
49,6,0,0,0,-6.15715860475241,-21.7785302067105,-7.31361463017248,100,27.68659315148,0.369267421083979,1,1,55,final
49,6.5,0,0,0,-6.15715860475241,-21.8781636501693,-7.31361463017248,100,27.6587347649449,0.421679571173317,1,1,55.5,final
49,7,0,0,0,-6.15715860475241,-21.9670248700781,-7.31361463017248,100,27.6192687173535,0.466944609886837,1,1,56,final
49,7.5,0,0,0,-6.15715860475241,-22.0416429234191,-7.31361463017248,100,27.579802669762,0.51697438951757,1,1,56.5,final
49.5,3.5,0.194390447098028,0.194390447098028,0.0694251596778673,-1.21520482511585,-21.1269871027883,-3.54993011471205,99.805609552902,28.2460824143935,0.138177486599166,0,0,53,final
49.5,4,0.0833101916134407,0.0833101916134407,0.0694251596778673,-1.21520482511585,-21.2202536230946,-6.26382268834434,99.9166898083866,28.2251886244922,0.183442525312686,0,1,53.5,final
49.5,4.5,0.0555401277422938,0.0555401277422938,0.0416550958067204,-4.37403268839256,-21.4115287104085,-6.62104914599579,99.9444598722577,28.1903656413233,0.231089934484812,0,1,54,final
49.5,5,0.0277700638711469,0.0277700638711469,0,-4.37403268839256,-21.5443810931274,-6.62104914599579,99.9722299361289,28.1741149158445,0.254913639070875,0,1,54.5,final
49.5,5.5,0.0277700638711469,0.0277700638711469,0,-4.37403268839256,-21.5896839922364,-6.62104914599579,99.9722299361289,28.1300058038305,0.319237641453246,0,1,55,final
49.5,6,0,0,0,-6.15715860475241,-21.7785302067105,-7.31361463017248,100,28.1067904817179,0.369267421083979,1,1,55.5,final
49.5,6.5,0,0,0,-6.15715860475241,-21.8781636501693,-7.31361463017248,100,28.0789320951828,0.421679571173317,1,1,56,final
49.5,7,0,0,0,-6.15715860475241,-21.9670248700781,-7.31361463017248,100,28.0394660475914,0.466944609886837,1,1,56.5,final
49.5,7.5,0,0,0,-6.15715860475241,-22.0416429234191,-7.31361463017248,100,28,0.51697438951757,1,1,57,final
140.864754687772,3.5,0.194390447098028,0.194390447098028,0.0694251596778673,-1.21520482511585,-21.1827902297206,-3.54993011471205,99.805609552902,99.9050442354903,0.138177486599166,0,0,144.364754687772,final
140.864754687772,4,0.0833101916134407,0.0833101916134407,0.0694251596778673,-1.21520482511585,-21.2782691182267,-6.26382268834434,99.9166898083866,99.8795682986706,0.183442525312686,0,1,144.864754687772,final
140.864754687772,4.5,0.0555401277422938,0.0555401277422938,0.0416550958067204,-4.37403268839256,-21.4623476750763,-6.62104914599579,99.9444598722577,99.8493906112424,0.231089934484812,0,1,145.364754687772,final
140.864754687772,5,0.0277700638711469,0.0277700638711469,0,-4.37403268839256,-21.6123642147291,-6.62104914599579,99.9722299361289,99.8239028685296,0.254913639070875,0,1,145.864754687772,final
140.864754687772,5.5,0.0277700638711469,0.0277700638711469,0,-4.37403268839256,-21.6333846537313,-6.62104914599579,99.9722299361289,99.7914639232587,0.319237641453246,0,1,146.364754687772,final
140.864754687772,6,0,0,0,-6.15715860475241,-21.9105316609551,-7.31361463017248,100,99.7423099245502,0.369267421083979,1,1,146.864754687772,final
140.864754687772,6.5,0,0,0,-6.15715860475241,-22.041642923419,-7.31361463017248,100,99.7144515380151,0.421679571173317,1,1,147.364754687772,final
140.864754687772,7,0,0,0,-6.15715860475241,-22.1173326053801,-7.31361463017248,100,99.6749854904237,0.466944609886837,1,1,147.864754687772,final
140.864754687772,7.5,0,0,0,-6.15715860475241,-22.2306299171324,-7.31361463017248,100,99.6355194428323,0.51697438951757,1,1,148.364754687772,final
140.864754687772,140.864754687772,0,0,0,-2969.09346595255,-2969.09346595255,-2969.09346595255,100,0,100,1,1,281.729509375544,final
