Time,AggregateInterferenceDbm,IOverNDb,DominantSatelliteIndex,VisibleSatelliteCount,EligibleCandidateCount,CandidateSatelliteCount,EffectiveContributorCount,PracticalSelectedIOverNDb
01-Aug-2026 00:00:00,-144.531647931227,-37.0985581978913,0,26,26,26,13,-37.0985581978913
01-Aug-2026 00:00:02,-143.379033938205,-35.9459442048702,0,25,25,25,13,-35.9459442048702
01-Aug-2026 00:00:04,-143.724835844597,-36.2917461112619,0,25,25,25,14,-36.2917461112619
01-Aug-2026 00:00:06,-143.659351369787,-36.226261636452,0,25,25,25,14,-36.226261636452
01-Aug-2026 00:00:08,-143.670600914496,-36.2375111811612,0,26,26,26,12,-36.2375111811612
01-Aug-2026 00:00:10,-143.049904260422,-35.6168145270871,0,26,26,26,12,-35.6168145270871
01-Aug-2026 00:00:12,-142.723455720884,-35.290365987549,0,26,26,26,13,-35.290365987549
01-Aug-2026 00:00:14,-142.399677846704,-34.9665881133691,0,26,26,26,14,-34.9665881133691
01-Aug-2026 00:00:16,-142.50239839652,-35.0693086631849,0,26,26,26,15,-35.0693086631849
01-Aug-2026 00:00:18,-142.564932577114,-35.1318428437784,0,26,26,26,15,-35.1318428437784
01-Aug-2026 00:00:20,-142.81016115052,-35.3770714171851,0,26,26,26,13,-35.3770714171851
01-Aug-2026 00:00:22,-141.131508758622,-33.6984190252868,0,26,26,26,13,-33.6984190252868
01-Aug-2026 00:00:24,-143.615070215558,-36.1819804822229,0,26,26,26,13,-36.1819804822229
01-Aug-2026 00:00:26,-143.453703343234,-36.0206136098988,0,25,25,25,13,-36.0206136098988
01-Aug-2026 00:00:28,-143.248407520763,-35.8153177874281,0,25,25,25,13,-35.8153177874281
01-Aug-2026 00:00:30,-143.201828408552,-35.7687386752172,0,25,25,25,13,-35.7687386752172
01-Aug-2026 00:00:32,-142.720555235891,-35.2874655025555,0,25,25,25,12,-35.2874655025555
01-Aug-2026 00:00:34,-142.44595381931,-35.0128640859747,0,25,25,25,12,-35.0128640859747
01-Aug-2026 00:00:36,-142.663819842458,-35.2307301091233,0,25,25,25,11,-35.2307301091233
01-Aug-2026 00:00:38,-142.318099072332,-34.8850093389963,0,24,24,24,12,-34.8850093389963
01-Aug-2026 00:00:40,-142.259943497205,-34.8268537638697,0,24,24,24,13,-34.8268537638697
01-Aug-2026 00:00:42,-146.78153538423,-39.3484456508944,0,24,24,24,13,-39.3484456508944
01-Aug-2026 00:00:44,-146.615419760418,-39.1823300270831,0,24,24,24,11,-39.1823300270831
01-Aug-2026 00:00:46,-146.722958841947,-39.2898691086123,0,24,24,24,10,-39.2898691086123
01-Aug-2026 00:00:48,-141.647597379538,-34.2145076462024,0,24,24,24,10,-34.2145076462024
01-Aug-2026 00:00:50,-141.721446475209,-34.2883567418743,0,23,23,23,12,-34.2883567418743
01-Aug-2026 00:00:52,-142.212736520949,-34.7796467876134,0,23,23,23,11,-34.7796467876134
01-Aug-2026 00:00:54,-142.167623078393,-34.7345333450574,0,24,24,24,14,-34.7345333450574
01-Aug-2026 00:00:56,-141.912298114996,-34.4792083816607,0,23,23,23,14,-34.4792083816607
01-Aug-2026 00:00:58,-137.480180249843,-30.0470905165083,0,23,23,23,14,-30.0470905165083
01-Aug-2026 00:01:00,-148.330753132711,-40.8976633993762,0,23,23,23,12,-40.8976633993762
01-Aug-2026 00:01:02,-147.698463242007,-40.2653735086715,0,23,23,23,12,-40.2653735086715
01-Aug-2026 00:01:04,-147.787813233591,-40.354723500256,0,23,23,23,12,-40.354723500256
01-Aug-2026 00:01:06,-147.51730591314,-40.0842161798044,0,23,23,23,12,-40.0842161798044
01-Aug-2026 00:01:08,-147.063142978904,-39.6300532455684,0,23,23,23,11,-39.6300532455684
01-Aug-2026 00:01:10,-147.019043283993,-39.5859535506581,0,23,23,23,10,-39.5859535506581
01-Aug-2026 00:01:12,-146.827884152117,-39.3947944187817,0,23,23,23,11,-39.3947944187817
01-Aug-2026 00:01:14,-154.539844092872,-47.1067543595363,0,23,23,23,9,-47.1067543595363
01-Aug-2026 00:01:16,-168.038595855585,-60.6055061222495,0,23,23,23,9,-60.6055061222495
01-Aug-2026 00:01:18,-166.829294332526,-59.3962045991912,0,23,23,23,9,-59.3962045991912
01-Aug-2026 00:01:20,-149.037830309541,-41.604740576206,0,23,23,23,10,-41.604740576206
01-Aug-2026 00:01:22,-147.347869389769,-39.9147796564339,0,23,23,23,11,-39.9147796564339
01-Aug-2026 00:01:24,-146.94541082636,-39.5123210930247,0,23,23,23,12,-39.5123210930247
01-Aug-2026 00:01:26,-141.280443537691,-33.8473538043562,0,23,23,23,11,-33.8473538043562
01-Aug-2026 00:01:28,-140.7793735835,-33.3462838501647,0,23,23,23,11,-33.3462838501647
01-Aug-2026 00:01:30,-140.049795990706,-32.6167062573705,0,23,23,23,11,-32.6167062573705
01-Aug-2026 00:01:32,-137.219118364005,-29.7860286306698,0,23,23,23,13,-29.7860286306698
01-Aug-2026 00:01:34,-137.329448440439,-29.8963587071035,0,23,23,23,13,-29.8963587071035
01-Aug-2026 00:01:36,-137.522661910382,-30.0895721770467,0,23,23,23,13,-30.0895721770467
01-Aug-2026 00:01:38,-137.395347142803,-29.9622574094681,0,24,24,24,12,-29.9622574094681
01-Aug-2026 00:01:40,-137.361666122887,-29.9285763895519,0,24,24,24,12,-29.9285763895519
01-Aug-2026 00:01:42,-137.711446920591,-30.2783571872559,0,24,24,24,13,-30.2783571872559
01-Aug-2026 00:01:44,-137.829500218581,-30.3964104852455,0,24,24,24,12,-30.3964104852455
01-Aug-2026 00:01:46,-137.482177476221,-30.0490877428854,0,24,24,24,12,-30.0490877428854
01-Aug-2026 00:01:48,-137.454083782673,-30.0209940493382,0,23,23,23,13,-30.0209940493382
01-Aug-2026 00:01:50,-137.246774592321,-29.8136848589862,0,23,23,23,12,-29.8136848589862
01-Aug-2026 00:01:52,-137.355330937341,-29.9222412040058,0,23,23,23,10,-29.9222412040058
01-Aug-2026 00:01:54,-137.762796004554,-30.3297062712186,0,23,23,23,9,-30.3297062712186
01-Aug-2026 00:01:56,-138.165884155181,-30.732794421846,0,24,24,24,9,-30.732794421846
01-Aug-2026 00:01:58,-136.62976804011,-29.1966783067749,0,24,24,24,9,-29.1966783067749
01-Aug-2026 00:02:00,-136.696968313466,-29.2638785801313,0,24,24,24,9,-29.2638785801313
01-Aug-2026 00:02:02,-137.854028320952,-30.4209385876167,0,24,24,24,10,-30.4209385876167
01-Aug-2026 00:02:04,-138.423502412042,-30.9904126787066,0,23,23,23,8,-30.9904126787066
01-Aug-2026 00:02:06,-138.406217598001,-30.9731278646658,0,23,23,23,7,-30.9731278646658
01-Aug-2026 00:02:08,-138.708597416863,-31.2755076835276,0,23,23,23,7,-31.2755076835276
01-Aug-2026 00:02:10,-139.425897748957,-31.9928080156214,0,23,23,23,6,-31.9928080156214
01-Aug-2026 00:02:12,-139.893697641646,-32.460607908311,0,23,23,23,7,-32.460607908311
01-Aug-2026 00:02:14,-139.841950736911,-32.408861003576,0,23,23,23,8,-32.408861003576
01-Aug-2026 00:02:16,-139.65049154528,-32.2174018119452,0,23,23,23,8,-32.2174018119452
01-Aug-2026 00:02:18,-139.553934834615,-32.12084510128,0,23,23,23,7,-32.12084510128
01-Aug-2026 00:02:20,-139.514811144266,-32.0817214109312,0,23,23,23,7,-32.0817214109312
01-Aug-2026 00:02:22,-139.448086486287,-32.0149967529521,0,23,23,23,9,-32.0149967529521
01-Aug-2026 00:02:24,-140.330031115947,-32.8969413826118,0,23,23,23,11,-32.8969413826118
01-Aug-2026 00:02:26,-140.138744666812,-32.7056549334765,0,23,23,23,11,-32.7056549334765
01-Aug-2026 00:02:28,-140.838959265618,-33.405869532283,0,24,24,24,13,-33.405869532283
01-Aug-2026 00:02:30,-147.586076819334,-40.152987085999,0,24,24,24,11,-40.152987085999
01-Aug-2026 00:02:32,-147.340859770118,-39.9077700367829,0,25,25,25,11,-39.9077700367829
01-Aug-2026 00:02:34,-146.899397437754,-39.4663077044185,0,25,25,25,12,-39.4663077044185
01-Aug-2026 00:02:36,-147.300781396427,-39.8676916630918,0,25,25,25,12,-39.8676916630918
01-Aug-2026 00:02:38,-146.984052710302,-39.5509629769663,0,25,25,25,12,-39.5509629769663
01-Aug-2026 00:02:40,-144.69249595001,-37.2594062166752,0,25,25,25,13,-37.2594062166752
01-Aug-2026 00:02:42,-144.36440951982,-36.9313197864844,0,24,24,24,13,-36.9313197864844
01-Aug-2026 00:02:44,-143.751973838903,-36.3188841055674,0,24,24,24,12,-36.3188841055674
01-Aug-2026 00:02:46,-144.133919961749,-36.7008302284136,0,24,24,24,10,-36.7008302284136
01-Aug-2026 00:02:48,-143.431345002035,-35.9982552686994,0,25,25,25,10,-35.9982552686994
01-Aug-2026 00:02:50,-143.043568755534,-35.6104790221989,0,25,25,25,12,-35.6104790221989
01-Aug-2026 00:02:52,-142.49809953022,-35.0650097968847,0,25,25,25,13,-35.0650097968847
01-Aug-2026 00:02:54,-142.344820077624,-34.9117303442889,0,25,25,25,13,-34.9117303442889
01-Aug-2026 00:02:56,-141.692290448452,-34.2592007151164,0,25,25,25,12,-34.2592007151164
01-Aug-2026 00:02:58,-141.657645747022,-34.2245560136866,0,26,26,26,14,-34.2245560136866
01-Aug-2026 00:03:00,-143.442164494492,-36.0090747611572,0,26,26,26,12,-36.0090747611572
01-Aug-2026 00:03:02,-142.771005314306,-35.337915580971,0,26,26,26,13,-35.337915580971
01-Aug-2026 00:03:04,-142.479071301795,-35.0459815684598,0,26,26,26,10,-35.0459815684598
01-Aug-2026 00:03:06,-142.269524187712,-34.836434454377,0,26,26,26,10,-34.836434454377
01-Aug-2026 00:03:08,-150.812430593221,-43.3793408598857,0,26,26,26,6,-43.3793408598857
01-Aug-2026 00:03:10,-151.028894166931,-43.5958044335962,0,26,26,26,6,-43.5958044335962
01-Aug-2026 00:03:12,-150.861744592422,-43.428654859087,0,26,26,26,6,-43.428654859087
01-Aug-2026 00:03:14,-151.188059595649,-43.7549698623138,0,26,26,26,4,-43.7549698623138
01-Aug-2026 00:03:16,-151.377450264581,-43.9443605312458,0,26,26,26,5,-43.9443605312458
01-Aug-2026 00:03:18,-151.642737714153,-44.2096479808176,0,25,25,25,5,-44.2096479808176
01-Aug-2026 00:03:20,-152.590845480359,-45.1577557470238,0,25,25,25,6,-45.1577557470238
01-Aug-2026 00:03:22,-151.603222118431,-44.1701323850962,0,25,25,25,7,-44.1701323850962
01-Aug-2026 00:03:24,-151.9027000309,-44.4696102975647,0,24,24,24,7,-44.4696102975647
01-Aug-2026 00:03:26,-151.465653150966,-44.032563417631,0,24,24,24,8,-44.032563417631
01-Aug-2026 00:03:28,-150.284027218742,-42.8509374854068,0,24,24,24,10,-42.8509374854068
01-Aug-2026 00:03:30,-156.468236470394,-49.0351467370593,0,25,25,25,8,-49.0351467370593
01-Aug-2026 00:03:32,-156.655235252371,-49.2221455190353,0,25,25,25,8,-49.2221455190353
01-Aug-2026 00:03:34,-156.319129880861,-48.8860401475259,0,25,25,25,8,-48.8860401475259
01-Aug-2026 00:03:36,-156.84578591937,-49.412696186035,0,25,25,25,8,-49.412696186035
01-Aug-2026 00:03:38,-156.384576637494,-48.9514869041588,0,25,25,25,10,-48.9514869041588
01-Aug-2026 00:03:40,-157.104599129089,-49.6715093957538,0,25,25,25,9,-49.6715093957538
01-Aug-2026 00:03:42,-157.2328452366,-49.7997555032649,0,25,25,25,9,-49.7997555032649
01-Aug-2026 00:03:44,-145.073165790827,-37.6400760574919,0,25,25,25,11,-37.6400760574919
01-Aug-2026 00:03:46,-144.4917032955,-37.0586135621649,0,25,25,25,12,-37.0586135621649
01-Aug-2026 00:03:48,-144.054498885262,-36.6214091519273,0,25,25,25,12,-36.6214091519273
01-Aug-2026 00:03:50,-142.995381306179,-35.5622915728436,0,24,24,24,12,-35.5622915728436
01-Aug-2026 00:03:52,-151.8404999702,-44.4074102368652,0,24,24,24,12,-44.4074102368652
01-Aug-2026 00:03:54,-151.57375813983,-44.1406684064948,0,24,24,24,12,-44.1406684064948
01-Aug-2026 00:03:56,-151.34637420395,-43.913284470615,0,24,24,24,12,-43.913284470615
01-Aug-2026 00:03:58,-151.260874998403,-43.8277852650681,0,24,24,24,13,-43.8277852650681
01-Aug-2026 00:04:00,-151.42049022835,-43.9874004950149,0,24,24,24,12,-43.9874004950149
01-Aug-2026 00:04:02,-151.809725583845,-44.37663585051,0,26,26,26,10,-44.37663585051
01-Aug-2026 00:04:04,-152.200316553731,-44.7672268203953,0,26,26,26,11,-44.7672268203953
01-Aug-2026 00:04:06,-151.93261811132,-44.4995283779845,0,25,25,25,10,-44.4995283779845
01-Aug-2026 00:04:08,-152.398627237401,-44.9655375040662,0,25,25,25,9,-44.9655375040662
01-Aug-2026 00:04:10,-150.977333335204,-43.5442436018689,0,25,25,25,9,-43.5442436018689
01-Aug-2026 00:04:12,-150.673829754776,-43.2407400214405,0,25,25,25,11,-43.2407400214405
01-Aug-2026 00:04:14,-150.768771177753,-43.3356814444177,0,25,25,25,11,-43.3356814444177
01-Aug-2026 00:04:16,-150.516004351927,-43.082914618592,0,25,25,25,13,-43.082914618592
01-Aug-2026 00:04:18,-152.158191919447,-44.7251021861114,0,25,25,25,12,-44.7251021861114
01-Aug-2026 00:04:20,-153.120227446521,-45.6871377131857,0,25,25,25,11,-45.6871377131857
01-Aug-2026 00:04:22,-140.25752521014,-32.8244354768053,0,25,25,25,12,-32.8244354768053
01-Aug-2026 00:04:24,-140.928508073119,-33.4954183397839,0,25,25,25,13,-33.4954183397839
01-Aug-2026 00:04:26,-141.124560518444,-33.691470785109,0,24,24,24,13,-33.691470785109
01-Aug-2026 00:04:28,-141.173408964657,-33.7403192313216,0,24,24,24,15,-33.7403192313216
01-Aug-2026 00:04:30,-141.003861013969,-33.5707712806343,0,24,24,24,15,-33.5707712806343
01-Aug-2026 00:04:32,-150.65835728554,-43.2252675522047,0,24,24,24,13,-43.2252675522047
01-Aug-2026 00:04:34,-150.96215999729,-43.5290702639552,0,24,24,24,13,-43.5290702639552
01-Aug-2026 00:04:36,-153.854860580752,-46.4217708474168,0,24,24,24,13,-46.4217708474168
01-Aug-2026 00:04:38,-152.237400089423,-44.8043103560879,0,23,23,23,14,-44.8043103560879
01-Aug-2026 00:04:40,-152.502410386924,-45.0693206535888,0,23,23,23,15,-45.0693206535888
01-Aug-2026 00:04:42,-152.36220725657,-44.929117523235,0,23,23,23,14,-44.929117523235
01-Aug-2026 00:04:44,-151.836141889129,-44.4030521557935,0,23,23,23,13,-44.4030521557935
01-Aug-2026 00:04:46,-151.439739929016,-44.0066501956813,0,23,23,23,13,-44.0066501956813
01-Aug-2026 00:04:48,-151.670796678017,-44.2377069446821,0,22,22,22,13,-44.2377069446821
01-Aug-2026 00:04:50,-151.369356492873,-43.936266759538,0,22,22,22,13,-43.936266759538
01-Aug-2026 00:04:52,-151.461442021639,-44.0283522883035,0,22,22,22,14,-44.0283522883035
01-Aug-2026 00:04:54,-150.845450299377,-43.4123605660414,0,22,22,22,11,-43.4123605660414
01-Aug-2026 00:04:56,-151.072853481031,-43.639763747696,0,22,22,22,10,-43.639763747696
01-Aug-2026 00:04:58,-152.259197162252,-44.8261074289171,0,22,22,22,10,-44.8261074289171
01-Aug-2026 00:05:00,-151.894679936116,-44.461590202781,0,22,22,22,11,-44.461590202781
01-Aug-2026 00:05:02,-147.939682061637,-40.5065923283018,0,22,22,22,13,-40.5065923283018
01-Aug-2026 00:05:04,-148.680837743018,-41.2477480096823,0,22,22,22,13,-41.2477480096823
01-Aug-2026 00:05:06,-150.178133814676,-42.7450440813411,0,22,22,22,12,-42.7450440813411
01-Aug-2026 00:05:08,-150.789030808252,-43.355941074917,0,22,22,22,12,-43.355941074917
01-Aug-2026 00:05:10,-151.463314840315,-44.03022510698,0,22,22,22,10,-44.03022510698
01-Aug-2026 00:05:12,-151.294708760454,-43.8616190271184,0,22,22,22,10,-43.8616190271184
01-Aug-2026 00:05:14,-151.8922205199,-44.4591307865647,0,22,22,22,10,-44.4591307865647
01-Aug-2026 00:05:16,-152.091004135301,-44.6579144019658,0,22,22,22,8,-44.6579144019658
01-Aug-2026 00:05:18,-151.724944102186,-44.2918543688508,0,22,22,22,8,-44.2918543688508
01-Aug-2026 00:05:20,-151.642988145833,-44.2098984124982,0,22,22,22,8,-44.2098984124982
01-Aug-2026 00:05:22,-152.646010177531,-45.2129204441954,0,22,22,22,9,-45.2129204441954
01-Aug-2026 00:05:24,-152.422129185732,-44.9890394523973,0,22,22,22,10,-44.9890394523973
01-Aug-2026 00:05:26,-155.502310579458,-48.069220846123,0,23,23,23,11,-48.069220846123
01-Aug-2026 00:05:28,-149.205465235476,-41.7723755021405,0,23,23,23,12,-41.7723755021405
01-Aug-2026 00:05:30,-148.787083478628,-41.3539937452931,0,23,23,23,11,-41.3539937452931
01-Aug-2026 00:05:32,-148.783979951242,-41.3508902179067,0,23,23,23,11,-41.3508902179067
01-Aug-2026 00:05:34,-148.240426504245,-40.8073367709096,0,23,23,23,11,-40.8073367709096
01-Aug-2026 00:05:36,-147.891703772804,-40.4586140394686,0,23,23,23,11,-40.4586140394686
01-Aug-2026 00:05:38,-147.501545553786,-40.0684558204508,0,23,23,23,11,-40.0684558204508
01-Aug-2026 00:05:40,-148.050678444988,-40.6175887116526,0,23,23,23,10,-40.6175887116526
01-Aug-2026 00:05:42,-147.840317743861,-40.4072280105259,0,23,23,23,10,-40.4072280105259
01-Aug-2026 00:05:44,-147.582920329456,-40.149830596121,0,24,24,24,12,-40.149830596121
01-Aug-2026 00:05:46,-147.727849883695,-40.2947601503594,0,24,24,24,10,-40.2947601503594
01-Aug-2026 00:05:48,-147.592499923781,-40.1594101904461,0,24,24,24,10,-40.1594101904461
01-Aug-2026 00:05:50,-147.371406989786,-39.9383172564508,0,24,24,24,11,-39.9383172564508
01-Aug-2026 00:05:52,-147.341930185797,-39.9088404524615,0,24,24,24,9,-39.9088404524615
01-Aug-2026 00:05:54,-143.984298095808,-36.5512083624731,0,24,24,24,9,-36.5512083624731
01-Aug-2026 00:05:56,-144.444924892577,-37.0118351592421,0,24,24,24,8,-37.0118351592421
01-Aug-2026 00:05:58,-144.963801739034,-37.5307120056989,0,23,23,23,7,-37.5307120056989
01-Aug-2026 00:06:00,-144.61636655194,-37.1832768186048,0,23,23,23,9,-37.1832768186048
01-Aug-2026 00:06:02,-144.911785516796,-37.4786957834608,0,23,23,23,8,-37.4786957834608
01-Aug-2026 00:06:04,-149.695598494098,-42.2625087607623,0,23,23,23,8,-42.2625087607623
01-Aug-2026 00:06:06,-149.828075748917,-42.3949860155822,0,23,23,23,8,-42.3949860155822
01-Aug-2026 00:06:08,-150.514523656782,-43.0814339234467,0,23,23,23,8,-43.0814339234467
01-Aug-2026 00:06:10,-151.168955452672,-43.7358657193367,0,23,23,23,8,-43.7358657193367
01-Aug-2026 00:06:12,-151.388174200272,-43.9550844669369,0,24,24,24,9,-43.9550844669369
01-Aug-2026 00:06:14,-152.265271715906,-44.8321819825707,0,24,24,24,10,-44.8321819825707
01-Aug-2026 00:06:16,-153.339049433039,-45.9059596997033,0,25,25,25,10,-45.9059596997033
01-Aug-2026 00:06:18,-150.916760010603,-43.483670277268,0,25,25,25,10,-43.483670277268
01-Aug-2026 00:06:20,-151.227602224944,-43.7945124916088,0,25,25,25,9,-43.7945124916088
01-Aug-2026 00:06:22,-151.45239443089,-44.0193046975546,0,25,25,25,10,-44.0193046975546
01-Aug-2026 00:06:24,-151.776962659368,-44.3438729260331,0,25,25,25,10,-44.3438729260331
01-Aug-2026 00:06:26,-143.745818945449,-36.3127292121142,0,25,25,25,10,-36.3127292121142
01-Aug-2026 00:06:28,-143.404969388397,-35.9718796550619,0,25,25,25,12,-35.9718796550619
01-Aug-2026 00:06:30,-142.755159280706,-35.3220695473711,0,25,25,25,14,-35.3220695473711
01-Aug-2026 00:06:32,-142.279830377456,-34.8467406441208,0,24,24,24,14,-34.8467406441208
01-Aug-2026 00:06:34,-142.026170389955,-34.5930806566194,0,24,24,24,15,-34.5930806566194
01-Aug-2026 00:06:36,-141.56419524931,-34.131105515975,0,24,24,24,14,-34.131105515975
01-Aug-2026 00:06:38,-141.719678348745,-34.28658861541,0,24,24,24,15,-34.28658861541
01-Aug-2026 00:06:40,-141.323876806693,-33.8907870733576,0,25,25,25,15,-33.8907870733576
01-Aug-2026 00:06:42,-140.493953675566,-33.0608639422311,0,25,25,25,15,-33.0608639422311
01-Aug-2026 00:06:44,-139.832431332201,-32.3993415988661,0,25,25,25,16,-32.3993415988661
01-Aug-2026 00:06:46,-139.186535170924,-31.7534454375887,0,25,25,25,15,-31.7534454375887
01-Aug-2026 00:06:48,-139.15736137758,-31.7242716442447,0,26,26,26,17,-31.7242716442447
01-Aug-2026 00:06:50,-153.126347718311,-45.6932579849762,0,26,26,26,14,-45.6932579849762
01-Aug-2026 00:06:52,-156.140945406437,-48.7078556731015,0,26,26,26,14,-48.7078556731015
01-Aug-2026 00:06:54,-156.019763806184,-48.5866740728493,0,26,26,26,14,-48.5866740728493
01-Aug-2026 00:06:56,-155.810788925872,-48.377699192537,0,26,26,26,14,-48.377699192537
01-Aug-2026 00:06:58,-154.540298209137,-47.1072084758021,0,26,26,26,15,-47.1072084758021
01-Aug-2026 00:07:00,-148.55594487031,-41.1228551369746,0,26,26,26,15,-41.1228551369746
01-Aug-2026 00:07:02,-148.514528787452,-41.0814390541171,0,26,26,26,15,-41.0814390541171
01-Aug-2026 00:07:04,-148.608726640895,-41.1756369075597,0,26,26,26,14,-41.1756369075597
01-Aug-2026 00:07:06,-148.142893746092,-40.7098040127571,0,26,26,26,13,-40.7098040127571
01-Aug-2026 00:07:08,-147.503717983348,-40.0706282500127,0,25,25,25,11,-40.0706282500127
01-Aug-2026 00:07:10,-146.871063721636,-39.4379739883012,0,25,25,25,13,-39.4379739883012
01-Aug-2026 00:07:12,-146.521915575243,-39.0888258419083,0,25,25,25,13,-39.0888258419083
01-Aug-2026 00:07:14,-146.378588794422,-38.9454990610866,0,25,25,25,13,-38.9454990610866
01-Aug-2026 00:07:16,-128.544434047409,-21.1113443140738,0,24,24,24,11,-21.1113443140738
01-Aug-2026 00:07:18,-127.856883626813,-20.4237938934775,0,24,24,24,11,-20.4237938934775
01-Aug-2026 00:07:20,-127.79839150857,-20.3653017752349,0,25,25,25,11,-20.3653017752349
01-Aug-2026 00:07:22,-128.295602262556,-20.862512529221,0,25,25,25,8,-20.862512529221
01-Aug-2026 00:07:24,-128.154120330293,-20.7210305969574,0,25,25,25,9,-20.7210305969574
01-Aug-2026 00:07:26,-128.169686007417,-20.7365962740816,0,25,25,25,9,-20.7365962740816
01-Aug-2026 00:07:28,-144.594616459425,-37.1615267260903,0,25,25,25,8,-37.1615267260903
01-Aug-2026 00:07:30,-140.92744004137,-33.494350308035,0,25,25,25,11,-33.494350308035
01-Aug-2026 00:07:32,-140.668211094131,-33.2351213607956,0,25,25,25,11,-33.2351213607956
01-Aug-2026 00:07:34,-140.335510289941,-32.9024205566054,0,25,25,25,10,-32.9024205566054
01-Aug-2026 00:07:36,-140.475697050502,-33.0426073171669,0,25,25,25,9,-33.0426073171669
01-Aug-2026 00:07:38,-140.645132626417,-33.212042893082,0,24,24,24,7,-33.212042893082
01-Aug-2026 00:07:40,-140.830811478346,-33.397721745011,0,24,24,24,7,-33.397721745011
01-Aug-2026 00:07:42,-141.545385481769,-34.112295748434,0,24,24,24,7,-34.112295748434
01-Aug-2026 00:07:44,-135.346575978359,-27.9134862450237,0,24,24,24,8,-27.9134862450237
01-Aug-2026 00:07:46,-135.57187159691,-28.1387818635748,0,23,23,23,7,-28.1387818635748
01-Aug-2026 00:07:48,-135.627497700673,-28.1944079673382,0,23,23,23,6,-28.1944079673382
01-Aug-2026 00:07:50,-136.699490078687,-29.2664003453514,0,23,23,23,5,-29.2664003453514
01-Aug-2026 00:07:52,-136.729746225836,-29.2966564925013,0,23,23,23,6,-29.2966564925013
01-Aug-2026 00:07:54,-137.252545638011,-29.8194559046763,0,24,24,24,6,-29.8194559046763
01-Aug-2026 00:07:56,-138.304015728353,-30.8709259950179,0,24,24,24,6,-30.8709259950179
01-Aug-2026 00:07:58,-138.38624392811,-30.9531541947746,0,24,24,24,7,-30.9531541947746
01-Aug-2026 00:08:00,-139.900431715775,-32.4673419824398,0,24,24,24,6,-32.4673419824398
01-Aug-2026 00:08:02,-140.407949795314,-32.9748600619785,0,24,24,24,7,-32.9748600619785
01-Aug-2026 00:08:04,-141.138691246385,-33.7056015130497,0,24,24,24,6,-33.7056015130497
01-Aug-2026 00:08:06,-141.430738046432,-33.9976483130972,0,24,24,24,6,-33.9976483130972
01-Aug-2026 00:08:08,-141.431216776582,-33.9981270432466,0,24,24,24,6,-33.9981270432466
01-Aug-2026 00:08:10,-142.520143642291,-35.0870539089554,0,24,24,24,6,-35.0870539089554
01-Aug-2026 00:08:12,-142.461878936804,-35.028789203469,0,24,24,24,8,-35.028789203469
01-Aug-2026 00:08:14,-142.221188871748,-34.7880991384126,0,23,23,23,9,-34.7880991384126
01-Aug-2026 00:08:16,-143.019343508325,-35.58625377499,0,23,23,23,9,-35.58625377499
01-Aug-2026 00:08:18,-143.267986033002,-35.8348962996666,0,23,23,23,9,-35.8348962996666
01-Aug-2026 00:08:20,-143.740295065119,-36.3072053317843,0,23,23,23,10,-36.3072053317843
01-Aug-2026 00:08:22,-142.963246889704,-35.5301571563691,0,23,23,23,10,-35.5301571563691
01-Aug-2026 00:08:24,-143.076453718527,-35.6433639851917,0,23,23,23,10,-35.6433639851917
01-Aug-2026 00:08:26,-142.525118415533,-35.0920286821976,0,23,23,23,9,-35.0920286821976
01-Aug-2026 00:08:28,-143.097402842261,-35.6643131089259,0,22,22,22,10,-35.6643131089259
01-Aug-2026 00:08:30,-142.69316633693,-35.2600766035953,0,22,22,22,12,-35.2600766035953
01-Aug-2026 00:08:32,-144.778316645385,-37.3452269120502,0,21,21,21,11,-37.3452269120502
01-Aug-2026 00:08:34,-144.500143465097,-37.0670537317616,0,22,22,22,11,-37.0670537317616
01-Aug-2026 00:08:36,-144.889249477208,-37.4561597438733,0,22,22,22,11,-37.4561597438733
01-Aug-2026 00:08:38,-145.263875279376,-37.8307855460404,0,22,22,22,11,-37.8307855460404
01-Aug-2026 00:08:40,-129.082459861992,-21.6493701286566,0,22,22,22,10,-21.6493701286566
01-Aug-2026 00:08:42,-133.542774328288,-26.1096845949524,0,22,22,22,11,-26.1096845949524
01-Aug-2026 00:08:44,-137.315458255384,-29.8823685220486,0,22,22,22,11,-29.8823685220486
01-Aug-2026 00:08:46,-144.573475330521,-37.1403855971855,0,22,22,22,13,-37.1403855971855
01-Aug-2026 00:08:48,-144.734072839526,-37.3009831061912,0,22,22,22,14,-37.3009831061912
01-Aug-2026 00:08:50,-144.875853419187,-37.4427636858517,0,22,22,22,15,-37.4427636858517
01-Aug-2026 00:08:52,-143.728902646871,-36.2958129135359,0,22,22,22,15,-36.2958129135359
01-Aug-2026 00:08:54,-144.203717224128,-36.7706274907926,0,22,22,22,15,-36.7706274907926
01-Aug-2026 00:08:56,-144.116665405272,-36.6835756719367,0,22,22,22,15,-36.6835756719367
01-Aug-2026 00:08:58,-145.693135781767,-38.2600460484321,0,22,22,22,14,-38.2600460484321
01-Aug-2026 00:09:00,-145.183720046321,-37.7506303129858,0,22,22,22,16,-37.7506303129858
01-Aug-2026 00:09:02,-145.26179132895,-37.8287015956145,0,22,22,22,14,-37.8287015956145
01-Aug-2026 00:09:04,-145.366451095079,-37.9333613617443,0,22,22,22,13,-37.9333613617443
01-Aug-2026 00:09:06,-145.259092870628,-37.826003137293,0,22,22,22,13,-37.826003137293
01-Aug-2026 00:09:08,-146.992688287145,-39.5595985538097,0,22,22,22,15,-39.5595985538097
01-Aug-2026 00:09:10,-152.961138633809,-45.5280489004741,0,23,23,23,15,-45.5280489004741
01-Aug-2026 00:09:12,-146.808544187536,-39.375454454201,0,22,22,22,14,-39.375454454201
01-Aug-2026 00:09:14,-146.790080355801,-39.3569906224659,0,22,22,22,13,-39.3569906224659
01-Aug-2026 00:09:16,-147.091072757023,-39.6579830236879,0,23,23,23,14,-39.6579830236879
01-Aug-2026 00:09:18,-149.107045079209,-41.6739553458733,0,23,23,23,13,-41.6739553458733
01-Aug-2026 00:09:20,-149.254465054862,-41.8213753215268,0,23,23,23,13,-41.8213753215268
01-Aug-2026 00:09:22,-148.886189541487,-41.4530998081514,0,23,23,23,13,-41.4530998081514
01-Aug-2026 00:09:24,-148.838200196328,-41.4051104629924,0,23,23,23,13,-41.4051104629924
01-Aug-2026 00:09:26,-148.797649965291,-41.3645602319562,0,23,23,23,12,-41.3645602319562
01-Aug-2026 00:09:28,-148.597801807715,-41.1647120743797,0,23,23,23,12,-41.1647120743797
01-Aug-2026 00:09:30,-148.824186588707,-41.391096855372,0,24,24,24,12,-41.391096855372
01-Aug-2026 00:09:32,-140.765388354123,-33.3322986207881,0,24,24,24,11,-33.3322986207881
01-Aug-2026 00:09:34,-141.091002113366,-33.6579123800309,0,24,24,24,13,-33.6579123800309
01-Aug-2026 00:09:36,-141.051173801193,-33.6180840678574,0,24,24,24,13,-33.6180840678574
01-Aug-2026 00:09:38,-140.787918926127,-33.354829192792,0,24,24,24,13,-33.354829192792
01-Aug-2026 00:09:40,-141.048222736701,-33.6151330033661,0,24,24,24,13,-33.6151330033661
01-Aug-2026 00:09:42,-149.152443452677,-41.7193537193416,0,24,24,24,12,-41.7193537193416
01-Aug-2026 00:09:44,-149.362270396281,-41.9291806629462,0,24,24,24,11,-41.9291806629462
01-Aug-2026 00:09:46,-149.260440348359,-41.8273506150237,0,24,24,24,12,-41.8273506150237
01-Aug-2026 00:09:48,-149.767265863164,-42.334176129829,0,24,24,24,12,-42.334176129829
01-Aug-2026 00:09:50,-149.40162361099,-41.9685338776548,0,25,25,25,12,-41.9685338776548
01-Aug-2026 00:09:52,-149.542329047937,-42.1092393146016,0,24,24,24,13,-42.1092393146016
01-Aug-2026 00:09:54,-149.24415432018,-41.8110645868447,0,24,24,24,13,-41.8110645868447
01-Aug-2026 00:09:56,-149.408132085297,-41.9750423519621,0,24,24,24,12,-41.9750423519621
01-Aug-2026 00:09:58,-149.928336306602,-42.4952465732669,0,24,24,24,10,-42.4952465732669
01-Aug-2026 00:10:00,-148.74612855616,-41.3130388228248,0,24,24,24,10,-41.3130388228248
01-Aug-2026 00:10:02,-153.637189061215,-46.2040993278795,0,24,24,24,9,-46.2040993278795
01-Aug-2026 00:10:04,-153.254756195088,-45.8216664617524,0,25,25,25,10,-45.8216664617524
01-Aug-2026 00:10:06,-157.2805045621,-49.8474148287652,0,25,25,25,11,-49.8474148287652
01-Aug-2026 00:10:08,-157.67664197242,-50.2435522390845,0,25,25,25,10,-50.2435522390845
01-Aug-2026 00:10:10,-163.490931786968,-56.0578420536332,0,25,25,25,10,-56.0578420536332
01-Aug-2026 00:10:12,-163.019348248661,-55.5862585153258,0,25,25,25,11,-55.5862585153258
01-Aug-2026 00:10:14,-162.873334388908,-55.440244655573,0,25,25,25,11,-55.440244655573
01-Aug-2026 00:10:16,-162.861512880478,-55.4284231471429,0,25,25,25,11,-55.4284231471429
01-Aug-2026 00:10:18,-162.973051167487,-55.5399614341519,0,25,25,25,10,-55.5399614341519
01-Aug-2026 00:10:20,-157.694851360358,-50.2617616270229,0,25,25,25,11,-50.2617616270229
01-Aug-2026 00:10:22,-157.42604787028,-49.9929581369446,0,25,25,25,10,-49.9929581369446
01-Aug-2026 00:10:24,-154.47326651891,-47.0401767855748,0,24,24,24,10,-47.0401767855748
01-Aug-2026 00:10:26,-153.993565760728,-46.5604760273931,0,24,24,24,10,-46.5604760273931
01-Aug-2026 00:10:28,-149.028047046294,-41.5949573129591,0,24,24,24,13,-41.5949573129591
01-Aug-2026 00:10:30,-148.567380054192,-41.1342903208568,0,24,24,24,14,-41.1342903208568
01-Aug-2026 00:10:32,-148.624512307308,-41.1914225739732,0,25,25,25,15,-41.1914225739732
01-Aug-2026 00:10:34,-147.625497217913,-40.1924074845782,0,25,25,25,16,-40.1924074845782
01-Aug-2026 00:10:36,-147.646049297718,-40.2129595643824,0,25,25,25,16,-40.2129595643824
01-Aug-2026 00:10:38,-147.099658531979,-39.6665687986434,0,26,26,26,16,-39.6665687986434
01-Aug-2026 00:10:40,-147.500612183553,-40.0675224502181,0,26,26,26,15,-40.0675224502181
01-Aug-2026 00:10:42,-147.605221459335,-40.1721317259993,0,26,26,26,14,-40.1721317259993
01-Aug-2026 00:10:44,-153.69662354544,-46.2635338121049,0,26,26,26,13,-46.2635338121049
01-Aug-2026 00:10:46,-153.437527730932,-46.0044379975966,0,26,26,26,12,-46.0044379975966
01-Aug-2026 00:10:48,-155.861560088704,-48.4284703553683,0,26,26,26,11,-48.4284703553683
01-Aug-2026 00:10:50,-155.654532661598,-48.2214429282632,0,26,26,26,11,-48.2214429282632
01-Aug-2026 00:10:52,-155.828187103823,-48.3950973704876,0,26,26,26,11,-48.3950973704876
01-Aug-2026 00:10:54,-164.636682845706,-57.2035931123711,0,26,26,26,11,-57.2035931123711
01-Aug-2026 00:10:56,-165.419646686193,-57.9865569528576,0,26,26,26,10,-57.9865569528576
01-Aug-2026 00:10:58,-153.762120705498,-46.3290309721627,0,25,25,25,11,-46.3290309721627
01-Aug-2026 00:11:00,-152.752693753691,-45.3196040203556,0,25,25,25,10,-45.3196040203556
01-Aug-2026 00:11:02,-152.426147482639,-44.9930577493038,0,25,25,25,10,-44.9930577493038
01-Aug-2026 00:11:04,-152.076838936557,-44.6437492032222,0,25,25,25,14,-44.6437492032222
01-Aug-2026 00:11:06,-151.995527471706,-44.5624377383706,0,25,25,25,13,-44.5624377383706
01-Aug-2026 00:11:08,-133.686477718629,-26.2533879852943,0,24,24,24,13,-26.2533879852943
01-Aug-2026 00:11:10,-133.279216495741,-25.8461267624062,0,24,24,24,12,-25.8461267624062
01-Aug-2026 00:11:12,-133.039108440268,-25.6060187069326,0,25,25,25,13,-25.6060187069326
01-Aug-2026 00:11:14,-132.929023246162,-25.4959335128268,0,25,25,25,12,-25.4959335128268
01-Aug-2026 00:11:16,-132.387411532251,-24.9543217989158,0,25,25,25,13,-24.9543217989158
01-Aug-2026 00:11:18,-132.214696924683,-24.7816071913475,0,25,25,25,11,-24.7816071913475
01-Aug-2026 00:11:20,-132.289528201346,-24.8564384680105,0,25,25,25,12,-24.8564384680105
01-Aug-2026 00:11:22,-132.552670668165,-25.11958093483,0,25,25,25,12,-25.11958093483
01-Aug-2026 00:11:24,-132.677404801969,-25.2443150686341,0,24,24,24,12,-25.2443150686341
01-Aug-2026 00:11:26,-132.493315554762,-25.0602258214267,0,23,23,23,13,-25.0602258214267
01-Aug-2026 00:11:28,-139.550904270742,-32.1178145374067,0,23,23,23,13,-32.1178145374067
01-Aug-2026 00:11:30,-151.89368773266,-44.4605979993246,0,23,23,23,12,-44.4605979993246
01-Aug-2026 00:11:32,-150.340271637191,-42.9071819038562,0,23,23,23,13,-42.9071819038562
01-Aug-2026 00:11:34,-150.017218363573,-42.584128630238,0,23,23,23,12,-42.584128630238
01-Aug-2026 00:11:36,-149.449478098935,-42.0163883655997,0,23,23,23,14,-42.0163883655997
01-Aug-2026 00:11:38,-149.458942263705,-42.0258525303694,0,23,23,23,14,-42.0258525303694
01-Aug-2026 00:11:40,-149.636651735007,-42.2035620016714,0,23,23,23,14,-42.2035620016714
01-Aug-2026 00:11:42,-149.313535469799,-41.880445736464,0,23,23,23,14,-41.880445736464
01-Aug-2026 00:11:44,-149.880981065267,-42.4478913319319,0,23,23,23,13,-42.4478913319319
01-Aug-2026 00:11:46,-149.471529895769,-42.0384401624343,0,23,23,23,13,-42.0384401624343
01-Aug-2026 00:11:48,-149.985535697922,-42.5524459645864,0,24,24,24,13,-42.5524459645864
01-Aug-2026 00:11:50,-150.961919816551,-43.5288300832163,0,24,24,24,11,-43.5288300832163
01-Aug-2026 00:11:52,-151.157751030541,-43.7246612972063,0,24,24,24,11,-43.7246612972063
01-Aug-2026 00:11:54,-150.966634954619,-43.5335452212839,0,24,24,24,9,-43.5335452212839
01-Aug-2026 00:11:56,-129.249292748643,-21.8162030153077,0,24,24,24,9,-21.8162030153077
01-Aug-2026 00:11:58,-132.706691669412,-25.2736019360768,0,24,24,24,9,-25.2736019360768
01-Aug-2026 00:12:00,-136.14880586401,-28.7157161306753,0,23,23,23,9,-28.7157161306753
01-Aug-2026 00:12:02,-138.088562950237,-30.6554732169017,0,23,23,23,12,-30.6554732169017
01-Aug-2026 00:12:04,-142.847366925236,-35.4142771919012,0,23,23,23,11,-35.4142771919012
01-Aug-2026 00:12:06,-145.863790889838,-38.4307011565027,0,23,23,23,10,-38.4307011565027
01-Aug-2026 00:12:08,-148.02644907484,-40.5933593415047,0,23,23,23,10,-40.5933593415047
01-Aug-2026 00:12:10,-149.588262817904,-42.155173084569,0,23,23,23,10,-42.155173084569
01-Aug-2026 00:12:12,-150.11139227093,-42.678302537595,0,23,23,23,10,-42.678302537595
01-Aug-2026 00:12:14,-150.282221259238,-42.8491315259028,0,23,23,23,11,-42.8491315259028
01-Aug-2026 00:12:16,-152.280850997533,-44.847761264198,0,22,22,22,9,-44.847761264198
01-Aug-2026 00:12:18,-152.624981200482,-45.1918914671469,0,23,23,23,10,-45.1918914671469
01-Aug-2026 00:12:20,-155.081551648434,-47.6484619150986,0,23,23,23,9,-47.6484619150986
01-Aug-2026 00:12:22,-151.737656866616,-44.3045671332807,0,22,22,22,9,-44.3045671332807
01-Aug-2026 00:12:24,-150.150624309867,-42.7175345765315,0,22,22,22,10,-42.7175345765315
01-Aug-2026 00:12:26,-150.069001043098,-42.6359113097626,0,23,23,23,10,-42.6359113097626
01-Aug-2026 00:12:28,-150.173327734925,-42.7402380015896,0,23,23,23,10,-42.7402380015896
01-Aug-2026 00:12:30,-152.00445559076,-44.5713658574243,0,23,23,23,10,-44.5713658574243
01-Aug-2026 00:12:32,-156.651581936891,-49.2184922035555,0,23,23,23,9,-49.2184922035555
01-Aug-2026 00:12:34,-156.406890967468,-48.9738012341331,0,23,23,23,8,-48.9738012341331
01-Aug-2026 00:12:36,-156.015883935564,-48.5827942022288,0,23,23,23,7,-48.5827942022288
01-Aug-2026 00:12:38,-156.773064943984,-49.339975210649,0,23,23,23,7,-49.339975210649
01-Aug-2026 00:12:40,-156.91073327613,-49.477643542795,0,23,23,23,10,-49.477643542795
01-Aug-2026 00:12:42,-156.288509715461,-48.8554199821258,0,23,23,23,10,-48.8554199821258
01-Aug-2026 00:12:44,-170.580698529599,-63.147608796264,0,23,23,23,9,-63.147608796264
01-Aug-2026 00:12:46,-170.447660196822,-63.0145704634866,0,23,23,23,9,-63.0145704634866
01-Aug-2026 00:12:48,-170.046726584934,-62.6136368515989,0,23,23,23,10,-62.6136368515989
01-Aug-2026 00:12:50,-169.956758831175,-62.5236690978402,0,23,23,23,9,-62.5236690978402
01-Aug-2026 00:12:52,-169.889246708686,-62.4561569753511,0,23,23,23,9,-62.4561569753511
01-Aug-2026 00:12:54,-146.934820484096,-39.5017307507607,0,23,23,23,8,-39.5017307507607
01-Aug-2026 00:12:56,-146.207307084197,-38.7742173508621,0,23,23,23,9,-38.7742173508621
01-Aug-2026 00:12:58,-146.157906209308,-38.7248164759725,0,24,24,24,8,-38.7248164759725
01-Aug-2026 00:13:00,-145.89684661662,-38.4637568832845,0,24,24,24,10,-38.4637568832845
01-Aug-2026 00:13:02,-145.275566218677,-37.842476485342,0,23,23,23,10,-37.842476485342
01-Aug-2026 00:13:04,-145.375876875114,-37.9427871417786,0,24,24,24,10,-37.9427871417786
01-Aug-2026 00:13:06,-144.832527178789,-37.3994374454535,0,24,24,24,10,-37.3994374454535
01-Aug-2026 00:13:08,-145.251465906288,-37.8183761729531,0,24,24,24,10,-37.8183761729531
01-Aug-2026 00:13:10,-145.805853293962,-38.372763560627,0,24,24,24,10,-38.372763560627
01-Aug-2026 00:13:12,-145.799353696259,-38.3662639629234,0,24,24,24,10,-38.3662639629234
01-Aug-2026 00:13:14,-145.356027356521,-37.9229376231862,0,24,24,24,10,-37.9229376231862
01-Aug-2026 00:13:16,-140.637951493331,-33.2048617599955,0,24,24,24,11,-33.2048617599955
01-Aug-2026 00:13:18,-140.383948463089,-32.9508587297539,0,25,25,25,11,-32.9508587297539
01-Aug-2026 00:13:20,-140.060415002285,-32.62732526895,0,25,25,25,13,-32.62732526895
01-Aug-2026 00:13:22,-139.500131790716,-32.0670420573813,0,25,25,25,13,-32.0670420573813
01-Aug-2026 00:13:24,-140.075353317937,-32.6422635846016,0,25,25,25,13,-32.6422635846016
01-Aug-2026 00:13:26,-139.439976691581,-32.006886958246,0,25,25,25,13,-32.006886958246
01-Aug-2026 00:13:28,-139.296082612856,-31.8629928795208,0,25,25,25,14,-31.8629928795208
01-Aug-2026 00:13:30,-138.98806713763,-31.5549774042952,0,26,26,26,16,-31.5549774042952
01-Aug-2026 00:13:32,-139.138043807617,-31.7049540742823,0,26,26,26,15,-31.7049540742823
01-Aug-2026 00:13:34,-138.885534397156,-31.4524446638213,0,26,26,26,16,-31.4524446638213
01-Aug-2026 00:13:36,-139.100473885608,-31.667384152273,0,26,26,26,15,-31.667384152273
01-Aug-2026 00:13:38,-139.209822649731,-31.7767329163956,0,26,26,26,16,-31.7767329163956
01-Aug-2026 00:13:40,-139.399906077678,-31.9668163443428,0,26,26,26,17,-31.9668163443428
01-Aug-2026 00:13:42,-139.732344953948,-32.2992552206129,0,26,26,26,17,-32.2992552206129
01-Aug-2026 00:13:44,-140.117162016225,-32.68407228289,0,25,25,25,16,-32.68407228289
01-Aug-2026 00:13:46,-140.298619666763,-32.8655299334274,0,25,25,25,16,-32.8655299334274
01-Aug-2026 00:13:48,-140.205887888968,-32.7727981556324,0,25,25,25,15,-32.7727981556324
01-Aug-2026 00:13:50,-140.275737630524,-32.8426478971893,0,25,25,25,15,-32.8426478971893
01-Aug-2026 00:13:52,-140.417074320953,-32.9839845876178,0,26,26,26,17,-32.9839845876178
01-Aug-2026 00:13:54,-140.958291062879,-33.5252013295436,0,26,26,26,16,-33.5252013295436
01-Aug-2026 00:13:56,-140.75020333163,-33.3171135982948,0,26,26,26,15,-33.3171135982948
01-Aug-2026 00:13:58,-141.170028522922,-33.7369387895865,0,26,26,26,16,-33.7369387895865
01-Aug-2026 00:14:00,-141.708634095712,-34.2755443623764,0,26,26,26,16,-34.2755443623764
01-Aug-2026 00:14:02,-142.382275575701,-34.9491858423663,0,26,26,26,16,-34.9491858423663
01-Aug-2026 00:14:04,-141.943585490064,-34.5104957567284,0,26,26,26,16,-34.5104957567284
01-Aug-2026 00:14:06,-140.16016650529,-32.7270767719551,0,26,26,26,16,-32.7270767719551
01-Aug-2026 00:14:08,-137.493153606584,-30.0600638732491,0,26,26,26,15,-30.0600638732491
01-Aug-2026 00:14:10,-134.578595627425,-27.1455058940899,0,26,26,26,14,-27.1455058940899
01-Aug-2026 00:14:12,-131.758553983966,-24.325464250631,0,26,26,26,14,-24.325464250631
01-Aug-2026 00:14:14,-145.477164317459,-38.044074584124,0,25,25,25,13,-38.044074584124
01-Aug-2026 00:14:16,-147.198828956856,-39.7657392235208,0,25,25,25,13,-39.7657392235208
01-Aug-2026 00:14:18,-146.988626879834,-39.5555371464985,0,25,25,25,13,-39.5555371464985
01-Aug-2026 00:14:20,-146.600531358539,-39.167441625204,0,25,25,25,14,-39.167441625204
01-Aug-2026 00:14:22,-135.588448991945,-28.1553592586101,0,24,24,24,12,-28.1553592586101
01-Aug-2026 00:14:24,-138.538985209842,-31.1058954765068,0,25,25,25,14,-31.1058954765068
01-Aug-2026 00:14:26,-141.839560805958,-34.4064710726227,0,25,25,25,16,-34.4064710726227
01-Aug-2026 00:14:28,-144.450277049746,-37.0171873164111,0,26,26,26,17,-37.0171873164111
01-Aug-2026 00:14:30,-146.220437859796,-38.7873481264611,0,26,26,26,18,-38.7873481264611
01-Aug-2026 00:14:32,-147.076663036005,-39.6435733026703,0,26,26,26,16,-39.6435733026703
01-Aug-2026 00:14:34,-147.319244503457,-39.8861547701215,0,26,26,26,16,-39.8861547701215
01-Aug-2026 00:14:36,-147.508959933836,-40.0758702005011,0,26,26,26,14,-40.0758702005011
01-Aug-2026 00:14:38,-148.054542241719,-40.6214525083834,0,26,26,26,14,-40.6214525083834
01-Aug-2026 00:14:40,-148.167924096485,-40.7348343631494,0,26,26,26,14,-40.7348343631494
01-Aug-2026 00:14:42,-147.633840396542,-40.200750663207,0,26,26,26,16,-40.200750663207
01-Aug-2026 00:14:44,-147.556995109768,-40.1239053764332,0,26,26,26,17,-40.1239053764332
01-Aug-2026 00:14:46,-147.605308642455,-40.1722189091196,0,26,26,26,17,-40.1722189091196
01-Aug-2026 00:14:48,-147.180740408824,-39.7476506754887,0,25,25,25,16,-39.7476506754887
01-Aug-2026 00:14:50,-147.136575564351,-39.7034858310163,0,25,25,25,16,-39.7034858310163
01-Aug-2026 00:14:52,-147.578597393461,-40.1455076601257,0,25,25,25,17,-40.1455076601257
01-Aug-2026 00:14:54,-147.094680770663,-39.6615910373281,0,25,25,25,18,-39.6615910373281
01-Aug-2026 00:14:56,-147.091328729428,-39.6582389960924,0,25,25,25,17,-39.6582389960924
01-Aug-2026 00:14:58,-147.440948007296,-40.0078582739611,0,25,25,25,17,-40.0078582739611
01-Aug-2026 00:15:00,-147.501972645272,-40.0688829119366,0,24,24,24,16,-40.0688829119366
01-Aug-2026 00:15:02,-147.582589475252,-40.1494997419167,0,24,24,24,15,-40.1494997419167
01-Aug-2026 00:15:04,-148.63458037239,-41.2014906390553,0,24,24,24,14,-41.2014906390553
01-Aug-2026 00:15:06,-141.196222300798,-33.7631325674627,0,24,24,24,15,-33.7631325674627
01-Aug-2026 00:15:08,-138.616212725864,-31.183122992529,0,24,24,24,14,-31.183122992529
01-Aug-2026 00:15:10,-138.224004553958,-30.7909148206226,0,24,24,24,14,-30.7909148206226
01-Aug-2026 00:15:12,-137.983434834671,-30.5503451013356,0,24,24,24,14,-30.5503451013356
01-Aug-2026 00:15:14,-138.017642833923,-30.5845531005876,0,23,23,23,14,-30.5845531005876
01-Aug-2026 00:15:16,-137.628117223478,-30.1950274901427,0,23,23,23,14,-30.1950274901427
01-Aug-2026 00:15:18,-140.396296344678,-32.9632066113425,0,23,23,23,14,-32.9632066113425
01-Aug-2026 00:15:20,-140.094763115852,-32.6616733825166,0,23,23,23,13,-32.6616733825166
01-Aug-2026 00:15:22,-147.136925604236,-39.7038358709008,0,23,23,23,14,-39.7038358709008
01-Aug-2026 00:15:24,-146.230266018175,-38.7971762848396,0,23,23,23,14,-38.7971762848396
01-Aug-2026 00:15:26,-145.546210686998,-38.113120953663,0,23,23,23,14,-38.113120953663
01-Aug-2026 00:15:28,-145.235860756504,-37.8027710231689,0,23,23,23,16,-37.8027710231689
01-Aug-2026 00:15:30,-141.616260240071,-34.1831705067358,0,23,23,23,17,-34.1831705067358
01-Aug-2026 00:15:32,-141.888779826351,-34.4556900930162,0,23,23,23,17,-34.4556900930162
01-Aug-2026 00:15:34,-142.404554168256,-34.9714644349204,0,23,23,23,17,-34.9714644349204
01-Aug-2026 00:15:36,-145.713070476976,-38.2799807436412,0,23,23,23,15,-38.2799807436412
01-Aug-2026 00:15:38,-145.600876101335,-38.1677863679994,0,24,24,24,16,-38.1677863679994
01-Aug-2026 00:15:40,-145.508048938153,-38.0749592048176,0,24,24,24,15,-38.0749592048176
01-Aug-2026 00:15:42,-136.959521500289,-29.5264317669534,0,25,25,25,16,-29.5264317669534
01-Aug-2026 00:15:44,-136.454671389389,-29.0215816560541,0,25,25,25,16,-29.0215816560541
01-Aug-2026 00:15:46,-135.946668888746,-28.513579155411,0,25,25,25,16,-28.513579155411
01-Aug-2026 00:15:48,-135.718946433776,-28.2858567004412,0,24,24,24,12,-28.2858567004412
01-Aug-2026 00:15:50,-137.133097756633,-29.7000080232976,0,24,24,24,13,-29.7000080232976
01-Aug-2026 00:15:52,-137.695633929436,-30.262544196101,0,24,24,24,13,-30.262544196101
01-Aug-2026 00:15:54,-137.940574414285,-30.5074846809496,0,24,24,24,13,-30.5074846809496
01-Aug-2026 00:15:56,-138.686247962198,-31.2531582288632,0,24,24,24,15,-31.2531582288632
01-Aug-2026 00:15:58,-138.783966779304,-31.3508770459686,0,24,24,24,14,-31.3508770459686
01-Aug-2026 00:16:00,-139.016682582097,-31.583592848762,0,24,24,24,14,-31.583592848762
01-Aug-2026 00:16:02,-139.351816510685,-31.9187267773497,0,24,24,24,14,-12.7170055950331
01-Aug-2026 00:16:04,-139.54032771141,-32.1072379780748,0,23,23,23,14,-9.34804227467235
01-Aug-2026 00:16:06,-135.835312872746,-28.4022231394107,0,23,23,23,15,-28.4022231394107
01-Aug-2026 00:16:08,-132.000604193659,-24.5675144603234,0,23,23,23,14,-24.5675144603234
01-Aug-2026 00:16:10,-144.614466064306,-37.1813763309711,0,22,22,22,13,-37.1813763309711
01-Aug-2026 00:16:12,-142.955794746089,-35.5227050127535,0,22,22,22,14,-35.5227050127535
01-Aug-2026 00:16:14,-141.956841665233,-34.5237519318979,0,22,22,22,14,-34.5237519318979
01-Aug-2026 00:16:16,-138.451317728761,-31.0182279954258,0,23,23,23,14,-31.0182279954258
01-Aug-2026 00:16:18,-149.675205482699,-42.2421157493638,0,23,23,23,14,-26.4951032543964
01-Aug-2026 00:16:20,-149.488945052016,-42.0558553186809,0,23,23,23,13,-42.0558553186809
01-Aug-2026 00:16:22,-149.70267535483,-42.2695856214946,0,23,23,23,13,-42.2695856214946
01-Aug-2026 00:16:24,-149.748927203722,-42.3158374703871,0,23,23,23,13,-42.3158374703871
01-Aug-2026 00:16:26,-149.492228814384,-42.0591390810488,0,23,23,23,14,-42.0591390810488
01-Aug-2026 00:16:28,-152.327091086237,-44.8940013529018,0,23,23,23,14,-44.8940013529018
01-Aug-2026 00:16:30,-152.158655899895,-44.7255661665598,0,23,23,23,15,-44.7255661665598
01-Aug-2026 00:16:32,-148.655043613089,-41.2219538797542,0,23,23,23,13,-41.2219538797542
01-Aug-2026 00:16:34,-148.395954860222,-40.9628651268865,0,23,23,23,12,-40.9628651268865
01-Aug-2026 00:16:36,-147.882730100322,-40.4496403669865,0,23,23,23,13,-40.4496403669865
01-Aug-2026 00:16:38,-146.557006743765,-39.1239170104302,0,23,23,23,15,-39.1239170104302
01-Aug-2026 00:16:40,-146.211570934411,-38.7784812010759,0,23,23,23,15,-38.7784812010759
01-Aug-2026 00:16:42,-145.932955057224,-38.4998653238892,0,23,23,23,16,-38.4998653238892
01-Aug-2026 00:16:44,-145.719342540619,-38.2862528072834,0,23,23,23,18,-38.2862528072834
01-Aug-2026 00:16:46,-145.428054538657,-37.9949648053218,0,23,23,23,18,-37.9949648053218
01-Aug-2026 00:16:48,-145.087682139577,-37.6545924062422,0,24,24,24,17,-37.6545924062422
01-Aug-2026 00:16:50,-144.287801879583,-36.8547121462481,0,24,24,24,17,-36.8547121462481
01-Aug-2026 00:16:52,-143.999579434659,-36.5664897013234,0,25,25,25,16,-36.5664897013234
01-Aug-2026 00:16:54,-134.644996628974,-27.211906895639,0,24,24,24,16,-27.211906895639
01-Aug-2026 00:16:56,-132.075508627192,-24.6424188938566,0,24,24,24,15,-24.6424188938566
01-Aug-2026 00:16:58,-132.800912498867,-25.3678227655314,0,24,24,24,15,-25.3678227655314
01-Aug-2026 00:17:00,-133.673264170137,-26.2401744368022,0,24,24,24,15,-26.2401744368022
01-Aug-2026 00:17:02,-134.349310750547,-26.9162210172119,0,24,24,24,15,-26.9162210172119
01-Aug-2026 00:17:04,-134.580883837752,-27.1477941044166,0,24,24,24,14,-27.1477941044166
01-Aug-2026 00:17:06,-134.601094093995,-27.1680043606596,0,25,25,25,15,-27.1680043606596
01-Aug-2026 00:17:08,-134.473324742312,-27.0402350089769,0,25,25,25,14,-27.0402350089769
01-Aug-2026 00:17:10,-134.29781839429,-26.8647286609543,0,26,26,26,14,-26.8647286609543
01-Aug-2026 00:17:12,-134.07948775663,-26.6463980232949,0,26,26,26,13,-26.6463980232949
01-Aug-2026 00:17:14,-134.126571656551,-26.693481923216,0,26,26,26,13,-26.693481923216
01-Aug-2026 00:17:16,-134.580789310376,-27.147699577041,0,26,26,26,16,-27.147699577041
01-Aug-2026 00:17:18,-135.179262243977,-27.7461725106422,0,26,26,26,17,-27.7461725106422
01-Aug-2026 00:17:20,-135.708789823713,-28.2757000903777,0,26,26,26,15,-28.2757000903777
01-Aug-2026 00:17:22,-135.916112755155,-28.4830230218196,0,26,26,26,16,-28.4830230218196
01-Aug-2026 00:17:24,-135.188999310667,-27.7559095773319,0,26,26,26,18,-27.7559095773319
01-Aug-2026 00:17:26,-149.895510608636,-42.462420875301,0,26,26,26,16,-42.462420875301
01-Aug-2026 00:17:28,-149.863989595478,-42.4308998621432,0,26,26,26,16,-42.4308998621432
01-Aug-2026 00:17:30,-157.529091218391,-50.0960014850555,0,26,26,26,15,-50.0960014850555
01-Aug-2026 00:17:32,-158.59984226992,-51.1667525365846,0,26,26,26,13,-51.1667525365846
01-Aug-2026 00:17:34,-158.694141867032,-51.2610521336968,0,26,26,26,11,-51.2610521336968
01-Aug-2026 00:17:36,-161.819449938243,-54.386360204908,0,25,25,25,10,-54.386360204908
01-Aug-2026 00:17:38,-133.804628823183,-26.3715390898479,0,25,25,25,10,-26.3715390898479
01-Aug-2026 00:17:40,-135.004447040883,-27.5713573075476,0,26,26,26,10,-27.5713573075476
01-Aug-2026 00:17:42,-135.297175011142,-27.8640852778069,0,26,26,26,10,-27.8640852778069
01-Aug-2026 00:17:44,-136.048630378591,-28.6155406452562,0,26,26,26,11,-28.6155406452562
01-Aug-2026 00:17:46,-137.136386139398,-29.7032964060626,0,26,26,26,10,-29.7032964060626
01-Aug-2026 00:17:48,-138.20252709516,-30.7694373618251,0,26,26,26,11,-30.7694373618251
01-Aug-2026 00:17:50,-139.373959123301,-31.9408693899656,0,26,26,26,11,-31.9408693899656
01-Aug-2026 00:17:52,-140.353236187001,-32.9201464536657,0,26,26,26,11,-32.9201464536657
01-Aug-2026 00:17:54,-139.928515236934,-32.4954255035992,0,26,26,26,12,-32.4954255035992
01-Aug-2026 00:17:56,-139.931799138873,-32.4987094055375,0,26,26,26,13,-32.4987094055375
01-Aug-2026 00:17:58,-140.406890974993,-32.9738012416579,0,26,26,26,12,-32.9738012416579
01-Aug-2026 00:18:00,-141.686425642331,-34.2533359089957,0,26,26,26,11,-34.2533359089957
01-Aug-2026 00:18:02,-142.342549361152,-34.9094596278166,0,26,26,26,13,-34.9094596278166
01-Aug-2026 00:18:04,-143.41913657272,-35.9860468393851,0,25,25,25,13,-35.9860468393851
01-Aug-2026 00:18:06,-143.848644751519,-36.4155550181839,0,25,25,25,14,-36.4155550181839
01-Aug-2026 00:18:08,-143.716939308817,-36.2838495754818,0,25,25,25,14,-36.2838495754818
01-Aug-2026 00:18:10,-144.010565504989,-36.577475771654,0,25,25,25,17,-36.577475771654
01-Aug-2026 00:18:12,-144.341225592456,-36.9081358591212,0,25,25,25,16,-36.9081358591212
01-Aug-2026 00:18:14,-144.671620875868,-37.2385311425327,0,25,25,25,16,-37.2385311425327
01-Aug-2026 00:18:16,-145.287000135014,-37.8539104016792,0,26,26,26,15,-37.8539104016792
01-Aug-2026 00:18:18,-151.200458631248,-43.7673688979131,0,26,26,26,12,-43.7673688979131
01-Aug-2026 00:18:20,-150.805416193453,-43.3723264601178,0,27,27,27,13,-43.3723264601178
01-Aug-2026 00:18:22,-150.538976315823,-43.1058865824883,0,27,27,27,13,-43.1058865824883
01-Aug-2026 00:18:24,-150.202308106896,-42.7692183735608,0,27,27,27,14,-42.7692183735608
01-Aug-2026 00:18:26,-155.324735849792,-47.8916461164573,0,27,27,27,15,-47.8916461164573
01-Aug-2026 00:18:28,-155.051655437377,-47.6185657040421,0,27,27,27,15,-47.6185657040421
01-Aug-2026 00:18:30,-154.417603024736,-46.9845132914008,0,27,27,27,16,-46.9845132914008
01-Aug-2026 00:18:32,-154.644522248387,-47.2114325150518,0,27,27,27,16,-47.2114325150518
01-Aug-2026 00:18:34,-154.380444595359,-46.9473548620237,0,27,27,27,14,-46.9473548620237
01-Aug-2026 00:18:36,-154.627030594211,-47.193940860876,0,27,27,27,13,-47.193940860876
01-Aug-2026 00:18:38,-154.598974999523,-47.1658852661875,0,26,26,26,13,-47.1658852661875
01-Aug-2026 00:18:40,-141.66994719707,-34.2368574637353,0,24,24,24,14,-34.2368574637353
01-Aug-2026 00:18:42,-141.183986262394,-33.7508965290589,0,24,24,24,14,-33.7508965290589
01-Aug-2026 00:18:44,-139.905831402103,-32.4727416687682,0,24,24,24,14,-32.4727416687682
01-Aug-2026 00:18:46,-138.671991315787,-31.2389015824517,0,24,24,24,12,-31.2389015824517
01-Aug-2026 00:18:48,-137.497796288934,-30.0647065555989,0,24,24,24,12,-30.0647065555989
01-Aug-2026 00:18:50,-137.271174696983,-29.8380849636477,0,23,23,23,12,-29.8380849636477
01-Aug-2026 00:18:52,-137.271835496931,-29.838745763596,0,23,23,23,14,-29.838745763596
01-Aug-2026 00:18:54,-136.814280091106,-29.3811903577708,0,24,24,24,14,-29.3811903577708
01-Aug-2026 00:18:56,-137.496091498211,-30.0630017648758,0,24,24,24,14,-30.0630017648758
01-Aug-2026 00:18:58,-135.947212961341,-28.5141232280062,0,24,24,24,16,-28.5141232280062
01-Aug-2026 00:19:00,-136.083645555507,-28.6505558221719,0,24,24,24,16,-28.6505558221719
01-Aug-2026 00:19:02,-136.273986790764,-28.8408970574293,0,23,23,23,17,-28.8408970574293
01-Aug-2026 00:19:04,-141.027712736016,-33.5946230026806,0,24,24,24,17,-33.5946230026806
01-Aug-2026 00:19:06,-140.836247502817,-33.4031577694818,0,24,24,24,15,-33.4031577694818
01-Aug-2026 00:19:08,-134.469841077903,-27.0367513445679,0,24,24,24,15,-27.0367513445679
01-Aug-2026 00:19:10,-134.295307309718,-26.8622175763832,0,24,24,24,15,-26.8622175763832
01-Aug-2026 00:19:12,-134.525167782189,-27.0920780488541,0,24,24,24,15,-27.0920780488541
01-Aug-2026 00:19:14,-138.211232493297,-30.7781427599615,0,24,24,24,14,-30.7781427599615
01-Aug-2026 00:19:16,-138.458914716476,-31.0258249831404,0,24,24,24,14,-31.0258249831404
01-Aug-2026 00:19:18,-142.587215221644,-35.1541254883089,0,24,24,24,14,-35.1541254883089
01-Aug-2026 00:19:20,-143.069392909251,-35.6363031759161,0,24,24,24,15,-35.6363031759161
01-Aug-2026 00:19:22,-145.743855979548,-38.3107662462124,0,24,24,24,12,-38.3107662462124
01-Aug-2026 00:19:24,-144.910929700127,-37.4778399667915,0,24,24,24,13,-37.4778399667915
01-Aug-2026 00:19:26,-144.704589211464,-37.2714994781287,0,24,24,24,12,-37.2714994781287
01-Aug-2026 00:19:28,-143.287556176755,-35.8544664434195,0,24,24,24,13,-35.8544664434195
01-Aug-2026 00:19:30,-143.407460908344,-35.9743711750085,0,24,24,24,12,-35.9743711750085
01-Aug-2026 00:19:32,-143.970594038783,-36.5375043054479,0,24,24,24,11,-36.5375043054479
01-Aug-2026 00:19:34,-141.369838621011,-33.9367488876758,0,23,23,23,12,-33.9367488876758
01-Aug-2026 00:19:36,-141.575421928111,-34.1423321947761,0,23,23,23,12,-34.1423321947761
01-Aug-2026 00:19:38,-143.019007790608,-35.5859180572731,0,24,24,24,13,-35.5859180572731
01-Aug-2026 00:19:40,-145.787082404604,-38.3539926712687,0,24,24,24,13,-38.3539926712687
01-Aug-2026 00:19:42,-146.306019700866,-38.872929967531,0,24,24,24,14,-38.872929967531
01-Aug-2026 00:19:44,-146.876822726851,-39.4437329935155,0,24,24,24,14,-39.4437329935155
01-Aug-2026 00:19:46,-146.545143308182,-39.1120535748469,0,24,24,24,14,-39.1120535748469
01-Aug-2026 00:19:48,-159.292892939801,-51.8598032064655,0,24,24,24,13,-51.8598032064655
01-Aug-2026 00:19:50,-153.786194677677,-46.3531049443415,0,24,24,24,15,-46.3531049443415
01-Aug-2026 00:19:52,-153.974261035646,-46.5411713023109,0,23,23,23,13,-46.5411713023109
01-Aug-2026 00:19:54,-160.136315090163,-52.703225356828,0,23,23,23,12,-52.703225356828
01-Aug-2026 00:19:56,-160.18596854592,-52.7528788125846,0,23,23,23,12,-52.7528788125846
01-Aug-2026 00:19:58,-160.11809978914,-52.6850100558047,0,22,22,22,12,-52.6850100558047
01-Aug-2026 00:20:00,-160.193856916696,-52.7607671833613,0,22,22,22,12,-52.7607671833613
01-Aug-2026 00:20:02,-160.406129637143,-52.9730399038073,0,22,22,22,11,-52.9730399038073
01-Aug-2026 00:20:04,-160.42571317547,-52.9926234421352,0,22,22,22,12,-52.9926234421352
01-Aug-2026 00:20:06,-156.953973238166,-49.5208835048308,0,23,23,23,12,-49.5208835048308
01-Aug-2026 00:20:08,-156.48939308807,-49.0563033547352,0,23,23,23,13,-49.0563033547352
01-Aug-2026 00:20:10,-156.681566897131,-49.2484771637955,0,23,23,23,12,-49.2484771637955
01-Aug-2026 00:20:12,-153.53705637134,-46.1039666380048,0,23,23,23,13,-46.1039666380048
01-Aug-2026 00:20:14,-155.602452027262,-48.1693622939264,0,23,23,23,12,-48.1693622939264
01-Aug-2026 00:20:16,-156.416615684584,-48.9835259512485,0,23,23,23,11,-48.9835259512485
01-Aug-2026 00:20:18,-157.215035968082,-49.7819462347471,0,23,23,23,11,-49.7819462347471
01-Aug-2026 00:20:20,-157.064213161005,-49.63112342767,0,23,23,23,11,-49.63112342767
01-Aug-2026 00:20:22,-158.42087063658,-50.9877809032449,0,23,23,23,9,-50.9877809032449
01-Aug-2026 00:20:24,-161.17048648296,-53.7373967496252,0,23,23,23,8,-53.7373967496252
01-Aug-2026 00:20:26,-161.23462725128,-53.8015375179447,0,23,23,23,7,-53.8015375179447
01-Aug-2026 00:20:28,-161.47773309739,-54.0446433640549,0,23,23,23,6,-54.0446433640549
01-Aug-2026 00:20:30,-161.40397070256,-53.9708809692244,0,23,23,23,6,-53.9708809692244
01-Aug-2026 00:20:32,-160.785338895541,-53.3522491622059,0,23,23,23,8,-53.3522491622059
01-Aug-2026 00:20:34,-161.267702950571,-53.8346132172355,0,23,23,23,6,-53.8346132172355
01-Aug-2026 00:20:36,-153.64568302596,-46.2125932926247,0,24,24,24,6,-46.2125932926247
01-Aug-2026 00:20:38,-153.48270258584,-46.0496128525049,0,24,24,24,7,-46.0496128525049
01-Aug-2026 00:20:40,-153.510669076449,-46.0775793431134,0,24,24,24,7,-46.0775793431134
01-Aug-2026 00:20:42,-152.712011777161,-45.2789220438262,0,25,25,25,7,-45.2789220438262
01-Aug-2026 00:20:44,-153.187534933945,-45.75444520061,0,24,24,24,6,-45.75444520061
01-Aug-2026 00:20:46,-151.758904878267,-44.3258151449317,0,24,24,24,6,-44.3258151449317
01-Aug-2026 00:20:48,-151.845880181756,-44.4127904484209,0,24,24,24,7,-44.4127904484209
01-Aug-2026 00:20:50,-164.965572425545,-57.5324826922103,0,24,24,24,8,-57.5324826922103
01-Aug-2026 00:20:52,-153.431711576839,-45.9986218435036,0,25,25,25,12,-45.9986218435036
01-Aug-2026 00:20:54,-153.13647323323,-45.7033834998946,0,26,26,26,13,-45.7033834998946
01-Aug-2026 00:20:56,-152.922473227751,-45.4893834944163,0,26,26,26,14,-45.4893834944163
01-Aug-2026 00:20:58,-158.203116195742,-50.770026462407,0,26,26,26,17,-50.770026462407
01-Aug-2026 00:21:00,-158.279774433445,-50.8466847001102,0,26,26,26,16,-50.8466847001102
01-Aug-2026 00:21:02,-160.229968828871,-52.796879095536,0,26,26,26,15,-52.796879095536
01-Aug-2026 00:21:04,-157.406617937442,-49.9735282041067,0,26,26,26,16,-49.9735282041067
01-Aug-2026 00:21:06,-157.51380516457,-50.0807154312351,0,26,26,26,15,-50.0807154312351
01-Aug-2026 00:21:08,-153.305645255356,-45.8725555220205,0,26,26,26,16,-45.8725555220205
01-Aug-2026 00:21:10,-152.440902689226,-45.0078129558907,0,26,26,26,15,-45.0078129558907
01-Aug-2026 00:21:12,-152.445796627822,-45.0127068944866,0,26,26,26,16,-45.0127068944866
01-Aug-2026 00:21:14,-152.715229352089,-45.2821396187539,0,26,26,26,15,-45.2821396187539
01-Aug-2026 00:21:16,-152.92524155746,-45.4921518241246,0,26,26,26,17,-45.4921518241246
01-Aug-2026 00:21:18,-152.843006572865,-45.4099168395294,0,26,26,26,17,-45.4099168395294
01-Aug-2026 00:21:20,-152.815380341698,-45.382290608363,0,26,26,26,17,-45.382290608363
01-Aug-2026 00:21:22,-154.520263351146,-47.0871736178107,0,26,26,26,16,-47.0871736178107
01-Aug-2026 00:21:24,-154.374822771813,-46.9417330384773,0,26,26,26,16,-46.9417330384773
01-Aug-2026 00:21:26,-154.331339702806,-46.8982499694711,0,26,26,26,15,-46.8982499694711
01-Aug-2026 00:21:28,-138.151120894791,-30.7180311614561,0,26,26,26,17,-30.7180311614561
01-Aug-2026 00:21:30,-138.781354625435,-31.3482648920997,0,26,26,26,16,-31.3482648920997
01-Aug-2026 00:21:32,-139.010010598698,-31.5769208653625,0,26,26,26,16,-31.5769208653625
01-Aug-2026 00:21:34,-139.676063013414,-32.2429732800785,0,26,26,26,13,-32.2429732800785
01-Aug-2026 00:21:36,-139.704637802444,-32.2715480691088,0,26,26,26,14,-32.2715480691088
01-Aug-2026 00:21:38,-140.42262930402,-32.9895395706844,0,26,26,26,13,-32.9895395706844
01-Aug-2026 00:21:40,-141.380566281755,-33.9474765484202,0,26,26,26,13,-33.9474765484202
01-Aug-2026 00:21:42,-142.245261716998,-34.812171983663,0,26,26,26,11,-34.812171983663
01-Aug-2026 00:21:44,-142.879834540818,-35.4467448074832,0,26,26,26,11,-35.4467448074832
01-Aug-2026 00:21:46,-143.464068482733,-36.0309787493974,0,26,26,26,9,-36.0309787493974
01-Aug-2026 00:21:48,-148.920789639185,-41.4876999058501,0,26,26,26,8,-41.4876999058501
01-Aug-2026 00:21:50,-149.118991663294,-41.6859019299591,0,26,26,26,8,-41.6859019299591
01-Aug-2026 00:21:52,-149.265148276395,-41.8320585430601,0,26,26,26,8,-41.8320585430601
01-Aug-2026 00:21:54,-149.407873161849,-41.9747834285138,0,26,26,26,8,-41.9747834285138
01-Aug-2026 00:21:56,-148.828837066426,-41.395747333091,0,25,25,25,6,-41.395747333091
01-Aug-2026 00:21:58,-149.526875937885,-42.0937862045496,0,25,25,25,7,-42.0937862045496
01-Aug-2026 00:22:00,-149.403976969026,-41.9708872356912,0,25,25,25,6,-41.9708872356912
01-Aug-2026 00:22:02,-150.223969096956,-42.7908793636208,0,25,25,25,6,-42.7908793636208
01-Aug-2026 00:22:04,-148.64735166543,-41.214261932095,0,25,25,25,7,-41.214261932095
01-Aug-2026 00:22:06,-148.71377029831,-41.2806805649745,0,25,25,25,7,-41.2806805649745
01-Aug-2026 00:22:08,-148.644789398269,-41.2116996649334,0,26,26,26,9,-41.2116996649334
01-Aug-2026 00:22:10,-148.774479889213,-41.3413901558783,0,27,27,27,9,-41.3413901558783
01-Aug-2026 00:22:12,-149.440335210137,-42.0072454768016,0,27,27,27,10,-42.0072454768016
01-Aug-2026 00:22:14,-149.951576908726,-42.5184871753905,0,27,27,27,9,-42.5184871753905
01-Aug-2026 00:22:16,-150.29575269921,-42.8626629658745,0,27,27,27,8,-42.8626629658745
01-Aug-2026 00:22:18,-153.304235880133,-45.8711461467983,0,26,26,26,8,-45.8711461467983
01-Aug-2026 00:22:20,-152.690646030754,-45.2575562974192,0,26,26,26,8,-45.2575562974192
01-Aug-2026 00:22:22,-152.126507088987,-44.6934173556514,0,26,26,26,7,-44.6934173556514
01-Aug-2026 00:22:24,-146.022369016117,-38.5892792827817,0,26,26,26,9,-38.5892792827817
01-Aug-2026 00:22:26,-139.722913779622,-32.2898240462869,0,26,26,26,9,-32.2898240462869
01-Aug-2026 00:22:28,-140.06891638399,-32.6358266506551,0,26,26,26,8,-32.6358266506551
01-Aug-2026 00:22:30,-139.83417832972,-32.4010885963846,0,25,25,25,9,-32.4010885963846
01-Aug-2026 00:22:32,-138.705056532027,-31.2719667986923,0,25,25,25,11,-31.2719667986923
01-Aug-2026 00:22:34,-138.946392636868,-31.5133029035328,0,25,25,25,10,-31.5133029035328
01-Aug-2026 00:22:36,-138.782556036709,-31.3494663033743,0,26,26,26,10,-31.3494663033743
01-Aug-2026 00:22:38,-138.540467323147,-31.1073775898123,0,26,26,26,11,-31.1073775898123
01-Aug-2026 00:22:40,-138.695443437897,-31.2623537045623,0,26,26,26,10,-31.2623537045623
01-Aug-2026 00:22:42,-137.931731112578,-30.4986413792431,0,25,25,25,12,-30.4986413792431
01-Aug-2026 00:22:44,-137.661536656415,-30.2284469230801,0,26,26,26,14,-30.2284469230801
01-Aug-2026 00:22:46,-138.183532163489,-30.750442430154,0,25,25,25,13,-30.750442430154
01-Aug-2026 00:22:48,-138.013440540202,-30.5803508068669,0,25,25,25,11,-30.5803508068669
01-Aug-2026 00:22:50,-137.84893676231,-30.4158470289748,0,24,24,24,10,-30.4158470289748
01-Aug-2026 00:22:52,-137.963218792187,-30.5301290588519,0,24,24,24,9,-30.5301290588519
01-Aug-2026 00:22:54,-146.349683079958,-38.916593346623,0,24,24,24,8,-38.916593346623
01-Aug-2026 00:22:56,-145.144651953258,-37.7115622199231,0,24,24,24,10,-37.7115622199231
01-Aug-2026 00:22:58,-144.840305533209,-37.4072157998736,0,24,24,24,10,-37.4072157998736
01-Aug-2026 00:23:00,-139.190218897373,-31.7571291640381,0,24,24,24,10,-31.7571291640381
01-Aug-2026 00:23:02,-138.644722577482,-31.2116328441465,0,24,24,24,10,-31.2116328441465
01-Aug-2026 00:23:04,-138.907028013281,-31.4739382799459,0,24,24,24,10,-31.4739382799459
01-Aug-2026 00:23:06,-138.341358885198,-30.9082691518633,0,24,24,24,9,-30.9082691518633
01-Aug-2026 00:23:08,-138.039776143833,-30.6066864104977,0,24,24,24,8,-30.6066864104977
01-Aug-2026 00:23:10,-137.311934267761,-29.8788445344255,0,24,24,24,10,-29.8788445344255
01-Aug-2026 00:23:12,-153.974877559548,-46.5417878262125,0,24,24,24,11,-46.5417878262125
01-Aug-2026 00:23:14,-154.020700627631,-46.5876108942961,0,24,24,24,11,-46.5876108942961
01-Aug-2026 00:23:16,-153.975497743292,-46.5424080099573,0,24,24,24,11,-46.5424080099573
01-Aug-2026 00:23:18,-153.974580989676,-46.5414912563408,0,24,24,24,9,-46.5414912563408
01-Aug-2026 00:23:20,-148.606595225385,-41.1735054920501,0,24,24,24,11,-41.1735054920501
01-Aug-2026 00:23:22,-133.983637688342,-26.5505479550066,0,23,23,23,11,-26.5505479550066
01-Aug-2026 00:23:24,-133.175588523648,-25.7424987903132,0,23,23,23,11,-25.7424987903132
01-Aug-2026 00:23:26,-133.166353704829,-25.7332639714934,0,23,23,23,9,-25.7332639714934
01-Aug-2026 00:23:28,-132.936832255349,-25.503742522014,0,23,23,23,9,-25.503742522014
01-Aug-2026 00:23:30,-132.827641307719,-25.3945515743842,0,23,23,23,9,-25.3945515743842
01-Aug-2026 00:23:32,-154.77155662375,-47.3384668904144,0,23,23,23,8,-47.3384668904144
01-Aug-2026 00:23:34,-155.02928289749,-47.5961931641547,0,24,24,24,10,-47.5961931641547
01-Aug-2026 00:23:36,-150.130132884815,-42.6970431514797,0,24,24,24,12,-42.6970431514797
01-Aug-2026 00:23:38,-148.382933325113,-40.9498435917777,0,24,24,24,13,-40.9498435917777
01-Aug-2026 00:23:40,-148.294322041608,-40.8612323082732,0,23,23,23,13,-40.8612323082732
01-Aug-2026 00:23:42,-152.194331417338,-44.7612416840024,0,23,23,23,12,-44.7612416840024
01-Aug-2026 00:23:44,-151.804053854863,-44.3709641215278,0,23,23,23,12,-40.1987421069464
01-Aug-2026 00:23:46,-145.107161692397,-37.6740719590622,0,23,23,23,12,-37.6740719590622
01-Aug-2026 00:23:48,-142.695841687199,-35.2627519538639,0,22,22,22,13,-35.2627519538639
01-Aug-2026 00:23:50,-139.140054908396,-31.7069651750604,0,22,22,22,12,-31.7069651750604
01-Aug-2026 00:23:52,-136.562812345312,-29.1297226119772,0,22,22,22,12,-29.1297226119772
01-Aug-2026 00:23:54,-135.385779228688,-27.9526894953528,0,22,22,22,12,-27.9526894953528
01-Aug-2026 00:23:56,-156.178830546101,-48.7457408127661,0,22,22,22,11,-48.7457408127661
01-Aug-2026 00:23:58,-156.274480448749,-48.841390715414,0,23,23,23,12,-48.841390715414
01-Aug-2026 00:24:00,-137.032827392586,-29.5997376592508,0,23,23,23,13,-29.5997376592508
01-Aug-2026 00:24:02,-139.397474431981,-31.9643846986461,0,23,23,23,14,-31.9643846986461
01-Aug-2026 00:24:04,-142.454838858974,-35.0217491256387,0,23,23,23,15,-35.0217491256387
01-Aug-2026 00:24:06,-144.996008971365,-37.56291923803,0,23,23,23,15,-37.56291923803
01-Aug-2026 00:24:08,-147.40898608175,-39.9758963484148,0,23,23,23,15,-39.9758963484148
01-Aug-2026 00:24:10,-144.308179371295,-36.8750896379601,0,23,23,23,14,-36.8750896379601
01-Aug-2026 00:24:12,-145.60290075839,-38.1698110250544,0,23,23,23,13,-38.1698110250544
01-Aug-2026 00:24:14,-144.41866671302,-36.9855769796848,0,23,23,23,13,-36.9855769796848
01-Aug-2026 00:24:16,-143.820545540389,-36.3874558070534,0,23,23,23,13,-36.3874558070534
01-Aug-2026 00:24:18,-142.784438338415,-35.3513486050797,0,23,23,23,12,-35.3513486050797
01-Aug-2026 00:24:20,-143.193865061256,-35.760775327921,0,23,23,23,11,-35.760775327921
01-Aug-2026 00:24:22,-142.409005698433,-34.9759159650982,0,23,23,23,10,-34.9759159650982
01-Aug-2026 00:24:24,-141.24139158386,-33.8083018505245,0,24,24,24,9,-33.8083018505245
01-Aug-2026 00:24:26,-139.848949830823,-32.4158600974883,0,24,24,24,10,-32.4158600974883
01-Aug-2026 00:24:28,-139.086994271947,-31.6539045386122,0,24,24,24,10,-31.6539045386122
01-Aug-2026 00:24:30,-135.910630003366,-28.477540270031,0,25,25,25,10,-28.477540270031
01-Aug-2026 00:24:32,-135.153292346507,-27.7202026131716,0,25,25,25,11,-27.7202026131716
01-Aug-2026 00:24:34,-134.549672091265,-27.1165823579295,0,25,25,25,11,-27.1165823579295
01-Aug-2026 00:24:36,-133.85348277612,-26.4203930427845,0,25,25,25,11,-26.4203930427845
01-Aug-2026 00:24:38,-133.467557021054,-26.034467287719,0,25,25,25,12,-26.034467287719
01-Aug-2026 00:24:40,-133.441917512913,-26.008827779578,0,25,25,25,11,-26.008827779578
01-Aug-2026 00:24:42,-134.566226726004,-27.1331369926685,0,26,26,26,13,-27.1331369926685
01-Aug-2026 00:24:44,-134.438941382746,-27.0058516494106,0,26,26,26,12,-27.0058516494106
01-Aug-2026 00:24:46,-133.472316609491,-26.0392268761559,0,26,26,26,10,-26.0392268761559
01-Aug-2026 00:24:48,-133.364231739475,-25.9311420061399,0,26,26,26,10,-25.9311420061399
01-Aug-2026 00:24:50,-132.992127384926,-25.5590376515911,0,26,26,26,9,-25.5590376515911
01-Aug-2026 00:24:52,-132.329574660303,-24.8964849269677,0,26,26,26,11,-24.8964849269677
01-Aug-2026 00:24:54,-132.610558150035,-25.1774684166994,0,26,26,26,10,-25.1774684166994
01-Aug-2026 00:24:56,-131.955901357156,-24.5228116238205,0,26,26,26,8,-24.5228116238205
01-Aug-2026 00:24:58,-131.243568427315,-23.8104786939799,0,26,26,26,9,-23.8104786939798
01-Aug-2026 00:25:00,-130.759495799382,-23.3264060660463,0,26,26,26,10,-23.3264060660463
01-Aug-2026 00:25:02,-129.44703774113,-22.0139480077951,0,26,26,26,10,-22.0139480077951
01-Aug-2026 00:25:04,-129.360150173513,-21.9270604401774,0,26,26,26,13,-21.9270604401775
01-Aug-2026 00:25:06,-129.562581764662,-22.1294920313268,0,26,26,26,14,-22.1294920313268
01-Aug-2026 00:25:08,-129.653659454414,-22.2205697210788,0,26,26,26,13,-22.2205697210788
01-Aug-2026 00:25:10,-129.560437280121,-22.127347546786,0,26,26,26,13,-22.127347546786
01-Aug-2026 00:25:12,-129.710252281302,-22.2771625479669,0,26,26,26,13,-22.2771625479669
01-Aug-2026 00:25:14,-129.725349948595,-22.2922602152598,0,26,26,26,12,-22.2922602152598
01-Aug-2026 00:25:16,-129.929154388614,-22.4960646552789,0,27,27,27,13,-22.4960646552789
01-Aug-2026 00:25:18,-130.113010427392,-22.6799206940568,0,27,27,27,13,-22.6799206940568
01-Aug-2026 00:25:20,-130.10810633288,-22.6750165995446,0,26,26,26,13,-22.6750165995446
01-Aug-2026 00:25:22,-167.664926099969,-60.2318363666334,0,26,26,26,11,-60.2318363666334
01-Aug-2026 00:25:24,-167.585239190164,-60.1521494568286,0,26,26,26,10,-60.1521494568286
01-Aug-2026 00:25:26,-166.759685747228,-59.3265960138924,0,26,26,26,11,-59.3265960138924
01-Aug-2026 00:25:28,-166.142527698933,-58.7094379655974,0,26,26,26,12,-58.7094379655974
01-Aug-2026 00:25:30,-165.77702437003,-58.3439346366945,0,26,26,26,12,-58.3439346366945
01-Aug-2026 00:25:32,-165.437293557106,-58.0042038237712,0,26,26,26,12,-58.0042038237712
01-Aug-2026 00:25:34,-165.494559050259,-58.0614693169234,0,26,26,26,12,-58.0614693169234
01-Aug-2026 00:25:36,-156.470671672415,-49.0375819390802,0,26,26,26,11,-49.0375819390802
01-Aug-2026 00:25:38,-154.91923648111,-47.4861467477743,0,26,26,26,11,-47.4861467477743
01-Aug-2026 00:25:40,-154.69473396309,-47.2616442297544,0,26,26,26,12,-47.2616442297544
01-Aug-2026 00:25:42,-154.898973571813,-47.4658838384781,0,26,26,26,12,-47.4658838384781
01-Aug-2026 00:25:44,-155.258388493953,-47.8252987606174,0,26,26,26,12,-47.8252987606174
01-Aug-2026 00:25:46,-154.520285829716,-47.0871960963808,0,25,25,25,12,-47.0871960963808
01-Aug-2026 00:25:48,-153.545087209054,-46.1119974757189,0,25,25,25,13,-46.1119974757189
01-Aug-2026 00:25:50,-152.03646494581,-44.6033752124752,0,25,25,25,13,-44.6033752124752
01-Aug-2026 00:25:52,-153.998093053518,-46.5650033201829,0,24,24,24,13,-46.5650033201829
01-Aug-2026 00:25:54,-147.180513655769,-39.7474239224336,0,24,24,24,15,-39.7474239224336
01-Aug-2026 00:25:56,-147.891056343652,-40.4579666103167,0,24,24,24,14,-40.4579666103167
01-Aug-2026 00:25:58,-144.730063436353,-37.2969737030182,0,24,24,24,13,-37.2969737030182
01-Aug-2026 00:26:00,-144.7644480845,-37.3313583511644,0,26,26,26,15,-37.3313583511644
01-Aug-2026 00:26:02,-144.110440049479,-36.6773503161443,0,26,26,26,16,-36.6773503161443
01-Aug-2026 00:26:04,-141.359189119995,-33.9260993866595,0,26,26,26,15,-33.9260993866595
01-Aug-2026 00:26:06,-142.665534181965,-35.2324444486295,0,26,26,26,15,-35.2324444486295
01-Aug-2026 00:26:08,-142.050514178203,-34.6174244448675,0,26,26,26,15,-34.6174244448675
01-Aug-2026 00:26:10,-141.901226280912,-34.468136547577,0,27,27,27,16,-34.468136547577
01-Aug-2026 00:26:12,-141.566674511745,-34.1335847784099,0,27,27,27,15,-34.1335847784099
01-Aug-2026 00:26:14,-140.860715225318,-33.427625491983,0,27,27,27,15,-33.427625491983
01-Aug-2026 00:26:16,-140.047294440225,-32.6142047068896,0,27,27,27,16,-32.6142047068896
01-Aug-2026 00:26:18,-140.046053608609,-32.6129638752741,0,27,27,27,17,-32.6129638752741
01-Aug-2026 00:26:20,-139.439339641874,-32.0062499085391,0,26,26,26,16,-32.0062499085391
01-Aug-2026 00:26:22,-137.575043834296,-30.1419541009607,0,26,26,26,18,-30.1419541009607
01-Aug-2026 00:26:24,-139.907397217107,-32.4743074837722,0,26,26,26,17,-32.4743074837722
01-Aug-2026 00:26:26,-139.232963698183,-31.7998739648476,0,26,26,26,16,-31.7998739648476
01-Aug-2026 00:26:28,-137.517424031209,-30.0843342978736,0,26,26,26,16,-30.0843342978736
01-Aug-2026 00:26:30,-137.258059307122,-29.8249695737869,0,26,26,26,17,-29.8249695737869
01-Aug-2026 00:26:32,-136.982653027625,-29.54956329429,0,26,26,26,16,-29.54956329429
01-Aug-2026 00:26:34,-136.627648844709,-29.194559111374,0,26,26,26,17,-29.194559111374
01-Aug-2026 00:26:36,-136.909844542312,-29.4767548089766,0,26,26,26,17,-29.4767548089766
01-Aug-2026 00:26:38,-136.898087138828,-29.4649974054932,0,25,25,25,16,-29.4649974054932
01-Aug-2026 00:26:40,-136.967653839835,-29.5345641064996,0,25,25,25,15,-29.5345641064996
01-Aug-2026 00:26:42,-136.634897361321,-29.2018076279857,0,25,25,25,15,-29.2018076279857
01-Aug-2026 00:26:44,-137.243815946625,-29.8107262132895,0,25,25,25,16,-29.8107262132895
01-Aug-2026 00:26:46,-139.191539834589,-31.7584501012537,0,25,25,25,15,-31.7584501012537
01-Aug-2026 00:26:48,-139.737912077036,-32.3048223437011,0,25,25,25,16,-32.3048223437011
01-Aug-2026 00:26:50,-140.527536298669,-33.094446565334,0,25,25,25,17,-33.094446565334
01-Aug-2026 00:26:52,-140.783426974769,-33.3503372414342,0,24,24,24,15,-33.3503372414342
01-Aug-2026 00:26:54,-141.463888232411,-34.0307984990756,0,24,24,24,13,-34.0307984990756
01-Aug-2026 00:26:56,-142.076855169311,-34.6437654359755,0,24,24,24,13,-34.6437654359755
01-Aug-2026 00:26:58,-142.158698729502,-34.7256089961664,0,24,24,24,13,-34.7256089961664
01-Aug-2026 00:27:00,-141.882397978258,-34.4493082449232,0,24,24,24,12,-34.4493082449232
01-Aug-2026 00:27:02,-142.406155157393,-34.9730654240579,0,24,24,24,12,-34.9730654240579
01-Aug-2026 00:27:04,-142.271751450076,-34.8386617167409,0,24,24,24,12,-34.8386617167409
01-Aug-2026 00:27:06,-135.789503658671,-28.3564139253362,0,24,24,24,14,-28.3564139253362
01-Aug-2026 00:27:08,-135.530750395463,-28.0976606621281,0,23,23,23,13,-28.0976606621281
01-Aug-2026 00:27:10,-135.46222596169,-28.0291362283552,0,23,23,23,13,-28.0291362283552
01-Aug-2026 00:27:12,-135.589424462114,-28.1563347287786,0,23,23,23,13,-28.1563347287786
01-Aug-2026 00:27:14,-135.262613228855,-27.8295234955197,0,23,23,23,14,-27.8295234955197
01-Aug-2026 00:27:16,-135.611201170419,-28.1781114370838,0,23,23,23,15,-28.1781114370838
01-Aug-2026 00:27:18,-142.499710361317,-35.0666206279814,0,23,23,23,15,-35.0666206279814
01-Aug-2026 00:27:20,-142.40658732013,-34.9734975867947,0,23,23,23,15,-34.9734975867947
01-Aug-2026 00:27:22,-142.669716526484,-35.2366267931492,0,23,23,23,15,-35.2366267931492
01-Aug-2026 00:27:24,-143.024403057924,-35.5913133245891,0,23,23,23,15,-35.5913133245891
01-Aug-2026 00:27:26,-143.094704069299,-35.6616143359639,0,22,22,22,13,-35.6616143359639
01-Aug-2026 00:27:28,-143.390132254932,-35.9570425215968,0,22,22,22,13,-35.9570425215968
01-Aug-2026 00:27:30,-143.245668092755,-35.8125783594197,0,22,22,22,14,-35.8125783594197
01-Aug-2026 00:27:32,-143.130667380398,-35.6975776470625,0,23,23,23,15,-35.6975776470625
01-Aug-2026 00:27:34,-143.149133698917,-35.7160439655818,0,23,23,23,15,-35.7160439655818
01-Aug-2026 00:27:36,-143.255472613832,-35.8223828804971,0,22,22,22,14,-35.8223828804971
01-Aug-2026 00:27:38,-144.934235398129,-37.5011456647936,0,22,22,22,12,-37.5011456647936
01-Aug-2026 00:27:40,-147.980770213908,-40.5476804805732,0,22,22,22,11,-40.5476804805732
01-Aug-2026 00:27:42,-148.24200335692,-40.8089136235853,0,22,22,22,10,-40.8089136235853
01-Aug-2026 00:27:44,-148.563979551445,-41.1308898181095,0,22,22,22,10,-41.1308898181095
01-Aug-2026 00:27:46,-147.05044093821,-39.6173512048744,0,22,22,22,9,-39.6173512048744
01-Aug-2026 00:27:48,-147.02367941359,-39.5905896802545,0,23,23,23,12,-39.5905896802545
01-Aug-2026 00:27:50,-147.159568361822,-39.7264786284869,0,23,23,23,11,-39.7264786284869
01-Aug-2026 00:27:52,-146.917563625129,-39.4844738917937,0,23,23,23,11,-39.4844738917937
01-Aug-2026 00:27:54,-147.192736070131,-39.7596463367957,0,23,23,23,12,-39.7596463367957
01-Aug-2026 00:27:56,-146.972728688366,-39.5396389550313,0,23,23,23,12,-39.5396389550313
01-Aug-2026 00:27:58,-148.542102053261,-41.1090123199256,0,23,23,23,12,-41.1090123199256
01-Aug-2026 00:28:00,-144.620115317419,-37.1870255840834,0,23,23,23,14,-37.1870255840834
01-Aug-2026 00:28:02,-144.051882628137,-36.6187928948019,0,23,23,23,12,-36.6187928948019
01-Aug-2026 00:28:04,-143.828789141312,-36.3956994079768,0,23,23,23,12,-36.3956994079768
01-Aug-2026 00:28:06,-143.362414920361,-35.9293251870263,0,23,23,23,11,-35.9293251870263
01-Aug-2026 00:28:08,-142.939812064434,-35.5067223310988,0,23,23,23,10,-35.5067223310988
01-Aug-2026 00:28:10,-142.534348392567,-35.1012586592318,0,23,23,23,10,-35.1012586592318
01-Aug-2026 00:28:12,-142.300121159302,-34.8670314259666,0,24,24,24,11,-34.8670314259666
01-Aug-2026 00:28:14,-142.25504299391,-34.8219532605748,0,25,25,25,10,-34.8219532605748
01-Aug-2026 00:28:16,-141.753650090759,-34.3205603574238,0,25,25,25,12,-34.3205603574238
01-Aug-2026 00:28:18,-141.304882155751,-33.8717924224162,0,25,25,25,13,-33.8717924224162
01-Aug-2026 00:28:20,-140.984524333439,-33.5514346001035,0,26,26,26,15,-33.5514346001035
01-Aug-2026 00:28:22,-140.637191507443,-33.2041017741079,0,26,26,26,15,-33.2041017741079
01-Aug-2026 00:28:24,-140.548878878033,-33.1157891446976,0,26,26,26,15,-33.1157891446976
01-Aug-2026 00:28:26,-140.598479141407,-33.1653894080722,0,25,25,25,14,-33.1653894080722
01-Aug-2026 00:28:28,-140.930984699866,-33.4978949665312,0,25,25,25,16,-33.4978949665312
01-Aug-2026 00:28:30,-149.583302367146,-42.1502126338103,0,26,26,26,17,-42.1502126338103
01-Aug-2026 00:28:32,-149.325973754341,-41.8928840210061,0,26,26,26,16,-41.8928840210061
01-Aug-2026 00:28:34,-149.522357206754,-42.0892674734186,0,26,26,26,15,-42.0892674734186
01-Aug-2026 00:28:36,-149.713262658076,-42.2801729247411,0,26,26,26,14,-42.2801729247411
01-Aug-2026 00:28:38,-149.853651256441,-42.4205615231062,0,26,26,26,13,-42.4205615231062
01-Aug-2026 00:28:40,-149.588728162288,-42.1556384289531,0,26,26,26,13,-42.1556384289531
01-Aug-2026 00:28:42,-149.26391471933,-41.8308249859944,0,26,26,26,13,-41.8308249859944
01-Aug-2026 00:28:44,-149.753039309373,-42.3199495760376,0,26,26,26,12,-42.3199495760376
01-Aug-2026 00:28:46,-150.403802862167,-42.9707131288318,0,26,26,26,13,-42.9707131288318
01-Aug-2026 00:28:48,-151.245424891781,-43.8123351584459,0,26,26,26,12,-43.8123351584459
01-Aug-2026 00:28:50,-152.105439454923,-44.6723497215877,0,26,26,26,10,-44.6723497215877
01-Aug-2026 00:28:52,-152.737462275137,-45.3043725418023,0,26,26,26,9,-45.3043725418023
01-Aug-2026 00:28:54,-134.771909456719,-27.3388197233843,0,26,26,26,10,-27.3388197233843
01-Aug-2026 00:28:56,-134.531899726372,-27.098809993037,0,26,26,26,12,-27.098809993037
01-Aug-2026 00:28:58,-134.585075046648,-27.1519853133128,0,26,26,26,12,-27.1519853133128
01-Aug-2026 00:29:00,-134.721067919033,-27.2879781856979,0,26,26,26,12,-27.2879781856979
01-Aug-2026 00:29:02,-134.922516802979,-27.4894270696437,0,26,26,26,12,-27.4894270696437
01-Aug-2026 00:29:04,-134.816421294526,-27.3833315611907,0,27,27,27,14,-27.3833315611907
01-Aug-2026 00:29:06,-135.44680543347,-28.0137157001351,0,27,27,27,14,-28.0137157001351
01-Aug-2026 00:29:08,-135.789969613089,-28.3568798797539,0,27,27,27,14,-28.3568798797539
01-Aug-2026 00:29:10,-150.590388476607,-43.1572987432719,0,26,26,26,12,-43.1572987432719
01-Aug-2026 00:29:12,-149.719831546755,-42.2867418134195,0,26,26,26,12,-42.2867418134195
01-Aug-2026 00:29:14,-149.730516665073,-42.2974269317373,0,26,26,26,12,-42.2974269317373
01-Aug-2026 00:29:16,-150.309250610279,-42.8761608769441,0,26,26,26,12,-42.8761608769441
01-Aug-2026 00:29:18,-135.266412276181,-27.833322542846,0,26,26,26,13,-27.833322542846
01-Aug-2026 00:29:20,-136.135353250913,-28.7022635175777,0,26,26,26,12,-28.7022635175777
01-Aug-2026 00:29:22,-137.569881904091,-30.1367921707563,0,26,26,26,14,-30.1367921707563
01-Aug-2026 00:29:24,-137.859065424875,-30.4259756915398,0,26,26,26,13,-30.4259756915398
01-Aug-2026 00:29:26,-138.667345902464,-31.234256169129,0,26,26,26,14,-31.234256169129
01-Aug-2026 00:29:28,-138.601562347982,-31.1684726146471,0,25,25,25,12,-31.1684726146471
01-Aug-2026 00:29:30,-138.031140694686,-30.5980509613512,0,25,25,25,13,-30.5980509613512
01-Aug-2026 00:29:32,-136.42468125532,-28.9915915219852,0,25,25,25,12,-28.9915915219852
01-Aug-2026 00:29:34,-134.965746689821,-27.5326569564859,0,25,25,25,12,-27.5326569564859
01-Aug-2026 00:29:36,-133.443319457333,-26.0102297239983,0,24,24,24,12,-26.0102297239983
01-Aug-2026 00:29:38,-140.640119965189,-33.2070302318537,0,24,24,24,12,-33.2070302318537
01-Aug-2026 00:29:40,-149.831562659087,-42.3984729257519,0,24,24,24,12,-40.3262481070694
01-Aug-2026 00:29:42,-149.692700639691,-42.2596109063555,0,24,24,24,12,-38.1394602491838
01-Aug-2026 00:29:44,-149.890184164494,-42.457094431159,0,24,24,24,11,-35.7387674994714
01-Aug-2026 00:29:46,-150.195816668274,-42.7627269349391,0,25,25,25,10,-32.5182406182769
01-Aug-2026 00:29:48,-150.460368106801,-43.0272783734659,0,25,25,25,9,-43.0272783734659
01-Aug-2026 00:29:50,-150.717134324559,-43.2840445912242,0,26,26,26,7,-43.2840445912242
01-Aug-2026 00:29:52,-151.472356115225,-44.0392663818897,0,27,27,27,8,-44.0392663818897
01-Aug-2026 00:29:54,-140.027651641304,-32.5945619079686,0,27,27,27,9,-32.5945619079686
01-Aug-2026 00:29:56,-139.922197242312,-32.4891075089765,0,27,27,27,9,-32.4891075089765
01-Aug-2026 00:29:58,-139.882327549423,-32.4492378160877,0,27,27,27,10,-32.4492378160877
01-Aug-2026 00:30:00,-140.148376060855,-32.7152863275196,0,27,27,27,11,-32.7152863275196
01-Aug-2026 00:30:02,-136.829279145447,-29.3961894121116,0,27,27,27,13,-29.3961894121116
01-Aug-2026 00:30:04,-136.506409336693,-29.0733196033579,0,27,27,27,12,-29.0733196033579
01-Aug-2026 00:30:06,-134.54100409328,-27.1079143599449,0,27,27,27,14,-27.1079143599449
01-Aug-2026 00:30:08,-133.462921270417,-26.0298315370816,0,27,27,27,14,-26.0298315370816
01-Aug-2026 00:30:10,-136.833076210224,-29.3999864768891,0,26,26,26,13,-29.3999864768891
01-Aug-2026 00:30:12,-141.110153263411,-33.677063530076,0,26,26,26,12,-33.677063530076
01-Aug-2026 00:30:14,-140.780779092213,-33.3476893588774,0,26,26,26,12,-33.3476893588774
01-Aug-2026 00:30:16,-141.021637464954,-33.5885477316192,0,26,26,26,11,-33.5885477316192
01-Aug-2026 00:30:18,-141.29220153068,-33.859111797345,0,26,26,26,12,-33.859111797345
01-Aug-2026 00:30:20,-141.187542621112,-33.7544528877772,0,26,26,26,12,-33.7544528877772
01-Aug-2026 00:30:22,-140.606200834782,-33.1731111014466,0,26,26,26,11,-33.1731111014466
01-Aug-2026 00:30:24,-140.451305048904,-33.0182153155687,0,25,25,25,9,-33.0182153155687
01-Aug-2026 00:30:26,-139.461322226843,-32.028232493508,0,25,25,25,9,-32.028232493508
01-Aug-2026 00:30:28,-139.502331109179,-32.0692413758439,0,25,25,25,9,-32.0692413758439
01-Aug-2026 00:30:30,-139.52663784034,-32.0935481070048,0,25,25,25,10,-32.0935481070048
01-Aug-2026 00:30:32,-139.781162620218,-32.3480728868827,0,25,25,25,10,-32.3480728868827
01-Aug-2026 00:30:34,-139.953471663628,-32.5203819302932,0,25,25,25,11,-32.5203819302932
01-Aug-2026 00:30:36,-140.02843588458,-32.5953461512451,0,25,25,25,11,-32.5953461512451
01-Aug-2026 00:30:38,-140.80834029416,-33.3752505608247,0,25,25,25,12,-33.3752505608247
01-Aug-2026 00:30:40,-136.549416218353,-29.1163264850182,0,25,25,25,11,-29.1163264850182
01-Aug-2026 00:30:42,-137.171328053544,-29.7382383202085,0,25,25,25,13,-29.7382383202085
01-Aug-2026 00:30:44,-141.852162504745,-34.4190727714097,0,25,25,25,13,-34.4190727714097
01-Aug-2026 00:30:46,-143.022114966694,-35.5890252333587,0,25,25,25,13,-35.5890252333587
01-Aug-2026 00:30:48,-144.062907505855,-36.6298177725203,0,25,25,25,13,-36.6298177725203
01-Aug-2026 00:30:50,-144.236476637358,-36.8033869040223,0,25,25,25,12,-36.8033869040223
01-Aug-2026 00:30:52,-144.669994785112,-37.2369050517772,0,25,25,25,11,-37.2369050517772
01-Aug-2026 00:30:54,-153.953311368518,-46.520221635183,0,23,23,23,12,-46.520221635183
01-Aug-2026 00:30:56,-155.191670157889,-47.7585804245542,0,23,23,23,11,-47.7585804245542
01-Aug-2026 00:30:58,-148.65765982837,-41.2245700950344,0,23,23,23,12,-41.2245700950344
01-Aug-2026 00:31:00,-148.910135487379,-41.4770457540436,0,23,23,23,12,-41.4770457540436
01-Aug-2026 00:31:02,-148.544354071306,-41.1112643379707,0,23,23,23,10,-41.1112643379707
01-Aug-2026 00:31:04,-148.509022624173,-41.0759328908375,0,23,23,23,9,-41.0759328908375
01-Aug-2026 00:31:06,-148.451496968345,-41.0184072350102,0,23,23,23,9,-41.0184072350102
01-Aug-2026 00:31:08,-148.503944087173,-41.0708543538383,0,23,23,23,10,-41.0708543538383
01-Aug-2026 00:31:10,-147.174363467907,-39.7412737345718,0,23,23,23,9,-39.7412737345718
01-Aug-2026 00:31:12,-147.27538139829,-39.8422916649545,0,23,23,23,9,-39.8422916649545
01-Aug-2026 00:31:14,-142.473165640001,-35.0400759066658,0,22,22,22,11,-35.0400759066658
01-Aug-2026 00:31:16,-143.723444488661,-36.2903547553261,0,22,22,22,11,-36.2903547553261
01-Aug-2026 00:31:18,-144.968941754809,-37.5358520214735,0,22,22,22,10,-37.5358520214735
01-Aug-2026 00:31:20,-146.278363638019,-38.845273904684,0,22,22,22,10,-38.845273904684
01-Aug-2026 00:31:22,-146.046841503602,-38.6137517702668,0,22,22,22,9,-38.6137517702668
01-Aug-2026 00:31:24,-146.277841750171,-38.8447520168355,0,22,22,22,9,-38.8447520168355
01-Aug-2026 00:31:26,-143.412869130417,-35.9797793970816,0,21,21,21,12,-35.9797793970816
01-Aug-2026 00:31:28,-145.434474464317,-38.001384730982,0,21,21,21,11,-38.001384730982
01-Aug-2026 00:31:30,-145.349574435859,-37.9164847025237,0,22,22,22,13,-37.9164847025237
01-Aug-2026 00:31:32,-145.706116397127,-38.2730266637921,0,22,22,22,13,-38.2730266637921
01-Aug-2026 00:31:34,-145.429685392655,-37.9965956593195,0,22,22,22,12,-37.9965956593195
01-Aug-2026 00:31:36,-145.597005145304,-38.1639154119686,0,22,22,22,13,-38.1639154119686
01-Aug-2026 00:31:38,-145.12745797651,-37.6943682431747,0,23,23,23,12,-37.6943682431747
01-Aug-2026 00:31:40,-145.418176977731,-37.9850872443955,0,23,23,23,12,-37.9850872443955
01-Aug-2026 00:31:42,-148.970030766363,-41.5369410330275,0,23,23,23,13,-41.5369410330275
01-Aug-2026 00:31:44,-149.183683476795,-41.7505937434595,0,23,23,23,12,-41.7505937434595
01-Aug-2026 00:31:46,-149.182859476715,-41.7497697433798,0,23,23,23,12,-41.7497697433798
01-Aug-2026 00:31:48,-143.656594289094,-36.2235045557586,0,23,23,23,13,-36.2235045557586
01-Aug-2026 00:31:50,-143.645002152608,-36.211912419273,0,23,23,23,12,-36.211912419273
01-Aug-2026 00:31:52,-143.364181272177,-35.9310915388416,0,23,23,23,13,-35.9310915388416
01-Aug-2026 00:31:54,-142.836911565115,-35.4038218317795,0,23,23,23,12,-35.4038218317795
01-Aug-2026 00:31:56,-142.496829347603,-35.063739614268,0,23,23,23,13,-35.063739614268
01-Aug-2026 00:31:58,-128.779479020613,-21.3463892872777,0,24,24,24,16,-21.3463892872777
01-Aug-2026 00:32:00,-128.826783341988,-21.3936936086527,0,25,25,25,17,-21.3936936086527
01-Aug-2026 00:32:02,-128.730772237384,-21.2976825040488,0,25,25,25,17,-21.2976825040488
01-Aug-2026 00:32:04,-128.517581275714,-21.0844915423786,0,25,25,25,16,-21.0844915423786
01-Aug-2026 00:32:06,-128.210526636573,-20.7774369032379,0,25,25,25,14,-20.7774369032379
01-Aug-2026 00:32:08,-128.385302095382,-20.9522123620465,0,26,26,26,13,-20.9522123620465
01-Aug-2026 00:32:10,-128.386858781603,-20.953769048268,0,26,26,26,13,-20.953769048268
01-Aug-2026 00:32:12,-128.937708078888,-21.5046183455528,0,26,26,26,12,-21.5046183455528
01-Aug-2026 00:32:14,-128.497356178907,-21.0642664455718,0,26,26,26,12,-21.0642664455718
01-Aug-2026 00:32:16,-128.781204414596,-21.3481146812613,0,25,25,25,11,-21.3481146812613
01-Aug-2026 00:32:18,-128.782723112301,-21.3496333789654,0,26,26,26,12,-21.3496333789654
01-Aug-2026 00:32:20,-128.88113016289,-21.4480404295551,0,26,26,26,12,-21.4480404295551
01-Aug-2026 00:32:22,-129.055505761518,-21.622416028183,0,26,26,26,13,-21.622416028183
01-Aug-2026 00:32:24,-129.075448717061,-21.6423589837254,0,26,26,26,12,-21.6423589837254
01-Aug-2026 00:32:26,-135.821549181034,-28.3884594476991,0,26,26,26,12,-28.3884594476991
01-Aug-2026 00:32:28,-134.886080577447,-27.4529908441119,0,26,26,26,11,-27.4529908441119
01-Aug-2026 00:32:30,-134.454025658835,-27.0209359254999,0,26,26,26,9,-27.0209359254999
01-Aug-2026 00:32:32,-133.884166376464,-26.4510766431292,0,26,26,26,9,-26.4510766431292
01-Aug-2026 00:32:34,-132.817006948503,-25.383917215168,0,26,26,26,10,-25.383917215168
01-Aug-2026 00:32:36,-132.619905147533,-25.1868154141982,0,26,26,26,10,-25.1868154141982
01-Aug-2026 00:32:38,-131.422698410055,-23.9896086767199,0,26,26,26,11,-23.9896086767199
01-Aug-2026 00:32:40,-131.227410213085,-23.7943204797502,0,26,26,26,11,-23.7943204797502
01-Aug-2026 00:32:42,-130.02230162876,-22.5892118954247,0,26,26,26,13,-22.5892118954247
01-Aug-2026 00:32:44,-129.142133754342,-21.7090440210065,0,26,26,26,13,-21.7090440210065
01-Aug-2026 00:32:46,-128.572875481435,-21.1397857481002,0,26,26,26,13,-21.1397857481002
01-Aug-2026 00:32:48,-161.003392630966,-53.5703028976313,0,26,26,26,11,-53.5703028976313
01-Aug-2026 00:32:50,-160.741127675872,-53.3080379425364,0,26,26,26,13,-53.3080379425364
01-Aug-2026 00:32:52,-161.044499474671,-53.6114097413355,0,27,27,27,14,-53.6114097413355
01-Aug-2026 00:32:54,-165.250618036697,-57.8175283033618,0,27,27,27,13,-57.8175283033618
01-Aug-2026 00:32:56,-137.852671781446,-30.419582048111,0,27,27,27,15,-30.419582048111
01-Aug-2026 00:32:58,-138.307492758113,-30.874403024778,0,27,27,27,15,-30.874403024778
01-Aug-2026 00:33:00,-139.048754709469,-31.615664976134,0,26,26,26,14,-31.615664976134
01-Aug-2026 00:33:02,-139.818860795162,-32.3857710618266,0,25,25,25,12,-32.3857710618266
01-Aug-2026 00:33:04,-140.620252038611,-33.1871623052757,0,25,25,25,12,-33.1871623052757
01-Aug-2026 00:33:06,-141.413865446965,-33.9807757136301,0,25,25,25,13,-33.9807757136301
01-Aug-2026 00:33:08,-142.404315722123,-34.9712259887876,0,25,25,25,13,-34.9712259887876
01-Aug-2026 00:33:10,-142.54538221007,-35.1122924767353,0,25,25,25,13,-35.1122924767353
01-Aug-2026 00:33:12,-143.647989736475,-36.2149000031403,0,25,25,25,14,-36.2149000031403
01-Aug-2026 00:33:14,-144.785651422518,-37.3525616891832,0,25,25,25,12,-37.3525616891832
01-Aug-2026 00:33:16,-145.140930782353,-37.7078410490182,0,25,25,25,12,-37.7078410490182
01-Aug-2026 00:33:18,-145.581115045818,-38.1480253124827,0,25,25,25,12,-38.1480253124827
01-Aug-2026 00:33:20,-143.139973926194,-35.7068841928592,0,25,25,25,13,-35.7068841928592
01-Aug-2026 00:33:22,-143.517080362969,-36.0839906296335,0,26,26,26,13,-36.0839906296335
01-Aug-2026 00:33:24,-143.877950472389,-36.4448607390536,0,26,26,26,14,-36.4448607390536
01-Aug-2026 00:33:26,-144.649529767662,-37.2164400343273,0,26,26,26,14,-37.2164400343273
01-Aug-2026 00:33:28,-144.57094507527,-37.1378553419347,0,25,25,25,15,-37.1378553419347
01-Aug-2026 00:33:30,-139.888894275989,-32.4558045426539,0,25,25,25,14,-32.4558045426539
01-Aug-2026 00:33:32,-140.059009260774,-32.6259195274391,0,25,25,25,13,-32.6259195274391
01-Aug-2026 00:33:34,-140.010379006206,-32.5772892728711,0,25,25,25,13,-32.5772892728711
01-Aug-2026 00:33:36,-139.642645581698,-32.2095558483624,0,25,25,25,13,-32.2095558483624
01-Aug-2026 00:33:38,-139.360507174461,-31.9274174411254,0,25,25,25,13,-31.9274174411254
01-Aug-2026 00:33:40,-139.01245966797,-31.5793699346347,0,25,25,25,13,-31.5793699346347
01-Aug-2026 00:33:42,-138.499772012199,-31.0666822788638,0,26,26,26,13,-31.0666822788638
01-Aug-2026 00:33:44,-136.802467988509,-29.3693782551739,0,26,26,26,11,-29.369378255174
01-Aug-2026 00:33:46,-136.626904785038,-29.1938150517025,0,27,27,27,12,-29.1938150517024
01-Aug-2026 00:33:48,-136.218777891254,-28.7856881579193,0,27,27,27,11,-28.7856881579193
01-Aug-2026 00:33:50,-135.630650078044,-28.1975603447087,0,27,27,27,13,-28.1975603447087
01-Aug-2026 00:33:52,-141.382952784589,-33.9498630512539,0,27,27,27,12,-33.9498630512539
01-Aug-2026 00:33:54,-141.298879224809,-33.8657894914736,0,27,27,27,12,-33.8657894914736
01-Aug-2026 00:33:56,-141.014605371001,-33.5815156376656,0,27,27,27,11,-33.5815156376656
01-Aug-2026 00:33:58,-140.80933173096,-33.3762419976245,0,27,27,27,10,-33.3762419976245
01-Aug-2026 00:34:00,-140.275500355048,-32.8424106217126,0,26,26,26,11,-32.8424106217126
01-Aug-2026 00:34:02,-139.894593496806,-32.4615037634711,0,26,26,26,10,-32.4615037634711
01-Aug-2026 00:34:04,-131.183081716478,-23.7499919831423,0,26,26,26,11,-23.7499919831423
01-Aug-2026 00:34:06,-130.040150059283,-22.6070603259474,0,26,26,26,11,-22.6070603259474
01-Aug-2026 00:34:08,-129.457852790764,-22.0247630574291,0,26,26,26,11,-22.0247630574291
01-Aug-2026 00:34:10,-138.89894330327,-31.4658535699351,0,26,26,26,10,-31.4658535699351
01-Aug-2026 00:34:12,-137.417985692562,-29.9848959592271,0,25,25,25,9,-29.9848959592271
01-Aug-2026 00:34:14,-137.804809043168,-30.3717193098327,0,25,25,25,9,-30.3717193098327
01-Aug-2026 00:34:16,-138.948203324654,-31.5151135913192,0,25,25,25,11,-31.5151135913192
01-Aug-2026 00:34:18,-138.956992018039,-31.5239022847037,0,25,25,25,11,-31.5239022847037
01-Aug-2026 00:34:20,-139.296711652213,-31.8636219188775,0,25,25,25,12,-31.8636219188775
01-Aug-2026 00:34:22,-139.559049923036,-32.1259601897003,0,25,25,25,10,-32.1259601897003
01-Aug-2026 00:34:24,-147.125225582409,-39.6921358490736,0,25,25,25,10,-39.6921358490736
01-Aug-2026 00:34:26,-147.263280354004,-39.830190620669,0,25,25,25,9,-39.830190620669
01-Aug-2026 00:34:28,-147.970411316759,-40.5373215834239,0,25,25,25,9,-40.5373215834239
01-Aug-2026 00:34:30,-147.829426177472,-40.3963364441364,0,25,25,25,9,-40.3963364441364
01-Aug-2026 00:34:32,-149.235827962756,-41.8027382294213,0,25,25,25,8,-41.8027382294213
01-Aug-2026 00:34:34,-148.416401484858,-40.9833117515226,0,25,25,25,7,-40.9833117515226
01-Aug-2026 00:34:36,-148.096152646243,-40.6630629129075,0,25,25,25,8,-40.6630629129075
01-Aug-2026 00:34:38,-146.958402922753,-39.525313189418,0,25,25,25,6,-39.525313189418
01-Aug-2026 00:34:40,-147.390107420585,-39.9570176872496,0,24,24,24,6,-39.9570176872496
01-Aug-2026 00:34:42,-146.707587078399,-39.2744973450638,0,24,24,24,7,-39.2744973450638
01-Aug-2026 00:34:44,-141.709500811275,-34.2764110779403,0,24,24,24,8,-34.2764110779403
01-Aug-2026 00:34:46,-142.182773813465,-34.7496840801294,0,24,24,24,10,-34.7496840801294
01-Aug-2026 00:34:48,-142.242049507588,-34.8089597742528,0,24,24,24,11,-34.8089597742528
01-Aug-2026 00:34:50,-141.855868708235,-34.4227789749003,0,24,24,24,13,-34.4227789749003
01-Aug-2026 00:34:52,-140.826496393114,-33.393406659779,0,24,24,24,14,-33.393406659779
01-Aug-2026 00:34:54,-140.673500297756,-33.2404105644206,0,24,24,24,15,-33.2404105644206
01-Aug-2026 00:34:56,-141.140289681061,-33.7071999477256,0,23,23,23,16,-33.7071999477256
01-Aug-2026 00:34:58,-141.140764780818,-33.7076750474824,0,23,23,23,15,-33.7076750474824
01-Aug-2026 00:35:00,-141.361649226689,-33.9285594933542,0,23,23,23,16,-33.9285594933542
01-Aug-2026 00:35:02,-141.863922294356,-34.4308325610207,0,22,22,22,14,-34.4308325610207
01-Aug-2026 00:35:04,-139.632127422424,-32.1990376890886,0,22,22,22,14,-32.1990376890886
01-Aug-2026 00:35:06,-139.925193407361,-32.4921036740254,0,22,22,22,14,-32.4921036740254
01-Aug-2026 00:35:08,-140.098152957524,-32.6650632241892,0,22,22,22,14,-32.6650632241892
01-Aug-2026 00:35:10,-139.956050718773,-32.522960985438,0,22,22,22,15,-32.522960985438
01-Aug-2026 00:35:12,-140.205858579903,-32.772768846568,0,22,22,22,15,-32.772768846568
01-Aug-2026 00:35:14,-142.615043849915,-35.1819541165795,0,22,22,22,17,-35.1819541165795
01-Aug-2026 00:35:16,-142.71209734707,-35.2790076137353,0,21,21,21,14,-35.2790076137353
01-Aug-2026 00:35:18,-148.597565831036,-41.1644760977005,0,21,21,21,13,-41.1644760977005
01-Aug-2026 00:35:20,-155.159630827811,-47.7265410944758,0,21,21,21,11,-47.7265410944758
01-Aug-2026 00:35:22,-155.012028285786,-47.5789385524506,0,21,21,21,11,-47.5789385524506
01-Aug-2026 00:35:24,-157.366581266936,-49.9334915336006,0,21,21,21,10,-49.9334915336006
01-Aug-2026 00:35:26,-157.187258223635,-49.7541684903003,0,21,21,21,11,-49.7541684903003
01-Aug-2026 00:35:28,-151.603766041244,-44.1706763079089,0,22,22,22,13,-44.1706763079089
01-Aug-2026 00:35:30,-151.493254623094,-44.0601648897585,0,23,23,23,15,-44.0601648897585
01-Aug-2026 00:35:32,-151.286100119767,-43.8530103864317,0,23,23,23,15,-43.8530103864317
01-Aug-2026 00:35:34,-151.037167648031,-43.6040779146962,0,23,23,23,15,-43.6040779146962
01-Aug-2026 00:35:36,-150.33976723878,-42.9066775054445,0,23,23,23,14,-42.9066775054445
01-Aug-2026 00:35:38,-146.101280557378,-38.6681908240427,0,23,23,23,14,-38.6681908240427
01-Aug-2026 00:35:40,-145.592074983167,-38.1589852498319,0,24,24,24,15,-38.1589852498319
01-Aug-2026 00:35:42,-143.444484551852,-36.0113948185164,0,24,24,24,15,-36.0113948185164
01-Aug-2026 00:35:44,-143.171952850059,-35.7388631167241,0,24,24,24,15,-35.7388631167241
01-Aug-2026 00:35:46,-143.068701558703,-35.6356118253681,0,24,24,24,13,-35.6356118253681
01-Aug-2026 00:35:48,-142.394009477156,-34.960919743821,0,25,25,25,15,-34.960919743821
01-Aug-2026 00:35:50,-142.307815082115,-34.8747253487794,0,25,25,25,16,-34.8747253487794
01-Aug-2026 00:35:52,-143.82812413289,-36.3950343995549,0,25,25,25,16,-36.3950343995549
01-Aug-2026 00:35:54,-143.591587560682,-36.1584978273471,0,25,25,25,16,-36.1584978273471
01-Aug-2026 00:35:56,-143.201057287229,-35.7679675538936,0,25,25,25,16,-35.7679675538936
01-Aug-2026 00:35:58,-142.899369318461,-35.4662795851256,0,26,26,26,17,-35.4662795851256
01-Aug-2026 00:36:00,-146.063732821775,-38.6306430884403,0,26,26,26,18,-38.6306430884403
01-Aug-2026 00:36:02,-145.280397283678,-37.8473075503427,0,26,26,26,18,-37.8473075503427
01-Aug-2026 00:36:04,-145.193020335648,-37.7599306023129,0,26,26,26,16,-37.7599306023129
01-Aug-2026 00:36:06,-144.89778636834,-37.4646966350043,0,26,26,26,15,-37.4646966350043
01-Aug-2026 00:36:08,-144.896922307621,-37.4638325742855,0,26,26,26,12,-37.4638325742855
01-Aug-2026 00:36:10,-144.614905232509,-37.1818154991738,0,26,26,26,14,-37.1818154991738
01-Aug-2026 00:36:12,-143.921626552229,-36.4885368188942,0,26,26,26,14,-36.4885368188942
01-Aug-2026 00:36:14,-144.259378754368,-36.8262890210326,0,26,26,26,16,-36.8262890210326
01-Aug-2026 00:36:16,-141.217887786502,-33.7847980531666,0,26,26,26,15,-33.7847980531666
01-Aug-2026 00:36:18,-141.350985612158,-33.917895878823,0,26,26,26,15,-33.917895878823
01-Aug-2026 00:36:20,-141.811869818463,-34.3787800851275,0,26,26,26,15,-34.3787800851275
01-Aug-2026 00:36:22,-141.82975912733,-34.3966693939946,0,26,26,26,16,-34.3966693939946
01-Aug-2026 00:36:24,-141.712487281624,-34.2793975482887,0,26,26,26,16,-34.2793975482887
01-Aug-2026 00:36:26,-142.112733005639,-34.6796432723037,0,26,26,26,15,-34.6796432723037
01-Aug-2026 00:36:28,-144.610317967388,-37.1772282340526,0,26,26,26,15,-37.1772282340526
01-Aug-2026 00:36:30,-154.713772914432,-47.2806831810972,0,26,26,26,13,-47.2806831810972
01-Aug-2026 00:36:32,-154.944692127419,-47.5116023940835,0,25,25,25,12,-47.5116023940835
01-Aug-2026 00:36:34,-163.240967462663,-55.8078777293276,0,25,25,25,10,-55.8078777293276
01-Aug-2026 00:36:36,-163.686180590935,-56.2530908575999,0,25,25,25,10,-56.2530908575999
01-Aug-2026 00:36:38,-168.691014156727,-61.257924423392,0,25,25,25,10,-61.257924423392
01-Aug-2026 00:36:40,-168.94808596722,-61.5149962338843,0,26,26,26,9,-61.5149962338843
01-Aug-2026 00:36:42,-128.614932224792,-21.1818424914572,0,26,26,26,9,-21.1818424914572
01-Aug-2026 00:36:44,-129.127771104185,-21.69468137085,0,26,26,26,8,-21.69468137085
01-Aug-2026 00:36:46,-129.655641326194,-22.2225515928588,0,26,26,26,9,-22.2225515928588
01-Aug-2026 00:36:48,-130.867891769769,-23.4348020364333,0,26,26,26,9,-23.4348020364333
01-Aug-2026 00:36:50,-131.241014746218,-23.8079250128824,0,26,26,26,9,-23.8079250128824
01-Aug-2026 00:36:52,-131.935555919575,-24.50246618624,0,25,25,25,10,-24.50246618624
01-Aug-2026 00:36:54,-132.952398952417,-25.5193092190815,0,25,25,25,11,-25.5193092190815
01-Aug-2026 00:36:56,-133.981668045078,-26.5485783117431,0,25,25,25,12,-26.5485783117431
01-Aug-2026 00:36:58,-134.865242261578,-27.4321525282426,0,25,25,25,11,-27.4321525282426
01-Aug-2026 00:37:00,-135.621776942962,-28.1886872096266,0,26,26,26,12,-28.1352671074439
01-Aug-2026 00:37:02,-136.117654516783,-28.684564783448,0,26,26,26,13,-28.684564783448
01-Aug-2026 00:37:04,-136.892326938296,-29.4592372049612,0,26,26,26,12,-29.4592372049612
01-Aug-2026 00:37:06,-137.106002925966,-29.6729131926312,0,26,26,26,13,-29.6729131926312
01-Aug-2026 00:37:08,-137.695935391546,-30.2628456582104,0,26,26,26,13,-30.2628456582104
01-Aug-2026 00:37:10,-138.105398551743,-30.6723088184077,0,26,26,26,13,-30.6723088184077
01-Aug-2026 00:37:12,-138.527986593217,-31.0948968598819,0,26,26,26,13,-31.0948968598819
01-Aug-2026 00:37:14,-138.825212196043,-31.392122462708,0,26,26,26,15,-31.392122462708
01-Aug-2026 00:37:16,-136.797478224777,-29.3643884914417,0,26,26,26,15,-29.3643884914417
01-Aug-2026 00:37:18,-136.117949323808,-28.6848595904727,0,25,25,25,14,-28.6848595904727
01-Aug-2026 00:37:20,-136.334190162354,-28.9011004290185,0,25,25,25,12,-28.9011004290185
01-Aug-2026 00:37:22,-136.944261057456,-29.5111713241209,0,25,25,25,14,-29.5111713241209
01-Aug-2026 00:37:24,-136.583846912162,-29.1507571788273,0,25,25,25,15,-29.1507571788273
01-Aug-2026 00:37:26,-136.635676129289,-29.2025863959541,0,25,25,25,14,-29.2025863959541
01-Aug-2026 00:37:28,-134.449241527601,-27.0161517942657,0,25,25,25,13,-27.0161517942657
01-Aug-2026 00:37:30,-134.821697021145,-27.3886072878094,0,25,25,25,14,-27.3886072878094
01-Aug-2026 00:37:32,-138.987357249423,-31.5542675160881,0,26,26,26,14,-31.5542675160881
01-Aug-2026 00:37:34,-139.172502036876,-31.7394123035413,0,26,26,26,13,-31.7394123035413
01-Aug-2026 00:37:36,-138.742359478003,-31.3092697446681,0,26,26,26,13,-31.3092697446681
01-Aug-2026 00:37:38,-138.374016904592,-30.9409271712566,0,27,27,27,16,-30.9409271712566
01-Aug-2026 00:37:40,-139.177806395302,-31.7447166619672,0,27,27,27,16,-31.7447166619672
01-Aug-2026 00:37:42,-138.890558963999,-31.4574692306634,0,27,27,27,17,-31.4574692306634
01-Aug-2026 00:37:44,-138.130641841565,-30.6975521082294,0,27,27,27,16,-30.6975521082294
01-Aug-2026 00:37:46,-137.62397578051,-30.1908860471752,0,27,27,27,17,-30.1908860471752
01-Aug-2026 00:37:48,-136.523091718611,-29.0900019852762,0,27,27,27,17,-29.0900019852762
01-Aug-2026 00:37:50,-136.100090870337,-28.6670011370022,0,26,26,26,17,-28.6670011370022
01-Aug-2026 00:37:52,-135.342682801366,-27.9095930680308,0,26,26,26,15,-27.9095930680308
01-Aug-2026 00:37:54,-134.753616116594,-27.3205263832587,0,26,26,26,14,-27.3205263832587
01-Aug-2026 00:37:56,-133.548736404488,-26.1156466711532,0,26,26,26,15,-26.1156466711532
01-Aug-2026 00:37:58,-132.178211098286,-24.7451213649504,0,26,26,26,14,-24.7451213649504
01-Aug-2026 00:38:00,-131.99025537122,-24.5571656378843,0,25,25,25,14,-24.5571656378843
01-Aug-2026 00:38:02,-132.160890328028,-24.7278005946931,0,25,25,25,10,-24.7278005946931
01-Aug-2026 00:38:04,-131.653346309725,-24.2202565763897,0,25,25,25,9,-24.2202565763897
01-Aug-2026 00:38:06,-131.630432345242,-24.1973426119072,0,25,25,25,11,-24.1973426119072
01-Aug-2026 00:38:08,-130.967020341084,-23.5339306077489,0,25,25,25,13,-23.5339306077489
01-Aug-2026 00:38:10,-131.232719037354,-23.7996293040185,0,25,25,25,12,-23.7996293040185
01-Aug-2026 00:38:12,-131.548722438022,-24.1156327046868,0,25,25,25,13,-24.1156327046868
01-Aug-2026 00:38:14,-130.75998769459,-23.3268979612548,0,25,25,25,13,-23.3268979612548
01-Aug-2026 00:38:16,-131.113700264835,-23.6806105315001,0,25,25,25,15,-23.6806105315001
01-Aug-2026 00:38:18,-131.714779814067,-24.2816900807322,0,25,25,25,15,-24.2816900807322
01-Aug-2026 00:38:20,-132.259445420272,-24.8263556869366,0,25,25,25,15,-24.8263556869366
01-Aug-2026 00:38:22,-132.987504027251,-25.5544142939154,0,25,25,25,15,-25.5544142939154
01-Aug-2026 00:38:24,-133.934247855523,-26.5011581221874,0,24,24,24,14,-26.5011581221874
01-Aug-2026 00:38:26,-139.971915931528,-32.5388261981928,0,24,24,24,14,-32.5388261981928
01-Aug-2026 00:38:28,-140.375839796982,-32.9427500636469,0,24,24,24,14,-32.9427500636469
01-Aug-2026 00:38:30,-136.359328163168,-28.9262384298329,0,24,24,24,15,-28.9262384298329
01-Aug-2026 00:38:32,-137.087907481092,-29.6548177477571,0,24,24,24,15,-29.6548177477571
01-Aug-2026 00:38:34,-142.021202461399,-34.5881127280642,0,24,24,24,15,-34.5881127280642
01-Aug-2026 00:38:36,-142.564783739978,-35.1316940066425,0,24,24,24,15,-35.1316940066425
01-Aug-2026 00:38:38,-142.989500326481,-35.5564105931458,0,24,24,24,14,-35.5564105931458
01-Aug-2026 00:38:40,-154.097086497081,-46.6639967637456,0,24,24,24,13,-46.6639967637456
01-Aug-2026 00:38:42,-140.219781936888,-32.7866922035532,0,24,24,24,14,-32.7866922035532
01-Aug-2026 00:38:44,-140.586530063817,-33.1534403304817,0,24,24,24,13,-33.1534403304817
01-Aug-2026 00:38:46,-140.562574018297,-33.129484284962,0,24,24,24,14,-33.129484284962
01-Aug-2026 00:38:48,-140.678690252556,-33.2456005192204,0,23,23,23,12,-33.2456005192204
01-Aug-2026 00:38:50,-141.249653967552,-33.8165642342171,0,23,23,23,11,-33.8165642342171
01-Aug-2026 00:38:52,-141.565716459583,-34.1326267262477,0,23,23,23,11,-34.1326267262477
01-Aug-2026 00:38:54,-142.659214602699,-35.2261248693642,0,22,22,22,11,-35.2261248693642
01-Aug-2026 00:38:56,-143.385899256333,-35.9528095229981,0,22,22,22,11,-35.9528095229981
01-Aug-2026 00:38:58,-158.05395662892,-50.6208668955843,0,22,22,22,10,-50.6208668955843
01-Aug-2026 00:39:00,-158.839988204156,-51.406898470821,0,22,22,22,10,-51.406898470821
01-Aug-2026 00:39:02,-158.608760886912,-51.1756711535767,0,22,22,22,10,-51.1756711535767
01-Aug-2026 00:39:04,-157.85341828082,-50.4203285474852,0,21,21,21,9,-50.4203285474852
01-Aug-2026 00:39:06,-157.541078830342,-50.1079890970072,0,21,21,21,9,-50.1079890970072
01-Aug-2026 00:39:08,-173.649201463723,-66.2161117303881,0,21,21,21,8,-66.2161117303881
01-Aug-2026 00:39:10,-162.587312648961,-55.1542229156259,0,21,21,21,9,-55.1542229156259
01-Aug-2026 00:39:12,-163.082589424602,-55.6494996912666,0,21,21,21,8,-55.6494996912666
01-Aug-2026 00:39:14,-162.910224292691,-55.4771345593556,0,21,21,21,7,-55.4771345593556
01-Aug-2026 00:39:16,-162.878319120424,-55.4452293870888,0,21,21,21,7,-55.4452293870888
01-Aug-2026 00:39:18,-161.403460279671,-53.9703705463355,0,21,21,21,8,-53.9703705463355
01-Aug-2026 00:39:20,-162.370920141664,-54.937830408329,0,22,22,22,7,-54.937830408329
01-Aug-2026 00:39:22,-158.437167476172,-51.0040777428368,0,23,23,23,9,-51.0040777428368
01-Aug-2026 00:39:24,-158.50980510437,-51.076715371035,0,23,23,23,8,-51.076715371035
01-Aug-2026 00:39:26,-155.269936921525,-47.8368471881893,0,23,23,23,8,-47.8368471881893
01-Aug-2026 00:39:28,-151.255510719224,-43.8224209858889,0,23,23,23,9,-43.8224209858889
01-Aug-2026 00:39:30,-151.716156314901,-44.2830665815658,0,23,23,23,8,-44.2830665815658
01-Aug-2026 00:39:32,-149.947460842396,-42.5143711090607,0,23,23,23,11,-42.5143711090607
01-Aug-2026 00:39:34,-152.017386222123,-44.5842964887877,0,24,24,24,9,-44.5842964887877
01-Aug-2026 00:39:36,-151.959102234558,-44.5260125012228,0,25,25,25,9,-44.5260125012228
01-Aug-2026 00:39:38,-151.74030538373,-44.3072156503946,0,25,25,25,9,-44.3072156503946
01-Aug-2026 00:39:40,-151.00176309526,-43.5686733619245,0,25,25,25,8,-43.5686733619245
01-Aug-2026 00:39:42,-150.786261068438,-43.3531713351032,0,25,25,25,7,-43.3531713351032
01-Aug-2026 00:39:44,-150.528505586768,-43.0954158534325,0,25,25,25,7,-43.0954158534325
01-Aug-2026 00:39:46,-149.473707813456,-42.040618080121,0,25,25,25,7,-42.040618080121
01-Aug-2026 00:39:48,-149.750025449418,-42.3169357160826,0,26,26,26,9,-42.3169357160826
01-Aug-2026 00:39:50,-149.723850558854,-42.2907608255184,0,26,26,26,8,-42.2907608255184
01-Aug-2026 00:39:52,-149.255632684093,-41.822542950758,0,26,26,26,8,-41.822542950758
01-Aug-2026 00:39:54,-148.915170953403,-41.4820812200677,0,26,26,26,8,-41.4820812200677
01-Aug-2026 00:39:56,-148.555367516005,-41.1222777826696,0,27,27,27,9,-41.1222777826696
01-Aug-2026 00:39:58,-147.992894708718,-40.5598049753825,0,26,26,26,10,-40.5598049753825
01-Aug-2026 00:40:00,-147.849904380685,-40.4168146473501,0,26,26,26,11,-40.4168146473501
01-Aug-2026 00:40:02,-148.343564303888,-40.9104745705527,0,25,25,25,10,-40.9104745705527
01-Aug-2026 00:40:04,-148.307012230723,-40.873922497388,0,25,25,25,9,-40.873922497388
01-Aug-2026 00:40:06,-147.485175423027,-40.0520856896914,0,25,25,25,11,-40.0520856896914
01-Aug-2026 00:40:08,-146.669339346669,-39.2362496133339,0,25,25,25,10,-39.2362496133339
01-Aug-2026 00:40:10,-146.476498567943,-39.043408834608,0,25,25,25,9,-39.043408834608
01-Aug-2026 00:40:12,-145.051500670088,-37.6184109367529,0,25,25,25,9,-37.6184109367529
01-Aug-2026 00:40:14,-144.254940614858,-36.8218508815225,0,25,25,25,9,-36.8218508815225
01-Aug-2026 00:40:16,-136.398660928688,-28.9655711953529,0,25,25,25,10,-28.9655711953529
01-Aug-2026 00:40:18,-136.875050739099,-29.4419610057643,0,25,25,25,9,-29.4419610057643
01-Aug-2026 00:40:20,-137.248126043681,-29.8150363103459,0,25,25,25,10,-29.8150363103459
01-Aug-2026 00:40:22,-137.495313331573,-30.0622235982376,0,25,25,25,9,-30.0622235982376
01-Aug-2026 00:40:24,-154.087070338983,-46.6539806056477,0,25,25,25,8,-46.6539806056477
01-Aug-2026 00:40:26,-154.105501494058,-46.6724117607228,0,25,25,25,9,-46.6724117607228
01-Aug-2026 00:40:28,-151.795092826744,-44.3620030934086,0,26,26,26,10,-44.3620030934086
01-Aug-2026 00:40:30,-152.114998468101,-44.6819087347656,0,26,26,26,10,-44.6819087347656
01-Aug-2026 00:40:32,-152.601349012101,-45.1682592787657,0,26,26,26,13,-45.1682592787657
01-Aug-2026 00:40:34,-152.201653897574,-44.7685641642387,0,26,26,26,14,-44.7685641642387
01-Aug-2026 00:40:36,-147.294594287735,-39.8615045544002,0,26,26,26,13,-39.8615045544002
01-Aug-2026 00:40:38,-147.850913282916,-40.4178235495809,0,26,26,26,13,-40.4178235495809
01-Aug-2026 00:40:40,-153.760147984628,-46.3270582512931,0,27,27,27,11,-46.3270582512931
01-Aug-2026 00:40:42,-153.103701635945,-45.6706119026095,0,26,26,26,10,-45.6706119026095
01-Aug-2026 00:40:44,-153.582444668653,-46.1493549353181,0,26,26,26,9,-46.1493549353181
01-Aug-2026 00:40:46,-153.300305307206,-45.8672155738708,0,26,26,26,9,-45.8672155738708
01-Aug-2026 00:40:48,-153.442542320046,-46.0094525867105,0,26,26,26,10,-46.0094525867105
01-Aug-2026 00:40:50,-153.689827262531,-46.2567375291958,0,26,26,26,8,-46.2567375291958
01-Aug-2026 00:40:52,-151.993204736385,-44.5601150030495,0,26,26,26,10,-44.5601150030495
01-Aug-2026 00:40:54,-151.008309754955,-43.5752200216198,0,26,26,26,10,-43.5752200216198
01-Aug-2026 00:40:56,-150.608657291486,-43.1755675581513,0,26,26,26,11,-43.1755675581513
01-Aug-2026 00:40:58,-151.041719704032,-43.6086299706963,0,26,26,26,11,-43.6086299706963
01-Aug-2026 00:41:00,-151.000823350923,-43.567733617588,0,26,26,26,10,-43.567733617588
01-Aug-2026 00:41:02,-150.991639207086,-43.558549473751,0,26,26,26,9,-43.558549473751
01-Aug-2026 00:41:04,-150.951035762797,-43.5179460294614,0,26,26,26,11,-43.5179460294614
01-Aug-2026 00:41:06,-151.537801390569,-44.1047116572342,0,26,26,26,11,-44.1047116572342
01-Aug-2026 00:41:08,-151.483654128023,-44.0505643946882,0,25,25,25,11,-44.0505643946882
01-Aug-2026 00:41:10,-151.477811920324,-44.044722186989,0,25,25,25,11,-44.044722186989
01-Aug-2026 00:41:12,-146.446009116927,-39.0129193835914,0,25,25,25,12,-39.0129193835914
01-Aug-2026 00:41:14,-146.819585743359,-39.3864960100238,0,25,25,25,12,-39.3864960100238
01-Aug-2026 00:41:16,-146.585053279513,-39.1519635461777,0,25,25,25,12,-39.1519635461777
01-Aug-2026 00:41:18,-136.873673966693,-29.4405842333574,0,25,25,25,14,-29.4405842333574
01-Aug-2026 00:41:20,-144.382312932572,-36.9492231992367,0,25,25,25,15,-24.8707958895542
01-Aug-2026 00:41:22,-142.980887665669,-35.5477979323342,0,26,26,26,16,-19.9560326732976
01-Aug-2026 00:41:24,-143.846062343866,-36.4129726105305,0,26,26,26,16,-36.4129726105305
01-Aug-2026 00:41:26,-143.295899121474,-35.862809388139,0,26,26,26,17,-35.862809388139
01-Aug-2026 00:41:28,-143.418761516903,-35.9856717835674,0,26,26,26,17,-35.9856717835674
01-Aug-2026 00:41:30,-144.561572317339,-37.1284825840039,0,26,26,26,15,-37.1284825840039
01-Aug-2026 00:41:32,-144.716456745376,-37.283367012041,0,27,27,27,16,-37.283367012041
01-Aug-2026 00:41:34,-145.14518973902,-37.7121000056846,0,27,27,27,17,-37.7121000056846
01-Aug-2026 00:41:36,-144.118536052506,-36.685446319171,0,27,27,27,17,-36.685446319171
01-Aug-2026 00:41:38,-138.295679907363,-30.8625901740283,0,27,27,27,16,-30.8625901740288
01-Aug-2026 00:41:40,-139.212498845074,-31.7794091117391,0,26,26,26,15,-31.7794091117389
01-Aug-2026 00:41:42,-139.234448954462,-31.8013592211266,0,26,26,26,15,-31.8013592211267
01-Aug-2026 00:41:44,-139.929767148523,-32.4966774151877,0,26,26,26,16,-32.4966774151877
01-Aug-2026 00:41:46,-140.885625966578,-33.4525362332431,0,26,26,26,15,-33.4525362332431
01-Aug-2026 00:41:48,-140.402965881272,-32.9698761479365,0,25,25,25,14,-32.9698761479365
01-Aug-2026 00:41:50,-128.859210799726,-21.4261210663904,0,25,25,25,15,-21.4261210663904
01-Aug-2026 00:41:52,-141.356345271773,-33.923255538438,0,25,25,25,16,-20.0085746226923
01-Aug-2026 00:41:54,-141.973893022437,-34.5408032891014,0,25,25,25,15,-20.1527095984603
01-Aug-2026 00:41:56,-142.166128332083,-34.7330385987482,0,26,26,26,15,-20.3311339680311
01-Aug-2026 00:41:58,-128.643384926627,-21.2102951932921,0,25,25,25,14,-21.2102951932921
01-Aug-2026 00:42:00,-130.69271150892,-23.2596217755852,0,25,25,25,14,-23.2596217755852
01-Aug-2026 00:42:02,-146.540374624747,-39.1072848914122,0,25,25,25,14,-39.1072848914122
01-Aug-2026 00:42:04,-145.948351828764,-38.5152620954289,0,25,25,25,14,-38.5152620954289
01-Aug-2026 00:42:06,-145.933623937321,-38.5005342039858,0,25,25,25,12,-38.5005342039858
01-Aug-2026 00:42:08,-149.541174280435,-42.1080845471002,0,25,25,25,10,-42.1080845471002
01-Aug-2026 00:42:10,-148.631716938986,-41.1986272056504,0,24,24,24,12,-41.1986272056504
01-Aug-2026 00:42:12,-148.884800700184,-41.4517109668493,0,24,24,24,12,-41.4517109668493
01-Aug-2026 00:42:14,-148.523482874654,-41.0903931413188,0,24,24,24,13,-41.0903931413188
01-Aug-2026 00:42:16,-146.889714880353,-39.4566251470182,0,24,24,24,14,-39.4566251470182
01-Aug-2026 00:42:18,-143.498107589333,-36.0650178559979,0,24,24,24,16,-36.0650178559979
01-Aug-2026 00:42:20,-145.309246551893,-37.8761568185579,0,24,24,24,14,-37.8761568185579
01-Aug-2026 00:42:22,-145.243298101749,-37.8102083684142,0,24,24,24,13,-37.8102083684142
01-Aug-2026 00:42:24,-145.138748356225,-37.7056586228894,0,24,24,24,14,-37.7056586228894
01-Aug-2026 00:42:26,-146.353553690987,-38.9204639576523,0,24,24,24,14,-38.9204639576523
01-Aug-2026 00:42:28,-146.365828140066,-38.9327384067307,0,24,24,24,14,-38.9327384067307
01-Aug-2026 00:42:30,-146.114969553641,-38.6818798203056,0,24,24,24,14,-38.6818798203056
01-Aug-2026 00:42:32,-146.012311448982,-38.5792217156467,0,24,24,24,13,-38.5792217156467
01-Aug-2026 00:42:34,-145.973751223869,-38.5406614905336,0,23,23,23,13,-38.5406614905336
01-Aug-2026 00:42:36,-146.239124654395,-38.8060349210595,0,23,23,23,13,-38.8060349210595
01-Aug-2026 00:42:38,-152.170728687261,-44.737638953926,0,23,23,23,13,-44.737638953926
01-Aug-2026 00:42:40,-151.822685122109,-44.3895953887742,0,23,23,23,13,-44.3895953887742
01-Aug-2026 00:42:42,-151.817267866376,-44.3841781330408,0,23,23,23,13,-44.3841781330408
01-Aug-2026 00:42:44,-152.047288367899,-44.6141986345636,0,23,23,23,13,-44.6141986345636
01-Aug-2026 00:42:46,-152.086585118794,-44.6534953854589,0,23,23,23,13,-44.6534953854589
01-Aug-2026 00:42:48,-143.645145704889,-36.2120559715533,0,23,23,23,14,-36.2120559715533
01-Aug-2026 00:42:50,-143.777845444477,-36.3447557111416,0,23,23,23,13,-32.3742686936178
01-Aug-2026 00:42:52,-143.789472720907,-36.3563829875723,0,22,22,22,12,-30.2792253491468
01-Aug-2026 00:42:54,-151.401937923798,-43.9688481904632,0,21,21,21,12,-43.9688481904632
01-Aug-2026 00:42:56,-150.815191210553,-43.3821014772178,0,21,21,21,13,-43.3821014772178
01-Aug-2026 00:42:58,-149.351606531873,-41.9185167985382,0,21,21,21,11,-41.9185167985382
01-Aug-2026 00:43:00,-147.490917337391,-40.0578276040561,0,21,21,21,12,-40.0578276040561
01-Aug-2026 00:43:02,-145.294315637056,-37.8612259037209,0,21,21,21,12,-37.8612259037209
01-Aug-2026 00:43:04,-142.550782102655,-35.1176923693203,0,21,21,21,13,-35.1176923693203
01-Aug-2026 00:43:06,-141.437472086988,-34.0043823536523,0,22,22,22,14,-34.0043823536523
01-Aug-2026 00:43:08,-140.706911522878,-33.2738217895433,0,22,22,22,13,-33.2738217895433
01-Aug-2026 00:43:10,-140.437618896677,-33.0045291633414,0,23,23,23,15,-33.0045291633414
01-Aug-2026 00:43:12,-141.334078999207,-33.9009892658716,0,23,23,23,13,-33.9009892658716
01-Aug-2026 00:43:14,-142.210635147051,-34.7775454137158,0,23,23,23,13,-34.7775454137158
01-Aug-2026 00:43:16,-143.938086380282,-36.5049966469473,0,23,23,23,14,-36.5049966469473
01-Aug-2026 00:43:18,-145.683738137246,-38.250648403911,0,23,23,23,13,-38.250648403911
01-Aug-2026 00:43:20,-147.176752523967,-39.7436627906316,0,23,23,23,12,-39.7436627906316
01-Aug-2026 00:43:22,-147.975192229107,-40.5421024957717,0,23,23,23,12,-40.5421024957717
01-Aug-2026 00:43:24,-149.74477352323,-42.3116837898944,0,24,24,24,11,-42.3116837898944
01-Aug-2026 00:43:26,-149.36645739369,-41.9333676603544,0,24,24,24,11,-41.9333676603544
01-Aug-2026 00:43:28,-149.985277083148,-42.5521873498128,0,23,23,23,13,-42.5521873498128
01-Aug-2026 00:43:30,-150.15534331298,-42.7222535796445,0,23,23,23,12,-42.7222535796445
01-Aug-2026 00:43:32,-144.651501495656,-37.2184117623206,0,23,23,23,14,-37.2184117623206
01-Aug-2026 00:43:34,-150.469533826184,-43.0364440928491,0,23,23,23,13,-43.0364440928491
01-Aug-2026 00:43:36,-150.159640419005,-42.7265506856702,0,23,23,23,14,-42.7265506856702
01-Aug-2026 00:43:38,-150.015638317389,-42.5825485840534,0,24,24,24,13,-42.5825485840534
01-Aug-2026 00:43:40,-150.190279364057,-42.7571896307217,0,24,24,24,12,-42.7571896307217
01-Aug-2026 00:43:42,-150.303979001725,-42.8708892683899,0,25,25,25,12,-42.8708892683899
01-Aug-2026 00:43:44,-147.494925193017,-40.0618354596823,0,26,26,26,12,-40.0618354596823
01-Aug-2026 00:43:46,-149.11143950918,-41.6783497758444,0,26,26,26,14,-41.6783497758444
01-Aug-2026 00:43:48,-149.090028918828,-41.6569391854931,0,25,25,25,12,-41.6569391854931
01-Aug-2026 00:43:50,-142.924984760722,-35.4918950273869,0,25,25,25,14,-35.4918950273869
01-Aug-2026 00:43:52,-142.289189748324,-34.8561000149885,0,25,25,25,13,-34.8561000149885
01-Aug-2026 00:43:54,-149.815794437455,-42.38270470412,0,25,25,25,11,-42.38270470412
01-Aug-2026 00:43:56,-150.21809571132,-42.7850059779847,0,25,25,25,11,-42.7850059779847
01-Aug-2026 00:43:58,-148.499857853512,-41.0667681201766,0,25,25,25,11,-41.0667681201766
01-Aug-2026 00:44:00,-148.63251164716,-41.1994219138248,0,25,25,25,11,-41.1994219138248
01-Aug-2026 00:44:02,-148.315542100186,-40.8824523668506,0,25,25,25,11,-40.8824523668506
01-Aug-2026 00:44:04,-148.785790968629,-41.3527012352943,0,25,25,25,11,-41.3527012352943
01-Aug-2026 00:44:06,-149.466587064102,-42.0334973307664,0,25,25,25,11,-42.0334973307664
01-Aug-2026 00:44:08,-149.502703314543,-42.0696135812081,0,25,25,25,12,-42.0696135812081
01-Aug-2026 00:44:10,-135.526027177645,-28.0929374443095,0,25,25,25,13,-28.0929374443095
01-Aug-2026 00:44:12,-134.816398765897,-27.3833090325615,0,25,25,25,14,-27.3833090325615
01-Aug-2026 00:44:14,-133.281801173164,-25.8487114398291,0,25,25,25,14,-25.8487114398291
01-Aug-2026 00:44:16,-132.209091656508,-24.7760019231726,0,26,26,26,16,-24.7760019231726
01-Aug-2026 00:44:18,-131.048339406559,-23.6152496732242,0,26,26,26,14,-23.6152496732242
01-Aug-2026 00:44:20,-130.14371189101,-22.7106221576748,0,27,27,27,16,-22.7106221576748
01-Aug-2026 00:44:22,-131.300484397404,-23.8673946640687,0,27,27,27,15,-23.8673946640687
01-Aug-2026 00:44:24,-130.284138290234,-22.8510485568986,0,27,27,27,14,-22.8510485568986
01-Aug-2026 00:44:26,-132.092756101989,-24.6596663686541,0,27,27,27,15,-24.6596663686541
01-Aug-2026 00:44:28,-133.373269689763,-25.9401799564275,0,27,27,27,14,-25.9401799564275
01-Aug-2026 00:44:30,-134.692764297739,-27.259674564404,0,27,27,27,14,-27.0553454708845
01-Aug-2026 00:44:32,-153.733535372024,-46.3004456386886,0,26,26,26,13,-36.5695466540249
01-Aug-2026 00:44:34,-153.767426527474,-46.3343367941393,0,26,26,26,13,-46.3343367941393
01-Aug-2026 00:44:36,-154.148088188202,-46.7149984548664,0,26,26,26,11,-46.7149984548664
01-Aug-2026 00:44:38,-151.545584500252,-44.1124947669168,0,26,26,26,13,-44.1124947669168
01-Aug-2026 00:44:40,-148.817572963461,-41.3844832301255,0,26,26,26,12,-41.3844832301255
01-Aug-2026 00:44:42,-145.346885388976,-37.9137956556407,0,26,26,26,10,-37.9137956556407
01-Aug-2026 00:44:44,-141.747326160335,-34.3142364270002,0,26,26,26,12,-34.3142364270002
01-Aug-2026 00:44:46,-137.442412650371,-30.0093229170357,0,26,26,26,14,-30.0093229170357
01-Aug-2026 00:44:48,-133.395675179582,-25.9625854462467,0,26,26,26,14,-25.9625854462467
01-Aug-2026 00:44:50,-129.32762145738,-21.894531724045,0,26,26,26,14,-21.894531724045
01-Aug-2026 00:44:52,-126.155202329418,-18.7221125960833,0,26,26,26,15,-18.7221125960833
01-Aug-2026 00:44:54,-125.687782452955,-18.2546927196196,0,26,26,26,13,-18.2546927196196
01-Aug-2026 00:44:56,-127.896429745113,-20.4633400117776,0,26,26,26,13,-20.4633400117776
01-Aug-2026 00:44:58,-131.974058981491,-24.5409692481556,0,26,26,26,14,-24.5409692481556
01-Aug-2026 00:45:00,-135.019102011428,-27.5860122780933,0,25,25,25,13,-27.5860122780933
01-Aug-2026 00:45:02,-140.382847414958,-32.9497576816231,0,25,25,25,14,-32.9497576816231
01-Aug-2026 00:45:04,-143.68337425657,-36.2502845232345,0,25,25,25,14,-36.2502845232345
01-Aug-2026 00:45:06,-145.526067597518,-38.0929778641831,0,25,25,25,14,-38.0929778641831
01-Aug-2026 00:45:08,-139.126218324481,-31.6931285911463,0,25,25,25,13,-31.6931285911463
01-Aug-2026 00:45:10,-135.198576518327,-27.7654867849918,0,25,25,25,13,-27.7654867849918
01-Aug-2026 00:45:12,-146.431403406674,-38.9983136733384,0,26,26,26,16,-38.9983136733384
01-Aug-2026 00:45:14,-146.716980582436,-39.2838908491008,0,26,26,26,15,-39.2838908491008
01-Aug-2026 00:45:16,-147.414870864049,-39.9817811307135,0,26,26,26,14,-39.9817811307135
01-Aug-2026 00:45:18,-147.484449296089,-40.0513595627534,0,26,26,26,13,-40.0513595627534
01-Aug-2026 00:45:20,-148.140488279861,-40.7073985465262,0,26,26,26,13,-40.7073985465262
01-Aug-2026 00:45:22,-148.929544244364,-41.4964545110284,0,26,26,26,12,-41.4964545110284
01-Aug-2026 00:45:24,-149.118878118885,-41.6857883855498,0,27,27,27,13,-41.6857883855498
01-Aug-2026 00:45:26,-149.425068215429,-41.9919784820942,0,27,27,27,16,-41.9919784820942
01-Aug-2026 00:45:28,-150.927246103918,-43.494156370583,0,26,26,26,16,-43.494156370583
01-Aug-2026 00:45:30,-145.958201158161,-38.5251114248256,0,26,26,26,15,-38.5251114248256
01-Aug-2026 00:45:32,-145.572386468508,-38.1392967351728,0,26,26,26,14,-38.1392967351728
01-Aug-2026 00:45:34,-145.061330078885,-37.6282403455495,0,26,26,26,13,-37.6282403455495
01-Aug-2026 00:45:36,-145.426052034265,-37.9929623009295,0,25,25,25,14,-37.9929623009295
01-Aug-2026 00:45:38,-145.176410976775,-37.74332124344,0,25,25,25,14,-37.74332124344
01-Aug-2026 00:45:40,-145.822794307039,-38.3897045737035,0,25,25,25,14,-38.3897045737035
01-Aug-2026 00:45:42,-145.631561798519,-38.1984720651834,0,25,25,25,12,-38.1984720651834
01-Aug-2026 00:45:44,-144.757138467733,-37.3240487343974,0,25,25,25,11,-37.3240487343974
01-Aug-2026 00:45:46,-144.048585525481,-36.6154957921457,0,26,26,26,13,-36.6154957921457
01-Aug-2026 00:45:48,-143.844319031708,-36.4112292983733,0,25,25,25,13,-36.4112292983733
01-Aug-2026 00:45:50,-143.852965666307,-36.4198759329716,0,25,25,25,13,-36.4198759329716
01-Aug-2026 00:45:52,-143.550131410096,-36.1170416767605,0,25,25,25,13,-36.1170416767605
01-Aug-2026 00:45:54,-143.081241220555,-35.6481514872199,0,24,24,24,11,-35.6481514872199
01-Aug-2026 00:45:56,-142.95336750479,-35.5202777714543,0,24,24,24,10,-35.5202777714543
01-Aug-2026 00:45:58,-142.436383373235,-35.0032936399002,0,24,24,24,11,-35.0032936399002
01-Aug-2026 00:46:00,-142.465499361009,-35.0324096276736,0,24,24,24,12,-35.0324096276736
01-Aug-2026 00:46:02,-141.47842752332,-34.0453377899846,0,24,24,24,14,-34.0453377899846
01-Aug-2026 00:46:04,-150.184360801094,-42.7512710677584,0,24,24,24,12,-42.7512710677584
01-Aug-2026 00:46:06,-147.844486165644,-40.4113964323088,0,24,24,24,11,-40.4113964323088
01-Aug-2026 00:46:08,-147.912096947556,-40.4790072142212,0,24,24,24,11,-40.4790072142212
01-Aug-2026 00:46:10,-146.425283267062,-38.9921935337268,0,24,24,24,12,-38.9921935337268
01-Aug-2026 00:46:12,-142.950708840678,-35.5176191073431,0,24,24,24,13,-35.5176191073431
01-Aug-2026 00:46:14,-142.58210121373,-35.1490114803953,0,24,24,24,13,-35.1490114803953
01-Aug-2026 00:46:16,-141.892676765357,-34.4595870320222,0,24,24,24,13,-34.4595870320222
01-Aug-2026 00:46:18,-150.636830164816,-43.2037404314804,0,24,24,24,12,-43.2037404314804
01-Aug-2026 00:46:20,-150.565925446625,-43.1328357132898,0,24,24,24,12,-43.1328357132898
01-Aug-2026 00:46:22,-150.719245362741,-43.2861556294062,0,23,23,23,13,-43.2861556294062
01-Aug-2026 00:46:24,-150.362497678275,-42.9294079449399,0,23,23,23,13,-42.9294079449399
01-Aug-2026 00:46:26,-150.703188339312,-43.270098605977,0,23,23,23,13,-43.270098605977
01-Aug-2026 00:46:28,-146.419290942223,-38.9862012088881,0,23,23,23,13,-38.9862012088881
01-Aug-2026 00:46:30,-147.283108047807,-39.8500183144722,0,23,23,23,11,-39.8500183144722
01-Aug-2026 00:46:32,-148.325054682337,-40.891964949002,0,23,23,23,9,-40.891964949002
01-Aug-2026 00:46:34,-147.993202955316,-40.5601132219811,0,23,23,23,9,-40.5601132219811
01-Aug-2026 00:46:36,-149.531642840705,-42.0985531073703,0,23,23,23,10,-42.0985531073703
01-Aug-2026 00:46:38,-149.446967583283,-42.0138778499479,0,23,23,23,10,-42.0138778499479
01-Aug-2026 00:46:40,-149.514856204893,-42.0817664715581,0,23,23,23,9,-42.0817664715581
01-Aug-2026 00:46:42,-149.541794426405,-42.1087046930697,0,23,23,23,10,-42.1087046930697
01-Aug-2026 00:46:44,-149.54976949055,-42.1166797572145,0,22,22,22,10,-42.1166797572145
01-Aug-2026 00:46:46,-150.03191826156,-42.5988285282251,0,22,22,22,10,-42.5988285282251
01-Aug-2026 00:46:48,-152.299496885642,-44.8664071523073,0,22,22,22,9,-44.8664071523073
01-Aug-2026 00:46:50,-153.996321767843,-46.5632320345079,0,21,21,21,8,-46.5632320345079
01-Aug-2026 00:46:52,-154.505687278626,-47.0725975452912,0,21,21,21,8,-47.0725975452912
01-Aug-2026 00:46:54,-151.946944429385,-44.5138546960498,0,21,21,21,10,-44.5138546960498
01-Aug-2026 00:46:56,-150.309954640954,-42.8768649076186,0,21,21,21,10,-42.8768649076186
01-Aug-2026 00:46:58,-150.305033456027,-42.8719437226921,0,21,21,21,11,-42.8719437226921
01-Aug-2026 00:47:00,-150.638528990861,-43.2054392575261,0,22,22,22,12,-43.2054392575261
01-Aug-2026 00:47:02,-150.896122402731,-43.4630326693959,0,22,22,22,12,-43.4630326693959
01-Aug-2026 00:47:04,-153.08870892883,-45.6556191954947,0,22,22,22,10,-45.6556191954947
01-Aug-2026 00:47:06,-152.310057665022,-44.8769679316863,0,22,22,22,8,-44.8769679316863
01-Aug-2026 00:47:08,-152.471345879076,-45.0382561457409,0,22,22,22,7,-45.0382561457409
01-Aug-2026 00:47:10,-151.970100602264,-44.5370108689284,0,22,22,22,6,-44.5370108689284
01-Aug-2026 00:47:12,-146.843543412983,-39.4104536796479,0,23,23,23,7,-39.4104536796479
01-Aug-2026 00:47:14,-147.647431307245,-40.2143415739093,0,23,23,23,6,-40.2143415739093
01-Aug-2026 00:47:16,-146.767661217049,-39.3345714837136,0,23,23,23,6,-39.3345714837136
01-Aug-2026 00:47:18,-146.689066930081,-39.2559771967458,0,23,23,23,6,-39.2559771967458
01-Aug-2026 00:47:20,-146.909950306829,-39.476860573494,0,23,23,23,6,-39.476860573494
01-Aug-2026 00:47:22,-146.982075019448,-39.5489852861126,0,23,23,23,6,-39.5489852861126
01-Aug-2026 00:47:24,-146.244376837349,-38.8112871040141,0,23,23,23,6,-38.8112871040141
01-Aug-2026 00:47:26,-177.25364124982,-69.8205515164851,0,23,23,23,4,-69.8205515164851
01-Aug-2026 00:47:28,-177.740191800333,-70.3071020669978,0,24,24,24,4,-70.3071020669978
01-Aug-2026 00:47:30,-178.398916109721,-70.9658263763862,0,24,24,24,3,-70.9658263763862
01-Aug-2026 00:47:32,-176.307689325566,-68.8745995922306,0,25,25,25,3,-68.8745995922306
01-Aug-2026 00:47:34,-176.117913463067,-68.684823729732,0,25,25,25,3,-68.684823729732
01-Aug-2026 00:47:36,-138.826804748691,-31.3937150153556,0,25,25,25,4,-31.3937150153556
01-Aug-2026 00:47:38,-138.082621933041,-30.6495321997063,0,24,24,24,3,-30.6495321997063
01-Aug-2026 00:47:40,-137.341116695761,-29.9080269624263,0,24,24,24,3,-29.9080269624263
01-Aug-2026 00:47:42,-136.276660989974,-28.8435712566387,0,24,24,24,4,-28.8435712566387
01-Aug-2026 00:47:44,-126.230167333831,-18.7970776004956,0,24,24,24,4,-18.7970776004956
01-Aug-2026 00:47:46,-125.957063092163,-18.5239733588281,0,24,24,24,4,-18.5239733588281
01-Aug-2026 00:47:48,-126.387725348167,-18.9546356148314,0,24,24,24,4,-18.9546356148314
01-Aug-2026 00:47:50,-126.646453916559,-19.2133641832237,0,24,24,24,4,-19.2133641832237
01-Aug-2026 00:47:52,-126.641720023616,-19.2086302902809,0,24,24,24,5,-19.2086302902809
01-Aug-2026 00:47:54,-126.962723077653,-19.529633344318,0,24,24,24,5,-19.4422761485293
01-Aug-2026 00:47:56,-128.091454581207,-20.6583648478721,0,24,24,24,6,-20.5177486235749
01-Aug-2026 00:47:58,-128.05080627009,-20.6177165367549,0,24,24,24,7,-20.6177165367549
01-Aug-2026 00:48:00,-128.826692513315,-21.3936027799801,0,26,26,26,9,-21.0644759437505
01-Aug-2026 00:48:02,-129.21717119322,-21.7840814598853,0,26,26,26,8,-21.7840814598853
01-Aug-2026 00:48:04,-129.88367484326,-22.4505851099245,0,26,26,26,10,-22.4505851099245
01-Aug-2026 00:48:06,-130.360832211352,-22.927742478017,0,27,27,27,12,-22.927742478017
01-Aug-2026 00:48:08,-132.191363782842,-24.7582740495063,0,27,27,27,12,-24.7582740495063
01-Aug-2026 00:48:10,-133.057708058774,-25.624618325439,0,27,27,27,12,-25.624618325439
01-Aug-2026 00:48:12,-133.541614120832,-26.1085243874967,0,27,27,27,11,-26.1085243874967
01-Aug-2026 00:48:14,-133.857570773792,-26.4244810404564,0,27,27,27,11,-26.4244810404564
01-Aug-2026 00:48:16,-134.870984518198,-27.4378947848631,0,27,27,27,12,-27.4378947848631
01-Aug-2026 00:48:18,-135.420470622326,-27.9873808889903,0,27,27,27,12,-27.9873808889903
01-Aug-2026 00:48:20,-136.018091613561,-28.5850018802263,0,27,27,27,10,-28.5850018802263
01-Aug-2026 00:48:22,-136.32840022055,-28.8953104872149,0,26,26,26,10,-28.8953104872149
01-Aug-2026 00:48:24,-137.195325930791,-29.7622361974557,0,26,26,26,12,-29.7622361974557
01-Aug-2026 00:48:26,-122.234196704225,-14.8011069708897,0,26,26,26,14,-14.8011069708897
01-Aug-2026 00:48:28,-123.921936221917,-16.4888464885819,0,26,26,26,14,-16.4888464885819
01-Aug-2026 00:48:30,-125.618328655004,-18.1852389216684,0,26,26,26,13,-18.1852389216684
01-Aug-2026 00:48:32,-127.797413251079,-20.3643235177436,0,26,26,26,11,-20.3643235177436
01-Aug-2026 00:48:34,-128.616655385271,-21.183565651936,0,26,26,26,11,-21.183565651936
01-Aug-2026 00:48:36,-129.92040452833,-22.4873147949953,0,26,26,26,11,-22.4873147949953
01-Aug-2026 00:48:38,-130.177242066255,-22.7441523329201,0,26,26,26,11,-22.7441523329201
01-Aug-2026 00:48:40,-130.866039471827,-23.4329497384916,0,26,26,26,12,-23.4329497384916
01-Aug-2026 00:48:42,-135.417048821284,-27.9839590879493,0,26,26,26,9,-27.9839590879493
01-Aug-2026 00:48:44,-135.155914033749,-27.7228243004139,0,26,26,26,8,-27.7228243004139
01-Aug-2026 00:48:46,-135.123735337849,-27.690645604514,0,26,26,26,9,-27.690645604514
01-Aug-2026 00:48:48,-134.821352047107,-27.3882623137721,0,26,26,26,12,-27.3882623137721
01-Aug-2026 00:48:50,-134.681556605426,-27.2484668720907,0,25,25,25,14,-27.2484668720907
01-Aug-2026 00:48:52,-134.248389427094,-26.8152996937587,0,25,25,25,13,-26.8152996937587
01-Aug-2026 00:48:54,-133.717969164492,-26.2848794311571,0,25,25,25,13,-26.2848794311571
01-Aug-2026 00:48:56,-132.682660148763,-25.2495704154281,0,25,25,25,14,-25.2495704154281
01-Aug-2026 00:48:58,-133.928077645464,-26.494987912129,0,25,25,25,14,-26.494987912129
01-Aug-2026 00:49:00,-133.775018062765,-26.3419283294298,0,25,25,25,14,-26.3419283294298
01-Aug-2026 00:49:02,-132.407832629373,-24.974742896038,0,25,25,25,16,-24.974742896038
01-Aug-2026 00:49:04,-132.892453932424,-25.4593641990885,0,26,26,26,16,-25.4593641990885
01-Aug-2026 00:49:06,-140.064568129073,-32.631478395738,0,26,26,26,15,-32.631478395738
01-Aug-2026 00:49:08,-140.368967675301,-32.935877941966,0,26,26,26,14,-32.935877941966
01-Aug-2026 00:49:10,-147.222640725963,-39.7895509926279,0,26,26,26,12,-39.7895509926279
01-Aug-2026 00:49:12,-147.062033011578,-39.6289432782427,0,26,26,26,14,-39.6289432782427
01-Aug-2026 00:49:14,-147.148106431502,-39.7150166981668,0,26,26,26,13,-39.7150166981668
01-Aug-2026 00:49:16,-147.668364527992,-40.2352747946567,0,26,26,26,14,-40.2352747946567
01-Aug-2026 00:49:18,-148.940643604749,-41.5075538714136,0,26,26,26,14,-41.5075538714136
01-Aug-2026 00:49:20,-148.873855410172,-41.4407656768363,0,26,26,26,14,-41.4407656768363
01-Aug-2026 00:49:22,-152.252860744851,-44.8197710115161,0,26,26,26,12,-44.8197710115161
01-Aug-2026 00:49:24,-152.547735477781,-45.1146457444454,0,25,25,25,11,-45.1146457444454
01-Aug-2026 00:49:26,-151.484880387338,-44.0517906540031,0,25,25,25,11,-44.0517906540031
01-Aug-2026 00:49:28,-151.513803844134,-44.0807141107985,0,25,25,25,11,-44.0807141107985
01-Aug-2026 00:49:30,-153.821840947226,-46.388751213891,0,25,25,25,11,-46.388751213891
01-Aug-2026 00:49:32,-154.170276200407,-46.7371864670715,0,25,25,25,11,-46.7371864670715
01-Aug-2026 00:49:34,-154.724719119342,-47.2916293860073,0,25,25,25,12,-47.2916293860073
01-Aug-2026 00:49:36,-152.702395437312,-45.2693057039772,0,26,26,26,14,-45.2693057039772
01-Aug-2026 00:49:38,-152.549975084006,-45.1168853506707,0,26,26,26,14,-45.1168853506707
01-Aug-2026 00:49:40,-152.329918486298,-44.8968287529625,0,24,24,24,14,-22.2177028124446
01-Aug-2026 00:49:42,-129.296720034208,-21.863630300873,0,24,24,24,15,-21.863630300873
01-Aug-2026 00:49:44,-130.558384914898,-23.1252951815625,0,24,24,24,15,-23.1252951815625
01-Aug-2026 00:49:46,-132.104437797881,-24.6713480645454,0,24,24,24,16,-24.6713480645454
01-Aug-2026 00:49:48,-133.428319818958,-25.9952300856228,0,24,24,24,16,-25.9952300856228
01-Aug-2026 00:49:50,-128.688538516853,-21.2554487835173,0,24,24,24,14,-21.2554487835173
01-Aug-2026 00:49:52,-130.688327109472,-23.2552373761365,0,24,24,24,12,-23.2552373761365
01-Aug-2026 00:49:54,-131.744709129762,-24.3116193964264,0,24,24,24,12,-24.3116193964264
01-Aug-2026 00:49:56,-132.891560551307,-25.4584708179718,0,24,24,24,12,-25.4584708179718
01-Aug-2026 00:49:58,-133.534656542173,-26.101566808838,0,24,24,24,12,-26.101566808838
01-Aug-2026 00:50:00,-134.185465965944,-26.7523762326092,0,24,24,24,13,-26.7523762326092
01-Aug-2026 00:50:02,-139.913570029244,-32.4804802959085,0,24,24,24,11,-32.4804802959085
01-Aug-2026 00:50:04,-140.237011772108,-32.8039220387723,0,23,23,23,10,-32.8039220387723
01-Aug-2026 00:50:06,-140.882316557306,-33.4492268239703,0,23,23,23,9,-33.4492268239703
01-Aug-2026 00:50:08,-143.847957738388,-36.4148680050525,0,22,22,22,9,-36.4148680050525
01-Aug-2026 00:50:10,-144.15928295344,-36.7261932201047,0,22,22,22,10,-36.7261932201047
01-Aug-2026 00:50:12,-144.883035466648,-37.4499457333132,0,22,22,22,9,-37.4499457333132
01-Aug-2026 00:50:14,-145.403719877914,-37.9706301445792,0,22,22,22,10,-37.9706301445792
01-Aug-2026 00:50:16,-144.600371403583,-37.1672816702477,0,22,22,22,10,-37.1672816702477
01-Aug-2026 00:50:18,-147.383244693395,-39.9501549600601,0,22,22,22,9,-39.9501549600601
01-Aug-2026 00:50:20,-147.859892843194,-40.4268031098592,0,22,22,22,7,-40.4268031098592
01-Aug-2026 00:50:22,-148.219451095639,-40.7863613623033,0,22,22,22,6,-40.7863613623033
01-Aug-2026 00:50:24,-148.30645286393,-40.8733631305949,0,22,22,22,7,-40.8733631305949
01-Aug-2026 00:50:26,-148.465513371757,-41.032423638422,0,22,22,22,6,-41.032423638422
01-Aug-2026 00:50:28,-148.407541321615,-40.9744515882803,0,22,22,22,6,-40.9744515882803
01-Aug-2026 00:50:30,-150.069082290186,-42.6359925568508,0,22,22,22,6,-42.6359925568508
01-Aug-2026 00:50:32,-148.92128930081,-41.4881995674744,0,22,22,22,7,-41.4881995674744
01-Aug-2026 00:50:34,-148.624454593488,-41.1913648601528,0,22,22,22,8,-41.1913648601528
01-Aug-2026 00:50:36,-148.513862952912,-41.0807732195766,0,22,22,22,7,-41.0807732195766
01-Aug-2026 00:50:38,-148.707838981262,-41.2747492479267,0,22,22,22,8,-41.2747492479267
01-Aug-2026 00:50:40,-148.881476553119,-41.4483868197842,0,22,22,22,8,-41.4483868197842
01-Aug-2026 00:50:42,-148.931567462607,-41.4984777292716,0,22,22,22,10,-41.4984777292716
01-Aug-2026 00:50:44,-141.974365433356,-34.5412757000209,0,22,22,22,14,-34.5412757000209
01-Aug-2026 00:50:46,-143.683952651545,-36.2508629182103,0,21,21,21,12,-36.2508629182103
01-Aug-2026 00:50:48,-143.645878453045,-36.2127887197101,0,21,21,21,12,-36.2127887197101
01-Aug-2026 00:50:50,-143.234512903988,-35.8014231706532,0,21,21,21,11,-35.8014231706532
01-Aug-2026 00:50:52,-142.695696828729,-35.2626070953939,0,22,22,22,12,-35.2626070953939
01-Aug-2026 00:50:54,-139.939564419404,-32.5064746860685,0,22,22,22,9,-32.5064746860685
01-Aug-2026 00:50:56,-139.606875664861,-32.1737859315259,0,22,22,22,9,-32.1737859315259
01-Aug-2026 00:50:58,-139.796206860494,-32.3631171271593,0,22,22,22,9,-32.3631171271593
01-Aug-2026 00:51:00,-139.891404804406,-32.4583150710712,0,23,23,23,9,-32.4583150710712
01-Aug-2026 00:51:02,-139.581079914826,-32.1479901814905,0,23,23,23,11,-32.1479901814905
01-Aug-2026 00:51:04,-140.230896673453,-32.7978069401181,0,23,23,23,12,-32.7978069401181
01-Aug-2026 00:51:06,-139.76900866978,-32.3359189364443,0,23,23,23,13,-32.3359189364443
01-Aug-2026 00:51:08,-139.716622477099,-32.2835327437641,0,23,23,23,14,-32.2835327437641
01-Aug-2026 00:51:10,-140.291514022245,-32.8584242889096,0,23,23,23,13,-32.8584242889096
01-Aug-2026 00:51:12,-139.739118858648,-32.3060291253127,0,23,23,23,15,-32.3060291253127
01-Aug-2026 00:51:14,-139.796631527537,-32.363541794202,0,23,23,23,15,-32.363541794202
01-Aug-2026 00:51:16,-139.423058046925,-31.9899683135895,0,23,23,23,15,-31.9899683135895
01-Aug-2026 00:51:18,-138.924167245125,-31.49107751179,0,24,24,24,15,-31.49107751179
01-Aug-2026 00:51:20,-138.771783937264,-31.3386942039292,0,24,24,24,15,-31.3386942039292
01-Aug-2026 00:51:22,-138.411108079982,-30.9780183466472,0,25,25,25,16,-30.9780183466472
01-Aug-2026 00:51:24,-138.01836869447,-30.5852789611349,0,25,25,25,14,-30.5852789611349
01-Aug-2026 00:51:26,-140.912835377027,-33.4797456436916,0,25,25,25,13,-33.4797456436916
01-Aug-2026 00:51:28,-141.341295214821,-33.9082054814856,0,24,24,24,11,-33.9082054814856
01-Aug-2026 00:51:30,-129.975654132121,-22.5425643987857,0,24,24,24,14,-22.5425643987857
01-Aug-2026 00:51:32,-123.19881521507,-15.7657254817347,0,24,24,24,15,-15.7657254817347
01-Aug-2026 00:51:34,-123.066171175799,-15.6330814424639,0,24,24,24,14,-15.6330814424639
01-Aug-2026 00:51:36,-123.086519765257,-15.6534300319216,0,24,24,24,15,-15.6534300319216
01-Aug-2026 00:51:38,-123.344705946807,-15.911616213472,0,24,24,24,13,-15.9116162134721
01-Aug-2026 00:51:40,-123.244968641162,-15.8118789078265,0,25,25,25,12,-15.8118789078265
01-Aug-2026 00:51:42,-126.002238609488,-18.5691488761525,0,25,25,25,12,-15.4014208889322
01-Aug-2026 00:51:44,-126.262385786289,-18.8292960529542,0,25,25,25,12,-18.8292960529542
01-Aug-2026 00:51:46,-127.036357997781,-19.6032682644456,0,25,25,25,12,-19.6032682644456
01-Aug-2026 00:51:48,-127.670596539652,-20.2375068063168,0,25,25,25,12,-20.2375068063168
01-Aug-2026 00:51:50,-128.087054425098,-20.6539646917632,0,25,25,25,12,-20.6539646917632
01-Aug-2026 00:51:52,-128.661491162632,-21.2284014292967,0,25,25,25,12,-21.2284014292967
01-Aug-2026 00:51:54,-128.45888085262,-21.0257911192849,0,26,26,26,13,-21.0257911192849
01-Aug-2026 00:51:56,-129.045572196804,-21.612482463469,0,26,26,26,12,-21.612482463469
01-Aug-2026 00:51:58,-130.482335859348,-23.0492461260125,0,26,26,26,12,-23.0492461260125
01-Aug-2026 00:52:00,-131.192781965577,-23.7596922322418,0,26,26,26,12,-23.7596922322418
01-Aug-2026 00:52:02,-132.000262281113,-24.5671725477775,0,26,26,26,12,-24.5671725477775
01-Aug-2026 00:52:04,-133.357668389068,-25.9245786557331,0,26,26,26,12,-25.9245786557331
01-Aug-2026 00:52:06,-134.74593428866,-27.3128445553247,0,26,26,26,14,-27.3128445553247
01-Aug-2026 00:52:08,-135.261193865085,-27.8281041317495,0,26,26,26,14,-27.8281041317495
01-Aug-2026 00:52:10,-135.806977206208,-28.3738874728725,0,26,26,26,14,-28.3738874728725
01-Aug-2026 00:52:12,-136.527633272099,-29.0945435387641,0,25,25,25,14,-29.0945435387641
01-Aug-2026 00:52:14,-137.744146991952,-30.3110572586168,0,25,25,25,12,-30.3110572586168
01-Aug-2026 00:52:16,-138.398937147829,-30.965847414494,0,25,25,25,11,-30.965847414494
01-Aug-2026 00:52:18,-139.544120727003,-32.1110309936678,0,25,25,25,10,-32.1110309936678
01-Aug-2026 00:52:20,-141.047145336838,-33.6140556035026,0,25,25,25,10,-33.6140556035026
01-Aug-2026 00:52:22,-142.429834149483,-34.9967444161478,0,25,25,25,10,-34.9967444161478
01-Aug-2026 00:52:24,-141.276702697458,-33.8436129641224,0,25,25,25,10,-33.8436129641224
01-Aug-2026 00:52:26,-141.422882201586,-33.989792468251,0,25,25,25,9,-33.989792468251
01-Aug-2026 00:52:28,-141.193302294699,-33.7602125613639,0,25,25,25,11,-33.7602125613639
01-Aug-2026 00:52:30,-141.09887619485,-33.6657864615146,0,25,25,25,11,-33.6657864615146
01-Aug-2026 00:52:32,-141.274070818804,-33.8409810854687,0,25,25,25,11,-33.8409810854687
01-Aug-2026 00:52:34,-140.452689090278,-33.019599356943,0,25,25,25,12,-33.019599356943
01-Aug-2026 00:52:36,-139.94304048948,-32.5099507561447,0,25,25,25,13,-32.5099507561447
01-Aug-2026 00:52:38,-139.267410658211,-31.8343209248753,0,25,25,25,14,-31.8343209248753
01-Aug-2026 00:52:40,-138.111833900419,-30.6787441670836,0,24,24,24,16,-30.6787441670836
01-Aug-2026 00:52:42,-137.759480985307,-30.3263912519716,0,24,24,24,17,-30.3263912519716
01-Aug-2026 00:52:44,-136.815568448778,-29.3824787154428,0,24,24,24,18,-29.3824787154428
01-Aug-2026 00:52:46,-135.8589411285,-28.4258513951646,0,24,24,24,20,-28.4258513951646
01-Aug-2026 00:52:48,-135.667391862712,-28.2343021293769,0,24,24,24,19,-28.2343021293769
01-Aug-2026 00:52:50,-135.307645876175,-27.87455614284,0,24,24,24,17,-27.87455614284
01-Aug-2026 00:52:52,-134.720582217066,-27.2874924837311,0,24,24,24,17,-27.2874924837311
01-Aug-2026 00:52:54,-134.096153891679,-26.663064158344,0,25,25,25,16,-26.663064158344
01-Aug-2026 00:52:56,-133.669673708808,-26.2365839754723,0,25,25,25,14,-26.2365839754723
01-Aug-2026 00:52:58,-132.83506574977,-25.401976016435,0,25,25,25,14,-25.401976016435
01-Aug-2026 00:53:00,-132.137749137209,-24.7046594038741,0,25,25,25,15,-24.7046594038741
01-Aug-2026 00:53:02,-130.788681263337,-23.3555915300016,0,25,25,25,16,-23.3555915300016
01-Aug-2026 00:53:04,-129.784105971056,-22.351016237721,0,25,25,25,17,-22.351016237721
01-Aug-2026 00:53:06,-128.421324227933,-20.9882344945974,0,25,25,25,17,-20.9882344945974
01-Aug-2026 00:53:08,-127.508845094544,-20.0757553612091,0,24,24,24,15,-20.0757553612091
01-Aug-2026 00:53:10,-126.074593276064,-18.6415035427285,0,24,24,24,15,-18.6415035427285
01-Aug-2026 00:53:12,-125.10488894038,-17.671799207045,0,24,24,24,15,-17.671799207045
01-Aug-2026 00:53:14,-124.335790616348,-16.902700883013,0,24,24,24,14,-16.902700883013
01-Aug-2026 00:53:16,-123.055604211674,-15.6225144783386,0,24,24,24,14,-15.6225144783386
01-Aug-2026 00:53:18,-148.930677898582,-41.4975881652472,0,24,24,24,13,-41.4975881652472
01-Aug-2026 00:53:20,-148.838449659906,-41.4053599265708,0,24,24,24,12,-41.4053599265708
01-Aug-2026 00:53:22,-148.937933545161,-41.5048438118261,0,24,24,24,14,-41.5048438118261
01-Aug-2026 00:53:24,-148.96160699405,-41.5285172607145,0,23,23,23,14,-41.5285172607145
01-Aug-2026 00:53:26,-148.886523161652,-41.4534334283172,0,23,23,23,14,-41.4534334283172
01-Aug-2026 00:53:28,-148.753034572565,-41.3199448392298,0,24,24,24,14,-41.3199448392298
01-Aug-2026 00:53:30,-148.732431978029,-41.2993422446939,0,23,23,23,13,-41.2993422446939
01-Aug-2026 00:53:32,-148.934515604646,-41.501425871311,0,23,23,23,11,-41.501425871311
01-Aug-2026 00:53:34,-148.827527990404,-41.3944382570691,0,23,23,23,11,-41.3944382570691
01-Aug-2026 00:53:36,-149.014216786289,-41.5811270529543,0,23,23,23,11,-41.5811270529543
01-Aug-2026 00:53:38,-148.892755787975,-41.45966605464,0,23,23,23,11,-41.45966605464
01-Aug-2026 00:53:40,-148.30984138863,-40.876751655295,0,23,23,23,12,-40.876751655295
01-Aug-2026 00:53:42,-148.131461665607,-40.6983719322719,0,23,23,23,14,-40.6983719322719
01-Aug-2026 00:53:44,-147.993712864423,-40.560623131088,0,23,23,23,14,-40.560623131088
01-Aug-2026 00:53:46,-148.310976297983,-40.8778865646477,0,23,23,23,13,-40.8778865646477
01-Aug-2026 00:53:48,-148.427458079131,-40.9943683457957,0,23,23,23,14,-40.9943683457957
01-Aug-2026 00:53:50,-152.654149689364,-45.2210599560288,0,23,23,23,13,-45.2210599560288
01-Aug-2026 00:53:52,-149.067819400262,-41.6347296669271,0,23,23,23,14,-41.6347296669271
01-Aug-2026 00:53:54,-149.037758605267,-41.6046688719321,0,22,22,22,13,-41.6046688719321
01-Aug-2026 00:53:56,-149.058674148913,-41.6255844155781,0,22,22,22,14,-41.6255844155781
01-Aug-2026 00:53:58,-149.275165362584,-41.8420756292491,0,22,22,22,13,-41.8420756292491
01-Aug-2026 00:54:00,-152.981605537294,-45.5485158039589,0,22,22,22,12,-45.5485158039589
01-Aug-2026 00:54:02,-153.017669761199,-45.5845800278637,0,22,22,22,11,-45.5845800278637
01-Aug-2026 00:54:04,-147.722429815902,-40.2893400825664,0,22,22,22,15,-40.2893400825664
01-Aug-2026 00:54:06,-147.543115297423,-40.1100255640877,0,22,22,22,15,-40.1100255640877
01-Aug-2026 00:54:08,-146.75744694612,-39.3243572127846,0,22,22,22,12,-39.3243572127846
01-Aug-2026 00:54:10,-147.196287266308,-39.7631975329724,0,22,22,22,11,-39.7631975329724
01-Aug-2026 00:54:12,-147.025746498483,-39.5926567651476,0,22,22,22,11,-39.5926567651476
01-Aug-2026 00:54:14,-147.280226740677,-39.8471370073414,0,22,22,22,10,-39.8471370073414
01-Aug-2026 00:54:16,-147.782981333308,-40.3498915999731,0,22,22,22,10,-40.3498915999731
01-Aug-2026 00:54:18,-147.466598095496,-40.0335083621604,0,23,23,23,11,-40.0335083621604
01-Aug-2026 00:54:20,-147.760742240334,-40.3276525069991,0,23,23,23,11,-40.3276525069991
01-Aug-2026 00:54:22,-147.777435992019,-40.3443462586836,0,22,22,22,11,-40.3443462586836
01-Aug-2026 00:54:24,-148.247621152865,-40.8145314195298,0,22,22,22,10,-40.8145314195298
01-Aug-2026 00:54:26,-148.312472105622,-40.8793823722868,0,22,22,22,11,-40.8793823722868
01-Aug-2026 00:54:28,-148.702563922707,-41.2694741893721,0,22,22,22,12,-41.2694741893721
01-Aug-2026 00:54:30,-148.613039387189,-41.1799496538534,0,22,22,22,12,-41.1799496538534
01-Aug-2026 00:54:32,-148.765629367362,-41.3325396340264,0,22,22,22,10,-41.3325396340264
01-Aug-2026 00:54:34,-148.999338560831,-41.5662488274955,0,22,22,22,10,-41.5662488274955
01-Aug-2026 00:54:36,-148.958556853239,-41.5254671199037,0,22,22,22,10,-41.5254671199037
01-Aug-2026 00:54:38,-148.782597269071,-41.3495075357358,0,22,22,22,11,-41.3495075357358
01-Aug-2026 00:54:40,-148.970749258023,-41.5376595246874,0,22,22,22,10,-41.5376595246874
01-Aug-2026 00:54:42,-151.045185065267,-43.6120953319319,0,22,22,22,9,-43.6120953319319
01-Aug-2026 00:54:44,-150.931058692173,-43.4979689588382,0,22,22,22,12,-43.4979689588382
01-Aug-2026 00:54:46,-150.842483976145,-43.4093942428095,0,22,22,22,12,-43.4093942428095
01-Aug-2026 00:54:48,-148.822624477584,-41.3895347442489,0,23,23,23,13,-41.3895347442489
01-Aug-2026 00:54:50,-147.710919798553,-40.277830065218,0,23,23,23,11,-40.277830065218
01-Aug-2026 00:54:52,-147.411738483233,-39.9786487498977,0,23,23,23,11,-39.9786487498977
01-Aug-2026 00:54:54,-147.371961226739,-39.938871493404,0,23,23,23,10,-39.938871493404
01-Aug-2026 00:54:56,-147.332007074132,-39.8989173407964,0,23,23,23,10,-39.8989173407964
01-Aug-2026 00:54:58,-132.812197680282,-25.3791079469468,0,23,23,23,11,-25.3791079469468
01-Aug-2026 00:55:00,-131.961639001416,-24.5285492680806,0,23,23,23,12,-24.5285492680806
01-Aug-2026 00:55:02,-132.045682584713,-24.6125928513776,0,23,23,23,11,-24.6125928513776
01-Aug-2026 00:55:04,-131.339783435179,-23.9066937018435,0,23,23,23,11,-23.9066937018435
01-Aug-2026 00:55:06,-151.278557825952,-43.845468092617,0,23,23,23,10,-43.845468092617
01-Aug-2026 00:55:08,-151.207938505668,-43.7748487723327,0,24,24,24,10,-43.7748487723327
01-Aug-2026 00:55:10,-151.17521342416,-43.7421236908249,0,25,25,25,11,-43.7421236908249
01-Aug-2026 00:55:12,-150.983356905884,-43.5502671725484,0,25,25,25,9,-43.5502671725484
01-Aug-2026 00:55:14,-151.388464683056,-43.955374949721,0,25,25,25,7,-43.955374949721
01-Aug-2026 00:55:16,-151.612393051383,-44.1793033180476,0,25,25,25,10,-44.1793033180476
01-Aug-2026 00:55:18,-151.544319215713,-44.1112294823775,0,25,25,25,10,-44.1112294823775
01-Aug-2026 00:55:20,-151.400914120852,-43.9678243875166,0,24,24,24,10,-43.9678243875166
01-Aug-2026 00:55:22,-151.90725618289,-44.4741664495548,0,25,25,25,8,-44.4741664495548
01-Aug-2026 00:55:24,-150.701122507489,-43.2680327741534,0,25,25,25,9,-43.2680327741534
01-Aug-2026 00:55:26,-143.483743706156,-36.0506539728209,0,25,25,25,10,-36.0506539728209
01-Aug-2026 00:55:28,-143.342834839863,-35.9097451065277,0,25,25,25,12,-35.9097451065277
01-Aug-2026 00:55:30,-142.646658979402,-35.213569246067,0,25,25,25,12,-35.213569246067
01-Aug-2026 00:55:32,-152.590050512436,-45.1569607791008,0,25,25,25,10,-15.8238298118752
01-Aug-2026 00:55:34,-152.914276866241,-45.4811871329062,0,25,25,25,11,-45.4811871329062
01-Aug-2026 00:55:36,-153.086948749216,-45.6538590158805,0,25,25,25,12,-45.6538590158805
01-Aug-2026 00:55:38,-153.534166266032,-46.1010765326973,0,25,25,25,11,-46.1010765326973
01-Aug-2026 00:55:40,-153.160088997369,-45.7269992640336,0,25,25,25,10,-45.7269992640336
01-Aug-2026 00:55:42,-152.584382025458,-45.151292292123,0,26,26,26,11,-45.151292292123
01-Aug-2026 00:55:44,-157.19825729618,-49.7651675628449,0,26,26,26,12,-49.7651675628449
01-Aug-2026 00:55:46,-157.790897420615,-50.3578076872803,0,26,26,26,12,-6.22759403332162
01-Aug-2026 00:55:48,-159.132378498748,-51.6992887654132,0,26,26,26,12,-4.37403268839256
01-Aug-2026 00:55:50,-159.140170680238,-51.7070809469024,0,26,26,26,12,-51.70708094696
01-Aug-2026 00:55:52,-159.771848005549,-52.3387582722135,0,26,26,26,11,-52.3387582722135
01-Aug-2026 00:55:54,-159.215779003766,-51.7826892704308,0,26,26,26,12,-51.7826892704308
01-Aug-2026 00:55:56,-165.468855331469,-58.0357655981337,0,26,26,26,10,-58.0357655981337
01-Aug-2026 00:55:58,-165.335782353669,-57.9026926203338,0,26,26,26,9,-57.9026926203338
01-Aug-2026 00:56:00,-165.135162982071,-57.7020732487356,0,25,25,25,8,-57.7020732487356
01-Aug-2026 00:56:02,-164.715919863224,-57.2828301298892,0,25,25,25,10,-57.2828301298892
01-Aug-2026 00:56:04,-164.803679011226,-57.3705892778906,0,25,25,25,8,-57.3705892778906
01-Aug-2026 00:56:06,-152.614247426819,-45.1811576934841,0,25,25,25,10,-45.1811576934841
01-Aug-2026 00:56:08,-152.219758788743,-44.7866690554075,0,25,25,25,9,-44.7866690554075
01-Aug-2026 00:56:10,-142.565145469698,-35.1320557363626,0,25,25,25,11,-35.1320557363626
01-Aug-2026 00:56:12,-142.608481789323,-35.1753920559874,0,25,25,25,13,-35.1753920559874
01-Aug-2026 00:56:14,-142.160111408466,-34.7270216751309,0,25,25,25,14,-34.7270216751309
01-Aug-2026 00:56:16,-141.738696216516,-34.3056064831805,0,25,25,25,14,-34.3056064831805
01-Aug-2026 00:56:18,-140.633412674278,-33.2003229409425,0,25,25,25,12,-33.2003229409425
01-Aug-2026 00:56:20,-140.880470311364,-33.4473805780285,0,25,25,25,12,-33.4473805780285
01-Aug-2026 00:56:22,-140.737134232465,-33.30404449913,0,25,25,25,12,-33.30404449913
01-Aug-2026 00:56:24,-140.687284425441,-33.2541946921054,0,25,25,25,13,-33.2541946921054
01-Aug-2026 00:56:26,-144.658935245003,-37.225845511668,0,25,25,25,14,-37.225845511668
01-Aug-2026 00:56:28,-144.805600811999,-37.3725110786642,0,25,25,25,14,-37.3725110786642
01-Aug-2026 00:56:30,-144.513115909517,-37.0800261761813,0,25,25,25,14,-37.0800261761813
01-Aug-2026 00:56:32,-145.153783951657,-37.7206942183221,0,24,24,24,12,-37.7206942183221
01-Aug-2026 00:56:34,-144.602782159934,-37.1696924265984,0,24,24,24,10,-37.1696924265984
01-Aug-2026 00:56:36,-125.917131847698,-18.484042114363,0,24,24,24,10,-18.484042114363
01-Aug-2026 00:56:38,-126.054449697026,-18.6213599636906,0,24,24,24,11,-18.6213599636906
01-Aug-2026 00:56:40,-125.618475552969,-18.1853858196342,0,24,24,24,13,-18.1853858196342
01-Aug-2026 00:56:42,-124.586343889281,-17.153254155946,0,24,24,24,10,-17.153254155946
01-Aug-2026 00:56:44,-135.823967980519,-28.3908782471838,0,25,25,25,11,-28.3908782471838
01-Aug-2026 00:56:46,-135.391201314134,-27.9581115807988,0,25,25,25,11,-27.9581115807988
01-Aug-2026 00:56:48,-134.550528998582,-27.1174392652472,0,25,25,25,12,-27.1174392652472
01-Aug-2026 00:56:50,-133.533315950411,-26.1002262170762,0,25,25,25,13,-26.1002262170762
01-Aug-2026 00:56:52,-132.93251357397,-25.4994238406346,0,25,25,25,14,-25.4994238406346
01-Aug-2026 00:56:54,-132.821899822517,-25.3888100891816,0,25,25,25,14,-25.3888100891816
01-Aug-2026 00:56:56,-132.166941982249,-24.733852248914,0,25,25,25,15,-24.733852248914
01-Aug-2026 00:56:58,-118.224711628349,-10.7916218950139,0,23,23,23,13,-10.791621895014
01-Aug-2026 00:57:00,-117.63563875107,-10.2025490177349,0,23,23,23,15,-10.2025490177349
01-Aug-2026 00:57:02,-116.904599452268,-9.47150971893325,0,23,23,23,15,-9.47150971893325
01-Aug-2026 00:57:04,-115.825205332091,-8.39211559875534,0,23,23,23,15,-8.39211559875534
01-Aug-2026 00:57:06,-115.797941998975,-8.3648522656394,0,24,24,24,15,-8.3648522656394
01-Aug-2026 00:57:08,-115.151299580253,-7.71820984691766,0,23,23,23,15,-7.71820984691766
01-Aug-2026 00:57:10,-114.36349775691,-6.93040802357484,0,23,23,23,15,-6.93040802357484
01-Aug-2026 00:57:12,-113.590248338088,-6.15715860475241,0,23,23,23,15,-6.15715860475241
01-Aug-2026 00:57:14,-114.019383321338,-6.58629358800317,0,23,23,23,14,-6.58629358800317
01-Aug-2026 00:57:16,-114.70124928354,-7.26815955020462,0,23,23,23,14,-7.26815955020462
01-Aug-2026 00:57:18,-120.582067742336,-13.148978009001,0,24,24,24,15,-13.148978009001
01-Aug-2026 00:57:20,-143.908888831755,-36.4757990984198,0,24,24,24,13,-36.4757990984198
01-Aug-2026 00:57:22,-143.826284080718,-36.393194347383,0,23,23,23,12,-36.393194347383
01-Aug-2026 00:57:24,-145.918274874166,-38.485185140831,0,23,23,23,14,-38.485185140831
01-Aug-2026 00:57:26,-138.311224489221,-30.8781347558856,0,23,23,23,13,-30.8781347558856
01-Aug-2026 00:57:28,-138.529731744246,-31.096642010911,0,23,23,23,14,-31.096642010911
01-Aug-2026 00:57:30,-139.083109733288,-31.6500199999527,0,23,23,23,15,-31.6500199999527
01-Aug-2026 00:57:32,-139.530216426791,-32.0971266934554,0,23,23,23,13,-32.0971266934554
01-Aug-2026 00:57:34,-139.898957931607,-32.4658681982723,0,23,23,23,13,-32.4658681982723
01-Aug-2026 00:57:36,-140.513536663014,-33.0804469296785,0,23,23,23,13,-33.0804469296785
01-Aug-2026 00:57:38,-141.013247319905,-33.5801575865696,0,23,23,23,13,-33.5801575865696
01-Aug-2026 00:57:40,-141.342657117951,-33.9095673846155,0,22,22,22,12,-33.9095673846155
01-Aug-2026 00:57:42,-141.87822300223,-34.4451332688948,0,22,22,22,14,-34.4451332688948
01-Aug-2026 00:57:44,-142.619983514339,-35.1868937810041,0,22,22,22,14,-35.1868937810041
01-Aug-2026 00:57:46,-143.125874154783,-35.6927844214481,0,22,22,22,14,-35.6927844214481
01-Aug-2026 00:57:48,-143.441187187481,-36.0080974541461,0,22,22,22,14,-36.0080974541461
01-Aug-2026 00:57:50,-144.33046858723,-36.8973788538943,0,22,22,22,15,-36.8973788538943
01-Aug-2026 00:57:52,-144.845080484684,-37.4119907513486,0,22,22,22,15,-37.4119907513486
01-Aug-2026 00:57:54,-145.13657705047,-37.7034873171351,0,22,22,22,13,-37.7034873171351
01-Aug-2026 00:57:56,-145.650870153353,-38.2177804200176,0,22,22,22,14,-38.2177804200176
01-Aug-2026 00:57:58,-146.017184999857,-38.5840952665218,0,22,22,22,14,-38.5840952665218
01-Aug-2026 00:58:00,-149.643736987053,-42.2106472537178,0,22,22,22,13,-42.2106472537178
01-Aug-2026 00:58:02,-149.238519249968,-41.8054295166333,0,22,22,22,13,-41.8054295166333
01-Aug-2026 00:58:04,-149.557889532092,-42.1247997987567,0,23,23,23,14,-42.1247997987567
01-Aug-2026 00:58:06,-150.301161380782,-42.8680716474465,0,23,23,23,13,-42.8680716474465
01-Aug-2026 00:58:08,-144.783716289055,-37.3506265557198,0,23,23,23,13,-37.3506265557198
01-Aug-2026 00:58:10,-156.444931434034,-49.0118417006984,0,23,23,23,12,-49.0118417006984
01-Aug-2026 00:58:12,-153.97631229018,-46.5432225568445,0,22,22,22,11,-46.5432225568445
01-Aug-2026 00:58:14,-146.722077962462,-39.2889882291268,0,22,22,22,11,-39.2889882291268
01-Aug-2026 00:58:16,-145.018265662936,-37.5851759296007,0,22,22,22,12,-37.5851759296007
01-Aug-2026 00:58:18,-145.039320220142,-37.6062304868065,0,22,22,22,11,-37.6062304868065
01-Aug-2026 00:58:20,-145.023939025457,-37.5908492921221,0,22,22,22,11,-37.5908492921221
01-Aug-2026 00:58:22,-144.66492097688,-37.231831243545,0,22,22,22,11,-37.231831243545
01-Aug-2026 00:58:24,-144.045441433514,-36.6123517001791,0,22,22,22,11,-36.6123517001791
01-Aug-2026 00:58:26,-143.525694781434,-36.0926050480986,0,22,22,22,11,-36.0926050480986
01-Aug-2026 00:58:28,-142.666327409848,-35.2332376765132,0,22,22,22,13,-35.2332376765132
01-Aug-2026 00:58:30,-142.566817778585,-35.1337280452499,0,22,22,22,14,-35.1337280452499
01-Aug-2026 00:58:32,-132.699668761565,-25.2665790282299,0,23,23,23,15,-25.2665790282299
01-Aug-2026 00:58:34,-132.51332612745,-25.0802363941152,0,23,23,23,14,-25.0802363941152
01-Aug-2026 00:58:36,-129.20380017436,-21.770710441025,0,24,24,24,13,-21.770710441025
01-Aug-2026 00:58:38,-129.447011554334,-22.013921820999,0,23,23,23,11,-22.013921820999
01-Aug-2026 00:58:40,-130.050485336676,-22.6173956033405,0,23,23,23,10,-22.6173956033405
01-Aug-2026 00:58:42,-130.17102159676,-22.7379318634246,0,23,23,23,12,-22.7379318634246
01-Aug-2026 00:58:44,-129.816236032933,-22.3831462995978,0,23,23,23,12,-22.3831462995978
01-Aug-2026 00:58:46,-129.879520328793,-22.4464305954577,0,23,23,23,12,-22.4464305954577
01-Aug-2026 00:58:48,-129.816290023476,-22.383200290141,0,23,23,23,13,-22.383200290141
01-Aug-2026 00:58:50,-129.900499677505,-22.4674099441693,0,23,23,23,12,-22.4674099441693
01-Aug-2026 00:58:52,-129.908284727588,-22.4751949942531,0,23,23,23,15,-22.4751949942531
01-Aug-2026 00:58:54,-129.488543456201,-22.0554537228654,0,23,23,23,15,-22.0554537228654
01-Aug-2026 00:58:56,-129.127158921272,-21.6940691879365,0,23,23,23,17,-21.6940691879365
01-Aug-2026 00:58:58,-132.904178064357,-25.4710883310215,0,24,24,24,19,-25.4710883310215
01-Aug-2026 00:59:00,-132.680855990947,-25.2477662576122,0,25,25,25,19,-25.2477662576122
01-Aug-2026 00:59:02,-132.435153480848,-25.0020637475127,0,25,25,25,19,-25.0020637475127
01-Aug-2026 00:59:04,-133.628371187742,-26.1952814544064,0,25,25,25,16,-26.1952814544064
01-Aug-2026 00:59:06,-142.708513973013,-35.2754242396774,0,26,26,26,15,-35.2754242396774
01-Aug-2026 00:59:08,-142.040065997246,-34.6069762639107,0,26,26,26,15,-34.6069762639107
01-Aug-2026 00:59:10,-141.267820049928,-33.8347303165929,0,25,25,25,16,-33.8347303165929
01-Aug-2026 00:59:12,-133.750335588878,-26.317245855543,0,25,25,25,16,-26.317245855543
01-Aug-2026 00:59:14,-132.804660101068,-25.3715703677332,0,25,25,25,15,-25.3715703677332
01-Aug-2026 00:59:16,-132.353362385216,-24.9202726518805,0,25,25,25,15,-24.9202726518805
01-Aug-2026 00:59:18,-131.774248146314,-24.3411584129784,0,25,25,25,14,-24.3411584129784
01-Aug-2026 00:59:20,-130.92365852999,-23.4905687966549,0,25,25,25,14,-23.4905687966549
01-Aug-2026 00:59:22,-130.596875908434,-23.1637861750986,0,25,25,25,14,-22.4667661863687
01-Aug-2026 00:59:24,-128.959553147411,-21.5264634140759,0,25,25,25,15,-21.5264634140759
01-Aug-2026 00:59:26,-128.995230096815,-21.5621403634801,0,25,25,25,15,-21.5621403634801
01-Aug-2026 00:59:28,-128.527276653066,-21.0941869197308,0,25,25,25,15,-21.0941869197308
01-Aug-2026 00:59:30,-127.365571088658,-19.9324813553231,0,25,25,25,15,-19.9324813553231
01-Aug-2026 00:59:32,-153.4838369856,-46.0507472522646,0,26,26,26,14,-46.0507472522646
01-Aug-2026 00:59:34,-153.129716855914,-45.6966271225792,0,26,26,26,14,-45.6966271225792
01-Aug-2026 00:59:36,-152.639009654952,-45.2059199216166,0,26,26,26,16,-45.2059199216166
01-Aug-2026 00:59:38,-145.781978821297,-38.3488890879614,0,26,26,26,17,-18.2567683173608
01-Aug-2026 00:59:40,-145.487217626292,-38.054127892957,0,26,26,26,16,-38.054127892957
01-Aug-2026 00:59:42,-145.707455135892,-38.2743654025565,0,26,26,26,15,-38.2743654025565
01-Aug-2026 00:59:44,-145.584611594724,-38.1515218613887,0,26,26,26,16,-38.1515218613887
01-Aug-2026 00:59:46,-145.304109793957,-37.8710200606222,0,26,26,26,17,-37.8710200606222
01-Aug-2026 00:59:48,-150.901011180563,-43.4679214472276,0,26,26,26,18,-43.4679214472276
01-Aug-2026 00:59:50,-149.445138575167,-42.0120488418321,0,25,25,25,17,-42.0120488418321
01-Aug-2026 00:59:52,-149.549956559968,-42.1168668266332,0,25,25,25,16,-42.1168668266332
01-Aug-2026 00:59:54,-149.261094052812,-41.828004319477,0,25,25,25,15,-14.5029118625918
01-Aug-2026 00:59:56,-124.351774785079,-16.918685051744,0,25,25,25,13,-16.918685051744
01-Aug-2026 00:59:58,-126.095544453126,-18.6624547197904,0,25,25,25,14,-18.6624547197904
01-Aug-2026 01:00:00,-127.955499811754,-20.5224100784192,0,25,25,25,15,-20.5224100784192
01-Aug-2026 01:00:02,-129.538181854775,-22.1050921214395,0,25,25,25,15,-22.1050921214395
01-Aug-2026 01:00:04,-131.149802181336,-23.7167124480006,0,25,25,25,16,-23.7167124480006
01-Aug-2026 01:00:06,-132.134842033675,-24.7017523003396,0,25,25,25,14,-24.7017523003396
01-Aug-2026 01:00:08,-134.893304205549,-27.4602144722138,0,25,25,25,13,-27.4602144722138
01-Aug-2026 01:00:10,-136.062825337664,-28.6297356043288,0,25,25,25,11,-28.6297356043288
01-Aug-2026 01:00:12,-150.990413975749,-43.5573242424133,0,25,25,25,11,-43.5573242424133
01-Aug-2026 01:00:14,-151.038160996471,-43.6050712631363,0,25,25,25,11,-43.6050712631363
01-Aug-2026 01:00:16,-151.595496941679,-44.1624072083435,0,25,25,25,11,-44.1624072083435
01-Aug-2026 01:00:18,-144.294746950752,-36.8616572174172,0,25,25,25,11,-36.8616572174172
01-Aug-2026 01:00:20,-145.174785193484,-37.7416954601487,0,25,25,25,9,-37.7416954601487
01-Aug-2026 01:00:22,-145.76196425273,-38.3288745193945,0,24,24,24,10,-38.3288745193945
01-Aug-2026 01:00:24,-146.904567726687,-39.4714779933516,0,24,24,24,11,-39.4714779933516
01-Aug-2026 01:00:26,-148.083236732745,-40.6501469994097,0,24,24,24,12,-40.6501469994097
01-Aug-2026 01:00:28,-145.951713068443,-38.518623335108,0,24,24,24,13,-38.518623335108
01-Aug-2026 01:00:30,-146.498388473466,-39.065298740131,0,24,24,24,13,-39.065298740131
01-Aug-2026 01:00:32,-146.624700855188,-39.1916111218525,0,24,24,24,13,-39.1916111218525
01-Aug-2026 01:00:34,-146.406313730842,-38.9732239975068,0,24,24,24,13,-38.9732239975068
01-Aug-2026 01:00:36,-145.828408924527,-38.3953191911919,0,25,25,25,15,-38.3953191911919
01-Aug-2026 01:00:38,-143.336475192141,-35.9033854588062,0,25,25,25,15,-35.9033854588062
01-Aug-2026 01:00:40,-143.30862629298,-35.8755365596444,0,25,25,25,15,-35.8755365596444
01-Aug-2026 01:00:42,-142.66561753576,-35.2325278024245,0,25,25,25,14,-35.2325278024245
01-Aug-2026 01:00:44,-142.221799473066,-34.7887097397304,0,25,25,25,12,-34.7887097397304
01-Aug-2026 01:00:46,-142.501820114984,-35.0687303816487,0,24,24,24,11,-35.0687303816487
01-Aug-2026 01:00:48,-137.803471285814,-30.3703815524785,0,23,23,23,12,-30.3703815524785
01-Aug-2026 01:00:50,-138.171170248998,-30.738080515663,0,23,23,23,12,-30.738080515663
01-Aug-2026 01:00:52,-136.090176548528,-28.657086815193,0,22,22,22,11,-28.657086815193
01-Aug-2026 01:00:54,-136.156175817868,-28.7230860845331,0,22,22,22,11,-28.7230860845331
01-Aug-2026 01:00:56,-136.384349025061,-28.9512592917254,0,22,22,22,11,-28.9512592917254
01-Aug-2026 01:00:58,-136.242387404866,-28.8092976715307,0,22,22,22,12,-28.8092976715307
01-Aug-2026 01:01:00,-134.906458344571,-27.4733686112357,0,23,23,23,11,-27.4733686112357
01-Aug-2026 01:01:02,-134.671447743968,-27.2383580106324,0,23,23,23,11,-27.2383580106324
01-Aug-2026 01:01:04,-136.128111194306,-28.6950214609708,0,23,23,23,10,-28.6950214609708
01-Aug-2026 01:01:06,-136.039268287257,-28.6061785539221,0,23,23,23,9,-28.6061785539221
01-Aug-2026 01:01:08,-136.276978781487,-28.8438890481519,0,24,24,24,9,-28.8438890481519
01-Aug-2026 01:01:10,-138.601725982789,-31.1686362494541,0,24,24,24,10,-31.1686362494541
01-Aug-2026 01:01:12,-138.697380142557,-31.2642904092222,0,23,23,23,10,-31.2642904092222
01-Aug-2026 01:01:14,-139.230133556889,-31.7970438235542,0,23,23,23,10,-31.7970438235542
01-Aug-2026 01:01:16,-141.280288349128,-33.8471986157932,0,23,23,23,10,-33.8471986157932
01-Aug-2026 01:01:18,-142.66188637115,-35.2287966378148,0,23,23,23,10,-35.2287966378148
01-Aug-2026 01:01:20,-161.21131085856,-53.7782211252248,0,23,23,23,9,-53.7782211252248
01-Aug-2026 01:01:22,-135.384071661886,-27.9509819285512,0,23,23,23,10,-27.9509819285512
01-Aug-2026 01:01:24,-161.379822295408,-53.9467325620731,0,22,22,22,9,-53.9467325620731
01-Aug-2026 01:01:26,-143.211675717281,-35.7785859839454,0,22,22,22,10,-35.7785859839454
01-Aug-2026 01:01:28,-143.626244178891,-36.1931544455556,0,22,22,22,10,-36.1931544455556
01-Aug-2026 01:01:30,-143.150249235813,-35.7171595024775,0,22,22,22,10,-35.7171595024775
01-Aug-2026 01:01:32,-142.917193426687,-35.4841036933518,0,22,22,22,10,-35.4841036933518
01-Aug-2026 01:01:34,-143.038417581542,-35.6053278482066,0,22,22,22,10,-35.6053278482066
01-Aug-2026 01:01:36,-143.464810313615,-36.0317205802803,0,22,22,22,10,-36.0317205802803
01-Aug-2026 01:01:38,-143.97426678166,-36.5411770483243,0,22,22,22,10,-36.5411770483243
01-Aug-2026 01:01:40,-144.108703850442,-36.6756141171072,0,22,22,22,12,-36.6756141171072
01-Aug-2026 01:01:42,-144.880140120853,-37.4470503875182,0,22,22,22,12,-37.4470503875182
01-Aug-2026 01:01:44,-145.5291253474,-38.0960356140644,0,22,22,22,12,-38.0960356140644
01-Aug-2026 01:01:46,-145.437822792992,-38.0047330596571,0,22,22,22,13,-38.0047330596571
01-Aug-2026 01:01:48,-145.878771208104,-38.4456814747686,0,23,23,23,13,-38.4456814747686
01-Aug-2026 01:01:50,-146.918470269641,-39.4853805363057,0,23,23,23,12,-39.4853805363057
01-Aug-2026 01:01:52,-147.091442372881,-39.6583526395462,0,23,23,23,13,-39.6583526395462
01-Aug-2026 01:01:54,-147.998106410661,-40.5650166773258,0,23,23,23,11,-40.5650166773258
01-Aug-2026 01:01:56,-148.291460230826,-40.8583704974913,0,23,23,23,11,-40.8583704974913
01-Aug-2026 01:01:58,-147.712979926253,-40.2798901929174,0,23,23,23,11,-40.2798901929174
01-Aug-2026 01:02:00,-142.204453631024,-34.7713638976887,0,23,23,23,12,-34.7713638976887
01-Aug-2026 01:02:02,-142.548426634067,-35.1153369007319,0,22,22,22,11,-35.1153369007319
01-Aug-2026 01:02:04,-142.836601112997,-35.403511379662,0,22,22,22,11,-35.403511379662
01-Aug-2026 01:02:06,-154.751067025573,-47.317977292238,0,22,22,22,10,-47.317977292238
01-Aug-2026 01:02:08,-159.126375711693,-51.6932859783582,0,22,22,22,9,-51.6932859783582
01-Aug-2026 01:02:10,-155.615180276824,-48.1820905434891,0,22,22,22,9,-48.1820905434891
01-Aug-2026 01:02:12,-155.474269451355,-48.0411797180202,0,22,22,22,9,-48.0411797180202
01-Aug-2026 01:02:14,-146.27876066234,-38.8456709290049,0,22,22,22,8,-38.8456709290049
01-Aug-2026 01:02:16,-143.59328542531,-36.1601956919751,0,22,22,22,10,-36.1601956919751
01-Aug-2026 01:02:18,-142.207843536883,-34.7747538035483,0,22,22,22,9,-34.7747538035483
01-Aug-2026 01:02:20,-139.115614642612,-31.6825249092769,0,22,22,22,9,-31.6825249092769
01-Aug-2026 01:02:22,-138.361084827425,-30.9279950940895,0,22,22,22,8,-30.9279950940895
01-Aug-2026 01:02:24,-137.828345768667,-30.3952560353314,0,24,24,24,9,-30.3952560353314
01-Aug-2026 01:02:26,-138.44746069005,-31.0143709567151,0,24,24,24,9,-31.0143709567151
01-Aug-2026 01:02:28,-138.864015926439,-31.4309261931041,0,24,24,24,10,-31.4309261931041
01-Aug-2026 01:02:30,-146.884240614549,-39.4511508812139,0,24,24,24,9,-39.4511508812139
01-Aug-2026 01:02:32,-147.864939875573,-40.4318501422379,0,24,24,24,8,-40.4318501422379
01-Aug-2026 01:02:34,-147.952541866621,-40.5194521332861,0,23,23,23,7,-40.5194521332861
01-Aug-2026 01:02:36,-148.317509397961,-40.884419664626,0,23,23,23,7,-40.884419664626
01-Aug-2026 01:02:38,-148.00543426995,-40.5723445366144,0,23,23,23,7,-40.5723445366144
01-Aug-2026 01:02:40,-147.261472833931,-39.8283831005954,0,23,23,23,8,-39.8283831005954
01-Aug-2026 01:02:42,-148.125048074507,-40.6919583411718,0,23,23,23,8,-40.6919583411718
01-Aug-2026 01:02:44,-148.191957303116,-40.7588675697811,0,23,23,23,9,-40.7588675697811
01-Aug-2026 01:02:46,-149.014231418437,-41.5811416851018,0,23,23,23,8,-41.5811416851018
01-Aug-2026 01:02:48,-148.790839096092,-41.3577493627565,0,25,25,25,9,-41.3577493627565
01-Aug-2026 01:02:50,-136.553211620303,-29.1201218869676,0,26,26,26,13,-29.1201218869676
01-Aug-2026 01:02:52,-136.511083900891,-29.0779941675561,0,26,26,26,14,-29.0779941675561
01-Aug-2026 01:02:54,-137.106827066063,-29.6737373327283,0,26,26,26,14,-29.6737373327283
01-Aug-2026 01:02:56,-153.451239765919,-46.0181500325839,0,26,26,26,13,-46.0181500325839
01-Aug-2026 01:02:58,-153.86445075812,-46.4313610247843,0,26,26,26,13,-46.4313610247843
01-Aug-2026 01:03:00,-153.81036313863,-46.3772734052953,0,25,25,25,11,-46.3772734052953
01-Aug-2026 01:03:02,-153.752689696255,-46.3195999629198,0,25,25,25,10,-46.3195999629198
01-Aug-2026 01:03:04,-153.42690788397,-45.993818150635,0,25,25,25,9,-45.993818150635
01-Aug-2026 01:03:06,-154.715341040302,-47.2822513069664,0,25,25,25,9,-47.2822513069664
01-Aug-2026 01:03:08,-154.773409169909,-47.3403194365743,0,25,25,25,10,-47.3403194365743
01-Aug-2026 01:03:10,-155.011810157779,-47.5787204244436,0,25,25,25,9,-47.5787204244436
01-Aug-2026 01:03:12,-155.831113345714,-48.3980236123784,0,25,25,25,8,-48.3980236123784
01-Aug-2026 01:03:14,-155.476686698039,-48.0435969647036,0,25,25,25,8,-48.0435969647036
01-Aug-2026 01:03:16,-156.160060116872,-48.7269703835369,0,25,25,25,8,-48.7269703835369
01-Aug-2026 01:03:18,-163.194446280174,-55.7613565468389,0,25,25,25,8,-55.7613565468389
01-Aug-2026 01:03:20,-163.549039776106,-56.1159500427706,0,26,26,26,10,-56.1159500427706
01-Aug-2026 01:03:22,-163.91919731024,-56.4861075769047,0,26,26,26,9,-56.4861075769047
01-Aug-2026 01:03:24,-164.082038282622,-56.6489485492871,0,26,26,26,10,-56.6489485492871
01-Aug-2026 01:03:26,-154.739180901398,-47.3060911680633,0,26,26,26,10,-47.3060911680633
01-Aug-2026 01:03:28,-154.61148881382,-47.1783990804851,0,26,26,26,9,-47.1783990804851
01-Aug-2026 01:03:30,-127.275682261935,-19.8425925285997,0,26,26,26,11,-19.8425925285997
01-Aug-2026 01:03:32,-128.891530625338,-21.458440892003,0,26,26,26,10,-21.458440892003
01-Aug-2026 01:03:34,-129.584743809736,-22.1516540764008,0,26,26,26,10,-22.1516540764008
01-Aug-2026 01:03:36,-130.259605633239,-22.8265158999035,0,26,26,26,10,-22.8265158999035
01-Aug-2026 01:03:38,-131.5718845676,-24.1387948342647,0,26,26,26,11,-24.1387948342647
01-Aug-2026 01:03:40,-132.936857117606,-25.5037673842709,0,25,25,25,10,-25.5037673842709
01-Aug-2026 01:03:42,-133.602941901359,-26.1698521680235,0,25,25,25,10,-26.1698521680235
01-Aug-2026 01:03:44,-132.775431059558,-25.3423413262233,0,25,25,25,10,-25.3423413262233
01-Aug-2026 01:03:46,-133.360446836051,-25.9273571027156,0,25,25,25,9,-25.9273571027156
01-Aug-2026 01:03:48,-139.899932826949,-32.4668430936143,0,25,25,25,9,-32.4668430936143
01-Aug-2026 01:03:50,-140.858432146261,-33.4253424129256,0,25,25,25,9,-33.4253424129256
01-Aug-2026 01:03:52,-141.578269254295,-34.1451795209602,0,25,25,25,7,-34.1451795209602
01-Aug-2026 01:03:54,-142.303707878552,-34.8706181452171,0,25,25,25,7,-34.8706181452171
01-Aug-2026 01:03:56,-142.536922540754,-35.1038328074191,0,25,25,25,7,-35.1038328074191
01-Aug-2026 01:03:58,-143.073417368756,-35.6403276354208,0,25,25,25,8,-35.6403276354208
01-Aug-2026 01:04:00,-143.568547426834,-36.1354576934987,0,25,25,25,9,-36.1354576934987
01-Aug-2026 01:04:02,-138.731678809662,-31.2985890763273,0,25,25,25,12,-31.2985890763273
01-Aug-2026 01:04:04,-139.624843332194,-32.1917535988586,0,25,25,25,13,-32.1917535988586
01-Aug-2026 01:04:06,-144.126112817843,-36.6930230845079,0,25,25,25,12,-36.6930230845079
01-Aug-2026 01:04:08,-144.578740642637,-37.1456509093014,0,25,25,25,13,-37.1456509093014
01-Aug-2026 01:04:10,-145.196646065058,-37.7635563317227,0,25,25,25,11,-37.7635563317227
01-Aug-2026 01:04:12,-146.491960668386,-39.0588709350508,0,24,24,24,11,-39.0588709350508
01-Aug-2026 01:04:14,-143.636061969863,-36.2029722365277,0,24,24,24,14,-36.2029722365277
01-Aug-2026 01:04:16,-144.120859203027,-36.6877694696919,0,24,24,24,14,-36.6877694696919
01-Aug-2026 01:04:18,-144.404666628656,-36.9715768953205,0,24,24,24,14,-36.9715768953205
01-Aug-2026 01:04:20,-144.074418510641,-36.6413287773053,0,24,24,24,14,-36.6413287773053
01-Aug-2026 01:04:22,-143.958131916314,-36.5250421829788,0,24,24,24,15,-36.5250421829788
01-Aug-2026 01:04:24,-142.609754471149,-35.1766647378138,0,24,24,24,16,-35.1766647378138
01-Aug-2026 01:04:26,-142.562268241172,-35.1291785078365,0,25,25,25,15,-35.1291785078365
01-Aug-2026 01:04:28,-142.497358559874,-35.0642688265388,0,25,25,25,14,-35.0642688265388
01-Aug-2026 01:04:30,-142.86866217522,-35.4355724418846,0,25,25,25,14,-35.4355724418846
01-Aug-2026 01:04:32,-142.181850837702,-34.7487611043666,0,25,25,25,14,-34.7487611043666
01-Aug-2026 01:04:34,-142.184872112701,-34.7517823793656,0,23,23,23,13,-34.7517823793656
01-Aug-2026 01:04:36,-141.69006359887,-34.2569738655345,0,22,22,22,12,-34.2569738655345
01-Aug-2026 01:04:38,-142.815832471369,-35.3827427380342,0,22,22,22,9,-35.3827427380342
01-Aug-2026 01:04:40,-142.411544152794,-34.978454419459,0,22,22,22,8,-34.978454419459
01-Aug-2026 01:04:42,-146.814857220973,-39.3817674876375,0,22,22,22,9,-39.3817674876375
01-Aug-2026 01:04:44,-145.436490433162,-38.0034006998264,0,22,22,22,9,-38.0034006998264
01-Aug-2026 01:04:46,-144.587334460101,-37.1542447267658,0,22,22,22,10,-37.1542447267658
01-Aug-2026 01:04:48,-144.414578956088,-36.981489222753,0,22,22,22,11,-36.981489222753
01-Aug-2026 01:04:50,-145.59015149573,-38.1570617623946,0,22,22,22,11,-38.1570617623946
01-Aug-2026 01:04:52,-142.268437523367,-34.8353477900321,0,22,22,22,11,-34.8353477900321
01-Aug-2026 01:04:54,-144.789075415057,-37.3559856817218,0,22,22,22,10,-37.3559856817218
01-Aug-2026 01:04:56,-154.589199136868,-47.1561094035328,0,23,23,23,10,-47.1561094035328
01-Aug-2026 01:04:58,-154.91036865044,-47.4772789171044,0,24,24,24,9,-47.4772789171044
01-Aug-2026 01:05:00,-154.955621930289,-47.5225321969536,0,24,24,24,9,-47.5225321969536
01-Aug-2026 01:05:02,-154.807110540635,-47.3740208072997,0,23,23,23,9,-47.3740208072997
01-Aug-2026 01:05:04,-153.414119073446,-45.9810293401104,0,23,23,23,9,-45.9810293401104
01-Aug-2026 01:05:06,-151.028687103426,-43.5955973700909,0,23,23,23,11,-43.5955973700909
01-Aug-2026 01:05:08,-151.302751513405,-43.8696617800695,0,23,23,23,13,-43.8696617800695
01-Aug-2026 01:05:10,-151.205977123641,-43.7728873903056,0,22,22,22,11,-43.7728873903056
01-Aug-2026 01:05:12,-144.584563793591,-37.1514740602562,0,22,22,22,12,-37.1514740602562
01-Aug-2026 01:05:14,-144.762803232548,-37.3297134992131,0,22,22,22,13,-37.3297134992131
01-Aug-2026 01:05:16,-144.544564580316,-37.1114748469808,0,22,22,22,13,-37.1114748469808
01-Aug-2026 01:05:18,-139.345633066412,-31.912543333077,0,22,22,22,13,-31.912543333077
01-Aug-2026 01:05:20,-139.710031017615,-32.27694128428,0,22,22,22,13,-32.27694128428
01-Aug-2026 01:05:22,-139.739359345438,-32.3062696121032,0,22,22,22,14,-32.3062696121032
01-Aug-2026 01:05:24,-142.871257596446,-35.4381678631112,0,22,22,22,13,-35.4381678631112
01-Aug-2026 01:05:26,-152.496173495974,-45.0630837626391,0,22,22,22,12,-45.0630837626391
01-Aug-2026 01:05:28,-152.79413123168,-45.3610414983451,0,22,22,22,11,-45.3610414983451
01-Aug-2026 01:05:30,-152.546146822449,-45.113057089114,0,22,22,22,9,-45.113057089114
01-Aug-2026 01:05:32,-152.342868378933,-44.9097786455974,0,22,22,22,9,-44.9097786455974
01-Aug-2026 01:05:34,-151.776825244729,-44.3437355113934,0,23,23,23,10,-44.3437355113934
01-Aug-2026 01:05:36,-158.806227703607,-51.3731379702714,0,23,23,23,9,-51.3731379702714
01-Aug-2026 01:05:38,-158.955925057465,-51.5228353241296,0,23,23,23,9,-51.5228353241296
01-Aug-2026 01:05:40,-152.04036852958,-44.6072787962447,0,23,23,23,10,-44.6072787962447
01-Aug-2026 01:05:42,-153.371574272983,-45.9384845396479,0,23,23,23,9,-45.9384845396479
01-Aug-2026 01:05:44,-154.083496107062,-46.6504063737272,0,23,23,23,9,-46.6504063737272
01-Aug-2026 01:05:46,-155.016738621973,-47.583648888638,0,23,23,23,10,-47.583648888638
01-Aug-2026 01:05:48,-154.816142084268,-47.3830523509327,0,23,23,23,9,-47.3830523509327
01-Aug-2026 01:05:50,-155.043590625392,-47.6105008920566,0,23,23,23,7,-47.6105008920566
01-Aug-2026 01:05:52,-152.284346272443,-44.8512565391079,0,22,22,22,9,-44.8512565391079
01-Aug-2026 01:05:54,-154.906813334985,-47.4737236016502,0,22,22,22,8,-47.4737236016502
01-Aug-2026 01:05:56,-155.011092307649,-47.5780025743138,0,22,22,22,7,-47.5780025743138
01-Aug-2026 01:05:58,-149.55397855768,-42.1208888243444,0,22,22,22,8,-42.1208888243444
01-Aug-2026 01:06:00,-148.828318932818,-41.3952291994826,0,22,22,22,8,-41.3952291994826
01-Aug-2026 01:06:02,-148.906822344811,-41.473732611476,0,22,22,22,8,-41.473732611476
01-Aug-2026 01:06:04,-148.47891988341,-41.045830150075,0,22,22,22,9,-41.045830150075
01-Aug-2026 01:06:06,-147.798864293934,-40.3657745605984,0,22,22,22,8,-40.3657745605984
01-Aug-2026 01:06:08,-147.947786147225,-40.5146964138897,0,22,22,22,9,-40.5146964138897
01-Aug-2026 01:06:10,-147.873937419735,-40.4408476863999,0,22,22,22,9,-40.4408476863999
01-Aug-2026 01:06:12,-147.459069306007,-40.0259795726716,0,23,23,23,11,-40.0259795726716
01-Aug-2026 01:06:14,-147.898407927607,-40.4653181942721,0,24,24,24,12,-40.4653181942721
01-Aug-2026 01:06:16,-147.694731421622,-40.2616416882864,0,24,24,24,11,-40.2616416882864
01-Aug-2026 01:06:18,-147.099183831073,-39.6660940977376,0,24,24,24,11,-39.6660940977376
01-Aug-2026 01:06:20,-147.230744481612,-39.7976547482767,0,24,24,24,12,-39.7976547482767
01-Aug-2026 01:06:22,-147.979041552166,-40.5459518188306,0,24,24,24,10,-40.5459518188306
01-Aug-2026 01:06:24,-147.427858487477,-39.9947687541414,0,24,24,24,10,-39.9947687541414
01-Aug-2026 01:06:26,-146.716653634497,-39.2835639011613,0,24,24,24,10,-39.2835639011613
01-Aug-2026 01:06:28,-144.817135802132,-37.3840460687969,0,23,23,23,6,-37.3840460687969
01-Aug-2026 01:06:30,-143.94925422477,-36.5161644914352,0,23,23,23,6,-36.5161644914352
01-Aug-2026 01:06:32,-143.473738091683,-36.040648358348,0,24,24,24,9,-36.040648358348
01-Aug-2026 01:06:34,-143.805954206434,-36.3728644730988,0,24,24,24,10,-36.3728644730988
01-Aug-2026 01:06:36,-143.622005046395,-36.1889153130597,0,24,24,24,10,-36.1889153130597
01-Aug-2026 01:06:38,-142.86026514982,-35.4271754164851,0,26,26,26,11,-35.4271754164851
01-Aug-2026 01:06:40,-142.420768500343,-34.9876787670078,0,26,26,26,12,-34.9876787670078
01-Aug-2026 01:06:42,-141.88705744128,-34.4539677079449,0,26,26,26,12,-34.4539677079449
01-Aug-2026 01:06:44,-142.141491669645,-34.7084019363095,0,26,26,26,13,-34.7084019363095
01-Aug-2026 01:06:46,-140.994140689081,-33.5610509557454,0,26,26,26,12,-33.5610509557454
01-Aug-2026 01:06:48,-140.281853930697,-32.8487641973623,0,26,26,26,13,-32.8487641973623
01-Aug-2026 01:06:50,-138.844280095809,-31.4111903624737,0,26,26,26,13,-31.4111903624737
01-Aug-2026 01:06:52,-151.016105083574,-43.5830153502387,0,25,25,25,13,-30.2650042843597
01-Aug-2026 01:06:54,-151.405487188363,-43.972397455028,0,25,25,25,12,-43.972397455028
01-Aug-2026 01:06:56,-151.359490715378,-43.9264009820432,0,25,25,25,13,-43.9264009820432
01-Aug-2026 01:06:58,-151.669639717269,-44.2365499839337,0,25,25,25,12,-44.2365499839337
01-Aug-2026 01:07:00,-151.440710317377,-44.0076205840414,0,25,25,25,12,-44.0076205840414
01-Aug-2026 01:07:02,-151.526300431233,-44.0932106978976,0,25,25,25,12,-44.0932106978976
01-Aug-2026 01:07:04,-150.70702966892,-43.2739399355851,0,25,25,25,11,-24.4010674890835
01-Aug-2026 01:07:06,-148.593757581463,-41.1606678481274,0,25,25,25,13,-22.4138743857329
01-Aug-2026 01:07:08,-148.406019039013,-40.9729293056775,0,25,25,25,14,-20.9073251475995
01-Aug-2026 01:07:10,-148.451983590038,-41.0188938567025,0,26,26,26,15,-41.0188938567025
01-Aug-2026 01:07:12,-148.336063225347,-40.9029734920118,0,26,26,26,17,-40.9029734920118
01-Aug-2026 01:07:14,-148.518035502832,-41.0849457694965,0,26,26,26,17,-41.0849457694965
01-Aug-2026 01:07:16,-155.043641690471,-47.6105519571356,0,26,26,26,16,-47.6105519571356
01-Aug-2026 01:07:18,-155.224764494966,-47.7916747616311,0,26,26,26,16,-47.7916747616311
01-Aug-2026 01:07:20,-155.259310935028,-47.8262212016929,0,26,26,26,16,-47.8262212016929
01-Aug-2026 01:07:22,-130.103390181216,-22.6703004478809,0,26,26,26,16,-22.6703004478809
01-Aug-2026 01:07:24,-131.769463572686,-24.3363738393507,0,26,26,26,16,-24.3363738393507
01-Aug-2026 01:07:26,-133.222255848956,-25.7891661156209,0,26,26,26,13,-25.7891661156209
01-Aug-2026 01:07:28,-134.353796750108,-26.9207070167726,0,25,25,25,13,-26.9207070167726
01-Aug-2026 01:07:30,-135.392192806924,-27.9591030735889,0,25,25,25,13,-27.9591030735889
01-Aug-2026 01:07:32,-136.915005884386,-29.4819161510505,0,25,25,25,15,-29.4819161510505
01-Aug-2026 01:07:34,-138.754984596625,-31.3218948632902,0,25,25,25,15,-31.3218948632902
01-Aug-2026 01:07:36,-138.921843441936,-31.4887537086007,0,25,25,25,14,-31.4887537086007
01-Aug-2026 01:07:38,-139.94727228191,-32.5141825485744,0,25,25,25,15,-32.5141825485744
01-Aug-2026 01:07:40,-140.684269235389,-33.2511795020542,0,25,25,25,15,-33.2511795020542
01-Aug-2026 01:07:42,-141.256225858837,-33.8231361255015,0,25,25,25,15,-33.8231361255015
01-Aug-2026 01:07:44,-142.668409741394,-35.2353200080591,0,25,25,25,16,-35.2353200080591
01-Aug-2026 01:07:46,-143.104421974371,-35.6713322410355,0,25,25,25,16,-35.6713322410355
01-Aug-2026 01:07:48,-143.709256965106,-36.2761672317712,0,25,25,25,14,-36.2761672317712
01-Aug-2026 01:07:50,-144.759556737298,-37.3264670039631,0,25,25,25,14,-37.3264670039631
01-Aug-2026 01:07:52,-138.53135045447,-31.0982607211346,0,25,25,25,15,-31.0982607211346
01-Aug-2026 01:07:54,-145.630191310234,-38.1971015768985,0,25,25,25,15,-38.1971015768985
01-Aug-2026 01:07:56,-146.181205661929,-38.7481159285936,0,25,25,25,16,-38.7481159285936
01-Aug-2026 01:07:58,-146.516055511529,-39.0829657781939,0,25,25,25,17,-39.0829657781939
01-Aug-2026 01:08:00,-145.736435633048,-38.3033458997127,0,25,25,25,17,-38.3033458997127
01-Aug-2026 01:08:02,-146.454352323095,-39.0212625897601,0,24,24,24,17,-39.0212625897601
01-Aug-2026 01:08:04,-147.081466129975,-39.6483763966401,0,24,24,24,16,-39.6483763966401
01-Aug-2026 01:08:06,-146.790443917522,-39.3573541841864,0,24,24,24,15,-39.3573541841864
01-Aug-2026 01:08:08,-146.775794261105,-39.3427045277693,0,24,24,24,12,-39.3427045277693
01-Aug-2026 01:08:10,-149.484431518498,-42.0513417851629,0,24,24,24,11,-42.0513417851629
01-Aug-2026 01:08:12,-142.050804965512,-34.6177152321765,0,24,24,24,13,-34.6177152321765
01-Aug-2026 01:08:14,-139.552968206994,-32.1198784736587,0,24,24,24,14,-32.1198784736587
01-Aug-2026 01:08:16,-139.104374185763,-31.6712844524278,0,24,24,24,15,-31.6712844524278
01-Aug-2026 01:08:18,-138.967532748405,-31.5344430150701,0,24,24,24,15,-31.5344430150701
01-Aug-2026 01:08:20,-139.334551443853,-31.9014617105177,0,24,24,24,14,-31.9014617105177
01-Aug-2026 01:08:22,-133.014336954797,-25.5812472214622,0,23,23,23,15,-25.5812472214622
01-Aug-2026 01:08:24,-132.959854451277,-25.5267647179413,0,23,23,23,14,-25.5267647179413
01-Aug-2026 01:08:26,-132.749482947015,-25.3163932136798,0,22,22,22,13,-25.3163932136798
01-Aug-2026 01:08:28,-132.175898159663,-24.7428084263281,0,22,22,22,13,-24.7428084263281
01-Aug-2026 01:08:30,-139.259226064402,-31.8261363310672,0,22,22,22,13,-31.8261363310672
01-Aug-2026 01:08:32,-139.518045470826,-32.0849557374909,0,22,22,22,12,-32.0849557374909
01-Aug-2026 01:08:34,-139.93769016808,-32.5046004347452,0,22,22,22,12,-32.5046004347452
01-Aug-2026 01:08:36,-139.825203322168,-32.3921135888324,0,22,22,22,14,-32.3921135888324
01-Aug-2026 01:08:38,-140.018747755832,-32.5856580224964,0,22,22,22,15,-32.5856580224964
01-Aug-2026 01:08:40,-139.813378611619,-32.3802888782838,0,22,22,22,16,-32.3802888782838
01-Aug-2026 01:08:42,-139.865280802321,-32.4321910689857,0,22,22,22,14,-32.4321910689857
01-Aug-2026 01:08:44,-141.076316657409,-33.6432269240742,0,22,22,22,15,-33.6432269240742
01-Aug-2026 01:08:46,-141.552030808849,-34.1189410755136,0,22,22,22,17,-34.1189410755136
01-Aug-2026 01:08:48,-142.242256510685,-34.8091667773494,0,23,23,23,17,-34.8091667773494
01-Aug-2026 01:08:50,-143.231517097811,-35.7984273644756,0,24,24,24,15,-35.7984273644756
01-Aug-2026 01:08:52,-144.312667439505,-36.8795777061696,0,24,24,24,13,-36.8795777061696
01-Aug-2026 01:08:54,-144.678675494635,-37.2455857612998,0,22,22,22,11,-37.2455857612998
01-Aug-2026 01:08:56,-144.850844502767,-37.4177547694317,0,22,22,22,10,-37.4177547694317
01-Aug-2026 01:08:58,-145.028368535295,-37.5952788019599,0,22,22,22,11,-37.5952788019599
01-Aug-2026 01:09:00,-142.76521613864,-35.3321264053045,0,22,22,22,11,-35.3321264053045
01-Aug-2026 01:09:02,-143.702387307411,-36.2692975740763,0,22,22,22,11,-36.2692975740763
01-Aug-2026 01:09:04,-144.065336683646,-36.6322469503105,0,22,22,22,11,-36.6322469503105
01-Aug-2026 01:09:06,-144.000481836926,-36.5673921035909,0,22,22,22,13,-36.5673921035909
01-Aug-2026 01:09:08,-143.938623289725,-36.50553355639,0,22,22,22,14,-36.50553355639
01-Aug-2026 01:09:10,-144.915111971499,-37.4820222381641,0,22,22,22,13,-37.4820222381641
01-Aug-2026 01:09:12,-146.395521695226,-38.9624319618909,0,22,22,22,14,-38.9624319618909
01-Aug-2026 01:09:14,-146.31401198379,-38.8809222504553,0,22,22,22,14,-38.8809222504553
01-Aug-2026 01:09:16,-147.074827086311,-39.6417373529757,0,22,22,22,15,-39.6417373529757
01-Aug-2026 01:09:18,-146.079523021891,-38.6464332885556,0,23,23,23,16,-38.6464332885556
01-Aug-2026 01:09:20,-147.376659845316,-39.9435701119812,0,23,23,23,15,-39.9435701119812
01-Aug-2026 01:09:22,-147.575340506448,-40.1422507731131,0,23,23,23,14,-40.1422507731131
01-Aug-2026 01:09:24,-148.138959198028,-40.7058694646931,0,23,23,23,13,-40.7058694646931
01-Aug-2026 01:09:26,-148.734311537301,-41.3012218039663,0,23,23,23,14,-41.3012218039663
01-Aug-2026 01:09:28,-147.378894191288,-39.9458044579531,0,23,23,23,14,-39.9458044579531
01-Aug-2026 01:09:30,-147.209998704112,-39.776908970777,0,23,23,23,13,-39.776908970777
01-Aug-2026 01:09:32,-147.513030585252,-40.0799408519167,0,23,23,23,12,-40.0799408519167
01-Aug-2026 01:09:34,-136.944890461289,-29.5118007279542,0,23,23,23,13,-29.5118007279542
01-Aug-2026 01:09:36,-137.482806344038,-30.0497166107025,0,23,23,23,13,-30.0497166107025
01-Aug-2026 01:09:38,-136.68656326593,-29.2534735325951,0,23,23,23,14,-29.2534735325951
01-Aug-2026 01:09:40,-137.074107936292,-29.6410182029567,0,23,23,23,15,-29.6410182029567
01-Aug-2026 01:09:42,-137.568609569277,-30.1355198359423,0,22,22,22,13,-30.1355198359423
01-Aug-2026 01:09:44,-138.249234589068,-30.8161448557325,0,22,22,22,12,-30.8161448557325
01-Aug-2026 01:09:46,-139.295092481129,-31.8620027477936,0,22,22,22,13,-31.8620027477936
01-Aug-2026 01:09:48,-139.89933605723,-32.466246323895,0,22,22,22,12,-32.466246323895
01-Aug-2026 01:09:50,-140.460421563775,-33.0273318304401,0,22,22,22,11,-33.0273318304401
01-Aug-2026 01:09:52,-142.136998854006,-34.703909120671,0,22,22,22,10,-34.703909120671
01-Aug-2026 01:09:54,-143.195792236365,-35.7627025030297,0,22,22,22,11,-35.7627025030297
01-Aug-2026 01:09:56,-148.629698281183,-41.1966085478483,0,22,22,22,12,-41.1966085478483
01-Aug-2026 01:09:58,-141.185157360597,-33.7520676272614,0,22,22,22,12,-33.7520676272614
01-Aug-2026 01:10:00,-140.501267668135,-33.0681779348001,0,23,23,23,10,-33.0681779348001
01-Aug-2026 01:10:02,-140.690251221141,-33.2571614878055,0,23,23,23,10,-33.2571614878055
01-Aug-2026 01:10:04,-141.309103631274,-33.8760138979385,0,23,23,23,11,-33.8760138979385
01-Aug-2026 01:10:06,-140.831750407643,-33.3986606743079,0,24,24,24,13,-33.3986606743079
01-Aug-2026 01:10:08,-140.935235357102,-33.5021456237664,0,24,24,24,14,-33.5021456237664
01-Aug-2026 01:10:10,-140.919428669394,-33.4863389360589,0,24,24,24,14,-33.4863389360589
01-Aug-2026 01:10:12,-141.011999671128,-33.578909937793,0,24,24,24,14,-33.578909937793
01-Aug-2026 01:10:14,-142.089921251671,-34.6568315183362,0,25,25,25,15,-34.6568315183362
01-Aug-2026 01:10:16,-142.110873439082,-34.6777837057471,0,25,25,25,16,-34.6777837057471
01-Aug-2026 01:10:18,-142.511823100262,-35.0787333669266,0,25,25,25,15,-35.0787333669266
01-Aug-2026 01:10:20,-141.709435165561,-34.276345432226,0,25,25,25,14,-34.276345432226
01-Aug-2026 01:10:22,-139.990046318262,-32.556956584927,0,24,24,24,14,-32.556956584927
01-Aug-2026 01:10:24,-139.07478527758,-31.6416955442446,0,24,24,24,16,-31.6416955442446
01-Aug-2026 01:10:26,-138.523893659255,-31.0908039259197,0,24,24,24,15,-31.0908039259197
01-Aug-2026 01:10:28,-138.780255171872,-31.3471654385367,0,26,26,26,17,-31.3471654385367
01-Aug-2026 01:10:30,-137.785705870617,-30.3526161372821,0,26,26,26,17,-30.3526161372821
01-Aug-2026 01:10:32,-137.156906412807,-29.723816679472,0,26,26,26,18,-29.723816679472
01-Aug-2026 01:10:34,-139.408188021385,-31.9750982880494,0,26,26,26,17,-31.9750982880494
01-Aug-2026 01:10:36,-139.11512500057,-31.682035267235,0,26,26,26,17,-31.682035267235
01-Aug-2026 01:10:38,-135.404161446491,-27.9710717131561,0,26,26,26,18,-27.9710717131561
01-Aug-2026 01:10:40,-134.870707893806,-27.4376181604713,0,26,26,26,17,-27.4376181604713
01-Aug-2026 01:10:42,-135.48208822447,-28.0489984911347,0,25,25,25,17,-26.9689143296562
01-Aug-2026 01:10:44,-135.341452705644,-27.9083629723089,0,25,25,25,16,-27.9083629723089
01-Aug-2026 01:10:46,-138.755331718297,-31.3222419849622,0,25,25,25,16,-31.3222419849622
01-Aug-2026 01:10:48,-138.694558372635,-31.2614686393003,0,25,25,25,16,-31.2614686393003
01-Aug-2026 01:10:50,-152.888324872072,-45.4552351387367,0,25,25,25,16,-45.4552351387367
01-Aug-2026 01:10:52,-141.573448315302,-34.1403585819672,0,25,25,25,18,-34.1403585819672
01-Aug-2026 01:10:54,-138.899888597159,-31.4667988638238,0,25,25,25,18,-31.4667988638238
01-Aug-2026 01:10:56,-137.898636264514,-30.4655465311789,0,25,25,25,18,-30.4655465311789
01-Aug-2026 01:10:58,-136.927247145531,-29.4941574121961,0,26,26,26,19,-29.4941574121961
01-Aug-2026 01:11:00,-150.237822415943,-42.8047326826074,0,26,26,26,19,-28.757471999011
01-Aug-2026 01:11:02,-149.736489636967,-42.3033999036316,0,26,26,26,19,-27.6701499066084
01-Aug-2026 01:11:04,-149.597774427878,-42.1646846945428,0,26,26,26,19,-27.4451635349399
01-Aug-2026 01:11:06,-149.34025083083,-41.9071610974951,0,26,26,26,19,-26.8049142849418
01-Aug-2026 01:11:08,-132.312688688158,-24.8795989548233,0,26,26,26,17,-24.8795989548233
01-Aug-2026 01:11:10,-131.989084119689,-24.5559943863534,0,26,26,26,17,-24.5559943863534
01-Aug-2026 01:11:12,-130.753800278378,-23.3207105450432,0,26,26,26,14,-23.3207105450432
01-Aug-2026 01:11:14,-130.531374068945,-23.0982843356103,0,26,26,26,12,-23.0982843356103
01-Aug-2026 01:11:16,-159.913546453288,-52.4804567199532,0,25,25,25,11,-22.037268785901
01-Aug-2026 01:11:18,-160.46738565075,-53.0342959174147,0,25,25,25,10,-21.1782948804012
01-Aug-2026 01:11:20,-158.896615685314,-51.4635259519792,0,25,25,25,10,-21.3603903052004
01-Aug-2026 01:11:22,-158.829654445998,-51.3965647126624,0,25,25,25,11,-51.3965647126624
01-Aug-2026 01:11:24,-156.366027155424,-48.9329374220892,0,25,25,25,13,-48.9329374220892
01-Aug-2026 01:11:26,-157.086402928813,-49.6533131954782,0,25,25,25,13,-49.6533131954782
01-Aug-2026 01:11:28,-159.181653243044,-51.7485635097083,0,25,25,25,13,-51.7485635097083
01-Aug-2026 01:11:30,-143.946059288831,-36.5129695554955,0,25,25,25,13,-36.5129695554955
01-Aug-2026 01:11:32,-143.667117860474,-36.2340281271393,0,25,25,25,12,-36.2340281271393
01-Aug-2026 01:11:34,-142.998362054149,-35.565272320814,0,25,25,25,12,-35.565272320814
01-Aug-2026 01:11:36,-141.684657736955,-34.2515680036198,0,25,25,25,11,-34.2515680036198
01-Aug-2026 01:11:38,-140.216055826949,-32.7829660936139,0,25,25,25,12,-32.7829660936139
01-Aug-2026 01:11:40,-137.795408148273,-30.362318414938,0,25,25,25,12,-30.362318414938
01-Aug-2026 01:11:42,-137.703604278395,-30.2705145450599,0,25,25,25,11,-30.2705145450599
01-Aug-2026 01:11:44,-137.523842278996,-30.0907525456607,0,25,25,25,11,-30.0907525456607
01-Aug-2026 01:11:46,-136.579082000533,-29.1459922671975,0,25,25,25,11,-29.1459922671975
01-Aug-2026 01:11:48,-135.694275970921,-28.2611862375862,0,25,25,25,12,-28.2611862375862
01-Aug-2026 01:11:50,-134.888530796342,-27.455441063007,0,25,25,25,12,-27.455441063007
01-Aug-2026 01:11:52,-135.053965121209,-27.6208753878737,0,24,24,24,13,-27.6208753878737
01-Aug-2026 01:11:54,-133.942245094081,-26.5091553607461,0,24,24,24,11,-26.5091553607461
01-Aug-2026 01:11:56,-132.633878499607,-25.2007887662722,0,24,24,24,10,-25.2007887662722
01-Aug-2026 01:11:58,-131.718402287805,-24.2853125544696,0,24,24,24,10,-24.2853125544696
01-Aug-2026 01:12:00,-130.968353764345,-23.5352640310094,0,23,23,23,11,-23.5352640310094
01-Aug-2026 01:12:02,-130.563682246191,-23.1305925128554,0,23,23,23,11,-23.1305925128554
01-Aug-2026 01:12:04,-129.685957857409,-22.2528681240738,0,23,23,23,10,-22.2528681240738
01-Aug-2026 01:12:06,-129.124163332608,-21.6910735992724,0,24,24,24,11,-21.6910735992724
01-Aug-2026 01:12:08,-129.75850030146,-22.3254105681248,0,24,24,24,11,-22.3254105681248
01-Aug-2026 01:12:10,-129.809678190118,-22.3765884567827,0,23,23,23,9,-22.3765884567827
01-Aug-2026 01:12:12,-130.132476668285,-22.6993869349499,0,23,23,23,10,-22.6993869349499
01-Aug-2026 01:12:14,-129.978126117541,-22.5450363842058,0,22,22,22,9,-22.5450363842058
01-Aug-2026 01:12:16,-131.116904671313,-23.6838149379775,0,22,22,22,11,-23.6838149379775
01-Aug-2026 01:12:18,-131.302672012223,-23.869582278888,0,22,22,22,12,-23.869582278888
01-Aug-2026 01:12:20,-131.372010617599,-23.938920884264,0,22,22,22,12,-23.938920884264
01-Aug-2026 01:12:22,-146.756468619703,-39.323378886368,0,22,22,22,11,-39.323378886368
01-Aug-2026 01:12:24,-146.257932515421,-38.8248427820856,0,22,22,22,12,-38.8248427820856
01-Aug-2026 01:12:26,-146.104544024486,-38.6714542911508,0,22,22,22,12,-38.6714542911508
01-Aug-2026 01:12:28,-146.7401038542,-39.3070141208643,0,22,22,22,12,-39.3070141208643
01-Aug-2026 01:12:30,-146.759818398664,-39.326728665329,0,22,22,22,11,-39.326728665329
01-Aug-2026 01:12:32,-146.438415367763,-39.0053256344277,0,22,22,22,10,-39.0053256344277
01-Aug-2026 01:12:34,-142.795695457581,-35.3626057242461,0,22,22,22,12,-35.3626057242461
01-Aug-2026 01:12:36,-140.218260394229,-32.7851706608937,0,23,23,23,11,-32.7851706608937
01-Aug-2026 01:12:38,-140.023438103993,-32.5903483706575,0,23,23,23,10,-32.5903483706575
01-Aug-2026 01:12:40,-139.70724877026,-32.2741590369249,0,22,22,22,9,-32.2741590369249
01-Aug-2026 01:12:42,-140.077838146879,-32.6447484135439,0,22,22,22,9,-32.6447484135439
01-Aug-2026 01:12:44,-140.229589606831,-32.7964998734959,0,21,21,21,9,-32.7964998734959
01-Aug-2026 01:12:46,-139.296233242262,-31.8631435089271,0,22,22,22,9,-31.8631435089271
01-Aug-2026 01:12:48,-140.258232545725,-32.8251428123896,0,22,22,22,9,-32.8251428123896
01-Aug-2026 01:12:50,-141.418337482662,-33.9852477493266,0,22,22,22,9,-33.9852477493266
01-Aug-2026 01:12:52,-141.851271829204,-34.4181820958689,0,22,22,22,10,-34.4181820958689
01-Aug-2026 01:12:54,-141.847826159035,-34.4147364257001,0,22,22,22,12,-34.4147364257001
01-Aug-2026 01:12:56,-140.448782369117,-33.0156926357818,0,22,22,22,14,-33.0156926357818
01-Aug-2026 01:12:58,-144.83744338062,-37.4043536472848,0,22,22,22,13,-37.4043536472848
01-Aug-2026 01:13:00,-145.763224691801,-38.3301349584657,0,22,22,22,12,-38.3301349584657
01-Aug-2026 01:13:02,-145.75423761012,-38.3211478767851,0,22,22,22,11,-38.3211478767851
01-Aug-2026 01:13:04,-146.086233848891,-38.6531441155562,0,23,23,23,8,-38.6531441155562
01-Aug-2026 01:13:06,-134.643088350113,-27.2099986167779,0,23,23,23,9,-27.2099986167779
01-Aug-2026 01:13:08,-134.458749743299,-27.0256600099634,0,23,23,23,13,-27.0256600099634
01-Aug-2026 01:13:10,-134.170015020135,-26.7369252868,0,23,23,23,14,-26.7369252868
01-Aug-2026 01:13:12,-134.300973714852,-26.8678839815167,0,23,23,23,13,-26.8678839815167
01-Aug-2026 01:13:14,-134.57894696247,-27.1458572291344,0,23,23,23,13,-27.1458572291344
01-Aug-2026 01:13:16,-134.8132926359,-27.3802029025652,0,23,23,23,13,-27.3802029025652
01-Aug-2026 01:13:18,-133.774584564849,-26.3414948315142,0,23,23,23,14,-26.3414948315142
01-Aug-2026 01:13:20,-133.780939085891,-26.3478493525555,0,23,23,23,11,-26.3478493525555
01-Aug-2026 01:13:22,-133.814319591404,-26.3812298580689,0,23,23,23,12,-26.3812298580689
01-Aug-2026 01:13:24,-134.461554884701,-27.0284651513662,0,23,23,23,12,-27.0284651513662
01-Aug-2026 01:13:26,-134.65981802451,-27.2267282911744,0,23,23,23,13,-27.2267282911744
01-Aug-2026 01:13:28,-134.994507497383,-27.5614177640483,0,23,23,23,12,-27.5614177640483
01-Aug-2026 01:13:30,-135.401341414174,-27.968251680839,0,23,23,23,13,-27.968251680839
01-Aug-2026 01:13:32,-137.334253557677,-29.9011638243417,0,22,22,22,13,-29.9011638243417
01-Aug-2026 01:13:34,-137.356796996141,-29.9237072628058,0,22,22,22,14,-29.9237072628058
01-Aug-2026 01:13:36,-137.676538369222,-30.2434486358865,0,22,22,22,15,-28.8976628424778
01-Aug-2026 01:13:38,-137.919107466338,-30.4860177330031,0,22,22,22,15,-28.0567347894498
01-Aug-2026 01:13:40,-139.082133577567,-31.6490438442322,0,23,23,23,14,-31.6490438442322
01-Aug-2026 01:13:42,-141.306466320649,-33.8733765873137,0,23,23,23,13,-33.8733765873137
01-Aug-2026 01:13:44,-141.352896726871,-33.9198069935361,0,23,23,23,12,-33.9198069935361
01-Aug-2026 01:13:46,-141.014579757385,-33.5814900240496,0,23,23,23,12,-33.5814900240496
01-Aug-2026 01:13:48,-141.823333209665,-34.3902434763295,0,24,24,24,10,-34.3902434763295
01-Aug-2026 01:13:50,-140.023989707353,-32.5908999740177,0,24,24,24,10,-32.5908999740177
01-Aug-2026 01:13:52,-138.699924242351,-31.2668345090161,0,24,24,24,10,-31.2668345090161
01-Aug-2026 01:13:54,-137.504140879066,-30.0710511457306,0,24,24,24,9,-30.0710511457306
01-Aug-2026 01:13:56,-136.984205445391,-29.5511157120555,0,25,25,25,10,-29.5511157120555
01-Aug-2026 01:13:58,-135.811709055559,-28.378619322224,0,26,26,26,12,-28.378619322224
01-Aug-2026 01:14:00,-136.561307766847,-29.1282180335122,0,26,26,26,11,-29.1282180335122
01-Aug-2026 01:14:02,-137.517811968013,-30.0847222346783,0,26,26,26,12,-30.0847222346783
01-Aug-2026 01:14:04,-138.488948260646,-31.0558585273105,0,26,26,26,13,-31.0558585273105
01-Aug-2026 01:14:06,-139.129956109378,-31.696866376043,0,26,26,26,13,-31.696866376043
01-Aug-2026 01:14:08,-139.888666909303,-32.4555771759681,0,26,26,26,15,-32.4555771759681
01-Aug-2026 01:14:10,-140.520666797749,-33.0875770644139,0,26,26,26,16,-33.0875770644139
01-Aug-2026 01:14:12,-141.204603119358,-33.7715133860231,0,26,26,26,16,-33.7715133860231
01-Aug-2026 01:14:14,-141.806401424206,-34.3733116908707,0,26,26,26,14,-34.3733116908707
01-Aug-2026 01:14:16,-146.811838995772,-39.3787492624369,0,25,25,25,11,-39.3787492624369
01-Aug-2026 01:14:18,-146.573564398053,-39.1404746647183,0,26,26,26,11,-39.1404746647183
01-Aug-2026 01:14:20,-147.751887645385,-40.3187979120494,0,27,27,27,10,-40.3187979120494
01-Aug-2026 01:14:22,-147.30593461499,-39.8728448816553,0,27,27,27,9,-39.8728448816553
01-Aug-2026 01:14:24,-146.356542192061,-38.9234524587261,0,27,27,27,9,-38.9234524587261
01-Aug-2026 01:14:26,-145.813407700416,-38.380317967081,0,27,27,27,9,-38.380317967081
01-Aug-2026 01:14:28,-145.254386712988,-37.8212969796533,0,27,27,27,9,-37.8212969796533
01-Aug-2026 01:14:30,-136.473507947588,-29.0404182142529,0,27,27,27,10,-29.0404182142529
01-Aug-2026 01:14:32,-136.063031293621,-28.6299415602859,0,26,26,26,9,-28.6299415602859
01-Aug-2026 01:14:34,-150.288564973604,-42.855475240269,0,26,26,26,9,-28.1229551980422
01-Aug-2026 01:14:36,-150.326231814074,-42.893142080739,0,26,26,26,10,-42.893142080739
01-Aug-2026 01:14:38,-150.751169145257,-43.3180794119219,0,26,26,26,9,-43.3180794119219
01-Aug-2026 01:14:40,-151.098268075623,-43.6651783422873,0,26,26,26,6,-43.6651783422873
01-Aug-2026 01:14:42,-151.827391027133,-44.394301293798,0,25,25,25,6,-44.394301293798
01-Aug-2026 01:14:44,-151.795682239389,-44.3625925060539,0,25,25,25,6,-44.3625925060539
01-Aug-2026 01:14:46,-141.665057233993,-34.2319675006581,0,25,25,25,7,-34.2319675006581
01-Aug-2026 01:14:48,-140.973440163079,-33.5403504297438,0,26,26,26,8,-33.5403504297438
01-Aug-2026 01:14:50,-140.501977522276,-33.068887788941,0,26,26,26,7,-33.068887788941
01-Aug-2026 01:14:52,-139.338119214017,-31.905029480682,0,26,26,26,9,-31.905029480682
01-Aug-2026 01:14:54,-138.620474457362,-31.1873847240269,0,26,26,26,8,-31.1873847240269
01-Aug-2026 01:14:56,-137.848048478885,-30.41495874555,0,26,26,26,8,-30.41495874555
01-Aug-2026 01:14:58,-135.476540355277,-28.0434506219418,0,26,26,26,7,-28.0434506219418
01-Aug-2026 01:15:00,-134.183539439932,-26.7504497065968,0,26,26,26,9,-26.7504497065968
01-Aug-2026 01:15:02,-132.830304278146,-25.3972145448104,0,26,26,26,9,-25.3972145448104
01-Aug-2026 01:15:04,-132.09294364999,-24.659853916655,0,26,26,26,11,-24.659853916655
01-Aug-2026 01:15:06,-131.321629828252,-23.8885400949165,0,25,25,25,10,-23.8885400949165
01-Aug-2026 01:15:08,-130.869625079476,-23.4365353461409,0,25,25,25,10,-23.4365353461409
01-Aug-2026 01:15:10,-131.133102130417,-23.7000123970818,0,25,25,25,11,-23.7000123970818
01-Aug-2026 01:15:12,-131.113874795347,-23.6807850620118,0,25,25,25,11,-23.6807850620118
01-Aug-2026 01:15:14,-136.194275061271,-28.7611853279362,0,25,25,25,11,-28.7611853279362
01-Aug-2026 01:15:16,-135.563260219363,-28.1301704860274,0,25,25,25,13,-28.1301704860274
01-Aug-2026 01:15:18,-135.813415834789,-28.3803261014537,0,25,25,25,12,-28.3803261014537
01-Aug-2026 01:15:20,-136.163278258921,-28.730188525586,0,25,25,25,10,-28.730188525586
01-Aug-2026 01:15:22,-136.400623505156,-28.9675337718208,0,25,25,25,10,-28.9675337718208
01-Aug-2026 01:15:24,-135.794677822854,-28.3615880895188,0,25,25,25,10,-28.3615880895188
01-Aug-2026 01:15:26,-135.511109002642,-28.0780192693073,0,25,25,25,10,-28.0780192693073
01-Aug-2026 01:15:28,-135.071324131795,-27.6382343984602,0,25,25,25,11,-27.6382343984602
01-Aug-2026 01:15:30,-134.033391810842,-26.6003020775065,0,25,25,25,11,-26.6003020775065
01-Aug-2026 01:15:32,-132.749824439469,-25.316734706134,0,25,25,25,11,-25.316734706134
01-Aug-2026 01:15:34,-131.848265359458,-24.4151756261232,0,25,25,25,9,-24.4151756261232
01-Aug-2026 01:15:36,-131.114688084598,-23.6815983512632,0,25,25,25,9,-23.6815983512632
01-Aug-2026 01:15:38,-129.901717968114,-22.4686282347793,0,25,25,25,10,-22.4686282347793
01-Aug-2026 01:15:40,-148.729334644409,-41.2962449110739,0,24,24,24,9,-41.2962449110739
01-Aug-2026 01:15:42,-149.185646788198,-41.7525570548626,0,23,23,23,9,-41.7525570548626
01-Aug-2026 01:15:44,-146.28457039607,-38.8514806627348,0,23,23,23,10,-38.8514806627348
01-Aug-2026 01:15:46,-146.91180983758,-39.4787201042444,0,23,23,23,11,-39.4787201042444
01-Aug-2026 01:15:48,-149.718561642117,-42.285471908782,0,23,23,23,10,-42.285471908782
01-Aug-2026 01:15:50,-149.530495828688,-42.0974060953528,0,23,23,23,8,-42.0974060953528
01-Aug-2026 01:15:52,-149.423991588825,-41.99090185549,0,23,23,23,9,-41.99090185549
01-Aug-2026 01:15:54,-149.405822898615,-41.9727331652799,0,23,23,23,9,-41.9727331652799
01-Aug-2026 01:15:56,-149.684621855139,-42.251532121804,0,23,23,23,8,-42.251532121804
01-Aug-2026 01:15:58,-149.946835199455,-42.5137454661202,0,23,23,23,6,-42.5137454661202
01-Aug-2026 01:16:00,-146.008460890149,-38.5753711568134,0,23,23,23,10,-38.5753711568134
01-Aug-2026 01:16:02,-145.510777761187,-38.0776880278516,0,23,23,23,12,-38.0776880278516
01-Aug-2026 01:16:04,-145.862292711843,-38.4292029785074,0,22,22,22,10,-38.4292029785074
01-Aug-2026 01:16:06,-145.631280213147,-38.1981904798119,0,22,22,22,10,-38.1981904798119
01-Aug-2026 01:16:08,-141.165972660026,-33.7328829266904,0,22,22,22,10,-33.7328829266904
01-Aug-2026 01:16:10,-141.036328159482,-33.6032384261468,0,22,22,22,11,-33.6032384261468
01-Aug-2026 01:16:12,-141.015961209622,-33.5828714762873,0,22,22,22,12,-33.5828714762873
01-Aug-2026 01:16:14,-141.010757262367,-33.577667529032,0,22,22,22,12,-33.577667529032
01-Aug-2026 01:16:16,-140.948545896086,-33.5154561627506,0,22,22,22,12,-33.5154561627506
01-Aug-2026 01:16:18,-140.632063576911,-33.1989738435757,0,22,22,22,13,-33.1989738435757
01-Aug-2026 01:16:20,-140.475523865205,-33.0424341318694,0,22,22,22,13,-33.0424341318694
01-Aug-2026 01:16:22,-140.316476478133,-32.8833867447978,0,22,22,22,11,-32.8833867447978
01-Aug-2026 01:16:24,-140.148153074459,-32.7150633411239,0,21,21,21,11,-32.7150633411239
01-Aug-2026 01:16:26,-138.638832505495,-31.2057427721601,0,22,22,22,12,-31.2057427721601
01-Aug-2026 01:16:28,-138.183598632414,-30.7505088990785,0,22,22,22,13,-30.7505088990785
01-Aug-2026 01:16:30,-137.840683836658,-30.4075941033225,0,22,22,22,11,-30.4075941033225
01-Aug-2026 01:16:32,-137.449704232858,-30.0166144995224,0,22,22,22,12,-30.0166144995224
01-Aug-2026 01:16:34,-137.161135230593,-29.7280454972582,0,21,21,21,10,-29.7280454972582
01-Aug-2026 01:16:36,-137.392401871634,-29.9593121382989,0,21,21,21,10,-29.9593121382989
01-Aug-2026 01:16:38,-137.26621872112,-29.8331289877851,0,22,22,22,12,-29.8331289877851
01-Aug-2026 01:16:40,-136.437996294901,-29.0049065615663,0,22,22,22,13,-29.0049065615663
01-Aug-2026 01:16:42,-136.105182914709,-28.6720931813742,0,23,23,23,14,-28.6720931813742
01-Aug-2026 01:16:44,-135.918073076817,-28.4849833434818,0,23,23,23,13,-28.4849833434818
01-Aug-2026 01:16:46,-141.099259097437,-33.6661693641018,0,23,23,23,13,-33.6661693641018
01-Aug-2026 01:16:48,-140.491073819581,-33.0579840862463,0,23,23,23,12,-33.0579840862463
01-Aug-2026 01:16:50,-140.511775483738,-33.0786857504031,0,24,24,24,12,-33.0786857504031
01-Aug-2026 01:16:52,-139.944043785114,-32.5109540517789,0,24,24,24,13,-32.5109540517789
01-Aug-2026 01:16:54,-137.475303959652,-30.0422142263167,0,24,24,24,13,-30.0422142263167
01-Aug-2026 01:16:56,-137.60509180339,-30.1720020700545,0,24,24,24,13,-30.1720020700545
01-Aug-2026 01:16:58,-137.302018923418,-29.868929190083,0,24,24,24,13,-29.868929190083
01-Aug-2026 01:17:00,-137.189276646008,-29.7561869126731,0,24,24,24,15,-29.7561869126731
01-Aug-2026 01:17:02,-137.130558598903,-29.6974688655674,0,24,24,24,14,-29.6974688655674
01-Aug-2026 01:17:04,-136.693512099321,-29.2604223659863,0,24,24,24,14,-29.2604223659863
01-Aug-2026 01:17:06,-136.221039060719,-28.7879493273836,0,24,24,24,12,-28.7879493273836
01-Aug-2026 01:17:08,-135.783533200526,-28.3504434671907,0,24,24,24,11,-28.3504434671907
01-Aug-2026 01:17:10,-135.96211248293,-28.529022749595,0,24,24,24,12,-28.529022749595
01-Aug-2026 01:17:12,-135.663746771637,-28.2306570383023,0,24,24,24,11,-28.2306570383023
01-Aug-2026 01:17:14,-137.428412858498,-29.9953231251633,0,24,24,24,9,-29.9953231251633
01-Aug-2026 01:17:16,-136.742428712992,-29.3093389796563,0,24,24,24,10,-29.3093389796563
01-Aug-2026 01:17:18,-136.021980739081,-28.5888910057462,0,24,24,24,9,-28.5888910057462
01-Aug-2026 01:17:20,-135.532029882858,-28.0989401495231,0,24,24,24,9,-28.0989401495231
01-Aug-2026 01:17:22,-134.633321472785,-27.2002317394496,0,23,23,23,9,-27.2002317394496
01-Aug-2026 01:17:24,-134.692660594208,-27.2595708608727,0,23,23,23,11,-27.2595708608727
01-Aug-2026 01:17:26,-135.404309663739,-27.971219930404,0,23,23,23,12,-27.971219930404
01-Aug-2026 01:17:28,-140.582436456302,-33.1493467229668,0,23,23,23,11,-33.1493467229668
01-Aug-2026 01:17:30,-140.575089483145,-33.1419997498102,0,23,23,23,11,-33.1419997498102
01-Aug-2026 01:17:32,-141.406893261204,-33.9738035278684,0,23,23,23,11,-33.9738035278684
01-Aug-2026 01:17:34,-141.583106337608,-34.1500166042726,0,23,23,23,11,-34.1500166042726
01-Aug-2026 01:17:36,-142.693392348198,-35.2603026148632,0,24,24,24,12,-35.2603026148632
01-Aug-2026 01:17:38,-142.133511451702,-34.700421718367,0,24,24,24,13,-34.700421718367
01-Aug-2026 01:17:40,-142.75786982926,-35.3247800959244,0,24,24,24,14,-35.3247800959244
01-Aug-2026 01:17:42,-143.27030515333,-35.8372154199951,0,24,24,24,11,-35.8372154199951
01-Aug-2026 01:17:44,-142.02644868783,-34.5933589544944,0,25,25,25,12,-34.5933589544944
01-Aug-2026 01:17:46,-143.216770695494,-35.7836809621593,0,25,25,25,12,-35.7836809621593
01-Aug-2026 01:17:48,-143.272988972346,-35.839899239011,0,26,26,26,12,-35.839899239011
01-Aug-2026 01:17:50,-143.264439921682,-35.8313501883468,0,26,26,26,12,-35.8313501883468
01-Aug-2026 01:17:52,-143.197037941348,-35.7639482080125,0,26,26,26,13,-35.7639482080125
01-Aug-2026 01:17:54,-142.814727774476,-35.3816380411411,0,26,26,26,14,-35.3816380411411
01-Aug-2026 01:17:56,-143.000488607639,-35.5673988743035,0,26,26,26,15,-35.5673988743035
01-Aug-2026 01:17:58,-142.436239717846,-35.0031499845106,0,26,26,26,15,-35.0031499845106
01-Aug-2026 01:18:00,-140.21688857462,-32.7837988412848,0,26,26,26,15,-32.7837988412848
01-Aug-2026 01:18:02,-141.071597059682,-33.6385073263468,0,26,26,26,15,-33.6385073263468
01-Aug-2026 01:18:04,-143.296964658557,-35.8638749252214,0,26,26,26,14,-35.8638749252214
01-Aug-2026 01:18:06,-143.488704089931,-36.055614356596,0,26,26,26,13,-36.055614356596
01-Aug-2026 01:18:08,-143.574597502778,-36.1415077694427,0,27,27,27,14,-36.1415077694427
01-Aug-2026 01:18:10,-145.984635281013,-38.5515455476774,0,27,27,27,12,-38.5515455476774
01-Aug-2026 01:18:12,-146.126599880702,-38.6935101473669,0,27,27,27,11,-38.6935101473669
01-Aug-2026 01:18:14,-146.168798024738,-38.7357082914025,0,27,27,27,11,-38.7357082914025
01-Aug-2026 01:18:16,-146.071984006588,-38.6388942732532,0,27,27,27,11,-38.6388942732532
01-Aug-2026 01:18:18,-155.819760423157,-48.386670689822,0,27,27,27,9,-48.386670689822
01-Aug-2026 01:18:20,-156.563635881761,-49.1305461484256,0,27,27,27,8,-49.1305461484256
01-Aug-2026 01:18:22,-145.536134281713,-38.1030445483781,0,27,27,27,9,-38.1030445483781
01-Aug-2026 01:18:24,-144.099413433628,-36.6663237002927,0,26,26,26,8,-36.6663237002927
01-Aug-2026 01:18:26,-145.004059782883,-37.5709700495477,0,26,26,26,8,-33.6908200207252
01-Aug-2026 01:18:28,-144.440382811073,-37.0072930777378,0,26,26,26,10,-37.0072930777378
01-Aug-2026 01:18:30,-143.622063305444,-36.1889735721091,0,26,26,26,12,-36.1889735721091
01-Aug-2026 01:18:32,-143.344159543839,-35.9110698105043,0,26,26,26,13,-35.9110698105043
01-Aug-2026 01:18:34,-143.126014559871,-35.6929248265357,0,26,26,26,11,-35.6929248265357
01-Aug-2026 01:18:36,-142.516372536892,-35.0832828035571,0,26,26,26,12,-35.0832828035571
01-Aug-2026 01:18:38,-142.357552459451,-34.9244627261163,0,27,27,27,12,-34.9244627261163
01-Aug-2026 01:18:40,-132.923925198016,-25.4908354646811,0,27,27,27,12,-25.4908354646811
01-Aug-2026 01:18:42,-141.339563153404,-33.9064734200684,0,27,27,27,12,-23.0455807413595
01-Aug-2026 01:18:44,-140.145153068848,-32.7120633355125,0,27,27,27,14,-32.7120633355125
01-Aug-2026 01:18:46,-163.68622779358,-56.253138060245,0,27,27,27,12,-56.253138060245
01-Aug-2026 01:18:48,-157.251843317896,-49.8187535845603,0,27,27,27,15,-49.8187535845603
01-Aug-2026 01:18:50,-163.85394016776,-56.4208504344252,0,27,27,27,14,-56.4208504344252
01-Aug-2026 01:18:52,-164.91474935356,-57.4816596202248,0,27,27,27,11,-57.4816596202248
01-Aug-2026 01:18:54,-164.878261545938,-57.445171812603,0,26,26,26,10,-57.445171812603
01-Aug-2026 01:18:56,-164.986883426565,-57.55379369323,0,26,26,26,9,-22.9265705826717
01-Aug-2026 01:18:58,-132.39086170931,-24.9577719759749,0,26,26,26,10,-24.9577719759749
01-Aug-2026 01:19:00,-134.024206371401,-26.591116638066,0,26,26,26,11,-26.591116638066
01-Aug-2026 01:19:02,-136.03160863809,-28.5985189047546,0,26,26,26,10,-28.5985189047546
01-Aug-2026 01:19:04,-138.233372026448,-30.800282293113,0,26,26,26,8,-30.800282293113
01-Aug-2026 01:19:06,-139.608111620779,-32.1750218874442,0,26,26,26,8,-32.1750218874442
01-Aug-2026 01:19:08,-141.237772844779,-33.8046831114443,0,26,26,26,8,-33.8046831114443
01-Aug-2026 01:19:10,-143.120838810288,-35.6877490769525,0,26,26,26,9,-35.6877490769525
01-Aug-2026 01:19:12,-144.076003764244,-36.6429140309086,0,26,26,26,9,-36.6429140309086
01-Aug-2026 01:19:14,-150.943132628013,-43.5100428946781,0,25,25,25,8,-43.5100428946781
01-Aug-2026 01:19:16,-150.415202727122,-42.9821129937871,0,25,25,25,11,-42.9821129937871
01-Aug-2026 01:19:18,-150.240095063332,-42.8070053299968,0,25,25,25,11,-42.8070053299968
01-Aug-2026 01:19:20,-157.984500619606,-50.551410886271,0,25,25,25,11,-50.551410886271
01-Aug-2026 01:19:22,-157.927004738649,-50.4939150053136,0,24,24,24,11,-50.4939150053136
01-Aug-2026 01:19:24,-158.172578691545,-50.7394889582098,0,24,24,24,11,-50.7394889582098
01-Aug-2026 01:19:26,-158.1769680356,-50.743878302265,0,24,24,24,11,-50.743878302265
01-Aug-2026 01:19:28,-157.999096913615,-50.5660071802798,0,24,24,24,11,-50.5660071802798
01-Aug-2026 01:19:30,-160.463290721606,-53.0302009882707,0,24,24,24,10,-53.0302009882707
01-Aug-2026 01:19:32,-137.6881967595,-30.2551070261647,0,23,23,23,11,-30.2551070261647
01-Aug-2026 01:19:34,-138.555678308993,-31.1225885756577,0,23,23,23,10,-31.1225885756577
01-Aug-2026 01:19:36,-138.156439198091,-30.7233494647556,0,23,23,23,9,-30.7233494647556
01-Aug-2026 01:19:38,-138.970675801123,-31.537586067788,0,23,23,23,10,-31.537586067788
01-Aug-2026 01:19:40,-138.402468457552,-30.9693787242172,0,23,23,23,9,-30.9693787242172
01-Aug-2026 01:19:42,-138.816347858925,-31.3832581255901,0,23,23,23,8,-31.3832581255901
01-Aug-2026 01:19:44,-139.323078646784,-31.8899889134489,0,23,23,23,9,-31.8899889134489
01-Aug-2026 01:19:46,-140.824570424326,-33.3914806909905,0,22,22,22,9,-33.3914806909905
01-Aug-2026 01:19:48,-141.485639695882,-34.0525499625465,0,23,23,23,10,-34.0525499625465
01-Aug-2026 01:19:50,-141.280380678083,-33.8472909447476,0,23,23,23,9,-33.8472909447476
01-Aug-2026 01:19:52,-141.28234154925,-33.8492518159149,0,22,22,22,11,-33.8492518159149
01-Aug-2026 01:19:54,-141.399376532608,-33.9662867992725,0,22,22,22,11,-33.9662867992725
01-Aug-2026 01:19:56,-141.375622665896,-33.9425329325603,0,23,23,23,11,-33.9425329325603
01-Aug-2026 01:19:58,-141.596635566477,-34.1635458331416,0,23,23,23,12,-34.1635458331416
01-Aug-2026 01:20:00,-141.941505854877,-34.5084161215419,0,23,23,23,11,-34.5084161215419
01-Aug-2026 01:20:02,-147.348368655722,-39.9152789223864,0,23,23,23,11,-39.9152789223864
01-Aug-2026 01:20:04,-147.75236026817,-40.3192705348351,0,23,23,23,12,-40.3192705348351
01-Aug-2026 01:20:06,-147.517954504354,-40.0848647710188,0,23,23,23,10,-40.0848647710188
01-Aug-2026 01:20:08,-147.703643567454,-40.2705538341186,0,22,22,22,10,-40.2705538341186
01-Aug-2026 01:20:10,-148.006276356414,-40.5731866230793,0,22,22,22,11,-40.5731866230793
01-Aug-2026 01:20:12,-150.008662295125,-42.5755725617903,0,22,22,22,10,-42.5755725617903
01-Aug-2026 01:20:14,-149.516745276391,-42.083655543056,0,22,22,22,11,-42.083655543056
01-Aug-2026 01:20:16,-146.530625191373,-39.0975354580381,0,23,23,23,12,-39.0975354580381
01-Aug-2026 01:20:18,-146.262076210606,-38.8289864772707,0,23,23,23,10,-38.8289864772707
01-Aug-2026 01:20:20,-142.964537888578,-35.5314481552424,0,23,23,23,11,-35.5314481552424
01-Aug-2026 01:20:22,-142.552242395999,-35.119152662664,0,23,23,23,11,-35.119152662664
01-Aug-2026 01:20:24,-142.178783499814,-34.7456937664788,0,23,23,23,10,-34.7456937664788
01-Aug-2026 01:20:26,-141.851110276493,-34.4180205431575,0,22,22,22,11,-34.4180205431575
01-Aug-2026 01:20:28,-141.841282980185,-34.4081932468496,0,22,22,22,11,-34.4081932468496
01-Aug-2026 01:20:30,-141.053078316064,-33.6199885827286,0,22,22,22,12,-33.6199885827286
01-Aug-2026 01:20:32,-144.455810737202,-37.0227210038663,0,22,22,22,13,-33.2407032701731
01-Aug-2026 01:20:34,-144.56089535484,-37.1278056215048,0,22,22,22,14,-32.8679469130657
01-Aug-2026 01:20:36,-144.218466910707,-36.7853771773714,0,23,23,23,15,-31.9318732771432
01-Aug-2026 01:20:38,-144.330498625315,-36.89740889198,0,23,23,23,15,-30.524166890359
01-Aug-2026 01:20:40,-137.948333348304,-30.5152436149687,0,24,24,24,14,-30.5152436149687
01-Aug-2026 01:20:42,-136.63815474824,-29.2050650149048,0,24,24,24,14,-29.2050650149048
01-Aug-2026 01:20:44,-135.046479017542,-27.6133892842064,0,24,24,24,14,-27.6133892842064
01-Aug-2026 01:20:46,-134.299509032682,-26.8664192993468,0,24,24,24,14,-26.8664192993468
01-Aug-2026 01:20:48,-144.753157254884,-37.320067521549,0,24,24,24,14,-27.1074018876607
01-Aug-2026 01:20:50,-144.86164402035,-37.4285542870147,0,24,24,24,14,-25.9242769952785
01-Aug-2026 01:20:52,-146.313821742256,-38.8807320089208,0,24,24,24,16,-26.0694445950352
01-Aug-2026 01:20:54,-146.790759771442,-39.3576700381066,0,24,24,24,14,-26.5514022604538
01-Aug-2026 01:20:56,-147.172020707146,-39.7389309738106,0,24,24,24,14,-27.6155267072276
01-Aug-2026 01:20:58,-147.31618763244,-39.8830978991047,0,24,24,24,11,-39.8830978991047
01-Aug-2026 01:21:00,-147.547239496502,-40.1141497631672,0,24,24,24,11,-40.1141497631672
01-Aug-2026 01:21:02,-147.874978252499,-40.4418885191642,0,24,24,24,9,-40.4418885191642
01-Aug-2026 01:21:04,-149.131246226986,-41.6981564936507,0,24,24,24,9,-41.6981564936507
01-Aug-2026 01:21:06,-149.717346011608,-42.2842562782724,0,24,24,24,10,-42.2842562782724
01-Aug-2026 01:21:08,-150.707198748778,-43.2741090154427,0,24,24,24,10,-43.2741090154427
01-Aug-2026 01:21:10,-150.142696939669,-42.7096072063339,0,24,24,24,10,-42.7096072063339
01-Aug-2026 01:21:12,-149.853301653709,-42.4202119203738,0,24,24,24,10,-42.4202119203738
01-Aug-2026 01:21:14,-149.985243501415,-42.55215376808,0,23,23,23,8,-42.55215376808
01-Aug-2026 01:21:16,-148.524016806604,-41.0909270732693,0,23,23,23,9,-41.0909270732693
01-Aug-2026 01:21:18,-148.125636148069,-40.6925464147334,0,23,23,23,9,-40.6925464147334
01-Aug-2026 01:21:20,-147.581821112404,-40.1487313790692,0,23,23,23,7,-40.1487313790692
01-Aug-2026 01:21:22,-144.101038686929,-36.667948953594,0,23,23,23,9,-36.667948953594
01-Aug-2026 01:21:24,-146.748665717054,-39.3155759837189,0,24,24,24,9,-39.3155759837189
01-Aug-2026 01:21:26,-141.323448865913,-33.8903591325781,0,24,24,24,9,-33.8903591325781
01-Aug-2026 01:21:28,-141.643900430341,-34.2108106970056,0,25,25,25,10,-34.2108106970056
01-Aug-2026 01:21:30,-141.225227024598,-33.7921372912627,0,25,25,25,11,-33.7921372912627
01-Aug-2026 01:21:32,-141.055661311162,-33.622571577827,0,25,25,25,9,-33.622571577827
01-Aug-2026 01:21:34,-140.766493532108,-33.3334037987732,0,25,25,25,7,-33.3334037987732
01-Aug-2026 01:21:36,-140.952621499142,-33.5195317658066,0,25,25,25,8,-33.5195317658066
01-Aug-2026 01:21:38,-140.688386355126,-33.2552966217911,0,26,26,26,10,-33.2552966217911
01-Aug-2026 01:21:40,-140.983322136466,-33.5502324031309,0,26,26,26,12,-33.5502324031309
01-Aug-2026 01:21:42,-141.371766087038,-33.9386763537027,0,26,26,26,10,-33.9386763537027
01-Aug-2026 01:21:44,-126.938018812434,-19.5049290790991,0,26,26,26,11,-19.5049290790991
01-Aug-2026 01:21:46,-122.176084694891,-14.7429949615561,0,26,26,26,12,-14.7429949615561
01-Aug-2026 01:21:48,-122.304123245111,-14.8710335117762,0,26,26,26,11,-14.8710335117762
01-Aug-2026 01:21:50,-122.446772270101,-15.0136825367661,0,26,26,26,13,-15.0136825367661
01-Aug-2026 01:21:52,-122.429797048102,-14.9967073147666,0,26,26,26,13,-14.9967073147666
01-Aug-2026 01:21:54,-122.471811957405,-15.0387222240702,0,26,26,26,13,-15.0387222240702
01-Aug-2026 01:21:56,-122.319841804618,-14.8867520712831,0,27,27,27,14,-14.8867520712831
01-Aug-2026 01:21:58,-147.862134377449,-40.4290446441137,0,27,27,27,12,-40.4290446441137
01-Aug-2026 01:22:00,-152.857097237583,-45.4240075042481,0,28,28,28,10,-45.4240075042481
01-Aug-2026 01:22:02,-130.074915812234,-22.6418260788989,0,28,28,28,10,-22.6418260788989
01-Aug-2026 01:22:04,-129.506431057256,-22.0733413239205,0,27,27,27,9,-22.0733413239205
01-Aug-2026 01:22:06,-129.323419553019,-21.8903298196834,0,27,27,27,9,-21.8903298196834
01-Aug-2026 01:22:08,-129.536805575842,-22.1037158425072,0,27,27,27,11,-22.1037158425072
01-Aug-2026 01:22:10,-129.694761401136,-22.2616716678006,0,27,27,27,11,-22.2616716678006
01-Aug-2026 01:22:12,-129.432812773332,-21.9997230399968,0,27,27,27,11,-21.9997230399968
01-Aug-2026 01:22:14,-128.992130745687,-21.5590410123514,0,26,26,26,11,-21.5590410123514
01-Aug-2026 01:22:16,-128.481812436336,-21.048722703001,0,26,26,26,11,-21.048722703001
01-Aug-2026 01:22:18,-127.756794330832,-20.3237045974967,0,26,26,26,12,-20.3237045974967
01-Aug-2026 01:22:20,-126.810012204091,-19.3769224707558,0,26,26,26,10,-19.3769224707558
01-Aug-2026 01:22:22,-125.985582729222,-18.5524929958869,0,26,26,26,8,-18.5524929958869
01-Aug-2026 01:22:24,-125.942537906507,-18.5094481731718,0,26,26,26,7,-18.5094481731718
01-Aug-2026 01:22:26,-124.840267152244,-17.407177418909,0,26,26,26,8,-17.407177418909
01-Aug-2026 01:22:28,-124.339757550445,-16.9066678171096,0,27,27,27,9,-16.9066678171096
01-Aug-2026 01:22:30,-123.83641846193,-16.4033287285947,0,27,27,27,9,-16.4033287285947
01-Aug-2026 01:22:32,-124.131452583483,-16.698362850148,0,27,27,27,10,-16.698362850148
01-Aug-2026 01:22:34,-124.574206057714,-17.1411163243785,0,27,27,27,11,-17.1411163243785
01-Aug-2026 01:22:36,-124.13163058198,-16.6985408486444,0,27,27,27,11,-16.6985408486444
01-Aug-2026 01:22:38,-123.29849856707,-15.8654088337349,0,27,27,27,12,-15.8654088337349
01-Aug-2026 01:22:40,-123.086355422931,-15.6532656895961,0,27,27,27,10,-15.6532656895961
01-Aug-2026 01:22:42,-123.097445154697,-15.6643554213622,0,26,26,26,11,-15.6643554213622
01-Aug-2026 01:22:44,-122.533789211113,-15.1006994777782,0,26,26,26,12,-15.1006994777782
01-Aug-2026 01:22:46,-121.073769193396,-13.6406794600605,0,26,26,26,11,-13.6406794600605
01-Aug-2026 01:22:48,-121.109586779862,-13.6764970465271,0,26,26,26,9,-13.6764970465271
01-Aug-2026 01:22:50,-120.433699716149,-13.0006099828136,0,26,26,26,9,-13.0006099828136
01-Aug-2026 01:22:52,-125.816498868619,-18.3834091352836,0,26,26,26,9,-18.3834091352836
01-Aug-2026 01:22:54,-126.841525234756,-19.4084355014207,0,26,26,26,10,-19.4084355014207
01-Aug-2026 01:22:56,-126.849974998766,-19.4168852654305,0,26,26,26,9,-19.4168852654305
01-Aug-2026 01:22:58,-128.392920818559,-20.9598310852238,0,26,26,26,10,-20.9598310852238
01-Aug-2026 01:23:00,-129.143985508491,-21.710895775156,0,26,26,26,10,-21.710895775156
01-Aug-2026 01:23:02,-130.50925432083,-23.0761645874951,0,25,25,25,9,-23.0761645874951
01-Aug-2026 01:23:04,-130.483742771999,-23.050653038664,0,25,25,25,10,-23.050653038664
01-Aug-2026 01:23:06,-131.670359601211,-24.2372698678756,0,25,25,25,10,-24.2372698678756
01-Aug-2026 01:23:08,-132.144137242515,-24.7110475091796,0,25,25,25,12,-24.7110475091796
01-Aug-2026 01:23:10,-133.626567473235,-26.1934777399,0,25,25,25,11,-26.1934777399
01-Aug-2026 01:23:12,-134.71396464251,-27.2808749091745,0,25,25,25,12,-27.2808749091745
01-Aug-2026 01:23:14,-135.876674257157,-28.4435845238221,0,25,25,25,13,-28.4435845238221
01-Aug-2026 01:23:16,-136.343571850946,-28.9104821176111,0,25,25,25,13,-28.9104821176111
01-Aug-2026 01:23:18,-137.699400913444,-30.2663111801085,0,25,25,25,12,-30.2663111801085
01-Aug-2026 01:23:20,-138.564250359439,-31.1311606261039,0,26,26,26,11,-31.1311606261039
01-Aug-2026 01:23:22,-139.309757203276,-31.8766674699406,0,25,25,25,9,-31.8766674699406
01-Aug-2026 01:23:24,-140.019872203982,-32.5867824706465,0,25,25,25,11,-32.5867824706465
01-Aug-2026 01:23:26,-140.609894884738,-33.1768051514026,0,24,24,24,10,-33.1768051514026
01-Aug-2026 01:23:28,-141.414366198453,-33.9812764651178,0,24,24,24,8,-33.9812764651178
01-Aug-2026 01:23:30,-141.837229232769,-34.4041394994343,0,24,24,24,9,-34.4041394994343
01-Aug-2026 01:23:32,-146.025833038655,-38.5927433053195,0,24,24,24,8,-38.5927433053195
01-Aug-2026 01:23:34,-138.829544209778,-31.3964544764432,0,23,23,23,8,-31.3964544764432
01-Aug-2026 01:23:36,-138.890940022337,-31.4578502890021,0,23,23,23,8,-31.4578502890021
01-Aug-2026 01:23:38,-137.987783209586,-30.5546934762507,0,24,24,24,10,-30.5546934762507
01-Aug-2026 01:23:40,-137.599294887296,-30.166205153961,0,24,24,24,10,-30.166205153961
01-Aug-2026 01:23:42,-137.001226523346,-29.5681367900105,0,23,23,23,11,-29.5681367900105
01-Aug-2026 01:23:44,-136.281971020798,-28.8488812874627,0,23,23,23,12,-28.8488812874627
01-Aug-2026 01:23:46,-135.35830508539,-27.9252153520545,0,23,23,23,11,-27.9252153520545
01-Aug-2026 01:23:48,-135.145766007614,-27.7126762742789,0,23,23,23,11,-27.7126762742789
01-Aug-2026 01:23:50,-134.770209387489,-27.3371196541538,0,22,22,22,12,-27.3371196541538
01-Aug-2026 01:23:52,-139.604268433603,-32.1711787002677,0,22,22,22,12,-27.5302026863142
01-Aug-2026 01:23:54,-139.32456837373,-31.8914786403947,0,22,22,22,13,-28.3329853557863
01-Aug-2026 01:23:56,-139.337138017453,-31.9040482841182,0,22,22,22,14,-31.9040482841182
01-Aug-2026 01:23:58,-141.082792633443,-33.6497029001077,0,22,22,22,12,-33.6497029001077
01-Aug-2026 01:24:00,-141.326683192516,-33.8935934591811,0,22,22,22,14,-33.8935934591811
01-Aug-2026 01:24:02,-140.873059193302,-33.4399694599671,0,22,22,22,16,-33.4399694599671
01-Aug-2026 01:24:04,-140.620231415975,-33.1871416826403,0,22,22,22,14,-33.1871416826403
01-Aug-2026 01:24:06,-140.732214088025,-33.2991243546894,0,23,23,23,14,-33.2991243546894
01-Aug-2026 01:24:08,-138.631468806865,-31.1983790735297,0,23,23,23,14,-31.1983790735297
01-Aug-2026 01:24:10,-137.876213579764,-30.4431238464291,0,23,23,23,15,-30.4431238464291
01-Aug-2026 01:24:12,-137.302194784629,-29.8691050512941,0,23,23,23,16,-29.8691050512941
01-Aug-2026 01:24:14,-138.404758267437,-30.971668534102,0,23,23,23,14,-30.971668534102
01-Aug-2026 01:24:16,-138.004225703757,-30.5711359704217,0,22,22,22,13,-30.5711359704217
01-Aug-2026 01:24:18,-138.075231940332,-30.6421422069968,0,22,22,22,12,-30.6421422069968
01-Aug-2026 01:24:20,-139.191335949533,-31.7582462161978,0,22,22,22,11,-31.7582462161978
01-Aug-2026 01:24:22,-138.645872290937,-31.2127825576015,0,22,22,22,12,-31.2127825576015
01-Aug-2026 01:24:24,-138.449791463282,-31.0167017299468,0,23,23,23,14,-31.0167017299468
01-Aug-2026 01:24:26,-138.14686304951,-30.713773316175,0,23,23,23,14,-30.713773316175
01-Aug-2026 01:24:28,-138.821348022037,-31.3882582887019,0,23,23,23,13,-31.3882582887019
01-Aug-2026 01:24:30,-138.755356428031,-31.3222666946961,0,23,23,23,12,-31.3222666946961
01-Aug-2026 01:24:32,-138.419013989582,-30.9859242562473,0,23,23,23,11,-30.9859242562473
01-Aug-2026 01:24:34,-138.520562960987,-31.0874732276515,0,23,23,23,11,-31.0874732276515
01-Aug-2026 01:24:36,-138.402429706795,-30.9693399734601,0,23,23,23,10,-30.96933997346
01-Aug-2026 01:24:38,-137.843466916874,-30.4103771835393,0,24,24,24,11,-30.4103771835394
01-Aug-2026 01:24:40,-137.866706507976,-30.4336167746408,0,24,24,24,10,-30.4336167746408
01-Aug-2026 01:24:42,-137.836003313342,-30.4029135800069,0,24,24,24,10,-30.402913580007
01-Aug-2026 01:24:44,-138.411514782312,-30.9784250489763,0,24,24,24,10,-30.9784250489763
01-Aug-2026 01:24:46,-137.814388794028,-30.3812990606929,0,24,24,24,11,-30.3812990606928
01-Aug-2026 01:24:48,-137.322577408556,-29.8894876752208,0,24,24,24,10,-29.8894876752208
01-Aug-2026 01:24:50,-137.547983121851,-30.1148933885158,0,24,24,24,10,-30.1148933885158
01-Aug-2026 01:24:52,-138.763959378669,-31.3308696453338,0,24,24,24,9,-31.3308696453338
01-Aug-2026 01:24:54,-138.525781325891,-31.0926915925556,0,24,24,24,9,-31.0926915925556
01-Aug-2026 01:24:56,-139.124115792438,-31.6910260591027,0,24,24,24,10,-31.6910260591027
01-Aug-2026 01:24:58,-139.139463184486,-31.7063734511506,0,24,24,24,10,-31.7063734511506
01-Aug-2026 01:25:00,-139.018627895998,-31.5855381626627,0,24,24,24,11,-31.5855381626627
01-Aug-2026 01:25:02,-139.032759191213,-31.5996694578777,0,24,24,24,11,-31.5996694578777
01-Aug-2026 01:25:04,-138.738955805602,-31.3058660722667,0,23,23,23,11,-31.3058660722667
01-Aug-2026 01:25:06,-139.288498780932,-31.8554090475965,0,23,23,23,12,-31.8554090475965
01-Aug-2026 01:25:08,-140.074433746711,-32.6413440133756,0,23,23,23,13,-32.6413440133756
01-Aug-2026 01:25:10,-140.772156291025,-33.33906655769,0,24,24,24,14,-33.33906655769
01-Aug-2026 01:25:12,-141.186771877552,-33.753682144217,0,24,24,24,14,-33.753682144217
01-Aug-2026 01:25:14,-141.426038837658,-33.9929491043232,0,25,25,25,14,-33.9929491043232
01-Aug-2026 01:25:16,-140.308071954345,-32.8749822210098,0,25,25,25,14,-32.8749822210098
01-Aug-2026 01:25:18,-139.804275344844,-32.371185611509,0,25,25,25,13,-32.371185611509
01-Aug-2026 01:25:20,-138.929056110828,-31.4959663774926,0,25,25,25,14,-31.4959663774926
01-Aug-2026 01:25:22,-137.727585612825,-30.2944958794901,0,25,25,25,15,-30.2944958794901
01-Aug-2026 01:25:24,-139.297582188484,-31.8644924551489,0,25,25,25,14,-31.8644924551489
01-Aug-2026 01:25:26,-140.145970201536,-32.7128804682007,0,25,25,25,16,-32.7128804682007
01-Aug-2026 01:25:28,-138.882899293847,-31.4498095605116,0,25,25,25,16,-31.4498095605116
01-Aug-2026 01:25:30,-138.38273820555,-30.9496484722143,0,26,26,26,15,-30.9496484722143
01-Aug-2026 01:25:32,-138.360450723986,-30.9273609906512,0,26,26,26,16,-30.9273609906512
01-Aug-2026 01:25:34,-139.374961213634,-31.9418714802992,0,26,26,26,16,-31.9418714802992
01-Aug-2026 01:25:36,-140.374486834203,-32.941397100868,0,26,26,26,17,-32.941397100868
01-Aug-2026 01:25:38,-141.725962159536,-34.2928724262009,0,26,26,26,17,-34.2928724262009
01-Aug-2026 01:25:40,-143.163496192373,-35.730406459038,0,26,26,26,17,-35.730406459038
01-Aug-2026 01:25:42,-145.197124287913,-37.7640345545782,0,26,26,26,17,-37.7640345545782
01-Aug-2026 01:25:44,-145.168026302395,-37.7349365690598,0,26,26,26,17,-37.7349365690598
01-Aug-2026 01:25:46,-144.299887703997,-36.8667979706621,0,27,27,27,17,-36.8667979706621
01-Aug-2026 01:25:48,-152.550512800575,-45.1174230672397,0,27,27,27,14,-45.1174230672397
01-Aug-2026 01:25:50,-139.064333079166,-31.6312433458305,0,27,27,27,14,-31.6312433458305
01-Aug-2026 01:25:52,-138.819984489606,-31.3868947562706,0,28,28,28,13,-31.3868947562706
01-Aug-2026 01:25:54,-138.526591356679,-31.0935016233439,0,28,28,28,14,-31.0935016233439
01-Aug-2026 01:25:56,-138.012139945827,-30.5790502124918,0,27,27,27,12,-30.5790502124918
01-Aug-2026 01:25:58,-138.237504019725,-30.8044142863893,0,27,27,27,11,-30.8044142863893
01-Aug-2026 01:26:00,-136.69719921149,-29.2641094781544,0,27,27,27,11,-29.2641094781544
01-Aug-2026 01:26:02,-136.921732913277,-29.4886431799413,0,27,27,27,11,-29.4886431799413
01-Aug-2026 01:26:04,-136.430457144935,-28.9973674115995,0,26,26,26,12,-28.9973674115995
01-Aug-2026 01:26:06,-136.467991948879,-29.0349022155441,0,26,26,26,12,-29.0349022155441
01-Aug-2026 01:26:08,-136.628766711226,-29.1956769778904,0,26,26,26,12,-29.1956769778904
01-Aug-2026 01:26:10,-136.350472843421,-28.9173831100854,0,26,26,26,12,-28.9173831100854
01-Aug-2026 01:26:12,-135.489262870853,-28.0561731375174,0,26,26,26,11,-28.0561731375174
01-Aug-2026 01:26:14,-134.679642176821,-27.2465524434854,0,26,26,26,12,-27.2465524434854
01-Aug-2026 01:26:16,-137.156091035316,-29.7230013019812,0,26,26,26,11,-29.7230013019812
01-Aug-2026 01:26:18,-157.333776699582,-49.9006869662468,0,27,27,27,11,-49.9006869662468
01-Aug-2026 01:26:20,-158.073543335543,-50.6404536022082,0,27,27,27,11,-50.6404536022082
01-Aug-2026 01:26:22,-158.491732454188,-51.0586427208531,0,27,27,27,9,-51.0586427208531
01-Aug-2026 01:26:24,-158.582056717824,-51.148966984489,0,27,27,27,9,-51.148966984489
01-Aug-2026 01:26:26,-158.403592479695,-50.9705027463601,0,27,27,27,9,-50.9705027463601
01-Aug-2026 01:26:28,-158.831479233298,-51.3983894999629,0,27,27,27,10,-51.3983894999629
01-Aug-2026 01:26:30,-159.920565220501,-52.4874754871656,0,26,26,26,9,-52.4874754871656
01-Aug-2026 01:26:32,-159.957492654047,-52.5244029207117,0,26,26,26,9,-52.5244029207117
01-Aug-2026 01:26:34,-160.467553633689,-53.0344639003542,0,26,26,26,8,-53.0344639003542
01-Aug-2026 01:26:36,-160.591000929106,-53.1579111957709,0,26,26,26,8,-53.1579111957709
01-Aug-2026 01:26:38,-160.669511334928,-53.2364216015931,0,26,26,26,8,-53.2364216015931
01-Aug-2026 01:26:40,-160.751654170914,-53.3185644375791,0,26,26,26,9,-53.3185644375791
01-Aug-2026 01:26:42,-160.448232312,-53.0151425786652,0,25,25,25,9,-53.0151425786652
01-Aug-2026 01:26:44,-151.996968115746,-44.563878382411,0,25,25,25,9,-44.563878382411
01-Aug-2026 01:26:46,-152.094932476107,-44.6618427427723,0,25,25,25,8,-44.6618427427723
01-Aug-2026 01:26:48,-151.615581996211,-44.182492262876,0,26,26,26,11,-44.182492262876
01-Aug-2026 01:26:50,-151.711119386861,-44.2780296535256,0,26,26,26,11,-44.2780296535256
01-Aug-2026 01:26:52,-151.501524612509,-44.0684348791739,0,26,26,26,10,-44.0684348791739
01-Aug-2026 01:26:54,-152.512172226756,-45.0790824934204,0,26,26,26,10,-45.0790824934204
01-Aug-2026 01:26:56,-152.180441165589,-44.7473514322542,0,26,26,26,11,-44.7473514322542
01-Aug-2026 01:26:58,-152.121574739286,-44.6884850059503,0,26,26,26,13,-44.6884850059503
01-Aug-2026 01:27:00,-145.417625219069,-37.9845354857342,0,26,26,26,11,-37.9845354857342
01-Aug-2026 01:27:02,-146.165624329062,-38.7325345957266,0,26,26,26,11,-38.7325345957266
01-Aug-2026 01:27:04,-146.741147951982,-39.3080582186464,0,26,26,26,11,-39.3080582186464
01-Aug-2026 01:27:06,-147.47775420966,-40.0446644763246,0,26,26,26,11,-40.0446644763246
01-Aug-2026 01:27:08,-147.98415718761,-40.5510674542747,0,26,26,26,11,-40.5510674542747
01-Aug-2026 01:27:10,-152.784266257991,-45.3511765246559,0,26,26,26,10,-45.3511765246559
01-Aug-2026 01:27:12,-152.643898851923,-45.2108091185881,0,25,25,25,9,-45.2108091185881
01-Aug-2026 01:27:14,-153.234628751003,-45.8015390176681,0,25,25,25,9,-45.8015390176681
01-Aug-2026 01:27:16,-156.122565261269,-48.6894755279339,0,25,25,25,8,-48.6894755279339
01-Aug-2026 01:27:18,-155.799952164845,-48.36686243151,0,25,25,25,8,-48.36686243151
01-Aug-2026 01:27:20,-157.012161800653,-49.5790720673173,0,25,25,25,7,-49.5790720673173
01-Aug-2026 01:27:22,-148.377563444429,-40.9444737110936,0,24,24,24,9,-40.9444737110936
01-Aug-2026 01:27:24,-147.345629310944,-39.9125395776085,0,24,24,24,11,-39.9125395776085
01-Aug-2026 01:27:26,-147.644184851999,-40.2110951186642,0,24,24,24,12,-40.2110951186642
01-Aug-2026 01:27:28,-149.205691848753,-41.7726021154178,0,24,24,24,9,-41.7726021154178
01-Aug-2026 01:27:30,-149.434952372625,-42.0018626392896,0,24,24,24,9,-42.0018626392896
01-Aug-2026 01:27:32,-140.787646819972,-33.3545570866368,0,23,23,23,10,-33.3545570866368
01-Aug-2026 01:27:34,-140.969334525447,-33.5362447921123,0,22,22,22,9,-33.5362447921123
01-Aug-2026 01:27:36,-141.67331474092,-34.2402250075847,0,22,22,22,10,-34.2402250075847
01-Aug-2026 01:27:38,-142.38171660564,-34.9486268723044,0,22,22,22,11,-34.9486268723044
01-Aug-2026 01:27:40,-148.906721481272,-41.4736317479366,0,22,22,22,10,-41.4736317479366
01-Aug-2026 01:27:42,-149.194962954684,-41.7618732213484,0,22,22,22,11,-41.7618732213484
01-Aug-2026 01:27:44,-125.26523381058,-17.8321440772444,0,22,22,22,11,-17.8321440772444
01-Aug-2026 01:27:46,-124.454177688477,-17.0210879551417,0,22,22,22,11,-17.0210879551417
01-Aug-2026 01:27:48,-124.129975641208,-16.6968859078732,0,22,22,22,11,-16.6968859078732
01-Aug-2026 01:27:50,-124.679274204797,-17.2461844714623,0,22,22,22,12,-17.2461844714623
01-Aug-2026 01:27:52,-125.150449031511,-17.7173592981758,0,22,22,22,13,-17.7173592981758
01-Aug-2026 01:27:54,-125.306049015965,-17.8729592826302,0,22,22,22,13,-17.8729592826302
01-Aug-2026 01:27:56,-125.526704305766,-18.0936145724307,0,23,23,23,14,-18.0936145724307
01-Aug-2026 01:27:58,-126.67523679458,-19.2421470612453,0,23,23,23,13,-19.2421470612453
01-Aug-2026 01:28:00,-126.461442679402,-19.028352946067,0,23,23,23,13,-19.028352946067
01-Aug-2026 01:28:02,-126.332205128104,-18.8991153947686,0,23,23,23,14,-18.8991153947686
01-Aug-2026 01:28:04,-125.993698629702,-18.5606088963663,0,23,23,23,13,-18.5606088963663
01-Aug-2026 01:28:06,-125.006939366007,-17.5738496326722,0,22,22,22,13,-17.5738496326722
01-Aug-2026 01:28:08,-124.627100871466,-17.1940111381307,0,22,22,22,14,-17.1940111381307
01-Aug-2026 01:28:10,-149.119086036012,-41.6859963026768,0,23,23,23,16,-17.0436478111354
01-Aug-2026 01:28:12,-149.049589196635,-41.6164994633002,0,23,23,23,16,-41.6164994633002
01-Aug-2026 01:28:14,-156.210483239055,-48.7773935057199,0,23,23,23,16,-48.7773935057199
01-Aug-2026 01:28:16,-156.123207609532,-48.6901178761964,0,23,23,23,14,-48.6901178761102
01-Aug-2026 01:28:18,-156.167878995985,-48.7347892626497,0,23,23,23,14,-48.734789262666
01-Aug-2026 01:28:20,-156.075841554935,-48.6427518216,0,23,23,23,13,-48.6427518216
01-Aug-2026 01:28:22,-156.245048798533,-48.8119590651979,0,23,23,23,12,-48.8119590651979
01-Aug-2026 01:28:24,-156.699550637356,-49.2664609040212,0,23,23,23,11,-49.2664609040212
01-Aug-2026 01:28:26,-156.699013736128,-49.2659240027926,0,23,23,23,11,-21.2471737626042
01-Aug-2026 01:28:28,-146.318633494272,-38.8855437609373,0,23,23,23,11,-38.8855437609373
01-Aug-2026 01:28:30,-146.140154912376,-38.7070651790407,0,23,23,23,10,-38.7070651790407
01-Aug-2026 01:28:32,-146.050332566374,-38.617242833039,0,23,23,23,11,-38.617242833039
01-Aug-2026 01:28:34,-146.152034509229,-38.7189447758933,0,23,23,23,12,-38.7189447758933
01-Aug-2026 01:28:36,-146.290543413218,-38.8574536798824,0,24,24,24,12,-38.8574536798824
01-Aug-2026 01:28:38,-146.633422438206,-39.2003327048707,0,24,24,24,14,-39.2003327048707
01-Aug-2026 01:28:40,-145.908557863074,-38.4754681297389,0,24,24,24,14,-14.6376371307921
01-Aug-2026 01:28:42,-123.775609413755,-16.3425196804198,0,24,24,24,14,-16.3425196804198
01-Aug-2026 01:28:44,-125.598107052153,-18.1650173188179,0,24,24,24,13,-18.1650173188179
01-Aug-2026 01:28:46,-127.543559846369,-20.110470113034,0,24,24,24,12,-20.110470113034
01-Aug-2026 01:28:48,-129.045309421827,-21.6122196884915,0,24,24,24,13,-21.6122196884915
01-Aug-2026 01:28:50,-131.041039733411,-23.6079500000757,0,24,24,24,13,-23.6079500000757
01-Aug-2026 01:28:52,-132.156232515838,-24.7231427825026,0,24,24,24,13,-24.7231427825026
01-Aug-2026 01:28:54,-133.587321150788,-26.1542314174525,0,23,23,23,11,-26.1542314174525
01-Aug-2026 01:28:56,-147.561398684234,-40.1283089508987,0,23,23,23,10,-40.1283089508987
01-Aug-2026 01:28:58,-154.294096935013,-46.8610072016775,0,25,25,25,9,-46.8610072016775
01-Aug-2026 01:29:00,-154.248938947661,-46.8158492143255,0,25,25,25,9,-46.8158492143255
01-Aug-2026 01:29:02,-154.335112638546,-46.9020229052105,0,25,25,25,10,-46.9020229052105
01-Aug-2026 01:29:04,-153.821122022941,-46.3880322896054,0,25,25,25,10,-46.3880322896054
01-Aug-2026 01:29:06,-153.575505824247,-46.1424160909118,0,25,25,25,10,-46.1424160909118
01-Aug-2026 01:29:08,-153.576165721409,-46.1430759880741,0,25,25,25,11,-46.1430759880741
01-Aug-2026 01:29:10,-153.474227729819,-46.0411379964842,0,25,25,25,11,-46.0411379964842
01-Aug-2026 01:29:12,-153.380018660495,-45.9469289271594,0,25,25,25,11,-45.9469289271594
01-Aug-2026 01:29:14,-156.618915367877,-49.1858256345421,0,25,25,25,10,-49.1858256345421
01-Aug-2026 01:29:16,-156.10793106947,-48.6748413361348,0,25,25,25,10,-48.6748413361348
01-Aug-2026 01:29:18,-156.006219902235,-48.5731301688999,0,25,25,25,12,-48.5731301688999
01-Aug-2026 01:29:20,-155.541096713838,-48.1080069805029,0,26,26,26,12,-48.1080069805029
01-Aug-2026 01:29:22,-155.604290992101,-48.1712012587654,0,26,26,26,12,-48.1712012587654
01-Aug-2026 01:29:24,-155.183047591511,-47.7499578581754,0,26,26,26,12,-47.7499578581754
01-Aug-2026 01:29:26,-155.141633646157,-47.7085439128218,0,26,26,26,13,-47.7085439128218
01-Aug-2026 01:29:28,-151.84327691898,-44.4101871856451,0,26,26,26,14,-44.4101871856451
01-Aug-2026 01:29:30,-151.237401239634,-43.8043115062992,0,26,26,26,13,-43.8043115062992
01-Aug-2026 01:29:32,-150.829133098636,-43.3960433653009,0,26,26,26,13,-43.3960433653009
01-Aug-2026 01:29:34,-150.637132121958,-43.2040423886224,0,26,26,26,13,-43.2040423886224
01-Aug-2026 01:29:36,-150.237500500844,-42.8044107675084,0,27,27,27,12,-42.8044107675084
01-Aug-2026 01:29:38,-152.32705804976,-44.8939683164249,0,27,27,27,11,-44.8939683164249
01-Aug-2026 01:29:40,-152.36850296946,-44.9354132361246,0,27,27,27,10,-44.9354132361246
01-Aug-2026 01:29:42,-152.347503403843,-44.914413670508,0,28,28,28,12,-44.914413670508
01-Aug-2026 01:29:44,-152.23048896002,-44.7973992266846,0,28,28,28,12,-44.7973992266846
01-Aug-2026 01:29:46,-151.888933907158,-44.4558441738231,0,28,28,28,14,-44.4558441738231
01-Aug-2026 01:29:48,-151.882830748582,-44.4497410152466,0,28,28,28,15,-44.4497410152466
01-Aug-2026 01:29:50,-147.159527644492,-39.7264379111564,0,27,27,27,16,-39.7264379111564
01-Aug-2026 01:29:52,-147.120809191973,-39.6877194586381,0,27,27,27,15,-39.6877194586381
01-Aug-2026 01:29:54,-146.370205202621,-38.9371154692856,0,26,26,26,15,-38.9371154692856
01-Aug-2026 01:29:56,-145.858494280437,-38.4254045471013,0,26,26,26,16,-38.4254045471013
01-Aug-2026 01:29:58,-145.665807820702,-38.2327180873666,0,26,26,26,16,-38.2327180873666
01-Aug-2026 01:30:00,-145.566278775813,-38.1331890424774,0,26,26,26,16,-38.1331890424774
01-Aug-2026 01:30:02,-136.945694052621,-29.5126043192854,0,26,26,26,18,-29.5126043192854
01-Aug-2026 01:30:04,-135.9821781802,-28.5490884468651,0,26,26,26,17,-28.5490884468651
01-Aug-2026 01:30:06,-136.030241641055,-28.5971519077199,0,26,26,26,17,-28.5971519077199
01-Aug-2026 01:30:08,-135.444342205683,-28.0112524723477,0,27,27,27,18,-28.0112524723477
01-Aug-2026 01:30:10,-134.914059088238,-27.480969354903,0,27,27,27,17,-27.480969354903
01-Aug-2026 01:30:12,-133.473476026398,-26.0403862930627,0,27,27,27,17,-26.0403862930627
01-Aug-2026 01:30:14,-132.518224969295,-25.0851352359594,0,27,27,27,17,-25.0851352359594
01-Aug-2026 01:30:16,-144.092844353628,-36.6597546202928,0,27,27,27,18,-36.6597546202928
01-Aug-2026 01:30:18,-122.487104614321,-15.0540148809856,0,28,28,28,16,-15.0540148809856
01-Aug-2026 01:30:20,-122.472999957167,-15.0399102238319,0,26,26,26,14,-15.0399102238319
01-Aug-2026 01:30:22,-122.196063179918,-14.7629734465825,0,26,26,26,16,-14.7629734465825
01-Aug-2026 01:30:24,-122.269030690077,-14.8359409567414,0,26,26,26,16,-14.8359409567414
01-Aug-2026 01:30:26,-122.907291766337,-15.4742020330016,0,26,26,26,17,-15.4742020330016
01-Aug-2026 01:30:28,-129.67032918851,-22.2372394551744,0,26,26,26,15,-22.2372394551744
01-Aug-2026 01:30:30,-130.915955118571,-23.4828653852358,0,26,26,26,16,-23.4828653852358
01-Aug-2026 01:30:32,-131.584637211012,-24.1515474776769,0,26,26,26,15,-24.1515474776769
01-Aug-2026 01:30:34,-132.077491516836,-24.6444017835008,0,26,26,26,14,-24.6444017835008
01-Aug-2026 01:30:36,-132.861105513777,-25.4280157804414,0,26,26,26,14,-25.4280157804414
01-Aug-2026 01:30:38,-132.232316043403,-24.7992263100681,0,26,26,26,14,-24.7992263100681
01-Aug-2026 01:30:40,-129.908754861006,-22.4756651276705,0,26,26,26,12,-22.4756651276705
01-Aug-2026 01:30:42,-130.819786380445,-23.3866966471096,0,26,26,26,12,-23.3866966471096
01-Aug-2026 01:30:44,-132.521269494115,-25.08817976078,0,26,26,26,13,-25.08817976078
01-Aug-2026 01:30:46,-132.771603914349,-25.3385141810143,0,26,26,26,12,-25.3385141810143
01-Aug-2026 01:30:48,-133.086704069004,-25.6536143356685,0,26,26,26,13,-25.6536143356685
01-Aug-2026 01:30:50,-135.07308823347,-27.6399985001352,0,26,26,26,14,-27.6399985001352
01-Aug-2026 01:30:52,-136.790226710803,-29.3571369774674,0,26,26,26,14,-29.3571369774674
01-Aug-2026 01:30:54,-148.962340655912,-41.5292509225765,0,26,26,26,11,-41.5292509225765
01-Aug-2026 01:30:56,-148.623167153279,-41.1900774199437,0,26,26,26,9,-41.1900774199437
01-Aug-2026 01:30:58,-148.572974517157,-41.1398847838221,0,26,26,26,13,-41.1398847838221
01-Aug-2026 01:31:00,-148.517927963949,-41.0848382306137,0,26,26,26,9,-41.0848382306137
01-Aug-2026 01:31:02,-148.470407135004,-41.0373174016688,0,25,25,25,10,-41.0373174016688
01-Aug-2026 01:31:04,-148.581821553753,-41.1487318204177,0,25,25,25,11,-41.1487318204177
01-Aug-2026 01:31:06,-146.036810837713,-38.6037211043773,0,25,25,25,13,-38.6037211043773
01-Aug-2026 01:31:08,-142.466318249949,-35.0332285166141,0,25,25,25,14,-35.0332285166141
01-Aug-2026 01:31:10,-134.327559407788,-26.8944696744531,0,24,24,24,15,-26.8944696744531
01-Aug-2026 01:31:12,-133.785449978334,-26.3523602449984,0,24,24,24,15,-26.3523602449984
01-Aug-2026 01:31:14,-133.417087110095,-25.9839973767597,0,24,24,24,14,-25.9839973767597
01-Aug-2026 01:31:16,-132.670446077552,-25.2373563442167,0,24,24,24,14,-25.2373563442167
01-Aug-2026 01:31:18,-132.173784657532,-24.7406949241964,0,22,22,22,15,-24.7406949241964
01-Aug-2026 01:31:20,-131.61383256481,-24.180742831475,0,23,23,23,14,-24.180742831475
01-Aug-2026 01:31:22,-131.12160829358,-23.6885185602445,0,23,23,23,14,-23.6885185602445
01-Aug-2026 01:31:24,-130.294144823287,-22.8610550899522,0,23,23,23,14,-22.8610550899522
01-Aug-2026 01:31:26,-129.44152799312,-22.0084382597852,0,23,23,23,11,-22.0084382597852
01-Aug-2026 01:31:28,-128.265480184352,-20.832390451017,0,23,23,23,10,-20.832390451017
01-Aug-2026 01:31:30,-127.534881037646,-20.1017913043108,0,23,23,23,9,-20.1017913043108
01-Aug-2026 01:31:32,-126.119399194037,-18.686309460702,0,23,23,23,9,-18.686309460702
01-Aug-2026 01:31:34,-126.338619131184,-18.9055293978488,0,22,22,22,8,-18.9055293978488
01-Aug-2026 01:31:36,-126.578544626146,-19.1454548928112,0,22,22,22,9,-19.1454548928112
01-Aug-2026 01:31:38,-126.830237918625,-19.3971481852893,0,22,22,22,11,-19.3971481852893
01-Aug-2026 01:31:40,-126.428021716196,-18.9949319828608,0,22,22,22,11,-18.9949319828608
01-Aug-2026 01:31:42,-126.652083392914,-19.2189936595783,0,22,22,22,10,-19.2189936595783
01-Aug-2026 01:31:44,-126.401142097463,-18.9680523641274,0,23,23,23,11,-18.9680523641274
01-Aug-2026 01:31:46,-126.265090977485,-18.83200124415,0,23,23,23,11,-18.83200124415
01-Aug-2026 01:31:48,-126.878311979255,-19.4452222459194,0,23,23,23,10,-19.4452222459194
01-Aug-2026 01:31:50,-139.017195165428,-31.5841054320927,0,23,23,23,10,-31.5841054320927
01-Aug-2026 01:31:52,-138.443182658942,-31.0100929256068,0,23,23,23,9,-31.0100929256068
01-Aug-2026 01:31:54,-137.90656166417,-30.4734719308351,0,23,23,23,10,-30.4734719308351
01-Aug-2026 01:31:56,-137.62972761903,-30.1966378856947,0,24,24,24,11,-30.1966378856947
01-Aug-2026 01:31:58,-137.008193403495,-29.5751036701593,0,23,23,23,9,-29.5751036701593
01-Aug-2026 01:32:00,-136.365583131591,-28.9324933982561,0,23,23,23,9,-28.9324933982561
01-Aug-2026 01:32:02,-134.794501553943,-27.3614118206078,0,23,23,23,9,-27.3614118206078
01-Aug-2026 01:32:04,-133.935141402396,-26.5020516690612,0,23,23,23,10,-26.5020516690612
01-Aug-2026 01:32:06,-126.329006545461,-18.8959168121259,0,23,23,23,11,-18.8959168121259
01-Aug-2026 01:32:08,-125.711283359257,-18.2781936259218,0,23,23,23,10,-18.2781936259218
01-Aug-2026 01:32:10,-125.522630985516,-18.0895412521807,0,23,23,23,10,-18.0895412521807
01-Aug-2026 01:32:12,-125.113847636117,-17.6807579027819,0,23,23,23,11,-17.6807579027819
01-Aug-2026 01:32:14,-124.715461526872,-17.2823717935364,0,23,23,23,11,-17.2823717935364
01-Aug-2026 01:32:16,-124.2227880369,-16.7896983035653,0,23,23,23,10,-16.7896983035653
01-Aug-2026 01:32:18,-124.311402780604,-16.8783130472687,0,23,23,23,10,-16.8783130472687
01-Aug-2026 01:32:20,-122.738443610439,-15.305353877104,0,23,23,23,10,-15.305353877104
01-Aug-2026 01:32:22,-129.973751838507,-22.540662105172,0,23,23,23,10,-22.540662105172
01-Aug-2026 01:32:24,-139.854396460763,-32.4213067274274,0,23,23,23,8,-32.4213067274274
01-Aug-2026 01:32:26,-142.72503900778,-35.2919492744445,0,23,23,23,8,-35.2919492744445
01-Aug-2026 01:32:28,-143.028537421777,-35.5954476884418,0,23,23,23,8,-35.5954476884418
01-Aug-2026 01:32:30,-143.296616976128,-35.8635272427928,0,23,23,23,8,-35.8635272427928
01-Aug-2026 01:32:32,-143.30148787248,-35.8683981391449,0,23,23,23,8,-35.8683981391449
01-Aug-2026 01:32:34,-143.484995878387,-36.0519061450515,0,23,23,23,9,-36.0519061450515
01-Aug-2026 01:32:36,-143.703177598197,-36.2700878648621,0,24,24,24,10,-36.2700878648621
01-Aug-2026 01:32:38,-143.864342453928,-36.4312527205932,0,24,24,24,10,-36.4312527205932
01-Aug-2026 01:32:40,-133.033908428533,-25.6008186951978,0,24,24,24,10,-25.6008186951978
01-Aug-2026 01:32:42,-134.344986794018,-26.9118970606825,0,24,24,24,10,-26.9118970606825
01-Aug-2026 01:32:44,-134.77255566228,-27.3394659289449,0,24,24,24,10,-27.3394659289449
01-Aug-2026 01:32:46,-135.936186453579,-28.5030967202433,0,25,25,25,12,-28.5030967202433
01-Aug-2026 01:32:48,-136.757579623767,-29.3244898904316,0,25,25,25,12,-29.3244898904316
01-Aug-2026 01:32:50,-137.184052338704,-29.7509626053688,0,25,25,25,13,-29.7509626053688
01-Aug-2026 01:32:52,-137.939884777529,-30.5067950441938,0,25,25,25,15,-30.5067950441938
01-Aug-2026 01:32:54,-138.181008054714,-30.747918321379,0,25,25,25,14,-30.747918321379
01-Aug-2026 01:32:56,-138.35165680596,-30.9185670726252,0,25,25,25,14,-30.9185670726252
01-Aug-2026 01:32:58,-138.73830054683,-31.3052108134952,0,25,25,25,14,-31.3052108134952
01-Aug-2026 01:33:00,-139.305849705303,-31.8727599719679,0,25,25,25,12,-31.8727599719679
01-Aug-2026 01:33:02,-140.301469684531,-32.8683799511954,0,25,25,25,11,-32.8683799511954
01-Aug-2026 01:33:04,-141.326610473585,-33.8935207402494,0,25,25,25,12,-33.8935207402494
01-Aug-2026 01:33:06,-141.370860838834,-33.9377711054988,0,25,25,25,12,-33.9377711054988
01-Aug-2026 01:33:08,-141.864059829751,-34.4309700964154,0,25,25,25,11,-34.4309700964154
01-Aug-2026 01:33:10,-143.896496599857,-36.4634068665219,0,25,25,25,10,-36.4634068665219
01-Aug-2026 01:33:12,-145.819588848575,-38.3864991152393,0,26,26,26,12,-38.3864991152393
01-Aug-2026 01:33:14,-146.069209850351,-38.6361201170157,0,26,26,26,11,-38.6361201170157
01-Aug-2026 01:33:16,-145.809771581351,-38.3766818480163,0,26,26,26,11,-38.3766818480163
01-Aug-2026 01:33:18,-145.126953009461,-37.6938632761257,0,26,26,26,11,-37.6938632761257
01-Aug-2026 01:33:20,-143.516879838471,-36.0837901051358,0,26,26,26,12,-36.0837901051358
01-Aug-2026 01:33:22,-143.260320016758,-35.8272302834225,0,26,26,26,14,-35.8272302834225
01-Aug-2026 01:33:24,-143.077179516764,-35.644089783429,0,26,26,26,13,-35.644089783429
01-Aug-2026 01:33:26,-142.939896726863,-35.5068069935279,0,27,27,27,14,-35.5068069935279
01-Aug-2026 01:33:28,-143.289996592832,-35.8569068594968,0,27,27,27,15,-35.8569068594968
01-Aug-2026 01:33:30,-142.909384251955,-35.4762945186197,0,27,27,27,14,-35.4762945186197
01-Aug-2026 01:33:32,-142.651059536948,-35.2179698036129,0,28,28,28,15,-35.2179698036129
01-Aug-2026 01:33:34,-142.811332491864,-35.3782427585291,0,28,28,28,15,-35.3782427585291
01-Aug-2026 01:33:36,-142.43350684938,-35.0004171160446,0,28,28,28,14,-35.0004171160446
01-Aug-2026 01:33:38,-142.258705621672,-34.8256158883366,0,28,28,28,14,-34.8256158883366
01-Aug-2026 01:33:40,-141.97462522051,-34.5415354871744,0,28,28,28,15,-34.5415354871744
01-Aug-2026 01:33:42,-141.749341779277,-34.3162520459416,0,27,27,27,13,-34.3162520459416
01-Aug-2026 01:33:44,-141.74864580945,-34.3155560761153,0,27,27,27,14,-34.3155560761153
01-Aug-2026 01:33:46,-140.628352503444,-33.1952627701084,0,26,26,26,12,-33.1952627701084
01-Aug-2026 01:33:48,-139.908322106167,-32.4752323728322,0,26,26,26,13,-32.4752323728322
01-Aug-2026 01:33:50,-139.493786956849,-32.0606972235141,0,27,27,27,13,-32.0606972235141
01-Aug-2026 01:33:52,-138.716100215994,-31.2830104826584,0,27,27,27,13,-31.2830104826584
01-Aug-2026 01:33:54,-138.489241396391,-31.0561516630562,0,27,27,27,13,-31.0561516630562
01-Aug-2026 01:33:56,-138.255709892853,-30.8226201595175,0,27,27,27,13,-30.8226201595175
01-Aug-2026 01:33:58,-137.39353178532,-29.9604420519848,0,27,27,27,13,-29.9604420519848
01-Aug-2026 01:34:00,-136.777153024984,-29.3440632916486,0,27,27,27,13,-29.3440632916486
01-Aug-2026 01:34:02,-135.70369242768,-28.2706026943445,0,27,27,27,15,-28.2706026943445
01-Aug-2026 01:34:04,-128.89863386729,-21.4655441339545,0,27,27,27,15,-21.4655441339545
01-Aug-2026 01:34:06,-134.353298588951,-26.9202088556163,0,27,27,27,16,-26.9202088556163
01-Aug-2026 01:34:08,-133.867564967379,-26.4344752340442,0,26,26,26,14,-26.4344752340442
01-Aug-2026 01:34:10,-131.527403363796,-24.094313630461,0,26,26,26,15,-24.094313630461
01-Aug-2026 01:34:12,-133.908609251071,-26.4755195177361,0,26,26,26,15,-26.4755195177361
01-Aug-2026 01:34:14,-133.588950979608,-26.1558612462725,0,26,26,26,15,-26.1558612462725
01-Aug-2026 01:34:16,-133.388257836094,-25.9551681027592,0,26,26,26,14,-25.9551681027592
01-Aug-2026 01:34:18,-133.681387314426,-26.2482975810906,0,26,26,26,12,-26.2482975810906
01-Aug-2026 01:34:20,-133.843116034947,-26.4100263016121,0,26,26,26,11,-26.4100263016121
01-Aug-2026 01:34:22,-134.358655991615,-26.9255662582798,0,26,26,26,13,-26.9255662582798
01-Aug-2026 01:34:24,-135.117202797975,-27.6841130646396,0,26,26,26,12,-27.6841130646396
01-Aug-2026 01:34:26,-135.295775883654,-27.8626861503189,0,26,26,26,12,-27.8626861503189
01-Aug-2026 01:34:28,-135.893461412359,-28.4603716790241,0,26,26,26,10,-28.4603716790241
01-Aug-2026 01:34:30,-136.427341903584,-28.9942521702485,0,26,26,26,12,-28.9942521702485
01-Aug-2026 01:34:32,-136.656609620794,-29.2235198874587,0,26,26,26,14,-29.2235198874587
01-Aug-2026 01:34:34,-139.69709619155,-32.2640064582145,0,26,26,26,13,-32.2640064582145
01-Aug-2026 01:34:36,-140.121161102888,-32.6880713695529,0,26,26,26,13,-32.6880713695529
01-Aug-2026 01:34:38,-140.703934298997,-33.2708445656615,0,26,26,26,13,-33.2708445656615
01-Aug-2026 01:34:40,-141.232028362528,-33.7989386291932,0,26,26,26,11,-33.7989386291932
01-Aug-2026 01:34:42,-141.989774923678,-34.5566851903432,0,26,26,26,10,-34.5566851903432
01-Aug-2026 01:34:44,-142.370324395109,-34.9372346617743,0,26,26,26,11,-34.9372346617743
01-Aug-2026 01:34:46,-142.382048300358,-34.948958567023,0,26,26,26,10,-34.948958567023
01-Aug-2026 01:34:48,-138.580104418637,-31.1470146853023,0,26,26,26,11,-31.1470146853023
01-Aug-2026 01:34:50,-138.617667257878,-31.1845775245433,0,25,25,25,10,-31.1845775245433
01-Aug-2026 01:34:52,-139.187254652115,-31.7541649187801,0,25,25,25,10,-31.7541649187801
01-Aug-2026 01:34:54,-142.403909496483,-34.9708197631481,0,25,25,25,11,-34.9708197631481
01-Aug-2026 01:34:56,-143.857365100105,-36.4242753667695,0,25,25,25,10,-36.4242753667695
01-Aug-2026 01:34:58,-148.503097919022,-41.0700081856873,0,24,24,24,12,-41.0700081856873
01-Aug-2026 01:35:00,-146.987346487861,-39.554256754526,0,23,23,23,11,-39.554256754526
01-Aug-2026 01:35:02,-147.332496631001,-39.8994068976658,0,23,23,23,11,-39.8994068976658
01-Aug-2026 01:35:04,-147.578165184941,-40.1450754516055,0,23,23,23,11,-40.1450754516055
01-Aug-2026 01:35:06,-147.733143314212,-40.3000535808764,0,23,23,23,10,-40.3000535808764
01-Aug-2026 01:35:08,-146.539949600698,-39.1068598673629,0,22,22,22,11,-39.1068598673629
01-Aug-2026 01:35:10,-146.632752338989,-39.1996626056541,0,23,23,23,12,-39.1996626056541
01-Aug-2026 01:35:12,-146.363304476755,-38.93021474342,0,23,23,23,12,-38.93021474342
01-Aug-2026 01:35:14,-146.133605408666,-38.7005156753308,0,23,23,23,12,-38.7005156753308
01-Aug-2026 01:35:16,-149.750389655017,-42.317299921682,0,23,23,23,11,-42.317299921682
01-Aug-2026 01:35:18,-149.49507931495,-42.0619895816148,0,23,23,23,11,-42.0619895816148
01-Aug-2026 01:35:20,-155.132850096486,-47.699760363151,0,23,23,23,10,-47.699760363151
01-Aug-2026 01:35:22,-155.313992132184,-47.8809023988489,0,23,23,23,11,-47.8809023988489
01-Aug-2026 01:35:24,-153.049867418055,-45.6167776847201,0,23,23,23,11,-45.6167776847201
01-Aug-2026 01:35:26,-153.271107104854,-45.8380173715187,0,23,23,23,11,-45.8380173715187
01-Aug-2026 01:35:28,-145.22087355945,-37.7877838261146,0,23,23,23,12,-37.7877838261146
01-Aug-2026 01:35:30,-144.634298525343,-37.2012087920076,0,23,23,23,10,-37.2012087920076
01-Aug-2026 01:35:32,-144.643147057239,-37.210057323904,0,23,23,23,11,-37.210057323904
01-Aug-2026 01:35:34,-144.849822156749,-37.4167324234143,0,23,23,23,12,-37.4167324234143
01-Aug-2026 01:35:36,-144.948829084178,-37.5157393508425,0,23,23,23,12,-37.5157393508425
01-Aug-2026 01:35:38,-143.34729729775,-35.9142075644144,0,23,23,23,12,-35.9142075644144
01-Aug-2026 01:35:40,-143.09810479832,-35.6650150649853,0,23,23,23,12,-35.6650150649853
01-Aug-2026 01:35:42,-142.563709877072,-35.1306201437372,0,23,23,23,12,-35.1306201437372
01-Aug-2026 01:35:44,-141.733591034297,-34.3005013009621,0,24,24,24,13,-34.3005013009621
01-Aug-2026 01:35:46,-141.469193129643,-34.0361033963075,0,24,24,24,12,-34.0361033963075
01-Aug-2026 01:35:48,-140.945670293804,-33.5125805604685,0,23,23,23,13,-33.5125805604685
01-Aug-2026 01:35:50,-140.890437027717,-33.4573472943823,0,23,23,23,12,-33.4573472943823
01-Aug-2026 01:35:52,-140.789036838085,-33.3559471047495,0,23,23,23,12,-33.3559471047495
01-Aug-2026 01:35:54,-140.337452033455,-32.9043623001201,0,23,23,23,12,-32.9043623001201
01-Aug-2026 01:35:56,-139.575626641563,-32.1425369082282,0,23,23,23,12,-32.1425369082282
01-Aug-2026 01:35:58,-139.058632196683,-31.6255424633481,0,23,23,23,12,-31.6255424633481
01-Aug-2026 01:36:00,-138.291896538364,-30.8588068050292,0,23,23,23,12,-30.8588068050292
01-Aug-2026 01:36:02,-136.700914629666,-29.2678248963304,0,23,23,23,12,-29.2678248963304
01-Aug-2026 01:36:04,-135.90602029722,-28.4729305638849,0,23,23,23,13,-28.4729305638849
01-Aug-2026 01:36:06,-135.553688374847,-28.1205986415115,0,23,23,23,13,-28.1205986415115
01-Aug-2026 01:36:08,-135.039945831409,-27.6068560980738,0,23,23,23,13,-27.6068560980738
01-Aug-2026 01:36:10,-135.144605589218,-27.7115158558827,0,23,23,23,14,-27.7115158558827
01-Aug-2026 01:36:12,-134.869803227666,-27.4367134943311,0,23,23,23,12,-27.4367134943311
01-Aug-2026 01:36:14,-163.160855122903,-55.7277653895674,0,23,23,23,9,-55.7277653895674
01-Aug-2026 01:36:16,-163.710677378334,-56.2775876449987,0,23,23,23,10,-56.2775876449987
01-Aug-2026 01:36:18,-162.315809423202,-54.8827196898669,0,23,23,23,10,-54.8827196898669
01-Aug-2026 01:36:20,-161.844621400979,-54.4115316676439,0,23,23,23,10,-54.4115316676439
01-Aug-2026 01:36:22,-161.579997298307,-54.146907564972,0,23,23,23,10,-54.146907564972
01-Aug-2026 01:36:24,-160.475621717197,-53.0425319838622,0,23,23,23,12,-53.0425319838622
01-Aug-2026 01:36:26,-151.847640319949,-44.4145505866136,0,23,23,23,13,-44.4145505866136
01-Aug-2026 01:36:28,-150.92655452271,-43.4934647893753,0,23,23,23,14,-43.4934647893753
01-Aug-2026 01:36:30,-150.81978300768,-43.3866932743448,0,24,24,24,14,-43.3866932743448
01-Aug-2026 01:36:32,-149.636528375412,-42.203438642077,0,24,24,24,14,-42.203438642077
01-Aug-2026 01:36:34,-142.28864299651,-34.8555532631745,0,24,24,24,15,-34.8555532631745
01-Aug-2026 01:36:36,-142.723741145246,-35.2906514119109,0,24,24,24,15,-35.2906514119109
01-Aug-2026 01:36:38,-143.747318360452,-36.3142286271172,0,25,25,25,15,-36.3142286271172
01-Aug-2026 01:36:40,-143.562259959782,-36.1291702264471,0,25,25,25,15,-36.1291702264471
01-Aug-2026 01:36:42,-139.694945924519,-32.2618561911837,0,25,25,25,16,-32.2618561911837
01-Aug-2026 01:36:44,-138.869469639861,-31.4363799065259,0,25,25,25,16,-31.4363799065259
01-Aug-2026 01:36:46,-135.770245092145,-28.3371553588096,0,25,25,25,15,-28.3371553588096
01-Aug-2026 01:36:48,-133.316766660081,-25.8836769267461,0,25,25,25,14,-25.8836769267461
01-Aug-2026 01:36:50,-129.22061419247,-21.7875244591344,0,25,25,25,14,-21.7875244591344
01-Aug-2026 01:36:52,-140.425964104532,-32.9928743711966,0,25,25,25,14,-32.9928743711966
01-Aug-2026 01:36:54,-140.521869334084,-33.0887796007492,0,25,25,25,15,-33.0887796007492
01-Aug-2026 01:36:56,-140.300473034281,-32.8673833009456,0,25,25,25,14,-32.8673833009456
01-Aug-2026 01:36:58,-142.264903567188,-34.8318138338527,0,25,25,25,13,-34.8318138338527
01-Aug-2026 01:37:00,-141.37950349829,-33.9464137649545,0,25,25,25,13,-33.9464137649545
01-Aug-2026 01:37:02,-140.372121277409,-32.9390315440739,0,26,26,26,14,-32.9390315440739
01-Aug-2026 01:37:04,-139.800916051518,-32.3678263181826,0,26,26,26,14,-32.3678263181826
01-Aug-2026 01:37:06,-139.089607125235,-31.6565173918997,0,26,26,26,13,-31.6565173918997
01-Aug-2026 01:37:08,-132.191472099349,-24.7583823660135,0,26,26,26,14,-24.7583823660135
01-Aug-2026 01:37:10,-137.561563740823,-30.1284740074879,0,26,26,26,14,-30.1284740074879
01-Aug-2026 01:37:12,-141.680565420556,-34.2474756872203,0,26,26,26,13,-34.2474756872203
01-Aug-2026 01:37:14,-145.954675751502,-38.521586018167,0,26,26,26,13,-38.521586018167
01-Aug-2026 01:37:16,-149.339469012299,-41.9063792789638,0,27,27,27,12,-41.9063792789638
01-Aug-2026 01:37:18,-148.950119758036,-41.5170300247008,0,27,27,27,13,-41.5170300247008
01-Aug-2026 01:37:20,-148.645877325602,-41.2127875922671,0,27,27,27,13,-41.2127875922671
01-Aug-2026 01:37:22,-149.060844838227,-41.6277551048919,0,27,27,27,12,-41.6277551048919
01-Aug-2026 01:37:24,-148.519755748647,-41.0866660153121,0,29,29,29,14,-41.0866660153121
01-Aug-2026 01:37:26,-152.968937878587,-45.5358481452514,0,29,29,29,12,-45.5358481452514
01-Aug-2026 01:37:28,-152.865001081381,-45.4319113480458,0,29,29,29,13,-45.4319113480458
01-Aug-2026 01:37:30,-154.433511145139,-47.000421411804,0,29,29,29,13,-47.000421411804
01-Aug-2026 01:37:32,-154.394123465879,-46.9610337325439,0,29,29,29,13,-46.9610337325439
01-Aug-2026 01:37:34,-154.613580020895,-47.18049028756,0,27,27,27,13,-47.18049028756
01-Aug-2026 01:37:36,-154.513626771033,-47.0805370376983,0,26,26,26,12,-47.0805370376983
01-Aug-2026 01:37:38,-154.444744086503,-47.0116543531678,0,26,26,26,12,-47.0116543531678
01-Aug-2026 01:37:40,-153.682658020653,-46.2495682873173,0,26,26,26,11,-46.2495682873173
01-Aug-2026 01:37:42,-151.830519607403,-44.3974298740674,0,26,26,26,12,-44.3974298740674
01-Aug-2026 01:37:44,-152.176558041154,-44.7434683078187,0,26,26,26,11,-44.7434683078187
01-Aug-2026 01:37:46,-152.302878655112,-44.8697889217772,0,26,26,26,11,-44.8697889217772
01-Aug-2026 01:37:48,-152.504570946395,-45.0714812130596,0,26,26,26,12,-45.0714812130596
01-Aug-2026 01:37:50,-134.664806775743,-27.2317170424075,0,27,27,27,15,-27.2317170424075
01-Aug-2026 01:37:52,-134.478719439493,-27.0456297061581,0,27,27,27,14,-27.0456297061581
01-Aug-2026 01:37:54,-133.089057820156,-25.6559680868206,0,27,27,27,13,-25.6559680868206
01-Aug-2026 01:37:56,-132.133248365749,-24.7001586324138,0,26,26,26,13,-24.7001586324138
01-Aug-2026 01:37:58,-131.868376390844,-24.4352866575088,0,26,26,26,14,-24.4352866575088
01-Aug-2026 01:38:00,-126.959658315359,-19.5265685820239,0,26,26,26,14,-19.5265685820239
01-Aug-2026 01:38:02,-130.221414911135,-22.7883251778001,0,26,26,26,13,-22.7883251778001
01-Aug-2026 01:38:04,-130.119961617889,-22.6868718845537,0,26,26,26,14,-22.6868718845537
01-Aug-2026 01:38:06,-130.685669718613,-23.2525799852781,0,26,26,26,14,-23.2525799852781
01-Aug-2026 01:38:08,-131.632937680182,-24.1998479468473,0,26,26,26,14,-24.1998479468473
01-Aug-2026 01:38:10,-132.464759202183,-25.0316694688475,0,26,26,26,11,-25.0316694688475
01-Aug-2026 01:38:12,-133.294327585266,-25.8612378519307,0,26,26,26,10,-25.8612378519307
01-Aug-2026 01:38:14,-133.706288820283,-26.2731990869477,0,26,26,26,11,-26.2731990869477
01-Aug-2026 01:38:16,-135.582946405789,-28.1498566724537,0,26,26,26,11,-28.1498566724537
01-Aug-2026 01:38:18,-135.448386153237,-28.0152964199019,0,26,26,26,14,-28.0152964199019
01-Aug-2026 01:38:20,-136.532850515435,-29.0997607820995,0,26,26,26,14,-29.0997607820995
01-Aug-2026 01:38:22,-135.251034356953,-27.8179446236177,0,26,26,26,14,-27.8179446236177
01-Aug-2026 01:38:24,-130.619223609705,-23.1861338763698,0,26,26,26,15,-23.1861338763698
01-Aug-2026 01:38:26,-131.545633272066,-24.1125435387305,0,26,26,26,16,-24.1125435387305
01-Aug-2026 01:38:28,-131.818246694739,-24.3851569614033,0,26,26,26,16,-24.3851569614033
01-Aug-2026 01:38:30,-132.934621905954,-25.501532172619,0,26,26,26,16,-25.501532172619
01-Aug-2026 01:38:32,-133.829313623895,-26.3962238905601,0,26,26,26,15,-26.3962238905601
01-Aug-2026 01:38:34,-134.77084539059,-27.3377556572547,0,26,26,26,16,-27.3377556572547
01-Aug-2026 01:38:36,-138.379018796803,-30.945929063468,0,26,26,26,15,-30.945929063468
01-Aug-2026 01:38:38,-138.803970059293,-31.3708803259578,0,26,26,26,16,-31.3708803259578
01-Aug-2026 01:38:40,-139.430976008353,-31.9978862750176,0,25,25,25,15,-31.9978862750176
01-Aug-2026 01:38:42,-139.694701334485,-32.2616116011497,0,24,24,24,14,-32.2616116011497
01-Aug-2026 01:38:44,-139.535531328406,-32.1024415950709,0,24,24,24,14,-32.1024415950709
01-Aug-2026 01:38:46,-139.839764115332,-32.4066743819968,0,23,23,23,14,-32.4066743819968
01-Aug-2026 01:38:48,-140.281656962216,-32.8485672288813,0,23,23,23,13,-32.8485672288813
01-Aug-2026 01:38:50,-139.882710689233,-32.4496209558977,0,23,23,23,14,-32.4496209558977
01-Aug-2026 01:38:52,-140.427151104191,-32.9940613708561,0,23,23,23,13,-32.9940613708561
01-Aug-2026 01:38:54,-140.382020732122,-32.9489309987866,0,23,23,23,12,-32.9489309987866
01-Aug-2026 01:38:56,-142.961012360554,-35.5279226272191,0,22,22,22,10,-35.5279226272191
01-Aug-2026 01:38:58,-143.345677703562,-35.9125879702264,0,22,22,22,9,-35.9125879702264
01-Aug-2026 01:39:00,-143.420364743539,-35.9872750102042,0,22,22,22,9,-35.9872750102042
01-Aug-2026 01:39:02,-143.936248546321,-36.5031588129858,0,23,23,23,10,-36.5031588129858
01-Aug-2026 01:39:04,-141.021339016376,-33.5882492830408,0,23,23,23,10,-33.5882492830408
01-Aug-2026 01:39:06,-141.388883921979,-33.9557941886437,0,23,23,23,11,-33.9557941886437
01-Aug-2026 01:39:08,-141.084042032211,-33.6509522988754,0,23,23,23,13,-33.6509522988754
01-Aug-2026 01:39:10,-141.011595876319,-33.5785061429835,0,23,23,23,11,-33.5785061429835
01-Aug-2026 01:39:12,-141.212387264416,-33.7792975310813,0,23,23,23,11,-33.7792975310813
01-Aug-2026 01:39:14,-140.996915684384,-33.5638259510492,0,23,23,23,12,-33.5638259510492
01-Aug-2026 01:39:16,-140.848555060888,-33.4154653275531,0,23,23,23,13,-33.4154653275531
01-Aug-2026 01:39:18,-141.086261170975,-33.6531714376397,0,23,23,23,15,-33.6531714376397
01-Aug-2026 01:39:20,-141.561434415403,-34.1283446820678,0,23,23,23,13,-34.1283446820678
01-Aug-2026 01:39:22,-154.762731589127,-47.3296418557918,0,24,24,24,11,-47.3296418557918
01-Aug-2026 01:39:24,-154.285281290436,-46.852191557101,0,24,24,24,11,-46.852191557101
01-Aug-2026 01:39:26,-154.02465164399,-46.5915619106545,0,24,24,24,10,-46.5915619106545
01-Aug-2026 01:39:28,-154.033412041899,-46.600322308564,0,24,24,24,10,-46.600322308564
01-Aug-2026 01:39:30,-145.636232811233,-38.203143077898,0,24,24,24,10,-38.203143077898
01-Aug-2026 01:39:32,-145.259173449804,-37.8260837164683,0,24,24,24,11,-37.8260837164683
01-Aug-2026 01:39:34,-151.466873851489,-44.0337841181536,0,24,24,24,10,-44.0337841181536
01-Aug-2026 01:39:36,-131.572899535038,-24.1398098017027,0,24,24,24,13,-24.1398098017027
01-Aug-2026 01:39:38,-131.526087192293,-24.0929974589577,0,23,23,23,12,-24.0929974589577
01-Aug-2026 01:39:40,-132.052873936602,-24.6197842032668,0,23,23,23,11,-24.6197842032668
01-Aug-2026 01:39:42,-131.554990335082,-24.1219006017465,0,23,23,23,11,-24.1219006017465
01-Aug-2026 01:39:44,-131.448288899803,-24.0151991664678,0,23,23,23,11,-24.0151991664678
01-Aug-2026 01:39:46,-131.330978287903,-23.8978885545681,0,23,23,23,11,-23.8978885545681
01-Aug-2026 01:39:48,-131.27120354383,-23.8381138104953,0,23,23,23,10,-23.8381138104953
01-Aug-2026 01:39:50,-131.236443572539,-23.803353839204,0,23,23,23,8,-23.803353839204
01-Aug-2026 01:39:52,-131.103424642556,-23.6703349092208,0,23,23,23,8,-23.6703349092208
01-Aug-2026 01:39:54,-131.028499877066,-23.595410143731,0,23,23,23,9,-23.595410143731
01-Aug-2026 01:39:56,-127.485608300217,-20.0525185668818,0,23,23,23,10,-20.0525185668818
01-Aug-2026 01:39:58,-128.085307089294,-20.6522173559589,0,23,23,23,8,-20.6522173559589
01-Aug-2026 01:40:00,-129.204835075054,-21.7717453417191,0,23,23,23,8,-21.7717453417191
01-Aug-2026 01:40:02,-129.67248244996,-22.2393927166245,0,23,23,23,8,-22.2393927166245
01-Aug-2026 01:40:04,-129.768867276389,-22.3357775430543,0,23,23,23,7,-22.3357775430543
01-Aug-2026 01:40:06,-130.761228761959,-23.3281390286237,0,23,23,23,6,-23.3281390286237
01-Aug-2026 01:40:08,-131.776220604652,-24.3431308713171,0,23,23,23,9,-24.3431308713171
01-Aug-2026 01:40:10,-132.748620587127,-25.3155308537923,0,23,23,23,10,-25.3155308537923
01-Aug-2026 01:40:12,-133.952950391131,-26.5198606577962,0,23,23,23,10,-26.5198606577962
01-Aug-2026 01:40:14,-132.978813698171,-25.5457239648358,0,23,23,23,9,-25.5457239648358
01-Aug-2026 01:40:16,-133.630535945083,-26.1974462117475,0,24,24,24,12,-26.1974462117475
01-Aug-2026 01:40:18,-134.397725441771,-26.9646357084361,0,24,24,24,12,-26.9646357084361
01-Aug-2026 01:40:20,-135.299251483423,-27.8661617500881,0,24,24,24,12,-27.8661617500881
01-Aug-2026 01:40:22,-139.362947570997,-31.929857837662,0,25,25,25,12,-31.929857837662
01-Aug-2026 01:40:24,-140.440819751505,-33.0077300181696,0,25,25,25,11,-33.0077300181696
01-Aug-2026 01:40:26,-141.049012323883,-33.6159225905479,0,24,24,24,10,-33.6159225905479
01-Aug-2026 01:40:28,-142.151451766233,-34.7183620328982,0,24,24,24,11,-34.7183620328982
01-Aug-2026 01:40:30,-143.136052468906,-35.7029627355708,0,24,24,24,10,-35.7029627355708
01-Aug-2026 01:40:32,-142.582003225845,-35.1489134925097,0,24,24,24,9,-35.1489134925097
01-Aug-2026 01:40:34,-144.30449566699,-36.8714059336546,0,24,24,24,10,-36.8714059336546
01-Aug-2026 01:40:36,-144.575527543006,-37.1424378096708,0,24,24,24,9,-37.1424378096708
01-Aug-2026 01:40:38,-145.250693969835,-37.8176042364995,0,24,24,24,10,-37.8176042364995
01-Aug-2026 01:40:40,-145.390096369631,-37.9570066362959,0,24,24,24,10,-37.9570066362959
01-Aug-2026 01:40:42,-164.959934330526,-57.526844597191,0,25,25,25,10,-57.526844597191
01-Aug-2026 01:40:44,-146.539444909552,-39.1063551762167,0,25,25,25,12,-39.1063551762167
01-Aug-2026 01:40:46,-163.189490787852,-55.7564010545163,0,25,25,25,12,-55.7564010545163
01-Aug-2026 01:40:48,-162.949540236758,-55.5164505034227,0,25,25,25,13,-55.5164505034227
01-Aug-2026 01:40:50,-163.404073506528,-55.9709837731932,0,25,25,25,12,-55.9709837731932
01-Aug-2026 01:40:52,-160.907165495026,-53.4740757616913,0,25,25,25,12,-53.4740757616913
01-Aug-2026 01:40:54,-160.740573698572,-53.307483965237,0,26,26,26,12,-53.307483965237
01-Aug-2026 01:40:56,-161.407794646274,-53.9747049129389,0,26,26,26,11,-53.9747049129389
01-Aug-2026 01:40:58,-146.453014904313,-39.0199251709776,0,26,26,26,12,-39.0199251709776
01-Aug-2026 01:41:00,-146.351326746681,-38.9182370133457,0,27,27,27,12,-38.9182370133457
01-Aug-2026 01:41:02,-145.752372949943,-38.319283216608,0,27,27,27,14,-38.319283216608
01-Aug-2026 01:41:04,-145.626022894405,-38.1929331610701,0,27,27,27,14,-38.1929331610701
01-Aug-2026 01:41:06,-145.964351693722,-38.5312619603867,0,28,28,28,12,-38.5312619603867
01-Aug-2026 01:41:08,-145.980332337257,-38.5472426039213,0,28,28,28,12,-38.5472426039213
01-Aug-2026 01:41:10,-145.195587358697,-37.7624976253614,0,27,27,27,13,-37.7624976253614
01-Aug-2026 01:41:12,-145.506553997062,-38.0734642637269,0,27,27,27,12,-38.0734642637269
01-Aug-2026 01:41:14,-145.107939945293,-37.6748502119583,0,28,28,28,12,-37.6748502119583
01-Aug-2026 01:41:16,-155.771375879095,-48.3382861457597,0,28,28,28,13,-48.3382861457597
01-Aug-2026 01:41:18,-141.211297681337,-33.7782079480022,0,28,28,28,13,-33.7782079480022
01-Aug-2026 01:41:20,-141.045026985283,-33.6119372519477,0,28,28,28,14,-33.6119372519477
01-Aug-2026 01:41:22,-141.054756589435,-33.6216668560996,0,28,28,28,14,-33.6216668560996
01-Aug-2026 01:41:24,-140.139397129951,-32.7063073966157,0,28,28,28,13,-32.7063073966157
01-Aug-2026 01:41:26,-139.849694649109,-32.4166049157736,0,27,27,27,12,-32.4166049157736
01-Aug-2026 01:41:28,-138.47090783945,-31.0378181061147,0,26,26,26,12,-31.0378181061147
01-Aug-2026 01:41:30,-137.944147735884,-30.5110580025491,0,26,26,26,11,-30.5110580025491
01-Aug-2026 01:41:32,-138.014870989722,-30.581781256387,0,26,26,26,11,-30.581781256387
01-Aug-2026 01:41:34,-137.650072959652,-30.2169832263166,0,26,26,26,11,-30.2169832263166
01-Aug-2026 01:41:36,-137.842211945453,-30.4091222121179,0,26,26,26,10,-30.4091222121179
01-Aug-2026 01:41:38,-137.458929292586,-30.025839559251,0,26,26,26,10,-30.025839559251
01-Aug-2026 01:41:40,-137.426233423021,-29.9931436896854,0,26,26,26,10,-29.9931436896854
01-Aug-2026 01:41:42,-137.200560714451,-29.767470981116,0,27,27,27,10,-29.767470981116
01-Aug-2026 01:41:44,-137.128904029822,-29.6958142964869,0,26,26,26,11,-29.6958142964869
01-Aug-2026 01:41:46,-136.575645887344,-29.142556154009,0,26,26,26,10,-29.142556154009
01-Aug-2026 01:41:48,-119.531223946932,-12.0981342135966,0,26,26,26,10,-12.0981342135966
01-Aug-2026 01:41:50,-119.915361783313,-12.4822720499774,0,26,26,26,11,-12.4822720499774
01-Aug-2026 01:41:52,-120.210543173324,-12.7774534399887,0,26,26,26,10,-12.7774534399887
01-Aug-2026 01:41:54,-120.027425034618,-12.5943353012829,0,26,26,26,10,-12.5943353012829
01-Aug-2026 01:41:56,-120.389285699748,-12.9561959664132,0,26,26,26,10,-12.9561959664132
01-Aug-2026 01:41:58,-121.643125770308,-14.2100360369731,0,26,26,26,10,-14.2100360369731
01-Aug-2026 01:42:00,-122.499906666485,-15.0668169331502,0,26,26,26,11,-15.0668169331502
01-Aug-2026 01:42:02,-123.448350035337,-16.0152603020023,0,26,26,26,11,-16.0152603020023
01-Aug-2026 01:42:04,-124.199232480229,-16.7661427468938,0,26,26,26,11,-16.7661427468938
01-Aug-2026 01:42:06,-126.189409438227,-18.7563197048921,0,26,26,26,11,-18.7563197048921
01-Aug-2026 01:42:08,-126.543562340181,-19.1104726068463,0,26,26,26,10,-19.1104726068463
01-Aug-2026 01:42:10,-127.66593125987,-20.2328415265347,0,26,26,26,12,-20.2328415265347
01-Aug-2026 01:42:12,-129.312253228552,-21.879163495217,0,26,26,26,12,-21.879163495217
01-Aug-2026 01:42:14,-129.310031350668,-21.8769416173332,0,26,26,26,12,-21.8769416173332
01-Aug-2026 01:42:16,-130.500200732403,-23.0671109990673,0,26,26,26,11,-23.0671109990673
01-Aug-2026 01:42:18,-131.048351196574,-23.6152614632388,0,26,26,26,11,-23.6152614632388
01-Aug-2026 01:42:20,-131.915110765774,-24.482021032439,0,26,26,26,11,-24.482021032439
01-Aug-2026 01:42:22,-132.463385299066,-25.0302955657307,0,26,26,26,10,-25.0302955657307
01-Aug-2026 01:42:24,-133.34987024111,-25.9167805077747,0,25,25,25,10,-25.9167805077747
01-Aug-2026 01:42:26,-134.222575156747,-26.7894854234122,0,25,25,25,10,-26.7894854234122
01-Aug-2026 01:42:28,-134.557429587773,-27.1243398544374,0,25,25,25,11,-27.1243398544374
01-Aug-2026 01:42:30,-136.924003409951,-29.4909136766156,0,24,24,24,11,-29.4909136766156
01-Aug-2026 01:42:32,-137.56893753328,-30.1358477999447,0,24,24,24,12,-30.1358477999447
01-Aug-2026 01:42:34,-138.791210847529,-31.3581211141939,0,23,23,23,12,-31.3581211141939
01-Aug-2026 01:42:36,-139.942602655398,-32.5095129220628,0,23,23,23,11,-32.5095129220628
01-Aug-2026 01:42:38,-140.250574046676,-32.8174843133407,0,23,23,23,11,-32.8174843133407
01-Aug-2026 01:42:40,-140.904501836329,-33.4714121029942,0,23,23,23,11,-33.4714121029942
01-Aug-2026 01:42:42,-140.960356630512,-33.5272668971773,0,23,23,23,12,-33.5272668971773
01-Aug-2026 01:42:44,-142.179071895581,-34.745982162246,0,22,22,22,12,-34.745982162246
01-Aug-2026 01:42:46,-141.949176917189,-34.5160871838536,0,22,22,22,13,-34.5160871838536
01-Aug-2026 01:42:48,-153.417102418501,-45.9840126851659,0,22,22,22,13,-45.9840126851659
01-Aug-2026 01:42:50,-160.585020184302,-53.1519304509665,0,22,22,22,13,-53.1519304509665
01-Aug-2026 01:42:52,-160.549493963291,-53.1164042299556,0,23,23,23,13,-53.1164042299556
01-Aug-2026 01:42:54,-148.589035745182,-41.1559460118471,0,23,23,23,13,-41.1559460118471
01-Aug-2026 01:42:56,-150.755428822608,-43.3223390892725,0,23,23,23,11,-43.3223390892725
01-Aug-2026 01:42:58,-150.215132329761,-42.7820425964254,0,23,23,23,11,-42.7820425964254
01-Aug-2026 01:43:00,-162.672092748385,-55.2390030150495,0,23,23,23,11,-55.2390030150495
01-Aug-2026 01:43:02,-162.796801368629,-55.3637116352934,0,23,23,23,10,-55.3637116352934
01-Aug-2026 01:43:04,-163.644807924992,-56.2117181916572,0,23,23,23,8,-56.2117181916572
01-Aug-2026 01:43:06,-163.515666216832,-56.0825764834971,0,23,23,23,8,-56.0825764834971
01-Aug-2026 01:43:08,-159.501763884536,-52.0686741512006,0,23,23,23,10,-52.0686741512006
01-Aug-2026 01:43:10,-159.410559284586,-51.9774695512511,0,23,23,23,10,-51.9774695512511
01-Aug-2026 01:43:12,-155.13464444651,-47.7015547131745,0,24,24,24,10,-47.7015547131745
01-Aug-2026 01:43:14,-155.974952409779,-48.5418626764441,0,24,24,24,9,-48.5418626764441
01-Aug-2026 01:43:16,-156.205745920628,-48.7726561872927,0,24,24,24,10,-48.7726561872927
01-Aug-2026 01:43:18,-156.786484426092,-49.3533946927571,0,24,24,24,10,-49.3533946927571
01-Aug-2026 01:43:20,-156.878219948995,-49.44513021566,0,25,25,25,10,-49.44513021566
01-Aug-2026 01:43:22,-145.833071847516,-38.399982114181,0,25,25,25,12,-38.399982114181
01-Aug-2026 01:43:24,-145.741691487136,-38.3086017538007,0,25,25,25,10,-38.3086017538007
01-Aug-2026 01:43:26,-145.455059974843,-38.0219702415076,0,25,25,25,11,-38.0219702415076
01-Aug-2026 01:43:28,-145.922110968981,-38.4890212356456,0,24,24,24,11,-38.4890212356456
01-Aug-2026 01:43:30,-145.480682847383,-38.0475931140479,0,23,23,23,11,-38.0475931140479
01-Aug-2026 01:43:32,-145.051123705821,-37.6180339724856,0,23,23,23,12,-37.6180339724856
01-Aug-2026 01:43:34,-144.679803890545,-37.2467141572099,0,23,23,23,12,-37.2467141572099
01-Aug-2026 01:43:36,-145.067678851902,-37.6345891185671,0,23,23,23,11,-37.6345891185671
01-Aug-2026 01:43:38,-142.347946423443,-34.9148566901076,0,23,23,23,13,-34.9148566901076
01-Aug-2026 01:43:40,-141.91377689097,-34.4806871576348,0,23,23,23,14,-34.4806871576348
01-Aug-2026 01:43:42,-145.227278805401,-37.7941890720657,0,23,23,23,11,-37.7941890720657
01-Aug-2026 01:43:44,-144.709413165522,-37.2763234321872,0,23,23,23,10,-37.2763234321872
01-Aug-2026 01:43:46,-144.644319436594,-37.2112297032588,0,23,23,23,9,-37.2112297032588
01-Aug-2026 01:43:48,-143.835359197081,-36.4022694637458,0,23,23,23,9,-36.4022694637458
01-Aug-2026 01:43:50,-143.51381642441,-36.0807266910747,0,23,23,23,9,-36.0807266910747
01-Aug-2026 01:43:52,-143.639427223978,-36.2063374906431,0,23,23,23,10,-36.2063374906431
01-Aug-2026 01:43:54,-140.980185259527,-33.547095526192,0,23,23,23,11,-33.547095526192
01-Aug-2026 01:43:56,-141.169342322002,-33.7362525886671,0,23,23,23,11,-33.7362525886671
01-Aug-2026 01:43:58,-141.928738676745,-34.4956489434095,0,23,23,23,10,-34.4956489434095
01-Aug-2026 01:44:00,-141.94281218527,-34.5097224519351,0,23,23,23,9,-34.5097224519351
01-Aug-2026 01:44:02,-142.150883583744,-34.7177938504093,0,24,24,24,10,-34.7177938504093
01-Aug-2026 01:44:04,-145.545715196264,-38.1126254629285,0,24,24,24,9,-38.1126254629285
01-Aug-2026 01:44:06,-145.242783734709,-37.8096940013738,0,24,24,24,8,-37.8096940013738
01-Aug-2026 01:44:08,-144.844670733071,-37.4115809997358,0,24,24,24,8,-37.4115809997358
01-Aug-2026 01:44:10,-144.872874367403,-37.4397846340682,0,25,25,25,9,-37.4397846340682
01-Aug-2026 01:44:12,-148.558899505775,-41.1258097724403,0,25,25,25,6,-41.1258097724403
01-Aug-2026 01:44:14,-153.518022825159,-46.0849330918236,0,25,25,25,6,-46.0849330918236
01-Aug-2026 01:44:16,-152.597610810394,-45.1645210770591,0,24,24,24,7,-45.1645210770591
01-Aug-2026 01:44:18,-153.009394841716,-45.5763051083807,0,24,24,24,7,-45.5763051083807
01-Aug-2026 01:44:20,-148.321055535792,-40.8879658024567,0,24,24,24,8,-40.8879658024567
01-Aug-2026 01:44:22,-146.821985532429,-39.3888957990937,0,24,24,24,8,-39.3888957990937
01-Aug-2026 01:44:24,-140.304641696491,-32.8715519631557,0,24,24,24,9,-32.8715519631557
01-Aug-2026 01:44:26,-142.602054412502,-35.1689646791665,0,24,24,24,9,-35.1689646791665
01-Aug-2026 01:44:28,-142.47049704499,-35.037407311655,0,24,24,24,9,-35.037407311655
01-Aug-2026 01:44:30,-143.133892614073,-35.7008028807381,0,24,24,24,10,-35.7008028807381
01-Aug-2026 01:44:32,-143.410527789279,-35.9774380559435,0,24,24,24,10,-35.9774380559435
01-Aug-2026 01:44:34,-143.945921742227,-36.5128320088915,0,24,24,24,13,-36.5128320088915
01-Aug-2026 01:44:36,-143.578170428801,-36.1450806954656,0,25,25,25,13,-36.1450806954656
01-Aug-2026 01:44:38,-144.564843308733,-37.1317535753982,0,25,25,25,13,-37.1317535753982
01-Aug-2026 01:44:40,-148.28612002541,-40.8530302920747,0,25,25,25,13,-40.8530302920747
01-Aug-2026 01:44:42,-148.839954301518,-41.4068645681831,0,24,24,24,11,-41.4068645681831
01-Aug-2026 01:44:44,-149.397519424986,-41.9644296916505,0,25,25,25,12,-41.9644296916505
01-Aug-2026 01:44:46,-156.721680060229,-49.2885903268935,0,25,25,25,9,-49.2885903268935
01-Aug-2026 01:44:48,-147.560595504966,-40.127505771631,0,26,26,26,11,-40.127505771631
01-Aug-2026 01:44:50,-147.608237505598,-40.1751477722624,0,26,26,26,10,-40.1751477722624
01-Aug-2026 01:44:52,-145.071995355425,-37.6389056220897,0,26,26,26,11,-37.6389056220897
01-Aug-2026 01:44:54,-144.749893721998,-37.3168039886632,0,26,26,26,12,-37.3168039886632
01-Aug-2026 01:44:56,-144.523178684896,-37.0900889515611,0,27,27,27,12,-37.0900889515611
01-Aug-2026 01:44:58,-144.227252511752,-36.7941627784164,0,27,27,27,12,-36.7941627784164
01-Aug-2026 01:45:00,-143.560060493927,-36.1269707605913,0,27,27,27,9,-36.1269707605913
01-Aug-2026 01:45:02,-144.79459282905,-37.3615030957145,0,27,27,27,8,-37.3615030957145
01-Aug-2026 01:45:04,-144.271626417807,-36.8385366844719,0,28,28,28,8,-36.8385366844719
01-Aug-2026 01:45:06,-143.746594723044,-36.3135049897087,0,28,28,28,8,-36.3135049897087
01-Aug-2026 01:45:08,-171.764166853858,-64.3310771205225,0,28,28,28,8,-64.3310771205225
01-Aug-2026 01:45:10,-169.827989884823,-62.3949001514879,0,28,28,28,9,-62.3949001514879
01-Aug-2026 01:45:12,-170.297952617527,-62.8648628841917,0,28,28,28,8,-62.8648628841917
01-Aug-2026 01:45:14,-170.344539115356,-62.9114493820208,0,28,28,28,9,-62.9114493820208
01-Aug-2026 01:45:16,-148.658490360994,-41.2254006276588,0,27,27,27,9,-41.2254006276588
01-Aug-2026 01:45:18,-148.735683563075,-41.3025938297394,0,27,27,27,9,-41.3025938297394
01-Aug-2026 01:45:20,-148.691471707644,-41.2583819743093,0,26,26,26,9,-41.2583819743093
01-Aug-2026 01:45:22,-149.067800178986,-41.6347104456505,0,26,26,26,8,-41.6347104456505
01-Aug-2026 01:45:24,-148.925603306716,-41.492513573381,0,26,26,26,8,-41.492513573381
01-Aug-2026 01:45:26,-147.86589645086,-40.4328067175252,0,26,26,26,12,-40.4328067175252
01-Aug-2026 01:45:28,-147.61290363515,-40.1798139018143,0,26,26,26,12,-40.1798139018143
01-Aug-2026 01:45:30,-146.727188228788,-39.2940984954527,0,26,26,26,13,-39.2940984954527
01-Aug-2026 01:45:32,-147.017474663189,-39.5843849298543,0,26,26,26,12,-39.5843849298543
01-Aug-2026 01:45:34,-146.782141340737,-39.3490516074016,0,26,26,26,12,-39.3490516074016
01-Aug-2026 01:45:36,-146.253991388697,-38.8209016553622,0,26,26,26,14,-38.8209016553622
01-Aug-2026 01:45:38,-145.929148037996,-38.4960583046607,0,26,26,26,15,-38.4960583046607
01-Aug-2026 01:45:40,-145.769514291209,-38.336424557874,0,26,26,26,15,-38.336424557874
01-Aug-2026 01:45:42,-145.097225725531,-37.664135992196,0,26,26,26,15,-37.664135992196
01-Aug-2026 01:45:44,-145.076127519403,-37.6430377860677,0,26,26,26,14,-37.6430377860677
01-Aug-2026 01:45:46,-144.828760203048,-37.3956704697125,0,26,26,26,14,-37.3956704697125
01-Aug-2026 01:45:48,-156.12024937836,-48.6871596450245,0,26,26,26,14,-48.6871596450245
01-Aug-2026 01:45:50,-151.880689929634,-44.4476001962987,0,26,26,26,14,-44.4476001962987
01-Aug-2026 01:45:52,-158.282626745296,-50.8495370119608,0,26,26,26,12,-50.8495370119608
01-Aug-2026 01:45:54,-152.510826696054,-45.0777369627184,0,26,26,26,11,-45.0777369627184
01-Aug-2026 01:45:56,-148.229032341799,-40.795942608464,0,26,26,26,11,-40.795942608464
01-Aug-2026 01:45:58,-148.196261633524,-40.7631719001893,0,26,26,26,15,-40.7631719001893
01-Aug-2026 01:46:00,-143.175593878811,-35.7425041454754,0,26,26,26,14,-35.7425041454754
01-Aug-2026 01:46:02,-143.293263880823,-35.8601741474874,0,26,26,26,12,-35.8601741474874
01-Aug-2026 01:46:04,-143.210814900257,-35.7777251669222,0,25,25,25,13,-35.7777251669222
01-Aug-2026 01:46:06,-142.970089081048,-35.5369993477129,0,25,25,25,13,-35.5369993477129
01-Aug-2026 01:46:08,-142.989416533793,-35.5563268004578,0,25,25,25,12,-35.5563268004578
01-Aug-2026 01:46:10,-142.800350043359,-35.3672603100243,0,25,25,25,13,-35.3672603100243
01-Aug-2026 01:46:12,-142.947808153219,-35.5147184198834,0,25,25,25,13,-35.5147184198834
01-Aug-2026 01:46:14,-147.551645925361,-40.1185561920254,0,25,25,25,13,-40.1185561920254
01-Aug-2026 01:46:16,-147.002341173488,-39.5692514401531,0,25,25,25,13,-39.5692514401531
01-Aug-2026 01:46:18,-136.47637531568,-29.0432855823453,0,24,24,24,12,-29.0432855823453
01-Aug-2026 01:46:20,-146.159009785682,-38.7259200523463,0,24,24,24,13,-38.7259200523463
01-Aug-2026 01:46:22,-145.822993971386,-38.3899042380512,0,24,24,24,13,-38.3899042380512
01-Aug-2026 01:46:24,-144.978707365539,-37.5456176322038,0,23,23,23,13,-37.5456176322038
01-Aug-2026 01:46:26,-144.880866942306,-37.4477772089704,0,23,23,23,13,-37.4477772089704
01-Aug-2026 01:46:28,-144.550596134788,-37.1175064014526,0,23,23,23,14,-37.1175064014526
01-Aug-2026 01:46:30,-150.582221034438,-43.1491313011032,0,23,23,23,14,-43.1491313011032
01-Aug-2026 01:46:32,-150.454226578131,-43.0211368447953,0,22,22,22,14,-43.0211368447953
01-Aug-2026 01:46:34,-150.773886414468,-43.3407966811332,0,22,22,22,13,-43.3407966811332
01-Aug-2026 01:46:36,-150.803233512548,-43.3701437792125,0,22,22,22,14,-43.3701437792125
01-Aug-2026 01:46:38,-151.025017618894,-43.5919278855588,0,22,22,22,14,-43.5919278855588
01-Aug-2026 01:46:40,-150.982073157729,-43.5489834243943,0,22,22,22,13,-43.5489834243943
01-Aug-2026 01:46:42,-150.858931155415,-43.4258414220794,0,23,23,23,15,-43.4258414220794
01-Aug-2026 01:46:44,-150.438612907564,-43.0055231742292,0,23,23,23,15,-43.0055231742292
01-Aug-2026 01:46:46,-150.295135821939,-42.8620460886042,0,23,23,23,16,-42.8620460886042
01-Aug-2026 01:46:48,-150.301217248186,-42.8681275148504,0,23,23,23,15,-42.8681275148504
01-Aug-2026 01:46:50,-150.524434094464,-43.0913443611292,0,23,23,23,14,-43.0913443611292
01-Aug-2026 01:46:52,-150.507367423093,-43.0742776897577,0,23,23,23,13,-43.0742776897577
01-Aug-2026 01:46:54,-150.645341697723,-43.212251964388,0,23,23,23,13,-43.212251964388
01-Aug-2026 01:46:56,-150.425897239452,-42.9928075061169,0,23,23,23,12,-42.9928075061169
01-Aug-2026 01:46:58,-164.97508131796,-57.5419915846251,0,23,23,23,10,-57.5419915846251
01-Aug-2026 01:47:00,-164.737463646462,-57.3043739131271,0,24,24,24,9,-57.3043739131271
01-Aug-2026 01:47:02,-164.63166168822,-57.1985719548845,0,24,24,24,10,-57.1985719548845
01-Aug-2026 01:47:04,-164.567216978238,-57.134127244903,0,24,24,24,10,-57.134127244903
01-Aug-2026 01:47:06,-148.557856303824,-41.1247665704889,0,25,25,25,12,-41.1247665704889
01-Aug-2026 01:47:08,-148.174758033952,-40.7416683006166,0,25,25,25,12,-40.7416683006166
01-Aug-2026 01:47:10,-141.439008880754,-34.0059191474191,0,25,25,25,14,-34.0059191474191
01-Aug-2026 01:47:12,-140.529439906156,-33.0963501728212,0,25,25,25,15,-33.0963501728212
01-Aug-2026 01:47:14,-140.071490603364,-32.638400870029,0,25,25,25,15,-32.638400870029
01-Aug-2026 01:47:16,-144.781819662723,-37.3487299293876,0,25,25,25,13,-37.3487299293876
01-Aug-2026 01:47:18,-144.516937888945,-37.0838481556103,0,25,25,25,13,-37.0838481556103
01-Aug-2026 01:47:20,-144.276603580649,-36.843513847314,0,24,24,24,10,-36.843513847314
01-Aug-2026 01:47:22,-144.39781921706,-36.9647294837251,0,24,24,24,12,-36.9647294837251
01-Aug-2026 01:47:24,-143.630289382273,-36.1971996489373,0,23,23,23,11,-36.1971996489373
01-Aug-2026 01:47:26,-143.448104851427,-36.0150151180915,0,23,23,23,13,-36.0150151180915
01-Aug-2026 01:47:28,-143.22359854467,-35.7905088113349,0,23,23,23,17,-35.7905088113349
01-Aug-2026 01:47:30,-143.325809471459,-35.8927197381243,0,23,23,23,15,-35.8927197381243
01-Aug-2026 01:47:32,-143.443761260049,-36.010671526714,0,23,23,23,15,-36.010671526714
01-Aug-2026 01:47:34,-143.03274131926,-35.5996515859252,0,23,23,23,15,-35.5996515859252
01-Aug-2026 01:47:36,-137.037533419733,-29.6044436863978,0,23,23,23,16,-29.6044436863978
01-Aug-2026 01:47:38,-137.00133136328,-29.5682416299447,0,23,23,23,16,-29.5682416299447
01-Aug-2026 01:47:40,-137.067429822162,-29.6343400888264,0,23,23,23,15,-29.6343400888264
01-Aug-2026 01:47:42,-137.56711560701,-30.1340258736753,0,23,23,23,14,-30.1340258736753
01-Aug-2026 01:47:44,-137.469832512711,-30.0367427793756,0,23,23,23,10,-30.0367427793756
01-Aug-2026 01:47:46,-137.809235004973,-30.3761452716379,0,23,23,23,11,-30.3761452716379
01-Aug-2026 01:47:48,-138.106131402927,-30.6730416695915,0,23,23,23,11,-30.6730416695915
01-Aug-2026 01:47:50,-140.816712909345,-33.3836231760098,0,24,24,24,11,-33.3836231760098
01-Aug-2026 01:47:52,-153.230174244744,-45.7970845114084,0,24,24,24,10,-45.7970845114084
01-Aug-2026 01:47:54,-141.547848767831,-34.1147590344954,0,24,24,24,12,-34.1147590344954
01-Aug-2026 01:47:56,-153.37163873557,-45.9385490022352,0,24,24,24,12,-45.9385490022352
01-Aug-2026 01:47:58,-144.575081236966,-37.1419915036307,0,25,25,25,14,-37.1419915036307
01-Aug-2026 01:48:00,-141.757245110885,-34.3241553775502,0,25,25,25,14,-34.3241553775502
01-Aug-2026 01:48:02,-142.122417945732,-34.6893282123968,0,25,25,25,15,-34.6893282123968
01-Aug-2026 01:48:04,-142.500095131966,-35.067005398631,0,25,25,25,15,-35.067005398631
01-Aug-2026 01:48:06,-135.763176849605,-28.3300871162699,0,24,24,24,14,-28.3300871162699
01-Aug-2026 01:48:08,-136.347070114583,-28.9139803812474,0,24,24,24,16,-28.9139803812474
01-Aug-2026 01:48:10,-137.102324247225,-29.6692345138901,0,24,24,24,13,-29.6692345138901
01-Aug-2026 01:48:12,-153.497803565703,-46.0647138323678,0,24,24,24,13,-46.0647138323678
01-Aug-2026 01:48:14,-153.945068417689,-46.5119786843541,0,24,24,24,13,-46.5119786843541
01-Aug-2026 01:48:16,-159.394257989806,-51.9611682564707,0,24,24,24,11,-51.9611682564707
01-Aug-2026 01:48:18,-159.381259363916,-51.9481696305804,0,24,24,24,11,-51.9481696305804
01-Aug-2026 01:48:20,-165.559620216902,-58.1265304835671,0,24,24,24,9,-58.1265304835671
01-Aug-2026 01:48:22,-164.709721761619,-57.2766320282842,0,24,24,24,10,-57.2766320282842
01-Aug-2026 01:48:24,-157.611780447689,-50.1786907143535,0,24,24,24,10,-50.1786907143535
01-Aug-2026 01:48:26,-158.429083327862,-50.9959935945266,0,24,24,24,10,-50.9959935945266
01-Aug-2026 01:48:28,-158.52716668389,-51.0940769505551,0,24,24,24,10,-51.0940769505551
01-Aug-2026 01:48:30,-157.466263492018,-50.0331737586823,0,24,24,24,10,-50.0331737586823
01-Aug-2026 01:48:32,-153.266871647903,-45.8337819145675,0,24,24,24,11,-45.8337819145675
01-Aug-2026 01:48:34,-156.454870644739,-49.0217809114038,0,24,24,24,10,-49.0217809114038
01-Aug-2026 01:48:36,-155.05151590978,-47.6184261764447,0,25,25,25,10,-47.6184261764447
01-Aug-2026 01:48:38,-154.968549284377,-47.5354595510417,0,25,25,25,10,-47.5354595510417
01-Aug-2026 01:48:40,-156.390824310188,-48.9577345768532,0,25,25,25,11,-48.9577345768532
01-Aug-2026 01:48:42,-164.473128894038,-57.0400391607026,0,25,25,25,12,-57.0400391607026
01-Aug-2026 01:48:44,-164.716285446183,-57.2831957128474,0,25,25,25,12,-57.2831957128474
01-Aug-2026 01:48:46,-164.476219083459,-57.0431293501238,0,26,26,26,12,-57.0431293501238
01-Aug-2026 01:48:48,-164.41991138092,-56.9868216475851,0,26,26,26,12,-56.9868216475851
01-Aug-2026 01:48:50,-164.746396967725,-57.3133072343903,0,26,26,26,12,-57.3133072343903
01-Aug-2026 01:48:52,-164.537427561044,-57.1043378277087,0,26,26,26,12,-57.1043378277087
01-Aug-2026 01:48:54,-160.264900807312,-52.8318110739771,0,26,26,26,13,-52.8318110739771
01-Aug-2026 01:48:56,-159.630723606705,-52.1976338733699,0,27,27,27,14,-52.1976338733699
01-Aug-2026 01:48:58,-159.288568360603,-51.8554786272674,0,27,27,27,15,-51.8554786272674
01-Aug-2026 01:49:00,-159.385149496043,-51.9520597627074,0,28,28,28,15,-51.9520597627074
01-Aug-2026 01:49:02,-138.421928168276,-30.9888384349406,0,28,28,28,14,-30.9888384349406
01-Aug-2026 01:49:04,-137.033496561753,-29.6004068284178,0,28,28,28,15,-29.6004068284178
01-Aug-2026 01:49:06,-135.94124185609,-28.5081521227548,0,28,28,28,17,-28.5081521227548
01-Aug-2026 01:49:08,-134.715341050483,-27.2822513171477,0,27,27,27,15,-27.2822513171477
01-Aug-2026 01:49:10,-133.514344198579,-26.0812544652443,0,27,27,27,16,-26.0812544652443
01-Aug-2026 01:49:12,-132.150812445143,-24.7177227118075,0,26,26,26,15,-24.7177227118075
01-Aug-2026 01:49:14,-131.034335678963,-23.6012459456275,0,26,26,26,16,-23.6012459456275
01-Aug-2026 01:49:16,-129.944162305946,-22.5110725726109,0,26,26,26,16,-22.5110725726109
01-Aug-2026 01:49:18,-129.761865355417,-22.3287756220821,0,26,26,26,14,-22.3287756220821
01-Aug-2026 01:49:20,-152.928120120185,-45.4950303868498,0,25,25,25,14,-45.4950303868498
01-Aug-2026 01:49:22,-152.901550954734,-45.4684612213989,0,25,25,25,13,-45.4684612213989
01-Aug-2026 01:49:24,-152.641865369604,-45.2087756362691,0,26,26,26,12,-45.2087756362691
01-Aug-2026 01:49:26,-146.635508808596,-39.2024190752609,0,26,26,26,13,-39.2024190752609
01-Aug-2026 01:49:28,-147.319347388723,-39.8862576553873,0,26,26,26,14,-39.8862576553873
01-Aug-2026 01:49:30,-145.911769325938,-38.4786795926026,0,26,26,26,13,-38.4786795926026
01-Aug-2026 01:49:32,-145.7925075132,-38.3594177798653,0,26,26,26,12,-38.3594177798653
01-Aug-2026 01:49:34,-145.828281836169,-38.395192102834,0,26,26,26,12,-38.395192102834
01-Aug-2026 01:49:36,-145.928272710505,-38.4951829771703,0,26,26,26,13,-38.4951829771703
01-Aug-2026 01:49:38,-145.296842457589,-37.8637527242534,0,26,26,26,13,-37.8637527242534
01-Aug-2026 01:49:40,-155.093630828762,-47.6605410954272,0,26,26,26,11,-47.6605410954272
01-Aug-2026 01:49:42,-155.072790951899,-47.6397012185635,0,26,26,26,11,-47.6397012185635
01-Aug-2026 01:49:44,-155.106924586452,-47.6738348531164,0,26,26,26,13,-47.6738348531164
01-Aug-2026 01:49:46,-152.130320611739,-44.697230878404,0,25,25,25,13,-44.697230878404
01-Aug-2026 01:49:48,-157.522530849434,-50.0894411160989,0,25,25,25,12,-50.0894411160989
01-Aug-2026 01:49:50,-157.084165247158,-49.6510755138232,0,25,25,25,12,-49.6510755138232
01-Aug-2026 01:49:52,-156.78924508857,-49.356155355235,0,25,25,25,11,-49.356155355235
01-Aug-2026 01:49:54,-167.507414142643,-60.0743244093075,0,25,25,25,11,-60.0743244093075
01-Aug-2026 01:49:56,-167.716193840313,-60.2831041069781,0,25,25,25,11,-60.2831041069781
01-Aug-2026 01:49:58,-167.60309837693,-60.1700086435946,0,25,25,25,13,-60.1700086435946
01-Aug-2026 01:50:00,-140.157386268388,-32.7242965350531,0,25,25,25,12,-32.7242965350531
01-Aug-2026 01:50:02,-141.274530155626,-33.8414404222904,0,25,25,25,12,-33.8414404222904
01-Aug-2026 01:50:04,-141.424460115067,-33.9913703817321,0,25,25,25,12,-33.9913703817321
01-Aug-2026 01:50:06,-141.301655669735,-33.8685659363995,0,25,25,25,12,-33.8685659363995
01-Aug-2026 01:50:08,-142.001854979435,-34.5687652461,0,24,24,24,11,-34.5687652461
01-Aug-2026 01:50:10,-143.21236137391,-35.779271640575,0,24,24,24,10,-35.779271640575
01-Aug-2026 01:50:12,-142.182259858701,-34.749170125366,0,23,23,23,11,-34.749170125366
01-Aug-2026 01:50:14,-142.496063307971,-35.0629735746362,0,23,23,23,11,-35.0629735746362
01-Aug-2026 01:50:16,-143.212523389675,-35.77943365634,0,23,23,23,13,-35.77943365634
01-Aug-2026 01:50:18,-143.233685676803,-35.8005959434679,0,23,23,23,12,-35.8005959434679
01-Aug-2026 01:50:20,-143.149541280827,-35.7164515474913,0,22,22,22,13,-35.7164515474913
01-Aug-2026 01:50:22,-143.464650213708,-36.0315604803729,0,22,22,22,13,-36.0315604803729
01-Aug-2026 01:50:24,-143.190228086813,-35.7571383534777,0,22,22,22,13,-35.7571383534777
01-Aug-2026 01:50:26,-144.540253880475,-37.1071641471395,0,22,22,22,13,-37.1071641471395
01-Aug-2026 01:50:28,-144.53429087728,-37.1012011439448,0,22,22,22,13,-37.1012011439448
01-Aug-2026 01:50:30,-142.450854690108,-35.0177649567725,0,22,22,22,13,-35.0177649567725
01-Aug-2026 01:50:32,-142.192732850562,-34.7596431172265,0,23,23,23,14,-34.7596431172265
01-Aug-2026 01:50:34,-141.971813158659,-34.538723425324,0,23,23,23,14,-34.538723425324
01-Aug-2026 01:50:36,-145.206808221559,-37.7737184882235,0,23,23,23,13,-37.7737184882235
01-Aug-2026 01:50:38,-145.489868428279,-38.0567786949436,0,23,23,23,13,-38.0567786949436
01-Aug-2026 01:50:40,-145.427222548924,-37.994132815589,0,23,23,23,14,-37.994132815589
01-Aug-2026 01:50:42,-145.69324363614,-38.2601539028051,0,23,23,23,14,-38.2601539028051
01-Aug-2026 01:50:44,-149.447263069315,-42.0141733359799,0,23,23,23,12,-42.0141733359799
01-Aug-2026 01:50:46,-149.671073452879,-42.2379837195441,0,23,23,23,11,-42.2379837195441
01-Aug-2026 01:50:48,-148.620012679833,-41.186922946498,0,23,23,23,11,-41.186922946498
01-Aug-2026 01:50:50,-148.470229056738,-41.0371393234024,0,24,24,24,13,-41.0371393234024
01-Aug-2026 01:50:52,-149.840404557049,-42.4073148237136,0,24,24,24,12,-42.4073148237136
01-Aug-2026 01:50:54,-148.244924624044,-40.8118348907083,0,25,25,25,13,-40.8118348907083
01-Aug-2026 01:50:56,-141.86127685596,-34.4281871226252,0,25,25,25,12,-34.4281871226252
01-Aug-2026 01:50:58,-138.967364685347,-31.5342749520116,0,25,25,25,11,-31.5342749520116
01-Aug-2026 01:51:00,-138.692076918908,-31.2589871855724,0,25,25,25,11,-31.2589871855724
01-Aug-2026 01:51:02,-137.181477330893,-29.748387597558,0,25,25,25,11,-29.748387597558
01-Aug-2026 01:51:04,-141.124691951113,-33.6916022177779,0,25,25,25,10,-33.6916022177779
01-Aug-2026 01:51:06,-140.964725066096,-33.5316353327611,0,25,25,25,10,-33.5316353327611
01-Aug-2026 01:51:08,-140.822729919257,-33.3896401859217,0,25,25,25,10,-33.3896401859217
01-Aug-2026 01:51:10,-140.650646435182,-33.2175567018468,0,24,24,24,8,-33.2175567018468
01-Aug-2026 01:51:12,-140.787850028064,-33.3547602947288,0,24,24,24,10,-33.3547602947288
01-Aug-2026 01:51:14,-140.703613641785,-33.2705239084497,0,24,24,24,10,-33.2705239084497
01-Aug-2026 01:51:16,-142.790156143669,-35.3570664103342,0,24,24,24,11,-35.3570664103342
01-Aug-2026 01:51:18,-142.215241210317,-34.7821514769818,0,24,24,24,11,-34.7821514769818
01-Aug-2026 01:51:20,-140.362067619787,-32.9289778864523,0,23,23,23,12,-32.9289778864523
01-Aug-2026 01:51:22,-139.986407093045,-32.5533173597096,0,23,23,23,13,-32.5533173597096
01-Aug-2026 01:51:24,-141.760272943473,-34.3271832101375,0,23,23,23,12,-34.3271832101375
01-Aug-2026 01:51:26,-146.514879448956,-39.0817897156204,0,23,23,23,10,-39.0817897156204
01-Aug-2026 01:51:28,-146.824602904058,-39.3915131707227,0,23,23,23,10,-39.3915131707227
01-Aug-2026 01:51:30,-147.818105752996,-40.385016019661,0,23,23,23,10,-40.385016019661
01-Aug-2026 01:51:32,-147.697402270357,-40.2643125370221,0,23,23,23,9,-40.2643125370221
01-Aug-2026 01:51:34,-147.315793325753,-39.8827035924176,0,23,23,23,10,-39.8827035924176
01-Aug-2026 01:51:36,-147.656193061897,-40.223103328562,0,23,23,23,10,-40.223103328562
01-Aug-2026 01:51:38,-147.812319984609,-40.3792302512742,0,23,23,23,12,-40.3792302512742
01-Aug-2026 01:51:40,-148.675818410758,-41.2427286774225,0,23,23,23,12,-41.2427286774225
01-Aug-2026 01:51:42,-148.664704087747,-41.2316143544121,0,23,23,23,11,-41.2316143544121
01-Aug-2026 01:51:44,-148.871187039673,-41.4380973063378,0,23,23,23,11,-41.4380973063378
01-Aug-2026 01:51:46,-149.286098608067,-41.8530088747319,0,24,24,24,12,-41.8530088747319
01-Aug-2026 01:51:48,-149.507620661776,-42.0745309284407,0,24,24,24,13,-42.0745309284407
01-Aug-2026 01:51:50,-148.788275778576,-41.3551860452409,0,25,25,25,16,-41.3551860452409
01-Aug-2026 01:51:52,-149.118984285417,-41.685894552082,0,25,25,25,14,-41.685894552082
01-Aug-2026 01:51:54,-157.760658208731,-50.3275684753957,0,25,25,25,11,-50.3275684753957
01-Aug-2026 01:51:56,-157.368545628702,-49.9354558953663,0,25,25,25,11,-49.9354558953663
01-Aug-2026 01:51:58,-154.372763760033,-46.9396740266976,0,24,24,24,10,-46.9396740266976
01-Aug-2026 01:52:00,-154.450928834718,-47.0178391013828,0,24,24,24,11,-47.0178391013828
01-Aug-2026 01:52:02,-155.061067851687,-47.6279781183523,0,24,24,24,10,-47.6279781183523
01-Aug-2026 01:52:04,-154.961491437768,-47.5284017044324,0,24,24,24,12,-47.5284017044324
01-Aug-2026 01:52:06,-154.773329924543,-47.3402401912081,0,24,24,24,12,-47.3402401912081
01-Aug-2026 01:52:08,-144.119885821229,-36.6867960878939,0,24,24,24,12,-36.6867960878939
01-Aug-2026 01:52:10,-144.546695718275,-37.1136059849403,0,24,24,24,10,-37.1136059849403
01-Aug-2026 01:52:12,-144.126481356675,-36.6933916233397,0,24,24,24,9,-36.6933916233397
01-Aug-2026 01:52:14,-143.468746346216,-36.0356566128808,0,24,24,24,9,-36.0356566128808
01-Aug-2026 01:52:16,-142.993520570573,-35.560430837238,0,24,24,24,8,-35.560430837238
01-Aug-2026 01:52:18,-142.708750933575,-35.27566120024,0,24,24,24,7,-35.27566120024
01-Aug-2026 01:52:20,-141.855990467075,-34.42290073374,0,24,24,24,9,-34.42290073374
01-Aug-2026 01:52:22,-141.004922896739,-33.5718331634039,0,24,24,24,9,-33.5718331634039
01-Aug-2026 01:52:24,-140.717523253889,-33.2844335205542,0,24,24,24,8,-33.2844335205542
01-Aug-2026 01:52:26,-141.019890465318,-33.5868007319823,0,24,24,24,7,-33.5868007319823
01-Aug-2026 01:52:28,-137.546160226085,-30.1130704927497,0,25,25,25,7,-30.1130704927497
01-Aug-2026 01:52:30,-137.324497358137,-29.8914076248019,0,25,25,25,8,-29.8914076248019
01-Aug-2026 01:52:32,-138.160562708125,-30.7274729747903,0,25,25,25,10,-30.7274729747903
01-Aug-2026 01:52:34,-138.036727076777,-30.6036373434422,0,25,25,25,9,-30.6036373434422
01-Aug-2026 01:52:36,-137.596586652406,-30.1634969190708,0,25,25,25,10,-30.1634969190708
01-Aug-2026 01:52:38,-137.369197776936,-29.9361080436005,0,26,26,26,10,-29.9361080436005
01-Aug-2026 01:52:40,-136.789691453251,-29.3566017199158,0,26,26,26,10,-29.3566017199158
01-Aug-2026 01:52:42,-136.804315827044,-29.3712260937091,0,26,26,26,9,-29.3712260937091
01-Aug-2026 01:52:44,-137.543694016326,-30.1106042829906,0,26,26,26,10,-30.1106042829906
01-Aug-2026 01:52:46,-138.061835629281,-30.6287458959456,0,27,27,27,10,-30.6287458959456
01-Aug-2026 01:52:48,-138.667088868007,-31.2339991346716,0,27,27,27,10,-31.2339991346716
01-Aug-2026 01:52:50,-138.4876588356,-31.0545691022653,0,27,27,27,11,-31.0545691022653
01-Aug-2026 01:52:52,-139.038199992203,-31.6051102588683,0,27,27,27,11,-31.6051102588683
01-Aug-2026 01:52:54,-138.964741355634,-31.5316516222989,0,27,27,27,12,-31.5316516222989
01-Aug-2026 01:52:56,-139.332294825058,-31.8992050917232,0,27,27,27,12,-31.8992050917232
01-Aug-2026 01:52:58,-138.743633045166,-31.3105433118312,0,26,26,26,11,-31.3105433118312
01-Aug-2026 01:53:00,-138.913624768161,-31.4805350348254,0,26,26,26,12,-31.4805350348254
01-Aug-2026 01:53:02,-138.585057202874,-31.1519674695386,0,26,26,26,12,-31.1519674695386
01-Aug-2026 01:53:04,-139.766976710467,-32.3338869771322,0,25,25,25,12,-32.3338869771322
01-Aug-2026 01:53:06,-139.050069453946,-31.6169797206105,0,25,25,25,11,-31.6169797206105
01-Aug-2026 01:53:08,-139.505191831106,-32.0721020977708,0,24,24,24,13,-32.0721020977708
01-Aug-2026 01:53:10,-139.306018219844,-31.872928486509,0,24,24,24,13,-31.872928486509
01-Aug-2026 01:53:12,-138.425239532668,-30.9921497993324,0,24,24,24,13,-30.9921497993324
01-Aug-2026 01:53:14,-138.537082818892,-31.1039930855563,0,24,24,24,13,-31.1039930855563
01-Aug-2026 01:53:16,-138.224687925064,-30.7915981917287,0,24,24,24,12,-30.7915981917287
01-Aug-2026 01:53:18,-138.055826732282,-30.6227369989472,0,25,25,25,12,-30.6227369989472
01-Aug-2026 01:53:20,-138.003245031903,-30.5701552985677,0,25,25,25,12,-30.5701552985677
01-Aug-2026 01:53:22,-138.382395286979,-30.9493055536434,0,25,25,25,11,-30.9493055536434
01-Aug-2026 01:53:24,-138.983652602743,-31.5505628694077,0,26,26,26,12,-31.5505628694077
01-Aug-2026 01:53:26,-139.279562099875,-31.84647236654,0,25,25,25,11,-31.84647236654
01-Aug-2026 01:53:28,-139.809163906796,-32.3760741734608,0,25,25,25,11,-32.3760741734608
01-Aug-2026 01:53:30,-140.086200708427,-32.6531109750918,0,25,25,25,13,-32.6531109750918
01-Aug-2026 01:53:32,-140.907918821425,-33.4748290880898,0,25,25,25,13,-33.4748290880898
01-Aug-2026 01:53:34,-141.03021977315,-33.5971300398147,0,25,25,25,12,-33.5971300398147
01-Aug-2026 01:53:36,-141.755400628756,-34.3223108954209,0,25,25,25,12,-34.3223108954209
01-Aug-2026 01:53:38,-141.844387059828,-34.4112973264926,0,25,25,25,12,-34.4112973264926
01-Aug-2026 01:53:40,-142.912789384778,-35.4796996514427,0,25,25,25,12,-35.4796996514427
01-Aug-2026 01:53:42,-142.919384492426,-35.4862947590911,0,25,25,25,12,-35.4862947590911
01-Aug-2026 01:53:44,-143.674330745073,-36.2412410117383,0,25,25,25,13,-36.2412410117383
01-Aug-2026 01:53:46,-143.536564529241,-36.1034747959061,0,25,25,25,13,-36.1034747959061
01-Aug-2026 01:53:48,-143.385751757882,-35.952662024547,0,25,25,25,14,-35.952662024547
01-Aug-2026 01:53:50,-142.08120699044,-34.6481172571046,0,25,25,25,15,-34.6481172571046
01-Aug-2026 01:53:52,-141.988561568728,-34.5554718353933,0,25,25,25,13,-34.5554718353933
01-Aug-2026 01:53:54,-142.352975845023,-34.9198861116879,0,25,25,25,15,-34.9198861116879
01-Aug-2026 01:53:56,-142.946975411448,-35.5138856781126,0,24,24,24,15,-35.5138856781126
01-Aug-2026 01:53:58,-143.092796591717,-35.6597068583814,0,24,24,24,16,-35.6597068583814
01-Aug-2026 01:54:00,-143.382934776149,-35.9498450428136,0,23,23,23,15,-35.9498450428136
01-Aug-2026 01:54:02,-143.550415062827,-36.1173253294922,0,23,23,23,15,-36.1173253294922
01-Aug-2026 01:54:04,-143.593017957377,-36.1599282240423,0,23,23,23,15,-36.1599282240423
01-Aug-2026 01:54:06,-143.893486429292,-36.4603966959568,0,22,22,22,16,-36.4603966959568
01-Aug-2026 01:54:08,-143.40390581461,-35.9708160812747,0,22,22,22,17,-35.9708160812747
01-Aug-2026 01:54:10,-145.984501122672,-38.5514113893364,0,22,22,22,16,-38.5514113893364
01-Aug-2026 01:54:12,-145.841982121105,-38.4088923877703,0,22,22,22,16,-38.4088923877703
01-Aug-2026 01:54:14,-147.505260621813,-40.0721708884781,0,22,22,22,15,-40.0721708884781
01-Aug-2026 01:54:16,-147.69832400682,-40.2652342734848,0,22,22,22,17,-40.2652342734848
01-Aug-2026 01:54:18,-147.441287041842,-40.0081973085068,0,22,22,22,15,-40.0081973085068
01-Aug-2026 01:54:20,-146.585993774119,-39.1529040407834,0,22,22,22,16,-39.1529040407834
01-Aug-2026 01:54:22,-145.210510181695,-37.7774204483599,0,22,22,22,17,-37.7774204483599
01-Aug-2026 01:54:24,-142.57461992083,-35.1415301874948,0,23,23,23,18,-35.1415301874948
01-Aug-2026 01:54:26,-139.639078304682,-32.205988571347,0,23,23,23,18,-32.205988571347
01-Aug-2026 01:54:28,-136.187432868396,-28.754343135061,0,23,23,23,17,-28.754343135061
01-Aug-2026 01:54:30,-147.538126097207,-40.1050363638716,0,23,23,23,18,-25.8587743009681
01-Aug-2026 01:54:32,-150.705266308302,-43.2721765749672,0,23,23,23,17,-43.2721765749672
01-Aug-2026 01:54:34,-150.600976174392,-43.1678864410565,0,23,23,23,17,-43.1678864410565
01-Aug-2026 01:54:36,-149.034770686139,-41.6016809528037,0,23,23,23,19,-41.6016809528037
01-Aug-2026 01:54:38,-148.747301881317,-41.3142121479822,0,24,24,24,19,-41.3142121479822
01-Aug-2026 01:54:40,-153.307532872818,-45.8744431394833,0,24,24,24,19,-45.8744431394833
01-Aug-2026 01:54:42,-153.615498625075,-46.1824088917395,0,24,24,24,18,-46.1824088917395
01-Aug-2026 01:54:44,-139.213608703706,-31.7805189703703,0,25,25,25,19,-31.7805189703704
01-Aug-2026 01:54:46,-139.220974066737,-31.7878843334015,0,24,24,24,17,-31.7878843334015
01-Aug-2026 01:54:48,-138.801855725811,-31.368765992476,0,24,24,24,17,-31.368765992476
01-Aug-2026 01:54:50,-138.678860011617,-31.2457702782821,0,24,24,24,16,-31.2457702782821
01-Aug-2026 01:54:52,-139.978506623007,-32.545416889672,0,24,24,24,15,-32.545416889672
01-Aug-2026 01:54:54,-139.794554805279,-32.3614650719435,0,24,24,24,16,-32.3614650719435
01-Aug-2026 01:54:56,-139.295305413542,-31.8622156802072,0,24,24,24,15,-31.8622156802072
01-Aug-2026 01:54:58,-139.010548869168,-31.5774591358333,0,24,24,24,14,-31.5774591358333
01-Aug-2026 01:55:00,-139.055479190478,-31.6223894571429,0,24,24,24,17,-31.6223894571429
01-Aug-2026 01:55:02,-134.944455014809,-27.5113652814734,0,23,23,23,16,-27.5113652814734
01-Aug-2026 01:55:04,-135.326904314012,-27.8938145806769,0,23,23,23,14,-27.8938145806769
01-Aug-2026 01:55:06,-135.670143592459,-28.2370538591238,0,23,23,23,14,-28.2370538591238
01-Aug-2026 01:55:08,-135.853249162258,-28.4201594289226,0,23,23,23,14,-28.4201594289226
01-Aug-2026 01:55:10,-136.577481162956,-29.1443914296208,0,23,23,23,12,-29.1443914296208
01-Aug-2026 01:55:12,-136.620323198985,-29.1872334656495,0,23,23,23,11,-29.1872334656495
01-Aug-2026 01:55:14,-136.902518534817,-29.4694288014815,0,22,22,22,11,-29.4694288014815
01-Aug-2026 01:55:16,-137.010293015919,-29.5772032825834,0,22,22,22,11,-29.5772032825834
01-Aug-2026 01:55:18,-155.688775774913,-48.2556860415781,0,22,22,22,10,-48.2556860415781
01-Aug-2026 01:55:20,-151.859037056626,-44.4259473232912,0,22,22,22,11,-44.4259473232912
01-Aug-2026 01:55:22,-151.661646581458,-44.2285568481223,0,23,23,23,12,-44.2285568481223
01-Aug-2026 01:55:24,-152.205445661421,-44.7723559280857,0,23,23,23,12,-44.7723559280857
01-Aug-2026 01:55:26,-152.175937487133,-44.7428477537983,0,23,23,23,11,-44.7428477537983
01-Aug-2026 01:55:28,-151.986639815904,-44.5535500825683,0,23,23,23,12,-44.5535500825683
01-Aug-2026 01:55:30,-151.23136300356,-43.7982732702244,0,24,24,24,12,-43.7982732702244
01-Aug-2026 01:55:32,-140.233750189152,-32.8006604558166,0,25,25,25,14,-32.8006604558166
01-Aug-2026 01:55:34,-140.956214246922,-33.5231245135869,0,25,25,25,14,-33.5231245135869
01-Aug-2026 01:55:36,-141.589647268285,-34.1565575349494,0,25,25,25,13,-34.1565575349494
01-Aug-2026 01:55:38,-141.272769546353,-33.8396798130177,0,25,25,25,13,-33.8396798130177
01-Aug-2026 01:55:40,-141.742202670359,-34.3091129370236,0,25,25,25,14,-34.3091129370236
01-Aug-2026 01:55:42,-140.723570544451,-33.2904808111162,0,25,25,25,14,-33.2904808111162
01-Aug-2026 01:55:44,-141.259577714574,-33.8264879812387,0,25,25,25,14,-33.8264879812387
01-Aug-2026 01:55:46,-141.37175732762,-33.9386675942847,0,25,25,25,15,-33.9386675942847
01-Aug-2026 01:55:48,-141.852602038337,-34.4195123050014,0,24,24,24,16,-34.4195123050014
01-Aug-2026 01:55:50,-147.402707276098,-39.9696175427625,0,24,24,24,16,-39.9696175427625
01-Aug-2026 01:55:52,-147.050122342599,-39.6170326092637,0,24,24,24,16,-39.6170326092637
01-Aug-2026 01:55:54,-151.882578634342,-44.4494889010073,0,24,24,24,16,-44.4494889010073
01-Aug-2026 01:55:56,-153.168715650357,-45.7356259170217,0,24,24,24,14,-45.7356259170217
01-Aug-2026 01:55:58,-153.507166673072,-46.074076939737,0,24,24,24,12,-46.074076939737
01-Aug-2026 01:56:00,-150.594631897704,-43.1615421643684,0,24,24,24,13,-43.1615421643684
01-Aug-2026 01:56:02,-149.532759556026,-42.0996698226908,0,24,24,24,14,-42.0996698226908
01-Aug-2026 01:56:04,-146.671721358008,-39.2386316246733,0,24,24,24,12,-39.2386316246733
01-Aug-2026 01:56:06,-146.988223822173,-39.5551340888375,0,24,24,24,12,-39.5551340888375
01-Aug-2026 01:56:08,-152.734139693463,-45.3010499601277,0,24,24,24,11,-45.3010499601277
01-Aug-2026 01:56:10,-152.603289441057,-45.1701997077215,0,24,24,24,11,-45.1701997077215
01-Aug-2026 01:56:12,-152.725593692426,-45.2925039590906,0,24,24,24,12,-45.2925039590906
01-Aug-2026 01:56:14,-147.718783123278,-40.2856933899425,0,24,24,24,13,-40.2856933899425
01-Aug-2026 01:56:16,-153.168494634424,-45.7354049010885,0,24,24,24,15,-45.7354049010885
01-Aug-2026 01:56:18,-150.177055432398,-42.7439656990631,0,24,24,24,15,-42.7439656990631
01-Aug-2026 01:56:20,-149.123076038183,-41.6899863048482,0,25,25,25,16,-41.6899863048482
01-Aug-2026 01:56:22,-149.823468968761,-42.3903792354255,0,25,25,25,16,-42.3903792354255
01-Aug-2026 01:56:24,-150.071805936585,-42.6387162032497,0,25,25,25,15,-42.6387162032497
01-Aug-2026 01:56:26,-150.341767550999,-42.9086778176638,0,25,25,25,14,-42.9086778176638
01-Aug-2026 01:56:28,-150.611532398963,-43.1784426656278,0,26,26,26,15,-43.1784426656278
01-Aug-2026 01:56:30,-150.498577130711,-43.0654873973758,0,26,26,26,15,-43.0654873973758
01-Aug-2026 01:56:32,-155.40605541601,-47.9729656826753,0,26,26,26,15,-47.9729656826753
01-Aug-2026 01:56:34,-153.23915716522,-45.8060674318849,0,26,26,26,16,-45.8060674318849
01-Aug-2026 01:56:36,-153.123196830513,-45.6901070971773,0,26,26,26,16,-45.6901070971773
01-Aug-2026 01:56:38,-153.555841502025,-46.1227517686898,0,27,27,27,15,-46.1227517686898
01-Aug-2026 01:56:40,-153.129784175307,-45.6966944419715,0,27,27,27,15,-45.6966944419715
01-Aug-2026 01:56:42,-155.366707402375,-47.9336176690401,0,27,27,27,14,-47.9336176690401
01-Aug-2026 01:56:44,-154.181842346252,-46.7487526129167,0,27,27,27,13,-46.7487526129167
01-Aug-2026 01:56:46,-154.576423666592,-47.1433339332563,0,27,27,27,12,-47.1433339332563
01-Aug-2026 01:56:48,-152.486793464446,-45.0537037311105,0,26,26,26,13,-45.0537037311105
01-Aug-2026 01:56:50,-152.30341925957,-44.8703295262346,0,26,26,26,12,-44.8703295262346
01-Aug-2026 01:56:52,-140.465211537659,-33.0321218043242,0,26,26,26,11,-33.0321218043242
01-Aug-2026 01:56:54,-140.119703401981,-32.686613668646,0,25,25,25,11,-32.686613668646
01-Aug-2026 01:56:56,-138.818837691077,-31.3857479577422,0,24,24,24,12,-31.3857479577422
01-Aug-2026 01:56:58,-139.450038458885,-32.0169487255502,0,24,24,24,11,-32.0169487255502
01-Aug-2026 01:57:00,-136.084276464382,-28.6511867310469,0,24,24,24,12,-28.6511867310469
01-Aug-2026 01:57:02,-135.984414096402,-28.5513243630672,0,24,24,24,12,-28.5513243630672
01-Aug-2026 01:57:04,-135.437437905535,-28.0043481722001,0,24,24,24,13,-28.0043481722001
01-Aug-2026 01:57:06,-131.500706384726,-24.0676166513907,0,23,23,23,13,-24.0676166513907
01-Aug-2026 01:57:08,-131.394816372285,-23.9617266389494,0,23,23,23,13,-23.9617266389494
01-Aug-2026 01:57:10,-130.79174189257,-23.3586521592345,0,24,24,24,13,-23.3586521592345
01-Aug-2026 01:57:12,-130.916711309923,-23.4836215765881,0,24,24,24,15,-23.4836215765881
01-Aug-2026 01:57:14,-131.725056618291,-24.2919668849563,0,24,24,24,15,-24.2919668849563
01-Aug-2026 01:57:16,-132.284050295518,-24.8509605621827,0,24,24,24,15,-24.8509605621827
01-Aug-2026 01:57:18,-135.234490266549,-27.8014005332143,0,24,24,24,16,-27.8014005332143
01-Aug-2026 01:57:20,-134.518240000388,-27.0851502670532,0,24,24,24,15,-27.0851502670532
01-Aug-2026 01:57:22,-134.42658049487,-26.9934907615347,0,24,24,24,14,-26.9934907615347
01-Aug-2026 01:57:24,-135.115472683185,-27.6823829498499,0,24,24,24,13,-27.6823829498499
01-Aug-2026 01:57:26,-135.595000414804,-28.1619106814688,0,24,24,24,12,-28.1619106814688
01-Aug-2026 01:57:28,-134.474568814746,-27.0414790814106,0,24,24,24,11,-27.0414790814106
01-Aug-2026 01:57:30,-134.660005263491,-27.2269155301561,0,24,24,24,10,-27.2269155301561
01-Aug-2026 01:57:32,-134.158451062039,-26.7253613287037,0,24,24,24,10,-26.7253613287037
01-Aug-2026 01:57:34,-133.509131787495,-26.0760420541598,0,24,24,24,12,-26.0760420541598
01-Aug-2026 01:57:36,-133.410478184085,-25.9773884507499,0,24,24,24,13,-25.9773884507499
01-Aug-2026 01:57:38,-133.319536702367,-25.886446969032,0,24,24,24,13,-25.886446969032
01-Aug-2026 01:57:40,-144.395566018864,-36.9624762855288,0,24,24,24,11,-36.9624762855288
01-Aug-2026 01:57:42,-144.613569550853,-37.1804798175177,0,24,24,24,11,-37.1804798175177
01-Aug-2026 01:57:44,-144.571194460551,-37.1381047272159,0,23,23,23,10,-37.1381047272159
01-Aug-2026 01:57:46,-144.290476314901,-36.8573865815654,0,23,23,23,11,-36.8573865815654
01-Aug-2026 01:57:48,-144.421149035992,-36.9880593026566,0,22,22,22,11,-36.9880593026566
01-Aug-2026 01:57:50,-144.877526815133,-37.4444370817983,0,22,22,22,11,-37.4444370817983
01-Aug-2026 01:57:52,-145.624412156557,-38.1913224232218,0,22,22,22,11,-38.1913224232218
01-Aug-2026 01:57:54,-146.07028656194,-38.6371968286045,0,21,21,21,10,-38.6371968286045
01-Aug-2026 01:57:56,-147.098320111523,-39.6652303781877,0,21,21,21,8,-39.6652303781877
01-Aug-2026 01:57:58,-147.52876198718,-40.0956722538453,0,21,21,21,8,-40.0956722538453
01-Aug-2026 01:58:00,-147.864960710597,-40.4318709772613,0,21,21,21,8,-40.4318709772613
01-Aug-2026 01:58:02,-148.148330419059,-40.7152406857239,0,21,21,21,9,-40.7152406857239
01-Aug-2026 01:58:04,-148.531408866246,-41.0983191329105,0,21,21,21,9,-41.0983191329105
01-Aug-2026 01:58:06,-148.150358923101,-40.7172691897655,0,21,21,21,11,-40.7172691897655
01-Aug-2026 01:58:08,-146.035993044621,-38.602903311286,0,21,21,21,11,-38.602903311286
01-Aug-2026 01:58:10,-144.830110064364,-37.3970203310287,0,21,21,21,12,-37.3970203310287
01-Aug-2026 01:58:12,-142.312245779763,-34.8791560464281,0,21,21,21,12,-34.8791560464281
01-Aug-2026 01:58:14,-139.833792371253,-32.4007026379177,0,22,22,22,12,-32.4007026379177
01-Aug-2026 01:58:16,-136.301494744084,-28.8684050107488,0,22,22,22,13,-28.8684050107488
01-Aug-2026 01:58:18,-132.797526544517,-25.3644368111813,0,22,22,22,13,-25.3644368111813
01-Aug-2026 01:58:20,-147.117428643034,-39.6843389096986,0,22,22,22,13,-21.5556251495651
01-Aug-2026 01:58:22,-147.398523862597,-39.9654341292613,0,22,22,22,13,-39.9654341292613
01-Aug-2026 01:58:24,-147.45834773852,-40.0252580051845,0,22,22,22,12,-40.0252580051845
01-Aug-2026 01:58:26,-148.156589506747,-40.7234997734122,0,22,22,22,13,-40.7234997734122
01-Aug-2026 01:58:28,-148.428941553322,-40.9958518199872,0,23,23,23,12,-40.9958518199872
01-Aug-2026 01:58:30,-145.188279771064,-37.7551900377291,0,23,23,23,13,-37.7551900377291
01-Aug-2026 01:58:32,-145.521397566485,-38.0883078331501,0,24,24,24,15,-38.0883078331501
01-Aug-2026 01:58:34,-136.833078011477,-29.3999882781421,0,24,24,24,15,-29.3999882781421
01-Aug-2026 01:58:36,-136.922934708784,-29.4898449754489,0,24,24,24,15,-29.4898449754489
01-Aug-2026 01:58:38,-136.788387499731,-29.3552977663961,0,24,24,24,14,-29.3552977663961
01-Aug-2026 01:58:40,-137.004234636713,-29.5711449033779,0,24,24,24,14,-29.5711449033779
01-Aug-2026 01:58:42,-136.715298060503,-29.2822083271683,0,24,24,24,13,-29.2822083271683
01-Aug-2026 01:58:44,-136.798242622994,-29.3651528896585,0,24,24,24,13,-29.3651528896585
01-Aug-2026 01:58:46,-136.289953606262,-28.8568638729266,0,24,24,24,14,-28.8568638729266
01-Aug-2026 01:58:48,-135.469977285121,-28.036887551786,0,24,24,24,13,-28.036887551786
01-Aug-2026 01:58:50,-135.211425290728,-27.778335557393,0,24,24,24,12,-27.778335557393
01-Aug-2026 01:58:52,-135.392400786989,-27.9593110536543,0,23,23,23,12,-27.9593110536543
01-Aug-2026 01:58:54,-132.604408429176,-25.1713186958413,0,23,23,23,12,-25.1713186958413
01-Aug-2026 01:58:56,-133.832713684488,-26.3996239511529,0,23,23,23,12,-26.3996239511529
01-Aug-2026 01:58:58,-134.140970796754,-26.707881063419,0,23,23,23,11,-26.707881063419
01-Aug-2026 01:59:00,-134.815363808256,-27.3822740749204,0,23,23,23,12,-27.3822740749204
01-Aug-2026 01:59:02,-135.166882892559,-27.7337931592242,0,23,23,23,11,-27.7337931592242
01-Aug-2026 01:59:04,-142.877956536888,-35.4448668035533,0,23,23,23,11,-35.4448668035533
01-Aug-2026 01:59:06,-142.193197624166,-34.7601078908303,0,22,22,22,11,-34.7601078908303
01-Aug-2026 01:59:08,-146.616899133991,-39.183809400656,0,23,23,23,14,-39.183809400656
01-Aug-2026 01:59:10,-147.185888419948,-39.7527986866129,0,24,24,24,14,-39.7527986866129
01-Aug-2026 01:59:12,-147.146395182452,-39.713305449117,0,24,24,24,12,-39.713305449117
01-Aug-2026 01:59:14,-147.947794385366,-40.5147046520309,0,24,24,24,11,-40.5147046520309
01-Aug-2026 01:59:16,-148.212012843829,-40.778923110494,0,24,24,24,10,-40.778923110494
01-Aug-2026 01:59:18,-148.178201771433,-40.7451120380981,0,24,24,24,9,-40.7451120380981
01-Aug-2026 01:59:20,-148.101154821739,-40.6680650884039,0,25,25,25,11,-40.6680650884039
01-Aug-2026 01:59:22,-147.788322316053,-40.3552325827179,0,25,25,25,11,-40.3552325827179
01-Aug-2026 01:59:24,-155.761825707661,-48.3287359743262,0,25,25,25,10,-48.3287359743262
01-Aug-2026 01:59:26,-155.652477449221,-48.2193877158857,0,25,25,25,10,-48.2193877158857
01-Aug-2026 01:59:28,-155.76408779266,-48.3309980593245,0,25,25,25,8,-48.3309980593245
01-Aug-2026 01:59:30,-157.56723961249,-50.1341498791551,0,25,25,25,8,-50.1341498791551
01-Aug-2026 01:59:32,-152.691990061492,-45.258900328157,0,25,25,25,7,-45.258900328157
01-Aug-2026 01:59:34,-152.789722256513,-45.3566325231778,0,25,25,25,8,-45.3566325231778
01-Aug-2026 01:59:36,-150.255941563768,-42.8228518304325,0,25,25,25,10,-42.8228518304325
01-Aug-2026 01:59:38,-150.307774940161,-42.8746852068259,0,24,24,24,10,-42.8746852068259
01-Aug-2026 01:59:40,-150.016913242917,-42.5838235095821,0,24,24,24,10,-42.5838235095821
01-Aug-2026 01:59:42,-151.23071235842,-43.7976226250849,0,24,24,24,10,-43.7976226250849
01-Aug-2026 01:59:44,-150.610131859331,-43.1770421259958,0,24,24,24,11,-43.1770421259958
01-Aug-2026 01:59:46,-150.442167535343,-43.0090778020082,0,24,24,24,8,-43.0090778020082
01-Aug-2026 01:59:48,-150.845629709368,-43.4125399760332,0,24,24,24,8,-43.4125399760332
01-Aug-2026 01:59:50,-153.520879791514,-46.0877900581784,0,24,24,24,7,-46.0877900581784
01-Aug-2026 01:59:52,-143.655340573329,-36.2222508399942,0,24,24,24,5,-36.2222508399942
01-Aug-2026 01:59:54,-143.732444033109,-36.2993542997741,0,24,24,24,6,-36.2993542997741
01-Aug-2026 01:59:56,-143.502013750182,-36.0689240168466,0,24,24,24,8,-36.0689240168465
01-Aug-2026 01:59:58,-143.628101933826,-36.1950122004904,0,24,24,24,9,-36.1950122004903
01-Aug-2026 02:00:00,-144.481467974222,-37.0483782408864,0,24,24,24,8,-37.0483782408864
