OuterAngleDeg,InnerAngleDeg,WorstExceedancePercent,RobustExceedancePercent,MedianExceedancePercent,MaximumIOverNDb,P95IOverNDb,PracticalPercentileIOverNDb,RobustAvailabilityPercent,RetaskDutyPercent,ShutdownDutyPercent,Feasible,PracticalFeasible,Score,SearchStage
0,0,0.777561788392113,0.777561788392113,0.416550958067203,10.9798733402777,-20.7717554012438,6.79598894802233,99.2224382116079,0,0,0,0,0,coarse
0.5,0,0.777561788392113,0.777561788392113,0.416550958067203,10.9798733402777,-20.7717554012438,6.79598894802233,99.2224382116079,0.00891702706317714,0,0,0,0.5,coarse
0.5,0.5,0.72202166064982,0.72202166064982,0.388780894196057,10.9798733402777,-20.7717554012438,6.79598894802233,99.2779783393502,0,0.00891702706317714,0,0,1,coarse
1,0,0.777561788392113,0.777561788392113,0.416550958067203,10.9798733402777,-20.7717554012438,6.79598894802233,99.2224382116079,0.0378956754346857,0,0,0,1,coarse
1,0.5,0.72202166064982,0.72202166064982,0.388780894196057,10.9798733402777,-20.7717554012438,6.79598894802233,99.2779783393502,0.0312082032991529,0.00891702706317714,0,0,1.5,coarse
1,1,0.694251596778673,0.694251596778673,0.388780894196057,10.9798733402777,-20.9305191747141,6.79598894802233,99.3057484032213,0,0.0378956754346857,0,0,2,coarse
2,0,0.777561788392113,0.777561788392113,0.416550958067203,10.9798733402777,-20.7717554012438,6.79598894802233,99.2224382116079,0.11754068716094,0,0,0,2,coarse
2,0.5,0.72202166064982,0.72202166064982,0.388780894196057,10.9798733402777,-20.7717554012438,6.79598894802233,99.2779783393502,0.115280289330922,0.00891702706317714,0,0,2.5,coarse
2,1,0.694251596778673,0.694251596778673,0.388780894196057,10.9798733402777,-20.9305191747141,6.79598894802233,99.3057484032213,0.0926763110307414,0.0378956754346857,0,0,3,coarse
2,2,0.638711469036379,0.638711469036379,0.388780894196057,10.9798733402777,-21.5819308192509,6.79598894802233,99.3612885309636,0,0.11754068716094,0,0,4,coarse
3,0,0.777561788392113,0.777561788392113,0.416550958067203,10.9798733402777,-20.7717554012438,6.79598894802233,99.2224382116079,0.266726943942134,0,0,0,3,coarse
3,0.5,0.72202166064982,0.72202166064982,0.388780894196057,10.9798733402777,-20.7717554012438,6.79598894802233,99.2779783393502,0.264466546112116,0.00891702706317714,0,0,3.5,coarse
3,1,0.694251596778673,0.694251596778673,0.388780894196057,10.9798733402777,-20.9305191747141,6.79598894802233,99.3057484032213,0.241862567811935,0.0378956754346857,0,0,4,coarse
3,2,0.638711469036379,0.638711469036379,0.388780894196057,10.9798733402777,-21.5819308192509,6.79598894802233,99.3612885309636,0.151589460074011,0.11754068716094,0,0,5,coarse
3,3,0.638711469036379,0.638711469036379,0.388780894196057,10.9798733402777,-22.1785434495058,6.79598894802233,99.3612885309636,0,0.266726943942134,0,0,6,coarse
5,0,0.777561788392113,0.777561788392113,0.416550958067203,10.9798733402777,-20.7717554012438,6.79598894802233,99.2224382116079,0.66003616636528,0,0,0,5,coarse
5,0.5,0.72202166064982,0.72202166064982,0.388780894196057,10.9798733402777,-20.7717554012438,6.79598894802233,99.2779783393502,0.657775768535262,0.00891702706317714,0,0,5.5,coarse
5,1,0.694251596778673,0.694251596778673,0.388780894196057,10.9798733402777,-20.9305191747141,6.79598894802233,99.3057484032213,0.635171790235081,0.0378956754346857,0,0,6,coarse
5,2,0.638711469036379,0.638711469036379,0.388780894196057,10.9798733402777,-21.5819308192509,6.79598894802233,99.3612885309636,0.54249547920434,0.11754068716094,0,0,7,coarse
5,3,0.638711469036379,0.638711469036379,0.388780894196057,10.9798733402777,-22.1785434495058,6.79598894802233,99.3612885309636,0.393309222423146,0.266726943942134,0,0,8,coarse
5,5,0.638711469036379,0.638711469036379,0.388780894196057,10.9798733402777,-22.9785967467131,6.79598894802233,99.3612885309636,0,0.66003616636528,0,0,10,coarse
10,0,0.777561788392113,0.777561788392113,0.416550958067203,10.9798733402777,-20.7717554012438,6.79598894802233,99.2224382116079,2.48116278032904,0,0,0,10,coarse
10,0.5,0.72202166064982,0.72202166064982,0.388780894196057,10.9798733402777,-20.7717554012438,6.79598894802233,99.2779783393502,2.47224575326586,0.00891702706317714,0,0,10.5,coarse
10,1,0.694251596778673,0.694251596778673,0.388780894196057,10.9798733402777,-20.9305191747141,6.79598894802233,99.3057484032213,2.4566409559053,0.0378956754346857,0,0,11,coarse
10,2,0.638711469036379,0.638711469036379,0.388780894196057,10.9798733402777,-21.5819308192509,6.79598894802233,99.3612885309636,2.40313879352624,0.11754068716094,0,0,12,coarse
10,3,0.638711469036379,0.638711469036379,0.388780894196057,10.9798733402777,-22.1785434495058,6.79598894802233,99.3612885309636,2.25154933345223,0.266726943942134,0,0,13,coarse
10,5,0.638711469036379,0.638711469036379,0.388780894196057,10.9798733402777,-22.9785967467131,6.79598894802233,99.3612885309636,1.90155602122252,0.66003616636528,0,0,15,coarse
10,10,0.638711469036379,0.638711469036379,0.388780894196057,10.979809890307,-26.3263683938459,6.79585619560384,99.3612885309636,0,2.48116278032904,0,0,20,coarse
15,0,0.777561788392113,0.777561788392113,0.416550958067203,10.9798733402777,-20.9045008323776,6.79598894802233,99.2224382116079,5.68014623924384,0,0,0,15,coarse
15,0.5,0.72202166064982,0.72202166064982,0.388780894196057,10.9798733402777,-20.9045008323776,6.79598894802233,99.2779783393502,5.67122921218066,0.00891702706317714,0,0,15.5,coarse
15,1,0.694251596778673,0.694251596778673,0.388780894196057,10.9798733402777,-21.0967481778983,6.79598894802233,99.3057484032213,5.6556244148201,0.0378956754346857,0,0,16,coarse
15,2,0.638711469036379,0.638711469036379,0.388780894196057,10.9798733402777,-21.709034811536,6.79598894802233,99.3612885309636,5.60212225244104,0.11754068716094,0,0,17,coarse
15,3,0.638711469036379,0.638711469036379,0.388780894196057,10.9798733402777,-22.3067121697589,6.79598894802233,99.3612885309636,5.45053279236703,0.266726943942134,0,0,18,coarse
15,5,0.638711469036379,0.638711469036379,0.388780894196057,10.9798733402777,-23.1773426411735,6.79598894802233,99.3612885309636,5.10053948013732,0.66003616636528,0,0,20,coarse
15,10,0.638711469036379,0.638711469036379,0.388780894196057,10.979809890307,-26.3263683938459,6.79585619560384,99.3612885309636,3.1989834589148,2.48116278032904,0,0,25,coarse
15,15,0.638711469036379,0.638711469036379,0.388780894196057,10.9797848972879,-28.2000378337493,6.79585619560384,99.3612885309636,0,5.68014623924384,0,0,30,coarse
20,0,0.499861149680644,0.499861149680644,0.388780894196057,10.9798733402777,-21.598336178267,6.79598894802233,99.5001388503194,9.13326496945918,0,0,0,20,coarse
20,0.5,0.44432102193835,0.44432102193835,0.36101083032491,10.9798733402777,-21.6165384428413,6.79598894802233,99.5556789780616,9.124347942396,0.00891702706317714,0,0,20.5,coarse
20,1,0.416550958067203,0.416550958067203,0.319355734518189,10.9798733402777,-21.7359162517307,6.79598894802233,99.5834490419328,9.10874314503545,0.0378956754346857,0,0,21,coarse
20,2,0.36101083032491,0.36101083032491,0.319355734518189,10.9798733402777,-22.358658886551,6.79598894802233,99.6389891696751,9.05524098265638,0.11754068716094,0,0,22,coarse
20,3,0.36101083032491,0.36101083032491,0.319355734518189,10.9798733402777,-23.1735325105875,6.79598894802233,99.6389891696751,8.90365152258237,0.266726943942134,0,0,23,coarse
20,5,0.36101083032491,0.36101083032491,0.319355734518189,10.9798733402777,-23.7449390937325,6.79598894802233,99.6389891696751,8.56386238291167,0.66003616636528,0,0,25,coarse
20,10,0.36101083032491,0.36101083032491,0.319355734518189,10.979809890307,-26.5499993908531,6.79585619560384,99.6389891696751,6.9049286527182,2.48116278032904,0,0,30,coarse
20,15,0.36101083032491,0.36101083032491,0.319355734518189,10.9797848972879,-28.2069483495497,6.79585619560384,99.6389891696751,3.89210878288007,5.68014623924384,0,0,35,coarse
20,20,0.36101083032491,0.36101083032491,0.319355734518189,10.9797848972879,-30.489115476012,6.79585619560384,99.6389891696751,0,9.13326496945918,0,0,40,coarse
25,0,0.416550958067203,0.416550958067203,0.36101083032491,10.9798733402777,-21.985153565864,6.79598894802233,99.5834490419328,12.4704543464939,0,0,0,25,coarse
25,0.5,0.36101083032491,0.36101083032491,0.333240766453763,10.9798733402777,-22.1771294145284,6.79598894802233,99.6389891696751,12.4704543464939,0.00891702706317714,0,0,25.5,coarse
25,1,0.36101083032491,0.36101083032491,0.305470702582616,10.9798733402777,-22.358658886551,6.79598894802233,99.6389891696751,12.4398144095246,0.0378956754346857,0,0,26,coarse
25,2,0.36101083032491,0.36101083032491,0.277700638711469,10.9798733402777,-23.0069106299352,6.79598894802233,99.6389891696751,12.3829116694389,0.11754068716094,0,0,27,coarse
25,3,0.36101083032491,0.36101083032491,0.277700638711469,10.9798733402777,-23.6077102816954,6.79598894802233,99.6389891696751,12.2669176223409,0.266726943942134,0,0,28,coarse
25,5,0.36101083032491,0.36101083032491,0.277700638711469,10.9798733402777,-24.0515555082464,6.79598894802233,99.6389891696751,11.9495754180163,0.66003616636528,0,0,30,coarse
25,10,0.36101083032491,0.36101083032491,0.277700638711469,10.979809890307,-26.9736769299184,6.79585619560384,99.6389891696751,10.2906416878228,2.48116278032904,0,0,35,coarse
25,15,0.36101083032491,0.36101083032491,0.277700638711469,10.9797848972879,-28.2347565312737,6.79585619560384,99.6389891696751,7.10846537687122,5.68014623924384,0,0,40,coarse
25,20,0.36101083032491,0.36101083032491,0.277700638711469,10.9797848972879,-30.6394302417776,6.79585619560384,99.6389891696751,3.38571303510461,9.13326496945918,0,0,45,coarse
25,25,0.36101083032491,0.36101083032491,0.277700638711469,10.9797848972879,-32.384584554102,6.79585619560384,99.6389891696751,0,12.4704543464939,0,0,50,coarse
30,0,0.416550958067203,0.416550958067203,0.36101083032491,10.9798733402777,-22.5011329539091,6.79598894802233,99.5834490419328,15.5410137442003,0,0,0,30,coarse
30,0.5,0.36101083032491,0.36101083032491,0.333240766453763,10.9798733402777,-22.5011329539091,6.79598894802233,99.6389891696751,15.5410137442003,0.00891702706317714,0,0,30.5,coarse
30,1,0.36101083032491,0.36101083032491,0.291585670647042,10.9798733402777,-22.7387386392847,6.79598894802233,99.6389891696751,15.510373807231,0.0378956754346857,0,0,31,coarse
30,2,0.36101083032491,0.36101083032491,0.263815606775896,10.9798733402777,-23.2466139905934,6.79598894802233,99.6389891696751,15.4534710671452,0.11754068716094,0,0,32,coarse
30,3,0.36101083032491,0.36101083032491,0.263815606775896,10.9798733402777,-23.7233920070269,6.79598894802233,99.6389891696751,15.3374770200473,0.266726943942134,0,0,33,coarse
30,5,0.36101083032491,0.36101083032491,0.263815606775896,10.9798733402777,-24.2877530862111,6.79598894802233,99.6389891696751,15.0201348157227,0.66003616636528,0,0,35,coarse
30,10,0.36101083032491,0.36101083032491,0.263815606775896,10.979809890307,-27.2286485830785,6.79585619560384,99.6389891696751,13.3612010855292,2.48116278032904,0,0,40,coarse
30,15,0.36101083032491,0.36101083032491,0.263815606775896,10.9797848972879,-28.5705323300328,6.79585619560384,99.6389891696751,10.2853321444494,5.68014623924384,0,0,45,coarse
30,20,0.36101083032491,0.36101083032491,0.263815606775896,10.9797848972879,-30.7339747330834,6.79585619560384,99.6389891696751,6.456272432811,9.13326496945918,0,0,50,coarse
30,25,0.36101083032491,0.36101083032491,0.263815606775896,10.9797848972879,-32.7713852873857,6.79585619560384,99.6389891696751,3.25025636452807,12.4704543464939,0,0,55,coarse
30,30,0.36101083032491,0.36101083032491,0.263815606775896,10.9797848972879,-34.9083730017638,6.79585619560384,99.6389891696751,0,15.5410137442003,0,0,60,coarse
35,0,0.36101083032491,0.36101083032491,0.166620383226881,7.27875114466383,-22.8003288034091,-1.49528235522563,99.6389891696751,18.5176103432902,0,0,0,35,coarse
35,0.5,0.305470702582616,0.305470702582616,0.138850319355735,7.27875114466383,-22.962683405312,-1.49528235522563,99.6945292974174,18.5109228711547,0.00891702706317714,0,0,35.5,coarse
35,1,0.194390447098028,0.194390447098028,0.124965287420161,7.27875114466383,-23.0254894375371,-1.49528235522563,99.805609552902,18.4797146678555,0.0378956754346857,0,0,36,coarse
35,2,0.166620383226881,0.166620383226881,0.0971952235490142,7.27875114466383,-23.4619933390521,-1.49528235522563,99.8333796167731,18.4083816317432,0.11754068716094,0,0,37,coarse
35,3,0.166620383226881,0.166620383226881,0.0971952235490142,7.27875114466383,-23.8545305854364,-1.49528235522563,99.8333796167731,18.2946946054391,0.266726943942134,0,0,38,coarse
35,5,0.166620383226881,0.166620383226881,0.0971952235490142,7.27875114466383,-24.4591191422361,-1.49528235522563,99.8333796167731,18.0717788675881,0.66003616636528,0,0,40,coarse
35,10,0.166620383226881,0.166620383226881,0.0971952235490142,7.27860603324575,-27.3681190207647,-1.49528235522563,99.8333796167731,16.5693267944717,2.48116278032904,0,0,45,coarse
35,15,0.166620383226881,0.166620383226881,0.0971952235490142,7.27855566810734,-28.9301880853475,-1.49532007528807,99.8333796167731,13.6223807400802,5.68014623924384,0,0,50,coarse
35,20,0.166620383226881,0.166620383226881,0.0971952235490142,7.27855566810734,-31.0505949763202,-1.49532007528807,99.8333796167731,9.73027195720018,9.13326496945918,0,0,55,coarse
35,25,0.166620383226881,0.166620383226881,0.0971952235490142,7.27855566810734,-32.9919995185383,-1.49532007528807,99.8333796167731,6.56709763709318,12.4704543464939,0,0,60,coarse
35,30,0.166620383226881,0.166620383226881,0.0971952235490142,7.27855566810734,-35.0812310615503,-1.49532007528807,99.8333796167731,3.33704859563085,15.5410137442003,0,0,65,coarse
35,35,0.166620383226881,0.166620383226881,0.0971952235490142,7.27855566810734,-37.0419870386833,-1.49532007528807,99.8333796167731,0,18.5176103432902,0,0,70,coarse
40,0,0.249930574840322,0.249930574840322,0.0971952235490142,-0.663224823979846,-22.9836854173585,-2.66573552830995,99.7500694251597,22.4525316455696,0,0,0,40,coarse
40,0.5,0.194390447098028,0.194390447098028,0.0694251596778673,-2.34889281044585,-22.9836854173585,-3.82137960218615,99.805609552902,22.4502712477396,0.00891702706317714,0,0,40.5,coarse
40,1,0.111080255484588,0.111080255484588,0.0416550958067204,-2.34889281044585,-23.1118586042036,-4.75534501162015,99.8889197445154,22.4276672694394,0.0378956754346857,0,0,41,coarse
40,2,0.0555401277422938,0.0555401277422938,0.0277700638711469,-2.75843239544872,-23.5484690607297,-7.44441458973376,99.9444598722577,22.3349909584087,0.11754068716094,0,1,42,coarse
40,3,0.0555401277422938,0.0555401277422938,0.0277700638711469,-2.75843239544872,-23.9132359018827,-9.05318984143641,99.9444598722577,22.1858047016275,0.266726943942134,0,1,43,coarse
40,5,0.0555401277422938,0.0555401277422938,0.0277700638711469,-2.75843239544872,-24.6032364254176,-9.29010133077123,99.9444598722577,21.8702630405707,0.66003616636528,0,1,45,coarse
40,10,0.0555401277422938,0.0555401277422938,0.0277700638711469,-2.75843239544872,-27.4582047421972,-9.29010133077123,99.9444598722577,20.3678109674543,2.48116278032904,0,1,50,coarse
40,15,0.0555401277422938,0.0555401277422938,0.0277700638711469,-2.75880586141342,-29.045171271721,-9.29110623587669,99.9444598722577,17.4208649130629,5.68014623924384,0,1,55,coarse
40,20,0.0555401277422938,0.0555401277422938,0.0277700638711469,-2.75880586141342,-31.0505949763202,-9.29131118871855,99.9444598722577,13.6324593128391,9.13326496945918,0,1,60,coarse
40,25,0.0555401277422938,0.0555401277422938,0.0277700638711469,-2.75880586141342,-33.0929762948573,-9.29131118871855,99.9444598722577,10.5854430379747,12.4704543464939,0,1,65,coarse
40,30,0.0555401277422938,0.0555401277422938,0.0277700638711469,-2.75880586141342,-35.4313230948313,-9.29131118871855,99.9444598722577,7.3621157323689,15.5410137442003,0,1,70,coarse
40,35,0.0555401277422938,0.0555401277422938,0.0277700638711469,-2.75880586141342,-37.0843380090202,-9.29131118871855,99.9444598722577,4.19755877034358,18.5176103432902,0,1,75,coarse
40,40,0.0555401277422938,0.0555401277422938,0.0277700638711469,-2.75880586141342,-39.2647362742084,-9.29131118871855,99.9444598722577,0,22.4525316455696,0,1,80,coarse
45,0,0.194390447098028,0.194390447098028,0.0971952235490142,-0.663224823979846,-23.04055052906,-2.66573552830995,99.805609552902,28.1713381555154,0,0,0,45,coarse
45,0.5,0.138850319355735,0.138850319355735,0.0694251596778673,-2.34889281044585,-23.04055052906,-3.82137960218615,99.8611496806443,28.1690777576854,0.00891702706317714,0,0,45.5,coarse
45,1,0.111080255484588,0.111080255484588,0.0138850319355735,-2.34889281044585,-23.196126078095,-4.75534501162015,99.8889197445154,28.1464737793852,0.0378956754346857,0,0,46,coarse
45,2,0.0555401277422938,0.0555401277422938,0,-2.83356648201121,-23.6077102816954,-7.81007130344791,99.9444598722577,28.0537974683544,0.11754068716094,0,1,47,coarse
45,3,0.0555401277422938,0.0555401277422938,0,-2.83356648201121,-23.9502024076951,-9.74716268566073,99.9444598722577,27.9046112115732,0.266726943942134,0,1,48,coarse
45,5,0.0555401277422938,0.0555401277422938,0,-2.83356648201121,-24.6616348440501,-12.7805242993767,99.9444598722577,27.5113019891501,0.66003616636528,0,1,50,coarse
45,10,0.0555401277422938,0.0555401277422938,0,-2.83356648201121,-27.6025794463684,-12.7805242993767,99.9444598722577,25.8069620253165,2.48116278032904,0,1,55,coarse
45,15,0.0555401277422938,0.0555401277422938,0,-2.83356648201121,-29.0567844054992,-16.9995544384829,99.9444598722577,22.7667269439421,5.68014623924384,0,1,60,coarse
45,20,0.0555401277422938,0.0555401277422938,0,-2.83356648201121,-31.2748434375545,-17.0020198844908,99.9444598722577,19.3512658227848,9.13326496945918,0,1,65,coarse
45,25,0.0555401277422938,0.0555401277422938,0,-2.83722637853622,-33.5956974976382,-17.0020198844908,99.9444598722577,16.3042495479204,12.4704543464939,0,1,70,coarse
45,30,0.0555401277422938,0.0555401277422938,0,-2.83723814589231,-35.7467675889508,-17.0074576439536,99.9444598722577,13.0809222423146,15.5410137442003,0,1,75,coarse
45,35,0.0555401277422938,0.0555401277422938,0,-2.83723814589231,-37.2923322779303,-17.0074576439536,99.9444598722577,9.91636528028933,18.5176103432902,0,1,80,coarse
45,40,0.0555401277422938,0.0555401277422938,0,-2.83723814589231,-39.3188643192666,-17.0077744428962,99.9444598722577,5.71880650994575,22.4525316455696,0,1,85,coarse
45,45,0.0555401277422938,0.0555401277422938,0,-2.83723814589231,-43.6875709471008,-17.0089994962545,99.9444598722577,0,28.1713381555154,0,1,90,coarse
50,0,0.194390447098028,0.194390447098028,0.0694251596778673,-0.663224823979846,-23.0597482198696,-2.75680188216302,99.805609552902,31.4330922242315,0,0,0,50,coarse
50,0.5,0.138850319355735,0.138850319355735,0.0416550958067204,-2.34889281044585,-23.0597482198696,-5.27932599125877,99.8611496806443,31.4308318264014,0.00891702706317714,0,0,50.5,coarse
50,1,0.0555401277422938,0.0555401277422938,0.0138850319355735,-2.34889281044585,-23.2189897538133,-7.37168975895633,99.9444598722577,31.4082278481013,0.0378956754346857,0,1,51,coarse
50,2,0,0,0,-7.42314491297913,-23.6509078367712,-10.5416620180344,100,31.3155515370705,0.11754068716094,1,1,52,coarse
50,3,0,0,0,-9.57258976514213,-24.0097077174439,-10.5895638009083,100,31.1663652802893,0.266726943942134,1,1,53,coarse
50,5,0,0,0,-12.5865918967383,-24.7140554454366,-14.2370579720367,100,30.7730560578662,0.66003616636528,1,1,55,coarse
50,10,0,0,0,-12.5865918967383,-27.6590776107926,-14.4527119911076,100,29.0687160940325,2.48116278032904,1,1,60,coarse
50,15,0,0,0,-18.1418444002481,-29.1575412221714,-19.5237718501314,100,26.0284810126582,5.68014623924384,1,1,65,coarse
50,20,0,0,0,-18.1662547567619,-31.4369270417878,-19.650017767035,100,22.6130198915009,9.13326496945918,1,1,70,coarse
50,25,0,0,0,-18.1662547567619,-33.8903256953298,-19.650017767035,100,19.5660036166365,12.4704543464939,1,1,75,coarse
50,30,0,0,0,-18.1662547567619,-35.8798643186704,-19.6631649951546,100,16.3426763110307,15.5410137442003,1,1,80,coarse
50,35,0,0,0,-18.1662547567619,-37.3836101703239,-20.9807927168332,100,13.1781193490054,18.5176103432902,1,1,85,coarse
50,40,0,0,0,-18.1665757807491,-39.3559297962154,-20.9822614308584,100,8.98056057866184,22.4525316455696,1,1,90,coarse
50,45,0,0,0,-18.169795482706,-43.8411387099021,-20.9841856193437,100,3.28131966116808,28.1713381555154,1,1,95,coarse
50,50,0,0,0,-18.169795482706,-48.215825789114,-20.9841856193437,100,0,31.4330922242315,1,1,100,coarse
55,0,0.194390447098028,0.194390447098028,0.0694251596778673,-0.663224823979846,-23.0597482198696,-2.75680188216302,99.805609552902,34.0732368896926,0,0,0,55,coarse
55,0.5,0.138850319355735,0.138850319355735,0.0416550958067204,-2.34889281044585,-23.0597482198696,-5.27932599125877,99.8611496806443,34.0709764918626,0.00891702706317714,0,0,55.5,coarse
55,1,0.0555401277422938,0.0555401277422938,0.0138850319355735,-2.34889281044585,-23.2189897538133,-7.37168975895633,99.9444598722577,34.0483725135624,0.0378956754346857,0,1,56,coarse
55,2,0,0,0,-7.42314491297913,-23.6509078367712,-10.5421634211949,100,33.9556962025316,0.11754068716094,1,1,57,coarse
55,3,0,0,0,-9.57258976514213,-24.0097077174439,-10.5902175084819,100,33.8065099457504,0.266726943942134,1,1,58,coarse
55,5,0,0,0,-12.5865918967383,-24.7144224634433,-14.2370579720367,100,33.4132007233273,0.66003616636528,1,1,60,coarse
55,10,0,0,0,-12.5865918967383,-27.6679553463613,-14.4527119911076,100,31.7088607594937,2.48116278032904,1,1,65,coarse
55,15,0,0,0,-18.1418444002481,-29.2049441522587,-19.5237718501314,100,28.6686256781193,5.68014623924384,1,1,70,coarse
55,20,0,0,0,-18.1662547567619,-31.478403750088,-19.650017767035,100,25.253164556962,9.13326496945918,1,1,75,coarse
55,25,0,0,0,-18.1662547567619,-33.9086817115768,-19.650017767035,100,22.2061482820977,12.4704543464939,1,1,80,coarse
55,30,0,0,0,-18.1662547567619,-35.8919223780927,-19.6631649951546,100,18.9828209764919,15.5410137442003,1,1,85,coarse
55,35,0,0,0,-18.1662547567619,-37.4311202169484,-20.9807927168332,100,15.8182640144665,18.5176103432902,1,1,90,coarse
55,40,0,0,0,-18.1665757807491,-39.3932776734106,-20.9822614308584,100,11.620705244123,22.4525316455696,1,1,95,coarse
55,45,0,0,0,-18.169795482706,-44.1282693420634,-20.9841856193437,100,6.10343290236291,28.1713381555154,1,1,100,coarse
55,50,0,0,0,-18.169795482706,-48.9813700431504,-20.9841856193437,100,2.82211324119483,31.4330922242315,1,1,105,coarse
55,55,0,0,0,-18.169795482706,-48.9907418480282,-20.9841856193437,100,0,34.0732368896926,1,1,110,coarse
60,0,0.194390447098028,0.194390447098028,0.0694251596778673,-0.663224823979846,-23.0657697053529,-2.75680188216302,99.805609552902,36.7766726943942,0,0,0,60,coarse
60,0.5,0.138850319355735,0.138850319355735,0.0416550958067204,-2.34889281044585,-23.0657697053529,-5.27932599125877,99.8611496806443,36.7744122965642,0.00891702706317714,0,0,60.5,coarse
60,1,0.0555401277422938,0.0555401277422938,0.0138850319355735,-2.34889281044585,-23.2350118911943,-7.37168975895633,99.9444598722577,36.751808318264,0.0378956754346857,0,1,61,coarse
60,2,0,0,0,-7.42314491297913,-23.6631533025972,-10.5421634211949,100,36.6591320072333,0.11754068716094,1,1,62,coarse
60,3,0,0,0,-9.57285275386013,-24.0145451457066,-10.5902175084819,100,36.5099457504521,0.266726943942134,1,1,63,coarse
60,5,0,0,0,-12.5865918967383,-24.7856795813474,-14.2370579720367,100,36.1166365280289,0.66003616636528,1,1,65,coarse
60,10,0,0,0,-12.5865918967383,-27.7114310931206,-14.4527119911076,100,34.4122965641953,2.48116278032904,1,1,70,coarse
60,15,0,0,0,-18.1418444002481,-29.2504301893237,-19.5237718501314,100,31.372061482821,5.68014623924384,1,1,75,coarse
60,20,0,0,0,-18.1662547567619,-31.531843938408,-19.650017767035,100,27.9566003616637,9.13326496945918,1,1,80,coarse
60,25,0,0,0,-18.1662547567619,-33.9899623436653,-19.650017767035,100,24.9095840867993,12.4704543464939,1,1,85,coarse
60,30,0,0,0,-18.1662547567619,-35.9553164379819,-19.6631649951546,100,21.6862567811935,15.5410137442003,1,1,90,coarse
60,35,0,0,0,-18.1662547567619,-37.6351071496205,-20.9807927168332,100,18.5216998191682,18.5176103432902,1,1,95,coarse
60,40,0,0,0,-18.1665757807491,-39.4808832691758,-20.9822614308584,100,14.3241410488246,22.4525316455696,1,1,100,coarse
60,45,0,0,0,-18.169795482706,-44.5776829519799,-20.9841856193437,100,8.60533453887884,28.1713381555154,1,1,105,coarse
60,50,0,0,0,-18.169795482706,-49.6711679894364,-20.9841856193437,100,5.34358047016275,31.4330922242315,1,1,110,coarse
60,55,0,0,0,-18.169795482706,-49.6711679894364,-20.9841856193437,100,2.70343580470163,34.0732368896926,1,1,115,coarse
60,60,0,0,0,-18.169795482706,-49.675698191319,-20.9842883350171,100,0,36.7766726943942,1,1,120,coarse
65,0,0.194390447098028,0.194390447098028,0.0694251596778673,-0.663224823979846,-23.0657697053529,-2.75680188216302,99.805609552902,39.3874321880651,0,0,0,65,coarse
65,0.5,0.138850319355735,0.138850319355735,0.0416550958067204,-2.34889281044585,-23.0657697053529,-5.27932599125877,99.8611496806443,39.3851717902351,0.00891702706317714,0,0,65.5,coarse
65,1,0.0555401277422938,0.0555401277422938,0.0138850319355735,-2.34889281044585,-23.2350118911943,-7.37168975895633,99.9444598722577,39.3625678119349,0.0378956754346857,0,1,66,coarse
65,2,0,0,0,-7.42314491297913,-23.6631533025972,-10.5421634211949,100,39.2698915009042,0.11754068716094,1,1,67,coarse
65,3,0,0,0,-9.57285275386013,-24.0145451457066,-10.5902175084819,100,39.120705244123,0.266726943942134,1,1,68,coarse
65,5,0,0,0,-12.5865918967383,-24.7856795813474,-14.2370579720367,100,38.7273960216998,0.66003616636528,1,1,70,coarse
65,10,0,0,0,-12.5865918967383,-27.7114310931206,-14.4527119911076,100,37.0230560578662,2.48116278032904,1,1,75,coarse
65,15,0,0,0,-18.1418444002481,-29.2504301893237,-19.5237718501314,100,33.9828209764919,5.68014623924384,1,1,80,coarse
65,20,0,0,0,-18.1662547567619,-31.531843938408,-19.650017767035,100,30.5673598553345,9.13326496945918,1,1,85,coarse
65,25,0,0,0,-18.1662547567619,-34.0112530736454,-19.650017767035,100,27.5203435804702,12.4704543464939,1,1,90,coarse
65,30,0,0,0,-18.1662547567619,-35.9553164379819,-19.6631649951546,100,24.2970162748644,15.5410137442003,1,1,95,coarse
65,35,0,0,0,-18.1662547567619,-37.6927320704624,-20.9807927168332,100,21.1324593128391,18.5176103432902,1,1,100,coarse
65,40,0,0,0,-18.1665757807491,-39.5275848580118,-20.9822614308584,100,16.9349005424955,22.4525316455696,1,1,105,coarse
65,45,0,0,0,-18.169795482706,-44.7191062353592,-20.9841856193437,100,11.2160940325497,28.1713381555154,1,1,110,coarse
65,50,0,0,0,-18.169795482706,-49.8749339961334,-20.9841856193437,100,7.95433996383363,31.4330922242315,1,1,115,coarse
65,55,0,0,0,-18.169795482706,-49.8749339961334,-20.9841856193437,100,5.31419529837251,34.0732368896926,1,1,120,coarse
65,60,0,0,0,-18.169795482706,-49.8782983147064,-20.9842883350171,100,2.61075949367089,36.7766726943942,1,1,125,coarse
65,65,0,0,0,-18.169795482706,-49.8782983147064,-20.9842883350171,100,0,39.3874321880651,1,1,130,coarse
70,0,0.194390447098028,0.194390447098028,0.0694251596778673,-0.663224823979846,-23.0657697053529,-2.75680188216302,99.805609552902,42.0614828209765,0,0,0,70,coarse
70,0.5,0.138850319355735,0.138850319355735,0.0416550958067204,-2.34889281044585,-23.0657697053529,-5.27932599125877,99.8611496806443,42.0592224231465,0.00891702706317714,0,0,70.5,coarse
70,1,0.0555401277422938,0.0555401277422938,0.0138850319355735,-2.34889281044585,-23.2350118911943,-7.37168975895633,99.9444598722577,42.0366184448463,0.0378956754346857,0,1,71,coarse
70,2,0,0,0,-7.42314491297913,-23.6631533025972,-10.5421634211949,100,41.9439421338156,0.11754068716094,1,1,72,coarse
70,3,0,0,0,-9.57285275386013,-24.0145451457066,-10.5902175084819,100,41.7947558770344,0.266726943942134,1,1,73,coarse
70,5,0,0,0,-12.5865918967383,-24.7856795813474,-14.2370579720367,100,41.4014466546112,0.66003616636528,1,1,75,coarse
70,10,0,0,0,-12.5865918967383,-27.7114310931206,-14.4527119911076,100,39.6971066907776,2.48116278032904,1,1,80,coarse
70,15,0,0,0,-18.1418444002481,-29.2504301893237,-19.5237718501314,100,36.6568716094033,5.68014623924384,1,1,85,coarse
70,20,0,0,0,-18.1662547567619,-31.531843938408,-19.650017767035,100,33.2414104882459,9.13326496945918,1,1,90,coarse
70,25,0,0,0,-18.1662547567619,-34.0112530736454,-19.650017767035,100,30.1943942133816,12.4704543464939,1,1,95,coarse
70,30,0,0,0,-18.1662547567619,-35.9553164379819,-19.6631649951546,100,26.9710669077758,15.5410137442003,1,1,100,coarse
70,35,0,0,0,-18.1662547567619,-37.6927320704624,-20.9807927168332,100,23.8065099457505,18.5176103432902,1,1,105,coarse
70,40,0,0,0,-18.1665757807491,-39.5275848580118,-20.9822614308584,100,19.6089511754069,22.4525316455696,1,1,110,coarse
70,45,0,0,0,-18.169795482706,-44.7191062353592,-20.9841856193437,100,13.8901446654611,28.1713381555154,1,1,115,coarse
70,50,0,0,0,-18.169795482706,-49.8749339961334,-20.9841856193437,100,10.628390596745,31.4330922242315,1,1,120,coarse
70,55,0,0,0,-18.169795482706,-49.8749339961334,-20.9841856193437,100,7.98824593128391,34.0732368896926,1,1,125,coarse
70,60,0,0,0,-18.169795482706,-49.8782983147064,-20.9842883350171,100,5.29195482797864,36.7766726943942,1,1,130,coarse
70,65,0,0,0,-18.169795482706,-49.8782983147064,-20.9842883350171,100,2.82762846887858,39.3874321880651,1,1,135,coarse
70,70,0,0,0,-18.169795482706,-49.9850241023803,-20.9842958611728,100,0,42.0614828209765,1,1,140,coarse
75,0,0.194390447098028,0.194390447098028,0.0694251596778673,-0.663224823979846,-23.0657697053529,-2.75680188216302,99.805609552902,44.7151898734177,0,0,0,75,coarse
75,0.5,0.138850319355735,0.138850319355735,0.0416550958067204,-2.34889281044585,-23.0657697053529,-5.27932599125877,99.8611496806443,44.7129294755877,0.00891702706317714,0,0,75.5,coarse
75,1,0.0555401277422938,0.0555401277422938,0.0138850319355735,-2.34889281044585,-23.2350118911943,-7.37168975895633,99.9444598722577,44.6903254972875,0.0378956754346857,0,1,76,coarse
75,2,0,0,0,-7.42314491297913,-23.6631533025972,-10.5421634211949,100,44.5976491862568,0.11754068716094,1,1,77,coarse
75,3,0,0,0,-9.57285275386013,-24.0145451457066,-10.5902175084819,100,44.4484629294756,0.266726943942134,1,1,78,coarse
75,5,0,0,0,-12.5865918967383,-24.7856795813474,-14.2370579720367,100,44.0551537070524,0.66003616636528,1,1,80,coarse
75,10,0,0,0,-12.5865918967383,-27.7114310931206,-14.4527119911076,100,42.3508137432188,2.48116278032904,1,1,85,coarse
75,15,0,0,0,-18.1418444002481,-29.2504301893237,-19.5237718501314,100,39.3105786618445,5.68014623924384,1,1,90,coarse
75,20,0,0,0,-18.1662547567619,-31.531843938408,-19.650017767035,100,35.8951175406872,9.13326496945918,1,1,95,coarse
75,25,0,0,0,-18.1662547567619,-34.0112530736454,-19.650017767035,100,32.8481012658228,12.4704543464939,1,1,100,coarse
75,30,0,0,0,-18.1662547567619,-35.9553164379819,-19.6631649951546,100,29.624773960217,15.5410137442003,1,1,105,coarse
75,35,0,0,0,-18.1662547567619,-37.6927320704624,-20.9807927168332,100,26.4602169981917,18.5176103432902,1,1,110,coarse
75,40,0,0,0,-18.1665757807491,-39.5275848580118,-20.9822614308584,100,22.2626582278481,22.4525316455696,1,1,115,coarse
75,45,0,0,0,-18.169795482706,-44.7191062353592,-20.9841856193437,100,16.5438517179023,28.1713381555154,1,1,120,coarse
75,50,0,0,0,-18.169795482706,-49.6626431383029,-20.9841856193437,100,13.2820976491863,31.4330922242315,1,1,125,coarse
75,55,0,0,0,-18.169795482706,-49.6708593639291,-20.9841856193437,100,10.6419529837251,34.0732368896926,1,1,130,coarse
75,60,0,0,0,-18.169795482706,-49.6786529198147,-20.9842883350171,100,8.10075791350869,36.7766726943942,1,1,135,coarse
75,65,0,0,0,-18.169795482706,-49.6792341187623,-20.9842883350171,100,5.61747659384753,39.3874321880651,1,1,140,coarse
75,70,0,0,0,-18.169795482706,-49.6792341187623,-20.9842958611728,100,3.05840392331699,42.0614828209765,1,1,145,coarse
75,75,0,0,0,-18.169795482706,-50.0632660329505,-20.9843075388592,100,0,44.7151898734177,1,1,150,coarse
80,0,0.194390447098028,0.194390447098028,0.0694251596778673,-0.663224823979846,-23.0657697053529,-2.75680188216302,99.805609552902,47.7147377938517,0,0,0,80,coarse
80,0.5,0.138850319355735,0.138850319355735,0.0416550958067204,-2.34889281044585,-23.0657697053529,-5.27932599125877,99.8611496806443,47.7124773960217,0.00891702706317714,0,0,80.5,coarse
80,1,0.0555401277422938,0.0555401277422938,0.0138850319355735,-2.34889281044585,-23.2350118911943,-7.37168975895633,99.9444598722577,47.6898734177215,0.0378956754346857,0,1,81,coarse
80,2,0,0,0,-7.42314491297913,-23.6631533025972,-10.5421634211949,100,47.5971971066908,0.11754068716094,1,1,82,coarse
80,3,0,0,0,-9.57285275386013,-24.0145451457066,-10.5902175084819,100,47.4480108499096,0.266726943942134,1,1,83,coarse
80,5,0,0,0,-12.5865918967383,-24.7856795813474,-14.2370579720367,100,47.0547016274864,0.66003616636528,1,1,85,coarse
80,10,0,0,0,-12.5865918967383,-27.7114310931206,-14.4527119911076,100,45.4547481052162,2.48116278032904,1,1,90,coarse
80,15,0,0,0,-18.1418444002481,-29.2504301893237,-19.5237718501314,100,42.5078020508248,5.68014623924384,1,1,95,coarse
80,20,0,0,0,-18.1662547567619,-31.531843938408,-19.650017767035,100,38.8946654611212,9.13326496945918,1,1,100,coarse
80,25,0,0,0,-18.1662547567619,-34.0112530736454,-19.650017767035,100,35.8476491862568,12.4704543464939,1,1,105,coarse
80,30,0,0,0,-18.1662547567619,-35.9553164379819,-19.6631649951546,100,32.624321880651,15.5410137442003,1,1,110,coarse
80,35,0,0,0,-18.1662547567619,-37.6927320704624,-20.9807927168332,100,29.4597649186257,18.5176103432902,1,1,115,coarse
80,40,0,0,0,-18.1665757807491,-39.5275848580118,-20.9822614308584,100,25.2622061482821,22.4525316455696,1,1,120,coarse
80,45,0,0,0,-18.169795482706,-44.7456773428418,-20.9841856193437,100,19.9598751671868,28.1713381555154,1,1,125,coarse
80,50,0,0,0,-18.169795482706,-50.5000300831528,-20.9841856193437,100,16.6785555060187,31.4330922242315,1,1,130,coarse
80,55,0,0,0,-18.169795482706,-50.5000300831528,-20.9841856193437,100,13.8564422648239,34.0732368896926,1,1,135,coarse
80,60,0,0,0,-18.169795482706,-50.5000300831528,-20.9842883350171,100,11.5247436469015,36.7766726943942,1,1,140,coarse
80,65,0,0,0,-18.169795482706,-50.5060613872406,-20.9842883350171,100,9.0414623272403,39.3874321880651,1,1,145,coarse
80,70,0,0,0,-18.169795482706,-50.5085035982262,-20.9842958611728,100,6.48238965670976,42.0614828209765,1,1,150,coarse
80,75,0,0,0,-18.169795482706,-50.5121527785656,-20.9843075388592,100,3.42398573339278,44.7151898734177,1,1,155,coarse
80,80,0,0,0,-18.169799718199,-50.6454416656479,-20.9843075388592,100,0,47.7147377938517,1,1,160,coarse
85,0,0.194390447098028,0.194390447098028,0.0694251596778673,-0.663224823979846,-23.0657697053529,-2.75680188216302,99.805609552902,50.628390596745,0,0,0,85,coarse
85,0.5,0.138850319355735,0.138850319355735,0.0416550958067204,-2.34889281044585,-23.0657697053529,-5.27932599125877,99.8611496806443,50.626130198915,0.00891702706317714,0,0,85.5,coarse
85,1,0.0555401277422938,0.0555401277422938,0.0138850319355735,-2.34889281044585,-23.2350118911943,-7.37168975895633,99.9444598722577,50.6035262206148,0.0378956754346857,0,1,86,coarse
85,2,0,0,0,-7.42314491297913,-23.6631533025972,-10.5421634211949,100,50.5108499095841,0.11754068716094,1,1,87,coarse
85,3,0,0,0,-9.57285275386013,-24.0145451457066,-10.5902175084819,100,50.3616636528029,0.266726943942134,1,1,88,coarse
85,5,0,0,0,-12.5865918967383,-24.7856795813474,-14.2370579720367,100,49.9683544303797,0.66003616636528,1,1,90,coarse
85,10,0,0,0,-12.5865918967383,-27.7176538752842,-14.4527119911076,100,48.3437360677664,2.48116278032904,1,1,95,coarse
85,15,0,0,0,-18.1418444002481,-29.275061507749,-19.5237718501314,100,45.3967900133749,5.68014623924384,1,1,100,coarse
85,20,0,0,0,-18.1662547567619,-31.5608082132946,-19.650017767035,100,41.8083182640145,9.13326496945918,1,1,105,coarse
85,25,0,0,0,-18.1662547567619,-34.0540673039908,-19.650017767035,100,38.7613019891501,12.4704543464939,1,1,110,coarse
85,30,0,0,0,-18.1662547567619,-36.0324096506391,-19.6631649951546,100,35.5379746835443,15.5410137442003,1,1,115,coarse
85,35,0,0,0,-18.1662547567619,-37.76473980831,-20.9807927168332,100,32.373417721519,18.5176103432902,1,1,120,coarse
85,40,0,0,0,-18.1665757807491,-39.9263882761741,-20.9822614308584,100,28.1758589511754,22.4525316455696,1,1,125,coarse
85,45,0,0,0,-18.169795482706,-45.0153978199585,-20.9841856193437,100,22.848863129737,28.1713381555154,1,1,130,coarse
85,50,0,0,0,-18.169795482706,-51.1311136117537,-20.9841856193437,100,19.5675434685689,31.4330922242315,1,1,135,coarse
85,55,0,0,0,-18.169795482706,-51.1413934544277,-20.9841856193437,100,16.7454302273741,34.0732368896926,1,1,140,coarse
85,60,0,0,0,-18.169795482706,-51.1866858134349,-20.9842883350171,100,14.4137316094516,36.7766726943942,1,1,145,coarse
85,65,0,0,0,-18.169795482706,-51.2037010832081,-20.9842883350171,100,11.9304502897905,39.3874321880651,1,1,150,coarse
85,70,0,0,0,-18.169795482706,-51.2037010832081,-20.9842958611728,100,9.37137761925992,42.0614828209765,1,1,155,coarse
85,75,0,0,0,-18.169795482706,-51.2091511707876,-20.9843075388592,100,6.31297369594293,44.7151898734177,1,1,160,coarse
85,80,0,0,0,-18.169799718199,-51.4214095081094,-20.9843075388592,100,2.91365280289331,47.7147377938517,1,1,165,coarse
85,85,0,0,0,-18.169806270483,-51.7528069628886,-20.9843075388592,100,0,50.628390596745,1,1,170,coarse
90,0,0.194390447098028,0.194390447098028,0.0694251596778673,-0.663224823979846,-23.1341395840262,-2.75680188216302,99.805609552902,53.2798372513562,0,0,0,90,coarse
90,0.5,0.138850319355735,0.138850319355735,0.0416550958067204,-2.34889281044585,-23.1341395840262,-5.27932599125877,99.8611496806443,53.2775768535262,0.00891702706317714,0,0,90.5,coarse
90,1,0.0555401277422938,0.0555401277422938,0.0138850319355735,-2.34889281044585,-23.250004742082,-7.37168975895633,99.9444598722577,53.254972875226,0.0378956754346857,0,1,91,coarse
90,2,0,0,0,-7.42314491297913,-23.7025541567865,-10.5421634211949,100,53.1622965641953,0.11754068716094,1,1,92,coarse
90,3,0,0,0,-9.57285275386013,-24.0967433996335,-10.5902175084819,100,53.0131103074141,0.266726943942134,1,1,93,coarse
90,5,0,0,0,-12.5865918967383,-24.8849719796134,-14.2370579720367,100,52.619801084991,0.66003616636528,1,1,95,coarse
90,10,0,0,0,-12.5865918967383,-27.7543083613471,-14.5447096437577,100,50.9154611211573,2.48116278032904,1,1,100,coarse
90,15,0,0,0,-18.1418444002481,-29.3262492715194,-19.5237718501314,100,47.8823004904146,5.68014623924384,1,1,105,coarse
90,20,0,0,0,-18.1662547567619,-31.620291707574,-19.650017767035,100,44.4597649186257,9.13326496945918,1,1,110,coarse
90,25,0,0,0,-18.1662547567619,-34.2738541836664,-19.650017767035,100,41.4127486437613,12.4704543464939,1,1,115,coarse
90,30,0,0,0,-18.1662547567619,-36.1991333416254,-19.6631649951546,100,38.1894213381555,15.5410137442003,1,1,120,coarse
90,35,0,0,0,-18.1662547567619,-37.9277099068048,-22.0296424587694,100,35.0248643761302,18.5176103432902,1,1,125,coarse
90,40,0,0,0,-18.1665757807491,-40.3134437063313,-22.0316757996981,100,30.8273056057866,22.4525316455696,1,1,130,coarse
90,45,0,0,0,-18.169795482706,-45.5568024342826,-22.0316757996981,100,25.3343736067766,28.1713381555154,1,1,135,coarse
90,50,0,0,0,-18.169795482706,-52.8165163856318,-22.032844365336,100,22.0530539456086,31.4330922242315,1,1,140,coarse
90,55,0,0,0,-18.169795482706,-52.8165163856318,-22.0328471166748,100,19.2309407044137,34.0732368896926,1,1,145,coarse
90,60,0,0,0,-18.169795482706,-52.8165163856318,-22.0328471166748,100,16.8992420864913,36.7766726943942,1,1,150,coarse
90,65,0,0,0,-18.169795482706,-52.8165163856318,-22.0329494891036,100,14.4159607668301,39.3874321880651,1,1,155,coarse
90,70,0,0,0,-18.169795482706,-52.8989328931269,-22.0329494891036,100,11.8568880962996,42.0614828209765,1,1,160,coarse
90,75,0,0,0,-18.169795482706,-52.9052583578583,-22.032958633473,100,8.79848417298261,44.7151898734177,1,1,165,coarse
90,80,0,0,0,-18.169799718199,-53.1696602480613,-22.032976543723,100,5.56509945750452,47.7147377938517,1,1,170,coarse
90,85,0,0,0,-18.169806270483,-53.4597931829196,-22.032976543723,100,2.66842034865576,50.628390596745,1,1,175,coarse
90,90,0,0,0,-18.1698178133078,-54.1879591718837,-22.032976543723,100,0,53.2798372513562,1,1,180,coarse
95,0,0.194390447098028,0.194390447098028,0.0694251596778673,-0.663224823979846,-23.1341395840262,-2.75680188216302,99.805609552902,55.5696202531646,0,0,0,95,coarse
95,0.5,0.138850319355735,0.138850319355735,0.0416550958067204,-2.34889281044585,-23.1341395840262,-5.27932599125877,99.8611496806443,55.5673598553345,0.00891702706317714,0,0,95.5,coarse
95,1,0.0555401277422938,0.0555401277422938,0.0138850319355735,-2.34889281044585,-23.250004742082,-7.37168975895633,99.9444598722577,55.5447558770344,0.0378956754346857,0,1,96,coarse
95,2,0,0,0,-7.42314491297913,-23.7025541567865,-10.5421634211949,100,55.4520795660036,0.11754068716094,1,1,97,coarse
95,3,0,0,0,-9.57285275386013,-24.0967433996335,-10.5902175084819,100,55.3028933092224,0.266726943942134,1,1,98,coarse
95,5,0,0,0,-12.5865918967383,-24.8960568456985,-14.2370579720367,100,54.9095840867993,0.66003616636528,1,1,100,coarse
95,10,0,0,0,-12.5865918967383,-27.7913289864987,-14.5447096437577,100,53.2523406152474,2.48116278032904,1,1,105,coarse
95,15,0,0,0,-18.1418444002481,-29.3929811317874,-19.5237718501314,100,50.305394560856,5.68014623924384,1,1,110,coarse
95,20,0,0,0,-18.1662547567619,-31.6701162412905,-19.650017767035,100,46.749547920434,9.13326496945918,1,1,115,coarse
95,25,0,0,0,-18.1662547567619,-34.4795929135748,-19.650017767035,100,43.7025316455696,12.4704543464939,1,1,120,coarse
95,30,0,0,0,-18.1662547567619,-36.3001825149241,-19.6631649951546,100,40.4792043399638,15.5410137442003,1,1,125,coarse
95,35,0,0,0,-18.1662547567619,-38.3467945179614,-22.3649673564896,100,37.3146473779385,18.5176103432902,1,1,130,coarse
95,40,0,0,0,-18.1665757807491,-40.8817666633963,-22.3670006974182,100,33.1170886075949,22.4525316455696,1,1,135,coarse
95,45,0,0,0,-18.169795482706,-46.0757094147341,-22.3670006974182,100,27.757467677218,28.1713381555154,1,1,140,coarse
95,50,0,0,0,-18.169795482706,-53.6652795155015,-22.3682459737245,100,24.4761480160499,31.4330922242315,1,1,145,coarse
95,55,0,0,0,-18.169795482706,-53.70470001713,-22.3682459737245,100,21.6540347748551,34.0732368896926,1,1,150,coarse
95,60,0,0,0,-18.169795482706,-53.7117731244537,-22.3682459737245,100,19.3223361569327,36.7766726943942,1,1,155,coarse
95,65,0,0,0,-18.169795482706,-53.745080631806,-22.3683754862448,100,16.8390548372715,39.3874321880651,1,1,160,coarse
95,70,0,0,0,-18.169795482706,-53.9926752244156,-22.3683754862448,100,14.279982166741,42.0614828209765,1,1,165,coarse
95,75,0,0,0,-18.169795482706,-54.074633192473,-22.3683874482518,100,11.221578243424,44.7151898734177,1,1,170,coarse
95,80,0,0,0,-18.169799718199,-54.1804379291097,-22.3683874482518,100,7.9183200321013,47.7147377938517,1,1,175,coarse
95,85,0,0,0,-18.169806270483,-54.4392394228348,-22.3683874482518,100,5.18970975076909,50.628390596745,1,1,180,coarse
95,90,0,0,0,-18.1698178133078,-55.0875250605337,-22.3683874482518,100,2.52128940211334,53.2798372513562,1,1,185,coarse
95,95,0,0,0,-18.1698178133078,-55.801692628872,-22.3683874482518,100,0,55.5696202531646,1,1,190,coarse
100,0,0.194390447098028,0.194390447098028,0.0694251596778673,-0.663224823979846,-23.1996749034224,-2.75680188216302,99.805609552902,58.0108499095841,0,0,0,100,coarse
100,0.5,0.138850319355735,0.138850319355735,0.0416550958067204,-2.34889281044585,-23.1996749034224,-5.27932599125877,99.8611496806443,58.0085895117541,0.00891702706317714,0,0,100.5,coarse
100,1,0.0555401277422938,0.0555401277422938,0.0138850319355735,-2.34889281044585,-23.2904962635454,-7.37168975895633,99.9444598722577,57.9859855334539,0.0378956754346857,0,1,101,coarse
100,2,0,0,0,-7.42314491297913,-23.7517406146066,-10.5421634211949,100,57.8933092224231,0.11754068716094,1,1,102,coarse
100,3,0,0,0,-9.57285275386013,-24.1828825843951,-10.5902175084819,100,57.7441229656419,0.266726943942134,1,1,103,coarse
100,5,0,0,0,-12.5865918967383,-24.9688678070628,-14.2370579720367,100,57.3508137432188,0.66003616636528,1,1,105,coarse
100,10,0,0,0,-12.5865918967383,-27.9429583346971,-14.5447096437577,100,55.6464737793852,2.48116278032904,1,1,110,coarse
100,15,0,0,0,-18.1479371605677,-29.6400625565366,-19.5237718501314,100,52.6062386980108,5.68014623924384,1,1,115,coarse
100,20,0,0,0,-18.1723818832714,-31.8364597288472,-19.650017767035,100,49.1907775768535,9.13326496945918,1,1,120,coarse
100,25,0,0,0,-18.1723818832714,-34.6851718051482,-19.650017767035,100,46.1437613019892,12.4704543464939,1,1,125,coarse
100,30,0,0,0,-18.1723818832714,-36.3670069957843,-19.6631649951546,100,42.9204339963834,15.5410137442003,1,1,130,coarse
100,35,0,0,0,-18.1723818832714,-38.3685111885076,-22.3649673564896,100,39.7558770343581,18.5176103432902,1,1,135,coarse
100,40,0,0,0,-18.1727033605031,-40.9160505380131,-22.3670006974182,100,35.5583182640145,22.4525316455696,1,1,140,coarse
100,45,0,0,0,-18.1759276101198,-46.2233827091271,-22.3670006974182,100,30.0334373606777,28.1713381555154,1,1,145,coarse
100,50,0,0,0,-18.1759276101198,-54.2375004258181,-22.3682459737245,100,26.7521176995096,31.4330922242315,1,1,150,coarse
100,55,0,0,0,-18.1759276101198,-54.2540348629949,-22.3682459737245,100,24.0157831379018,34.0732368896926,1,1,155,coarse
100,60,0,0,0,-18.1759276101198,-54.2851636737554,-22.3682459737245,100,21.5983058403923,36.7766726943942,1,1,160,coarse
100,65,0,0,0,-18.1759276101198,-54.2873896318886,-22.3683754862448,100,19.3967631191761,39.3874321880651,1,1,165,coarse
100,70,0,0,0,-18.1759276101198,-54.3763012323333,-22.3683754862448,100,16.9601854741629,42.0614828209765,1,1,170,coarse
100,75,0,0,0,-18.1759276101198,-54.6106071695789,-22.3683874482518,100,13.946230326809,44.7151898734177,1,1,175,coarse
100,80,0,0,0,-18.1759318515975,-54.7590092519933,-22.3683874482518,100,10.7138080164073,47.7147377938517,1,1,180,coarse
100,85,0,0,0,-18.1759384131397,-55.2816873562945,-22.3683874482518,100,7.98519773507513,50.628390596745,1,1,185,coarse
100,90,0,0,0,-18.1759499722742,-55.6321245559766,-22.3683874482518,100,5.31677738641937,53.2798372513562,1,1,190,coarse
100,95,0,0,0,-18.1759499722742,-55.9954210070158,-22.3683874482518,100,2.79548798430603,55.5696202531646,1,1,195,coarse
100,100,0,0,0,-18.1767274884605,-56.1794625459856,-22.3683874482518,100,0,58.0108499095841,1,1,200,coarse
105,0,0.194390447098028,0.194390447098028,0.0694251596778673,-0.663224823979846,-23.1996749034224,-2.75680188216302,99.805609552902,60.7662748643761,0,0,0,105,coarse
105,0.5,0.138850319355735,0.138850319355735,0.0416550958067204,-2.34889281044585,-23.1996749034224,-5.27932599125877,99.8611496806443,60.7640144665461,0.00891702706317714,0,0,105.5,coarse
105,1,0.0555401277422938,0.0555401277422938,0.0138850319355735,-2.34889281044585,-23.2904962635454,-7.37168975895633,99.9444598722577,60.7414104882459,0.0378956754346857,0,1,106,coarse
105,2,0,0,0,-7.42314491297913,-23.7517406146066,-10.5421634211949,100,60.6487341772152,0.11754068716094,1,1,107,coarse
105,3,0,0,0,-9.57285275386013,-24.1897451606581,-10.5902175084819,100,60.499547920434,0.266726943942134,1,1,108,coarse
105,5,0,0,0,-12.5865918967383,-24.9898880636182,-14.2370579720367,100,60.1062386980108,0.66003616636528,1,1,110,coarse
105,10,0,0,0,-12.5865918967383,-27.9796341698511,-15.0927010648721,100,58.4018987341772,2.48116278032904,1,1,115,coarse
105,15,0,0,0,-18.1479371605677,-29.7731422300712,-19.5237718501314,100,55.3616636528029,5.68014623924384,1,1,120,coarse
105,20,0,0,0,-18.1723818832714,-31.9506668900368,-19.650017767035,100,51.9462025316456,9.13326496945918,1,1,125,coarse
105,25,0,0,0,-18.1723818832714,-34.7345760737686,-19.650017767035,100,48.8991862567812,12.4704543464939,1,1,130,coarse
105,30,0,0,0,-18.1723818832714,-36.4874972875824,-19.6631649951546,100,45.6758589511754,15.5410137442003,1,1,135,coarse
105,35,0,0,0,-18.1723818832714,-38.5840633847158,-26.6148952262915,100,42.5113019891501,18.5176103432902,1,1,140,coarse
105,40,0,0,0,-18.1727033605031,-41.0114419867013,-28.6067262012997,100,38.3137432188065,22.4525316455696,1,1,145,coarse
105,45,0,0,0,-18.1759276101198,-46.3728101025686,-28.7930451598602,100,32.5949367088608,28.1713381555154,1,1,150,coarse
105,50,0,0,0,-18.1759276101198,-54.2375004258181,-28.7931212682351,100,29.5086718088189,31.4330922242315,1,1,155,coarse
105,55,0,0,0,-18.1759276101198,-54.2540348629949,-28.7931212682351,100,26.7867492977841,34.0732368896926,1,1,160,coarse
105,60,0,0,0,-18.1759276101198,-54.2851636737554,-28.793140380504,100,24.3434838824736,36.7766726943942,1,1,165,coarse
105,65,0,0,0,-18.1759276101198,-54.2873896318886,-28.7932795282626,100,22.1677292790584,39.3874321880651,1,1,170,coarse
105,70,0,0,0,-18.1759276101198,-54.3763012323333,-28.7932795282626,100,19.7311516340452,42.0614828209765,1,1,175,coarse
105,75,0,0,0,-18.1759276101198,-54.6106071695789,-28.7932795282626,100,16.7171964866913,44.7151898734177,1,1,180,coarse
105,80,0,0,0,-18.1759318515975,-54.7590092519933,-28.7932795282626,100,13.4847741762896,47.7147377938517,1,1,185,coarse
105,85,0,0,0,-18.1759384131397,-55.2816873562945,-28.7932795282626,100,10.7561638949574,50.628390596745,1,1,190,coarse
105,90,0,0,0,-18.1759499722742,-55.7071217731712,-28.7932795282626,100,8.08774354630166,53.2798372513562,1,1,195,coarse
105,95,0,0,0,-18.1759499722742,-56.0477400758075,-28.7932795282626,100,5.56645414418833,55.5696202531646,1,1,200,coarse
105,100,0,0,0,-18.1767274884605,-56.3093810605038,-28.7933001620761,100,2.7709661598823,58.0108499095841,1,1,205,coarse
105,105,0,0,0,-18.1767288845465,-56.7432991273821,-28.7933126659854,100,0,60.7662748643761,1,1,210,coarse
110,0,0.194390447098028,0.194390447098028,0.0694251596778673,-0.663224823979846,-23.1996749034224,-2.75680188216302,99.805609552902,63.4629294755877,0,0,0,110,coarse
110,0.5,0.138850319355735,0.138850319355735,0.0416550958067204,-2.34889281044585,-23.1996749034224,-5.27932599125877,99.8611496806443,63.4606690777577,0.00891702706317714,0,0,110.5,coarse
110,1,0.0555401277422938,0.0555401277422938,0.0138850319355735,-2.34889281044585,-23.2904962635454,-7.37168975895633,99.9444598722577,63.4380650994575,0.0378956754346857,0,1,111,coarse
110,2,0,0,0,-7.42314491297913,-23.7517406146066,-10.5421634211949,100,63.3453887884268,0.11754068716094,1,1,112,coarse
110,3,0,0,0,-9.57285275386013,-24.1897451606581,-10.5902175084819,100,63.1962025316456,0.266726943942134,1,1,113,coarse
110,5,0,0,0,-12.5865918967383,-25.0098424616522,-14.2370579720367,100,62.8028933092224,0.66003616636528,1,1,115,coarse
110,10,0,0,0,-12.5865918967383,-28.0089144973471,-15.0927010648721,100,61.0985533453888,2.48116278032904,1,1,120,coarse
110,15,0,0,0,-18.1479371605677,-29.810364469832,-19.5237718501314,100,58.0583182640145,5.68014623924384,1,1,125,coarse
110,20,0,0,0,-18.1723818832714,-32.045276664331,-19.650017767035,100,54.6428571428571,9.13326496945918,1,1,130,coarse
110,25,0,0,0,-18.1723818832714,-34.7345760737686,-19.650017767035,100,51.5958408679928,12.4704543464939,1,1,135,coarse
110,30,0,0,0,-18.1723818832714,-36.5024481988839,-19.6631649951546,100,48.372513562387,15.5410137442003,1,1,140,coarse
110,35,0,0,0,-18.1723818832714,-38.7017237857664,-26.6148952262915,100,45.2079566003617,18.5176103432902,1,1,145,coarse
110,40,0,0,0,-18.1727033605031,-41.0903628433487,-28.6583884918927,100,41.0103978300181,22.4525316455696,1,1,150,coarse
110,45,0,0,0,-18.1759276101198,-46.5480043422448,-29.3169247178747,100,35.2915913200723,28.1713381555154,1,1,155,coarse
110,50,0,0,0,-18.1759276101198,-54.2958874141394,-29.3347436051756,100,32.1681751304115,31.4330922242315,1,1,160,coarse
110,55,0,0,0,-18.1759276101198,-54.2989681487299,-29.3347436051756,100,29.4462526193767,34.0732368896926,1,1,165,coarse
110,60,0,0,0,-18.1759276101198,-54.3542602309398,-29.3347436051756,100,27.0029872040662,36.7766726943942,1,1,170,coarse
110,65,0,0,0,-18.1759276101198,-54.388924730199,-29.3348885326914,100,24.8272326006509,39.3874321880651,1,1,175,coarse
110,70,0,0,0,-18.1759276101198,-54.5764665692329,-29.3348885326914,100,22.3906549556378,42.0614828209765,1,1,180,coarse
110,75,0,0,0,-18.1759276101198,-54.7590092519933,-29.3348885326914,100,19.3766998082839,44.7151898734177,1,1,185,coarse
110,80,0,0,0,-18.1759318515975,-54.8453871379249,-29.3348885326914,100,16.1442774978822,47.7147377938517,1,1,190,coarse
110,85,0,0,0,-18.1759384131397,-55.3839654685927,-29.334892945146,100,13.41566721655,50.628390596745,1,1,195,coarse
110,90,0,0,0,-18.1759499722742,-55.8272999304281,-29.334892945146,100,10.7472468678942,53.2798372513562,1,1,200,coarse
110,95,0,0,0,-18.1759499722742,-56.1100858956491,-29.334996040514,100,8.22595746578091,55.5696202531646,1,1,205,coarse
110,100,0,0,0,-18.1767274884605,-56.6799926569585,-29.3350089581112,100,5.45207956600362,58.0108499095841,1,1,210,coarse
110,105,0,0,0,-18.1767288845465,-56.915890301363,-29.3350089581112,100,2.69665461121157,60.7662748643761,1,1,215,coarse
110,110,0,0,0,-18.1767288845465,-57.1779230322053,-29.3350089581112,100,0,63.4629294755877,1,1,220,coarse
115,0,0.194390447098028,0.194390447098028,0.0694251596778673,-0.663224823979846,-23.1996749034224,-2.75680188216302,99.805609552902,66.1754068716094,0,0,0,115,coarse
115,0.5,0.138850319355735,0.138850319355735,0.0416550958067204,-2.34889281044585,-23.1996749034224,-5.27932599125877,99.8611496806443,66.1731464737794,0.00891702706317714,0,0,115.5,coarse
115,1,0.0555401277422938,0.0555401277422938,0.0138850319355735,-2.34889281044585,-23.2904962635454,-7.37168975895633,99.9444598722577,66.1505424954792,0.0378956754346857,0,1,116,coarse
115,2,0,0,0,-7.42314491297913,-23.7517406146066,-10.5421634211949,100,66.0578661844485,0.11754068716094,1,1,117,coarse
115,3,0,0,0,-9.57285275386013,-24.1897451606581,-10.5902175084819,100,65.9086799276673,0.266726943942134,1,1,118,coarse
115,5,0,0,0,-12.5865918967383,-25.0098424616522,-14.2370579720367,100,65.5153707052441,0.66003616636528,1,1,120,coarse
115,10,0,0,0,-12.5865918967383,-28.0089144973471,-15.0927010648721,100,63.8110307414105,2.48116278032904,1,1,125,coarse
115,15,0,0,0,-18.1479371605677,-29.810364469832,-19.5237718501314,100,60.7707956600362,5.68014623924384,1,1,130,coarse
115,20,0,0,0,-18.1723818832714,-32.045276664331,-19.650017767035,100,57.3553345388788,9.13326496945918,1,1,135,coarse
115,25,0,0,0,-18.1723818832714,-34.7345760737686,-19.650017767035,100,54.3083182640145,12.4704543464939,1,1,140,coarse
115,30,0,0,0,-18.1723818832714,-36.5024481988839,-19.6631649951546,100,51.0849909584087,15.5410137442003,1,1,145,coarse
115,35,0,0,0,-18.1723818832714,-38.7017237857664,-26.6148952262915,100,47.9204339963834,18.5176103432902,1,1,150,coarse
115,40,0,0,0,-18.1727033605031,-41.0903628433487,-28.6583884918927,100,43.7228752260398,22.4525316455696,1,1,155,coarse
115,45,0,0,0,-18.1759276101198,-46.5973694716301,-29.3169247178747,100,38.004068716094,28.1713381555154,1,1,160,coarse
115,50,0,0,0,-18.1759276101198,-54.4336394451445,-29.3347436051756,100,35.0082482500334,31.4330922242315,1,1,165,coarse
115,55,0,0,0,-18.1759276101198,-54.4564282031329,-29.3347436051756,100,32.2863257389986,34.0732368896926,1,1,170,coarse
115,60,0,0,0,-18.1759276101198,-54.4564282031329,-29.3347436051756,100,29.8430603236881,36.7766726943942,1,1,175,coarse
115,65,0,0,0,-18.1759276101198,-54.5787072179912,-29.3348885326914,100,27.6673057202729,39.3874321880651,1,1,180,coarse
115,70,0,0,0,-18.1759276101198,-54.7106447831962,-29.3348885326914,100,25.2307280752597,42.0614828209765,1,1,185,coarse
115,75,0,0,0,-18.1759276101198,-54.8340396083209,-29.3348885326914,100,22.2167729279058,44.7151898734177,1,1,190,coarse
115,80,0,0,0,-18.1759318515975,-54.9649637811731,-29.3348885326914,100,18.9843506175041,47.7147377938517,1,1,195,coarse
115,85,0,0,0,-18.1759384131397,-55.4769104937188,-29.334892945146,100,16.2557403361719,50.628390596745,1,1,200,coarse
115,90,0,0,0,-18.1759499722742,-56.0823522307536,-29.334892945146,100,13.5873199875162,53.2798372513562,1,1,205,coarse
115,95,0,0,0,-18.1759499722742,-56.6799926569585,-29.334996040514,100,11.0660305854028,55.5696202531646,1,1,210,coarse
115,100,0,0,0,-18.1767274884605,-56.91130022798,-29.3350089581112,100,8.27054260109679,58.0108499095841,1,1,215,coarse
115,105,0,0,0,-18.1767288845465,-57.2434471683728,-29.3350089581112,100,5.4995764412145,60.7662748643761,1,1,220,coarse
115,110,0,0,0,-18.1767288845465,-57.5564354637897,-29.3350089581112,100,2.84007311962192,63.4629294755877,1,1,225,coarse
115,115,0,0,0,-18.1767288845465,-57.9336339231378,-29.335112871053,100,0,66.1754068716094,1,1,230,coarse
120,0,0.194390447098028,0.194390447098028,0.0694251596778673,-0.663224823979846,-23.1996749034224,-2.75680188216302,99.805609552902,69.0641952983725,0,0,0,120,coarse
120,0.5,0.138850319355735,0.138850319355735,0.0416550958067204,-2.34889281044585,-23.1996749034224,-5.27932599125877,99.8611496806443,69.0619349005425,0.00891702706317714,0,0,120.5,coarse
120,1,0.0555401277422938,0.0555401277422938,0.0138850319355735,-2.34889281044585,-23.2904962635454,-7.37168975895633,99.9444598722577,69.0393309222423,0.0378956754346857,0,1,121,coarse
120,2,0,0,0,-7.42314491297913,-23.7517406146066,-10.5421634211949,100,68.9466546112116,0.11754068716094,1,1,122,coarse
120,3,0,0,0,-9.57285275386013,-24.1897451606581,-10.5902175084819,100,68.7974683544304,0.266726943942134,1,1,123,coarse
120,5,0,0,0,-12.5865918967383,-25.0098424616522,-14.2370579720367,100,68.4041591320072,0.66003616636528,1,1,125,coarse
120,10,0,0,0,-12.5865918967383,-28.0089144973471,-15.0927010648721,100,66.6998191681736,2.48116278032904,1,1,130,coarse
120,15,0,0,0,-18.1479371605677,-29.810364469832,-19.5237718501314,100,63.6595840867993,5.68014623924384,1,1,135,coarse
120,20,0,0,0,-18.1723818832714,-32.045276664331,-19.650017767035,100,60.2441229656419,9.13326496945918,1,1,140,coarse
120,25,0,0,0,-18.1723818832714,-34.7345760737686,-19.650017767035,100,57.1971066907776,12.4704543464939,1,1,145,coarse
120,30,0,0,0,-18.1723818832714,-36.5024481988839,-19.6631649951546,100,53.9737793851718,15.5410137442003,1,1,150,coarse
120,35,0,0,0,-18.1723818832714,-38.7017237857664,-26.6148952262915,100,50.8092224231465,18.5176103432902,1,1,155,coarse
120,40,0,0,0,-18.1727033605031,-41.0903628433487,-28.6583884918927,100,46.6116636528029,22.4525316455696,1,1,160,coarse
120,45,0,0,0,-18.1759276101198,-46.6265533533431,-29.3169247178747,100,40.8928571428571,28.1713381555154,1,1,165,coarse
120,50,0,0,0,-18.1759276101198,-54.5702757270237,-29.3347436051756,100,37.6632930580944,31.4330922242315,1,1,170,coarse
120,55,0,0,0,-18.1759276101198,-54.6596485023783,-29.3347436051756,100,34.9909584086799,34.0732368896926,1,1,175,coarse
120,60,0,0,0,-18.1759276101198,-54.6701228576421,-29.3347436051756,100,32.4981051317491,36.7766726943942,1,1,180,coarse
120,65,0,0,0,-18.1759276101198,-54.8119624517667,-29.3348885326914,100,30.3223505283339,39.3874321880651,1,1,185,coarse
120,70,0,0,0,-18.1759276101198,-54.8277968055522,-29.3348885326914,100,27.8857728833207,42.0614828209765,1,1,190,coarse
120,75,0,0,0,-18.1759276101198,-55.0058852088331,-29.3348885326914,100,24.8718177359668,44.7151898734177,1,1,195,coarse
120,80,0,0,0,-18.1759318515975,-55.2839211918212,-29.3348885326914,100,21.6393954255651,47.7147377938517,1,1,200,coarse
120,85,0,0,0,-18.1759384131397,-55.7982267761264,-29.334892945146,100,18.9107851442329,50.628390596745,1,1,205,coarse
120,90,0,0,0,-18.1759499722742,-56.3351389160522,-29.334892945146,100,16.2423647955772,53.2798372513562,1,1,210,coarse
120,95,0,0,0,-18.1759499722742,-56.8230839645954,-29.334996040514,100,13.7210753934638,55.5696202531646,1,1,215,coarse
120,100,0,0,0,-18.1767274884605,-57.1147564010023,-29.3350089581112,100,11.0533453887884,58.0108499095841,1,1,220,coarse
120,105,0,0,0,-18.1767288845465,-57.3339808461451,-29.3350089581112,100,8.29792043399638,60.7662748643761,1,1,225,coarse
120,110,0,0,0,-18.1767288845465,-57.7168250973841,-29.3350089581112,100,5.62639322336157,63.4629294755877,1,1,230,coarse
120,115,0,0,0,-18.1767288845465,-57.9643756773852,-29.335112871053,100,2.90459206419973,66.1754068716094,1,1,235,coarse
120,120,0,0,0,-18.1767288845465,-58.7444054505567,-29.335112871053,100,0,69.0641952983725,1,1,240,coarse
125,0,0.194390447098028,0.194390447098028,0.0694251596778673,-0.663224823979846,-23.1996749034224,-2.75680188216302,99.805609552902,71.7201627486438,0,0,0,125,coarse
125,0.5,0.138850319355735,0.138850319355735,0.0416550958067204,-2.34889281044585,-23.1996749034224,-5.27932599125877,99.8611496806443,71.7179023508137,0.00891702706317714,0,0,125.5,coarse
125,1,0.0555401277422938,0.0555401277422938,0.0138850319355735,-2.34889281044585,-23.2904962635454,-7.37168975895633,99.9444598722577,71.6952983725136,0.0378956754346857,0,1,126,coarse
125,2,0,0,0,-7.42314491297913,-23.7517406146066,-10.5421634211949,100,71.6026220614828,0.11754068716094,1,1,127,coarse
125,3,0,0,0,-9.57285275386013,-24.1897451606581,-10.5902175084819,100,71.4534358047016,0.266726943942134,1,1,128,coarse
125,5,0,0,0,-12.5865918967383,-25.0098424616522,-14.2370579720367,100,71.0601265822785,0.66003616636528,1,1,130,coarse
125,10,0,0,0,-12.5865918967383,-28.0089144973471,-15.0927010648721,100,69.3557866184449,2.48116278032904,1,1,135,coarse
125,15,0,0,0,-18.1479371605677,-29.907466002646,-19.5237718501314,100,66.3155515370705,5.68014623924384,1,1,140,coarse
125,20,0,0,0,-18.1723818832714,-32.2012306113227,-19.650017767035,100,62.9000904159132,9.13326496945918,1,1,145,coarse
125,25,0,0,0,-18.1723818832714,-34.7345760737686,-19.650017767035,100,59.8530741410488,12.4704543464939,1,1,150,coarse
125,30,0,0,0,-18.1723818832714,-36.5718837686002,-19.6631649951546,100,56.629746835443,15.5410137442003,1,1,155,coarse
125,35,0,0,0,-18.1723818832714,-38.7777019118995,-26.6148952262915,100,53.4651898734177,18.5176103432902,1,1,160,coarse
125,40,0,0,0,-18.1727033605031,-41.1795404015063,-28.6583884918927,100,49.2676311030741,22.4525316455696,1,1,165,coarse
125,45,0,0,0,-18.1759276101198,-46.7432313876488,-29.4223691800955,100,43.6446723138654,28.1713381555154,1,1,170,coarse
125,50,0,0,0,-18.1759276101198,-54.8272435268533,-29.4229932997858,100,40.6883944892773,31.4330922242315,1,1,175,coarse
125,55,0,0,0,-18.1759276101198,-54.9427441795905,-29.4230942639558,100,37.9664719782425,34.0732368896926,1,1,180,coarse
125,60,0,0,0,-18.1759276101198,-54.9789614699342,-29.4230942639558,100,35.5232065629319,36.7766726943942,1,1,185,coarse
125,65,0,0,0,-18.1759276101198,-55.0359347542291,-29.4232626220391,100,33.3474519595167,39.3874321880651,1,1,190,coarse
125,70,0,0,0,-18.1759276101198,-55.1149542139319,-29.4232626220391,100,30.9108743145035,42.0614828209765,1,1,195,coarse
125,75,0,0,0,-18.1759276101198,-55.3220322967196,-29.4232626220391,100,27.8969191671497,44.7151898734177,1,1,200,coarse
125,80,0,0,0,-18.1759318515975,-55.534075285047,-29.4232626220391,100,24.664496856748,47.7147377938517,1,1,205,coarse
125,85,0,0,0,-18.1759384131397,-56.1675561101209,-29.4232626220391,100,21.9358865754158,50.628390596745,1,1,210,coarse
125,90,0,0,0,-18.1759499722742,-56.6302742104177,-29.4232626220391,100,19.26746622676,53.2798372513562,1,1,215,coarse
125,95,0,0,0,-18.1759499722742,-57.085092668898,-29.4232626220391,100,16.7461768246467,55.5696202531646,1,1,220,coarse
125,100,0,0,0,-18.1767274884605,-57.2828156945348,-29.4232734935827,100,13.9506888403406,58.0108499095841,1,1,225,coarse
125,105,0,0,0,-18.1767288845465,-57.4968875024604,-29.4232734935827,100,11.2527864467231,60.7662748643761,1,1,230,coarse
125,110,0,0,0,-18.1767288845465,-57.8106231218082,-29.4232734935827,100,8.76727596968346,63.4629294755877,1,1,235,coarse
125,115,0,0,0,-18.1767288845465,-58.1339839777722,-29.4234345246591,100,6.04547481052162,66.1754068716094,1,1,240,coarse
125,120,0,0,0,-18.1767288845465,-58.8323703245093,-29.4234345246591,100,3.14088274632189,69.0641952983725,1,1,245,coarse
125,125,0,0,0,-18.1767288845465,-60.6110033005898,-29.4234345246591,100,0,71.7201627486438,1,1,250,coarse
130,0,0.194390447098028,0.194390447098028,0.0694251596778673,-0.663224823979846,-23.2189897538133,-2.75680188216302,99.805609552902,74.9163652802893,0,0,0,130,coarse
130,0.5,0.138850319355735,0.138850319355735,0.0416550958067204,-2.34889281044585,-23.2189897538133,-5.27932599125877,99.8611496806443,74.9141048824593,0.00891702706317714,0,0,130.5,coarse
130,1,0.0555401277422938,0.0555401277422938,0.0138850319355735,-2.34889281044585,-23.3577922754788,-7.37168975895633,99.9444598722577,74.8915009041591,0.0378956754346857,0,1,131,coarse
130,2,0,0,0,-7.42314491297913,-23.7621522695934,-10.5421634211949,100,74.7988245931284,0.11754068716094,1,1,132,coarse
130,3,0,0,0,-9.57285275386013,-24.1944105012113,-10.5902175084819,100,74.6496383363472,0.266726943942134,1,1,133,coarse
130,5,0,0,0,-12.5865918967383,-25.1129225050919,-14.2370579720367,100,74.2563291139241,0.66003616636528,1,1,135,coarse
130,10,0,0,0,-12.5865918967383,-28.05962809146,-15.0927010648721,100,72.6861346411057,2.48116278032904,1,1,140,coarse
130,15,0,0,0,-18.3354746313644,-30.0795583517977,-19.5237718501314,100,69.7391885867142,5.68014623924384,1,1,145,coarse
130,20,0,0,0,-18.3354746313644,-32.5080113401263,-19.650017767035,100,66.0962929475588,9.13326496945918,1,1,150,coarse
130,25,0,0,0,-18.3354746313644,-34.7737812149759,-19.650017767035,100,63.0492766726944,12.4704543464939,1,1,155,coarse
130,30,0,0,0,-18.347104687923,-36.6498214393797,-19.6631649951546,100,59.8259493670886,15.5410137442003,1,1,160,coarse
130,35,0,0,0,-24.6644791162553,-38.9295691992676,-26.6148952262915,100,56.6613924050633,18.5176103432902,1,1,165,coarse
130,40,0,0,0,-26.5689014372084,-41.3231263432803,-28.772801086697,100,52.4638336347197,22.4525316455696,1,1,170,coarse
130,45,0,0,0,-26.5689014372084,-47.0935811041925,-32.2458454541461,100,47.1912617030762,28.1713381555154,1,1,175,coarse
130,50,0,0,0,-33.7206217227103,-55.1556798427982,-38.8571851718417,100,44.1771813277453,31.4330922242315,1,1,180,coarse
130,55,0,0,0,-33.7206217227103,-55.1991599482485,-38.8571851718417,100,41.4552588167105,34.0732368896926,1,1,185,coarse
130,60,0,0,0,-33.7207618667337,-55.2625208338981,-38.8573384478115,100,39.0119934014,36.7766726943942,1,1,190,coarse
130,65,0,0,0,-33.7207618667337,-55.3720072342689,-38.8573384478115,100,36.8362387979848,39.3874321880651,1,1,195,coarse
130,70,0,0,0,-33.7207618667337,-55.4208778958485,-38.8590044185505,100,34.3996611529716,42.0614828209765,1,1,200,coarse
130,75,0,0,0,-33.7207618667337,-55.6029242080662,-38.8590044185505,100,31.3857060056177,44.7151898734177,1,1,205,coarse
130,80,0,0,0,-33.7213583258018,-56.0004356896751,-38.8590044185505,100,28.153283695216,47.7147377938517,1,1,210,coarse
130,85,0,0,0,-33.7213583258018,-56.5074584219373,-38.8590044185505,100,25.4246734138838,50.628390596745,1,1,215,coarse
130,90,0,0,0,-33.7213583258018,-56.7462031572269,-38.8598457397924,100,22.7562530652281,53.2798372513562,1,1,220,coarse
130,95,0,0,0,-33.7213583258018,-57.2434471683728,-38.8598457397924,100,20.2349636631147,55.5696202531646,1,1,225,coarse
130,100,0,0,0,-33.7214114570712,-57.4402179041809,-38.8598457397924,100,17.4394756788087,58.0108499095841,1,1,230,coarse
130,105,0,0,0,-33.7214114570712,-57.6326803050857,-38.8599322605942,100,14.799375835934,60.7662748643761,1,1,235,coarse
130,110,0,0,0,-33.7214114570712,-57.907398710892,-38.8599322605942,100,12.3138653588943,63.4629294755877,1,1,240,coarse
130,115,0,0,0,-33.7396199382667,-58.2012609470203,-38.8599322605942,100,9.5920641997325,66.1754068716094,1,1,245,coarse
130,120,0,0,0,-33.7396199382667,-58.9786951259762,-38.8599322605942,100,6.68747213553277,69.0641952983725,1,1,250,coarse
130,125,0,0,0,-33.7396199382667,-60.9678413217356,-38.8599322605942,100,3.54658938921088,71.7201627486438,1,1,255,coarse
130,130,0,0,0,-33.7396199382667,-62.086074278717,-38.8599322605942,100,0,74.9163652802893,1,1,260,coarse
135,0,0.194390447098028,0.194390447098028,0.0694251596778673,-0.663224823979846,-23.2189897538133,-2.75680188216302,99.805609552902,78.5488185465894,0,0,0,135,coarse
135,0.5,0.138850319355735,0.138850319355735,0.0416550958067204,-2.34889281044585,-23.2189897538133,-5.27932599125877,99.8611496806443,78.5421310744539,0.00891702706317714,0,0,135.5,coarse
135,1,0.0555401277422938,0.0555401277422938,0.0138850319355735,-2.34889281044585,-23.3577922754788,-7.37168975895633,99.9444598722577,78.5109228711547,0.0378956754346857,0,1,136,coarse
135,2,0,0,0,-7.42314491297913,-23.7621522695934,-10.5421634211949,100,78.4395898350424,0.11754068716094,1,1,137,coarse
135,3,0,0,0,-9.57285275386013,-24.1944105012113,-10.5902175084819,100,78.3259028087383,0.266726943942134,1,1,138,coarse
135,5,0,0,0,-12.5865918967383,-25.1129225050919,-14.2370579720367,100,78.1029870708872,0.66003616636528,1,1,140,coarse
135,10,0,0,0,-12.5865918967383,-28.05962809146,-15.0927010648721,100,76.6005349977708,2.48116278032904,1,1,145,coarse
135,15,0,0,0,-18.3354746313644,-30.0795583517977,-19.5237718501314,100,73.6535889433794,5.68014623924384,1,1,150,coarse
135,20,0,0,0,-18.3354746313644,-32.5080113401263,-19.650017767035,100,69.7614801604993,9.13326496945918,1,1,155,coarse
135,25,0,0,0,-18.3354746313644,-34.7737812149759,-19.650017767035,100,66.5983058403923,12.4704543464939,1,1,160,coarse
135,30,0,0,0,-18.347104687923,-36.6498214393797,-19.6631649951546,100,63.36825679893,15.5410137442003,1,1,165,coarse
135,35,0,0,0,-24.6644791162551,-38.9295691992676,-26.6148952262915,100,60.0312082032992,18.5176103432902,1,1,170,coarse
135,40,0,0,0,-26.5689014372084,-41.4781500416122,-28.772801086697,100,56.2327240303165,22.4525316455696,1,1,175,coarse
135,45,0,0,0,-26.5689014372084,-47.9113269457498,-32.2458454541461,100,51.1056620597414,28.1713381555154,1,1,180,coarse
135,50,0,0,0,-46.4083498975573,-55.1556798427982,-48.300119464773,100,47.8888938427928,31.4330922242315,1,1,185,coarse
135,55,0,0,0,-46.4083498975573,-55.1991599482485,-48.3002477245128,100,45.166971331758,34.0732368896926,1,1,190,coarse
135,60,0,0,0,-46.4083498975573,-55.2625208338981,-48.3002477245128,100,42.7237059164475,36.7766726943942,1,1,195,coarse
135,65,0,0,0,-46.4083498975573,-55.4801397301164,-48.3082713777174,100,40.5479513130322,39.3874321880651,1,1,200,coarse
135,70,0,0,0,-46.4341320055576,-55.6562670981876,-48.3459931347028,100,38.1113736680191,42.0614828209765,1,1,205,coarse
135,75,0,0,0,-46.4341320055576,-55.8136791905038,-48.3459931347028,100,35.0974185206652,44.7151898734177,1,1,210,coarse
135,80,0,0,0,-46.4341320055576,-56.3054375315908,-48.3459931347028,100,31.8649962102635,47.7147377938517,1,1,215,coarse
135,85,0,0,0,-46.4341320055576,-56.6761505581894,-48.3475112570651,100,29.1363859289313,50.628390596745,1,1,220,coarse
135,90,0,0,0,-46.4341320055576,-56.8770652550707,-48.3515357529566,100,26.4679655802755,53.2798372513562,1,1,225,coarse
135,95,0,0,0,-46.4341320055576,-57.3243409224273,-48.9141810704944,100,23.9466761781622,55.5696202531646,1,1,230,coarse
135,100,0,0,0,-46.4341320055576,-57.4773037046972,-49.1974443513121,100,21.1511881938562,58.0108499095841,1,1,235,coarse
135,105,0,0,0,-46.4403966080227,-57.7205456213629,-49.1974443513121,100,18.7137761925992,60.7662748643761,1,1,240,coarse
135,110,0,0,0,-46.4403966080227,-57.9553955751236,-49.1974443513121,100,16.2282657155595,63.4629294755877,1,1,245,coarse
135,115,0,0,0,-46.4403966080227,-58.2799746914821,-49.1974443513121,100,13.5064645563977,66.1754068716094,1,1,250,coarse
135,120,0,0,0,-46.4403966080227,-59.2809370240484,-49.2271232941791,100,10.6018724921979,69.0641952983725,1,1,255,coarse
135,125,0,0,0,-46.4403966080227,-61.0949418556204,-49.2271232941791,100,7.46098974587606,71.7201627486438,1,1,260,coarse
135,130,0,0,0,-46.4403966080227,-62.1471984286464,-49.2271232941791,100,3.91440035666518,74.9163652802893,1,1,265,coarse
135,135,0,0,0,-48.3367961485579,-63.2742813042933,-50.2339340292628,100,0,78.5488185465894,1,1,270,coarse
140,0,0.194390447098028,0.194390447098028,0.0694251596778673,-0.663224823979846,-23.2189897538133,-2.75680188216302,99.805609552902,82.2893446277307,0,0,0,140,coarse
140,0.5,0.138850319355735,0.138850319355735,0.0416550958067204,-2.34889281044585,-23.2189897538133,-5.27932599125877,99.8611496806443,82.2826571555952,0.00891702706317714,0,0,140.5,coarse
140,1,0.0555401277422938,0.0555401277422938,0.0138850319355735,-2.34889281044585,-23.3577922754788,-7.37168975895633,99.9444598722577,82.251448952296,0.0378956754346857,0,1,141,coarse
140,2,0,0,0,-7.42314491297913,-23.7621522695934,-10.5421634211949,100,82.1801159161837,0.11754068716094,1,1,142,coarse
140,3,0,0,0,-9.57285275386013,-24.1944105012113,-10.5902175084819,100,82.0664288898796,0.266726943942134,1,1,143,coarse
140,5,0,0,0,-12.5865918967383,-25.1129225050919,-14.2370579720367,100,81.8435131520285,0.66003616636528,1,1,145,coarse
140,10,0,0,0,-12.5865918967383,-28.05962809146,-15.0927010648721,100,80.3410610789122,2.48116278032904,1,1,150,coarse
140,15,0,0,0,-18.3354746313644,-30.0795583517977,-19.5237718501314,100,77.3941150245207,5.68014623924384,1,1,155,coarse
140,20,0,0,0,-18.3354746313644,-32.5080113401263,-19.650017767035,100,73.5020062416407,9.13326496945918,1,1,160,coarse
140,25,0,0,0,-18.3354746313644,-34.7737812149759,-19.650017767035,100,70.3388319215337,12.4704543464939,1,1,165,coarse
140,30,0,0,0,-18.347104687923,-36.6498214393797,-19.6631649951546,100,67.1087828800713,15.5410137442003,1,1,170,coarse
140,35,0,0,0,-24.6644791162551,-38.9295691992676,-26.6148952262915,100,63.7717342844405,18.5176103432902,1,1,175,coarse
140,40,0,0,0,-26.5689014372084,-41.4781500416122,-28.772801086697,100,59.9732501114579,22.4525316455696,1,1,180,coarse
140,45,0,0,0,-26.5689014372084,-47.9113269457498,-32.2458454541461,100,54.8461881408827,28.1713381555154,1,1,185,coarse
140,50,0,0,0,-46.4083498975573,-55.1556798427982,-48.300119464773,100,51.6786303446431,31.4330922242315,1,1,190,coarse
140,55,0,0,0,-46.4083498975573,-55.1991599482485,-48.3002477245128,100,48.9567078336083,34.0732368896926,1,1,195,coarse
140,60,0,0,0,-46.4083498975573,-55.2625208338981,-48.3002477245128,100,46.5134424182977,36.7766726943942,1,1,200,coarse
140,65,0,0,0,-46.4083498975573,-55.4801397301164,-48.3082713777174,100,44.3376878148825,39.3874321880651,1,1,205,coarse
140,70,0,0,0,-46.4341320055576,-55.6562670981875,-48.3459931347028,100,41.9011101698694,42.0614828209765,1,1,210,coarse
140,75,0,0,0,-46.4341320055576,-55.8136791905038,-48.3459931347028,100,38.8871550225155,44.7151898734177,1,1,215,coarse
140,80,0,0,0,-46.4341320055576,-56.3054375315919,-48.3459931347028,100,35.6547327121138,47.7147377938517,1,1,220,coarse
140,85,0,0,0,-46.4341320055576,-56.6717425767958,-48.3475112570651,100,32.9261224307816,50.628390596745,1,1,225,coarse
140,90,0,0,0,-46.4341320055576,-56.8770652550707,-48.3515357529566,100,30.2577020821258,53.2798372513562,1,1,230,coarse
140,95,0,0,0,-46.4341320055576,-57.3243409224273,-48.9141810704944,100,27.7364126800125,55.5696202531646,1,1,235,coarse
140,100,0,0,0,-46.4341320055576,-57.4773037046972,-49.197444351312,100,24.9409246957065,58.0108499095841,1,1,240,coarse
140,105,0,0,0,-46.4403966080227,-57.7205456213629,-49.197444351312,100,22.4543022737405,60.7662748643761,1,1,245,coarse
140,110,0,0,0,-46.4403966080227,-57.9553955751235,-49.197444351312,100,19.9687917967008,63.4629294755877,1,1,250,coarse
140,115,0,0,0,-46.4403966080227,-58.2799746914821,-49.197444351312,100,17.246990637539,66.1754068716094,1,1,255,coarse
140,120,0,0,0,-46.4403966080227,-59.2809370240484,-49.2271232941791,100,14.3423985733393,69.0641952983725,1,1,260,coarse
140,125,0,0,0,-46.4403966080227,-61.0949418556204,-49.2271232941791,100,11.2015158270174,71.7201627486438,1,1,265,coarse
140,130,0,0,0,-46.4403966080227,-62.1471984286464,-49.2271232941791,100,8.04954915521317,74.9163652802893,1,1,270,coarse
140,135,0,0,0,-48.3367961485579,-63.2692841050506,-50.2339340292628,100,4.25457410487613,78.5488185465894,1,1,275,coarse
140,140,0,0,0,-53.6139540302278,-64.5305863649909,-55.2404468134747,100,0,82.2893446277307,1,1,280,coarse
145,0,0.194390447098028,0.194390447098028,0.0694251596778673,-0.663224823979846,-23.2189897538133,-2.75680188216302,99.805609552902,86.3530985287561,0,0,0,145,coarse
145,0.5,0.138850319355735,0.138850319355735,0.0416550958067204,-2.34889281044585,-23.2189897538133,-5.27932599125877,99.8611496806443,86.3464110566206,0.00891702706317714,0,0,145.5,coarse
145,1,0.0555401277422938,0.0555401277422938,0.0138850319355735,-2.34889281044585,-23.3577922754788,-7.37168975895633,99.9444598722577,86.3152028533214,0.0378956754346857,0,1,146,coarse
145,2,0,0,0,-7.42314491297913,-23.7621522695934,-10.5421634211949,100,86.2438698172091,0.11754068716094,1,1,147,coarse
145,3,0,0,0,-9.57285275386013,-24.1944105012113,-10.5902175084819,100,86.130182790905,0.266726943942134,1,1,148,coarse
145,5,0,0,0,-12.5865918967383,-25.1129225050919,-14.2370579720367,100,85.9072670530539,0.66003616636528,1,1,150,coarse
145,10,0,0,0,-12.5865918967383,-28.05962809146,-15.0927010648721,100,84.4048149799376,2.48116278032904,1,1,155,coarse
145,15,0,0,0,-18.3354746313644,-30.0795583517977,-19.5237718501314,100,81.4578689255461,5.68014623924384,1,1,160,coarse
145,20,0,0,0,-18.3354746313644,-32.5080113401263,-19.650017767035,100,77.5657601426661,9.13326496945918,1,1,165,coarse
145,25,0,0,0,-18.3354746313644,-34.7737812149759,-19.650017767035,100,74.4025858225591,12.4704543464939,1,1,170,coarse
145,30,0,0,0,-18.347104687923,-36.6498214393797,-19.6631649951546,100,71.1725367810967,15.5410137442003,1,1,175,coarse
145,35,0,0,0,-24.6644791162554,-38.9295691992676,-26.6148952262915,100,67.8354881854659,18.5176103432902,1,1,180,coarse
145,40,0,0,0,-26.5689014372084,-41.4781500416122,-28.772801086697,100,64.0370040124833,22.4525316455696,1,1,185,coarse
145,45,0,0,0,-26.5689014372084,-47.9113269457498,-32.2458454541461,100,59.0864505773775,28.1713381555154,1,1,190,coarse
145,50,0,0,0,-46.4083498975573,-55.1556798427982,-48.300119464773,100,56.2619822551161,31.4330922242315,1,1,195,coarse
145,55,0,0,0,-46.4083498975573,-55.1991599482485,-48.3002477245128,100,53.5400597440813,34.0732368896926,1,1,200,coarse
145,60,0,0,0,-46.4083498975573,-55.2625208338981,-48.3002477245128,100,51.0967943287708,36.7766726943942,1,1,205,coarse
145,65,0,0,0,-46.4083498975573,-55.4801397301164,-48.3082713777174,100,48.9210397253556,39.3874321880651,1,1,210,coarse
145,70,0,0,0,-46.4341320055576,-55.6562670981875,-48.3459931347028,100,46.4844620803424,42.0614828209765,1,1,215,coarse
145,75,0,0,0,-46.4341320055576,-55.8136791905038,-48.3459931347028,100,43.4705069329885,44.7151898734177,1,1,220,coarse
145,80,0,0,0,-46.4341320055576,-56.3054375315923,-48.3459931347028,100,40.2380846225868,47.7147377938517,1,1,225,coarse
145,85,0,0,0,-46.4341320055576,-56.6717425767958,-48.3475112570651,100,37.5094743412546,50.628390596745,1,1,230,coarse
145,90,0,0,0,-46.4341320055576,-56.8770652550707,-48.3515357529566,100,34.8410539925989,53.2798372513562,1,1,235,coarse
145,95,0,0,0,-46.4341320055576,-57.3243409224273,-48.9141810704944,100,32.3197645904855,55.5696202531646,1,1,240,coarse
145,100,0,0,0,-46.4341320055576,-57.4773037046972,-49.197444351312,100,29.5242766061795,58.0108499095841,1,1,245,coarse
145,105,0,0,0,-46.4403966080227,-57.7205456213629,-49.197444351312,100,26.7533104462972,60.7662748643761,1,1,250,coarse
145,110,0,0,0,-46.4403966080227,-57.9553955751235,-49.197444351312,100,24.0938071247046,63.4629294755877,1,1,255,coarse
145,115,0,0,0,-46.4403966080227,-58.2799746914821,-49.197444351312,100,21.3107445385644,66.1754068716094,1,1,260,coarse
145,120,0,0,0,-46.4403966080227,-59.2809370240484,-49.2271232941791,100,18.5986891970217,69.0641952983725,1,1,265,coarse
145,125,0,0,0,-46.4403966080227,-61.0949418556204,-49.2271232941791,100,15.7511161691325,71.7201627486438,1,1,270,coarse
145,130,0,0,0,-46.4403966080227,-62.1471984286464,-49.2271232941791,100,12.6630482360151,74.9163652802893,1,1,275,coarse
145,135,0,0,0,-48.3367961485579,-63.2692841050506,-50.2339340292628,100,8.86807318567802,78.5488185465894,1,1,280,coarse
145,140,0,0,0,-53.6139540302278,-64.5305863649909,-55.2404468134747,100,4.61349908080189,82.2893446277307,1,1,285,coarse
145,145,0,0,0,-57.3536309021959,-67.7503859960335,-59.4143931338006,100,0,86.3530985287561,1,1,290,coarse
163.230511085598,0,0.194390447098028,0.194390447098028,0.0694251596778673,-0.663224823979846,-23.2189897538133,-2.75680188216302,99.805609552902,100,0,0,0,163.230511085598,coarse
163.230511085598,0.5,0.138850319355735,0.138850319355735,0.0416550958067204,-2.34889281044585,-23.2189897538133,-5.27932599125877,99.8611496806443,100,0.00891702706317714,0,0,163.730511085598,coarse
163.230511085598,1,0.0555401277422938,0.0555401277422938,0.0138850319355735,-2.34889281044585,-23.3577922754788,-7.37168975895633,99.9444598722577,99.9754781755763,0.0378956754346857,0,1,164.230511085598,coarse
163.230511085598,2,0,0,0,-7.42314491297913,-23.7621522695934,-10.5421634211949,100,99.9219760131972,0.11754068716094,1,1,165.230511085598,coarse
163.230511085598,3,0,0,0,-9.57285275386013,-24.1944105012113,-10.5902175084819,100,99.796463275847,0.266726943942134,1,1,166.230511085598,coarse
163.230511085598,5,0,0,0,-12.5865918967383,-25.1129225050919,-14.2370579720367,100,99.5541685242978,0.66003616636528,1,1,168.230511085598,coarse
163.230511085598,10,0,0,0,-12.5865918967383,-28.05962809146,-15.0927010648721,100,98.0517164511814,2.48116278032904,1,1,173.230511085598,coarse
163.230511085598,15,0,0,0,-18.3354746313644,-30.0795583517977,-19.5237718501314,100,95.10477039679,5.68014623924384,1,1,178.230511085598,coarse
163.230511085598,20,0,0,0,-18.3354746313644,-32.5080113401263,-19.650017767035,100,91.2126616139099,9.13326496945918,1,1,183.230511085598,coarse
163.230511085598,25,0,0,0,-18.3354746313644,-34.7737812149759,-19.650017767035,100,88.1329113924051,12.4704543464939,1,1,188.230511085598,coarse
163.230511085598,30,0,0,0,-18.347104687923,-36.6498214393797,-19.6631649951546,100,84.9095840867993,15.5410137442003,1,1,193.230511085598,coarse
163.230511085598,35,0,0,0,-24.6644791162547,-38.9295691992676,-26.6148952262915,100,81.745027124774,18.5176103432902,1,1,198.230511085598,coarse
163.230511085598,40,0,0,0,-26.5689014372084,-41.4781500416122,-28.772801086697,100,78.2379954523162,22.4525316455696,1,1,203.230511085598,coarse
163.230511085598,45,0,0,0,-26.5689014372084,-47.9113269457498,-32.2458454541461,100,73.5142003655981,28.1713381555154,1,1,208.230511085598,coarse
163.230511085598,50,0,0,0,-46.4083498975573,-55.1556798427982,-48.300119464773,100,70.6897320433367,31.4330922242315,1,1,213.230511085598,coarse
163.230511085598,55,0,0,0,-46.4083498975573,-55.1991599482485,-48.3002477245128,100,67.9678095323019,34.0732368896926,1,1,218.230511085598,coarse
163.230511085598,60,0,0,0,-46.4083498975573,-55.2625208338981,-48.3002477245128,100,65.5245441169914,36.7766726943942,1,1,223.230511085598,coarse
163.230511085598,65,0,0,0,-46.4083498975573,-55.4801397301164,-48.3082713777174,100,63.3487895135762,39.3874321880651,1,1,228.230511085598,coarse
163.230511085598,70,0,0,0,-46.4341320055576,-55.6562670981875,-48.3459931347028,100,60.912211868563,42.0614828209765,1,1,233.230511085598,coarse
163.230511085598,75,0,0,0,-46.4341320055576,-55.8136791905038,-48.3459931347028,100,57.8982567212092,44.7151898734177,1,1,238.230511085598,coarse
163.230511085598,80,0,0,0,-46.4341320055576,-56.3054375315923,-48.3459931347028,100,54.6658344108074,47.7147377938517,1,1,243.230511085598,coarse
163.230511085598,85,0,0,0,-46.4341320055576,-56.6717425767958,-48.3475112570651,100,51.9372241294752,50.628390596745,1,1,248.230511085598,coarse
163.230511085598,90,0,0,0,-46.4341320055576,-56.8770652550707,-48.3515357529566,100,49.2688037808195,53.2798372513562,1,1,253.230511085598,coarse
163.230511085598,95,0,0,0,-46.4341320055576,-57.3243409224273,-48.9141810704944,100,46.7475143787061,55.5696202531646,1,1,258.230511085598,coarse
163.230511085598,100,0,0,0,-46.4341320055576,-57.4773037046972,-49.1974443513121,100,43.9520263944001,58.0108499095841,1,1,263.230511085598,coarse
163.230511085598,105,0,0,0,-46.4403966080227,-57.7205456213629,-49.1974443513121,100,41.1810602345178,60.7662748643761,1,1,268.230511085598,coarse
163.230511085598,110,0,0,0,-46.4403966080227,-57.9553955751235,-49.1974443513121,100,38.5472292742712,63.4629294755877,1,1,273.230511085598,coarse
163.230511085598,115,0,0,0,-46.4403966080227,-58.279974691482,-49.1974443513121,100,36.0281887420117,66.1754068716094,1,1,278.230511085598,coarse
163.230511085598,120,0,0,0,-46.4403966080227,-59.2809370240484,-49.2271232941791,100,33.4216055326972,69.0641952983725,1,1,283.230511085598,coarse
163.230511085598,125,0,0,0,-46.4403966080227,-61.0949418556204,-49.2271232941791,100,30.5764685284076,71.7201627486438,1,1,288.230511085598,coarse
163.230511085598,130,0,0,0,-46.4403966080227,-62.1471984286464,-49.2271232941791,100,27.4884005952902,74.9163652802893,1,1,293.230511085598,coarse
163.230511085598,135,0,0,0,-48.3367961485579,-63.2692841050505,-50.2339340292628,100,23.6934255449532,78.5488185465894,1,1,298.230511085598,coarse
163.230511085598,140,0,0,0,-53.6139540302278,-64.5305863649909,-55.2404468134747,100,19.438851440077,82.2893446277307,1,1,303.230511085598,coarse
163.230511085598,145,0,0,0,-57.3536309021959,-67.7503859960335,-59.4143931338006,100,14.8253523592751,86.3530985287561,1,1,308.230511085598,coarse
163.230511085598,163.230511085598,0,0,0,-2969.09346595255,-2969.09346595255,-2969.09346595255,100,0,100,1,1,326.461022171197,coarse
33,0,0.36101083032491,0.36101083032491,0.249930574840322,10.9798733402777,-22.763318350097,-0.723662294483583,99.6389891696751,17.2524730806268,0,0,0,33,refinement
33,1,0.222160510969175,0.222160510969175,0.194390447098028,10.9798733402777,-22.9805305417101,-1.49528235522563,99.7778394890308,17.2218331436575,0.0378956754346857,0,0,34,refinement
33,2,0.194390447098028,0.194390447098028,0.166620383226881,10.9798733402777,-23.4173225334157,-1.49528235522563,99.805609552902,17.1649304035717,0.11754068716094,0,0,35,refinement
33,3,0.194390447098028,0.194390447098028,0.166620383226881,10.9798733402777,-23.8121220158036,-1.49528235522563,99.805609552902,17.0489363564738,0.266726943942134,0,0,36,refinement
33,4,0.194390447098028,0.194390447098028,0.166620383226881,10.9798733402777,-24.025734593191,-1.49528235522563,99.805609552902,16.8716624354373,0.454339963833635,0,0,37,refinement
33,5,0.194390447098028,0.194390447098028,0.166620383226881,10.9798733402777,-24.4157615454406,-1.49528235522563,99.805609552902,16.7315941521492,0.66003616636528,0,0,38,refinement
33,6,0.194390447098028,0.194390447098028,0.166620383226881,10.9798733402777,-25.7819915809262,-1.49528235522563,99.805609552902,16.5046812304949,0.965189873417722,0,0,39,refinement
33,7,0.194390447098028,0.194390447098028,0.166620383226881,10.9798733402777,-26.152347041168,-1.49528235522563,99.805609552902,16.2661613909942,1.20479204339964,0,0,40,refinement
33,8,0.194390447098028,0.194390447098028,0.166620383226881,10.9798733402777,-26.4471303911966,-1.49528235522563,99.805609552902,15.9429335711101,1.57831379018235,0,0,41,refinement
33,9,0.194390447098028,0.194390447098028,0.166620383226881,10.979809890307,-26.9011590429874,-1.49528235522563,99.805609552902,15.6174765938475,1.9884970350885,0,0,42,refinement
34,0,0.36101083032491,0.36101083032491,0.208275479033602,10.9798733402777,-22.7975745919139,-1.49528235522563,99.6389891696751,17.8827803554233,0,0,0,34,refinement
34,1,0.194390447098028,0.194390447098028,0.166620383226881,10.9798733402777,-22.9805305417101,-1.49528235522563,99.805609552902,17.852140418454,0.0378956754346857,0,0,35,refinement
34,2,0.166620383226881,0.166620383226881,0.138850319355735,10.9798733402777,-23.4173225334157,-1.49528235522563,99.8333796167731,17.7952376783682,0.11754068716094,0,0,36,refinement
34,3,0.166620383226881,0.166620383226881,0.138850319355735,10.9798733402777,-23.8121220158036,-1.49528235522563,99.8333796167731,17.6792436312702,0.266726943942134,0,0,37,refinement
34,4,0.166620383226881,0.166620383226881,0.138850319355735,10.9798733402777,-24.025734593191,-1.49528235522563,99.8333796167731,17.5211769950959,0.454339963833635,0,0,38,refinement
34,5,0.166620383226881,0.166620383226881,0.138850319355735,10.9798733402777,-24.4157615454406,-1.49528235522563,99.8333796167731,17.3963441818992,0.66003616636528,0,0,39,refinement
34,6,0.166620383226881,0.166620383226881,0.138850319355735,10.9798733402777,-25.7819915809262,-1.49528235522563,99.8333796167731,17.1801159161837,0.965189873417722,0,0,40,refinement
34,7,0.166620383226881,0.166620383226881,0.138850319355735,10.9798733402777,-26.152347041168,-1.49528235522563,99.8333796167731,16.941596076683,1.20479204339964,0,0,41,refinement
34,8,0.166620383226881,0.166620383226881,0.138850319355735,10.9798733402777,-26.4471303911966,-1.49528235522563,99.8333796167731,16.6183682567989,1.57831379018235,0,0,42,refinement
34,9,0.166620383226881,0.166620383226881,0.138850319355735,10.979809890307,-26.9011590429874,-1.49528235522563,99.8333796167731,16.2929112795363,1.9884970350885,0,0,43,refinement
35,0,0.36101083032491,0.36101083032491,0.166620383226881,7.27875114466383,-22.8003288034091,-1.49528235522563,99.6389891696751,18.5176103432902,0,0,0,35,refinement
35,1,0.194390447098028,0.194390447098028,0.124965287420161,7.27875114466383,-23.0254894375371,-1.49528235522563,99.805609552902,18.4797146678555,0.0378956754346857,0,0,36,refinement
35,2,0.166620383226881,0.166620383226881,0.0971952235490142,7.27875114466383,-23.4619933390521,-1.49528235522563,99.8333796167731,18.4083816317432,0.11754068716094,0,0,37,refinement
35,3,0.166620383226881,0.166620383226881,0.0971952235490142,7.27875114466383,-23.8545305854364,-1.49528235522563,99.8333796167731,18.2946946054391,0.266726943942134,0,0,38,refinement
35,4,0.166620383226881,0.166620383226881,0.0971952235490142,7.27875114466383,-24.0821348727701,-1.49528235522563,99.8333796167731,18.1966116807847,0.454339963833635,0,0,39,refinement
35,5,0.166620383226881,0.166620383226881,0.0971952235490142,7.27875114466383,-24.4591191422361,-1.49528235522563,99.8333796167731,18.0717788675881,0.66003616636528,0,0,40,refinement
35,6,0.166620383226881,0.166620383226881,0.0971952235490142,7.27875114466383,-25.8002634143444,-1.49528235522563,99.8333796167731,17.8555506018725,0.965189873417722,0,0,41,refinement
35,7,0.166620383226881,0.166620383226881,0.0971952235490142,7.27875114466383,-26.1799990250182,-1.49528235522563,99.8333796167731,17.6170307623718,1.20479204339964,0,0,42,refinement
35,8,0.166620383226881,0.166620383226881,0.0971952235490142,7.27875114466383,-26.458968702667,-1.49528235522563,99.8333796167731,17.2938029424877,1.57831379018235,0,0,43,refinement
35,9,0.166620383226881,0.166620383226881,0.0971952235490142,7.27860603324575,-26.9069614124625,-1.49528235522563,99.8333796167731,16.9683459652251,1.9884970350885,0,0,44,refinement
36,0,0.36101083032491,0.36101083032491,0.138850319355735,2.68304298542608,-22.8003288034091,-1.49528235522563,99.6389891696751,19.1462327240303,0,0,0,36,refinement
36,1,0.194390447098028,0.194390447098028,0.0971952235490142,2.68304298542608,-23.04055052906,-1.49528235522563,99.805609552902,19.1083370485956,0.0378956754346857,0,0,37,refinement
36,2,0.166620383226881,0.166620383226881,0.0694251596778673,2.68304298542608,-23.4800658157572,-1.49528235522563,99.8333796167731,19.0370040124833,0.11754068716094,0,0,38,refinement
36,3,0.166620383226881,0.166620383226881,0.0694251596778673,2.68304298542608,-23.8667322463011,-1.49528235522563,99.8333796167731,18.9233169861792,0.266726943942134,0,0,39,refinement
36,4,0.166620383226881,0.166620383226881,0.0694251596778673,2.68304298542608,-24.119675597696,-1.49528235522563,99.8333796167731,18.8252340615247,0.454339963833635,0,0,40,refinement
36,5,0.166620383226881,0.166620383226881,0.0694251596778673,2.68304298542608,-24.5024683459221,-1.49528235522563,99.8333796167731,18.7004012483281,0.66003616636528,0,0,41,refinement
36,6,0.166620383226881,0.166620383226881,0.0694251596778673,2.68304298542608,-25.8104681002036,-1.49528235522563,99.8333796167731,18.4841729826126,0.965189873417722,0,0,42,refinement
36,7,0.166620383226881,0.166620383226881,0.0694251596778673,2.68304298542608,-26.1900167337497,-1.49528235522563,99.8333796167731,18.2456531431119,1.20479204339964,0,0,43,refinement
36,8,0.166620383226881,0.166620383226881,0.0694251596778673,2.68304298542608,-26.4922230842855,-1.49528235522563,99.8333796167731,17.9224253232278,1.57831379018235,0,0,44,refinement
36,9,0.166620383226881,0.166620383226881,0.0694251596778673,2.68260256475763,-26.9144035235324,-1.49528235522563,99.8333796167731,17.5969683459652,1.9884970350885,0,0,45,refinement
37,0,0.36101083032491,0.36101083032491,0.111080255484588,0.297951019346513,-22.8003288034091,-1.49528235522563,99.6389891696751,19.8796255015604,0,0,0,37,refinement
37,1,0.194390447098028,0.194390447098028,0.0694251596778673,0.297951019346513,-23.0566146834466,-1.49528235522563,99.805609552902,19.8417298261257,0.0378956754346857,0,0,38,refinement
37,2,0.166620383226881,0.166620383226881,0.0416550958067204,0.297951019346513,-23.4906906911374,-1.49528235522563,99.8333796167731,19.7703967900134,0.11754068716094,0,0,39,refinement
37,3,0.166620383226881,0.166620383226881,0.0416550958067204,0.297951019346513,-23.8848197933872,-1.49528235522563,99.8333796167731,19.6567097637093,0.266726943942134,0,0,40,refinement
37,4,0.166620383226881,0.166620383226881,0.0416550958067204,0.297951019346513,-24.161746817267,-1.49528235522563,99.8333796167731,19.5586268390548,0.454339963833635,0,0,41,refinement
37,5,0.166620383226881,0.166620383226881,0.0416550958067204,0.297951019346513,-24.524671536299,-1.49528235522563,99.8333796167731,19.4337940258582,0.66003616636528,0,0,42,refinement
37,6,0.166620383226881,0.166620383226881,0.0416550958067204,0.297951019346513,-25.8222058597124,-1.49528235522563,99.8333796167731,19.2175657601427,0.965189873417722,0,0,43,refinement
37,7,0.166620383226881,0.166620383226881,0.0416550958067204,0.297951019346513,-26.2015444952125,-1.49528235522563,99.8333796167731,18.979045920642,1.20479204339964,0,0,44,refinement
37,8,0.166620383226881,0.166620383226881,0.0416550958067204,0.297951019346513,-26.5182759701818,-1.49528235522563,99.8333796167731,18.6558181007579,1.57831379018235,0,0,45,refinement
37,9,0.166620383226881,0.166620383226881,0.0416550958067204,0.297951019346513,-26.9381474872411,-1.49528235522563,99.8333796167731,18.3303611234953,1.9884970350885,0,0,46,refinement
38,0,0.305470702582616,0.305470702582616,0.0971952235490142,0.297951019346513,-22.960837167916,-2.66573552830995,99.6945292974174,20.7356219349086,0,0,0,38,refinement
38,1,0.138850319355735,0.138850319355735,0.0555401277422938,0.297951019346513,-23.0657697053529,-4.02148365582372,99.8611496806443,20.6977262594739,0.0378956754346857,0,0,39,refinement
38,2,0.111080255484588,0.111080255484588,0.0277700638711469,0.297951019346513,-23.5066877881037,-5.80863298403683,99.8889197445154,20.6263932233616,0.11754068716094,0,0,40,refinement
38,3,0.111080255484588,0.111080255484588,0.0277700638711469,0.297951019346513,-23.900324018786,-5.80863298403683,99.8889197445154,20.5127061970575,0.266726943942134,0,0,41,refinement
38,4,0.111080255484588,0.111080255484588,0.0277700638711469,0.297951019346513,-24.1847145542864,-5.80863298403683,99.8889197445154,20.414623272403,0.454339963833635,0,0,42,refinement
38,5,0.111080255484588,0.111080255484588,0.0277700638711469,0.297951019346513,-24.5565844225769,-5.80863298403683,99.8889197445154,20.2897904592064,0.66003616636528,0,0,43,refinement
38,6,0.111080255484588,0.111080255484588,0.0277700638711469,0.297951019346513,-25.8596429382868,-5.80863298403683,99.8889197445154,20.0735621934909,0.965189873417722,0,0,44,refinement
38,7,0.111080255484588,0.111080255484588,0.0277700638711469,0.297951019346513,-26.2328722641024,-5.80863298403683,99.8889197445154,19.8350423539902,1.20479204339964,0,0,45,refinement
38,8,0.111080255484588,0.111080255484588,0.0277700638711469,0.297951019346513,-26.5390240531755,-5.80863298403683,99.8889197445154,19.5118145341061,1.57831379018235,0,0,46,refinement
38,9,0.111080255484588,0.111080255484588,0.0277700638711469,0.297951019346513,-26.9622799268821,-5.80863298403683,99.8889197445154,19.1863575568435,1.9884970350885,0,0,47,refinement
39,0,0.277700638711469,0.277700638711469,0.0971952235490142,-0.603829118412079,-22.9806957242792,-2.66573552830995,99.7222993612885,21.5026700516502,0,0,0,39,refinement
39,1,0.111080255484588,0.111080255484588,0.0555401277422938,-0.603829118412079,-23.0893727385225,-4.75534501162015,99.8889197445154,21.4720301146809,0.0378956754346857,0,0,40,refinement
39,2,0.0833101916134407,0.0833101916134407,0.0277700638711469,-0.603829118412079,-23.5263686403024,-7.44441458973376,99.9166898083866,21.4151273745951,0.11754068716094,0,1,41,refinement
39,3,0.0833101916134407,0.0833101916134407,0.0277700638711469,-0.603829118412079,-23.9040290223521,-8.60245043969077,99.9166898083866,21.2991333274972,0.266726943942134,0,1,42,refinement
39,4,0.0833101916134407,0.0833101916134407,0.0277700638711469,-0.603829118412079,-24.1944105012113,-8.60245043969077,99.9166898083866,21.1547035220687,0.454339963833635,0,1,43,refinement
39,5,0.0833101916134407,0.0833101916134407,0.0277700638711469,-0.603829118412079,-24.5874745699946,-8.60245043969077,99.9166898083866,21.029870708872,0.66003616636528,0,1,44,refinement
39,6,0.0833101916134407,0.0833101916134407,0.0277700638711469,-0.603829118412079,-25.8854670611057,-8.60245043969077,99.9166898083866,20.8136424431565,0.965189873417722,0,1,45,refinement
39,7,0.0833101916134407,0.0833101916134407,0.0277700638711469,-0.603829118412079,-26.2684557299608,-8.60245043969077,99.9166898083866,20.5751226036558,1.20479204339964,0,1,46,refinement
39,8,0.0833101916134407,0.0833101916134407,0.0277700638711469,-0.603829118412079,-26.5634236701305,-8.60245043969077,99.9166898083866,20.2518947837717,1.57831379018235,0,1,47,refinement
39,9,0.0833101916134407,0.0833101916134407,0.0277700638711469,-0.603829118412079,-26.9736769299184,-8.60245043969077,99.9166898083866,19.9264378065091,1.9884970350885,0,1,48,refinement
40,0,0.249930574840322,0.249930574840322,0.0971952235490142,-0.663224823979846,-22.9836854173585,-2.66573552830995,99.7500694251597,22.4525316455696,0,0,0,40,refinement
40,1,0.111080255484588,0.111080255484588,0.0416550958067204,-2.34889281044585,-23.1118586042036,-4.75534501162015,99.8889197445154,22.4276672694394,0.0378956754346857,0,0,41,refinement
40,2,0.0555401277422938,0.0555401277422938,0.0277700638711469,-2.75843239544872,-23.5484690607297,-7.44441458973376,99.9444598722577,22.3349909584087,0.11754068716094,0,1,42,refinement
40,3,0.0555401277422938,0.0555401277422938,0.0277700638711469,-2.75843239544872,-23.9132359018827,-9.05318984143641,99.9444598722577,22.1858047016275,0.266726943942134,0,1,43,refinement
40,4,0.0555401277422938,0.0555401277422938,0.0277700638711469,-2.75843239544872,-24.219843335006,-9.13750080159572,99.9444598722577,22.0082290116432,0.454339963833635,0,1,44,refinement
40,5,0.0555401277422938,0.0555401277422938,0.0277700638711469,-2.75843239544872,-24.6032364254176,-9.29010133077123,99.9444598722577,21.8702630405707,0.66003616636528,0,1,45,refinement
40,6,0.0555401277422938,0.0555401277422938,0.0277700638711469,-2.75843239544872,-25.8901361181671,-9.29010133077123,99.9444598722577,21.6540347748551,0.965189873417722,0,1,46,refinement
40,7,0.0555401277422938,0.0555401277422938,0.0277700638711469,-2.75843239544872,-26.2904420286666,-9.29010133077123,99.9444598722577,21.4155149353544,1.20479204339964,0,1,47,refinement
40,8,0.0555401277422938,0.0555401277422938,0.0277700638711469,-2.75843239544872,-26.6040514217415,-9.29010133077123,99.9444598722577,21.0922871154704,1.57831379018235,0,1,48,refinement
40,9,0.0555401277422938,0.0555401277422938,0.0277700638711469,-2.75843239544872,-26.9946648594822,-9.29010133077123,99.9444598722577,20.7668301382078,1.9884970350885,0,1,49,refinement
41,0,0.194390447098028,0.194390447098028,0.0971952235490142,-0.663224823979846,-23.0069106299352,-2.66573552830995,99.805609552902,23.4471066907776,0,0,0,41,refinement
41,1,0.111080255484588,0.111080255484588,0.0138850319355735,-2.34889281044585,-23.1341395840262,-4.75534501162015,99.8889197445154,23.4222423146474,0.0378956754346857,0,0,42,refinement
41,2,0.0555401277422938,0.0555401277422938,0,-2.83356648201121,-23.5802413297678,-7.44441458973376,99.9444598722577,23.3295660036166,0.11754068716094,0,1,43,refinement
41,3,0.0555401277422938,0.0555401277422938,0,-2.83356648201121,-23.9248617406097,-9.52790401454749,99.9444598722577,23.1803797468354,0.266726943942134,0,1,44,refinement
41,4,0.0555401277422938,0.0555401277422938,0,-2.83356648201121,-24.2455697818931,-9.52790401454749,99.9444598722577,22.9927667269439,0.454339963833635,0,1,45,refinement
41,5,0.0555401277422938,0.0555401277422938,0,-2.83356648201121,-24.6181857137509,-9.52790401454749,99.9444598722577,22.7870705244123,0.66003616636528,0,1,46,refinement
41,6,0.0555401277422938,0.0555401277422938,0,-2.83356648201121,-25.9048520918248,-9.52790401454749,99.9444598722577,22.5456977262595,0.965189873417722,0,1,47,refinement
41,7,0.0555401277422938,0.0555401277422938,0,-2.83356648201121,-26.3224872814169,-9.52790401454749,99.9444598722577,22.3071778867588,1.20479204339964,0,1,48,refinement
41,8,0.0555401277422938,0.0555401277422938,0,-2.83356648201121,-26.6484481507726,-9.52790401454749,99.9444598722577,21.9839500668747,1.57831379018235,0,1,49,refinement
41,9,0.0555401277422938,0.0555401277422938,0,-2.83356648201121,-27.0184349693081,-9.52790401454749,99.9444598722577,21.6584930896121,1.9884970350885,0,1,50,refinement
42,0,0.194390447098028,0.194390447098028,0.0971952235490142,-0.663224823979846,-23.0254894375371,-2.66573552830995,99.805609552902,24.6112115732369,0,0,0,42,refinement
42,1,0.111080255484588,0.111080255484588,0.0138850319355735,-2.34889281044585,-23.1735325105875,-4.75534501162015,99.8889197445154,24.5863471971067,0.0378956754346857,0,0,43,refinement
42,2,0.0555401277422938,0.0555401277422938,0,-2.83356648201121,-23.601582426852,-7.44441458973376,99.9444598722577,24.493670886076,0.11754068716094,0,1,44,refinement
42,3,0.0555401277422938,0.0555401277422938,0,-2.83356648201121,-23.9386511378471,-9.52790401454749,99.9444598722577,24.3444846292948,0.266726943942134,0,1,45,refinement
42,4,0.0555401277422938,0.0555401277422938,0,-2.83356648201121,-24.2635153346668,-9.52790401454749,99.9444598722577,24.1568716094033,0.454339963833635,0,1,46,refinement
42,5,0.0555401277422938,0.0555401277422938,0,-2.83356648201121,-24.6364218688167,-9.52790401454749,99.9444598722577,23.9511754068716,0.66003616636528,0,1,47,refinement
42,6,0.0555401277422938,0.0555401277422938,0,-2.83356648201121,-25.924958952246,-9.52790401454749,99.9444598722577,23.6460216998192,0.965189873417722,0,1,48,refinement
42,7,0.0555401277422938,0.0555401277422938,0,-2.83356648201121,-26.3500742672506,-9.52790401454749,99.9444598722577,23.4064195298373,1.20479204339964,0,1,49,refinement
42,8,0.0555401277422938,0.0555401277422938,0,-2.83356648201121,-26.6805160663582,-9.52790401454749,99.9444598722577,23.0470162748644,1.57831379018235,0,1,50,refinement
42,9,0.0555401277422938,0.0555401277422938,0,-2.83356648201121,-27.0370253489975,-9.52790401454749,99.9444598722577,22.7305605786618,1.9884970350885,0,1,51,refinement
43,0,0.194390447098028,0.194390447098028,0.0971952235490142,-0.663224823979846,-23.04055052906,-2.66573552830995,99.805609552902,25.7617540687161,0,0,0,43,refinement
43,1,0.111080255484588,0.111080255484588,0.0138850319355735,-2.34889281044585,-23.196126078095,-4.75534501162015,99.8889197445154,25.7368896925859,0.0378956754346857,0,0,44,refinement
43,2,0.0555401277422938,0.0555401277422938,0,-2.83356648201121,-23.6077102816954,-7.44441458973376,99.9444598722577,25.6442133815552,0.11754068716094,0,1,45,refinement
43,3,0.0555401277422938,0.0555401277422938,0,-2.83356648201121,-23.9502024076951,-9.74716268566073,99.9444598722577,25.495027124774,0.266726943942134,0,1,46,refinement
43,4,0.0555401277422938,0.0555401277422938,0,-2.83356648201121,-24.2742103279708,-9.91862830548315,99.9444598722577,25.3074141048825,0.454339963833635,0,1,47,refinement
43,5,0.0555401277422938,0.0555401277422938,0,-2.83356648201121,-24.6616348440501,-9.91862830548315,99.9444598722577,25.1017179023508,0.66003616636528,0,1,48,refinement
43,6,0.0555401277422938,0.0555401277422938,0,-2.83356648201121,-25.9337098913293,-10.0053935112977,99.9444598722577,24.7965641952984,0.965189873417722,0,1,49,refinement
43,7,0.0555401277422938,0.0555401277422938,0,-2.83356648201121,-26.3593433068848,-10.0053935112977,99.9444598722577,24.5569620253165,1.20479204339964,0,1,50,refinement
43,8,0.0555401277422938,0.0555401277422938,0,-2.83356648201121,-26.6962648575414,-10.0053935112977,99.9444598722577,24.1975587703436,1.57831379018235,0,1,51,refinement
43,9,0.0555401277422938,0.0555401277422938,0,-2.83356648201121,-27.0735716482356,-10.0053935112977,99.9444598722577,23.881103074141,1.9884970350885,0,1,52,refinement
44,0,0.194390447098028,0.194390447098028,0.0971952235490142,-0.663224823979846,-23.04055052906,-2.66573552830995,99.805609552902,27.3508137432188,0,0,0,44,refinement
44,1,0.111080255484588,0.111080255484588,0.0138850319355735,-2.34889281044585,-23.196126078095,-4.75534501162015,99.8889197445154,27.3259493670886,0.0378956754346857,0,0,45,refinement
44,2,0.0555401277422938,0.0555401277422938,0,-2.83356648201121,-23.6077102816954,-7.44441458973376,99.9444598722577,27.2332730560579,0.11754068716094,0,1,46,refinement
44,3,0.0555401277422938,0.0555401277422938,0,-2.83356648201121,-23.9502024076951,-9.74716268566073,99.9444598722577,27.0840867992767,0.266726943942134,0,1,47,refinement
44,4,0.0555401277422938,0.0555401277422938,0,-2.83356648201121,-24.2742103279708,-12.3629925427652,99.9444598722577,26.8964737793852,0.454339963833635,0,1,48,refinement
44,5,0.0555401277422938,0.0555401277422938,0,-2.83356648201121,-24.6616348440501,-12.7805242993767,99.9444598722577,26.6907775768535,0.66003616636528,0,1,49,refinement
44,6,0.0555401277422938,0.0555401277422938,0,-2.83356648201121,-25.9473155022445,-12.7805242993767,99.9444598722577,26.3856238698011,0.965189873417722,0,1,50,refinement
44,7,0.0555401277422938,0.0555401277422938,0,-2.83356648201121,-26.3648899327796,-12.7805242993767,99.9444598722577,26.1460216998192,1.20479204339964,0,1,51,refinement
44,8,0.0555401277422938,0.0555401277422938,0,-2.83356648201121,-26.7039914454014,-12.7805242993767,99.9444598722577,25.7866184448463,1.57831379018235,0,1,52,refinement
44,9,0.0555401277422938,0.0555401277422938,0,-2.83356648201121,-27.0981910541487,-12.7805242993767,99.9444598722577,25.4701627486438,1.9884970350885,0,1,53,refinement
45,0,0.194390447098028,0.194390447098028,0.0971952235490142,-0.663224823979846,-23.04055052906,-2.66573552830995,99.805609552902,28.1713381555154,0,0,0,45,refinement
45,1,0.111080255484588,0.111080255484588,0.0138850319355735,-2.34889281044585,-23.196126078095,-4.75534501162015,99.8889197445154,28.1464737793852,0.0378956754346857,0,0,46,refinement
45,2,0.0555401277422938,0.0555401277422938,0,-2.83356648201121,-23.6077102816954,-7.81007130344791,99.9444598722577,28.0537974683544,0.11754068716094,0,1,47,refinement
45,3,0.0555401277422938,0.0555401277422938,0,-2.83356648201121,-23.9502024076951,-9.74716268566073,99.9444598722577,27.9046112115732,0.266726943942134,0,1,48,refinement
45,4,0.0555401277422938,0.0555401277422938,0,-2.83356648201121,-24.2742103279708,-12.3629925427652,99.9444598722577,27.7169981916817,0.454339963833635,0,1,49,refinement
45,5,0.0555401277422938,0.0555401277422938,0,-2.83356648201121,-24.6616348440501,-12.7805242993767,99.9444598722577,27.5113019891501,0.66003616636528,0,1,50,refinement
45,6,0.0555401277422938,0.0555401277422938,0,-2.83356648201121,-25.9473155022445,-12.7805242993767,99.9444598722577,27.2061482820977,0.965189873417722,0,1,51,refinement
45,7,0.0555401277422938,0.0555401277422938,0,-2.83356648201121,-26.3648899327796,-12.7805242993767,99.9444598722577,26.9665461121157,1.20479204339964,0,1,52,refinement
45,8,0.0555401277422938,0.0555401277422938,0,-2.83356648201121,-26.7219501260101,-12.7805242993767,99.9444598722577,26.6071428571429,1.57831379018235,0,1,53,refinement
45,9,0.0555401277422938,0.0555401277422938,0,-2.83356648201121,-27.1006548799883,-12.7805242993767,99.9444598722577,26.2906871609403,1.9884970350885,0,1,54,refinement
46,0,0.194390447098028,0.194390447098028,0.0833101916134407,-0.663224823979846,-23.04055052906,-2.66573552830995,99.805609552902,28.8969258589512,0,0,0,46,refinement
46,1,0.0833101916134407,0.0833101916134407,0.0138850319355735,-2.34889281044585,-23.196126078095,-6.3556769330038,99.9166898083866,28.872061482821,0.0378956754346857,0,1,47,refinement
46,2,0.0277700638711469,0.0277700638711469,0,-2.83356648201121,-23.6137917566772,-9.54261075727585,99.9722299361289,28.7793851717902,0.11754068716094,0,1,48,refinement
46,3,0.0277700638711469,0.0277700638711469,0,-2.83356648201121,-23.9735718659652,-9.74716268566073,99.9722299361289,28.630198915009,0.266726943942134,0,1,49,refinement
46,4,0.0277700638711469,0.0277700638711469,0,-2.83356648201121,-24.2877530862111,-12.6685446555342,99.9722299361289,28.4425858951175,0.454339963833635,0,1,50,refinement
46,5,0.0277700638711469,0.0277700638711469,0,-2.83356648201121,-24.6773887057198,-13.7522182662575,99.9722299361289,28.2368896925859,0.66003616636528,0,1,51,refinement
46,6,0.0277700638711469,0.0277700638711469,0,-2.83356648201121,-25.99587732171,-13.7522182662575,99.9722299361289,27.9317359855335,0.965189873417722,0,1,52,refinement
46,7,0.0277700638711469,0.0277700638711469,0,-2.83356648201121,-26.3982149097906,-13.7522182662575,99.9722299361289,27.6921338155515,1.20479204339964,0,1,53,refinement
46,8,0.0277700638711469,0.0277700638711469,0,-2.83356648201121,-26.7612189753324,-13.7522182662575,99.9722299361289,27.3327305605787,1.57831379018235,0,1,54,refinement
46,9,0.0277700638711469,0.0277700638711469,0,-2.83356648201121,-27.1786404404199,-13.7522182662575,99.9722299361289,27.0162748643761,1.9884970350885,0,1,55,refinement
47,0,0.194390447098028,0.194390447098028,0.0833101916134407,-0.663224823979846,-23.0562640890845,-2.66573552830995,99.805609552902,29.5886075949367,0,0,0,47,refinement
47,1,0.0833101916134407,0.0833101916134407,0.0138850319355735,-2.34889281044585,-23.1996749034224,-6.3556769330038,99.9166898083866,29.5637432188065,0.0378956754346857,0,1,48,refinement
47,2,0.0277700638711469,0.0277700638711469,0,-2.83356648201121,-23.6350330659997,-9.54261075727585,99.9722299361289,29.4710669077758,0.11754068716094,0,1,49,refinement
47,3,0.0277700638711469,0.0277700638711469,0,-2.83356648201121,-23.9979209414592,-10.5895638009083,99.9722299361289,29.3218806509946,0.266726943942134,0,1,50,refinement
47,4,0.0277700638711469,0.0277700638711469,0,-2.83356648201121,-24.3144776786873,-13.4307175685792,99.9722299361289,29.1342676311031,0.454339963833635,0,1,51,refinement
47,5,0.0277700638711469,0.0277700638711469,0,-2.83356648201121,-24.6844550858509,-14.2370579720367,99.9722299361289,28.9285714285714,0.66003616636528,0,1,52,refinement
47,6,0.0277700638711469,0.0277700638711469,0,-2.83356648201121,-26.0013573161098,-14.2370579720367,99.9722299361289,28.623417721519,0.965189873417722,0,1,53,refinement
47,7,0.0277700638711469,0.0277700638711469,0,-2.83356648201121,-26.4136078804457,-14.2370579720367,99.9722299361289,28.3838155515371,1.20479204339964,0,1,54,refinement
47,8,0.0277700638711469,0.0277700638711469,0,-2.83356648201121,-26.7874098064631,-14.4527119911076,99.9722299361289,28.0244122965642,1.57831379018235,0,1,55,refinement
47,9,0.0277700638711469,0.0277700638711469,0,-2.83356648201121,-27.2226512295552,-14.4527119911076,99.9722299361289,27.7079566003617,1.9884970350885,0,1,56,refinement
48,0,0.194390447098028,0.194390447098028,0.0694251596778673,-0.663224823979846,-23.0597482198696,-2.75680188216302,99.805609552902,30.1808318264014,0,0,0,48,refinement
48,1,0.0555401277422938,0.0555401277422938,0.0138850319355735,-2.34889281044585,-23.2189897538133,-7.37168975895633,99.9444598722577,30.1559674502712,0.0378956754346857,0,1,49,refinement
48,2,0,0,0,-7.42314491297913,-23.6509078367712,-10.5416620180344,100,30.0632911392405,0.11754068716094,1,1,50,refinement
48,3,0,0,0,-9.57258976514213,-24.0097077174439,-10.5895638009083,100,29.9141048824593,0.266726943942134,1,1,51,refinement
48,4,0,0,0,-10.4073517469203,-24.3518987930683,-13.4307175685792,100,29.7264918625678,0.454339963833635,1,1,52,refinement
48,5,0,0,0,-12.5865918967383,-24.7140554454366,-14.2370579720367,100,29.5207956600362,0.66003616636528,1,1,53,refinement
48,6,0,0,0,-12.5865918967383,-26.0261122858378,-14.2370579720367,100,29.2156419529837,0.965189873417722,1,1,54,refinement
48,7,0,0,0,-12.5865918967383,-26.4276517637184,-14.2370579720367,100,28.9760397830018,1.20479204339964,1,1,55,refinement
48,8,0,0,0,-12.5865918967383,-26.8164915210797,-14.4527119911076,100,28.6166365280289,1.57831379018235,1,1,56,refinement
48,9,0,0,0,-12.5865918967383,-27.223889690641,-14.4527119911076,100,28.3001808318264,1.9884970350885,1,1,57,refinement
49,0,0.194390447098028,0.194390447098028,0.0694251596778673,-0.663224823979846,-23.0597482198696,-2.75680188216302,99.805609552902,30.8160036166365,0,0,0,49,refinement
49,1,0.0555401277422938,0.0555401277422938,0.0138850319355735,-2.34889281044585,-23.2189897538133,-7.37168975895633,99.9444598722577,30.7911392405063,0.0378956754346857,0,1,50,refinement
49,2,0,0,0,-7.42314491297913,-23.6509078367712,-10.5416620180344,100,30.6984629294756,0.11754068716094,1,1,51,refinement
49,3,0,0,0,-9.57258976514213,-24.0097077174439,-10.5895638009083,100,30.5492766726944,0.266726943942134,1,1,52,refinement
49,4,0,0,0,-10.4073517469203,-24.3518987930683,-13.4307175685792,100,30.3616636528029,0.454339963833635,1,1,53,refinement
49,5,0,0,0,-12.5865918967383,-24.7140554454366,-14.2370579720367,100,30.1559674502712,0.66003616636528,1,1,54,refinement
49,6,0,0,0,-12.5865918967383,-26.0261122858378,-14.2370579720367,100,29.8508137432188,0.965189873417722,1,1,55,refinement
49,7,0,0,0,-12.5865918967383,-26.4276517637184,-14.2370579720367,100,29.6112115732369,1.20479204339964,1,1,56,refinement
49,8,0,0,0,-12.5865918967383,-26.8164915210797,-14.4527119911076,100,29.251808318264,1.57831379018235,1,1,57,refinement
49,9,0,0,0,-12.5865918967383,-27.223889690641,-14.4527119911076,100,28.9353526220615,1.9884970350885,1,1,58,refinement
50,0,0.194390447098028,0.194390447098028,0.0694251596778673,-0.663224823979846,-23.0597482198696,-2.75680188216302,99.805609552902,31.4330922242315,0,0,0,50,refinement
50,1,0.0555401277422938,0.0555401277422938,0.0138850319355735,-2.34889281044585,-23.2189897538133,-7.37168975895633,99.9444598722577,31.4082278481013,0.0378956754346857,0,1,51,refinement
50,2,0,0,0,-7.42314491297913,-23.6509078367712,-10.5416620180344,100,31.3155515370705,0.11754068716094,1,1,52,refinement
50,3,0,0,0,-9.57258976514213,-24.0097077174439,-10.5895638009083,100,31.1663652802893,0.266726943942134,1,1,53,refinement
50,4,0,0,0,-10.4073517469203,-24.3518987930683,-13.4307175685792,100,30.9787522603978,0.454339963833635,1,1,54,refinement
50,5,0,0,0,-12.5865918967383,-24.7140554454366,-14.2370579720367,100,30.7730560578662,0.66003616636528,1,1,55,refinement
50,6,0,0,0,-12.5865918967383,-26.0261122858378,-14.2370579720367,100,30.4679023508137,0.965189873417722,1,1,56,refinement
50,7,0,0,0,-12.5865918967383,-26.4276517637184,-14.2370579720367,100,30.2283001808318,1.20479204339964,1,1,57,refinement
50,8,0,0,0,-12.5865918967383,-26.8164915210797,-14.4527119911076,100,29.868896925859,1.57831379018235,1,1,58,refinement
50,9,0,0,0,-12.5865918967383,-27.223889690641,-14.4527119911076,100,29.5524412296564,1.9884970350885,1,1,59,refinement
51,0,0.194390447098028,0.194390447098028,0.0694251596778673,-0.663224823979846,-23.0597482198696,-2.75680188216302,99.805609552902,32.0162748643761,0,0,0,51,refinement
51,1,0.0555401277422938,0.0555401277422938,0.0138850319355735,-2.34889281044585,-23.2189897538133,-7.37168975895633,99.9444598722577,31.9914104882459,0.0378956754346857,0,1,52,refinement
51,2,0,0,0,-7.42314491297913,-23.6509078367712,-10.5416620180344,100,31.8987341772152,0.11754068716094,1,1,53,refinement
51,3,0,0,0,-9.57258976514213,-24.0097077174439,-10.5895638009083,100,31.749547920434,0.266726943942134,1,1,54,refinement
51,4,0,0,0,-10.4073517469203,-24.3518987930683,-13.4307175685792,100,31.5619349005425,0.454339963833635,1,1,55,refinement
51,5,0,0,0,-12.5865918967383,-24.7140554454366,-14.2370579720367,100,31.3562386980108,0.66003616636528,1,1,56,refinement
51,6,0,0,0,-12.5865918967383,-26.0261122858378,-14.2370579720367,100,31.0510849909584,0.965189873417722,1,1,57,refinement
51,7,0,0,0,-12.5865918967383,-26.4276517637184,-14.2370579720367,100,30.8114828209765,1.20479204339964,1,1,58,refinement
51,8,0,0,0,-12.5865918967383,-26.8164915210797,-14.4527119911076,100,30.4520795660036,1.57831379018235,1,1,59,refinement
51,9,0,0,0,-12.5865918967383,-27.223889690641,-14.4527119911076,100,30.1356238698011,1.9884970350885,1,1,60,refinement
52,0,0.194390447098028,0.194390447098028,0.0694251596778673,-0.663224823979846,-23.0597482198696,-2.75680188216302,99.805609552902,32.5226039783002,0,0,0,52,refinement
52,1,0.0555401277422938,0.0555401277422938,0.0138850319355735,-2.34889281044585,-23.2189897538133,-7.37168975895633,99.9444598722577,32.49773960217,0.0378956754346857,0,1,53,refinement
52,2,0,0,0,-7.42314491297913,-23.6509078367712,-10.5416620180344,100,32.4050632911392,0.11754068716094,1,1,54,refinement
52,3,0,0,0,-9.57258976514213,-24.0097077174439,-10.5895638009083,100,32.2558770343581,0.266726943942134,1,1,55,refinement
52,4,0,0,0,-10.4073517469203,-24.3518987930683,-13.4307175685792,100,32.0682640144665,0.454339963833635,1,1,56,refinement
52,5,0,0,0,-12.5865918967383,-24.7140554454366,-14.2370579720367,100,31.8625678119349,0.66003616636528,1,1,57,refinement
52,6,0,0,0,-12.5865918967383,-26.0261122858378,-14.2370579720367,100,31.5574141048825,0.965189873417722,1,1,58,refinement
52,7,0,0,0,-12.5865918967383,-26.4276517637184,-14.2370579720367,100,31.3178119349005,1.20479204339964,1,1,59,refinement
52,8,0,0,0,-12.5865918967383,-26.8164915210797,-14.4527119911076,100,30.9584086799277,1.57831379018235,1,1,60,refinement
52,9,0,0,0,-12.5865918967383,-27.223889690641,-14.4527119911076,100,30.6419529837251,1.9884970350885,1,1,61,refinement
53,0,0.194390447098028,0.194390447098028,0.0694251596778673,-0.663224823979846,-23.0597482198696,-2.75680188216302,99.805609552902,33.0108499095841,0,0,0,53,refinement
53,1,0.0555401277422938,0.0555401277422938,0.0138850319355735,-2.34889281044585,-23.2189897538133,-7.37168975895633,99.9444598722577,32.9859855334539,0.0378956754346857,0,1,54,refinement
53,2,0,0,0,-7.42314491297913,-23.6509078367712,-10.5416620180344,100,32.8933092224231,0.11754068716094,1,1,55,refinement
53,3,0,0,0,-9.57258976514213,-24.0097077174439,-10.5897161053214,100,32.7441229656419,0.266726943942134,1,1,56,refinement
53,4,0,0,0,-10.4073517469203,-24.3518987930683,-13.4307175685792,100,32.5565099457504,0.454339963833635,1,1,57,refinement
53,5,0,0,0,-12.5865918967383,-24.7140554454366,-14.2370579720367,100,32.3508137432188,0.66003616636528,1,1,58,refinement
53,6,0,0,0,-12.5865918967383,-26.0261122858378,-14.2370579720367,100,32.0456600361664,0.965189873417722,1,1,59,refinement
53,7,0,0,0,-12.5865918967383,-26.4276517637184,-14.2370579720367,100,31.8060578661844,1.20479204339964,1,1,60,refinement
53,8,0,0,0,-12.5865918967383,-26.8164915210797,-14.4527119911076,100,31.4466546112116,1.57831379018235,1,1,61,refinement
53,9,0,0,0,-12.5865918967383,-27.223889690641,-14.4527119911076,100,31.130198915009,1.9884970350885,1,1,62,refinement
54,0,0.194390447098028,0.194390447098028,0.0694251596778673,-0.663224823979846,-23.0597482198696,-2.75680188216302,99.805609552902,33.5465641952984,0,0,0,54,refinement
54,1,0.0555401277422938,0.0555401277422938,0.0138850319355735,-2.34889281044585,-23.2189897538133,-7.37168975895633,99.9444598722577,33.5216998191682,0.0378956754346857,0,1,55,refinement
54,2,0,0,0,-7.42314491297913,-23.6509078367712,-10.5421634211949,100,33.4290235081374,0.11754068716094,1,1,56,refinement
54,3,0,0,0,-9.57258976514213,-24.0097077174439,-10.5902175084819,100,33.2798372513562,0.266726943942134,1,1,57,refinement
54,4,0,0,0,-10.4079094812479,-24.3518987930683,-13.4307175685792,100,33.0922242314647,0.454339963833635,1,1,58,refinement
54,5,0,0,0,-12.5865918967383,-24.7140554454366,-14.2370579720367,100,32.8865280289331,0.66003616636528,1,1,59,refinement
54,6,0,0,0,-12.5865918967383,-26.0261122858378,-14.2370579720367,100,32.5813743218807,0.965189873417722,1,1,60,refinement
54,7,0,0,0,-12.5865918967383,-26.4276517637184,-14.2370579720367,100,32.3417721518987,1.20479204339964,1,1,61,refinement
54,8,0,0,0,-12.5865918967383,-26.8164915210797,-14.4527119911076,100,31.9823688969259,1.57831379018235,1,1,62,refinement
54,9,0,0,0,-12.5865918967383,-27.223889690641,-14.4527119911076,100,31.6659132007233,1.9884970350885,1,1,63,refinement
55,0,0.194390447098028,0.194390447098028,0.0694251596778673,-0.663224823979846,-23.0597482198696,-2.75680188216302,99.805609552902,34.0732368896926,0,0,0,55,refinement
55,1,0.0555401277422938,0.0555401277422938,0.0138850319355735,-2.34889281044585,-23.2189897538133,-7.37168975895633,99.9444598722577,34.0483725135624,0.0378956754346857,0,1,56,refinement
55,2,0,0,0,-7.42314491297913,-23.6509078367712,-10.5421634211949,100,33.9556962025316,0.11754068716094,1,1,57,refinement
55,3,0,0,0,-9.57258976514213,-24.0097077174439,-10.5902175084819,100,33.8065099457504,0.266726943942134,1,1,58,refinement
55,4,0,0,0,-10.4079094812479,-24.3518987930683,-13.4307175685792,100,33.6188969258589,0.454339963833635,1,1,59,refinement
55,5,0,0,0,-12.5865918967383,-24.7144224634433,-14.2370579720367,100,33.4132007233273,0.66003616636528,1,1,60,refinement
55,6,0,0,0,-12.5865918967383,-26.0551441740761,-14.2370579720367,100,33.1080470162749,0.965189873417722,1,1,61,refinement
55,7,0,0,0,-12.5865918967383,-26.4471303911966,-14.2370579720367,100,32.8684448462929,1.20479204339964,1,1,62,refinement
55,8,0,0,0,-12.5865918967383,-26.8299709981626,-14.4527119911076,100,32.5090415913201,1.57831379018235,1,1,63,refinement
55,9,0,0,0,-12.5865918967383,-27.2286485830786,-14.4527119911076,100,32.1925858951175,1.9884970350885,1,1,64,refinement
56,0,0.194390447098028,0.194390447098028,0.0694251596778673,-0.663224823979846,-23.0657697053529,-2.75680188216302,99.805609552902,34.624773960217,0,0,0,56,refinement
56,1,0.0555401277422938,0.0555401277422938,0.0138850319355735,-2.34889281044585,-23.2350118911943,-7.37168975895633,99.9444598722577,34.5999095840868,0.0378956754346857,0,1,57,refinement
56,2,0,0,0,-7.42314491297913,-23.6631533025972,-10.5421634211949,100,34.5072332730561,0.11754068716094,1,1,58,refinement
56,3,0,0,0,-9.57285275386013,-24.0145451457066,-10.5902175084819,100,34.3580470162749,0.266726943942134,1,1,59,refinement
56,4,0,0,0,-10.4079094812479,-24.3807759067003,-13.4307175685792,100,34.1704339963834,0.454339963833635,1,1,60,refinement
56,5,0,0,0,-12.5865918967383,-24.7577049632157,-14.2370579720367,100,33.9647377938517,0.66003616636528,1,1,61,refinement
56,6,0,0,0,-12.5865918967383,-26.0769134580067,-14.2370579720367,100,33.6595840867993,0.965189873417722,1,1,62,refinement
56,7,0,0,0,-12.5865918967383,-26.458968702667,-14.2370579720367,100,33.4199819168174,1.20479204339964,1,1,63,refinement
56,8,0,0,0,-12.5865918967383,-26.8442708199723,-14.4527119911076,100,33.0605786618445,1.57831379018235,1,1,64,refinement
56,9,0,0,0,-12.5865918967383,-27.2508933400506,-14.4527119911076,100,32.7441229656419,1.9884970350885,1,1,65,refinement
57,0,0.194390447098028,0.194390447098028,0.0694251596778673,-0.663224823979846,-23.0657697053529,-2.75680188216302,99.805609552902,35.1921338155515,0,0,0,57,refinement
57,1,0.0555401277422938,0.0555401277422938,0.0138850319355735,-2.34889281044585,-23.2350118911943,-7.37168975895633,99.9444598722577,35.1672694394213,0.0378956754346857,0,1,58,refinement
57,2,0,0,0,-7.42314491297913,-23.6631533025972,-10.5421634211949,100,35.0745931283906,0.11754068716094,1,1,59,refinement
57,3,0,0,0,-9.57285275386013,-24.0145451457066,-10.5902175084819,100,34.9254068716094,0.266726943942134,1,1,60,refinement
57,4,0,0,0,-10.4079094812479,-24.3807759067003,-13.4307175685792,100,34.7377938517179,0.454339963833635,1,1,61,refinement
57,5,0,0,0,-12.5865918967383,-24.7577049632157,-14.2370579720367,100,34.5320976491863,0.66003616636528,1,1,62,refinement
57,6,0,0,0,-12.5865918967383,-26.0769134580067,-14.2370579720367,100,34.2269439421338,0.965189873417722,1,1,63,refinement
57,7,0,0,0,-12.5865918967383,-26.458968702667,-14.2370579720367,100,33.9873417721519,1.20479204339964,1,1,64,refinement
57,8,0,0,0,-12.5865918967383,-26.8442708199723,-14.4527119911076,100,33.627938517179,1.57831379018235,1,1,65,refinement
57,9,0,0,0,-12.5865918967383,-27.2508933400506,-14.4527119911076,100,33.3114828209765,1.9884970350885,1,1,66,refinement
163.230511085598,0,0.194390447098028,0.194390447098028,0.0694251596778673,-0.663224823979846,-23.2189897538133,-2.75680188216302,99.805609552902,100,0,0,0,163.230511085598,refinement
163.230511085598,1,0.0555401277422938,0.0555401277422938,0.0138850319355735,-2.34889281044585,-23.3577922754788,-7.37168975895633,99.9444598722577,99.9754781755763,0.0378956754346857,0,1,164.230511085598,refinement
163.230511085598,2,0,0,0,-7.42314491297913,-23.7621522695934,-10.5421634211949,100,99.9219760131972,0.11754068716094,1,1,165.230511085598,refinement
163.230511085598,3,0,0,0,-9.57285275386013,-24.1944105012113,-10.5902175084819,100,99.796463275847,0.266726943942134,1,1,166.230511085598,refinement
163.230511085598,4,0,0,0,-10.4079094812479,-24.5970167600418,-13.4307175685792,100,99.6790013374944,0.454339963833635,1,1,167.230511085598,refinement
163.230511085598,5,0,0,0,-12.5865918967383,-25.1129225050919,-14.2370579720367,100,99.5541685242978,0.66003616636528,1,1,168.230511085598,refinement
163.230511085598,6,0,0,0,-12.5865918967383,-26.3648899327796,-14.2370579720367,100,99.3379402585823,0.965189873417722,1,1,169.230511085598,refinement
163.230511085598,7,0,0,0,-12.5865918967383,-26.8760454326521,-14.2370579720367,100,99.0994204190816,1.20479204339964,1,1,170.230511085598,refinement
163.230511085598,8,0,0,0,-12.5865918967383,-27.1149062431963,-15.0927010648721,100,98.7761925991975,1.57831379018235,1,1,171.230511085598,refinement
163.230511085598,9,0,0,0,-12.5865918967383,-27.6303840156252,-15.0927010648721,100,98.4507356219349,1.9884970350885,1,1,172.230511085598,refinement
163.230511085598,163.230511085598,0,0,0,-2969.09346595255,-2969.09346595255,-2969.09346595255,100,0,100,1,1,326.461022171197,refinement
37.5,0.5,0.277700638711469,0.277700638711469,0.0833101916134407,0.297951019346513,-22.9788473613283,-2.86922707845306,99.7222993612885,20.2726954390265,0.00891702706317714,0,0,38,final
37.5,1,0.166620383226881,0.166620383226881,0.0694251596778673,0.297951019346513,-23.0657697053529,-2.86922707845306,99.8333796167731,20.2420555020573,0.0378956754346857,0,0,38.5,final
37.5,1.5,0.166620383226881,0.166620383226881,0.0416550958067204,0.297951019346513,-23.2385049681314,-2.86922707845306,99.8333796167731,20.2245469666462,0.0713330361123495,0,0,39,final
37.5,2,0.138850319355735,0.138850319355735,0.0416550958067204,0.297951019346513,-23.5066877881037,-3.03530127937541,99.8611496806443,20.1851527619715,0.11754068716094,0,0,39.5,final
37.5,2.5,0.138850319355735,0.138850319355735,0.0416550958067204,0.297951019346513,-23.6631533025972,-3.03530127937541,99.8611496806443,20.1545128250022,0.180831826401447,0,0,40,final
37.5,3,0.138850319355735,0.138850319355735,0.0416550958067204,0.297951019346513,-23.900324018786,-3.03530127937541,99.8611496806443,20.0691587148735,0.266726943942134,0,0,40.5,final
37.5,3.5,0.138850319355735,0.138850319355735,0.0416550958067204,0.297951019346513,-24.025734593191,-3.03530127937541,99.8611496806443,20.0022291573785,0.361663652802893,0,0,41,final
38,0.5,0.249930574840322,0.249930574840322,0.0694251596778673,0.297951019346513,-22.9788473613283,-3.82137960218615,99.7500694251597,20.7289344627731,0.00891702706317714,0,0,38.5,final
38,1,0.138850319355735,0.138850319355735,0.0555401277422938,0.297951019346513,-23.0657697053529,-4.02148365582372,99.8611496806443,20.6977262594739,0.0378956754346857,0,0,39,final
38,1.5,0.138850319355735,0.138850319355735,0.0277700638711469,0.297951019346513,-23.2385049681314,-4.02148365582372,99.8611496806443,20.6642888987963,0.0713330361123495,0,0,39.5,final
38,2,0.111080255484588,0.111080255484588,0.0277700638711469,0.297951019346513,-23.5066877881037,-5.80863298403683,99.8889197445154,20.6263932233616,0.11754068716094,0,0,40,final
38,2.5,0.111080255484588,0.111080255484588,0.0277700638711469,0.297951019346513,-23.6631533025972,-5.80863298403683,99.8889197445154,20.5773517610343,0.180831826401447,0,0,40.5,final
38,3,0.111080255484588,0.111080255484588,0.0277700638711469,0.297951019346513,-23.900324018786,-5.80863298403683,99.8889197445154,20.5127061970575,0.266726943942134,0,0,41,final
38,3.5,0.111080255484588,0.111080255484588,0.0277700638711469,0.297951019346513,-24.025734593191,-5.80863298403683,99.8889197445154,20.4748105216228,0.361663652802893,0,0,41.5,final
38.5,0.5,0.249930574840322,0.249930574840322,0.0694251596778673,0.297951019346513,-22.9806957242792,-3.82137960218615,99.7500694251597,21.1087280049024,0.00891702706317714,0,0,39,final
38.5,1,0.138850319355735,0.138850319355735,0.0555401277422938,0.297951019346513,-23.0893727385225,-4.02148365582372,99.8611496806443,21.0780880679331,0.0378956754346857,0,0,39.5,final
38.5,1.5,0.138850319355735,0.138850319355735,0.0277700638711469,0.297951019346513,-23.2466139905934,-4.02148365582372,99.8611496806443,21.0605795325221,0.0713330361123495,0,0,40,final
38.5,2,0.111080255484588,0.111080255484588,0.0277700638711469,0.297951019346513,-23.5263686403024,-5.80863298403683,99.8889197445154,21.0211853278473,0.11754068716094,0,0,40.5,final
38.5,2.5,0.111080255484588,0.111080255484588,0.0277700638711469,0.297951019346513,-23.6789998381483,-5.80863298403683,99.8889197445154,20.9905453908781,0.180831826401447,0,0,41,final
38.5,3,0.111080255484588,0.111080255484588,0.0277700638711469,0.297951019346513,-23.9040290223521,-5.80863298403683,99.8889197445154,20.9051912807494,0.266726943942134,0,0,41.5,final
38.5,3.5,0.111080255484588,0.111080255484588,0.0277700638711469,0.297951019346513,-24.0515555082464,-5.80863298403683,99.8889197445154,20.8242143044734,0.361663652802893,0,0,42,final
39,0.5,0.222160510969175,0.222160510969175,0.0694251596778673,-0.603829118412079,-22.9806957242792,-3.82137960218615,99.7778394890308,21.5026700516502,0.00891702706317714,0,0,39.5,final
39,1,0.111080255484588,0.111080255484588,0.0555401277422938,-0.603829118412079,-23.0893727385225,-4.75534501162015,99.8889197445154,21.4720301146809,0.0378956754346857,0,0,40,final
39,1.5,0.111080255484588,0.111080255484588,0.0277700638711469,-0.603829118412079,-23.2466139905934,-5.59483403494967,99.8889197445154,21.4545215792699,0.0713330361123495,0,0,40.5,final
39,2,0.0833101916134407,0.0833101916134407,0.0277700638711469,-0.603829118412079,-23.5263686403024,-7.44441458973376,99.9166898083866,21.4151273745951,0.11754068716094,0,1,41,final
39,2.5,0.0833101916134407,0.0833101916134407,0.0277700638711469,-0.603829118412079,-23.6789998381483,-8.60245043969077,99.9166898083866,21.3844874376258,0.180831826401447,0,1,41.5,final
39,3,0.0833101916134407,0.0833101916134407,0.0277700638711469,-0.603829118412079,-23.9040290223521,-8.60245043969077,99.9166898083866,21.2991333274972,0.266726943942134,0,1,42,final
39,3.5,0.0833101916134407,0.0833101916134407,0.0277700638711469,-0.603829118412079,-24.0515555082464,-8.60245043969077,99.9166898083866,21.2181563512212,0.361663652802893,0,1,42.5,final
39.5,0.5,0.194390447098028,0.194390447098028,0.0694251596778673,-2.34889281044585,-22.9836854173585,-3.82137960218615,99.805609552902,21.9754005077475,0.00891702706317714,0,0,40,final
39.5,1,0.111080255484588,0.111080255484588,0.0416550958067204,-2.34889281044585,-23.1118586042036,-4.75534501162015,99.8889197445154,21.9447605707783,0.0378956754346857,0,0,40.5,final
39.5,1.5,0.0833101916134407,0.0833101916134407,0.0277700638711469,-2.75843239544872,-23.2584139682956,-6.65534466074954,99.9166898083866,21.9272520353672,0.0713330361123495,0,1,41,final
39.5,2,0.0555401277422938,0.0555401277422938,0.0277700638711469,-2.75843239544872,-23.5484690607297,-7.44441458973376,99.9444598722577,21.8878578306925,0.11754068716094,0,1,41.5,final
39.5,2.5,0.0555401277422938,0.0555401277422938,0.0277700638711469,-2.75843239544872,-23.6851765783257,-9.05318984143641,99.9444598722577,21.8572178937232,0.180831826401447,0,1,42,final
39.5,3,0.0555401277422938,0.0555401277422938,0.0277700638711469,-2.75843239544872,-23.9132359018827,-9.05318984143641,99.9444598722577,21.7718637835945,0.266726943942134,0,1,42.5,final
39.5,3.5,0.0555401277422938,0.0555401277422938,0.0277700638711469,-2.75843239544872,-24.0821348727701,-9.05318984143641,99.9444598722577,21.6908868073186,0.361663652802893,0,1,43,final
40,0.5,0.194390447098028,0.194390447098028,0.0694251596778673,-2.34889281044585,-22.9836854173585,-3.82137960218615,99.805609552902,22.4502712477396,0.00891702706317714,0,0,40.5,final
40,1,0.111080255484588,0.111080255484588,0.0416550958067204,-2.34889281044585,-23.1118586042036,-4.75534501162015,99.8889197445154,22.4276672694394,0.0378956754346857,0,0,41,final
40,1.5,0.0833101916134407,0.0833101916134407,0.0277700638711469,-2.75843239544872,-23.2584139682956,-6.65534466074954,99.9166898083866,22.3937613019892,0.0713330361123495,0,1,41.5,final
40,2,0.0555401277422938,0.0555401277422938,0.0277700638711469,-2.75843239544872,-23.5484690607297,-7.44441458973376,99.9444598722577,22.3349909584087,0.11754068716094,0,1,42,final
40,2.5,0.0555401277422938,0.0555401277422938,0.0277700638711469,-2.75843239544872,-23.6851765783257,-9.05318984143641,99.9444598722577,22.2716998191682,0.180831826401447,0,1,42.5,final
40,3,0.0555401277422938,0.0555401277422938,0.0277700638711469,-2.75843239544872,-23.9132359018827,-9.05318984143641,99.9444598722577,22.1858047016275,0.266726943942134,0,1,43,final
40,3.5,0.0555401277422938,0.0555401277422938,0.0277700638711469,-2.75843239544872,-24.0821348727701,-9.05318984143641,99.9444598722577,22.1045259564037,0.361663652802893,0,1,43.5,final
40.5,0.5,0.138850319355735,0.138850319355735,0.0694251596778673,-2.34889281044585,-22.9836854173585,-3.82137960218615,99.8611496806443,22.997287522604,0.00891702706317714,0,0,41,final
40.5,1,0.111080255484588,0.111080255484588,0.0138850319355735,-2.34889281044585,-23.1118586042036,-4.75534501162015,99.8889197445154,22.9746835443038,0.0378956754346857,0,0,41.5,final
40.5,1.5,0.0555401277422938,0.0555401277422938,0.0138850319355735,-2.83356648201121,-23.2584139682956,-6.8923624061079,99.9444598722577,22.9407775768535,0.0713330361123495,0,1,42,final
40.5,2,0.0555401277422938,0.0555401277422938,0,-2.83356648201121,-23.5484690607297,-7.44441458973376,99.9444598722577,22.8820072332731,0.11754068716094,0,1,42.5,final
40.5,2.5,0.0555401277422938,0.0555401277422938,0,-2.83356648201121,-23.6851765783257,-9.52790401454749,99.9444598722577,22.8187160940325,0.180831826401447,0,1,43,final
40.5,3,0.0555401277422938,0.0555401277422938,0,-2.83356648201121,-23.9132359018827,-9.52790401454749,99.9444598722577,22.7328209764919,0.266726943942134,0,1,43.5,final
40.5,3.5,0.0555401277422938,0.0555401277422938,0,-2.83356648201121,-24.0821348727701,-9.52790401454749,99.9444598722577,22.6378842676311,0.361663652802893,0,1,44,final
46.5,0.5,0.138850319355735,0.138850319355735,0.0555401277422938,-2.34889281044585,-23.0562640890845,-3.98838183304865,99.8611496806443,29.2631103074141,0.00891702706317714,0,0,47,final
46.5,1,0.0833101916134407,0.0833101916134407,0.0138850319355735,-2.34889281044585,-23.1996749034224,-6.3556769330038,99.9166898083866,29.2405063291139,0.0378956754346857,0,1,47.5,final
46.5,1.5,0.0277700638711469,0.0277700638711469,0.0138850319355735,-2.83356648201121,-23.4084414482666,-7.39820656453426,99.9722299361289,29.2066003616637,0.0713330361123495,0,1,48,final
46.5,2,0.0277700638711469,0.0277700638711469,0,-2.83356648201121,-23.6350330659997,-9.54261075727585,99.9722299361289,29.1478300180832,0.11754068716094,0,1,48.5,final
46.5,2.5,0.0277700638711469,0.0277700638711469,0,-2.83356648201121,-23.7517406146066,-9.74716268566073,99.9722299361289,29.0845388788427,0.180831826401447,0,1,49,final
46.5,3,0.0277700638711469,0.0277700638711469,0,-2.83356648201121,-23.9979209414592,-9.74716268566073,99.9722299361289,28.998643761302,0.266726943942134,0,1,49.5,final
46.5,3.5,0.0277700638711469,0.0277700638711469,0,-2.83356648201121,-24.1944105012113,-12.2493226905246,99.9722299361289,28.9037070524412,0.361663652802893,0,1,50,final
47,0.5,0.138850319355735,0.138850319355735,0.0555401277422938,-2.34889281044585,-23.0562640890845,-3.98838183304865,99.8611496806443,29.5863471971067,0.00891702706317714,0,0,47.5,final
47,1,0.0833101916134407,0.0833101916134407,0.0138850319355735,-2.34889281044585,-23.1996749034224,-6.3556769330038,99.9166898083866,29.5637432188065,0.0378956754346857,0,1,48,final
47,1.5,0.0277700638711469,0.0277700638711469,0.0138850319355735,-2.83356648201121,-23.4084414482666,-7.39820656453426,99.9722299361289,29.5298372513562,0.0713330361123495,0,1,48.5,final
47,2,0.0277700638711469,0.0277700638711469,0,-2.83356648201121,-23.6350330659997,-9.54261075727585,99.9722299361289,29.4710669077758,0.11754068716094,0,1,49,final
47,2.5,0.0277700638711469,0.0277700638711469,0,-2.83356648201121,-23.7517406146066,-10.5416620180344,99.9722299361289,29.4077757685353,0.180831826401447,0,1,49.5,final
47,3,0.0277700638711469,0.0277700638711469,0,-2.83356648201121,-23.9979209414592,-10.5895638009083,99.9722299361289,29.3218806509946,0.266726943942134,0,1,50,final
47,3.5,0.0277700638711469,0.0277700638711469,0,-2.83356648201121,-24.1944105012113,-12.6682998471247,99.9722299361289,29.2269439421338,0.361663652802893,0,1,50.5,final
47.5,0.5,0.138850319355735,0.138850319355735,0.0416550958067204,-2.34889281044585,-23.0597482198696,-5.27932599125877,99.8611496806443,29.875678119349,0.00891702706317714,0,0,48,final
47.5,1,0.0555401277422938,0.0555401277422938,0.0138850319355735,-2.34889281044585,-23.2189897538133,-7.37168975895633,99.9444598722577,29.8530741410488,0.0378956754346857,0,1,48.5,final
47.5,1.5,0.0277700638711469,0.0277700638711469,0,-3.85540945490138,-23.4173225334157,-7.44441458973376,99.9722299361289,29.8191681735986,0.0713330361123495,0,1,49,final
47.5,2,0,0,0,-7.42314491297913,-23.6509078367712,-10.5416620180344,100,29.7603978300181,0.11754068716094,1,1,49.5,final
47.5,2.5,0,0,0,-9.57258976514213,-23.7621522695934,-10.5416620180344,100,29.6971066907776,0.180831826401447,1,1,50,final
47.5,3,0,0,0,-9.57258976514213,-24.0097077174439,-10.5895638009083,100,29.6112115732369,0.266726943942134,1,1,50.5,final
47.5,3.5,0,0,0,-9.57258976514213,-24.219843335006,-12.6682998471247,100,29.5162748643761,0.361663652802893,1,1,51,final
48,0.5,0.138850319355735,0.138850319355735,0.0416550958067204,-2.34889281044585,-23.0597482198696,-5.27932599125877,99.8611496806443,30.1785714285714,0.00891702706317714,0,0,48.5,final
48,1,0.0555401277422938,0.0555401277422938,0.0138850319355735,-2.34889281044585,-23.2189897538133,-7.37168975895633,99.9444598722577,30.1559674502712,0.0378956754346857,0,1,49,final
48,1.5,0.0277700638711469,0.0277700638711469,0,-3.85540945490138,-23.4173225334157,-7.44441458973376,99.9722299361289,30.122061482821,0.0713330361123495,0,1,49.5,final
48,2,0,0,0,-7.42314491297913,-23.6509078367712,-10.5416620180344,100,30.0632911392405,0.11754068716094,1,1,50,final
48,2.5,0,0,0,-9.57258976514213,-23.7621522695934,-10.5416620180344,100,30,0.180831826401447,1,1,50.5,final
48,3,0,0,0,-9.57258976514213,-24.0097077174439,-10.5895638009083,100,29.9141048824593,0.266726943942134,1,1,51,final
48,3.5,0,0,0,-9.57258976514213,-24.219843335006,-12.6682998471247,100,29.8191681735986,0.361663652802893,1,1,51.5,final
48.5,0.5,0.138850319355735,0.138850319355735,0.0416550958067204,-2.34889281044585,-23.0597482198696,-5.27932599125877,99.8611496806443,30.5153707052441,0.00891702706317714,0,0,49,final
48.5,1,0.0555401277422938,0.0555401277422938,0.0138850319355735,-2.34889281044585,-23.2189897538133,-7.37168975895633,99.9444598722577,30.4927667269439,0.0378956754346857,0,1,49.5,final
48.5,1.5,0.0277700638711469,0.0277700638711469,0,-3.85540945490138,-23.4173225334157,-7.44441458973376,99.9722299361289,30.4588607594937,0.0713330361123495,0,1,50,final
48.5,2,0,0,0,-7.42314491297913,-23.6509078367712,-10.5416620180344,100,30.4000904159132,0.11754068716094,1,1,50.5,final
48.5,2.5,0,0,0,-9.57258976514213,-23.7621522695934,-10.5416620180344,100,30.3367992766727,0.180831826401447,1,1,51,final
48.5,3,0,0,0,-9.57258976514213,-24.0097077174439,-10.5895638009083,100,30.250904159132,0.266726943942134,1,1,51.5,final
48.5,3.5,0,0,0,-9.57258976514213,-24.219843335006,-12.6682998471247,100,30.1559674502712,0.361663652802893,1,1,52,final
49,0.5,0.138850319355735,0.138850319355735,0.0416550958067204,-2.34889281044585,-23.0597482198696,-5.27932599125877,99.8611496806443,30.8137432188065,0.00891702706317714,0,0,49.5,final
49,1,0.0555401277422938,0.0555401277422938,0.0138850319355735,-2.34889281044585,-23.2189897538133,-7.37168975895633,99.9444598722577,30.7911392405063,0.0378956754346857,0,1,50,final
49,1.5,0.0277700638711469,0.0277700638711469,0,-3.85540945490138,-23.4173225334157,-7.44441458973376,99.9722299361289,30.7572332730561,0.0713330361123495,0,1,50.5,final
49,2,0,0,0,-7.42314491297913,-23.6509078367712,-10.5416620180344,100,30.6984629294756,0.11754068716094,1,1,51,final
49,2.5,0,0,0,-9.57258976514213,-23.7621522695934,-10.5416620180344,100,30.6351717902351,0.180831826401447,1,1,51.5,final
49,3,0,0,0,-9.57258976514213,-24.0097077174439,-10.5895638009083,100,30.5492766726944,0.266726943942134,1,1,52,final
49,3.5,0,0,0,-9.57258976514213,-24.219843335006,-12.6682998471247,100,30.4543399638336,0.361663652802893,1,1,52.5,final
49.5,0.5,0.138850319355735,0.138850319355735,0.0416550958067204,-2.34889281044585,-23.0597482198696,-5.27932599125877,99.8611496806443,31.1460216998192,0.00891702706317714,0,0,50,final
49.5,1,0.0555401277422938,0.0555401277422938,0.0138850319355735,-2.34889281044585,-23.2189897538133,-7.37168975895633,99.9444598722577,31.123417721519,0.0378956754346857,0,1,50.5,final
49.5,1.5,0.0277700638711469,0.0277700638711469,0,-3.85540945490138,-23.4173225334157,-7.44441458973376,99.9722299361289,31.0895117540687,0.0713330361123495,0,1,51,final
49.5,2,0,0,0,-7.42314491297913,-23.6509078367712,-10.5416620180344,100,31.0307414104882,0.11754068716094,1,1,51.5,final
49.5,2.5,0,0,0,-9.57258976514213,-23.7621522695934,-10.5416620180344,100,30.9674502712477,0.180831826401447,1,1,52,final
49.5,3,0,0,0,-9.57258976514213,-24.0097077174439,-10.5895638009083,100,30.8815551537071,0.266726943942134,1,1,52.5,final
49.5,3.5,0,0,0,-9.57258976514213,-24.219843335006,-12.6682998471247,100,30.7866184448463,0.361663652802893,1,1,53,final
163.230511085598,0.5,0.138850319355735,0.138850319355735,0.0416550958067204,-2.34889281044585,-23.2189897538133,-5.27932599125877,99.8611496806443,100,0.00891702706317714,0,0,163.730511085598,final
163.230511085598,1,0.0555401277422938,0.0555401277422938,0.0138850319355735,-2.34889281044585,-23.3577922754788,-7.37168975895633,99.9444598722577,99.9754781755763,0.0378956754346857,0,1,164.230511085598,final
163.230511085598,1.5,0.0277700638711469,0.0277700638711469,0,-3.85540945490138,-23.5802413297678,-7.44441458973376,99.9722299361289,99.9531856079183,0.0713330361123495,0,1,164.730511085598,final
163.230511085598,2,0,0,0,-7.42314491297913,-23.7621522695934,-10.5421634211949,100,99.9219760131972,0.11754068716094,1,1,165.230511085598,final
163.230511085598,2.5,0,0,0,-9.57285275386013,-23.900324018786,-10.5421634211949,100,99.8929956752419,0.180831826401447,1,1,165.730511085598,final
163.230511085598,3,0,0,0,-9.57285275386013,-24.1944105012113,-10.5902175084819,100,99.796463275847,0.266726943942134,1,1,166.230511085598,final
163.230511085598,3.5,0,0,0,-9.57285275386013,-24.4025002962645,-12.6682998471247,100,99.7391885867142,0.361663652802893,1,1,166.730511085598,final
163.230511085598,163.230511085598,0,0,0,-2969.09346595255,-2969.09346595255,-2969.09346595255,100,0,100,1,1,326.461022171197,final
