Time,AggregateInterferenceDbm,IOverNDb,DominantSatelliteIndex,VisibleSatelliteCount,EligibleCandidateCount,CandidateSatelliteCount,EffectiveContributorCount,PracticalSelectedIOverNDb
01-Aug-2026 00:00:00,-136.369892331785,-28.9368025984494,0,25,25,25,10,-28.9368025984494
01-Aug-2026 00:00:02,-137.127185372397,-29.694095639062,0,25,25,25,10,-29.694095639062
01-Aug-2026 00:00:04,-137.06627239661,-29.6331826632744,0,25,25,25,9,-29.6331826632744
01-Aug-2026 00:00:06,-137.689266080091,-30.2561763467556,0,25,25,25,9,-30.2561763467556
01-Aug-2026 00:00:08,-148.62740909977,-41.1943193664344,0,25,25,25,6,-41.1943193664344
01-Aug-2026 00:00:10,-148.837666490615,-41.4045767572801,0,25,25,25,6,-41.4045767572801
01-Aug-2026 00:00:12,-149.198293517574,-41.7652037842389,0,25,25,25,7,-41.7652037842389
01-Aug-2026 00:00:14,-149.380811347189,-41.9477216138536,0,25,25,25,8,-41.9477216138536
01-Aug-2026 00:00:16,-149.623836868688,-42.1907471353527,0,25,25,25,9,-42.1907471353527
01-Aug-2026 00:00:18,-149.574778409578,-42.1416886762429,0,25,25,25,9,-42.1416886762429
01-Aug-2026 00:00:20,-150.605234874173,-43.1721451408377,0,25,25,25,7,-43.1721451408377
01-Aug-2026 00:00:22,-150.536609106961,-43.1035193736258,0,24,24,24,7,-43.1035193736258
01-Aug-2026 00:00:24,-144.051681293944,-36.6185915606086,0,24,24,24,8,-36.6185915606086
01-Aug-2026 00:00:26,-145.159902558685,-37.7268128253494,0,24,24,24,8,-37.7268128253494
01-Aug-2026 00:00:28,-144.956732967408,-37.5236432340732,0,24,24,24,9,-37.5236432340732
01-Aug-2026 00:00:30,-145.55135109607,-38.1182613627348,0,24,24,24,9,-38.1182613627348
01-Aug-2026 00:00:32,-146.695714068191,-39.2626243348554,0,24,24,24,9,-39.2626243348554
01-Aug-2026 00:00:34,-147.994578975208,-40.5614892418728,0,24,24,24,9,-40.5614892418728
01-Aug-2026 00:00:36,-147.605896853658,-40.1728071203225,0,24,24,24,8,-40.1728071203225
01-Aug-2026 00:00:38,-147.252740052874,-39.819650319539,0,24,24,24,10,-39.819650319539
01-Aug-2026 00:00:40,-147.213589871348,-39.7805001380126,0,24,24,24,11,-39.7805001380126
01-Aug-2026 00:00:42,-147.635560503261,-40.2024707699253,0,24,24,24,11,-40.2024707699253
01-Aug-2026 00:00:44,-147.161084725719,-39.7279949923836,0,24,24,24,8,-39.7279949923836
01-Aug-2026 00:00:46,-145.588565622174,-38.1554758888386,0,24,24,24,10,-38.1554758888386
01-Aug-2026 00:00:48,-145.94452133442,-38.5114316010848,0,24,24,24,8,-38.5114316010848
01-Aug-2026 00:00:50,-145.459128891016,-38.0260391576808,0,25,25,25,10,-38.0260391576808
01-Aug-2026 00:00:52,-143.321407315801,-35.8883175824654,0,25,25,25,10,-35.8883175824654
01-Aug-2026 00:00:54,-140.640031558194,-33.206941824859,0,25,25,25,12,-33.206941824859
01-Aug-2026 00:00:56,-140.695310214847,-33.2622204815115,0,25,25,25,13,-33.2622204815115
01-Aug-2026 00:00:58,-140.602125021217,-33.1690352878816,0,26,26,26,13,-33.1690352878816
01-Aug-2026 00:01:00,-140.302824534294,-32.8697348009588,0,26,26,26,12,-32.8697348009588
01-Aug-2026 00:01:02,-138.564440540423,-31.131350807088,0,26,26,26,12,-31.131350807088
01-Aug-2026 00:01:04,-138.493010295804,-31.0599205624685,0,26,26,26,12,-31.0599205624685
01-Aug-2026 00:01:06,-136.932703514595,-29.4996137812597,0,26,26,26,12,-29.4996137812597
01-Aug-2026 00:01:08,-142.07320878247,-34.6401190491349,0,26,26,26,13,-34.6401190491349
01-Aug-2026 00:01:10,-141.971091862139,-34.538002128804,0,25,25,25,13,-34.538002128804
01-Aug-2026 00:01:12,-142.215814697585,-34.7827249642498,0,26,26,26,15,-34.7827249642498
01-Aug-2026 00:01:14,-143.981782382872,-36.5486926495364,0,26,26,26,14,-36.5486926495364
01-Aug-2026 00:01:16,-143.390018369466,-35.9569286361309,0,26,26,26,13,-35.9569286361309
01-Aug-2026 00:01:18,-143.113691507073,-35.6806017737379,0,26,26,26,12,-35.6806017737379
01-Aug-2026 00:01:20,-140.782977619787,-33.3498878864514,0,26,26,26,11,-33.3498878864514
01-Aug-2026 00:01:22,-137.853921216129,-30.4208314827943,0,26,26,26,11,-30.4208314827943
01-Aug-2026 00:01:24,-132.932817879393,-25.4997281460573,0,26,26,26,13,-25.4997281460573
01-Aug-2026 00:01:26,-137.662124049479,-30.2290343161436,0,25,25,25,13,-30.2290343161436
01-Aug-2026 00:01:28,-137.374816882586,-29.9417271492511,0,25,25,25,14,-29.9417271492511
01-Aug-2026 00:01:30,-137.400250551787,-29.9671608184523,0,24,24,24,13,-29.9671608184523
01-Aug-2026 00:01:32,-137.206369815161,-29.7732800818256,0,24,24,24,14,-29.7732800818256
01-Aug-2026 00:01:34,-137.143211878677,-29.7101221453419,0,24,24,24,16,-29.7101221453419
01-Aug-2026 00:01:36,-136.909791579387,-29.4767018460518,0,24,24,24,16,-29.4767018460518
01-Aug-2026 00:01:38,-132.544907807928,-25.1118180745925,0,24,24,24,14,-25.1118180745925
01-Aug-2026 00:01:40,-141.15862455004,-33.7255348167044,0,24,24,24,14,-33.7255348167044
01-Aug-2026 00:01:42,-141.186029029694,-33.7529392963591,0,24,24,24,13,-33.7529392963591
01-Aug-2026 00:01:44,-140.668145371635,-33.2350556383002,0,24,24,24,13,-33.2350556383002
01-Aug-2026 00:01:46,-140.328324410973,-32.8952346776376,0,24,24,24,12,-32.8952346776376
01-Aug-2026 00:01:48,-160.774700122709,-53.3416103893736,0,25,25,25,11,-53.3416103893736
01-Aug-2026 00:01:50,-163.254540588863,-55.8214508555278,0,25,25,25,10,-55.8214508555278
01-Aug-2026 00:01:52,-163.225533742109,-55.7924440087737,0,25,25,25,11,-55.7924440087737
01-Aug-2026 00:01:54,-166.931095664085,-59.4980059307499,0,25,25,25,9,-59.4980059307499
01-Aug-2026 00:01:56,-167.129612954746,-59.6965232214104,0,26,26,26,8,-59.6965232214104
01-Aug-2026 00:01:58,-166.061463291061,-58.6283735577255,0,26,26,26,9,-58.6283735577255
01-Aug-2026 00:02:00,-166.064337343223,-58.6312476098875,0,26,26,26,9,-58.6312476098875
01-Aug-2026 00:02:02,-165.777381005245,-58.3442912719095,0,25,25,25,10,-58.3442912719095
01-Aug-2026 00:02:04,-166.00248425685,-58.5693945235145,0,25,25,25,10,-58.5693945235145
01-Aug-2026 00:02:06,-166.549243716904,-59.1161539835685,0,25,25,25,9,-59.1161539835685
01-Aug-2026 00:02:08,-167.317830397144,-59.8847406638089,0,25,25,25,9,-59.8847406638089
01-Aug-2026 00:02:10,-167.696063474154,-60.2629737408191,0,25,25,25,8,-60.2629737408191
01-Aug-2026 00:02:12,-167.702680410319,-60.2695906769841,0,25,25,25,8,-60.2695906769841
01-Aug-2026 00:02:14,-168.221154453313,-60.788064719978,0,25,25,25,9,-60.788064719978
01-Aug-2026 00:02:16,-168.310112831288,-60.8770230979524,0,25,25,25,9,-60.8770230979524
01-Aug-2026 00:02:18,-168.05840007106,-60.6253103377244,0,25,25,25,9,-60.6253103377244
01-Aug-2026 00:02:20,-167.837579852389,-60.4044901190537,0,25,25,25,8,-60.4044901190537
01-Aug-2026 00:02:22,-139.701356251349,-32.2682665180139,0,25,25,25,10,-32.2682665180139
01-Aug-2026 00:02:24,-136.784424902321,-29.3513351689854,0,25,25,25,13,-29.3513351689854
01-Aug-2026 00:02:26,-135.974337521143,-28.5412477878077,0,25,25,25,13,-28.5412477878077
01-Aug-2026 00:02:28,-135.481234892117,-28.0481451587818,0,25,25,25,14,-28.0481451587818
01-Aug-2026 00:02:30,-138.176485325414,-30.7433955920783,0,25,25,25,12,-30.7433955920783
01-Aug-2026 00:02:32,-136.9616211539,-29.5285314205653,0,25,25,25,12,-29.5285314205653
01-Aug-2026 00:02:34,-135.85457515062,-28.4214854172851,0,25,25,25,12,-28.4214854172851
01-Aug-2026 00:02:36,-134.539525789633,-27.1064360562976,0,25,25,25,11,-27.1064360562976
01-Aug-2026 00:02:38,-134.165487106787,-26.7323973734523,0,26,26,26,14,-26.7323973734523
01-Aug-2026 00:02:40,-133.559062533314,-26.1259727999786,0,26,26,26,14,-26.1259727999786
01-Aug-2026 00:02:42,-132.648409339219,-25.2153196058834,0,26,26,26,12,-25.2153196058834
01-Aug-2026 00:02:44,-132.712056195358,-25.2789664620224,0,26,26,26,12,-25.2789664620224
01-Aug-2026 00:02:46,-132.159717872368,-24.7266281390324,0,26,26,26,11,-24.7266281390324
01-Aug-2026 00:02:48,-132.114501312995,-24.6814115796601,0,26,26,26,11,-24.6814115796601
01-Aug-2026 00:02:50,-142.170871388436,-34.7377816551008,0,26,26,26,13,-34.7377816551008
01-Aug-2026 00:02:52,-139.802854303745,-32.3697645704096,0,26,26,26,13,-32.3697645704096
01-Aug-2026 00:02:54,-136.127389323799,-28.6942995904633,0,26,26,26,12,-28.6942995904633
01-Aug-2026 00:02:56,-133.123038218954,-25.6899484856186,0,26,26,26,13,-25.6899484856186
01-Aug-2026 00:02:58,-129.727268319391,-22.2941785860554,0,26,26,26,14,-22.2941785860554
01-Aug-2026 00:03:00,-153.780205021897,-46.3471152885616,0,26,26,26,12,-46.3471152885616
01-Aug-2026 00:03:02,-153.38955606764,-45.9564663343045,0,24,24,24,10,-45.9564663343045
01-Aug-2026 00:03:04,-152.948335026917,-45.5152452935817,0,24,24,24,9,-45.5152452935817
01-Aug-2026 00:03:06,-153.045402480134,-45.6123127467985,0,25,25,25,10,-45.6123127467985
01-Aug-2026 00:03:08,-153.030168552307,-45.5970788189716,0,26,26,26,9,-45.5970788189716
01-Aug-2026 00:03:10,-152.620914618941,-45.1878248856055,0,26,26,26,9,-45.1878248856055
01-Aug-2026 00:03:12,-152.583802971585,-45.1507132382496,0,25,25,25,8,-45.1507132382496
01-Aug-2026 00:03:14,-164.083230038749,-56.6501403054141,0,25,25,25,7,-56.6501403054141
01-Aug-2026 00:03:16,-163.838351821614,-56.4052620882789,0,26,26,26,7,-56.4052620882789
01-Aug-2026 00:03:18,-163.681121180306,-56.2480314469711,0,26,26,26,7,-56.2480314469711
01-Aug-2026 00:03:20,-163.941188325201,-56.508098591866,0,26,26,26,7,-56.508098591866
01-Aug-2026 00:03:22,-163.819355906484,-56.386266173149,0,26,26,26,6,-56.386266173149
01-Aug-2026 00:03:24,-163.406634701335,-55.9735449679996,0,26,26,26,5,-55.9735449679996
01-Aug-2026 00:03:26,-142.631709490921,-35.1986197575854,0,26,26,26,5,-35.1986197575854
01-Aug-2026 00:03:28,-142.982134050338,-35.5490443170033,0,26,26,26,7,-35.5490443170033
01-Aug-2026 00:03:30,-142.965659366977,-35.5325696336418,0,26,26,26,7,-35.5325696336418
01-Aug-2026 00:03:32,-143.794413654674,-36.3613239213389,0,26,26,26,8,-36.3613239213389
01-Aug-2026 00:03:34,-162.222893710545,-54.7898039772099,0,26,26,26,7,-54.7898039772099
01-Aug-2026 00:03:36,-162.164443459026,-54.7313537256907,0,24,24,24,8,-54.7313537256907
01-Aug-2026 00:03:38,-157.78780176712,-50.3547120337851,0,25,25,25,10,-50.3547120337851
01-Aug-2026 00:03:40,-163.304576922029,-55.871487188694,0,25,25,25,8,-55.871487188694
01-Aug-2026 00:03:42,-163.31524556867,-55.8821558353345,0,25,25,25,8,-55.8821558353345
01-Aug-2026 00:03:44,-163.02379717872,-55.5907074453845,0,25,25,25,9,-55.5907074453845
01-Aug-2026 00:03:46,-162.477512548544,-55.0444228152085,0,25,25,25,10,-55.0444228152085
01-Aug-2026 00:03:48,-162.339888030961,-54.9067982976259,0,25,25,25,10,-54.9067982976259
01-Aug-2026 00:03:50,-162.212601701429,-54.7795119680939,0,25,25,25,10,-54.7795119680939
01-Aug-2026 00:03:52,-149.9092697571,-42.4761800237645,0,25,25,25,11,-42.4761800237645
01-Aug-2026 00:03:54,-149.519654203184,-42.0865644698488,0,25,25,25,11,-42.0865644698488
01-Aug-2026 00:03:56,-149.041282035134,-41.6081923017984,0,25,25,25,11,-41.6081923017984
01-Aug-2026 00:03:58,-135.327002657719,-27.8939129243841,0,25,25,25,12,-27.8939129243841
01-Aug-2026 00:04:00,-148.593233180236,-41.1601434469006,0,25,25,25,11,-41.1601434469006
01-Aug-2026 00:04:02,-148.991377696114,-41.5582879627788,0,25,25,25,10,-41.5582879627788
01-Aug-2026 00:04:04,-149.52723696116,-42.0941472278246,0,25,25,25,10,-42.0941472278246
01-Aug-2026 00:04:06,-149.611965605126,-42.1788758717904,0,24,24,24,9,-42.1788758717904
01-Aug-2026 00:04:08,-147.376881519259,-39.9437917859236,0,24,24,24,10,-39.9437917859236
01-Aug-2026 00:04:10,-147.663342692084,-40.2302529587486,0,24,24,24,10,-40.2302529587486
01-Aug-2026 00:04:12,-138.886515192197,-31.453425458862,0,24,24,24,12,-31.453425458862
01-Aug-2026 00:04:14,-139.626387802712,-32.1932980693768,0,24,24,24,10,-32.1932980693768
01-Aug-2026 00:04:16,-140.020144428985,-32.5870546956493,0,24,24,24,11,-32.5870546956493
01-Aug-2026 00:04:18,-140.848233046728,-33.415143313393,0,24,24,24,9,-33.415143313393
01-Aug-2026 00:04:20,-141.348524206762,-33.915434473427,0,24,24,24,10,-33.915434473427
01-Aug-2026 00:04:22,-141.352368109065,-33.9192783757293,0,24,24,24,11,-33.9192783757293
01-Aug-2026 00:04:24,-136.986639341123,-29.5535496077876,0,25,25,25,11,-29.5535496077876
01-Aug-2026 00:04:26,-137.573132469419,-30.1400427360834,0,25,25,25,10,-30.1400427360834
01-Aug-2026 00:04:28,-138.218138522157,-30.7850487888217,0,25,25,25,12,-30.7850487888217
01-Aug-2026 00:04:30,-139.305877248781,-31.872787515446,0,25,25,25,12,-31.872787515446
01-Aug-2026 00:04:32,-135.810922340946,-28.3778326076112,0,25,25,25,11,-28.3778326076112
01-Aug-2026 00:04:34,-137.018307743336,-29.5852180100011,0,25,25,25,11,-29.5852180100011
01-Aug-2026 00:04:36,-137.797866523011,-30.3647767896761,0,24,24,24,10,-30.3647767896761
01-Aug-2026 00:04:38,-136.946287403531,-29.5131976701955,0,24,24,24,11,-29.5131976701955
01-Aug-2026 00:04:40,-148.855991261511,-41.4229015281757,0,25,25,25,12,-41.4229015281757
01-Aug-2026 00:04:42,-148.290328410399,-40.8572386770641,0,25,25,25,12,-40.8572386770641
01-Aug-2026 00:04:44,-148.498816817149,-41.065727083814,0,25,25,25,13,-41.065727083814
01-Aug-2026 00:04:46,-148.589534512534,-41.1564447791986,0,25,25,25,13,-41.1564447791986
01-Aug-2026 00:04:48,-148.542917091582,-41.1098273582464,0,26,26,26,15,-41.1098273582464
01-Aug-2026 00:04:50,-148.824932067629,-41.3918423342939,0,26,26,26,15,-41.3918423342939
01-Aug-2026 00:04:52,-148.633605764367,-41.2005160310316,0,26,26,26,18,-41.2005160310316
01-Aug-2026 00:04:54,-148.401136572226,-40.9680468388912,0,26,26,26,16,-40.9680468388912
01-Aug-2026 00:04:56,-146.917755215012,-39.4846654816768,0,26,26,26,16,-39.4846654816768
01-Aug-2026 00:04:58,-146.752230353927,-39.3191406205914,0,26,26,26,17,-39.3191406205914
01-Aug-2026 00:05:00,-147.22240910288,-39.7893193695449,0,26,26,26,17,-39.7893193695449
01-Aug-2026 00:05:02,-146.248916770218,-38.815827036883,0,26,26,26,20,-38.815827036883
01-Aug-2026 00:05:04,-146.255934221437,-38.8228444881016,0,26,26,26,20,-38.8228444881016
01-Aug-2026 00:05:06,-146.095190705026,-38.6621009716908,0,26,26,26,19,-38.6621009716908
01-Aug-2026 00:05:08,-145.986038233511,-38.5529485001759,0,26,26,26,19,-38.5529485001759
01-Aug-2026 00:05:10,-149.395266594999,-41.962176861664,0,26,26,26,18,-41.962176861664
01-Aug-2026 00:05:12,-149.544613022512,-42.1115232891767,0,26,26,26,18,-42.1115232891767
01-Aug-2026 00:05:14,-149.482375259546,-42.0492855262107,0,26,26,26,17,-42.0492855262107
01-Aug-2026 00:05:16,-149.673427517837,-42.2403377845017,0,25,25,25,15,-42.2403377845017
01-Aug-2026 00:05:18,-149.832437559616,-42.399347826281,0,24,24,24,15,-42.399347826281
01-Aug-2026 00:05:20,-149.762931191403,-42.3298414580674,0,24,24,24,15,-42.3298414580674
01-Aug-2026 00:05:22,-150.464395779213,-43.0313060458782,0,24,24,24,15,-43.0313060458782
01-Aug-2026 00:05:24,-150.627220751199,-43.1941310178638,0,24,24,24,15,-43.1941310178638
01-Aug-2026 00:05:26,-151.0861539781,-43.6530642447651,0,24,24,24,14,-43.6530642447651
01-Aug-2026 00:05:28,-148.631925056689,-41.1988353233536,0,24,24,24,14,-41.1988353233536
01-Aug-2026 00:05:30,-148.259200845216,-40.826111111881,0,24,24,24,13,-40.826111111881
01-Aug-2026 00:05:32,-148.559212921718,-41.1261231883829,0,24,24,24,12,-41.1261231883829
01-Aug-2026 00:05:34,-148.237566134137,-40.8044764008019,0,24,24,24,12,-40.8044764008019
01-Aug-2026 00:05:36,-148.535231542177,-41.1021418088422,0,24,24,24,12,-41.1021418088422
01-Aug-2026 00:05:38,-148.311269352174,-40.8781796188391,0,24,24,24,13,-40.8781796188391
01-Aug-2026 00:05:40,-149.14674565907,-41.7136559257348,0,24,24,24,12,-41.7136559257348
01-Aug-2026 00:05:42,-148.269507119252,-40.8364173859166,0,26,26,26,12,-40.8364173859166
01-Aug-2026 00:05:44,-147.786193256218,-40.3531035228833,0,26,26,26,13,-40.3531035228833
01-Aug-2026 00:05:46,-148.220082407015,-40.7869926736801,0,26,26,26,13,-40.7869926736801
01-Aug-2026 00:05:48,-147.793193090323,-40.3601033569877,0,25,25,25,12,-40.3601033569877
01-Aug-2026 00:05:50,-147.490765878385,-40.05767614505,0,25,25,25,14,-40.05767614505
01-Aug-2026 00:05:52,-147.342063988462,-39.9089742551265,0,25,25,25,14,-39.9089742551265
01-Aug-2026 00:05:54,-147.301552968653,-39.8684632353178,0,25,25,25,14,-39.8684632353178
01-Aug-2026 00:05:56,-147.333782740796,-39.9006930074611,0,25,25,25,13,-39.9006930074611
01-Aug-2026 00:05:58,-147.063628051135,-39.6305383178002,0,25,25,25,13,-39.6305383178002
01-Aug-2026 00:06:00,-141.926458132471,-34.4933683991355,0,25,25,25,14,-34.4933683991355
01-Aug-2026 00:06:02,-142.697284008659,-35.2641942753239,0,25,25,25,12,-35.2641942753239
01-Aug-2026 00:06:04,-142.929028449728,-35.4959387163931,0,25,25,25,11,-35.4959387163931
01-Aug-2026 00:06:06,-143.136271808107,-35.7031820747721,0,25,25,25,11,-35.7031820747721
01-Aug-2026 00:06:08,-168.400101744844,-60.9670120115092,0,25,25,25,11,-60.9670120115092
01-Aug-2026 00:06:10,-168.22613662842,-60.793046895085,0,25,25,25,11,-60.793046895085
01-Aug-2026 00:06:12,-150.058333095374,-42.6252433620388,0,25,25,25,13,-42.6252433620388
01-Aug-2026 00:06:14,-143.612612725807,-36.1795229924719,0,25,25,25,14,-36.1795229924719
01-Aug-2026 00:06:16,-143.782804867647,-36.3497151343114,0,25,25,25,15,-36.3497151343114
01-Aug-2026 00:06:18,-144.389661267762,-36.9565715344268,0,25,25,25,14,-36.9565715344268
01-Aug-2026 00:06:20,-143.282143888339,-35.8490541550041,0,25,25,25,14,-35.8490541550041
01-Aug-2026 00:06:22,-144.719854481055,-37.2867647477194,0,25,25,25,14,-37.2867647477194
01-Aug-2026 00:06:24,-144.876048619507,-37.4429588861716,0,25,25,25,13,-37.4429588861716
01-Aug-2026 00:06:26,-145.045128215194,-37.6120384818592,0,25,25,25,12,-37.6120384818592
01-Aug-2026 00:06:28,-148.995455844143,-41.5623661108083,0,26,26,26,13,-41.5623661108083
01-Aug-2026 00:06:30,-148.490082423033,-41.0569926896982,0,26,26,26,14,-41.0569926896982
01-Aug-2026 00:06:32,-148.616886700171,-41.1837969668358,0,26,26,26,14,-41.1837969668358
01-Aug-2026 00:06:34,-147.825827543079,-40.392737809744,0,26,26,26,14,-40.392737809744
01-Aug-2026 00:06:36,-146.951742146926,-39.518652413591,0,26,26,26,13,-39.518652413591
01-Aug-2026 00:06:38,-144.576671559033,-37.1435818256983,0,26,26,26,13,-37.1435818256983
01-Aug-2026 00:06:40,-143.810371698363,-36.3772819650283,0,26,26,26,14,-36.3772819650283
01-Aug-2026 00:06:42,-143.167497341801,-35.7344076084653,0,26,26,26,14,-35.7344076084653
01-Aug-2026 00:06:44,-150.702269639864,-43.2691799065289,0,26,26,26,15,-43.2691799065289
01-Aug-2026 00:06:46,-143.059460231568,-35.6263704982324,0,26,26,26,16,-35.6263704982324
01-Aug-2026 00:06:48,-142.416324891402,-34.9832351580664,0,26,26,26,18,-34.9832351580664
01-Aug-2026 00:06:50,-142.182208154726,-34.7491184213907,0,26,26,26,17,-34.7491184213907
01-Aug-2026 00:06:52,-141.993427460538,-34.5603377272029,0,26,26,26,17,-34.5603377272029
01-Aug-2026 00:06:54,-142.243588738383,-34.8104990050475,0,25,25,25,16,-34.8104990050475
01-Aug-2026 00:06:56,-141.538892991575,-34.1058032582397,0,26,26,26,17,-34.1058032582397
01-Aug-2026 00:06:58,-141.313496250208,-33.8804065168725,0,27,27,27,17,-33.8804065168725
01-Aug-2026 00:07:00,-142.420573296418,-34.9874835630832,0,26,26,26,15,-34.9874835630832
01-Aug-2026 00:07:02,-142.395318642199,-34.9622289088643,0,25,25,25,14,-34.9622289088643
01-Aug-2026 00:07:04,-142.649743112659,-35.2166533793239,0,26,26,26,15,-35.2166533793239
01-Aug-2026 00:07:06,-148.554375191273,-41.1212854579377,0,26,26,26,14,-41.1212854579377
01-Aug-2026 00:07:08,-150.08764171576,-42.6545519824248,0,26,26,26,12,-42.6545519824248
01-Aug-2026 00:07:10,-150.380428017536,-42.9473382842004,0,26,26,26,12,-42.9473382842004
01-Aug-2026 00:07:12,-150.464375685361,-43.0312859520263,0,26,26,26,12,-43.0312859520263
01-Aug-2026 00:07:14,-148.790056282094,-41.3569665487589,0,26,26,26,12,-41.3569665487589
01-Aug-2026 00:07:16,-149.278088028026,-41.844998294691,0,26,26,26,12,-41.844998294691
01-Aug-2026 00:07:18,-149.159951849604,-41.7268621162684,0,26,26,26,13,-41.7268621162684
01-Aug-2026 00:07:20,-149.661632758374,-42.2285430250386,0,26,26,26,12,-42.2285430250386
01-Aug-2026 00:07:22,-166.311067025488,-58.8779772921529,0,26,26,26,11,-58.8779772921529
01-Aug-2026 00:07:24,-166.005361473573,-58.5722717402375,0,26,26,26,12,-58.5722717402375
01-Aug-2026 00:07:26,-146.248849389221,-38.8157596558861,0,25,25,25,11,-38.8157596558861
01-Aug-2026 00:07:28,-146.944561180513,-39.5114714471777,0,24,24,24,8,-39.5114714471777
01-Aug-2026 00:07:30,-146.660204325871,-39.2271145925361,0,24,24,24,9,-39.2271145925361
01-Aug-2026 00:07:32,-146.371656429865,-38.9385666965293,0,25,25,25,10,-38.9385666965293
01-Aug-2026 00:07:34,-168.133210646475,-60.7001209131401,0,25,25,25,9,-60.7001209131401
01-Aug-2026 00:07:36,-168.92396797043,-61.4908782370953,0,25,25,25,8,-61.4908782370953
01-Aug-2026 00:07:38,-165.151733880074,-57.7186441467387,0,25,25,25,8,-57.7186441467387
01-Aug-2026 00:07:40,-165.176888512928,-57.7437987795926,0,25,25,25,9,-57.7437987795926
01-Aug-2026 00:07:42,-164.876196920284,-57.4431071869487,0,25,25,25,9,-57.4431071869487
01-Aug-2026 00:07:44,-164.067308904643,-56.6342191713074,0,25,25,25,11,-56.6342191713074
01-Aug-2026 00:07:46,-164.113348972267,-56.6802592389318,0,25,25,25,11,-56.6802592389318
01-Aug-2026 00:07:48,-164.783463489768,-57.3503737564328,0,25,25,25,10,-57.3503737564328
01-Aug-2026 00:07:50,-152.142719672698,-44.7096299393631,0,24,24,24,8,-44.7096299393631
01-Aug-2026 00:07:52,-151.908497018322,-44.4754072849871,0,24,24,24,8,-44.4754072849871
01-Aug-2026 00:07:54,-152.125890045384,-44.6928003120484,0,24,24,24,7,-44.6928003120484
01-Aug-2026 00:07:56,-152.000482271736,-44.5673925384005,0,24,24,24,8,-44.5673925384005
01-Aug-2026 00:07:58,-151.94101024586,-44.5079205125253,0,24,24,24,8,-44.5079205125253
01-Aug-2026 00:08:00,-151.834736833084,-44.401647099749,0,25,25,25,8,-44.401647099749
01-Aug-2026 00:08:02,-151.947627727636,-44.5145379943004,0,25,25,25,9,-44.5145379943004
01-Aug-2026 00:08:04,-151.885546598933,-44.4524568655978,0,25,25,25,9,-44.4524568655978
01-Aug-2026 00:08:06,-151.998264852007,-44.565175118672,0,25,25,25,10,-44.565175118672
01-Aug-2026 00:08:08,-150.457634195102,-43.0245444617665,0,25,25,25,10,-43.0245444617665
01-Aug-2026 00:08:10,-150.404920859833,-42.9718311264979,0,25,25,25,10,-42.9718311264979
01-Aug-2026 00:08:12,-150.225933335784,-42.7928436024485,0,25,25,25,12,-42.7928436024485
01-Aug-2026 00:08:14,-150.313867727676,-42.8807779943405,0,25,25,25,12,-42.8807779943405
01-Aug-2026 00:08:16,-150.549870956982,-43.1167812236473,0,25,25,25,12,-43.1167812236473
01-Aug-2026 00:08:18,-149.86460884647,-42.4315191131347,0,25,25,25,11,-42.4315191131347
01-Aug-2026 00:08:20,-150.139122907344,-42.706033174009,0,25,25,25,10,-42.706033174009
01-Aug-2026 00:08:22,-149.745348516084,-42.3122587827492,0,24,24,24,7,-42.3122587827492
01-Aug-2026 00:08:24,-149.487990900827,-42.0549011674918,0,24,24,24,8,-42.0549011674918
01-Aug-2026 00:08:26,-148.563571042034,-41.1304813086991,0,24,24,24,9,-41.1304813086991
01-Aug-2026 00:08:28,-152.232000905704,-44.7989111723693,0,24,24,24,10,-44.7989111723693
01-Aug-2026 00:08:30,-151.73463615916,-44.301546425825,0,24,24,24,12,-44.301546425825
01-Aug-2026 00:08:32,-151.947920151094,-44.514830417759,0,25,25,25,14,-44.514830417759
01-Aug-2026 00:08:34,-151.891931579874,-44.4588418465391,0,25,25,25,13,-44.4588418465391
01-Aug-2026 00:08:36,-151.396143616594,-43.963053883259,0,25,25,25,13,-43.963053883259
01-Aug-2026 00:08:38,-152.849039748463,-45.4159500151277,0,26,26,26,12,-45.4159500151277
01-Aug-2026 00:08:40,-152.67978278301,-45.2466930496745,0,26,26,26,11,-45.2466930496745
01-Aug-2026 00:08:42,-152.739143350657,-45.306053617322,0,26,26,26,11,-45.306053617322
01-Aug-2026 00:08:44,-152.724672973881,-45.2915832405458,0,26,26,26,11,-45.2915832405458
01-Aug-2026 00:08:46,-152.636234692978,-45.2031449596433,0,26,26,26,11,-45.2031449596433
01-Aug-2026 00:08:48,-152.638176838653,-45.2050871053179,0,26,26,26,13,-45.2050871053179
01-Aug-2026 00:08:50,-152.870893019701,-45.4378032863659,0,26,26,26,14,-45.4378032863659
01-Aug-2026 00:08:52,-150.323119270502,-42.8900295371673,0,26,26,26,14,-42.8900295371673
01-Aug-2026 00:08:54,-142.542417698256,-35.1093279649209,0,26,26,26,13,-35.1093279649209
01-Aug-2026 00:08:56,-142.135198794788,-34.7021090614526,0,26,26,26,15,-34.7021090614526
01-Aug-2026 00:08:58,-142.136640523624,-34.7035507902889,0,26,26,26,15,-34.7035507902889
01-Aug-2026 00:09:00,-141.93366103314,-34.5005712998052,0,26,26,26,16,-34.5005712998052
01-Aug-2026 00:09:02,-140.24291413366,-32.8098244003248,0,26,26,26,14,-32.8098244003248
01-Aug-2026 00:09:04,-140.174733739518,-32.7416440061832,0,25,25,25,13,-32.7416440061832
01-Aug-2026 00:09:06,-140.108446173206,-32.6753564398706,0,25,25,25,12,-32.6753564398706
01-Aug-2026 00:09:08,-140.181793835729,-32.7487041023942,0,24,24,24,12,-32.7487041023942
01-Aug-2026 00:09:10,-140.122957551908,-32.6898678185728,0,24,24,24,11,-32.6898678185728
01-Aug-2026 00:09:12,-139.872595783943,-32.4395060506075,0,24,24,24,11,-32.4395060506075
01-Aug-2026 00:09:14,-149.968564228427,-42.5354744950916,0,24,24,24,11,-42.5354744950916
01-Aug-2026 00:09:16,-149.580946790143,-42.1478570568079,0,24,24,24,15,-42.1478570568079
01-Aug-2026 00:09:18,-155.191835784093,-47.7587460507576,0,24,24,24,14,-47.7587460507576
01-Aug-2026 00:09:20,-155.440683278998,-48.0075935456625,0,24,24,24,14,-48.0075935456625
01-Aug-2026 00:09:22,-155.552668487115,-48.1195787537802,0,24,24,24,13,-48.1195787537802
01-Aug-2026 00:09:24,-155.581796151054,-48.1487064177186,0,24,24,24,11,-48.1487064177186
01-Aug-2026 00:09:26,-155.206944135889,-47.7738544025534,0,24,24,24,11,-47.7738544025534
01-Aug-2026 00:09:28,-145.841549439676,-38.4084597063407,0,24,24,24,10,-38.4084597063407
01-Aug-2026 00:09:30,-145.774278745157,-38.3411890118218,0,25,25,25,10,-38.3411890118218
01-Aug-2026 00:09:32,-145.720292143832,-38.2872024104965,0,25,25,25,10,-38.2872024104965
01-Aug-2026 00:09:34,-142.428709615806,-34.9956198824712,0,26,26,26,13,-34.9956198824712
01-Aug-2026 00:09:36,-142.005423310955,-34.5723335776195,0,25,25,25,14,-34.5723335776195
01-Aug-2026 00:09:38,-142.061472217816,-34.6283824844811,0,25,25,25,14,-34.6283824844811
01-Aug-2026 00:09:40,-142.168575996494,-34.7354862631584,0,25,25,25,14,-34.7354862631584
01-Aug-2026 00:09:42,-141.783333774732,-34.3502440413965,0,25,25,25,13,-34.3502440413965
01-Aug-2026 00:09:44,-142.032735703704,-34.5996459703686,0,25,25,25,13,-34.5996459703686
01-Aug-2026 00:09:46,-141.789317336371,-34.3562276030355,0,25,25,25,12,-34.3562276030355
01-Aug-2026 00:09:48,-141.888400392096,-34.4553106587608,0,25,25,25,12,-34.4553106587608
01-Aug-2026 00:09:50,-141.539331509509,-34.1062417761736,0,25,25,25,13,-34.1062417761736
01-Aug-2026 00:09:52,-140.762061835136,-33.328972101801,0,25,25,25,12,-33.328972101801
01-Aug-2026 00:09:54,-139.982976485756,-32.5498867524204,0,25,25,25,12,-32.5498867524204
01-Aug-2026 00:09:56,-143.021824335104,-35.5887346017687,0,25,25,25,11,-35.5887346017687
01-Aug-2026 00:09:58,-141.87577700509,-34.4426872717553,0,25,25,25,11,-34.4426872717553
01-Aug-2026 00:10:00,-141.707697378917,-34.2746076455815,0,25,25,25,12,-34.2746076455815
01-Aug-2026 00:10:02,-141.768108354809,-34.3350186214738,0,25,25,25,11,-34.3350186214738
01-Aug-2026 00:10:04,-142.154079252122,-34.7209895187872,0,25,25,25,12,-34.7209895187872
01-Aug-2026 00:10:06,-144.230802394891,-36.7977126615559,0,25,25,25,13,-36.7977126615559
01-Aug-2026 00:10:08,-144.164548009852,-36.7314582765164,0,25,25,25,12,-36.7314582765164
01-Aug-2026 00:10:10,-130.6536864574,-23.220596724065,0,25,25,25,11,-23.220596724065
01-Aug-2026 00:10:12,-129.605634569425,-22.1725448360899,0,25,25,25,13,-22.1725448360899
01-Aug-2026 00:10:14,-128.94862481252,-21.5155350791851,0,25,25,25,11,-21.5155350791851
01-Aug-2026 00:10:16,-129.418713719471,-21.9856239861354,0,26,26,26,12,-21.9856239861354
01-Aug-2026 00:10:18,-129.091814864606,-21.6587251312709,0,26,26,26,12,-21.6587251312709
01-Aug-2026 00:10:20,-135.875558528383,-28.4424687950479,0,26,26,26,11,-28.4424687950479
01-Aug-2026 00:10:22,-136.125222263622,-28.692132530287,0,26,26,26,10,-28.692132530287
01-Aug-2026 00:10:24,-136.52669253616,-29.0936028028248,0,26,26,26,10,-29.0936028028248
01-Aug-2026 00:10:26,-136.219624029603,-28.7865342962682,0,26,26,26,10,-28.7865342962682
01-Aug-2026 00:10:28,-136.273613609048,-28.8405238757123,0,26,26,26,12,-28.8405238757123
01-Aug-2026 00:10:30,-141.550619107927,-34.1175293745919,0,26,26,26,12,-34.1175293745919
01-Aug-2026 00:10:32,-142.950640127408,-35.5175503940731,0,26,26,26,11,-35.5175503940731
01-Aug-2026 00:10:34,-142.530745351514,-35.0976556181785,0,26,26,26,13,-35.0976556181785
01-Aug-2026 00:10:36,-142.564698494196,-35.1316087608606,0,26,26,26,13,-35.1316087608606
01-Aug-2026 00:10:38,-143.062669223963,-35.6295794906281,0,26,26,26,13,-35.6295794906281
01-Aug-2026 00:10:40,-143.147847352513,-35.7147576191782,0,26,26,26,12,-35.7147576191782
01-Aug-2026 00:10:42,-142.70317005129,-35.2700803179545,0,26,26,26,12,-35.2700803179544
01-Aug-2026 00:10:44,-141.679329494541,-34.2462397612061,0,26,26,26,13,-34.2462397612061
01-Aug-2026 00:10:46,-141.104441345766,-33.6713516124311,0,26,26,26,13,-33.6713516124311
01-Aug-2026 00:10:48,-141.16907186683,-33.7359821334948,0,27,27,27,12,-33.7359821334948
01-Aug-2026 00:10:50,-141.256210722733,-33.8231209893979,0,27,27,27,12,-33.8231209893979
01-Aug-2026 00:10:52,-141.297593914011,-33.8645041806759,0,28,28,28,13,-33.8645041806759
01-Aug-2026 00:10:54,-140.996230424164,-33.563140690829,0,27,27,27,14,-33.563140690829
01-Aug-2026 00:10:56,-141.059213905013,-33.6261241716782,0,26,26,26,13,-33.6261241716782
01-Aug-2026 00:10:58,-140.568266877537,-33.1351771442018,0,26,26,26,11,-33.1351771442018
01-Aug-2026 00:11:00,-140.392546583214,-32.9594568498792,0,26,26,26,10,-32.9594568498792
01-Aug-2026 00:11:02,-139.860907467128,-32.4278177337932,0,26,26,26,11,-32.4278177337932
01-Aug-2026 00:11:04,-139.856211785049,-32.423122051714,0,26,26,26,16,-32.423122051714
01-Aug-2026 00:11:06,-139.771759848103,-32.3386701147681,0,26,26,26,15,-32.3386701147681
01-Aug-2026 00:11:08,-138.456905508136,-31.0238157748011,0,26,26,26,15,-31.0238157748011
01-Aug-2026 00:11:10,-137.31830754005,-29.8852178067152,0,26,26,26,13,-29.8852178067152
01-Aug-2026 00:11:12,-136.607582550681,-29.1744928173456,0,26,26,26,12,-29.1744928173456
01-Aug-2026 00:11:14,-135.558041488433,-28.124951755098,0,26,26,26,12,-28.124951755098
01-Aug-2026 00:11:16,-131.783146679176,-24.3500569458409,0,26,26,26,12,-24.3500569458409
01-Aug-2026 00:11:18,-128.458157212129,-21.0250674787943,0,25,25,25,12,-21.0250674787943
01-Aug-2026 00:11:20,-123.897880935009,-16.4647912016741,0,24,24,24,14,-16.4647912016741
01-Aug-2026 00:11:22,-121.320879569435,-13.8877898360997,0,24,24,24,13,-13.8877898360997
01-Aug-2026 00:11:24,-139.868063677899,-32.4349739445633,0,24,24,24,13,-32.4349739445633
01-Aug-2026 00:11:26,-135.125835597684,-27.6927458643491,0,24,24,24,14,-27.6927458643491
01-Aug-2026 00:11:28,-131.811739311848,-24.3786495785126,0,25,25,25,15,-24.3786495785126
01-Aug-2026 00:11:30,-145.073724283863,-37.6406345505279,0,25,25,25,15,-37.6406345505279
01-Aug-2026 00:11:32,-144.456679239256,-37.0235895059205,0,25,25,25,17,-37.0235895059205
01-Aug-2026 00:11:34,-144.504325357104,-37.0712356237685,0,24,24,24,17,-37.0712356237685
01-Aug-2026 00:11:36,-144.777702772129,-37.3446130387934,0,24,24,24,16,-37.3446130387934
01-Aug-2026 00:11:38,-144.272392708754,-36.8393029754184,0,25,25,25,14,-36.8393029754184
01-Aug-2026 00:11:40,-132.851255510582,-25.4181657772465,0,25,25,25,14,-25.4181657772465
01-Aug-2026 00:11:42,-136.629034247261,-29.1959445139255,0,25,25,25,14,-29.1959445139255
01-Aug-2026 00:11:44,-140.271491448449,-32.8384017151136,0,25,25,25,13,-32.8384017151136
01-Aug-2026 00:11:46,-142.912627151845,-35.4795374185098,0,25,25,25,14,-35.4795374185098
01-Aug-2026 00:11:48,-144.584363168109,-37.1512734347738,0,25,25,25,10,-37.1512734347738
01-Aug-2026 00:11:50,-140.923548782749,-33.4904590494135,0,25,25,25,10,-33.4904590494135
01-Aug-2026 00:11:52,-141.331790264165,-33.8987005308293,0,25,25,25,10,-33.8987005308293
01-Aug-2026 00:11:54,-141.972519248988,-34.5394295156528,0,25,25,25,9,-34.5394295156528
01-Aug-2026 00:11:56,-142.339800626523,-34.9067108931883,0,25,25,25,9,-34.9067108931883
01-Aug-2026 00:11:58,-146.19967626482,-38.7665865314853,0,25,25,25,9,-38.7665865314853
01-Aug-2026 00:12:00,-146.128955122696,-38.6958653893612,0,25,25,25,10,-38.6958653893612
01-Aug-2026 00:12:02,-145.984496672916,-38.551406939581,0,25,25,25,12,-38.551406939581
01-Aug-2026 00:12:04,-146.24421539965,-38.8111256663148,0,25,25,25,11,-38.8111256663148
01-Aug-2026 00:12:06,-145.761546135161,-38.3284564018258,0,24,24,24,10,-38.3284564018258
01-Aug-2026 00:12:08,-146.129682533526,-38.6965928001906,0,24,24,24,9,-38.6965928001906
01-Aug-2026 00:12:10,-146.011631717327,-38.5785419839922,0,24,24,24,8,-38.5785419839922
01-Aug-2026 00:12:12,-145.674048994071,-38.2409592607363,0,24,24,24,10,-38.2409592607363
01-Aug-2026 00:12:14,-145.93160015975,-38.4985104264147,0,24,24,24,10,-38.4985104264147
01-Aug-2026 00:12:16,-148.43169587685,-40.998606143515,0,24,24,24,9,-40.998606143515
01-Aug-2026 00:12:18,-148.663860624956,-41.2307708916207,0,24,24,24,9,-41.2307708916207
01-Aug-2026 00:12:20,-149.184490991003,-41.7514012576681,0,24,24,24,8,-41.7514012576681
01-Aug-2026 00:12:22,-149.315104804167,-41.8820150708315,0,24,24,24,9,-41.8820150708315
01-Aug-2026 00:12:24,-144.066754401507,-36.6336646681719,0,25,25,25,9,-36.6336646681719
01-Aug-2026 00:12:26,-143.469917691455,-36.0368279581196,0,25,25,25,10,-36.0368279581196
01-Aug-2026 00:12:28,-143.441941266945,-36.0088515336094,0,26,26,26,10,-36.0088515336094
01-Aug-2026 00:12:30,-143.470598433851,-36.0375087005154,0,26,26,26,10,-36.0375087005154
01-Aug-2026 00:12:32,-143.548532269507,-36.1154425361719,0,26,26,26,9,-36.1154425361719
01-Aug-2026 00:12:34,-148.484958545925,-41.0518688125894,0,26,26,26,8,-41.0518688125894
01-Aug-2026 00:12:36,-148.681959822329,-41.2488700889936,0,26,26,26,7,-41.2488700889936
01-Aug-2026 00:12:38,-147.389443598027,-39.9563538646919,0,26,26,26,9,-39.9563538646919
01-Aug-2026 00:12:40,-147.493423948832,-40.0603342154964,0,26,26,26,10,-40.0603342154964
01-Aug-2026 00:12:42,-147.69939504122,-40.2663053078852,0,26,26,26,10,-40.2663053078852
01-Aug-2026 00:12:44,-147.682215829513,-40.2491260961776,0,27,27,27,12,-40.2491260961776
01-Aug-2026 00:12:46,-146.703047272818,-39.2699575394832,0,26,26,26,11,-39.2699575394832
01-Aug-2026 00:12:48,-144.871504230919,-37.4384144975842,0,26,26,26,13,-37.4384144975842
01-Aug-2026 00:12:50,-143.134701734367,-35.7016120010321,0,26,26,26,12,-35.7016120010321
01-Aug-2026 00:12:52,-139.612697831291,-32.1796080979562,0,25,25,25,10,-32.1796080979562
01-Aug-2026 00:12:54,-151.429293833554,-43.9962041002184,0,25,25,25,7,-43.9962041002184
01-Aug-2026 00:12:56,-151.038542053883,-43.6054523205478,0,25,25,25,7,-43.6054523205478
01-Aug-2026 00:12:58,-151.630123563079,-44.1970338297437,0,25,25,25,6,-44.1970338297437
01-Aug-2026 00:13:00,-151.981297431742,-44.5482076984063,0,24,24,24,7,-44.5482076984063
01-Aug-2026 00:13:02,-152.647117197537,-45.2140274642018,0,24,24,24,8,-45.2140274642018
01-Aug-2026 00:13:04,-152.678462917994,-45.2453731846584,0,24,24,24,7,-45.2453731846584
01-Aug-2026 00:13:06,-152.145120358227,-44.7120306248923,0,24,24,24,7,-44.7120306248923
01-Aug-2026 00:13:08,-166.193459542994,-58.7603698096585,0,24,24,24,6,-58.7603698096585
01-Aug-2026 00:13:10,-165.784208074485,-58.3511183411495,0,24,24,24,7,-58.3511183411495
01-Aug-2026 00:13:12,-166.087546053778,-58.6544563204427,0,24,24,24,7,-58.6544563204427
01-Aug-2026 00:13:14,-165.691023623322,-58.2579338899868,0,24,24,24,9,-58.2579338899868
01-Aug-2026 00:13:16,-165.462354253224,-58.0292645198892,0,25,25,25,10,-58.0292645198892
01-Aug-2026 00:13:18,-165.253194928825,-57.8201051954894,0,25,25,25,9,-57.8201051954894
01-Aug-2026 00:13:20,-147.431321970297,-39.9982322369614,0,25,25,25,11,-39.9982322369614
01-Aug-2026 00:13:22,-146.527335405371,-39.0942456720354,0,25,25,25,11,-39.0942456720354
01-Aug-2026 00:13:24,-143.073801800018,-35.6407120666832,0,24,24,24,10,-35.6407120666832
01-Aug-2026 00:13:26,-142.754221651711,-35.3211319183755,0,24,24,24,10,-35.3211319183755
01-Aug-2026 00:13:28,-142.644582512011,-35.2114927786758,0,25,25,25,10,-35.2114927786758
01-Aug-2026 00:13:30,-144.629284209634,-37.1961944762992,0,25,25,25,12,-37.1961944762992
01-Aug-2026 00:13:32,-145.385327860126,-37.9522381267911,0,25,25,25,11,-37.9522381267911
01-Aug-2026 00:13:34,-145.222493830459,-37.7894040971241,0,25,25,25,12,-37.7894040971241
01-Aug-2026 00:13:36,-141.541317999051,-34.1082282657161,0,25,25,25,12,-34.1082282657161
01-Aug-2026 00:13:38,-140.758574662161,-33.3254849288257,0,25,25,25,14,-33.3254849288257
01-Aug-2026 00:13:40,-140.453646450225,-33.0205567168895,0,25,25,25,15,-33.0205567168895
01-Aug-2026 00:13:42,-138.333691046278,-30.9006013129433,0,25,25,25,14,-30.9006013129433
01-Aug-2026 00:13:44,-138.754798572812,-31.3217088394771,0,25,25,25,14,-31.3217088394771
01-Aug-2026 00:13:46,-138.027612386189,-30.5945226528543,0,25,25,25,15,-30.5945226528543
01-Aug-2026 00:13:48,-137.550875576898,-30.1177858435631,0,25,25,25,15,-30.1177858435631
01-Aug-2026 00:13:50,-137.2381315608,-29.8050418274645,0,25,25,25,14,-29.8050418274645
01-Aug-2026 00:13:52,-136.475310393808,-29.0422206604729,0,25,25,25,15,-29.0422206604729
01-Aug-2026 00:13:54,-135.719521365243,-28.2864316319082,0,25,25,25,14,-28.2864316319082
01-Aug-2026 00:13:56,-135.088438756605,-27.6553490232695,0,25,25,25,13,-27.6553490232695
01-Aug-2026 00:13:58,-134.396336581634,-26.9632468482986,0,25,25,25,14,-26.9632468482986
01-Aug-2026 00:14:00,-133.181015703598,-25.747925970263,0,25,25,25,14,-25.747925970263
01-Aug-2026 00:14:02,-132.883887610591,-25.4507978772558,0,25,25,25,14,-25.4507978772558
01-Aug-2026 00:14:04,-133.428654949854,-25.9955652165183,0,25,25,25,14,-25.9955652165183
01-Aug-2026 00:14:06,-133.28293964315,-25.8498499098144,0,26,26,26,15,-25.8498499098144
01-Aug-2026 00:14:08,-132.771141601964,-25.3380518686291,0,26,26,26,15,-25.3380518686291
01-Aug-2026 00:14:10,-132.479421975182,-25.0463322418464,0,26,26,26,15,-25.0463322418464
01-Aug-2026 00:14:12,-131.465617562812,-24.0325278294771,0,26,26,26,14,-24.0325278294771
01-Aug-2026 00:14:14,-130.781790603659,-23.3487008703238,0,26,26,26,15,-23.3487008703238
01-Aug-2026 00:14:16,-130.593066630153,-23.1599768968175,0,26,26,26,14,-23.1599768968175
01-Aug-2026 00:14:18,-130.2206855505,-22.7875958171648,0,26,26,26,14,-22.7875958171648
01-Aug-2026 00:14:20,-153.132434547738,-45.6993448144031,0,26,26,26,15,-45.6993448144031
01-Aug-2026 00:14:22,-166.260569725582,-58.827479992247,0,26,26,26,13,-58.827479992247
01-Aug-2026 00:14:24,-165.373859534842,-57.9407698015066,0,26,26,26,13,-57.9407698015066
01-Aug-2026 00:14:26,-141.404218171865,-33.9711284385294,0,26,26,26,14,-33.9711284385294
01-Aug-2026 00:14:28,-141.270676601312,-33.837586867977,0,26,26,26,13,-33.837586867977
01-Aug-2026 00:14:30,-140.956029363832,-33.5229396304966,0,26,26,26,14,-33.5229396304966
01-Aug-2026 00:14:32,-140.765300129451,-33.3322103961161,0,26,26,26,14,-33.3322103961161
01-Aug-2026 00:14:34,-140.558958771724,-33.1258690383891,0,27,27,27,14,-33.1258690383891
01-Aug-2026 00:14:36,-140.291071457077,-32.8579817237413,0,27,27,27,15,-32.8579817237413
01-Aug-2026 00:14:38,-139.972675880277,-32.5395861469419,0,27,27,27,14,-32.5395861469419
01-Aug-2026 00:14:40,-139.562200767584,-32.1291110342491,0,29,29,29,14,-32.1291110342491
01-Aug-2026 00:14:42,-139.718862108197,-32.2857723748618,0,29,29,29,16,-32.2857723748618
01-Aug-2026 00:14:44,-139.626260713199,-32.1931709798639,0,28,28,28,17,-32.1931709798639
01-Aug-2026 00:14:46,-140.033607072058,-32.6005173387233,0,27,27,27,16,-32.6005173387233
01-Aug-2026 00:14:48,-133.423532247035,-25.9904425137003,0,27,27,27,15,-25.9904425137003
01-Aug-2026 00:14:50,-135.193453720392,-27.760363987057,0,27,27,27,14,-27.760363987057
01-Aug-2026 00:14:52,-136.20545798571,-28.772368252375,0,26,26,26,14,-28.772368252375
01-Aug-2026 00:14:54,-138.736226924384,-31.3031371910484,0,26,26,26,14,-31.3031371910484
01-Aug-2026 00:14:56,-139.405442418224,-31.9723526848891,0,26,26,26,13,-31.9723526848891
01-Aug-2026 00:14:58,-137.467482055836,-30.0343923225008,0,26,26,26,13,-30.0343923225008
01-Aug-2026 00:15:00,-140.953576293603,-33.5204865602675,0,26,26,26,13,-33.5204865602675
01-Aug-2026 00:15:02,-141.150971355528,-33.7178816221923,0,26,26,26,10,-33.7178816221923
01-Aug-2026 00:15:04,-152.861203972008,-45.4281142386731,0,26,26,26,11,-45.4281142386731
01-Aug-2026 00:15:06,-153.512233828313,-46.0791440949779,0,26,26,26,12,-46.0791440949779
01-Aug-2026 00:15:08,-154.012894146058,-46.5798044127225,0,25,25,25,11,-46.5798044127225
01-Aug-2026 00:15:10,-151.499816279287,-44.0667265459521,0,25,25,25,13,-44.0667265459521
01-Aug-2026 00:15:12,-153.428950376812,-45.9958606434771,0,24,24,24,13,-45.9958606434771
01-Aug-2026 00:15:14,-153.50226870867,-46.0691789753346,0,25,25,25,13,-46.0691789753346
01-Aug-2026 00:15:16,-153.448493500524,-46.0154037671891,0,25,25,25,13,-46.0154037671891
01-Aug-2026 00:15:18,-154.231325224123,-46.7982354907874,0,24,24,24,12,-46.7982354907874
01-Aug-2026 00:15:20,-153.971307439093,-46.5382177057582,0,24,24,24,11,-46.5382177057582
01-Aug-2026 00:15:22,-153.710127078244,-46.2770373449085,0,24,24,24,11,-46.2770373449085
01-Aug-2026 00:15:24,-153.844650720632,-46.4115609872969,0,25,25,25,12,-46.4115609872969
01-Aug-2026 00:15:26,-154.344740264119,-46.9116505307835,0,25,25,25,12,-46.9116505307835
01-Aug-2026 00:15:28,-153.161331569623,-45.7282418362874,0,25,25,25,13,-45.7282418362874
01-Aug-2026 00:15:30,-153.441023118789,-46.0079333854539,0,25,25,25,13,-46.0079333854539
01-Aug-2026 00:15:32,-158.97455635976,-51.5414666264251,0,25,25,25,12,-51.5414666264251
01-Aug-2026 00:15:34,-158.491218121341,-51.0581283880058,0,25,25,25,12,-51.0581283880058
01-Aug-2026 00:15:36,-162.93675311283,-55.5036633794943,0,25,25,25,10,-55.5036633794943
01-Aug-2026 00:15:38,-142.02397787324,-34.590888139905,0,25,25,25,11,-34.590888139905
01-Aug-2026 00:15:40,-155.576162200405,-48.14307246707,0,25,25,25,10,-48.14307246707
01-Aug-2026 00:15:42,-155.113227905604,-47.6801381722684,0,25,25,25,11,-47.6801381722684
01-Aug-2026 00:15:44,-150.952217324662,-43.5191275913264,0,25,25,25,11,-43.5191275913264
01-Aug-2026 00:15:46,-150.646982689586,-43.2138929562508,0,25,25,25,11,-43.2138929562508
01-Aug-2026 00:15:48,-150.548043164873,-43.1149534315383,0,25,25,25,9,-43.1149534315383
01-Aug-2026 00:15:50,-150.05388158307,-42.6207918497345,0,25,25,25,11,-42.6207918497345
01-Aug-2026 00:15:52,-150.649157368194,-43.2160676348585,0,24,24,24,11,-43.2160676348585
01-Aug-2026 00:15:54,-151.398368355697,-43.965278622362,0,24,24,24,11,-43.965278622362
01-Aug-2026 00:15:56,-151.037099614267,-43.6040098809314,0,24,24,24,11,-43.6040098809314
01-Aug-2026 00:15:58,-151.022466010611,-43.5893762772761,0,24,24,24,11,-43.5893762772761
01-Aug-2026 00:16:00,-150.641027679805,-43.2079379464695,0,24,24,24,10,-43.2079379464695
01-Aug-2026 00:16:02,-150.924295309298,-43.4912055759633,0,24,24,24,11,-43.4912055759633
01-Aug-2026 00:16:04,-150.512481820879,-43.0793920875441,0,24,24,24,10,-43.0793920875441
01-Aug-2026 00:16:06,-150.252589024452,-42.8194992911167,0,24,24,24,12,-42.8194992911167
01-Aug-2026 00:16:08,-145.365416978918,-37.9323272455829,0,24,24,24,13,-37.9323272455829
01-Aug-2026 00:16:10,-146.18798510333,-38.7548953699947,0,24,24,24,11,-38.7548953699947
01-Aug-2026 00:16:12,-146.061880508947,-38.6287907756116,0,24,24,24,11,-38.6287907756116
01-Aug-2026 00:16:14,-146.38694171503,-38.953851981695,0,24,24,24,11,-38.953851981695
01-Aug-2026 00:16:16,-146.531728775741,-39.0986390424054,0,25,25,25,13,-39.0986390424054
01-Aug-2026 00:16:18,-145.620705920634,-38.1876161872983,0,26,26,26,13,-38.1876161872983
01-Aug-2026 00:16:20,-144.088315207309,-36.6552254739737,0,26,26,26,13,-36.6552254739737
01-Aug-2026 00:16:22,-145.660917823687,-38.2278280903516,0,26,26,26,13,-38.2278280903516
01-Aug-2026 00:16:24,-142.669848945414,-35.2367592120787,0,26,26,26,13,-35.2367592120787
01-Aug-2026 00:16:26,-142.43068243104,-34.9975926977052,0,26,26,26,13,-34.9975926977052
01-Aug-2026 00:16:28,-142.581195517707,-35.1481057843722,0,26,26,26,14,-35.1481057843722
01-Aug-2026 00:16:30,-142.661180619109,-35.2280908857742,0,26,26,26,14,-35.2280908857742
01-Aug-2026 00:16:32,-142.414211229269,-34.9811214959338,0,26,26,26,13,-34.9811214959338
01-Aug-2026 00:16:34,-141.562541218663,-34.1294514853282,0,26,26,26,12,-34.1294514853282
01-Aug-2026 00:16:36,-141.501512764325,-34.0684230309901,0,27,27,27,14,-34.0684230309901
01-Aug-2026 00:16:38,-141.074761826575,-33.6416720932401,0,26,26,26,16,-33.6416720932401
01-Aug-2026 00:16:40,-140.480339554315,-33.0472498209798,0,25,25,25,15,-33.0472498209798
01-Aug-2026 00:16:42,-140.801258320535,-33.3681685871997,0,25,25,25,17,-33.3681685871997
01-Aug-2026 00:16:44,-140.513378389396,-33.0802886560611,0,25,25,25,17,-33.0802886560611
01-Aug-2026 00:16:46,-140.279820655099,-32.846730921764,0,25,25,25,17,-32.846730921764
01-Aug-2026 00:16:48,-140.571383597986,-33.1382938646508,0,25,25,25,15,-33.1382938646508
01-Aug-2026 00:16:50,-140.108762079575,-32.6756723462402,0,25,25,25,16,-32.6756723462402
01-Aug-2026 00:16:52,-144.569841402594,-37.1367516692586,0,24,24,24,13,-37.1367516692586
01-Aug-2026 00:16:54,-144.629772981761,-37.1966832484259,0,24,24,24,13,-37.1966832484259
01-Aug-2026 00:16:56,-145.495630279074,-38.0625405457392,0,24,24,24,13,-38.0625405457392
01-Aug-2026 00:16:58,-145.723053467678,-38.2899637343424,0,24,24,24,13,-38.2899637343424
01-Aug-2026 00:17:00,-145.159847264998,-37.7267575316628,0,24,24,24,14,-37.7267575316628
01-Aug-2026 00:17:02,-145.052806309237,-37.6197165759013,0,24,24,24,14,-37.6197165759013
01-Aug-2026 00:17:04,-144.884959590385,-37.4518698570501,0,25,25,25,14,-37.4518698570501
01-Aug-2026 00:17:06,-140.117008063333,-32.6839183299977,0,25,25,25,13,-32.6839183299977
01-Aug-2026 00:17:08,-139.585640777006,-32.1525510436713,0,25,25,25,13,-32.1525510436713
01-Aug-2026 00:17:10,-139.393341578815,-31.9602518454797,0,24,24,24,12,-31.9602518454797
01-Aug-2026 00:17:12,-138.50001691438,-31.0669271810452,0,24,24,24,11,-31.0669271810452
01-Aug-2026 00:17:14,-137.750247678538,-30.3171579452024,0,24,24,24,12,-30.3171579452024
01-Aug-2026 00:17:16,-135.746294455625,-28.3132047222894,0,24,24,24,14,-28.3132047222894
01-Aug-2026 00:17:18,-135.337889798649,-27.9048000653134,0,24,24,24,14,-27.9048000653134
01-Aug-2026 00:17:20,-149.580990491183,-42.1479007578477,0,25,25,25,12,-42.1479007578477
01-Aug-2026 00:17:22,-148.879150227988,-41.446060494653,0,26,26,26,14,-41.446060494653
01-Aug-2026 00:17:24,-148.676401348668,-41.2433116153332,0,26,26,26,14,-41.2433116153332
01-Aug-2026 00:17:26,-148.478095527922,-41.0450057945871,0,26,26,26,14,-41.0450057945871
01-Aug-2026 00:17:28,-148.340529735449,-40.907440002114,0,26,26,26,15,-40.907440002114
01-Aug-2026 00:17:30,-148.314917321646,-40.8818275883104,0,26,26,26,14,-40.8818275883104
01-Aug-2026 00:17:32,-149.443623231335,-42.0105334979995,0,26,26,26,13,-42.0105334979995
01-Aug-2026 00:17:34,-151.647037399061,-44.2139476657262,0,26,26,26,12,-44.2139476657262
01-Aug-2026 00:17:36,-151.603282385702,-44.1701926523668,0,26,26,26,11,-44.1701926523668
01-Aug-2026 00:17:38,-151.631473736646,-44.1983840033107,0,26,26,26,12,-44.1983840033107
01-Aug-2026 00:17:40,-152.395973412465,-44.9628836791296,0,26,26,26,11,-44.9628836791296
01-Aug-2026 00:17:42,-152.354694674722,-44.9216049413871,0,26,26,26,10,-44.9216049413871
01-Aug-2026 00:17:44,-152.757966707699,-45.3248769743638,0,26,26,26,11,-45.3248769743638
01-Aug-2026 00:17:46,-152.415574886298,-44.982485152963,0,26,26,26,10,-44.982485152963
01-Aug-2026 00:17:48,-152.35031650129,-44.9172267679545,0,26,26,26,12,-44.9172267679545
01-Aug-2026 00:17:50,-152.079899339299,-44.6468096059637,0,26,26,26,12,-44.6468096059637
01-Aug-2026 00:17:52,-152.534235574067,-45.101145840732,0,26,26,26,12,-45.101145840732
01-Aug-2026 00:17:54,-151.050369700459,-43.6172799671241,0,26,26,26,13,-43.6172799671241
01-Aug-2026 00:17:56,-150.434469929232,-43.0013801958971,0,27,27,27,14,-43.0013801958971
01-Aug-2026 00:17:58,-150.585613252661,-43.1525235193257,0,27,27,27,14,-43.1525235193257
01-Aug-2026 00:18:00,-151.033937700662,-43.6008479673265,0,27,27,27,13,-43.6008479673265
01-Aug-2026 00:18:02,-150.594968303685,-43.1618785703503,0,27,27,27,15,-43.1618785703503
01-Aug-2026 00:18:04,-149.97082826815,-42.5377385348145,0,27,27,27,15,-42.5377385348145
01-Aug-2026 00:18:06,-149.819733070895,-42.3866433375595,0,27,27,27,14,-42.3866433375595
01-Aug-2026 00:18:08,-149.568073741171,-42.134984007836,0,27,27,27,14,-42.134984007836
01-Aug-2026 00:18:10,-137.513749910777,-30.0806601774422,0,27,27,27,19,-30.0806601774422
01-Aug-2026 00:18:12,-137.564622551209,-30.1315328178741,0,27,27,27,18,-30.1315328178741
01-Aug-2026 00:18:14,-137.631619250074,-30.1985295167384,0,27,27,27,18,-30.1985295167384
01-Aug-2026 00:18:16,-138.004867439457,-30.5717777061216,0,27,27,27,16,-30.5717777061216
01-Aug-2026 00:18:18,-142.664678742904,-35.2315890095684,0,27,27,27,14,-35.2315890095684
01-Aug-2026 00:18:20,-142.422059638057,-34.9889699047222,0,27,27,27,14,-34.9889699047222
01-Aug-2026 00:18:22,-142.548820256874,-35.1157305235393,0,27,27,27,15,-35.1157305235393
01-Aug-2026 00:18:24,-142.442506656162,-35.0094169228271,0,28,28,28,16,-35.0094169228271
01-Aug-2026 00:18:26,-142.104654237369,-34.6715645040335,0,28,28,28,16,-34.6715645040335
01-Aug-2026 00:18:28,-141.759170200818,-34.3260804674832,0,29,29,29,18,-34.3260804674832
01-Aug-2026 00:18:30,-141.802302609215,-34.3692128758793,0,29,29,29,19,-34.3692128758793
01-Aug-2026 00:18:32,-141.751493499888,-34.3184037665525,0,29,29,29,19,-34.3184037665525
01-Aug-2026 00:18:34,-154.474057130626,-47.0409673972906,0,28,28,28,17,-47.0409673972906
01-Aug-2026 00:18:36,-154.338260317277,-46.905170583942,0,28,28,28,16,-46.905170583942
01-Aug-2026 00:18:38,-145.70785834692,-38.2747686135853,0,28,28,28,17,-38.2747686135853
01-Aug-2026 00:18:40,-145.006137071497,-37.5730473381615,0,28,28,28,17,-37.5730473381615
01-Aug-2026 00:18:42,-154.107070522892,-46.6739807895571,0,28,28,28,17,-46.6739807895571
01-Aug-2026 00:18:44,-156.276310194341,-48.8432204610059,0,28,28,28,17,-48.8432204610059
01-Aug-2026 00:18:46,-149.195545785268,-41.7624560519333,0,27,27,27,15,-41.7624560519333
01-Aug-2026 00:18:48,-149.362408071909,-41.929318338574,0,27,27,27,15,-41.929318338574
01-Aug-2026 00:18:50,-149.510826174716,-42.0777364413813,0,27,27,27,15,-42.0777364413813
01-Aug-2026 00:18:52,-149.710942848592,-42.2778531152568,0,27,27,27,16,-42.2778531152568
01-Aug-2026 00:18:54,-149.83504986788,-42.4019601345446,0,28,28,28,16,-42.4019601345446
01-Aug-2026 00:18:56,-150.238184877955,-42.8050951446196,0,28,28,28,16,-42.8050951446196
01-Aug-2026 00:18:58,-149.869294722337,-42.4362049890021,0,27,27,27,16,-42.4362049890021
01-Aug-2026 00:19:00,-150.17845237199,-42.7453626386547,0,26,26,26,15,-42.7453626386547
01-Aug-2026 00:19:02,-150.440198462118,-43.0071087287825,0,26,26,26,16,-43.0071087287825
01-Aug-2026 00:19:04,-151.093054611048,-43.6599648777123,0,25,25,25,16,-43.6599648777123
01-Aug-2026 00:19:06,-151.308471176487,-43.875381443152,0,25,25,25,15,-43.875381443152
01-Aug-2026 00:19:08,-147.362959776456,-39.929870043121,0,25,25,25,16,-39.929870043121
01-Aug-2026 00:19:10,-147.781469993879,-40.3483802605436,0,25,25,25,16,-40.3483802605436
01-Aug-2026 00:19:12,-150.416714688565,-42.9836249552293,0,25,25,25,17,-42.9836249552293
01-Aug-2026 00:19:14,-150.949449930162,-43.5163601968267,0,25,25,25,16,-43.5163601968267
01-Aug-2026 00:19:16,-150.805970488137,-43.3728807548015,0,25,25,25,15,-43.3728807548015
01-Aug-2026 00:19:18,-150.311500520783,-42.8784107874475,0,25,25,25,15,-42.8784107874475
01-Aug-2026 00:19:20,-150.001634745618,-42.5685450122828,0,26,26,26,16,-42.5685450122828
01-Aug-2026 00:19:22,-162.061101128438,-54.628011395103,0,26,26,26,13,-54.628011395103
01-Aug-2026 00:19:24,-162.398356184567,-54.9652664512321,0,26,26,26,14,-54.9652664512321
01-Aug-2026 00:19:26,-162.502930690898,-55.0698409575632,0,26,26,26,13,-55.0698409575632
01-Aug-2026 00:19:28,-162.274888164128,-54.841798430793,0,26,26,26,14,-54.841798430793
01-Aug-2026 00:19:30,-161.443120089255,-54.01003035592,0,26,26,26,16,-54.01003035592
01-Aug-2026 00:19:32,-161.413753008239,-53.9806632749033,0,26,26,26,15,-53.9806632749033
01-Aug-2026 00:19:34,-160.87365136191,-53.4405616285744,0,26,26,26,17,-53.4405616285744
01-Aug-2026 00:19:36,-161.055413046516,-53.622323313181,0,25,25,25,16,-53.622323313181
01-Aug-2026 00:19:38,-161.245631681254,-53.8125419479192,0,25,25,25,15,-53.8125419479192
01-Aug-2026 00:19:40,-161.0764813199,-53.6433915865647,0,25,25,25,14,-53.6433915865647
01-Aug-2026 00:19:42,-148.265467501083,-40.8323777677473,0,24,24,24,12,-40.8323777677473
01-Aug-2026 00:19:44,-148.815646133975,-41.3825564006399,0,24,24,24,11,-41.3825564006399
01-Aug-2026 00:19:46,-149.972982730748,-42.5398929974127,0,24,24,24,11,-42.5398929974127
01-Aug-2026 00:19:48,-151.170637178955,-43.7375474456197,0,24,24,24,10,-43.7375474456197
01-Aug-2026 00:19:50,-151.459103676842,-44.0260139435064,0,24,24,24,11,-44.0260139435064
01-Aug-2026 00:19:52,-148.829342198118,-41.3962524647823,0,24,24,24,12,-41.3962524647823
01-Aug-2026 00:19:54,-149.323980736631,-41.8908910032961,0,24,24,24,13,-41.8908910032961
01-Aug-2026 00:19:56,-149.699659651766,-42.2665699184306,0,24,24,24,14,-42.2665699184306
01-Aug-2026 00:19:58,-145.186190649691,-37.7531009163555,0,24,24,24,15,-37.7531009163555
01-Aug-2026 00:20:00,-145.31160374895,-37.8785140156148,0,24,24,24,13,-37.8785140156148
01-Aug-2026 00:20:02,-145.140629386054,-37.707539652719,0,24,24,24,12,-37.707539652719
01-Aug-2026 00:20:04,-144.513126516514,-37.0800367831787,0,24,24,24,13,-37.0800367831787
01-Aug-2026 00:20:06,-144.239094416273,-36.8060046829377,0,26,26,26,15,-36.8060046829377
01-Aug-2026 00:20:08,-144.195782836706,-36.7626931033712,0,26,26,26,15,-36.7626931033712
01-Aug-2026 00:20:10,-141.644613870558,-34.2115241372227,0,26,26,26,14,-34.2115241372227
01-Aug-2026 00:20:12,-140.813828960822,-33.3807392274871,0,26,26,26,13,-33.3807392274871
01-Aug-2026 00:20:14,-143.224616403957,-35.7915266706214,0,26,26,26,11,-35.7915266706214
01-Aug-2026 00:20:16,-143.940441060162,-36.507351326827,0,26,26,26,11,-36.507351326827
01-Aug-2026 00:20:18,-146.909157920028,-39.4760681866926,0,26,26,26,12,-39.4760681866926
01-Aug-2026 00:20:20,-146.799314530038,-39.3662247967026,0,26,26,26,12,-39.3662247967026
01-Aug-2026 00:20:22,-146.046306196464,-38.613216463129,0,26,26,26,12,-38.613216463129
01-Aug-2026 00:20:24,-152.625373298278,-45.1922835649424,0,26,26,26,11,-45.1922835649424
01-Aug-2026 00:20:26,-152.546449606908,-45.1133598735731,0,27,27,27,11,-45.1133598735731
01-Aug-2026 00:20:28,-153.456732705537,-46.0236429722023,0,25,25,25,8,-46.0236429722023
01-Aug-2026 00:20:30,-151.921957426159,-44.4888676928234,0,25,25,25,8,-44.4888676928234
01-Aug-2026 00:20:32,-168.13152539307,-60.6984356597351,0,25,25,25,9,-60.6984356597351
01-Aug-2026 00:20:34,-155.378217899713,-47.9451281663774,0,25,25,25,9,-47.9451281663774
01-Aug-2026 00:20:36,-150.167483946713,-42.7343942133777,0,25,25,25,10,-42.7343942133777
01-Aug-2026 00:20:38,-142.791796811053,-35.3587070777176,0,25,25,25,10,-35.3587070777176
01-Aug-2026 00:20:40,-142.183345720526,-34.7502559871909,0,26,26,26,11,-34.7502559871909
01-Aug-2026 00:20:42,-140.373712352624,-32.9406226192884,0,26,26,26,11,-32.9406226192884
01-Aug-2026 00:20:44,-139.566705346916,-32.1336156135804,0,25,25,25,10,-32.1336156135804
01-Aug-2026 00:20:46,-138.35577503631,-30.9226853029753,0,25,25,25,10,-30.9226853029753
01-Aug-2026 00:20:48,-137.935289849856,-30.5022001165204,0,25,25,25,10,-30.5022001165204
01-Aug-2026 00:20:50,-136.414508075447,-28.9814183421116,0,26,26,26,12,-28.9814183421116
01-Aug-2026 00:20:52,-135.499267045159,-28.0661773118233,0,26,26,26,12,-28.0661773118233
01-Aug-2026 00:20:54,-134.909796794032,-27.4767070606968,0,26,26,26,13,-27.4767070606968
01-Aug-2026 00:20:56,-134.649771339548,-27.2166816062131,0,26,26,26,11,-27.2166816062131
01-Aug-2026 00:20:58,-134.542096733519,-27.1090070001839,0,25,25,25,15,-27.1090070001839
01-Aug-2026 00:21:00,-136.234386166284,-28.8012964329483,0,25,25,25,13,-28.8012964329483
01-Aug-2026 00:21:02,-140.068694543921,-32.6356048105853,0,25,25,25,12,-32.6356048105853
01-Aug-2026 00:21:04,-139.500571453032,-32.0674817196965,0,25,25,25,15,-32.0674817196965
01-Aug-2026 00:21:06,-140.269984224683,-32.8368944913478,0,25,25,25,14,-32.8368944913478
01-Aug-2026 00:21:08,-140.00093058804,-32.5678408547053,0,25,25,25,13,-32.5678408547053
01-Aug-2026 00:21:10,-139.856576458817,-32.4234867254821,0,25,25,25,13,-32.4234867254821
01-Aug-2026 00:21:12,-139.171446407988,-31.7383566746524,0,25,25,25,14,-31.7383566746524
01-Aug-2026 00:21:14,-134.515776226642,-27.0826864933067,0,26,26,26,14,-27.0826864933067
01-Aug-2026 00:21:16,-133.470267463482,-26.0371777301468,0,26,26,26,16,-26.0371777301468
01-Aug-2026 00:21:18,-138.652356870606,-31.2192671372704,0,26,26,26,15,-31.2192671372704
01-Aug-2026 00:21:20,-138.229050388164,-30.7959606548283,0,26,26,26,15,-30.7959606548283
01-Aug-2026 00:21:22,-137.989504583795,-30.55641485046,0,26,26,26,14,-30.55641485046
01-Aug-2026 00:21:24,-137.92811279472,-30.4950230613844,0,26,26,26,14,-30.4950230613844
01-Aug-2026 00:21:26,-137.924665107843,-30.4915753745074,0,26,26,26,15,-30.4915753745074
01-Aug-2026 00:21:28,-137.623905648814,-30.1908159154788,0,26,26,26,17,-30.1908159154788
01-Aug-2026 00:21:30,-132.895706547346,-25.4626168140105,0,26,26,26,17,-25.4626168140105
01-Aug-2026 00:21:32,-133.117877690056,-25.6847879567213,0,26,26,26,16,-25.6847879567213
01-Aug-2026 00:21:34,-133.308019270522,-25.8749295371866,0,26,26,26,14,-25.8749295371866
01-Aug-2026 00:21:36,-133.816142724715,-26.3830529913794,0,26,26,26,15,-26.3830529913794
01-Aug-2026 00:21:38,-137.293989173158,-29.8608994398228,0,26,26,26,15,-29.8608994398228
01-Aug-2026 00:21:40,-137.623082737798,-30.1899930044633,0,26,26,26,16,-30.1899930044633
01-Aug-2026 00:21:42,-137.709225763775,-30.2761360304399,0,26,26,26,15,-30.2761360304399
01-Aug-2026 00:21:44,-137.502755237707,-30.0696655043714,0,26,26,26,15,-30.0696655043714
01-Aug-2026 00:21:46,-137.653160221058,-30.2200704877229,0,27,27,27,15,-30.2200704877229
01-Aug-2026 00:21:48,-137.398006962794,-29.9649172294586,0,27,27,27,15,-29.9649172294586
01-Aug-2026 00:21:50,-137.003963065151,-29.570873331816,0,27,27,27,15,-29.570873331816
01-Aug-2026 00:21:52,-136.625894643669,-29.1928049103342,0,27,27,27,15,-29.1928049103342
01-Aug-2026 00:21:54,-136.841633646354,-29.408543913019,0,27,27,27,15,-29.408543913019
01-Aug-2026 00:21:56,-136.718069686751,-29.2849799534157,0,27,27,27,13,-29.2849799534157
01-Aug-2026 00:21:58,-137.04652815671,-29.6134384233752,0,27,27,27,12,-29.6134384233752
01-Aug-2026 00:22:00,-137.363125753378,-29.9300360200428,0,27,27,27,11,-29.9300360200428
01-Aug-2026 00:22:02,-137.409117830437,-29.9760280971014,0,27,27,27,10,-29.9760280971014
01-Aug-2026 00:22:04,-137.325846342562,-29.8927566092268,0,27,27,27,9,-29.8927566092268
01-Aug-2026 00:22:06,-140.915086502381,-33.4819967690462,0,27,27,27,8,-33.4819967690462
01-Aug-2026 00:22:08,-141.717525278552,-34.2844355452164,0,27,27,27,8,-34.2844355452164
01-Aug-2026 00:22:10,-142.533541670767,-35.1004519374322,0,27,27,27,8,-35.1004519374322
01-Aug-2026 00:22:12,-143.060822334399,-35.6277326010634,0,27,27,27,9,-35.6277326010634
01-Aug-2026 00:22:14,-144.057621702577,-36.6245319692419,0,28,28,28,10,-36.6245319692419
01-Aug-2026 00:22:16,-153.973700345832,-46.540610612497,0,29,29,29,10,-46.540610612497
01-Aug-2026 00:22:18,-154.262793703861,-46.8297039705261,0,29,29,29,9,-46.8297039705261
01-Aug-2026 00:22:20,-153.639847343793,-46.2067576104579,0,29,29,29,10,-46.2067576104579
01-Aug-2026 00:22:22,-150.506384110831,-43.0732943774959,0,29,29,29,9,-43.0732943774959
01-Aug-2026 00:22:24,-149.61457900318,-42.1814892698447,0,29,29,29,10,-42.1814892698447
01-Aug-2026 00:22:26,-149.866436857407,-42.4333471240723,0,28,28,28,9,-42.4333471240723
01-Aug-2026 00:22:28,-149.800936581488,-42.3678468481533,0,28,28,28,8,-42.3678468481533
01-Aug-2026 00:22:30,-149.815704165603,-42.3826144322675,0,28,28,28,9,-42.3826144322675
01-Aug-2026 00:22:32,-149.841561328248,-42.4084715949133,0,29,29,29,11,-42.4084715949133
01-Aug-2026 00:22:34,-153.493291271226,-46.060201537891,0,29,29,29,11,-46.060201537891
01-Aug-2026 00:22:36,-153.343971864449,-45.9108821311138,0,29,29,29,10,-45.9108821311138
01-Aug-2026 00:22:38,-153.820962624524,-46.3878728911884,0,29,29,29,11,-46.3878728911884
01-Aug-2026 00:22:40,-154.091666408514,-46.658576675179,0,28,28,28,12,-46.658576675179
01-Aug-2026 00:22:42,-153.550671339535,-46.1175816061997,0,27,27,27,12,-46.1175816061997
01-Aug-2026 00:22:44,-153.383456724955,-45.9503669916199,0,27,27,27,13,-45.9503669916199
01-Aug-2026 00:22:46,-152.912910628116,-45.4798208947804,0,27,27,27,12,-45.4798208947804
01-Aug-2026 00:22:48,-150.824255051441,-43.3911653181059,0,26,26,26,9,-43.3911653181059
01-Aug-2026 00:22:50,-151.410668968281,-43.9775792349461,0,26,26,26,8,-43.9775792349461
01-Aug-2026 00:22:52,-151.771860476552,-44.3387707432163,0,26,26,26,6,-44.3387707432163
01-Aug-2026 00:22:54,-151.744836713384,-44.3117469800489,0,26,26,26,4,-44.3117469800489
01-Aug-2026 00:22:56,-149.823946132053,-42.3908563987176,0,26,26,26,6,-42.3908563987176
01-Aug-2026 00:22:58,-149.480336054515,-42.0472463211799,0,25,25,25,6,-42.0472463211799
01-Aug-2026 00:23:00,-149.16150843131,-41.7284186979751,0,25,25,25,6,-41.7284186979751
01-Aug-2026 00:23:02,-150.026665788059,-42.5935760547238,0,25,25,25,7,-42.5935760547238
01-Aug-2026 00:23:04,-149.759021653263,-42.3259319199278,0,25,25,25,7,-42.3259319199278
01-Aug-2026 00:23:06,-149.110273614949,-41.677183881614,0,25,25,25,7,-41.677183881614
01-Aug-2026 00:23:08,-149.26536056088,-41.8322708275452,0,25,25,25,8,-41.8322708275452
01-Aug-2026 00:23:10,-149.154190045878,-41.7211003125425,0,25,25,25,9,-41.7211003125425
01-Aug-2026 00:23:12,-149.294737051129,-41.8616473177941,0,25,25,25,9,-41.8616473177941
01-Aug-2026 00:23:14,-142.644856748908,-35.2117670155731,0,25,25,25,8,-35.2117670155731
01-Aug-2026 00:23:16,-142.213926316498,-34.780836583163,0,26,26,26,8,-34.780836583163
01-Aug-2026 00:23:18,-148.915423794797,-41.4823340614623,0,26,26,26,9,-41.4823340614623
01-Aug-2026 00:23:20,-147.974097536591,-40.5410078032562,0,25,25,25,11,-40.5410078032562
01-Aug-2026 00:23:22,-148.007436434903,-40.5743467015682,0,25,25,25,14,-40.5743467015682
01-Aug-2026 00:23:24,-147.949220838761,-40.5161311054256,0,25,25,25,15,-40.5161311054256
01-Aug-2026 00:23:26,-147.786878776515,-40.3537890431803,0,25,25,25,14,-40.3537890431803
01-Aug-2026 00:23:28,-147.746418076785,-40.3133283434498,0,25,25,25,13,-40.3133283434498
01-Aug-2026 00:23:30,-148.047297330165,-40.6142075968299,0,25,25,25,12,-40.6142075968299
01-Aug-2026 00:23:32,-146.2017533291,-38.7686635957653,0,25,25,25,11,-38.7686635957653
01-Aug-2026 00:23:34,-146.044032056328,-38.6109423229933,0,25,25,25,12,-38.6109423229933
01-Aug-2026 00:23:36,-146.389771232266,-38.9566814989305,0,25,25,25,12,-38.9566814989305
01-Aug-2026 00:23:38,-146.395781369024,-38.9626916356889,0,25,25,25,11,-38.9626916356889
01-Aug-2026 00:23:40,-146.059800900898,-38.626711167563,0,25,25,25,11,-38.626711167563
01-Aug-2026 00:23:42,-145.927412623328,-38.4943228899924,0,25,25,25,12,-38.4943228899924
01-Aug-2026 00:23:44,-145.808536822824,-38.3754470894892,0,25,25,25,12,-38.3754470894892
01-Aug-2026 00:23:46,-145.887214826514,-38.454125093179,0,25,25,25,11,-38.454125093179
01-Aug-2026 00:23:48,-145.346811073708,-37.9137213403733,0,25,25,25,11,-37.9137213403733
01-Aug-2026 00:23:50,-144.990678083549,-37.5575883502136,0,25,25,25,12,-37.5575883502136
01-Aug-2026 00:23:52,-147.031790658323,-39.598700924988,0,25,25,25,12,-39.598700924988
01-Aug-2026 00:23:54,-144.388911400369,-36.9558216670335,0,25,25,25,13,-36.9558216670335
01-Aug-2026 00:23:56,-144.279800825304,-36.846711091969,0,26,26,26,13,-36.846711091969
01-Aug-2026 00:23:58,-144.132782216302,-36.699692482967,0,26,26,26,13,-36.699692482967
01-Aug-2026 00:24:00,-143.963011590307,-36.5299218569723,0,26,26,26,14,-36.5299218569723
01-Aug-2026 00:24:02,-143.557898108381,-36.1248083750455,0,26,26,26,15,-36.1248083750455
01-Aug-2026 00:24:04,-143.722472153313,-36.2893824199777,0,26,26,26,14,-36.2893824199777
01-Aug-2026 00:24:06,-143.308008351928,-35.8749186185929,0,27,27,27,14,-35.8749186185929
01-Aug-2026 00:24:08,-143.032269426592,-35.5991796932566,0,27,27,27,15,-35.5991796932566
01-Aug-2026 00:24:10,-142.874336348327,-35.4412466149921,0,27,27,27,15,-35.4412466149921
01-Aug-2026 00:24:12,-142.691625942455,-35.2585362091203,0,27,27,27,18,-35.2585362091203
01-Aug-2026 00:24:14,-142.605795418146,-35.1727056848113,0,26,26,26,18,-35.1727056848113
01-Aug-2026 00:24:16,-141.306478363558,-33.8733886302224,0,27,27,27,19,-33.8733886302224
01-Aug-2026 00:24:18,-141.293102693679,-33.8600129603438,0,27,27,27,17,-33.8600129603438
01-Aug-2026 00:24:20,-141.294330317379,-33.8612405840439,0,26,26,26,14,-33.8612405840439
01-Aug-2026 00:24:22,-139.448686432249,-32.0155966989141,0,26,26,26,14,-32.0155966989141
01-Aug-2026 00:24:24,-138.730142058159,-31.2970523248236,0,26,26,26,13,-31.2970523248236
01-Aug-2026 00:24:26,-138.599379043489,-31.1662893101535,0,26,26,26,13,-31.1662893101535
01-Aug-2026 00:24:28,-138.197082378945,-30.7639926456096,0,26,26,26,13,-30.7639926456096
01-Aug-2026 00:24:30,-137.812521890427,-30.3794321570914,0,26,26,26,12,-30.3794321570914
01-Aug-2026 00:24:32,-137.548214938686,-30.1151252053508,0,26,26,26,13,-30.1151252053508
01-Aug-2026 00:24:34,-137.594550029621,-30.1614602962862,0,26,26,26,13,-30.1614602962862
01-Aug-2026 00:24:36,-137.377116297834,-29.9440265644984,0,25,25,25,14,-29.9440265644984
01-Aug-2026 00:24:38,-136.982031393333,-29.5489416599979,0,26,26,26,14,-29.5489416599979
01-Aug-2026 00:24:40,-137.18040123699,-29.7473115036544,0,26,26,26,14,-29.7473115036544
01-Aug-2026 00:24:42,-147.033236498848,-39.6001467655127,0,26,26,26,14,-39.6001467655127
01-Aug-2026 00:24:44,-160.253883215824,-52.8207934824889,0,26,26,26,13,-52.8207934824889
01-Aug-2026 00:24:46,-160.353566308522,-52.9204765751868,0,25,25,25,13,-52.9204765751868
01-Aug-2026 00:24:48,-160.937954111501,-53.5048643781656,0,25,25,25,11,-53.5048643781656
01-Aug-2026 00:24:50,-158.581835953765,-51.1487462204294,0,25,25,25,9,-51.1487462204294
01-Aug-2026 00:24:52,-157.33906076706,-49.905971033725,0,25,25,25,11,-49.905971033725
01-Aug-2026 00:24:54,-159.624294438683,-52.1912047053476,0,25,25,25,9,-52.1912047053476
01-Aug-2026 00:24:56,-159.812411935389,-52.3793222020539,0,25,25,25,8,-52.3793222020539
01-Aug-2026 00:24:58,-159.937197727519,-52.5041079941838,0,25,25,25,8,-52.5041079941838
01-Aug-2026 00:25:00,-152.437365677176,-45.0042759438407,0,25,25,25,8,-45.0042759438407
01-Aug-2026 00:25:02,-152.542048010283,-45.1089582769478,0,25,25,25,8,-45.1089582769478
01-Aug-2026 00:25:04,-149.20643198401,-41.7733422506746,0,25,25,25,10,-41.7733422506746
01-Aug-2026 00:25:06,-149.348415729556,-41.9153259962213,0,25,25,25,11,-41.9153259962213
01-Aug-2026 00:25:08,-152.345672722057,-44.9125829887216,0,26,26,26,12,-44.9125829887216
01-Aug-2026 00:25:10,-152.747697926128,-45.3146081927926,0,26,26,26,12,-45.3146081927926
01-Aug-2026 00:25:12,-149.050072999073,-41.6169832657383,0,26,26,26,12,-41.6169832657383
01-Aug-2026 00:25:14,-148.494145037735,-41.0610553044,0,26,26,26,11,-41.0610553044
01-Aug-2026 00:25:16,-148.418725626496,-40.9856358931613,0,26,26,26,10,-40.9856358931613
01-Aug-2026 00:25:18,-147.522693517915,-40.0896037845799,0,26,26,26,10,-40.0896037845799
01-Aug-2026 00:25:20,-147.11785277021,-39.6847630368748,0,26,26,26,10,-39.6847630368748
01-Aug-2026 00:25:22,-146.454264411705,-39.0211746783703,0,26,26,26,9,-39.0211746783703
01-Aug-2026 00:25:24,-145.715422655294,-38.2823329219588,0,26,26,26,8,-38.2823329219588
01-Aug-2026 00:25:26,-145.615739970565,-38.1826502372302,0,26,26,26,9,-38.1826502372302
01-Aug-2026 00:25:28,-145.048322709554,-37.6152329762193,0,26,26,26,9,-37.6152329762193
01-Aug-2026 00:25:30,-144.52497631967,-37.0918865863352,0,26,26,26,10,-37.0918865863352
01-Aug-2026 00:25:32,-144.341396968665,-36.9083072353296,0,26,26,26,10,-36.9083072353296
01-Aug-2026 00:25:34,-144.063273449791,-36.6301837164562,0,26,26,26,11,-36.6301837164562
01-Aug-2026 00:25:36,-144.034693165604,-36.6016034322688,0,27,27,27,12,-36.6016034322688
01-Aug-2026 00:25:38,-142.82521451064,-35.3921247773049,0,27,27,27,13,-35.3921247773049
01-Aug-2026 00:25:40,-142.443050826324,-35.0099610929889,0,27,27,27,13,-35.0099610929889
01-Aug-2026 00:25:42,-141.883741253115,-34.4506515197798,0,27,27,27,13,-34.4506515197798
01-Aug-2026 00:25:44,-139.47764542741,-32.0445556940753,0,27,27,27,12,-32.0445556940753
01-Aug-2026 00:25:46,-139.146694733328,-31.7136049999924,0,27,27,27,12,-31.7136049999924
01-Aug-2026 00:25:48,-138.696805185633,-31.2637154522976,0,27,27,27,14,-31.2637154522976
01-Aug-2026 00:25:50,-138.617635731272,-31.1845459979367,0,27,27,27,13,-31.1845459979367
01-Aug-2026 00:25:52,-149.655137455493,-42.2220477221573,0,27,27,27,14,-42.2220477221573
01-Aug-2026 00:25:54,-149.668602004821,-42.2355122714854,0,27,27,27,16,-42.2355122714854
01-Aug-2026 00:25:56,-150.176219695904,-42.7431299625686,0,27,27,27,14,-42.7431299625686
01-Aug-2026 00:25:58,-149.370599519653,-41.9375097863183,0,27,27,27,14,-41.9375097863183
01-Aug-2026 00:26:00,-148.96680550625,-41.5337157729147,0,27,27,27,15,-41.5337157729147
01-Aug-2026 00:26:02,-149.199197147517,-41.7661074141816,0,28,28,28,15,-41.7661074141816
01-Aug-2026 00:26:04,-147.890862621382,-40.4577728880473,0,29,29,29,16,-40.4577728880473
01-Aug-2026 00:26:06,-148.1053913754,-40.6723016420645,0,29,29,29,17,-40.6723016420645
01-Aug-2026 00:26:08,-147.908826118358,-40.4757363850227,0,29,29,29,15,-40.4757363850227
01-Aug-2026 00:26:10,-147.607828623521,-40.1747388901855,0,29,29,29,16,-40.1747388901855
01-Aug-2026 00:26:12,-143.432647072053,-35.9995573387183,0,29,29,29,17,-35.9995573387183
01-Aug-2026 00:26:14,-143.39928522342,-35.9661954900845,0,30,30,30,17,-35.9661954900845
01-Aug-2026 00:26:16,-147.455636954111,-40.0225472207754,0,29,29,29,16,-40.0225472207754
01-Aug-2026 00:26:18,-146.784044882967,-39.3509551496314,0,29,29,29,18,-39.3509551496314
01-Aug-2026 00:26:20,-145.350648860498,-37.9175591271627,0,29,29,29,19,-37.9175591271627
01-Aug-2026 00:26:22,-145.811398349589,-38.3783086162537,0,29,29,29,18,-38.3783086162537
01-Aug-2026 00:26:24,-145.710213697835,-38.2771239644996,0,28,28,28,17,-38.2771239644996
01-Aug-2026 00:26:26,-146.682488174019,-39.249398440684,0,28,28,28,18,-39.249398440684
01-Aug-2026 00:26:28,-146.884157423659,-39.451067690324,0,28,28,28,18,-39.451067690324
01-Aug-2026 00:26:30,-145.517138362024,-38.0840486286886,0,28,28,28,19,-38.0840486286886
01-Aug-2026 00:26:32,-145.688512523273,-38.2554227899382,0,28,28,28,17,-38.2554227899382
01-Aug-2026 00:26:34,-146.186781851437,-38.7536921181019,0,27,27,27,17,-38.7536921181019
01-Aug-2026 00:26:36,-146.111581787461,-38.6784920541261,0,27,27,27,17,-38.6784920541261
01-Aug-2026 00:26:38,-146.349294747401,-38.9162050140658,0,26,26,26,16,-38.9162050140658
01-Aug-2026 00:26:40,-145.894917849058,-38.4618281157227,0,26,26,26,15,-38.4618281157227
01-Aug-2026 00:26:42,-147.780008980462,-40.3469192471266,0,26,26,26,14,-40.3469192471266
01-Aug-2026 00:26:44,-147.454588364277,-40.0214986309414,0,26,26,26,13,-40.0214986309414
01-Aug-2026 00:26:46,-147.841989710174,-40.4088999768386,0,26,26,26,13,-40.4088999768386
01-Aug-2026 00:26:48,-146.490858753581,-39.0577690202459,0,26,26,26,14,-39.0577690202459
01-Aug-2026 00:26:50,-146.775687565462,-39.3425978321266,0,25,25,25,14,-39.3425978321266
01-Aug-2026 00:26:52,-148.554548697441,-41.1214589641063,0,25,25,25,14,-41.1214589641063
01-Aug-2026 00:26:54,-148.695533163342,-41.262443430007,0,25,25,25,13,-41.262443430007
01-Aug-2026 00:26:56,-149.024823032731,-41.5917332993962,0,25,25,25,13,-41.5917332993962
01-Aug-2026 00:26:58,-149.098043815468,-41.6649540821328,0,25,25,25,13,-41.6649540821328
01-Aug-2026 00:27:00,-148.659886626634,-41.226796893299,0,25,25,25,11,-41.226796893299
01-Aug-2026 00:27:02,-149.070047343789,-41.6369576104538,0,25,25,25,11,-41.6369576104538
01-Aug-2026 00:27:04,-148.526353437802,-41.0932637044665,0,24,24,24,10,-41.0932637044665
01-Aug-2026 00:27:06,-148.997740468138,-41.5646507348024,0,24,24,24,11,-41.5646507348024
01-Aug-2026 00:27:08,-145.402721847285,-37.96963211395,0,24,24,24,11,-37.96963211395
01-Aug-2026 00:27:10,-145.296464411308,-37.8633746779732,0,24,24,24,12,-37.8633746779732
01-Aug-2026 00:27:12,-145.337461967286,-37.9043722339511,0,24,24,24,11,-37.9043722339511
01-Aug-2026 00:27:14,-145.402325802174,-37.9692360688387,0,25,25,25,12,-37.9692360688387
01-Aug-2026 00:27:16,-144.435270178737,-37.0021804454018,0,25,25,25,13,-37.0021804454018
01-Aug-2026 00:27:18,-144.463464913826,-37.0303751804911,0,25,25,25,13,-37.0303751804911
01-Aug-2026 00:27:20,-129.470364894657,-22.0372751613218,0,25,25,25,14,-22.0372751613218
01-Aug-2026 00:27:22,-125.542795794078,-18.1097060607429,0,25,25,25,15,-18.1097060607429
01-Aug-2026 00:27:24,-142.566171353633,-35.1330816202978,0,25,25,25,13,-35.1330816202978
01-Aug-2026 00:27:26,-142.736270791869,-35.3031810585335,0,25,25,25,12,-35.3031810585335
01-Aug-2026 00:27:28,-144.978227330979,-37.545137597644,0,25,25,25,12,-37.545137597644
01-Aug-2026 00:27:30,-144.90995475325,-37.4768650199149,0,25,25,25,14,-37.4768650199149
01-Aug-2026 00:27:32,-145.122667384428,-37.6895776510931,0,25,25,25,14,-37.6895776510931
01-Aug-2026 00:27:34,-144.592547985576,-37.1594582522412,0,25,25,25,13,-37.1594582522412
01-Aug-2026 00:27:36,-141.796495574064,-34.3634058407289,0,25,25,25,13,-34.3634058407289
01-Aug-2026 00:27:38,-141.770018891765,-34.3369291584294,0,26,26,26,14,-34.3369291584294
01-Aug-2026 00:27:40,-141.943909492051,-34.5108197587162,0,26,26,26,14,-34.5108197587162
01-Aug-2026 00:27:42,-143.234424185464,-35.8013344521291,0,26,26,26,13,-35.8013344521291
01-Aug-2026 00:27:44,-145.843865645639,-38.4107759123034,0,27,27,27,11,-38.4107759123034
01-Aug-2026 00:27:46,-151.47247364372,-44.0393839103849,0,27,27,27,12,-44.0393839103849
01-Aug-2026 00:27:48,-147.05699315807,-39.6239034247353,0,27,27,27,15,-39.6239034247353
01-Aug-2026 00:27:50,-147.043711885089,-39.6106221517542,0,28,28,28,14,-39.6106221517542
01-Aug-2026 00:27:52,-147.71252834039,-40.2794386070552,0,28,28,28,14,-40.2794386070552
01-Aug-2026 00:27:54,-146.503046136917,-39.0699564035822,0,28,28,28,15,-39.0699564035822
01-Aug-2026 00:27:56,-146.480954608477,-39.0478648751423,0,28,28,28,15,-39.0478648751423
01-Aug-2026 00:27:58,-147.262069667421,-39.8289799340862,0,28,28,28,15,-39.8289799340862
01-Aug-2026 00:28:00,-147.138830649701,-39.7057409163661,0,28,28,28,16,-39.7057409163661
01-Aug-2026 00:28:02,-146.261909809042,-38.8288200757071,0,27,27,27,15,-38.8288200757071
01-Aug-2026 00:28:04,-146.232429360161,-38.7993396268259,0,27,27,27,15,-38.7993396268259
01-Aug-2026 00:28:06,-140.675814798665,-33.2427250653301,0,27,27,27,14,-33.2427250653301
01-Aug-2026 00:28:08,-140.584237112632,-33.1511473792965,0,27,27,27,15,-33.1511473792965
01-Aug-2026 00:28:10,-140.132183434185,-32.6990937008495,0,27,27,27,15,-32.6990937008495
01-Aug-2026 00:28:12,-139.958304582971,-32.5252148496362,0,26,26,26,14,-32.5252148496362
01-Aug-2026 00:28:14,-140.433590875026,-33.000501141691,0,26,26,26,13,-33.000501141691
01-Aug-2026 00:28:16,-139.87021005474,-32.4371203214044,0,26,26,26,14,-32.4371203214044
01-Aug-2026 00:28:18,-140.550089303851,-33.1169995705162,0,26,26,26,15,-33.1169995705162
01-Aug-2026 00:28:20,-151.928421795403,-44.4953320620675,0,26,26,26,14,-44.4953320620675
01-Aug-2026 00:28:22,-151.416456051996,-43.9833663186612,0,26,26,26,14,-43.9833663186612
01-Aug-2026 00:28:24,-151.968428991271,-44.5353392579354,0,27,27,27,12,-44.5353392579354
01-Aug-2026 00:28:26,-151.483942276022,-44.050852542687,0,26,26,26,12,-44.050852542687
01-Aug-2026 00:28:28,-144.267279361134,-36.8341896277989,0,26,26,26,13,-36.8341896277989
01-Aug-2026 00:28:30,-143.990116352921,-36.557026619586,0,26,26,26,13,-36.557026619586
01-Aug-2026 00:28:32,-142.504345577975,-35.0712558446399,0,26,26,26,12,-35.0712558446399
01-Aug-2026 00:28:34,-142.836885710523,-35.403795977188,0,25,25,25,11,-35.403795977188
01-Aug-2026 00:28:36,-144.502769723252,-37.0696799899169,0,25,25,25,11,-37.0696799899169
01-Aug-2026 00:28:38,-144.256250778719,-36.8231610453837,0,25,25,25,12,-36.8231610453837
01-Aug-2026 00:28:40,-144.10626578537,-36.6731760520352,0,25,25,25,12,-36.6731760520352
01-Aug-2026 00:28:42,-144.116105803767,-36.6830160704322,0,25,25,25,11,-36.6830160704322
01-Aug-2026 00:28:44,-143.985792872649,-36.5527031393134,0,25,25,25,12,-36.5527031393134
01-Aug-2026 00:28:46,-143.574255469231,-36.1411657358957,0,25,25,25,12,-36.1411657358957
01-Aug-2026 00:28:48,-143.999774213024,-36.5666844796891,0,25,25,25,9,-36.5666844796891
01-Aug-2026 00:28:50,-144.151456923663,-36.7183671903281,0,25,25,25,8,-36.7183671903281
01-Aug-2026 00:28:52,-143.90370016647,-36.4706104331347,0,25,25,25,8,-36.4706104331347
01-Aug-2026 00:28:54,-143.303511981153,-35.8704222478181,0,25,25,25,10,-35.8704222478181
01-Aug-2026 00:28:56,-134.040691610738,-26.6076018774029,0,25,25,25,10,-26.6076018774029
01-Aug-2026 00:28:58,-134.163466619429,-26.730376886094,0,25,25,25,12,-26.730376886094
01-Aug-2026 00:29:00,-134.606332586243,-27.173242852908,0,25,25,25,13,-27.173242852908
01-Aug-2026 00:29:02,-134.551390651844,-27.1183009185086,0,26,26,26,12,-27.1183009185086
01-Aug-2026 00:29:04,-133.603115662056,-26.1700259287207,0,26,26,26,12,-26.1700259287207
01-Aug-2026 00:29:06,-133.422541696609,-25.9894519632734,0,26,26,26,12,-25.9894519632734
01-Aug-2026 00:29:08,-133.06958103487,-25.6364913015346,0,26,26,26,12,-25.6364913015346
01-Aug-2026 00:29:10,-132.596514407113,-25.1634246737776,0,26,26,26,11,-25.1634246737776
01-Aug-2026 00:29:12,-132.991072089288,-25.5579823559528,0,26,26,26,10,-25.5579823559528
01-Aug-2026 00:29:14,-132.281491636572,-24.8484019032367,0,26,26,26,10,-24.8484019032367
01-Aug-2026 00:29:16,-132.543428508262,-25.1103387749266,0,26,26,26,9,-25.1103387749266
01-Aug-2026 00:29:18,-132.456927203818,-25.0238374704829,0,26,26,26,10,-25.0238374704829
01-Aug-2026 00:29:20,-132.408713871153,-24.9756241378173,0,26,26,26,11,-24.9756241378173
01-Aug-2026 00:29:22,-132.513938684485,-25.0808489511502,0,26,26,26,12,-25.0808489511502
01-Aug-2026 00:29:24,-132.299175808267,-24.866086074932,0,26,26,26,11,-24.866086074932
01-Aug-2026 00:29:26,-132.192499026365,-24.7594092930298,0,27,27,27,13,-24.7594092930298
01-Aug-2026 00:29:28,-132.330417543383,-24.8973278100477,0,27,27,27,13,-24.8973278100477
01-Aug-2026 00:29:30,-132.108983557425,-24.6758938240899,0,27,27,27,15,-24.6758938240899
01-Aug-2026 00:29:32,-140.859570935353,-33.4264812020179,0,27,27,27,13,-33.4264812020179
01-Aug-2026 00:29:34,-140.841278231063,-33.4081884977275,0,27,27,27,11,-33.4081884977275
01-Aug-2026 00:29:36,-140.396817935569,-32.9637282022335,0,27,27,27,11,-32.9637282022335
01-Aug-2026 00:29:38,-140.557228553372,-33.1241388200373,0,27,27,27,10,-33.1241388200373
01-Aug-2026 00:29:40,-140.432172470608,-32.9990827372729,0,27,27,27,10,-32.9990827372729
01-Aug-2026 00:29:42,-141.205298399229,-33.7722086658937,0,27,27,27,8,-33.7722086658937
01-Aug-2026 00:29:44,-141.85629500703,-34.4232052736946,0,27,27,27,8,-34.4232052736946
01-Aug-2026 00:29:46,-165.569195681556,-58.1361059482213,0,27,27,27,8,-58.1361059482213
01-Aug-2026 00:29:48,-165.29006007845,-57.8569703451146,0,27,27,27,8,-57.8569703451146
01-Aug-2026 00:29:50,-165.45953514506,-58.0264454117248,0,27,27,27,7,-58.0264454117248
01-Aug-2026 00:29:52,-155.198765015627,-47.7656752822923,0,29,29,29,9,-47.7656752822923
01-Aug-2026 00:29:54,-155.394892294257,-47.9618025609221,0,30,30,30,12,-47.9618025609221
01-Aug-2026 00:29:56,-152.048719224613,-44.6156294912782,0,30,30,30,14,-44.6156294912782
01-Aug-2026 00:29:58,-152.325270560946,-44.8921808276113,0,30,30,30,12,-44.8921808276113
01-Aug-2026 00:30:00,-154.67209577503,-47.239006041695,0,30,30,30,11,-47.239006041695
01-Aug-2026 00:30:02,-136.539638384551,-29.1065486512153,0,30,30,30,14,-29.1065486512153
01-Aug-2026 00:30:04,-136.73516644927,-29.3020767159348,0,29,29,29,13,-29.3020767159348
01-Aug-2026 00:30:06,-136.674747638296,-29.2416579049611,0,29,29,29,11,-29.2416579049611
01-Aug-2026 00:30:08,-161.706965129147,-54.2738753958118,0,28,28,28,11,-54.2738753958118
01-Aug-2026 00:30:10,-161.709247448963,-54.2761577156277,0,28,28,28,11,-54.2761577156277
01-Aug-2026 00:30:12,-161.166453035906,-53.7333633025706,0,28,28,28,11,-53.7333633025706
01-Aug-2026 00:30:14,-160.676385250218,-53.2432955168824,0,28,28,28,13,-53.2432955168824
01-Aug-2026 00:30:16,-160.905576931986,-53.472487198651,0,28,28,28,11,-53.472487198651
01-Aug-2026 00:30:18,-155.115833746007,-47.6827440126722,0,28,28,28,13,-47.6827440126722
01-Aug-2026 00:30:20,-155.303000473339,-47.8699107400042,0,28,28,28,11,-47.8699107400042
01-Aug-2026 00:30:22,-155.833028292718,-48.3999385593831,0,28,28,28,10,-48.3999385593831
01-Aug-2026 00:30:24,-156.083320244102,-48.6502305107664,0,28,28,28,10,-48.6502305107664
01-Aug-2026 00:30:26,-156.384066646274,-48.9509769129387,0,26,26,26,10,-48.9509769129387
01-Aug-2026 00:30:28,-156.543686263874,-49.1105965305387,0,26,26,26,11,-49.1105965305387
01-Aug-2026 00:30:30,-156.859157030019,-49.4260672966833,0,26,26,26,12,-49.4260672966833
01-Aug-2026 00:30:32,-156.501398488414,-49.068308755079,0,26,26,26,13,-49.068308755079
01-Aug-2026 00:30:34,-153.942017713721,-46.5089279803863,0,26,26,26,13,-46.5089279803863
01-Aug-2026 00:30:36,-153.965911741653,-46.5328220083174,0,26,26,26,13,-46.5328220083174
01-Aug-2026 00:30:38,-154.063742216174,-46.6306524828387,0,26,26,26,13,-46.6306524828387
01-Aug-2026 00:30:40,-154.010301673767,-46.5772119404318,0,26,26,26,12,-46.5772119404318
01-Aug-2026 00:30:42,-142.275489189518,-34.8423994561828,0,26,26,26,16,-34.8423994561828
01-Aug-2026 00:30:44,-142.062875572368,-34.6297858390328,0,25,25,25,16,-34.6297858390328
01-Aug-2026 00:30:46,-142.199436074049,-34.7663463407139,0,24,24,24,14,-34.7663463407139
01-Aug-2026 00:30:48,-147.063814042057,-39.6307243087217,0,24,24,24,14,-39.6307243087217
01-Aug-2026 00:30:50,-143.543203864299,-36.1101141309634,0,24,24,24,13,-36.1101141309634
01-Aug-2026 00:30:52,-144.280627429024,-36.8475376956884,0,24,24,24,12,-36.8475376956884
01-Aug-2026 00:30:54,-144.947858671994,-37.5147689386585,0,24,24,24,10,-37.5147689386585
01-Aug-2026 00:30:56,-144.702665876564,-37.2695761432288,0,24,24,24,9,-37.2695761432288
01-Aug-2026 00:30:58,-143.746909482364,-36.3138197490287,0,24,24,24,10,-36.3138197490287
01-Aug-2026 00:31:00,-143.769737887793,-36.336648154458,0,24,24,24,12,-36.336648154458
01-Aug-2026 00:31:02,-143.734736018192,-36.3016462848567,0,24,24,24,11,-36.3016462848567
01-Aug-2026 00:31:04,-143.486815823197,-36.0537260898623,0,24,24,24,11,-36.0537260898623
01-Aug-2026 00:31:06,-143.751202162058,-36.3181124287228,0,24,24,24,11,-36.3181124287228
01-Aug-2026 00:31:08,-142.874049126117,-35.4409593927819,0,24,24,24,12,-35.4409593927819
01-Aug-2026 00:31:10,-145.811648065154,-38.3785583318183,0,24,24,24,12,-38.3785583318183
01-Aug-2026 00:31:12,-145.841025849842,-38.4079361165066,0,26,26,26,13,-38.4079361165066
01-Aug-2026 00:31:14,-146.069851481938,-38.636761748603,0,26,26,26,15,-38.636761748603
01-Aug-2026 00:31:16,-146.131294625234,-38.6982048918989,0,26,26,26,16,-38.6982048918989
01-Aug-2026 00:31:18,-145.962575087107,-38.5294853537719,0,26,26,26,14,-38.5294853537719
01-Aug-2026 00:31:20,-146.031467972709,-38.5983782393736,0,26,26,26,14,-38.5983782393736
01-Aug-2026 00:31:22,-145.811340410728,-38.3782506773931,0,26,26,26,13,-38.3782506773931
01-Aug-2026 00:31:24,-147.197661092456,-39.764571359121,0,26,26,26,11,-39.764571359121
01-Aug-2026 00:31:26,-144.289564948485,-36.8564752151502,0,26,26,26,13,-36.8564752151502
01-Aug-2026 00:31:28,-143.880219293858,-36.4471295605224,0,26,26,26,13,-36.4471295605224
01-Aug-2026 00:31:30,-144.140919725879,-36.707829992544,0,26,26,26,15,-36.707829992544
01-Aug-2026 00:31:32,-144.168352558671,-36.7352628253361,0,26,26,26,16,-36.7352628253361
01-Aug-2026 00:31:34,-144.094356141928,-36.661266408593,0,27,27,27,17,-36.661266408593
01-Aug-2026 00:31:36,-144.712671977461,-37.2795822441261,0,27,27,27,17,-37.2795822441261
01-Aug-2026 00:31:38,-144.825714794941,-37.392625061606,0,27,27,27,15,-37.392625061606
01-Aug-2026 00:31:40,-144.277260433817,-36.8441707004819,0,27,27,27,14,-36.8441707004819
01-Aug-2026 00:31:42,-144.169771098167,-36.7366813648314,0,28,28,28,15,-36.7366813648314
01-Aug-2026 00:31:44,-143.91207529013,-36.4789855567952,0,28,28,28,14,-36.4789855567952
01-Aug-2026 00:31:46,-144.180585945283,-36.7474962119477,0,28,28,28,13,-36.7474962119477
01-Aug-2026 00:31:48,-144.061614463355,-36.6285247300198,0,28,28,28,14,-36.6285247300198
01-Aug-2026 00:31:50,-144.537323046615,-37.1042333132802,0,27,27,27,13,-37.1042333132802
01-Aug-2026 00:31:52,-144.380035214799,-36.9469454814643,0,27,27,27,15,-36.9469454814643
01-Aug-2026 00:31:54,-156.088952738431,-48.6558630050953,0,27,27,27,14,-48.6558630050953
01-Aug-2026 00:31:56,-155.920723630797,-48.4876338974617,0,27,27,27,14,-48.4876338974617
01-Aug-2026 00:31:58,-159.299868663397,-51.8667789300615,0,28,28,28,14,-51.8667789300615
01-Aug-2026 00:32:00,-158.866388171603,-51.433298438268,0,28,28,28,15,-51.433298438268
01-Aug-2026 00:32:02,-158.705345911606,-51.272256178271,0,28,28,28,16,-51.272256178271
01-Aug-2026 00:32:04,-158.373783155895,-50.9406934225599,0,27,27,27,13,-50.9406934225599
01-Aug-2026 00:32:06,-158.41907196708,-50.9859822337451,0,27,27,27,11,-50.9859822337451
01-Aug-2026 00:32:08,-144.594090350658,-37.1610006173231,0,27,27,27,11,-37.1610006173231
01-Aug-2026 00:32:10,-144.903357506438,-37.4702677731024,0,27,27,27,10,-37.4702677731024
01-Aug-2026 00:32:12,-145.207446290684,-37.774356557349,0,28,28,28,13,-37.774356557349
01-Aug-2026 00:32:14,-142.560959720105,-35.1278699867703,0,27,27,27,15,-35.1278699867703
01-Aug-2026 00:32:16,-144.754621382356,-37.3215316490204,0,27,27,27,13,-37.3215316490204
01-Aug-2026 00:32:18,-143.819345267622,-36.3862555342865,0,26,26,26,13,-36.3862555342865
01-Aug-2026 00:32:20,-143.401989524699,-35.9688997913635,0,26,26,26,13,-35.9688997913635
01-Aug-2026 00:32:22,-142.95891757759,-35.5258278442544,0,25,25,25,12,-35.5258278442544
01-Aug-2026 00:32:24,-142.211264721085,-34.7781749877493,0,25,25,25,11,-34.7781749877493
01-Aug-2026 00:32:26,-142.055824366499,-34.6227346331643,0,25,25,25,11,-34.6227346331643
01-Aug-2026 00:32:28,-142.159925757159,-34.7268360238235,0,25,25,25,11,-34.7268360238235
01-Aug-2026 00:32:30,-141.825123347303,-34.392033613968,0,25,25,25,9,-34.392033613968
01-Aug-2026 00:32:32,-141.379326553133,-33.9462368197983,0,25,25,25,9,-33.9462368197983
01-Aug-2026 00:32:34,-141.134211511677,-33.7011217783419,0,25,25,25,10,-33.7011217783419
01-Aug-2026 00:32:36,-166.621595483075,-59.1885057497402,0,25,25,25,10,-59.1885057497402
01-Aug-2026 00:32:38,-146.209173699673,-38.7760839663383,0,25,25,25,11,-38.7760839663383
01-Aug-2026 00:32:40,-145.512570407008,-38.079480673673,0,25,25,25,11,-38.079480673673
01-Aug-2026 00:32:42,-145.030414881002,-37.5973251476668,0,25,25,25,12,-37.5973251476668
01-Aug-2026 00:32:44,-144.437967867285,-37.0048781339497,0,25,25,25,13,-37.0048781339497
01-Aug-2026 00:32:46,-144.765290833634,-37.3322011002984,0,25,25,25,13,-37.3322011002984
01-Aug-2026 00:32:48,-145.530863371316,-38.0977736379813,0,25,25,25,12,-38.0977736379813
01-Aug-2026 00:32:50,-145.574571170914,-38.1414814375788,0,25,25,25,11,-38.1414814375788
01-Aug-2026 00:32:52,-145.739332771447,-38.3062430381118,0,25,25,25,10,-38.3062430381118
01-Aug-2026 00:32:54,-145.562423269072,-38.1293335357369,0,26,26,26,11,-38.1293335357369
01-Aug-2026 00:32:56,-145.804289015054,-38.3711992817188,0,26,26,26,11,-38.3711992817188
01-Aug-2026 00:32:58,-145.403801697911,-37.9707119645763,0,26,26,26,12,-37.9707119645763
01-Aug-2026 00:33:00,-144.491791819307,-37.0587020859714,0,26,26,26,13,-37.0587020859714
01-Aug-2026 00:33:02,-144.533690850486,-37.1006011171508,0,26,26,26,14,-37.1006011171508
01-Aug-2026 00:33:04,-145.245553503736,-37.8124637704012,0,26,26,26,13,-37.8124637704012
01-Aug-2026 00:33:06,-144.840846584467,-37.4077568511322,0,26,26,26,13,-37.4077568511322
01-Aug-2026 00:33:08,-144.045062747937,-36.6119730146019,0,26,26,26,14,-36.6119730146019
01-Aug-2026 00:33:10,-144.445215795666,-37.0121260623307,0,26,26,26,16,-37.0121260623307
01-Aug-2026 00:33:12,-143.812759476209,-36.3796697428736,0,26,26,26,16,-36.3796697428736
01-Aug-2026 00:33:14,-155.406188726216,-47.9730989928804,0,26,26,26,16,-47.9730989928804
01-Aug-2026 00:33:16,-156.816811161419,-49.3837214280835,0,26,26,26,16,-49.3837214280835
01-Aug-2026 00:33:18,-156.846164583784,-49.4130748504485,0,27,27,27,16,-49.4130748504485
01-Aug-2026 00:33:20,-156.377381932883,-48.9442921995475,0,27,27,27,16,-48.9442921995475
01-Aug-2026 00:33:22,-157.373385916381,-49.9402961830457,0,27,27,27,16,-49.9402961830457
01-Aug-2026 00:33:24,-157.232704385143,-49.7996146518076,0,27,27,27,16,-49.7996146518076
01-Aug-2026 00:33:26,-156.645133512113,-49.2120437787783,0,27,27,27,15,-49.2120437787783
01-Aug-2026 00:33:28,-157.508719513315,-50.07562977998,0,27,27,27,14,-50.07562977998
01-Aug-2026 00:33:30,-156.567357928867,-49.1342681955319,0,27,27,27,13,-49.1342681955319
01-Aug-2026 00:33:32,-156.567372336349,-49.1342826030135,0,27,27,27,14,-49.1342826030135
01-Aug-2026 00:33:34,-157.048234418176,-49.6151446848408,0,28,28,28,14,-49.6151446848408
01-Aug-2026 00:33:36,-157.537876800233,-50.1047870668982,0,28,28,28,15,-50.1047870668982
01-Aug-2026 00:33:38,-156.566451910008,-49.1333621766726,0,28,28,28,17,-49.1333621766726
01-Aug-2026 00:33:40,-156.000975644432,-48.567885911097,0,28,28,28,18,-48.567885911097
01-Aug-2026 00:33:42,-141.111918811938,-33.6788290786023,0,29,29,29,18,-33.6788290786023
01-Aug-2026 00:33:44,-141.280491683664,-33.8474019503286,0,29,29,29,18,-33.8474019503286
01-Aug-2026 00:33:46,-141.121011695938,-33.6879219626024,0,29,29,29,17,-33.6879219626024
01-Aug-2026 00:33:48,-141.498101750577,-34.0650120172416,0,29,29,29,15,-34.0650120172416
01-Aug-2026 00:33:50,-141.199818951353,-33.7667292180174,0,29,29,29,16,-33.7667292180174
01-Aug-2026 00:33:52,-141.31386373384,-33.8807740005046,0,29,29,29,15,-33.8807740005046
01-Aug-2026 00:33:54,-141.919982574027,-34.4868928406921,0,28,28,28,13,-34.4868928406921
01-Aug-2026 00:33:56,-142.331553377296,-34.8984636439609,0,29,29,29,12,-34.8984636439609
01-Aug-2026 00:33:58,-142.63448625359,-35.201396520255,0,28,28,28,12,-35.201396520255
01-Aug-2026 00:34:00,-143.091587739177,-35.658498005842,0,28,28,28,14,-35.658498005842
01-Aug-2026 00:34:02,-144.636455090133,-37.2033653567974,0,28,28,28,15,-37.2033653567974
01-Aug-2026 00:34:04,-143.824198445229,-36.391108711894,0,28,28,28,16,-36.391108711894
01-Aug-2026 00:34:06,-143.356076104491,-35.9229863711553,0,28,28,28,16,-35.9229863711553
01-Aug-2026 00:34:08,-143.526043068903,-36.0929533355677,0,28,28,28,15,-36.0929533355677
01-Aug-2026 00:34:10,-143.659189557664,-36.2260998243288,0,28,28,28,15,-36.2260998243288
01-Aug-2026 00:34:12,-143.766214648042,-36.3331249147069,0,28,28,28,17,-36.3331249147069
01-Aug-2026 00:34:14,-143.618066506073,-36.1849767727379,0,28,28,28,17,-36.1849767727379
01-Aug-2026 00:34:16,-139.771155755316,-32.3380660219805,0,27,27,27,16,-32.3380660219805
01-Aug-2026 00:34:18,-139.818566815996,-32.3854770826613,0,26,26,26,12,-32.3854770826613
01-Aug-2026 00:34:20,-140.155994754469,-32.722905021134,0,26,26,26,11,-32.722905021134
01-Aug-2026 00:34:22,-139.599024593322,-32.1659348599864,0,26,26,26,11,-32.1659348599864
01-Aug-2026 00:34:24,-139.15835016513,-31.7252604317945,0,26,26,26,10,-31.7252604317945
01-Aug-2026 00:34:26,-139.076212791844,-31.6431230585086,0,26,26,26,9,-31.6431230585086
01-Aug-2026 00:34:28,-138.638106590819,-31.2050168574839,0,26,26,26,9,-31.2050168574839
01-Aug-2026 00:34:30,-138.584842919762,-31.151753186427,0,25,25,25,9,-31.151753186427
01-Aug-2026 00:34:32,-138.674091605593,-31.2410018722576,0,25,25,25,9,-31.2410018722576
01-Aug-2026 00:34:34,-138.103661818977,-30.6705720856421,0,25,25,25,9,-30.6705720856421
01-Aug-2026 00:34:36,-145.884429527939,-38.4513397946034,0,24,24,24,9,-38.4513397946034
01-Aug-2026 00:34:38,-152.30393315304,-44.8708434197044,0,24,24,24,8,-44.8708434197044
01-Aug-2026 00:34:40,-152.54667286792,-45.1135831345846,0,24,24,24,9,-45.1135831345846
01-Aug-2026 00:34:42,-140.444109498155,-33.0110197648201,0,24,24,24,10,-33.0110197648201
01-Aug-2026 00:34:44,-151.767226292476,-44.3341365591411,0,24,24,24,9,-44.3341365591411
01-Aug-2026 00:34:46,-149.3401733992,-41.9070836658653,0,25,25,25,10,-41.9070836658653
01-Aug-2026 00:34:48,-153.884242069015,-46.4511523356797,0,25,25,25,10,-46.4511523356797
01-Aug-2026 00:34:50,-154.79541673184,-47.3623269985048,0,25,25,25,10,-47.3623269985048
01-Aug-2026 00:34:52,-144.715354385223,-37.2822646518876,0,25,25,25,12,-37.2822646518876
01-Aug-2026 00:34:54,-144.432365877985,-36.9992761446496,0,25,25,25,12,-36.9992761446496
01-Aug-2026 00:34:56,-144.71798464515,-37.2848949118149,0,25,25,25,12,-37.2848949118149
01-Aug-2026 00:34:58,-144.596261158121,-37.1631714247861,0,25,25,25,12,-37.1631714247861
01-Aug-2026 00:35:00,-142.612908754668,-35.1798190213327,0,25,25,25,12,-35.1798190213327
01-Aug-2026 00:35:02,-142.630925881012,-35.1978361476773,0,25,25,25,12,-35.1978361476773
01-Aug-2026 00:35:04,-142.43339842799,-35.0003086946544,0,25,25,25,11,-35.0003086946544
01-Aug-2026 00:35:06,-142.26203138215,-34.8289416488151,0,25,25,25,11,-34.8289416488151
01-Aug-2026 00:35:08,-142.05844107079,-34.6253513374545,0,25,25,25,10,-34.6253513374545
01-Aug-2026 00:35:10,-141.835098107861,-34.4020083745259,0,26,26,26,11,-34.4020083745259
01-Aug-2026 00:35:12,-142.051781250504,-34.6186915171688,0,26,26,26,11,-34.6186915171688
01-Aug-2026 00:35:14,-141.863965194475,-34.4308754611403,0,26,26,26,12,-34.4308754611403
01-Aug-2026 00:35:16,-142.053245954495,-34.62015622116,0,26,26,26,12,-34.62015622116
01-Aug-2026 00:35:18,-142.536443980115,-35.10335424678,0,26,26,26,11,-35.10335424678
01-Aug-2026 00:35:20,-142.965306993242,-35.5322172599071,0,26,26,26,11,-35.5322172599071
01-Aug-2026 00:35:22,-143.036394972881,-35.6033052395461,0,27,27,27,12,-35.6033052395461
01-Aug-2026 00:35:24,-143.234929780599,-35.8018400472635,0,27,27,27,12,-35.8018400472635
01-Aug-2026 00:35:26,-143.151224637843,-35.7181349045082,0,27,27,27,12,-35.7181349045082
01-Aug-2026 00:35:28,-142.756358783216,-35.3232690498807,0,27,27,27,10,-35.3232690498807
01-Aug-2026 00:35:30,-140.70495020202,-33.2718604686844,0,27,27,27,11,-33.2718604686844
01-Aug-2026 00:35:32,-140.471293495405,-33.03820376207,0,27,27,27,12,-33.03820376207
01-Aug-2026 00:35:34,-139.938853098797,-32.5057633654617,0,28,28,28,14,-32.5057633654617
01-Aug-2026 00:35:36,-139.515931793685,-32.0828420603503,0,27,27,27,13,-32.0828420603503
01-Aug-2026 00:35:38,-139.020046310243,-31.586956576908,0,27,27,27,13,-31.586956576908
01-Aug-2026 00:35:40,-138.289880338661,-30.8567906053256,0,27,27,27,13,-30.8567906053256
01-Aug-2026 00:35:42,-137.979579242376,-30.546489509041,0,27,27,27,14,-30.546489509041
01-Aug-2026 00:35:44,-137.363240882464,-29.9301511491285,0,27,27,27,15,-29.9301511491285
01-Aug-2026 00:35:46,-137.215577346527,-29.782487613192,0,27,27,27,13,-29.782487613192
01-Aug-2026 00:35:48,-136.816416234593,-29.3833265012582,0,27,27,27,14,-29.3833265012582
01-Aug-2026 00:35:50,-136.656451961888,-29.2233622285524,0,28,28,28,15,-29.2233622285524
01-Aug-2026 00:35:52,-136.406917585224,-28.9738278518886,0,28,28,28,14,-28.9738278518886
01-Aug-2026 00:35:54,-135.918054467492,-28.4849647341563,0,27,27,27,13,-28.4849647341563
01-Aug-2026 00:35:56,-135.51220340858,-28.0791136752452,0,27,27,27,14,-28.0791136752452
01-Aug-2026 00:35:58,-135.279033724884,-27.8459439915484,0,27,27,27,15,-27.8459439915484
01-Aug-2026 00:36:00,-137.970718979043,-30.5376292457073,0,28,28,28,17,-30.5376292457073
01-Aug-2026 00:36:02,-138.159607308129,-30.7265175747939,0,28,28,28,16,-30.7265175747939
01-Aug-2026 00:36:04,-137.390275469341,-29.9571857360055,0,28,28,28,14,-29.9571857360055
01-Aug-2026 00:36:06,-137.14906067725,-29.7159709439153,0,28,28,28,13,-29.7159709439153
01-Aug-2026 00:36:08,-136.656198997586,-29.2231092642511,0,28,28,28,12,-29.2231092642511
01-Aug-2026 00:36:10,-136.36107773668,-28.9279880033445,0,26,26,26,13,-28.9279880033445
01-Aug-2026 00:36:12,-136.063817578681,-28.6307278453462,0,26,26,26,11,-28.6307278453462
01-Aug-2026 00:36:14,-135.988411666657,-28.5553219333213,0,26,26,26,14,-28.5553219333213
01-Aug-2026 00:36:16,-136.399707988098,-28.9666182547629,0,25,25,25,12,-28.9666182547629
01-Aug-2026 00:36:18,-136.400785202964,-28.9676954696292,0,25,25,25,12,-28.9676954696292
01-Aug-2026 00:36:20,-136.244662670178,-28.8115729368433,0,25,25,25,12,-28.8115729368433
01-Aug-2026 00:36:22,-164.860848784027,-57.4277590506923,0,25,25,25,11,-57.4277590506923
01-Aug-2026 00:36:24,-159.022527067621,-51.5894373342853,0,25,25,25,11,-51.5894373342853
01-Aug-2026 00:36:26,-165.858761052492,-58.4256713191568,0,25,25,25,9,-58.4256713191568
01-Aug-2026 00:36:28,-165.85981357372,-58.4267238403843,0,25,25,25,10,-58.4267238403843
01-Aug-2026 00:36:30,-165.910720692677,-58.4776309593417,0,25,25,25,9,-58.4776309593417
01-Aug-2026 00:36:32,-166.75463563925,-59.3215459059152,0,25,25,25,7,-59.3215459059152
01-Aug-2026 00:36:34,-166.862427689646,-59.4293379563103,0,25,25,25,7,-59.4293379563103
01-Aug-2026 00:36:36,-166.067518359407,-58.634428626072,0,25,25,25,8,-58.634428626072
01-Aug-2026 00:36:38,-165.81263035593,-58.3795406225943,0,25,25,25,8,-58.3795406225943
01-Aug-2026 00:36:40,-165.99749864424,-58.5644089109049,0,25,25,25,7,-58.5644089109049
01-Aug-2026 00:36:42,-166.115136228715,-58.68204649538,0,25,25,25,6,-58.68204649538
01-Aug-2026 00:36:44,-166.134771243692,-58.7016815103571,0,25,25,25,5,-58.7016815103571
01-Aug-2026 00:36:46,-149.826091540352,-42.393001807017,0,25,25,25,6,-42.393001807017
01-Aug-2026 00:36:48,-149.952353058438,-42.5192633251026,0,26,26,26,7,-42.5192633251026
01-Aug-2026 00:36:50,-149.540346571207,-42.1072568378717,0,26,26,26,8,-42.1072568378717
01-Aug-2026 00:36:52,-157.170813476414,-49.7377237430788,0,26,26,26,11,-49.7377237430788
01-Aug-2026 00:36:54,-157.204394623282,-49.7713048899473,0,26,26,26,12,-49.7713048899473
01-Aug-2026 00:36:56,-157.307012321257,-49.8739225879214,0,26,26,26,12,-49.8739225879214
01-Aug-2026 00:36:58,-157.58380278013,-50.1507130467944,0,26,26,26,11,-50.1507130467944
01-Aug-2026 00:37:00,-157.529343700801,-50.0962539674656,0,26,26,26,10,-50.0962539674656
01-Aug-2026 00:37:02,-157.014032470357,-49.5809427370221,0,26,26,26,12,-49.5809427370221
01-Aug-2026 00:37:04,-157.332021922972,-49.8989321896365,0,26,26,26,10,-49.8989321896365
01-Aug-2026 00:37:06,-154.334807549959,-46.9017178166242,0,26,26,26,12,-46.9017178166242
01-Aug-2026 00:37:08,-154.238131058524,-46.8050413251884,0,27,27,27,13,-46.8050413251884
01-Aug-2026 00:37:10,-157.082719149247,-49.6496294159122,0,27,27,27,14,-49.6496294159122
01-Aug-2026 00:37:12,-156.938124596178,-49.5050348628424,0,27,27,27,12,-49.5050348628424
01-Aug-2026 00:37:14,-142.873978376554,-35.440888643219,0,28,28,28,14,-35.440888643219
01-Aug-2026 00:37:16,-142.661741183887,-35.228651450552,0,28,28,28,13,-35.228651450552
01-Aug-2026 00:37:18,-154.157265952452,-46.7241762191169,0,28,28,28,12,-46.7241762191169
01-Aug-2026 00:37:20,-155.91910549215,-48.4860157588144,0,28,28,28,10,-48.4860157588144
01-Aug-2026 00:37:22,-153.948916452439,-46.5158267191041,0,27,27,27,11,-46.5158267191041
01-Aug-2026 00:37:24,-133.239273357498,-25.8061836241627,0,27,27,27,12,-25.8061836241627
01-Aug-2026 00:37:26,-134.558518095021,-27.1254283616863,0,27,27,27,13,-27.1254283616863
01-Aug-2026 00:37:28,-135.748789932971,-28.3157001996354,0,27,27,27,12,-28.3157001996354
01-Aug-2026 00:37:30,-136.125598229685,-28.6925084963497,0,27,27,27,13,-28.6925084963497
01-Aug-2026 00:37:32,-137.522251034086,-30.089161300751,0,28,28,28,12,-30.089161300751
01-Aug-2026 00:37:34,-137.802717195341,-30.3696274620053,0,29,29,29,12,-30.3696274620053
01-Aug-2026 00:37:36,-138.138360948042,-30.7052712147068,0,29,29,29,12,-30.7052712147068
01-Aug-2026 00:37:38,-138.067726384482,-30.6346366511472,0,29,29,29,14,-30.6346366511472
01-Aug-2026 00:37:40,-138.115849192224,-30.6827594588892,0,29,29,29,14,-30.6827594588892
01-Aug-2026 00:37:42,-138.224670870805,-30.7915811374701,0,29,29,29,15,-30.7915811374701
01-Aug-2026 00:37:44,-137.764722829224,-30.3316330958886,0,29,29,29,13,-30.3316330958886
01-Aug-2026 00:37:46,-137.80433134104,-30.3712416077047,0,29,29,29,15,-30.3712416077047
01-Aug-2026 00:37:48,-138.307052037818,-30.8739623044829,0,29,29,29,15,-30.8739623044829
01-Aug-2026 00:37:50,-141.579384169726,-34.1462944363911,0,28,28,28,15,-34.1462944363911
01-Aug-2026 00:37:52,-141.425686914001,-33.9925971806663,0,28,28,28,13,-33.9925971806663
01-Aug-2026 00:37:54,-142.220728849992,-34.7876391166567,0,28,28,28,12,-34.7876391166567
01-Aug-2026 00:37:56,-141.845929078897,-34.4128393455615,0,28,28,28,13,-34.4128393455615
01-Aug-2026 00:37:58,-143.825753301742,-36.3926635684073,0,28,28,28,11,-36.3926635684073
01-Aug-2026 00:38:00,-143.48660144549,-36.0535117121548,0,28,28,28,11,-36.0535117121548
01-Aug-2026 00:38:02,-144.011932203834,-36.5788424704984,0,28,28,28,10,-36.5788424704984
01-Aug-2026 00:38:04,-144.245290134734,-36.8122004013992,0,28,28,28,10,-36.8122004013992
01-Aug-2026 00:38:06,-144.464610263019,-37.0315205296839,0,27,27,27,10,-37.0315205296839
01-Aug-2026 00:38:08,-144.471432418531,-37.0383426851957,0,27,27,27,11,-37.0383426851957
01-Aug-2026 00:38:10,-151.300331782635,-43.8672420492995,0,26,26,26,9,-43.8672420492995
01-Aug-2026 00:38:12,-144.012195562816,-36.5791058294806,0,25,25,25,10,-36.5791058294806
01-Aug-2026 00:38:14,-140.15078477978,-32.7176950464452,0,25,25,25,11,-32.7176950464452
01-Aug-2026 00:38:16,-140.429040471495,-32.9959507381602,0,25,25,25,14,-32.9959507381602
01-Aug-2026 00:38:18,-138.682344711343,-31.2492549780077,0,25,25,25,15,-31.2492549780077
01-Aug-2026 00:38:20,-138.930452275013,-31.497362541678,0,25,25,25,15,-31.497362541678
01-Aug-2026 00:38:22,-141.11668157673,-33.6835918433952,0,25,25,25,15,-33.6835918433952
01-Aug-2026 00:38:24,-140.911229745265,-33.4781400119298,0,26,26,26,16,-33.4781400119298
01-Aug-2026 00:38:26,-141.022322775662,-33.5892330423271,0,26,26,26,16,-33.5892330423271
01-Aug-2026 00:38:28,-141.623799050889,-34.1907093175533,0,26,26,26,17,-34.1907093175533
01-Aug-2026 00:38:30,-141.297479901786,-33.8643901684505,0,25,25,25,17,-33.8643901684505
01-Aug-2026 00:38:32,-141.959016431829,-34.5259266984935,0,25,25,25,17,-34.5259266984935
01-Aug-2026 00:38:34,-142.811764149472,-35.3786744161366,0,25,25,25,16,-35.3786744161366
01-Aug-2026 00:38:36,-141.613487560333,-34.1803978269973,0,25,25,25,16,-34.1803978269973
01-Aug-2026 00:38:38,-142.037076496945,-34.6039867636097,0,25,25,25,14,-34.6039867636097
01-Aug-2026 00:38:40,-142.316316847511,-34.8832271141754,0,25,25,25,13,-34.8832271141754
01-Aug-2026 00:38:42,-142.33353515492,-34.9004454215845,0,25,25,25,14,-34.9004454215845
01-Aug-2026 00:38:44,-148.662397676144,-41.2293079428085,0,25,25,25,12,-41.2293079428085
01-Aug-2026 00:38:46,-149.47835802103,-42.0452682876944,0,25,25,25,14,-42.0452682876944
01-Aug-2026 00:38:48,-149.522947692867,-42.0898579595316,0,25,25,25,12,-42.0898579595316
01-Aug-2026 00:38:50,-153.034893555557,-45.6018038222222,0,25,25,25,11,-45.6018038222222
01-Aug-2026 00:38:52,-149.539087421731,-42.1059976883962,0,25,25,25,12,-42.1059976883962
01-Aug-2026 00:38:54,-146.954907315516,-39.5218175821803,0,25,25,25,12,-39.5218175821803
01-Aug-2026 00:38:56,-146.884619245785,-39.4515295124501,0,25,25,25,12,-39.4515295124501
01-Aug-2026 00:38:58,-146.907167211093,-39.474077477758,0,25,25,25,10,-39.474077477758
01-Aug-2026 00:39:00,-146.876554444884,-39.4434647115492,0,25,25,25,12,-39.4434647115492
01-Aug-2026 00:39:02,-146.822898711889,-39.3898089785537,0,25,25,25,12,-39.3898089785537
01-Aug-2026 00:39:04,-147.040140472969,-39.6070507396342,0,25,25,25,12,-39.6070507396342
01-Aug-2026 00:39:06,-145.328309133244,-37.8952193999093,0,25,25,25,12,-37.8952193999093
01-Aug-2026 00:39:08,-145.223987907996,-37.7908981746606,0,25,25,25,12,-37.7908981746606
01-Aug-2026 00:39:10,-145.678059104194,-38.2449693708589,0,27,27,27,12,-38.2449693708589
01-Aug-2026 00:39:12,-145.727054726933,-38.293964993598,0,27,27,27,13,-38.293964993598
01-Aug-2026 00:39:14,-146.79218421988,-39.3590944865451,0,27,27,27,11,-39.3590944865451
01-Aug-2026 00:39:16,-146.665851130644,-39.2327613973086,0,27,27,27,12,-39.2327613973086
01-Aug-2026 00:39:18,-147.151994841528,-39.7189051081926,0,27,27,27,13,-39.7189051081926
01-Aug-2026 00:39:20,-147.596149360187,-40.1630596268514,0,27,27,27,14,-40.1630596268514
01-Aug-2026 00:39:22,-147.510275117933,-40.077185384598,0,27,27,27,14,-40.077185384598
01-Aug-2026 00:39:24,-147.716207617438,-40.2831178841028,0,27,27,27,13,-40.2831178841028
01-Aug-2026 00:39:26,-147.890268343459,-40.4571786101239,0,27,27,27,13,-40.4571786101239
01-Aug-2026 00:39:28,-149.239812086359,-41.8067223530234,0,27,27,27,15,-41.8067223530234
01-Aug-2026 00:39:30,-150.183284161595,-42.7501944282598,0,27,27,27,15,-42.7501944282598
01-Aug-2026 00:39:32,-142.846618292216,-35.4135285588808,0,27,27,27,17,-35.4135285588808
01-Aug-2026 00:39:34,-143.04553369227,-35.6124439589349,0,27,27,27,14,-35.6124439589349
01-Aug-2026 00:39:36,-151.642828892223,-44.2097391588873,0,27,27,27,13,-44.2097391588873
01-Aug-2026 00:39:38,-152.187019547723,-44.7539298143878,0,27,27,27,14,-44.7539298143878
01-Aug-2026 00:39:40,-153.188505979745,-45.7554162464098,0,27,27,27,12,-45.7554162464098
01-Aug-2026 00:39:42,-153.261121672801,-45.828031939466,0,28,28,28,12,-45.828031939466
01-Aug-2026 00:39:44,-153.059821250939,-45.6267315176037,0,28,28,28,12,-45.6267315176037
01-Aug-2026 00:39:46,-153.211483683896,-45.778393950561,0,28,28,28,11,-45.778393950561
01-Aug-2026 00:39:48,-153.586264386018,-46.153174652683,0,28,28,28,12,-46.153174652683
01-Aug-2026 00:39:50,-153.650759203546,-46.2176694702109,0,28,28,28,11,-46.2176694702109
01-Aug-2026 00:39:52,-153.625090873367,-46.1920011400318,0,28,28,28,11,-46.1920011400318
01-Aug-2026 00:39:54,-153.793988380561,-46.3608986472258,0,28,28,28,10,-46.3608986472258
01-Aug-2026 00:39:56,-153.910506542792,-46.4774168094565,0,28,28,28,10,-46.4774168094565
01-Aug-2026 00:39:58,-153.999066614511,-46.5659768811758,0,27,27,27,10,-46.5659768811758
01-Aug-2026 00:40:00,-153.784022156059,-46.3509324227235,0,27,27,27,10,-46.3509324227235
01-Aug-2026 00:40:02,-154.410161209336,-46.9770714760006,0,26,26,26,9,-46.9770714760006
01-Aug-2026 00:40:04,-154.42537223659,-46.9922825032549,0,26,26,26,8,-46.9922825032549
01-Aug-2026 00:40:06,-154.494550719832,-47.0614609864971,0,26,26,26,12,-47.0614609864971
01-Aug-2026 00:40:08,-155.060181121779,-47.6270913884441,0,26,26,26,12,-47.6270913884441
01-Aug-2026 00:40:10,-155.285475729214,-47.8523859958785,0,26,26,26,11,-47.8523859958785
01-Aug-2026 00:40:12,-155.654164272549,-48.2210745392143,0,26,26,26,11,-48.2210745392143
01-Aug-2026 00:40:14,-155.431850005225,-47.9987602718901,0,26,26,26,12,-47.9987602718901
01-Aug-2026 00:40:16,-156.233128211175,-48.8000384778396,0,26,26,26,12,-48.8000384778396
01-Aug-2026 00:40:18,-154.95815528756,-47.5250655542252,0,25,25,25,11,-47.5250655542252
01-Aug-2026 00:40:20,-154.971571986095,-47.5384822527603,0,25,25,25,12,-47.5384822527603
01-Aug-2026 00:40:22,-163.85616627368,-56.4230765403446,0,25,25,25,11,-56.4230765403446
01-Aug-2026 00:40:24,-163.864719440578,-56.431629707243,0,25,25,25,10,-56.431629707243
01-Aug-2026 00:40:26,-163.934751041069,-56.5016613077337,0,25,25,25,11,-56.5016613077337
01-Aug-2026 00:40:28,-150.921274596758,-43.4881848634226,0,25,25,25,11,-43.4881848634226
01-Aug-2026 00:40:30,-150.655800658846,-43.2227109255113,0,25,25,25,11,-43.2227109255113
01-Aug-2026 00:40:32,-150.422836616404,-42.9897468830693,0,25,25,25,14,-42.9897468830693
01-Aug-2026 00:40:34,-150.221999762051,-42.788910028716,0,25,25,25,14,-42.788910028716
01-Aug-2026 00:40:36,-165.644604813566,-58.2115150802311,0,25,25,25,14,-58.2115150802311
01-Aug-2026 00:40:38,-165.864637631098,-58.4315478977628,0,25,25,25,13,-58.4315478977628
01-Aug-2026 00:40:40,-166.060493973467,-58.6274042401322,0,26,26,26,11,-58.6274042401322
01-Aug-2026 00:40:42,-167.486528100629,-60.0534383672935,0,26,26,26,11,-60.0534383672935
01-Aug-2026 00:40:44,-167.47392326104,-60.0408335277051,0,26,26,26,11,-60.0408335277051
01-Aug-2026 00:40:46,-167.552699550951,-60.1196098176154,0,26,26,26,12,-60.1196098176154
01-Aug-2026 00:40:48,-167.679352423894,-60.2462626905588,0,26,26,26,12,-60.2462626905588
01-Aug-2026 00:40:50,-167.612882130323,-60.1797923969883,0,26,26,26,11,-60.1797923969883
01-Aug-2026 00:40:52,-157.610673758831,-50.1775840254953,0,26,26,26,13,-50.1775840254953
01-Aug-2026 00:40:54,-157.341602585548,-49.9085128522131,0,26,26,26,12,-49.9085128522131
01-Aug-2026 00:40:56,-156.386361718724,-48.9532719853886,0,27,27,27,14,-48.9532719853886
01-Aug-2026 00:40:58,-155.887555465426,-48.4544657320912,0,27,27,27,13,-48.4544657320912
01-Aug-2026 00:41:00,-156.357364589596,-48.9242748562608,0,27,27,27,12,-48.9242748562608
01-Aug-2026 00:41:02,-156.627373375832,-49.1942836424964,0,27,27,27,10,-49.1942836424964
01-Aug-2026 00:41:04,-153.931799328367,-46.4987095950317,0,27,27,27,14,-46.4987095950317
01-Aug-2026 00:41:06,-153.779313024926,-46.3462232915913,0,27,27,27,15,-46.3462232915913
01-Aug-2026 00:41:08,-153.739552340934,-46.3064626075992,0,27,27,27,15,-46.3064626075992
01-Aug-2026 00:41:10,-153.475065769429,-46.0419760360935,0,27,27,27,15,-46.0419760360935
01-Aug-2026 00:41:12,-152.894639574666,-45.4615498413307,0,27,27,27,15,-45.4615498413307
01-Aug-2026 00:41:14,-152.79859244958,-45.3655027162452,0,27,27,27,15,-45.3655027162452
01-Aug-2026 00:41:16,-152.383324019742,-44.950234286407,0,27,27,27,15,-44.950234286407
01-Aug-2026 00:41:18,-151.814631271287,-44.3815415379523,0,27,27,27,15,-44.3815415379523
01-Aug-2026 00:41:20,-151.339306702542,-43.9062169692067,0,28,28,28,16,-43.9062169692067
01-Aug-2026 00:41:22,-151.062802645293,-43.629712911958,0,28,28,28,16,-43.629712911958
01-Aug-2026 00:41:24,-144.016211799504,-36.5831220661687,0,29,29,29,17,-36.5831220661687
01-Aug-2026 00:41:26,-141.406211679577,-33.9731219462421,0,29,29,29,18,-33.9731219462421
01-Aug-2026 00:41:28,-141.342415520269,-33.9093257869338,0,29,29,29,16,-33.9093257869338
01-Aug-2026 00:41:30,-141.163528798349,-33.7304390650141,0,29,29,29,13,-33.7304390650141
01-Aug-2026 00:41:32,-141.225543357657,-33.7924536243221,0,29,29,29,14,-33.7924536243221
01-Aug-2026 00:41:34,-144.181437499253,-36.748347765918,0,29,29,29,15,-36.748347765918
01-Aug-2026 00:41:36,-144.505806528088,-37.0727167947526,0,28,28,28,15,-37.0727167947526
01-Aug-2026 00:41:38,-145.024867287796,-37.5917775544607,0,29,29,29,16,-37.5917775544607
01-Aug-2026 00:41:40,-144.802672104853,-37.3695823715174,0,28,28,28,15,-37.3695823715174
01-Aug-2026 00:41:42,-152.814983132865,-45.3818933995302,0,28,28,28,15,-45.3818933995302
01-Aug-2026 00:41:44,-153.160911483678,-45.7278217503431,0,28,28,28,13,-45.7278217503431
01-Aug-2026 00:41:46,-140.215314776517,-32.7822250431817,0,28,28,28,13,-32.7822250431817
01-Aug-2026 00:41:48,-140.737058626444,-33.303968893109,0,28,28,28,15,-33.303968893109
01-Aug-2026 00:41:50,-141.15916208036,-33.7260723470247,0,28,28,28,16,-33.7260723470247
01-Aug-2026 00:41:52,-141.328319577981,-33.8952298446458,0,28,28,28,15,-33.8952298446458
01-Aug-2026 00:41:54,-141.64381159853,-34.2107218651944,0,26,26,26,14,-34.2107218651944
01-Aug-2026 00:41:56,-137.082829273874,-29.649739540539,0,26,26,26,13,-29.649739540539
01-Aug-2026 00:41:58,-137.90169081109,-30.4686010777553,0,26,26,26,13,-30.4686010777553
01-Aug-2026 00:42:00,-138.356567673011,-30.9234779396761,0,26,26,26,12,-30.9234779396761
01-Aug-2026 00:42:02,-138.586343930591,-31.1532541972555,0,26,26,26,12,-31.1532541972555
01-Aug-2026 00:42:04,-138.6603328504,-31.2272431170645,0,26,26,26,12,-31.2272431170645
01-Aug-2026 00:42:06,-138.931017857541,-31.4979281242061,0,26,26,26,10,-31.4979281242061
01-Aug-2026 00:42:08,-139.820287492866,-32.3871977595304,0,26,26,26,10,-32.3871977595304
01-Aug-2026 00:42:10,-144.944626409596,-37.5115366762605,0,26,26,26,12,-37.5115366762605
01-Aug-2026 00:42:12,-145.649138212722,-38.216048479387,0,26,26,26,11,-38.216048479387
01-Aug-2026 00:42:14,-146.012943478124,-38.5798537447892,0,26,26,26,12,-38.5798537447892
01-Aug-2026 00:42:16,-145.088374647349,-37.655284914014,0,26,26,26,12,-37.655284914014
01-Aug-2026 00:42:18,-145.421642026113,-37.9885522927776,0,26,26,26,14,-37.9885522927776
01-Aug-2026 00:42:20,-146.11976894617,-38.6866792128345,0,26,26,26,13,-38.6866792128345
01-Aug-2026 00:42:22,-146.936442039793,-39.5033523064583,0,25,25,25,13,-39.5033523064583
01-Aug-2026 00:42:24,-146.802175889212,-39.3690861558769,0,25,25,25,12,-39.3690861558769
01-Aug-2026 00:42:26,-152.867241515981,-45.434151782646,0,25,25,25,11,-45.434151782646
01-Aug-2026 00:42:28,-152.68700898709,-45.2539192537547,0,25,25,25,11,-45.2539192537547
01-Aug-2026 00:42:30,-153.150599377492,-45.717509644157,0,25,25,25,11,-45.717509644157
01-Aug-2026 00:42:32,-153.101321036539,-45.668231303204,0,25,25,25,12,-45.668231303204
01-Aug-2026 00:42:34,-152.596927819892,-45.1638380865567,0,25,25,25,13,-45.1638380865567
01-Aug-2026 00:42:36,-153.908945454181,-46.4758557208456,0,25,25,25,13,-46.4758557208456
01-Aug-2026 00:42:38,-149.187386600932,-41.754296867597,0,25,25,25,14,-41.754296867597
01-Aug-2026 00:42:40,-149.194371816858,-41.7612820835233,0,25,25,25,15,-41.7612820835233
01-Aug-2026 00:42:42,-149.118031070948,-41.6849413376128,0,25,25,25,15,-41.6849413376128
01-Aug-2026 00:42:44,-146.904800450143,-39.4717107168076,0,25,25,25,14,-39.4717107168076
01-Aug-2026 00:42:46,-146.637719930814,-39.2046301974784,0,25,25,25,15,-39.2046301974784
01-Aug-2026 00:42:48,-146.658609918276,-39.2255201849405,0,25,25,25,17,-39.2255201849405
01-Aug-2026 00:42:50,-146.253281454121,-38.8201917207855,0,25,25,25,17,-38.8201917207855
01-Aug-2026 00:42:52,-144.924399837374,-37.4913101040392,0,25,25,25,17,-37.4913101040392
01-Aug-2026 00:42:54,-144.693126432609,-37.2600366992734,0,25,25,25,16,-37.2600366992734
01-Aug-2026 00:42:56,-144.458859386758,-37.0257696534228,0,25,25,25,17,-37.0257696534228
01-Aug-2026 00:42:58,-144.937242707562,-37.504152974227,0,25,25,25,17,-37.504152974227
01-Aug-2026 00:43:00,-144.458117901908,-37.0250281685726,0,26,26,26,17,-37.0250281685726
01-Aug-2026 00:43:02,-144.28997646835,-36.8568867350149,0,26,26,26,17,-36.8568867350149
01-Aug-2026 00:43:04,-144.193762341354,-36.7606726080184,0,26,26,26,17,-36.7606726080184
01-Aug-2026 00:43:06,-143.251887476991,-35.818797743656,0,26,26,26,17,-35.818797743656
01-Aug-2026 00:43:08,-144.654179252289,-37.2210895189535,0,26,26,26,18,-37.2210895189535
01-Aug-2026 00:43:10,-144.874661951768,-37.4415722184325,0,25,25,25,17,-37.4415722184325
01-Aug-2026 00:43:12,-149.019892760392,-41.5868030270565,0,26,26,26,15,-41.5868030270565
01-Aug-2026 00:43:14,-149.685327628272,-42.2522378949366,0,26,26,26,14,-42.2522378949366
01-Aug-2026 00:43:16,-149.42477959449,-41.9916898611544,0,27,27,27,15,-41.9916898611544
01-Aug-2026 00:43:18,-149.427491036074,-41.9944013027384,0,27,27,27,14,-41.9944013027384
01-Aug-2026 00:43:20,-149.745560999488,-42.3124712661526,0,27,27,27,14,-42.3124712661526
01-Aug-2026 00:43:22,-149.272283097273,-41.8391933639377,0,27,27,27,15,-41.8391933639377
01-Aug-2026 00:43:24,-149.121030113926,-41.6879403805906,0,27,27,27,13,-41.6879403805906
01-Aug-2026 00:43:26,-149.183129709481,-41.7500399761461,0,27,27,27,12,-41.7500399761461
01-Aug-2026 00:43:28,-149.412209304715,-41.9791195713794,0,27,27,27,11,-41.9791195713794
01-Aug-2026 00:43:30,-153.611172188277,-46.1780824549418,0,27,27,27,9,-46.1780824549418
01-Aug-2026 00:43:32,-153.497735321532,-46.0646455881964,0,28,28,28,10,-46.0646455881964
01-Aug-2026 00:43:34,-144.371942436854,-36.9388527035191,0,29,29,29,10,-36.9388527035191
01-Aug-2026 00:43:36,-143.438740696256,-36.0056509629209,0,28,28,28,12,-36.0056509629209
01-Aug-2026 00:43:38,-142.745696203467,-35.3126064701318,0,28,28,28,11,-35.3126064701318
01-Aug-2026 00:43:40,-142.546680079355,-35.1135903460198,0,28,28,28,11,-35.1135903460198
01-Aug-2026 00:43:42,-142.127712942402,-34.6946232090673,0,28,28,28,12,-34.6946232090673
01-Aug-2026 00:43:44,-141.59287665491,-34.1597869215753,0,28,28,28,12,-34.1597869215753
01-Aug-2026 00:43:46,-148.150073432508,-40.7169836991724,0,28,28,28,13,-40.7169836991724
01-Aug-2026 00:43:48,-147.658501880408,-40.2254121470733,0,27,27,27,11,-40.2254121470733
01-Aug-2026 00:43:50,-147.337697672254,-39.9046079389189,0,27,27,27,12,-39.9046079389189
01-Aug-2026 00:43:52,-148.93497707897,-41.5018873456352,0,27,27,27,10,-41.5018873456352
01-Aug-2026 00:43:54,-149.067309921124,-41.6342201877891,0,26,26,26,8,-41.6342201877891
01-Aug-2026 00:43:56,-149.166438941022,-41.7333492076867,0,26,26,26,8,-41.7333492076867
01-Aug-2026 00:43:58,-147.93372823047,-40.500638497135,0,26,26,26,8,-40.500638497135
01-Aug-2026 00:44:00,-147.907307594888,-40.4742178615526,0,26,26,26,7,-40.4742178615526
01-Aug-2026 00:44:02,-147.596174801576,-40.1630850682412,0,26,26,26,7,-40.1630850682412
01-Aug-2026 00:44:04,-147.711672615207,-40.2785828818715,0,26,26,26,7,-40.2785828818715
01-Aug-2026 00:44:06,-148.119837391933,-40.6867476585975,0,26,26,26,8,-40.6867476585975
01-Aug-2026 00:44:08,-148.323580171775,-40.8904904384397,0,26,26,26,11,-40.8904904384397
01-Aug-2026 00:44:10,-148.139651426407,-40.7065616930714,0,26,26,26,12,-40.7065616930703
01-Aug-2026 00:44:12,-148.347810029303,-40.9147202959676,0,26,26,26,11,-40.9147202959676
01-Aug-2026 00:44:14,-148.194972983264,-40.7618832499288,0,26,26,26,10,-40.7618832499288
01-Aug-2026 00:44:16,-149.405073933414,-41.9719842000793,0,26,26,26,10,-41.9719842000793
01-Aug-2026 00:44:18,-149.457705332641,-42.0246155993062,0,25,25,25,9,-42.0246155993062
01-Aug-2026 00:44:20,-155.540983178904,-48.1078934455683,0,25,25,25,8,-48.1078934455683
01-Aug-2026 00:44:22,-155.78645483688,-48.353365103545,0,25,25,25,8,-48.353365103545
01-Aug-2026 00:44:24,-155.745914386053,-48.3128246527175,0,25,25,25,9,-48.3128246527175
01-Aug-2026 00:44:26,-155.963424602871,-48.5303348695358,0,25,25,25,10,-48.5303348695358
01-Aug-2026 00:44:28,-156.094541622684,-48.6614518893491,0,25,25,25,9,-48.6614518893491
01-Aug-2026 00:44:30,-156.067938081779,-48.6348483484439,0,25,25,25,10,-48.6348483484439
01-Aug-2026 00:44:32,-154.930613005238,-47.4975232719025,0,25,25,25,10,-47.4975232719025
01-Aug-2026 00:44:34,-155.191743292016,-47.7586535586805,0,26,26,26,11,-47.7586535586805
01-Aug-2026 00:44:36,-165.482308015881,-58.0492182825461,0,26,26,26,10,-58.0492182825461
01-Aug-2026 00:44:38,-165.878136919994,-58.4450471866587,0,25,25,25,9,-58.4450471866587
01-Aug-2026 00:44:40,-160.285673876031,-52.8525841426957,0,26,26,26,10,-52.8525841426957
01-Aug-2026 00:44:42,-160.862628843682,-53.4295391103472,0,26,26,26,9,-53.4295391103472
01-Aug-2026 00:44:44,-161.156018164387,-53.7229284310514,0,26,26,26,10,-53.7229284310514
01-Aug-2026 00:44:46,-166.668674768346,-59.2355850350105,0,26,26,26,10,-59.2355850350105
01-Aug-2026 00:44:48,-166.474916339316,-59.0418266059806,0,26,26,26,11,-59.0418266059806
01-Aug-2026 00:44:50,-166.231384017383,-58.798294284048,0,26,26,26,11,-58.798294284048
01-Aug-2026 00:44:52,-159.412019054481,-51.9789293211462,0,27,27,27,12,-51.9789293211462
01-Aug-2026 00:44:54,-159.484714951274,-52.051625217939,0,27,27,27,11,-52.051625217939
01-Aug-2026 00:44:56,-159.129836931734,-51.6967471983987,0,27,27,27,11,-51.6967471983987
01-Aug-2026 00:44:58,-158.113894456545,-50.6808047232102,0,27,27,27,13,-50.6808047232102
01-Aug-2026 00:45:00,-164.722128440272,-57.2890387069372,0,27,27,27,12,-57.2890387069372
01-Aug-2026 00:45:02,-164.709193411122,-57.2761036777864,0,27,27,27,13,-57.2761036777864
01-Aug-2026 00:45:04,-164.210270578101,-56.7771808447658,0,27,27,27,13,-56.7771808447658
01-Aug-2026 00:45:06,-164.825287006836,-57.3921972735011,0,27,27,27,13,-57.3921972735011
01-Aug-2026 00:45:08,-164.760368463147,-57.3272787298115,0,27,27,27,12,-57.3272787298115
01-Aug-2026 00:45:10,-151.825105408403,-44.3920156750677,0,28,28,28,13,-44.3920156750677
01-Aug-2026 00:45:12,-149.456588239737,-42.0234985064019,0,28,28,28,16,-42.0234985064019
01-Aug-2026 00:45:14,-140.158469294355,-32.7253795610203,0,28,28,28,14,-32.7253795610203
01-Aug-2026 00:45:16,-152.033343001195,-44.6002532678596,0,29,29,29,13,-44.6002532678596
01-Aug-2026 00:45:18,-151.562472469738,-44.1293827364026,0,29,29,29,12,-44.1293827364026
01-Aug-2026 00:45:20,-150.932330203125,-43.4992404697895,0,29,29,29,12,-43.4992404697895
01-Aug-2026 00:45:22,-150.980749836374,-43.5476601030386,0,29,29,29,12,-43.5476601030386
01-Aug-2026 00:45:24,-151.751589306132,-44.3184995727971,0,29,29,29,13,-44.3184995727971
01-Aug-2026 00:45:26,-151.596537740907,-44.1634480075716,0,28,28,28,13,-44.1634480075716
01-Aug-2026 00:45:28,-151.629808693475,-44.1967189601394,0,29,29,29,13,-44.1967189601394
01-Aug-2026 00:45:30,-152.028022607952,-44.5949328746171,0,29,29,29,12,-44.5949328746171
01-Aug-2026 00:45:32,-147.904268696862,-40.4711789635265,0,28,28,28,13,-40.4711789635265
01-Aug-2026 00:45:34,-152.003172066248,-44.5700823329124,0,28,28,28,11,-44.5700823329124
01-Aug-2026 00:45:36,-151.611563393374,-44.1784736600386,0,27,27,27,12,-44.1784736600386
01-Aug-2026 00:45:38,-151.112886202384,-43.6797964690491,0,27,27,27,12,-43.6797964690491
01-Aug-2026 00:45:40,-151.281739967715,-43.8486502343795,0,28,28,28,13,-43.8486502343795
01-Aug-2026 00:45:42,-163.210482565665,-55.7773928323303,0,28,28,28,11,-55.7773928323303
01-Aug-2026 00:45:44,-163.150874777699,-55.7177850443635,0,27,27,27,8,-55.7177850443635
01-Aug-2026 00:45:46,-162.79400764303,-55.3609179096946,0,27,27,27,7,-55.3609179096946
01-Aug-2026 00:45:48,-166.738203457268,-59.3051137239331,0,27,27,27,7,-59.3051137239331
01-Aug-2026 00:45:50,-168.321456261635,-60.8883665283001,0,27,27,27,8,-60.8883665283001
01-Aug-2026 00:45:52,-145.442248110699,-38.0091583773643,0,26,26,26,10,-38.0091583773643
01-Aug-2026 00:45:54,-146.224588333387,-38.7914986000519,0,26,26,26,9,-38.7914986000519
01-Aug-2026 00:45:56,-145.815444018433,-38.3823542850982,0,26,26,26,9,-38.3823542850982
01-Aug-2026 00:45:58,-145.377762034906,-37.9446723015708,0,26,26,26,10,-37.9446723015708
01-Aug-2026 00:46:00,-145.916870446409,-38.4837807130735,0,26,26,26,11,-38.4837807130735
01-Aug-2026 00:46:02,-146.464041592824,-39.0309518594891,0,26,26,26,12,-39.0309518594891
01-Aug-2026 00:46:04,-146.780627651757,-39.3475379184218,0,26,26,26,10,-39.3475379184218
01-Aug-2026 00:46:06,-148.447932267362,-41.0148425340269,0,26,26,26,10,-41.0148425340269
01-Aug-2026 00:46:08,-148.666458703786,-41.2333689704506,0,26,26,26,9,-41.2333689704506
01-Aug-2026 00:46:10,-148.588690687108,-41.1556009537727,0,26,26,26,10,-41.1556009537727
01-Aug-2026 00:46:12,-154.593048363417,-47.1599586300813,0,26,26,26,8,-47.1599586300813
01-Aug-2026 00:46:14,-154.324432737319,-46.8913430039834,0,26,26,26,9,-46.8913430039834
01-Aug-2026 00:46:16,-154.681053024469,-47.2479632911334,0,25,25,25,10,-47.2479632911334
01-Aug-2026 00:46:18,-154.837079045442,-47.4039893121072,0,25,25,25,9,-47.4039893121072
01-Aug-2026 00:46:20,-154.615397758776,-47.182308025441,0,25,25,25,10,-47.182308025441
01-Aug-2026 00:46:22,-154.727537621363,-47.2944478880273,0,25,25,25,12,-47.2944478880273
01-Aug-2026 00:46:24,-154.480078502645,-47.0469887693101,0,25,25,25,12,-47.0469887693101
01-Aug-2026 00:46:26,-154.213653831634,-46.7805640982983,0,25,25,25,13,-46.7805640982983
01-Aug-2026 00:46:28,-154.230936139426,-46.7978464060905,0,25,25,25,12,-46.7978464060905
01-Aug-2026 00:46:30,-154.41349254505,-46.9804028117145,0,25,25,25,11,-46.9804028117145
01-Aug-2026 00:46:32,-154.233408220805,-46.8003184874702,0,25,25,25,11,-46.8003184874702
01-Aug-2026 00:46:34,-153.965944144341,-46.5328544110062,0,25,25,25,11,-46.5328544110062
01-Aug-2026 00:46:36,-148.382540342236,-40.9494506089009,0,25,25,25,13,-40.9494506089009
01-Aug-2026 00:46:38,-153.165890530886,-45.7328007975506,0,25,25,25,12,-45.7328007975506
01-Aug-2026 00:46:40,-149.000764805353,-41.5676750720179,0,25,25,25,11,-41.5676750720179
01-Aug-2026 00:46:42,-148.586395064006,-41.1533053306711,0,25,25,25,11,-41.1533053306711
01-Aug-2026 00:46:44,-147.072595947586,-39.639506214251,0,25,25,25,11,-39.639506214251
01-Aug-2026 00:46:46,-149.275906795454,-41.8428170621192,0,25,25,25,11,-41.8428170621192
01-Aug-2026 00:46:48,-147.076204511433,-39.6431147780982,0,26,26,26,12,-39.6431147780982
01-Aug-2026 00:46:50,-146.857140035609,-39.424050302274,0,26,26,26,14,-39.424050302274
01-Aug-2026 00:46:52,-146.795880939771,-39.3627912064354,0,26,26,26,15,-39.3627912064354
01-Aug-2026 00:46:54,-146.537847626098,-39.104757892763,0,26,26,26,16,-39.104757892763
01-Aug-2026 00:46:56,-146.471008386546,-39.0379186532113,0,26,26,26,16,-39.0379186532113
01-Aug-2026 00:46:58,-145.834047320851,-38.4009575875163,0,25,25,25,16,-38.4009575875163
01-Aug-2026 00:47:00,-147.019620913966,-39.5865311806304,0,25,25,25,14,-39.5865311806304
01-Aug-2026 00:47:02,-150.703116982518,-43.2700272491832,0,25,25,25,14,-43.2700272491832
01-Aug-2026 00:47:04,-153.118311549747,-45.6852218164119,0,25,25,25,10,-45.6852218164119
01-Aug-2026 00:47:06,-152.752222437699,-45.3191327043637,0,25,25,25,10,-45.3191327043637
01-Aug-2026 00:47:08,-153.308021227812,-45.8749314944773,0,26,26,26,9,-45.8749314944773
01-Aug-2026 00:47:10,-167.23702562965,-59.8039358963143,0,26,26,26,8,-59.8039358963143
01-Aug-2026 00:47:12,-168.782585867672,-61.3494961343368,0,26,26,26,8,-61.3494961343368
01-Aug-2026 00:47:14,-169.584259062373,-62.1511693290381,0,26,26,26,7,-62.1511693290381
01-Aug-2026 00:47:16,-169.987592943989,-62.5545032106539,0,27,27,27,6,-62.5545032106539
01-Aug-2026 00:47:18,-170.331534044091,-62.8984443107562,0,27,27,27,6,-62.8984443107562
01-Aug-2026 00:47:20,-170.608771093774,-63.1756813604388,0,28,28,28,6,-63.1756813604388
01-Aug-2026 00:47:22,-170.699049209693,-63.2659594763583,0,28,28,28,5,-63.2659594763583
01-Aug-2026 00:47:24,-170.237781259696,-62.8046915263604,0,29,29,29,6,-62.8046915263604
01-Aug-2026 00:47:26,-170.76457268794,-63.3314829546051,0,29,29,29,5,-63.3314829546051
01-Aug-2026 00:47:28,-169.516542921385,-62.0834531880496,0,28,28,28,6,-62.0834531880496
01-Aug-2026 00:47:30,-169.252211819156,-61.8191220858212,0,28,28,28,6,-61.8191220858212
01-Aug-2026 00:47:32,-163.732323549649,-56.2992338163139,0,28,28,28,6,-56.2992338163139
01-Aug-2026 00:47:34,-163.980854076455,-56.5477643431196,0,28,28,28,7,-56.5477643431196
01-Aug-2026 00:47:36,-163.771845490033,-56.3387557566978,0,27,27,27,8,-56.3387557566978
01-Aug-2026 00:47:38,-163.709178194345,-56.2760884610095,0,27,27,27,7,-56.2760884610095
01-Aug-2026 00:47:40,-159.494617993059,-52.0615282597235,0,27,27,27,10,-52.0615282597235
01-Aug-2026 00:47:42,-160.237701949947,-52.8046122166114,0,27,27,27,10,-52.8046122166114
01-Aug-2026 00:47:44,-159.886844764373,-52.4537550310379,0,27,27,27,10,-52.4537550310379
01-Aug-2026 00:47:46,-159.985539191417,-52.5524494580823,0,26,26,26,9,-52.5524494580823
01-Aug-2026 00:47:48,-163.963000471473,-56.529910738138,0,26,26,26,8,-56.529910738138
01-Aug-2026 00:47:50,-164.756948667934,-57.3238589345993,0,26,26,26,7,-57.3238589345993
01-Aug-2026 00:47:52,-164.608149457025,-57.1750597236902,0,26,26,26,7,-57.1750597236902
01-Aug-2026 00:47:54,-163.919376769048,-56.4862870357126,0,26,26,26,7,-56.4862870357126
01-Aug-2026 00:47:56,-163.696170744255,-56.2630810109194,0,26,26,26,8,-56.2630810109194
01-Aug-2026 00:47:58,-163.814140023555,-56.3810502902193,0,26,26,26,9,-56.3810502902193
01-Aug-2026 00:48:00,-163.998794718407,-56.565704985072,0,26,26,26,10,-56.565704985072
01-Aug-2026 00:48:02,-163.621917837571,-56.1888281042361,0,26,26,26,12,-56.1888281042361
01-Aug-2026 00:48:04,-163.446967056676,-56.0138773233407,0,26,26,26,13,-56.0138773233407
01-Aug-2026 00:48:06,-163.673971275669,-56.2408815423343,0,26,26,26,14,-56.2408815423343
01-Aug-2026 00:48:08,-163.435635033209,-56.0025452998735,0,26,26,26,14,-56.0025452998735
01-Aug-2026 00:48:10,-163.617483401213,-56.1843936678778,0,26,26,26,14,-56.1843936678778
01-Aug-2026 00:48:12,-155.423412351954,-47.9903226186184,0,25,25,25,15,-47.9903226186184
01-Aug-2026 00:48:14,-154.736318787743,-47.3032290544076,0,25,25,25,14,-47.3032290544076
01-Aug-2026 00:48:16,-154.591036646483,-47.1579469131482,0,24,24,24,13,-47.1579469131482
01-Aug-2026 00:48:18,-154.558466820184,-47.1253770868484,0,24,24,24,13,-47.1253770868484
01-Aug-2026 00:48:20,-154.953256057775,-47.5201663244402,0,24,24,24,12,-47.5201663244402
01-Aug-2026 00:48:22,-154.548251950679,-47.1151622173438,0,25,25,25,13,-47.1151622173438
01-Aug-2026 00:48:24,-154.116726342347,-46.683636609012,0,25,25,25,14,-46.683636609012
01-Aug-2026 00:48:26,-154.278663580852,-46.8455738475165,0,25,25,25,15,-46.8455738475165
01-Aug-2026 00:48:28,-154.163715020876,-46.7306252875412,0,26,26,26,14,-46.7306252875412
01-Aug-2026 00:48:30,-154.836000626329,-47.4029108929943,0,26,26,26,14,-47.4029108929943
01-Aug-2026 00:48:32,-156.217726333241,-48.7846365999062,0,26,26,26,13,-48.7846365999062
01-Aug-2026 00:48:34,-155.810124607549,-48.3770348742135,0,26,26,26,11,-48.3770348742135
01-Aug-2026 00:48:36,-155.142214626975,-47.70912489364,0,26,26,26,11,-47.70912489364
01-Aug-2026 00:48:38,-150.943143436499,-43.510053703164,0,26,26,26,11,-43.510053703164
01-Aug-2026 00:48:40,-150.675827579395,-43.2427378460594,0,26,26,26,10,-43.2427378460594
01-Aug-2026 00:48:42,-153.780257709694,-46.3471679763585,0,26,26,26,8,-46.3471679763585
01-Aug-2026 00:48:44,-153.709329106618,-46.2762393732825,0,27,27,27,8,-46.2762393732825
01-Aug-2026 00:48:46,-153.000747081134,-45.5676573477987,0,27,27,27,9,-45.5676573477987
01-Aug-2026 00:48:48,-152.973745094945,-45.5406553616095,0,27,27,27,10,-45.5406553616095
01-Aug-2026 00:48:50,-149.566521039278,-42.133431305943,0,27,27,27,13,-42.133431305943
01-Aug-2026 00:48:52,-149.831845407295,-42.3987556739602,0,27,27,27,13,-42.3987556739602
01-Aug-2026 00:48:54,-146.622383759906,-39.1892940265705,0,27,27,27,14,-39.1892940265705
01-Aug-2026 00:48:56,-146.443212168289,-39.0101224349541,0,27,27,27,16,-39.0101224349541
01-Aug-2026 00:48:58,-146.510997827713,-39.0779080943776,0,27,27,27,16,-39.0779080943776
01-Aug-2026 00:49:00,-143.52425167092,-36.0911619375848,0,28,28,28,16,-36.0911619375848
01-Aug-2026 00:49:02,-141.144231806827,-33.7111420734915,0,28,28,28,17,-33.7111420734915
01-Aug-2026 00:49:04,-141.29723400597,-33.8641442726344,0,28,28,28,16,-33.8641442726344
01-Aug-2026 00:49:06,-142.81317773381,-35.3800880004752,0,29,29,29,14,-35.3800880004752
01-Aug-2026 00:49:08,-142.600719974583,-35.167630241248,0,29,29,29,14,-35.167630241248
01-Aug-2026 00:49:10,-143.38389158525,-35.9508018519145,0,29,29,29,13,-35.9508018519145
01-Aug-2026 00:49:12,-143.508813766466,-36.0757240331305,0,29,29,29,13,-36.0757240331305
01-Aug-2026 00:49:14,-143.408614009195,-35.97552427586,0,29,29,29,13,-35.97552427586
01-Aug-2026 00:49:16,-144.901731736788,-37.4686420034528,0,27,27,27,13,-37.4686420034528
01-Aug-2026 00:49:18,-144.861123010873,-37.4280332775381,0,27,27,27,13,-37.4280332775381
01-Aug-2026 00:49:20,-144.956470321247,-37.5233805879122,0,29,29,29,15,-37.5233805879122
01-Aug-2026 00:49:22,-147.607052522067,-40.1739627887316,0,28,28,28,11,-40.1739627887316
01-Aug-2026 00:49:24,-148.07331067671,-40.6402209433747,0,28,28,28,11,-40.6402209433747
01-Aug-2026 00:49:26,-143.728108962221,-36.2950192288857,0,28,28,28,10,-36.2950192288857
01-Aug-2026 00:49:28,-144.723833595766,-37.2907438624308,0,28,28,28,10,-37.2907438624308
01-Aug-2026 00:49:30,-144.401225818214,-36.9681360848792,0,28,28,28,10,-36.9681360848792
01-Aug-2026 00:49:32,-144.443417571813,-37.0103278384783,0,27,27,27,10,-37.0103278384783
01-Aug-2026 00:49:34,-146.039902027246,-38.6068122939111,0,27,27,27,11,-38.6068122939111
01-Aug-2026 00:49:36,-133.818196898323,-26.3851071649881,0,27,27,27,11,-26.3851071649881
01-Aug-2026 00:49:38,-133.477427462782,-26.0443377294471,0,27,27,27,9,-26.0443377294471
01-Aug-2026 00:49:40,-133.854387095725,-26.4212973623899,0,27,27,27,11,-26.4212973623899
01-Aug-2026 00:49:42,-133.610352881024,-26.1772631476887,0,27,27,27,13,-26.1772631476887
01-Aug-2026 00:49:44,-133.67978669062,-26.2466969572849,0,26,26,26,13,-26.2466969572849
01-Aug-2026 00:49:46,-134.113896683909,-26.6808069505737,0,26,26,26,13,-26.6808069505737
01-Aug-2026 00:49:48,-134.860845766957,-27.4277560336223,0,26,26,26,13,-27.4277560336223
01-Aug-2026 00:49:50,-134.312680827747,-26.879591094412,0,26,26,26,12,-26.879591094412
01-Aug-2026 00:49:52,-150.487716390298,-43.0546266569629,0,26,26,26,12,-43.0546266569629
01-Aug-2026 00:49:54,-149.899107326658,-42.4660175933232,0,26,26,26,12,-42.4660175933232
01-Aug-2026 00:49:56,-149.511155174049,-42.0780654407141,0,26,26,26,12,-42.0780654407141
01-Aug-2026 00:49:58,-149.28183439674,-41.8487446634051,0,26,26,26,12,-41.8487446634051
01-Aug-2026 00:50:00,-150.643745449449,-43.2106557161139,0,26,26,26,13,-43.2106557161139
01-Aug-2026 00:50:02,-150.597120070808,-43.1640303374732,0,26,26,26,12,-43.1640303374732
01-Aug-2026 00:50:04,-150.380664214929,-42.9475744815942,0,26,26,26,11,-42.9475744815942
01-Aug-2026 00:50:06,-151.127227173029,-43.6941374396938,0,26,26,26,11,-43.6941374396938
01-Aug-2026 00:50:08,-151.054227426516,-43.6211376931808,0,25,25,25,11,-43.6211376931808
01-Aug-2026 00:50:10,-150.976656904621,-43.5435671712855,0,25,25,25,12,-43.5435671712855
01-Aug-2026 00:50:12,-154.891234583718,-47.4581448503828,0,25,25,25,12,-47.4581448503828
01-Aug-2026 00:50:14,-154.917540977792,-47.4844512444568,0,25,25,25,13,-47.4844512444568
01-Aug-2026 00:50:16,-147.351280044282,-39.9181903109466,0,25,25,25,13,-39.9181903109466
01-Aug-2026 00:50:18,-147.503105151579,-40.0700154182441,0,25,25,25,12,-40.0700154182441
01-Aug-2026 00:50:20,-146.384012477433,-38.9509227440979,0,25,25,25,10,-38.9509227440979
01-Aug-2026 00:50:22,-146.387010541475,-38.9539208081402,0,25,25,25,9,-38.9539208081402
01-Aug-2026 00:50:24,-146.357378000008,-38.9242882666732,0,25,25,25,10,-38.9242882666732
01-Aug-2026 00:50:26,-145.900160806235,-38.4670710729,0,25,25,25,8,-38.4670710729
01-Aug-2026 00:50:28,-150.939609356943,-43.5065196236076,0,25,25,25,8,-43.5065196236076
01-Aug-2026 00:50:30,-150.131265312686,-42.6981755793512,0,25,25,25,9,-42.6981755793512
01-Aug-2026 00:50:32,-149.89819527294,-42.4651055396052,0,25,25,25,9,-42.4651055396052
01-Aug-2026 00:50:34,-150.027007107961,-42.5939173746263,0,25,25,25,9,-42.5939173746263
01-Aug-2026 00:50:36,-154.487785803587,-47.0546960702514,0,26,26,26,9,-47.0546960702514
01-Aug-2026 00:50:38,-154.359423005892,-46.9263332725565,0,26,26,26,10,-46.9263332725565
01-Aug-2026 00:50:40,-154.010024271693,-46.5769345383574,0,26,26,26,9,-46.5769345383574
01-Aug-2026 00:50:42,-151.63523225934,-44.2021425260049,0,26,26,26,13,-44.2021425260049
01-Aug-2026 00:50:44,-151.843681327721,-44.4105915943861,0,25,25,25,12,-44.4105915943861
01-Aug-2026 00:50:46,-145.030325200479,-37.5972354671435,0,25,25,25,13,-37.5972354671435
01-Aug-2026 00:50:48,-140.933556002812,-33.5004662694765,0,25,25,25,13,-33.5004662694765
01-Aug-2026 00:50:50,-141.186379398146,-33.7532896648107,0,25,25,25,12,-33.7532896648107
01-Aug-2026 00:50:52,-141.124166419076,-33.691076685741,0,25,25,25,15,-33.691076685741
01-Aug-2026 00:50:54,-141.037040821014,-33.6039510876784,0,25,25,25,12,-33.6039510876784
01-Aug-2026 00:50:56,-140.663503739623,-33.2304140062879,0,25,25,25,12,-33.2304140062879
01-Aug-2026 00:50:58,-140.994373624895,-33.5612838915594,0,25,25,25,13,-33.5612838915594
01-Aug-2026 00:51:00,-140.796763848667,-33.3636741153314,0,26,26,26,12,-33.3636741153314
01-Aug-2026 00:51:02,-141.615948221927,-34.1828584885923,0,26,26,26,11,-34.1828584885923
01-Aug-2026 00:51:04,-140.865528593602,-33.4324388602669,0,26,26,26,12,-33.4324388602669
01-Aug-2026 00:51:06,-140.012530959358,-32.5794412260226,0,26,26,26,13,-32.5794412260226
01-Aug-2026 00:51:08,-139.882500803956,-32.4494110706204,0,27,27,27,14,-32.4494110706204
01-Aug-2026 00:51:10,-140.200972239365,-32.7678825060295,0,27,27,27,13,-32.7678825060295
01-Aug-2026 00:51:12,-139.779142203507,-32.3460524701716,0,27,27,27,14,-32.3460524701716
01-Aug-2026 00:51:14,-139.983599209506,-32.5505094761707,0,28,28,28,15,-32.5505094761707
01-Aug-2026 00:51:16,-139.732928971505,-32.29983923817,0,28,28,28,16,-32.29983923817
01-Aug-2026 00:51:18,-140.094609787511,-32.6615200541754,0,27,27,27,15,-32.6615200541754
01-Aug-2026 00:51:20,-140.039976929586,-32.6068871962506,0,27,27,27,15,-32.6068871962506
01-Aug-2026 00:51:22,-140.304214132207,-32.8711243988719,0,28,28,28,15,-32.8711243988719
01-Aug-2026 00:51:24,-146.109726673999,-38.6766369406642,0,27,27,27,13,-38.6766369406642
01-Aug-2026 00:51:26,-146.95608067454,-39.5229909412045,0,27,27,27,12,-39.5229909412045
01-Aug-2026 00:51:28,-146.848392115924,-39.415302382589,0,27,27,27,12,-39.415302382589
01-Aug-2026 00:51:30,-146.958872261728,-39.5257825283924,0,27,27,27,14,-39.5257825283924
01-Aug-2026 00:51:32,-146.494467278974,-39.061377545639,0,27,27,27,15,-39.061377545639
01-Aug-2026 00:51:34,-146.190496282824,-38.7574065494886,0,27,27,27,14,-38.7574065494886
01-Aug-2026 00:51:36,-146.395978643252,-38.9628889099172,0,26,26,26,13,-38.9628889099172
01-Aug-2026 00:51:38,-146.928819293719,-39.4957295603834,0,26,26,26,13,-39.4957295603834
01-Aug-2026 00:51:40,-146.923389382363,-39.4902996490279,0,26,26,26,13,-39.4902996490279
01-Aug-2026 00:51:42,-147.097383733312,-39.6642939999767,0,26,26,26,14,-39.6642939999767
01-Aug-2026 00:51:44,-146.494384218887,-39.0612944855522,0,26,26,26,14,-39.0612944855522
01-Aug-2026 00:51:46,-146.10138518673,-38.6682954533947,0,25,25,25,13,-38.6682954533947
01-Aug-2026 00:51:48,-146.09392743062,-38.6608376972846,0,25,25,25,12,-38.6608376972846
01-Aug-2026 00:51:50,-144.768774518539,-37.3356847852036,0,25,25,25,13,-37.3356847852036
01-Aug-2026 00:51:52,-144.417712383806,-36.9846226504705,0,25,25,25,12,-36.9846226504705
01-Aug-2026 00:51:54,-144.024194510662,-36.5911047773269,0,25,25,25,13,-36.5911047773269
01-Aug-2026 00:51:56,-144.257664000353,-36.8245742670183,0,25,25,25,13,-36.8245742670183
01-Aug-2026 00:51:58,-143.573724352062,-36.1406346187271,0,25,25,25,14,-36.1406346187271
01-Aug-2026 00:52:00,-143.824957000741,-36.3918672674061,0,25,25,25,14,-36.3918672674061
01-Aug-2026 00:52:02,-143.607018541593,-36.1739288082578,0,25,25,25,14,-36.1739288082578
01-Aug-2026 00:52:04,-143.512528379865,-36.0794386465295,0,25,25,25,15,-36.0794386465295
01-Aug-2026 00:52:06,-143.619183401517,-36.1860936681815,0,26,26,26,15,-36.1860936681815
01-Aug-2026 00:52:08,-151.555847005344,-44.122757272009,0,26,26,26,15,-44.122757272009
01-Aug-2026 00:52:10,-151.383474728224,-43.950384994889,0,26,26,26,15,-43.950384994889
01-Aug-2026 00:52:12,-147.213343604077,-39.7802538707415,0,26,26,26,14,-39.7802538707415
01-Aug-2026 00:52:14,-147.816534429113,-40.3834446957775,0,25,25,25,12,-40.3834446957775
01-Aug-2026 00:52:16,-147.496441952661,-40.063352219326,0,25,25,25,11,-40.063352219326
01-Aug-2026 00:52:18,-147.131595659526,-39.6985059261908,0,25,25,25,10,-39.6985059261908
01-Aug-2026 00:52:20,-146.542718739821,-39.109629006486,0,26,26,26,9,-39.109629006486
01-Aug-2026 00:52:22,-146.04802813212,-38.6149383987847,0,26,26,26,9,-38.6149383987847
01-Aug-2026 00:52:24,-145.962427629428,-38.5293378960928,0,26,26,26,11,-38.5293378960928
01-Aug-2026 00:52:26,-146.302149638274,-38.8690599049384,0,26,26,26,13,-38.8690599049384
01-Aug-2026 00:52:28,-146.203980576837,-38.7708908435017,0,26,26,26,14,-38.7708908435017
01-Aug-2026 00:52:30,-146.163980638418,-38.7308909050827,0,26,26,26,12,-38.7308909050827
01-Aug-2026 00:52:32,-145.995939975678,-38.5628502423432,0,26,26,26,10,-38.5628502423432
01-Aug-2026 00:52:34,-145.627351018752,-38.1942612854168,0,26,26,26,10,-38.1942612854168
01-Aug-2026 00:52:36,-129.824781668397,-22.391691935062,0,27,27,27,11,-22.391691935062
01-Aug-2026 00:52:38,-130.940234327945,-23.5071445946097,0,27,27,27,12,-23.5071445946097
01-Aug-2026 00:52:40,-132.125795364277,-24.6927056309414,0,27,27,27,15,-24.6927056309414
01-Aug-2026 00:52:42,-132.610629322247,-25.1775395889115,0,27,27,27,16,-25.1775395889115
01-Aug-2026 00:52:44,-133.049730463729,-25.616640730394,0,27,27,27,17,-25.616640730394
01-Aug-2026 00:52:46,-132.953783728921,-25.5206939955855,0,27,27,27,18,-25.5206939955855
01-Aug-2026 00:52:48,-133.713768611126,-26.2806788777905,0,27,27,27,19,-26.2806788777905
01-Aug-2026 00:52:50,-134.433805716783,-27.0007159834476,0,28,28,28,18,-27.0007159834476
01-Aug-2026 00:52:52,-135.281182586484,-27.8480928531488,0,28,28,28,19,-27.8480928531488
01-Aug-2026 00:52:54,-135.565570286848,-28.1324805535128,0,28,28,28,18,-28.1324805535128
01-Aug-2026 00:52:56,-136.4952678027,-29.0621780693644,0,27,27,27,16,-29.0621780693644
01-Aug-2026 00:52:58,-137.179700379262,-29.7466106459271,0,28,28,28,17,-29.7466106459271
01-Aug-2026 00:53:00,-137.676517975436,-30.2434282421007,0,28,28,28,17,-30.2434282421007
01-Aug-2026 00:53:02,-138.093483745885,-30.6603940125497,0,29,29,29,16,-30.6603940125497
01-Aug-2026 00:53:04,-138.870608862846,-31.4375191295113,0,29,29,29,16,-31.4375191295113
01-Aug-2026 00:53:06,-145.786179696885,-38.3530899635503,0,28,28,28,15,-38.3530899635503
01-Aug-2026 00:53:08,-146.037809265284,-38.6047195319493,0,28,28,28,17,-38.6047195319493
01-Aug-2026 00:53:10,-146.513916191341,-39.0808264580053,0,29,29,29,17,-39.0808264580053
01-Aug-2026 00:53:12,-146.783832787952,-39.3507430546167,0,29,29,29,16,-39.3507430546167
01-Aug-2026 00:53:14,-147.519636562134,-40.0865468287985,0,28,28,28,14,-40.0865468287985
01-Aug-2026 00:53:16,-147.759741896603,-40.3266521632682,0,28,28,28,13,-40.3266521632682
01-Aug-2026 00:53:18,-147.709929750079,-40.2768400167442,0,28,28,28,13,-40.2768400167442
01-Aug-2026 00:53:20,-148.404487076382,-40.9713973430469,0,28,28,28,12,-40.9713973430469
01-Aug-2026 00:53:22,-148.293498539239,-40.8604088059038,0,27,27,27,12,-40.8604088059038
01-Aug-2026 00:53:24,-149.158948796864,-41.7258590635285,0,27,27,27,11,-41.7258590635285
01-Aug-2026 00:53:26,-149.321682836448,-41.8885931031124,0,27,27,27,11,-41.8885931031124
01-Aug-2026 00:53:28,-149.058013975369,-41.6249242420339,0,27,27,27,10,-41.6249242420339
01-Aug-2026 00:53:30,-141.052529863136,-33.6194401298012,0,27,27,27,10,-33.6194401298012
01-Aug-2026 00:53:32,-142.547149310014,-35.1140595766786,0,27,27,27,8,-35.1140595766786
01-Aug-2026 00:53:34,-143.385273571322,-35.9521838379867,0,26,26,26,9,-35.9521838379867
01-Aug-2026 00:53:36,-144.662967763979,-37.2298780306436,0,26,26,26,10,-37.2298780306436
01-Aug-2026 00:53:38,-145.253464265034,-37.8203745316991,0,26,26,26,11,-37.8203745316991
01-Aug-2026 00:53:40,-144.965349337953,-37.5322596046181,0,26,26,26,12,-37.5322596046181
01-Aug-2026 00:53:42,-145.333605639073,-37.9005159057378,0,26,26,26,12,-37.9005159057378
01-Aug-2026 00:53:44,-144.284873833321,-36.8517840999857,0,26,26,26,12,-36.8517840999857
01-Aug-2026 00:53:46,-143.494989704333,-36.0618999709977,0,26,26,26,10,-36.0618999709977
01-Aug-2026 00:53:48,-142.596081861553,-35.1629921282182,0,26,26,26,11,-35.1629921282182
01-Aug-2026 00:53:50,-146.055920711066,-38.6228309777308,0,26,26,26,11,-38.6228309777308
01-Aug-2026 00:53:52,-146.657447340105,-39.2243576067702,0,26,26,26,13,-39.2243576067702
01-Aug-2026 00:53:54,-146.721513716956,-39.2884239836213,0,26,26,26,12,-39.2884239836213
01-Aug-2026 00:53:56,-146.537746425115,-39.1046566917801,0,26,26,26,14,-39.1046566917801
01-Aug-2026 00:53:58,-135.617885630065,-28.1847958967299,0,26,26,26,14,-28.1847958967299
01-Aug-2026 00:54:00,-148.681716826122,-41.2486270927871,0,26,26,26,12,-41.2486270927871
01-Aug-2026 00:54:02,-148.320142363635,-40.8870526302999,0,25,25,25,10,-40.8870526302999
01-Aug-2026 00:54:04,-147.668926943942,-40.2358372106072,0,25,25,25,12,-40.2358372106072
01-Aug-2026 00:54:06,-145.988047745834,-38.5549580124984,0,25,25,25,12,-38.5549580124984
01-Aug-2026 00:54:08,-143.469232123902,-36.0361423905669,0,25,25,25,9,-36.0361423905669
01-Aug-2026 00:54:10,-140.576206440458,-33.1431167071227,0,25,25,25,10,-33.1431167071227
01-Aug-2026 00:54:12,-136.889887544175,-29.4567978108399,0,25,25,25,11,-29.4567978108399
01-Aug-2026 00:54:14,-132.217025162071,-24.7839354287355,0,25,25,25,11,-24.7839354287355
01-Aug-2026 00:54:16,-127.583595316271,-20.1505055829357,0,25,25,25,11,-20.1505055829357
01-Aug-2026 00:54:18,-147.42907686261,-39.9959871292749,0,25,25,25,13,-39.9959871292749
01-Aug-2026 00:54:20,-147.684573041226,-40.2514833078912,0,25,25,25,13,-40.2514833078912
01-Aug-2026 00:54:22,-147.792224511612,-40.3591347782764,0,25,25,25,12,-40.3591347782764
01-Aug-2026 00:54:24,-147.652896900042,-40.2198071667067,0,26,26,26,12,-40.2198071667067
01-Aug-2026 00:54:26,-147.599723829439,-40.166634096104,0,26,26,26,11,-40.166634096104
01-Aug-2026 00:54:28,-147.647571542287,-40.214481808952,0,26,26,26,12,-40.214481808952
01-Aug-2026 00:54:30,-147.852739558279,-40.4196498249435,0,26,26,26,12,-40.4196498249435
01-Aug-2026 00:54:32,-130.352978856727,-22.9198891233916,0,25,25,25,11,-22.9198891233916
01-Aug-2026 00:54:34,-135.438042656751,-28.0049529234159,0,25,25,25,11,-28.0049529234159
01-Aug-2026 00:54:36,-139.858692158486,-32.4256024251505,0,25,25,25,11,-32.4256024251505
01-Aug-2026 00:54:38,-143.612960461694,-36.179870728359,0,25,25,25,13,-36.179870728359
01-Aug-2026 00:54:40,-147.079057596866,-39.6459678635312,0,25,25,25,12,-39.6459678635312
01-Aug-2026 00:54:42,-148.162767793688,-40.7296780603528,0,25,25,25,13,-40.7296780603528
01-Aug-2026 00:54:44,-152.562020950639,-45.1289312173041,0,25,25,25,13,-45.1289312173041
01-Aug-2026 00:54:46,-155.231495685221,-47.7984059518856,0,25,25,25,13,-47.7984059518856
01-Aug-2026 00:54:48,-153.801316474964,-46.3682267416285,0,25,25,25,16,-46.3682267416285
01-Aug-2026 00:54:50,-153.54104761469,-46.1079578813548,0,25,25,25,15,-46.1079578813548
01-Aug-2026 00:54:52,-153.744521570078,-46.3114318367425,0,26,26,26,14,-46.3114318367425
01-Aug-2026 00:54:54,-153.34255954632,-45.9094698129853,0,26,26,26,13,-45.9094698129853
01-Aug-2026 00:54:56,-153.537462301987,-46.1043725686519,0,27,27,27,12,-46.1043725686519
01-Aug-2026 00:54:58,-159.136033776214,-51.7029440428786,0,27,27,27,10,-51.7029440428786
01-Aug-2026 00:55:00,-159.372520565577,-51.9394308322421,0,27,27,27,11,-51.9394308322421
01-Aug-2026 00:55:02,-159.332215760716,-51.8991260273804,0,27,27,27,12,-51.8991260273804
01-Aug-2026 00:55:04,-160.104145888372,-52.6710561550369,0,27,27,27,12,-52.6710561550369
01-Aug-2026 00:55:06,-145.453618041067,-38.0205283077318,0,28,28,28,12,-38.0205283077318
01-Aug-2026 00:55:08,-145.279746266696,-37.8466565333611,0,28,28,28,12,-37.8466565333611
01-Aug-2026 00:55:10,-145.806814471006,-38.3737247376705,0,27,27,27,11,-38.3737247376705
01-Aug-2026 00:55:12,-146.024257220859,-38.5911674875234,0,27,27,27,8,-38.5911674875234
01-Aug-2026 00:55:14,-162.986077255401,-55.5529875220661,0,26,26,26,5,-55.5529875220661
01-Aug-2026 00:55:16,-163.384178649134,-55.9510889157989,0,25,25,25,6,-55.9510889157989
01-Aug-2026 00:55:18,-163.440418785783,-56.0073290524476,0,25,25,25,7,-56.0073290524476
01-Aug-2026 00:55:20,-131.947260008104,-24.5141702747687,0,25,25,25,7,-24.5141702747687
01-Aug-2026 00:55:22,-134.604314342517,-27.1712246091823,0,25,25,25,6,-27.1712246091823
01-Aug-2026 00:55:24,-138.780348894661,-31.347259161326,0,25,25,25,7,-31.347259161326
01-Aug-2026 00:55:26,-142.268939016808,-34.8358492834732,0,25,25,25,7,-34.8358492834732
01-Aug-2026 00:55:28,-144.862310613751,-37.4292208804158,0,24,24,24,9,-37.4292208804158
01-Aug-2026 00:55:30,-148.180618667579,-40.7475289342438,0,24,24,24,10,-40.7475289342438
01-Aug-2026 00:55:32,-149.751558993137,-42.3184692598021,0,25,25,25,10,-42.3184692598021
01-Aug-2026 00:55:34,-150.382185487744,-42.9490957544089,0,25,25,25,10,-42.9490957544089
01-Aug-2026 00:55:36,-151.268488494616,-43.8353987612807,0,25,25,25,10,-43.8353987612807
01-Aug-2026 00:55:38,-153.550603594383,-46.1175138610482,0,25,25,25,11,-46.1175138610482
01-Aug-2026 00:55:40,-153.436766881481,-46.0036771481457,0,25,25,25,11,-46.0036771481457
01-Aug-2026 00:55:42,-151.462609268787,-44.029519535452,0,25,25,25,11,-44.029519535452
01-Aug-2026 00:55:44,-154.479017714629,-47.0459279812939,0,25,25,25,12,-47.0459279812939
01-Aug-2026 00:55:46,-154.877008312108,-47.4439185787726,0,25,25,25,12,-47.4439185787726
01-Aug-2026 00:55:48,-155.177003104162,-47.7439133708264,0,25,25,25,10,-47.7439133708264
01-Aug-2026 00:55:50,-153.114562416553,-45.6814726832174,0,26,26,26,12,-45.6814726832174
01-Aug-2026 00:55:52,-152.929030348258,-45.4959406149228,0,26,26,26,13,-45.4959406149228
01-Aug-2026 00:55:54,-152.711556888948,-45.2784671556127,0,26,26,26,13,-45.2784671556127
01-Aug-2026 00:55:56,-152.44579466665,-45.0127049333148,0,26,26,26,13,-45.0127049333148
01-Aug-2026 00:55:58,-152.477851276385,-45.0447615430498,0,26,26,26,11,-45.0447615430498
01-Aug-2026 00:56:00,-152.211620845653,-44.7785311123178,0,26,26,26,11,-44.7785311123178
01-Aug-2026 00:56:02,-153.56099479958,-46.1279050662444,0,26,26,26,9,-46.1279050662444
01-Aug-2026 00:56:04,-163.584841043817,-56.1517513104822,0,26,26,26,8,-56.1517513104822
01-Aug-2026 00:56:06,-162.633284399494,-55.2001946661592,0,26,26,26,10,-55.2001946661592
01-Aug-2026 00:56:08,-170.351521786352,-62.9184320530168,0,26,26,26,9,-62.9184320530168
01-Aug-2026 00:56:10,-169.983944709754,-62.5508549764184,0,26,26,26,10,-62.5508549764184
01-Aug-2026 00:56:12,-158.518590976975,-51.0855012436395,0,26,26,26,10,-51.0855012436395
01-Aug-2026 00:56:14,-154.544321561097,-47.1112318277613,0,26,26,26,10,-47.1112318277613
01-Aug-2026 00:56:16,-154.708809502242,-47.2757197689069,0,26,26,26,10,-47.2757197689069
01-Aug-2026 00:56:18,-154.636955019324,-47.2038652859887,0,26,26,26,9,-47.2038652859887
01-Aug-2026 00:56:20,-154.216868687889,-46.7837789545538,0,26,26,26,10,-46.7837789545538
01-Aug-2026 00:56:22,-154.494293331386,-47.0612035980512,0,26,26,26,10,-47.0612035980512
01-Aug-2026 00:56:24,-154.118325960372,-46.6852362270373,0,26,26,26,9,-46.6852362270373
01-Aug-2026 00:56:26,-153.969338429646,-46.5362486963109,0,26,26,26,10,-46.5362486963109
01-Aug-2026 00:56:28,-153.453758105434,-46.0206683720988,0,26,26,26,13,-46.0206683720988
01-Aug-2026 00:56:30,-153.136541842785,-45.7034521094497,0,27,27,27,15,-45.7034521094497
01-Aug-2026 00:56:32,-158.218813732347,-50.7857239990122,0,27,27,27,14,-50.7857239990122
01-Aug-2026 00:56:34,-158.501265373942,-51.0681756406067,0,27,27,27,13,-51.0681756406067
01-Aug-2026 00:56:36,-152.260176264549,-44.827086531214,0,26,26,26,13,-44.827086531214
01-Aug-2026 00:56:38,-152.186683342687,-44.7535936093515,0,27,27,27,14,-44.7535936093515
01-Aug-2026 00:56:40,-152.25361085394,-44.8205211206051,0,27,27,27,15,-44.8205211206051
01-Aug-2026 00:56:42,-150.412794562825,-42.9797048294903,0,28,28,28,14,-42.9797048294903
01-Aug-2026 00:56:44,-144.255591604668,-36.8225018713332,0,28,28,28,15,-36.8225018713332
01-Aug-2026 00:56:46,-144.786604574896,-37.3535148415608,0,28,28,28,14,-37.3535148415608
01-Aug-2026 00:56:48,-144.309759795556,-36.8766700622209,0,29,29,29,17,-36.8766700622209
01-Aug-2026 00:56:50,-144.404188488866,-36.9710987555312,0,29,29,29,18,-36.9710987555312
01-Aug-2026 00:56:52,-144.555264318584,-37.1221745852487,0,29,29,29,17,-37.1221745852487
01-Aug-2026 00:56:54,-144.968967433933,-37.5358777005983,0,29,29,29,15,-37.5358777005983
01-Aug-2026 00:56:56,-148.077484110171,-40.6443943768353,0,28,28,28,15,-40.6443943768353
01-Aug-2026 00:56:58,-147.891446265551,-40.4583565322154,0,28,28,28,14,-40.4583565322154
01-Aug-2026 00:57:00,-146.321653091182,-38.8885633578465,0,28,28,28,16,-38.8885633578465
01-Aug-2026 00:57:02,-146.199893894931,-38.7668041615959,0,29,29,29,16,-38.7668041615959
01-Aug-2026 00:57:04,-146.060897195664,-38.6278074623285,0,28,28,28,17,-38.6278074623285
01-Aug-2026 00:57:06,-144.4281583697,-36.9950686363645,0,28,28,28,16,-36.9950686363645
01-Aug-2026 00:57:08,-145.35561426602,-37.9225245326845,0,28,28,28,16,-37.9225245326845
01-Aug-2026 00:57:10,-145.197376795129,-37.7642870617938,0,27,27,27,16,-37.7642870617938
01-Aug-2026 00:57:12,-145.578779308735,-38.1456895753994,0,27,27,27,16,-38.1456895753994
01-Aug-2026 00:57:14,-145.886499639779,-38.4534099064437,0,27,27,27,15,-38.4534099064437
01-Aug-2026 00:57:16,-145.587844292946,-38.1547545596106,0,27,27,27,12,-38.1547545596106
01-Aug-2026 00:57:18,-144.226515350766,-36.793425617431,0,27,27,27,12,-36.793425617431
01-Aug-2026 00:57:20,-144.69355916848,-37.2604694351451,0,27,27,27,12,-37.2604694351451
01-Aug-2026 00:57:22,-138.223506529788,-30.7904167964532,0,27,27,27,12,-30.7904167964532
01-Aug-2026 00:57:24,-139.372017459143,-31.9389277258077,0,26,26,26,13,-31.9389277258077
01-Aug-2026 00:57:26,-147.821391116076,-40.3883013827413,0,26,26,26,13,-40.3883013827413
01-Aug-2026 00:57:28,-140.111032870064,-32.6779431367286,0,26,26,26,14,-32.6779431367286
01-Aug-2026 00:57:30,-140.228590188183,-32.7955004548476,0,26,26,26,14,-32.7955004548476
01-Aug-2026 00:57:32,-139.475357607571,-32.0422678742361,0,26,26,26,13,-32.0422678742361
01-Aug-2026 00:57:34,-139.01696084235,-31.5838711090149,0,26,26,26,13,-31.5838711090149
01-Aug-2026 00:57:36,-134.685873952142,-27.252784218807,0,26,26,26,13,-27.252784218807
01-Aug-2026 00:57:38,-134.885160500033,-27.4520707666978,0,26,26,26,15,-20.5968124926453
01-Aug-2026 00:57:40,-135.304395707201,-27.8713059738662,0,26,26,26,14,-22.9356400917958
01-Aug-2026 00:57:42,-135.596461130739,-28.1633713974039,0,26,26,26,15,-25.1690465838633
01-Aug-2026 00:57:44,-134.709264298012,-27.2761745646765,0,26,26,26,15,-27.2761745646765
01-Aug-2026 00:57:46,-138.264126523364,-30.8310367900291,0,26,26,26,15,-30.8310367900291
01-Aug-2026 00:57:48,-137.900193019523,-30.4671032861882,0,26,26,26,15,-30.4671032861882
01-Aug-2026 00:57:50,-137.2820436265,-29.8489538931644,0,26,26,26,14,-29.8489538931644
01-Aug-2026 00:57:52,-146.374186131655,-38.9410963983199,0,26,26,26,15,-38.9410963983199
01-Aug-2026 00:57:54,-146.248153856047,-38.815064122712,0,26,26,26,14,-38.815064122712
01-Aug-2026 00:57:56,-143.800818772083,-36.3677290387476,0,25,25,25,15,-36.3677290387476
01-Aug-2026 00:57:58,-143.701528789401,-36.2684390560658,0,25,25,25,13,-36.2684390560658
01-Aug-2026 00:58:00,-142.790069386084,-35.3569796527486,0,25,25,25,12,-35.3569796527486
01-Aug-2026 00:58:02,-140.886190637441,-33.4531009041058,0,25,25,25,13,-33.4531009041058
01-Aug-2026 00:58:04,-137.737339661656,-30.3042499283207,0,25,25,25,14,-30.3042499283207
01-Aug-2026 00:58:06,-134.921058483681,-27.4879687503461,0,25,25,25,15,-27.4879687503461
01-Aug-2026 00:58:08,-130.451199027065,-23.01810929373,0,25,25,25,16,-23.01810929373
01-Aug-2026 00:58:10,-147.361600630999,-39.928510897664,0,25,25,25,14,-39.928510897664
01-Aug-2026 00:58:12,-147.136407772969,-39.7033180396338,0,26,26,26,15,-39.7033180396338
01-Aug-2026 00:58:14,-147.491160133406,-40.0580704000709,0,26,26,26,14,-40.0580704000709
01-Aug-2026 00:58:16,-146.325215492455,-38.8921257591201,0,26,26,26,16,-38.8921257591201
01-Aug-2026 00:58:18,-147.624788105746,-40.1916983724107,0,25,25,25,14,-40.1916983724107
01-Aug-2026 00:58:20,-147.074683108719,-39.6415933753839,0,25,25,25,14,-39.6415933753839
01-Aug-2026 00:58:22,-147.051903988134,-39.6188142547985,0,25,25,25,14,-39.6188142547985
01-Aug-2026 00:58:24,-146.778221208071,-39.3451314747363,0,25,25,25,15,-39.3451314747363
01-Aug-2026 00:58:26,-145.00695505461,-37.5738653212747,0,25,25,25,15,-37.5738653212747
01-Aug-2026 00:58:28,-145.118743863061,-37.6856541297261,0,25,25,25,16,-37.6856541297261
01-Aug-2026 00:58:30,-144.247654266566,-36.8145645332305,0,25,25,25,17,-36.8145645332305
01-Aug-2026 00:58:32,-144.041663683777,-36.6085739504422,0,25,25,25,18,-36.6085739504422
01-Aug-2026 00:58:34,-143.890775203573,-36.4576854702375,0,25,25,25,17,-36.4576854702375
01-Aug-2026 00:58:36,-143.878492173857,-36.4454024405219,0,25,25,25,16,-36.4454024405219
01-Aug-2026 00:58:38,-143.583231197488,-36.1501414641528,0,25,25,25,16,-36.1501414641528
01-Aug-2026 00:58:40,-143.931498955983,-36.4984092226474,0,25,25,25,15,-36.4984092226474
01-Aug-2026 00:58:42,-146.556146957111,-39.1230572237762,0,25,25,25,16,-39.1230572237762
01-Aug-2026 00:58:44,-146.582113597874,-39.1490238645385,0,26,26,26,16,-39.1490238645385
01-Aug-2026 00:58:46,-145.820779599806,-38.387689866471,0,26,26,26,18,-38.387689866471
01-Aug-2026 00:58:48,-145.301679733583,-37.8685900002482,0,26,26,26,17,-37.8685900002482
01-Aug-2026 00:58:50,-144.831574695658,-37.3984849623226,0,26,26,26,16,-37.3984849623226
01-Aug-2026 00:58:52,-142.730721933951,-35.2976322006154,0,26,26,26,15,-35.2976322006154
01-Aug-2026 00:58:54,-147.548980081388,-40.1158903480532,0,26,26,26,14,-40.1158903480532
01-Aug-2026 00:58:56,-146.899952722829,-39.4668629894938,0,26,26,26,16,-39.4668629894938
01-Aug-2026 00:58:58,-147.016849456788,-39.5837597234527,0,27,27,27,18,-39.5837597234527
01-Aug-2026 00:59:00,-147.444778716933,-40.0116889835974,0,26,26,26,16,-40.0116889835974
01-Aug-2026 00:59:02,-147.159222949041,-39.7261332157057,0,25,25,25,15,-39.7261332157057
01-Aug-2026 00:59:04,-147.71310522425,-40.2800154909148,0,25,25,25,15,-40.2800154909148
01-Aug-2026 00:59:06,-147.64649749175,-40.2134077584144,0,25,25,25,13,-40.2134077584144
01-Aug-2026 00:59:08,-147.811701593879,-40.3786118605441,0,25,25,25,13,-40.3786118605441
01-Aug-2026 00:59:10,-147.534267737308,-40.1011780039732,0,25,25,25,14,-40.1011780039732
01-Aug-2026 00:59:12,-147.478534837938,-40.0454451046023,0,25,25,25,15,-40.0454451046023
01-Aug-2026 00:59:14,-147.787329526443,-40.354239793108,0,25,25,25,14,-40.354239793108
01-Aug-2026 00:59:16,-147.994398432119,-40.5613086987836,0,25,25,25,14,-40.5613086987836
01-Aug-2026 00:59:18,-148.474542003881,-41.041452270546,0,25,25,25,14,-41.041452270546
01-Aug-2026 00:59:20,-148.041770875041,-40.6086811417059,0,24,24,24,14,-40.6086811417059
01-Aug-2026 00:59:22,-147.984240402022,-40.5511506686864,0,24,24,24,14,-40.5511506686864
01-Aug-2026 00:59:24,-147.487160926516,-40.0540711931804,0,24,24,24,13,-40.0540711931804
01-Aug-2026 00:59:26,-146.859212627095,-39.4261228937596,0,24,24,24,13,-39.4261228937596
01-Aug-2026 00:59:28,-146.306698765971,-38.8736090326359,0,24,24,24,13,-38.8736090326359
01-Aug-2026 00:59:30,-156.140073522537,-48.7069837892019,0,24,24,24,13,-48.7069837892019
01-Aug-2026 00:59:32,-157.036910530048,-49.6038207967127,0,24,24,24,12,-49.6038207967127
01-Aug-2026 00:59:34,-157.63984182151,-50.2067520881749,0,25,25,25,12,-50.2067520881749
01-Aug-2026 00:59:36,-157.476960344328,-50.0438706109924,0,25,25,25,12,-50.0438706109924
01-Aug-2026 00:59:38,-157.191023615138,-49.7579338818032,0,25,25,25,14,-49.7579338818032
01-Aug-2026 00:59:40,-156.631362408661,-49.1982726753258,0,25,25,25,15,-49.1982726753258
01-Aug-2026 00:59:42,-156.769592272412,-49.3365025390767,0,25,25,25,14,-49.3365025390767
01-Aug-2026 00:59:44,-148.610571295914,-41.1774815625792,0,25,25,25,14,-41.1774815625792
01-Aug-2026 00:59:46,-148.690841764262,-41.2577520309264,0,25,25,25,15,-41.2577520309264
01-Aug-2026 00:59:48,-149.997052621433,-42.5639628880981,0,25,25,25,15,-42.5639628880981
01-Aug-2026 00:59:50,-150.189824217803,-42.7567344844676,0,26,26,26,15,-42.7567344844676
01-Aug-2026 00:59:52,-149.277936257092,-41.844846523757,0,26,26,26,13,-41.844846523757
01-Aug-2026 00:59:54,-149.45801472805,-42.0249249947153,0,26,26,26,11,-42.0249249947153
01-Aug-2026 00:59:56,-148.944318620621,-41.5112288872861,0,26,26,26,9,-41.5112288872861
01-Aug-2026 00:59:58,-148.972154646314,-41.5390649129791,0,26,26,26,9,-41.5390649129791
01-Aug-2026 01:00:00,-148.591289744416,-41.1582000110806,0,26,26,26,9,-41.1582000110806
01-Aug-2026 01:00:02,-149.149940435113,-41.7168507017779,0,26,26,26,10,-41.7168507017779
01-Aug-2026 01:00:04,-149.234008357066,-41.8009186237312,0,26,26,26,10,-41.8009186237312
01-Aug-2026 01:00:06,-150.016949009966,-42.5838592766305,0,27,27,27,11,-42.5838592766305
01-Aug-2026 01:00:08,-140.162655273507,-32.7295655401721,0,26,26,26,11,-32.7295655401721
01-Aug-2026 01:00:10,-139.410792494493,-31.9777027611583,0,26,26,26,10,-31.9777027611583
01-Aug-2026 01:00:12,-139.224367280175,-31.7912775468394,0,26,26,26,10,-31.7912775468394
01-Aug-2026 01:00:14,-138.873645171022,-31.4405554376864,0,26,26,26,12,-31.4405554376864
01-Aug-2026 01:00:16,-136.529155339669,-29.0960656063336,0,25,25,25,10,-29.0960656063336
01-Aug-2026 01:00:18,-137.076915756129,-29.6438260227935,0,25,25,25,10,-29.6438260227935
01-Aug-2026 01:00:20,-137.021984994374,-29.5888952610392,0,25,25,25,10,-29.5888952610392
01-Aug-2026 01:00:22,-137.048581073733,-29.6154913403975,0,25,25,25,11,-29.6154913403975
01-Aug-2026 01:00:24,-137.819521938247,-30.3864322049121,0,27,27,27,12,-30.3864322049121
01-Aug-2026 01:00:26,-137.795917632635,-30.3628278993003,0,27,27,27,13,-30.3628278993003
01-Aug-2026 01:00:28,-138.068203945385,-30.6351142120494,0,28,28,28,16,-30.6351142120494
01-Aug-2026 01:00:30,-138.263922086071,-30.8308323527355,0,28,28,28,16,-30.8308323527355
01-Aug-2026 01:00:32,-138.162286942982,-30.7291972096465,0,28,28,28,18,-30.7291972096465
01-Aug-2026 01:00:34,-137.631595594037,-30.198505860702,0,28,28,28,18,-30.198505860702
01-Aug-2026 01:00:36,-137.048242246396,-29.6151525130608,0,28,28,28,18,-29.6151525130608
01-Aug-2026 01:00:38,-137.047999469852,-29.6149097365171,0,28,28,28,18,-29.6149097365171
01-Aug-2026 01:00:40,-136.54274098137,-29.1096512480344,0,29,29,29,19,-29.1096512480344
01-Aug-2026 01:00:42,-136.209755357231,-28.776665623896,0,29,29,29,18,-28.776665623896
01-Aug-2026 01:00:44,-136.517038545604,-29.0839488122687,0,29,29,29,17,-29.0839488122687
01-Aug-2026 01:00:46,-136.38754158957,-28.9544518562343,0,28,28,28,16,-28.9544518562343
01-Aug-2026 01:00:48,-135.546368655029,-28.1132789216939,0,28,28,28,17,-28.1132789216939
01-Aug-2026 01:00:50,-135.177397551584,-27.7443078182483,0,28,28,28,17,-27.7443078182483
01-Aug-2026 01:00:52,-135.385161052128,-27.9520713187925,0,29,29,29,18,-27.9520713187925
01-Aug-2026 01:00:54,-135.52713893447,-28.0940492011349,0,29,29,29,18,-28.0940492011349
01-Aug-2026 01:00:56,-135.834096898035,-28.4010071646997,0,28,28,28,17,-28.4010071646997
01-Aug-2026 01:00:58,-136.021424155929,-28.5883344225939,0,27,27,27,17,-28.5883344225939
01-Aug-2026 01:01:00,-135.551140669559,-28.1180509362239,0,27,27,27,18,-28.1180509362239
01-Aug-2026 01:01:02,-136.060253651004,-28.6271639176687,0,27,27,27,18,-28.6271639176687
01-Aug-2026 01:01:04,-136.446261113674,-29.0131713803389,0,27,27,27,17,-29.0131713803389
01-Aug-2026 01:01:06,-150.629619498162,-43.1965297648265,0,27,27,27,15,-43.1965297648265
01-Aug-2026 01:01:08,-149.206572289344,-41.7734825560084,0,27,27,27,16,-41.7734825560082
01-Aug-2026 01:01:10,-149.223733670541,-41.7906439372059,0,27,27,27,16,-41.7906439372062
01-Aug-2026 01:01:12,-149.346467502717,-41.9133777693822,0,27,27,27,14,-41.9133777693796
01-Aug-2026 01:01:14,-130.881240668978,-23.4481509356432,0,26,26,26,15,-23.4481509356432
01-Aug-2026 01:01:16,-131.60193859167,-24.168848858335,0,26,26,26,15,-24.168848858335
01-Aug-2026 01:01:18,-132.749677400719,-25.3165876673837,0,26,26,26,15,-25.3165876673837
01-Aug-2026 01:01:20,-134.043744929281,-26.6106551959457,0,26,26,26,14,-26.6106551959457
01-Aug-2026 01:01:22,-134.896436345768,-27.463346612433,0,26,26,26,15,-27.4633466124331
01-Aug-2026 01:01:24,-135.713303019996,-28.2802132866604,0,26,26,26,15,-28.2802132866603
01-Aug-2026 01:01:26,-136.925455358582,-29.4923656252468,0,26,26,26,17,-29.4923656252468
01-Aug-2026 01:01:28,-137.362452416849,-29.9293626835137,0,26,26,26,17,-29.9293626835137
01-Aug-2026 01:01:30,-137.527639899959,-30.0945501666237,0,26,26,26,17,-15.9499134983384
01-Aug-2026 01:01:32,-138.823355334842,-31.3902656015065,0,26,26,26,16,-20.1917563425226
01-Aug-2026 01:01:34,-131.426650695707,-23.9935609623715,0,26,26,26,16,-23.9935609623715
01-Aug-2026 01:01:36,-134.74869166118,-27.3156019278451,0,26,26,26,16,-27.3156019278451
01-Aug-2026 01:01:38,-137.943143323558,-30.5100535902227,0,26,26,26,17,-30.5100535902227
01-Aug-2026 01:01:40,-144.595031124587,-37.1619413912517,0,26,26,26,16,-37.1619413912517
01-Aug-2026 01:01:42,-145.079772996285,-37.6466832629499,0,26,26,26,16,-37.6466832629499
01-Aug-2026 01:01:44,-145.102681703689,-37.6695919703535,0,26,26,26,16,-37.6695919703535
01-Aug-2026 01:01:46,-144.657651517154,-37.2245617838188,0,26,26,26,17,-37.2245617838188
01-Aug-2026 01:01:48,-144.130549044612,-36.6974593112764,0,25,25,25,17,-36.6974593112764
01-Aug-2026 01:01:50,-143.7734706376,-36.3403809042643,0,25,25,25,17,-36.3403809042643
01-Aug-2026 01:01:52,-145.238112453233,-37.805022719898,0,25,25,25,17,-37.805022719898
01-Aug-2026 01:01:54,-145.754213241534,-38.3211235081986,0,25,25,25,15,-38.3211235081986
01-Aug-2026 01:01:56,-145.987383177543,-38.5542934442077,0,25,25,25,14,-38.5542934442077
01-Aug-2026 01:01:58,-144.990524710071,-37.5574349767363,0,25,25,25,14,-37.5574349767363
01-Aug-2026 01:02:00,-145.481403709242,-38.0483139759071,0,25,25,25,14,-38.0483139759071
01-Aug-2026 01:02:02,-146.523683687132,-39.0905939537965,0,25,25,25,15,-39.0905939537965
01-Aug-2026 01:02:04,-146.625011846046,-39.1919221127107,0,25,25,25,14,-39.1919221127107
01-Aug-2026 01:02:06,-146.864897559152,-39.4318078258173,0,24,24,24,13,-39.4318078258173
01-Aug-2026 01:02:08,-149.302152014913,-41.8690622815776,0,24,24,24,13,-41.8690622815776
01-Aug-2026 01:02:10,-141.647335952859,-34.2142462195234,0,24,24,24,14,-34.2142462195234
01-Aug-2026 01:02:12,-141.995723282259,-34.5626335489234,0,24,24,24,14,-34.5626335489234
01-Aug-2026 01:02:14,-142.18714168197,-34.7540519486344,0,24,24,24,13,-34.7540519486344
01-Aug-2026 01:02:16,-145.755034764277,-38.3219450309423,0,24,24,24,13,-38.3219450309423
01-Aug-2026 01:02:18,-146.059017468982,-38.6259277356469,0,24,24,24,13,-38.6259277356469
01-Aug-2026 01:02:20,-148.594552176633,-41.1614624432978,0,24,24,24,12,-41.1614624432978
01-Aug-2026 01:02:22,-148.390737312996,-40.9576475796607,0,24,24,24,12,-40.9576475796607
01-Aug-2026 01:02:24,-146.766158531738,-39.3330687984031,0,24,24,24,12,-39.3330687984031
01-Aug-2026 01:02:26,-146.405360625588,-38.9722708922525,0,24,24,24,12,-38.9722708922525
01-Aug-2026 01:02:28,-146.619037092612,-39.185947359277,0,24,24,24,12,-39.185947359277
01-Aug-2026 01:02:30,-146.834351196689,-39.4012614633534,0,25,25,25,9,-39.4012614633534
01-Aug-2026 01:02:32,-146.478864041059,-39.0457743077239,0,25,25,25,8,-39.0457743077239
01-Aug-2026 01:02:34,-145.995391530191,-38.5623017968554,0,25,25,25,8,-38.5623017968554
01-Aug-2026 01:02:36,-141.720160785105,-34.28707105177,0,26,26,26,8,-34.28707105177
01-Aug-2026 01:02:38,-137.43179414941,-29.9987044160748,0,26,26,26,10,-29.9987044160748
01-Aug-2026 01:02:40,-134.964168096143,-27.5310783628082,0,26,26,26,11,-27.5310783628082
01-Aug-2026 01:02:42,-131.453061094292,-24.0199713609566,0,26,26,26,12,-24.0199713609566
01-Aug-2026 01:02:44,-127.645942714253,-20.2128529809179,0,26,26,26,11,-20.2128529809179
01-Aug-2026 01:02:46,-122.686218119113,-15.2531283857781,0,26,26,26,11,-15.2531283857781
01-Aug-2026 01:02:48,-141.452078413203,-34.0189886798676,0,26,26,26,10,-34.0189886798676
01-Aug-2026 01:02:50,-139.670141555892,-32.2370518225572,0,27,27,27,14,-32.2370518225572
01-Aug-2026 01:02:52,-139.396260044731,-31.963170311396,0,25,25,25,14,-31.963170311396
01-Aug-2026 01:02:54,-139.209281429114,-31.7761916957789,0,25,25,25,13,-31.7761916957789
01-Aug-2026 01:02:56,-138.924258196593,-31.4911684632573,0,25,25,25,13,-31.4911684632573
01-Aug-2026 01:02:58,-138.779822846613,-31.3467331132776,0,25,25,25,15,-31.3467331132776
01-Aug-2026 01:03:00,-138.614851836822,-31.181762103487,0,25,25,25,14,-31.181762103487
01-Aug-2026 01:03:02,-120.085477484244,-12.6523877509087,0,25,25,25,12,-12.6523877509087
01-Aug-2026 01:03:04,-125.127916762762,-17.6948270294267,0,25,25,25,12,-17.6948270294267
01-Aug-2026 01:03:06,-129.731426702704,-22.2983369693691,0,25,25,25,13,-22.2983369693691
01-Aug-2026 01:03:08,-132.999011408404,-25.5659216750684,0,25,25,25,12,-25.5659216750684
01-Aug-2026 01:03:10,-135.346053756505,-27.9129640231696,0,25,25,25,12,-27.9129640231696
01-Aug-2026 01:03:12,-136.325595551205,-28.8925058178696,0,24,24,24,10,-28.8925058178696
01-Aug-2026 01:03:14,-138.02733426804,-30.5942445347046,0,24,24,24,10,-30.5942445347046
01-Aug-2026 01:03:16,-137.966598486373,-30.5335087530374,0,24,24,24,10,-30.5335087530374
01-Aug-2026 01:03:18,-138.444072164206,-31.0109824308709,0,25,25,25,12,-31.0109824308709
01-Aug-2026 01:03:20,-138.323883155281,-30.8907934219461,0,25,25,25,13,-30.8907934219461
01-Aug-2026 01:03:22,-138.258284102538,-30.8251943692023,0,25,25,25,12,-30.8251943692023
01-Aug-2026 01:03:24,-148.163181101196,-40.7300913678612,0,25,25,25,15,-40.7300913678612
01-Aug-2026 01:03:26,-148.306412371681,-40.873322638346,0,25,25,25,14,-40.873322638346
01-Aug-2026 01:03:28,-148.305924544568,-40.872834811233,0,25,25,25,14,-40.872834811233
01-Aug-2026 01:03:30,-148.517559377575,-41.0844696442397,0,25,25,25,15,-41.0844696442397
01-Aug-2026 01:03:32,-148.688663273949,-41.2555735406138,0,25,25,25,15,-41.2555735406138
01-Aug-2026 01:03:34,-147.958398037688,-40.5253083043527,0,25,25,25,16,-40.5253083043527
01-Aug-2026 01:03:36,-147.860749481866,-40.4276597485312,0,25,25,25,16,-40.4276597485312
01-Aug-2026 01:03:38,-148.429056667959,-40.9959669346239,0,25,25,25,15,-40.9959669346239
01-Aug-2026 01:03:40,-148.121585468138,-40.6884957348027,0,25,25,25,17,-40.6884957348027
01-Aug-2026 01:03:42,-148.991894328801,-41.5588045954663,0,25,25,25,17,-41.5588045954663
01-Aug-2026 01:03:44,-148.991680847093,-41.5585911137583,0,25,25,25,17,-41.5585911137583
01-Aug-2026 01:03:46,-151.457350360771,-44.0242606274363,0,25,25,25,16,-44.0242606274363
01-Aug-2026 01:03:48,-151.102167762559,-43.6690780292241,0,25,25,25,15,-43.6690780292241
01-Aug-2026 01:03:50,-151.193718154306,-43.760628420971,0,25,25,25,15,-43.760628420971
01-Aug-2026 01:03:52,-151.370750605932,-43.9376608725971,0,25,25,25,15,-43.9376608725971
01-Aug-2026 01:03:54,-151.389003731221,-43.9559139978858,0,24,24,24,14,-43.9559139978858
01-Aug-2026 01:03:56,-151.620673503466,-44.1875837701305,0,24,24,24,14,-44.1875837701305
01-Aug-2026 01:03:58,-151.667972259627,-44.2348825262919,0,25,25,25,14,-44.2348825262919
01-Aug-2026 01:04:00,-151.726146457039,-44.2930567237037,0,25,25,25,15,-44.2930567237037
01-Aug-2026 01:04:02,-153.077222157467,-45.6441324241316,0,25,25,25,15,-45.6441324241316
01-Aug-2026 01:04:04,-153.04394659339,-45.6108568600545,0,24,24,24,15,-45.6108568600545
01-Aug-2026 01:04:06,-140.977130241616,-33.5440405082806,0,25,25,25,14,-33.5440405082806
01-Aug-2026 01:04:08,-141.44847301496,-34.0153832816252,0,25,25,25,13,-34.0153832816252
01-Aug-2026 01:04:10,-141.978526040633,-34.5454363072982,0,25,25,25,12,-34.5454363072982
01-Aug-2026 01:04:12,-142.713674343106,-35.2805846097704,0,25,25,25,13,-35.2805846097704
01-Aug-2026 01:04:14,-143.198543255486,-35.7654535221508,0,25,25,25,14,-35.7654535221508
01-Aug-2026 01:04:16,-143.708197910643,-36.2751081773076,0,25,25,25,14,-36.2751081773076
01-Aug-2026 01:04:18,-143.03110330045,-35.5980135671146,0,26,26,26,16,-35.5980135671146
01-Aug-2026 01:04:20,-143.350769760258,-35.9176800269233,0,27,27,27,17,-35.9176800269233
01-Aug-2026 01:04:22,-143.528836423491,-36.0957466901561,0,27,27,27,19,-36.0957466901561
01-Aug-2026 01:04:24,-143.772978501191,-36.3398887678563,0,27,27,27,20,-36.3398887678563
01-Aug-2026 01:04:26,-143.592350918882,-36.1592611855465,0,27,27,27,19,-36.1592611855465
01-Aug-2026 01:04:28,-144.001039775944,-36.5679500426092,0,27,27,27,19,-36.5679500426092
01-Aug-2026 01:04:30,-144.118950741313,-36.6858610079776,0,27,27,27,19,-36.6858610079776
01-Aug-2026 01:04:32,-143.941684728857,-36.5085949955223,0,28,28,28,18,-36.5085949955223
01-Aug-2026 01:04:34,-144.050709511123,-36.6176197777883,0,28,28,28,18,-36.6176197777883
01-Aug-2026 01:04:36,-144.051876590597,-36.6187868572623,0,27,27,27,18,-36.6187868572623
01-Aug-2026 01:04:38,-147.525552392676,-40.0924626593408,0,27,27,27,16,-40.0924626593408
01-Aug-2026 01:04:40,-147.435441993221,-40.0023522598856,0,27,27,27,16,-40.0023522598856
01-Aug-2026 01:04:42,-145.427472973943,-37.994383240608,0,28,28,28,16,-37.994383240608
01-Aug-2026 01:04:44,-143.14960263172,-35.7165128983848,0,28,28,28,16,-35.7165128983848
01-Aug-2026 01:04:46,-143.391636437586,-35.958546704251,0,26,26,26,13,-35.958546704251
01-Aug-2026 01:04:48,-143.416776303601,-35.9836865702658,0,26,26,26,17,-35.9836865702658
01-Aug-2026 01:04:50,-143.629853282916,-36.1967635495809,0,26,26,26,18,-36.1967635495809
01-Aug-2026 01:04:52,-144.005984045925,-36.5728943125893,0,26,26,26,17,-36.5728943125893
01-Aug-2026 01:04:54,-143.791055985971,-36.3579662526355,0,26,26,26,16,-36.3579662526355
01-Aug-2026 01:04:56,-144.821300413729,-37.3882106803937,0,26,26,26,16,-37.3882106803937
01-Aug-2026 01:04:58,-144.92137934925,-37.4882896159148,0,26,26,26,16,-37.4882896159148
01-Aug-2026 01:05:00,-145.089675584582,-37.6565858512471,0,26,26,26,16,-37.6565858512471
01-Aug-2026 01:05:02,-145.537393045066,-38.1043033117304,0,26,26,26,15,-38.1043033117304
01-Aug-2026 01:05:04,-145.378418355854,-37.9453286225192,0,25,25,25,15,-37.9453286225192
01-Aug-2026 01:05:06,-132.575413986784,-25.1423242534484,0,25,25,25,17,-25.1423242534484
01-Aug-2026 01:05:08,-133.773617005868,-26.3405272725333,0,25,25,25,16,-26.3405272725333
01-Aug-2026 01:05:10,-133.93101979054,-26.4979300572045,0,25,25,25,15,-26.4979300572045
01-Aug-2026 01:05:12,-135.344412772352,-27.9113230390172,0,25,25,25,13,-27.9113230390172
01-Aug-2026 01:05:14,-135.778828083719,-28.3457383503838,0,25,25,25,13,-28.3457383503838
01-Aug-2026 01:05:16,-136.353600803737,-28.9205110704023,0,25,25,25,14,-28.9205110704023
01-Aug-2026 01:05:18,-137.11423951682,-29.6811497834844,0,25,25,25,14,-29.6811497834844
01-Aug-2026 01:05:20,-137.874958414587,-30.4418686812521,0,25,25,25,14,-30.4418686812521
01-Aug-2026 01:05:22,-137.703696928158,-30.2706071948223,0,25,25,25,15,-30.2706071948223
01-Aug-2026 01:05:24,-138.356773497359,-30.9236837640237,0,25,25,25,14,-30.9236837640237
01-Aug-2026 01:05:26,-138.988453257279,-31.5553635239435,0,25,25,25,12,-31.5553635239435
01-Aug-2026 01:05:28,-152.624074905264,-45.1909851719291,0,25,25,25,11,-45.1909851719291
01-Aug-2026 01:05:30,-153.035073437328,-45.601983703993,0,25,25,25,8,-45.601983703993
01-Aug-2026 01:05:32,-152.792472634278,-45.3593829009423,0,25,25,25,8,-45.3593829009423
01-Aug-2026 01:05:34,-152.50694446437,-45.0738547310348,0,25,25,25,8,-45.0738547310348
01-Aug-2026 01:05:36,-151.902178190768,-44.4690884574323,0,25,25,25,8,-44.4690884574323
01-Aug-2026 01:05:38,-152.082851791131,-44.6497620577962,0,25,25,25,9,-44.6497620577962
01-Aug-2026 01:05:40,-151.860852571931,-44.4277628385959,0,25,25,25,10,-44.4277628385959
01-Aug-2026 01:05:42,-152.844814806698,-45.4117250733627,0,24,24,24,9,-45.4117250733627
01-Aug-2026 01:05:44,-146.295288702039,-38.8621989687033,0,24,24,24,11,-38.8621989687033
01-Aug-2026 01:05:46,-146.375832224656,-38.9427424913212,0,25,25,25,11,-38.9427424913212
01-Aug-2026 01:05:48,-146.010964156752,-38.5778744234172,0,25,25,25,11,-38.5778744234172
01-Aug-2026 01:05:50,-146.533561916991,-39.1004721836561,0,25,25,25,10,-39.1004721836561
01-Aug-2026 01:05:52,-141.553224953058,-34.1201352197231,0,24,24,24,13,-34.1201352197231
01-Aug-2026 01:05:54,-142.121444101375,-34.6883543680397,0,24,24,24,11,-34.6883543680397
01-Aug-2026 01:05:56,-142.174861318101,-34.741771584766,0,24,24,24,10,-34.741771584766
01-Aug-2026 01:05:58,-142.776799202966,-35.3437094696311,0,24,24,24,10,-35.3437094696311
01-Aug-2026 01:06:00,-142.66068364063,-35.2275939072945,0,24,24,24,10,-35.2275939072945
01-Aug-2026 01:06:02,-142.293090895729,-34.8600011623938,0,24,24,24,10,-34.8600011623938
01-Aug-2026 01:06:04,-141.978097977972,-34.5450082446372,0,24,24,24,11,-34.5450082446372
01-Aug-2026 01:06:06,-147.8104026006,-40.3773128672652,0,24,24,24,10,-40.3773128672652
01-Aug-2026 01:06:08,-148.034409328817,-40.6013195954815,0,24,24,24,10,-40.6013195954815
01-Aug-2026 01:06:10,-147.952569403832,-40.5194796704968,0,24,24,24,11,-40.5194796704968
01-Aug-2026 01:06:12,-145.950770669826,-38.5176809364911,0,24,24,24,13,-38.5176809364911
01-Aug-2026 01:06:14,-145.371878695457,-37.9387889621221,0,24,24,24,13,-37.9387889621221
01-Aug-2026 01:06:16,-144.351166738003,-36.9180770046681,0,24,24,24,12,-36.9180770046681
01-Aug-2026 01:06:18,-144.669076742599,-37.2359870092637,0,25,25,25,12,-37.2359870092637
01-Aug-2026 01:06:20,-144.71907188406,-37.2859821507253,0,25,25,25,13,-37.2859821507253
01-Aug-2026 01:06:22,-144.730081192757,-37.2969914594219,0,25,25,25,11,-37.2969914594219
01-Aug-2026 01:06:24,-144.063371191431,-36.6302814580962,0,25,25,25,11,-36.6302814580962
01-Aug-2026 01:06:26,-143.765195749694,-36.332106016359,0,26,26,26,12,-36.332106016359
01-Aug-2026 01:06:28,-143.32915888962,-35.8960691562849,0,26,26,26,10,-35.8960691562849
01-Aug-2026 01:06:30,-142.860746329851,-35.4276565965154,0,26,26,26,10,-35.4276565965154
01-Aug-2026 01:06:32,-143.01288511808,-35.5797953847452,0,26,26,26,11,-35.5797953847452
01-Aug-2026 01:06:34,-143.278160961699,-35.8450712283639,0,26,26,26,12,-35.8450712283639
01-Aug-2026 01:06:36,-145.388392556098,-37.9553028227627,0,26,26,26,12,-37.9553028227627
01-Aug-2026 01:06:38,-145.426966936688,-37.9938772033529,0,26,26,26,12,-37.9938772033529
01-Aug-2026 01:06:40,-145.426579498325,-37.9934897649897,0,26,26,26,14,-37.9934897649897
01-Aug-2026 01:06:42,-146.191418620961,-38.7583288876263,0,25,25,25,12,-38.7583288876263
01-Aug-2026 01:06:44,-145.438767952395,-38.0056782190595,0,25,25,25,13,-38.0056782190595
01-Aug-2026 01:06:46,-145.290996330139,-37.8579065968035,0,25,25,25,13,-37.8579065968035
01-Aug-2026 01:06:48,-145.275292910752,-37.8422031774167,0,25,25,25,14,-37.8422031774167
01-Aug-2026 01:06:50,-145.439921951313,-38.0068322179776,0,25,25,25,14,-38.0068322179776
01-Aug-2026 01:06:52,-146.612984213266,-39.1798944799307,0,25,25,25,12,-39.1798944799307
01-Aug-2026 01:06:54,-146.822487656821,-39.389397923486,0,25,25,25,12,-39.389397923486
01-Aug-2026 01:06:56,-142.399657812421,-34.9665680790856,0,25,25,25,13,-34.9665680790856
01-Aug-2026 01:06:58,-142.573253191811,-35.1401634584758,0,25,25,25,13,-35.1401634584758
01-Aug-2026 01:07:00,-142.842426641928,-35.4093369085931,0,25,25,25,12,-35.4093369085931
01-Aug-2026 01:07:02,-139.584389946413,-32.1513002130774,0,25,25,25,13,-32.1513002130774
01-Aug-2026 01:07:04,-139.717638819127,-32.2845490857922,0,25,25,25,14,-32.2845490857922
01-Aug-2026 01:07:06,-139.509690699163,-32.076600965828,0,25,25,25,15,-32.076600965828
01-Aug-2026 01:07:08,-139.638946193897,-32.2058564605623,0,25,25,25,16,-32.2058564605623
01-Aug-2026 01:07:10,-141.835142773619,-34.4020530402842,0,25,25,25,16,-34.4020530402842
01-Aug-2026 01:07:12,-141.606414060419,-34.1733243270833,0,25,25,25,18,-34.1733243270833
01-Aug-2026 01:07:14,-141.765662768491,-34.3325730351556,0,25,25,25,17,-34.3325730351556
01-Aug-2026 01:07:16,-142.076623021028,-34.6435332876927,0,25,25,25,16,-34.6435332876927
01-Aug-2026 01:07:18,-142.485482306206,-35.0523925728708,0,25,25,25,15,-35.0523925728708
01-Aug-2026 01:07:20,-141.854306909632,-34.4212171762966,0,25,25,25,16,-34.4212171762966
01-Aug-2026 01:07:22,-141.36889893721,-33.9358092038747,0,25,25,25,16,-33.9358092038747
01-Aug-2026 01:07:24,-141.610728049682,-34.1776383163473,0,25,25,25,16,-34.1776383163473
01-Aug-2026 01:07:26,-141.560522765369,-34.1274330320335,0,25,25,25,16,-34.1274330320335
01-Aug-2026 01:07:28,-141.07305998971,-33.6399702563745,0,25,25,25,14,-33.6399702563745
01-Aug-2026 01:07:30,-148.201396332738,-40.7683065994031,0,25,25,25,14,-40.7683065994031
01-Aug-2026 01:07:32,-148.274311823628,-40.8412220902928,0,24,24,24,13,-40.8412220902928
01-Aug-2026 01:07:34,-149.179963882368,-41.7468741490328,0,24,24,24,13,-41.7468741490328
01-Aug-2026 01:07:36,-149.045150428349,-41.6120606950138,0,24,24,24,13,-41.6120606950138
01-Aug-2026 01:07:38,-148.925912281786,-41.4928225484509,0,24,24,24,14,-41.4928225484509
01-Aug-2026 01:07:40,-149.031233740357,-41.5981440070217,0,24,24,24,14,-41.5981440070217
01-Aug-2026 01:07:42,-149.519040409005,-42.08595067567,0,24,24,24,13,-42.08595067567
01-Aug-2026 01:07:44,-149.589676124108,-42.1565863907727,0,24,24,24,13,-42.1565863907727
01-Aug-2026 01:07:46,-150.021305305534,-42.5882155721991,0,24,24,24,12,-42.5882155721991
01-Aug-2026 01:07:48,-150.146341971164,-42.7132522378291,0,24,24,24,11,-42.7132522378291
01-Aug-2026 01:07:50,-150.58853946152,-43.1554497281847,0,26,26,26,14,-43.1554497281847
01-Aug-2026 01:07:52,-149.971685097674,-42.5385953643386,0,26,26,26,14,-42.5385953643386
01-Aug-2026 01:07:54,-150.172312135126,-42.7392224017913,0,26,26,26,15,-42.7392224017913
01-Aug-2026 01:07:56,-150.005605148228,-42.5725154148924,0,26,26,26,14,-42.5725154148924
01-Aug-2026 01:07:58,-145.570623841913,-38.137534108578,0,26,26,26,15,-38.137534108578
01-Aug-2026 01:08:00,-145.995593837157,-38.562504103822,0,25,25,25,15,-38.562504103822
01-Aug-2026 01:08:02,-146.77386646951,-39.3407767361753,0,25,25,25,15,-39.3407767361753
01-Aug-2026 01:08:04,-146.873382947878,-39.4402932145428,0,25,25,25,14,-39.4402932145428
01-Aug-2026 01:08:06,-146.404075514571,-38.9709857812358,0,25,25,25,13,-38.9709857812358
01-Aug-2026 01:08:08,-146.332981393692,-38.8998916603571,0,25,25,25,11,-38.8998916603571
01-Aug-2026 01:08:10,-145.254817570846,-37.8217278375112,0,26,26,26,12,-37.8217278375112
01-Aug-2026 01:08:12,-146.52821274694,-39.0951230136046,0,26,26,26,12,-39.0951230136046
01-Aug-2026 01:08:14,-146.777213904206,-39.3441241708706,0,27,27,27,15,-39.3441241708706
01-Aug-2026 01:08:16,-147.411284761021,-39.9781950276856,0,27,27,27,15,-39.9781950276856
01-Aug-2026 01:08:18,-147.277079462192,-39.8439897288569,0,27,27,27,15,-39.8439897288569
01-Aug-2026 01:08:20,-148.443650680669,-41.0105609473335,0,27,27,27,15,-41.0105609473335
01-Aug-2026 01:08:22,-148.599340369197,-41.166250635862,0,27,27,27,16,-41.166250635862
01-Aug-2026 01:08:24,-147.831325100161,-40.3982353668256,0,27,27,27,18,-40.3982353668256
01-Aug-2026 01:08:26,-147.846920670055,-40.4138309367202,0,27,27,27,18,-40.4138309367202
01-Aug-2026 01:08:28,-147.402527581541,-39.9694378482063,0,27,27,27,19,-39.9694378482063
01-Aug-2026 01:08:30,-147.544984145346,-40.1118944120106,0,27,27,27,19,-40.1118944120106
01-Aug-2026 01:08:32,-147.505986506788,-40.072896773453,0,27,27,27,19,-40.072896773453
01-Aug-2026 01:08:34,-147.31482036815,-39.881730634815,0,27,27,27,19,-39.881730634815
01-Aug-2026 01:08:36,-144.908708940475,-37.4756192071403,0,27,27,27,20,-37.4756192071403
01-Aug-2026 01:08:38,-141.819990663321,-34.386900929986,0,26,26,26,19,-34.386900929986
01-Aug-2026 01:08:40,-141.610881221503,-34.1777914881674,0,26,26,26,19,-34.1777914881674
01-Aug-2026 01:08:42,-141.599546545713,-34.1664568123778,0,26,26,26,17,-34.1664568123778
01-Aug-2026 01:08:44,-141.036816615971,-33.6037268826358,0,26,26,26,19,-33.6037268826358
01-Aug-2026 01:08:46,-141.196776313423,-33.7636865800879,0,26,26,26,18,-33.7636865800879
01-Aug-2026 01:08:48,-141.498698305534,-34.0656085721992,0,26,26,26,18,-34.0656085721992
01-Aug-2026 01:08:50,-141.534094097472,-34.1010043641368,0,26,26,26,17,-34.1010043641368
01-Aug-2026 01:08:52,-141.360895894992,-33.9278061616571,0,25,25,25,14,-33.9278061616571
01-Aug-2026 01:08:54,-141.198834173874,-33.7657444405384,0,25,25,25,14,-33.7657444405384
01-Aug-2026 01:08:56,-141.138367997597,-33.7052782642621,0,25,25,25,12,-33.7052782642621
01-Aug-2026 01:08:58,-141.126290149337,-33.693200416002,0,25,25,25,12,-33.693200416002
01-Aug-2026 01:09:00,-140.920481455279,-33.4873917219442,0,25,25,25,11,-33.4873917219442
01-Aug-2026 01:09:02,-141.067570338969,-33.6344806056334,0,25,25,25,12,-33.6344806056334
01-Aug-2026 01:09:04,-144.757785106159,-37.3246953728236,0,25,25,25,11,-37.3246953728236
01-Aug-2026 01:09:06,-144.567717945973,-37.1346282126379,0,25,25,25,12,-37.1346282126379
01-Aug-2026 01:09:08,-144.254841858987,-36.821752125652,0,25,25,25,13,-36.821752125652
01-Aug-2026 01:09:10,-144.285956434343,-36.8528667010075,0,25,25,25,13,-36.8528667010075
01-Aug-2026 01:09:12,-144.656867045388,-37.2237773120524,0,25,25,25,13,-37.2237773120524
01-Aug-2026 01:09:14,-146.387608272771,-38.9545185394354,0,25,25,25,13,-38.9545185394354
01-Aug-2026 01:09:16,-146.252066902616,-38.818977169281,0,25,25,25,13,-38.818977169281
01-Aug-2026 01:09:18,-146.402853789941,-38.969764056606,0,25,25,25,13,-38.969764056606
01-Aug-2026 01:09:20,-156.747007141478,-49.3139174081426,0,25,25,25,12,-49.3139174081426
01-Aug-2026 01:09:22,-156.794015188621,-49.3609254552862,0,25,25,25,11,-49.3609254552862
01-Aug-2026 01:09:24,-157.227812915013,-49.794723181678,0,25,25,25,10,-49.794723181678
01-Aug-2026 01:09:26,-157.303318397475,-49.8702286641399,0,25,25,25,11,-49.8702286641399
01-Aug-2026 01:09:28,-164.36173433114,-56.9286445978044,0,25,25,25,10,-56.9286445978044
01-Aug-2026 01:09:30,-165.836814829915,-58.4037250965798,0,25,25,25,10,-58.4037250965798
01-Aug-2026 01:09:32,-165.656236804366,-58.2231470710306,0,25,25,25,10,-58.2231470710306
01-Aug-2026 01:09:34,-165.246831873321,-57.8137421399855,0,26,26,26,13,-57.8137421399855
01-Aug-2026 01:09:36,-165.216829356134,-57.7837396227988,0,25,25,25,13,-57.7837396227988
01-Aug-2026 01:09:38,-153.064529090713,-45.6314393573777,0,25,25,25,16,-45.6314393573777
01-Aug-2026 01:09:40,-152.567915379797,-45.1348256464615,0,24,24,24,15,-45.1348256464615
01-Aug-2026 01:09:42,-167.385121279888,-59.9520315465524,0,24,24,24,14,-59.9520315465524
01-Aug-2026 01:09:44,-167.603285920467,-60.1701961871317,0,24,24,24,13,-60.1701961871317
01-Aug-2026 01:09:46,-149.467404883136,-42.0343151498005,0,24,24,24,13,-42.0343151498005
01-Aug-2026 01:09:48,-148.87240482412,-41.4393150907845,0,24,24,24,12,-41.4393150907845
01-Aug-2026 01:09:50,-148.30000322687,-40.866913493535,0,24,24,24,13,-40.866913493535
01-Aug-2026 01:09:52,-147.889265788759,-40.4561760554234,0,24,24,24,11,-40.4561760554234
01-Aug-2026 01:09:54,-147.434058523463,-40.0009687901277,0,24,24,24,12,-40.0009687901277
01-Aug-2026 01:09:56,-140.462694827914,-33.0296050945788,0,24,24,24,11,-33.0296050945788
01-Aug-2026 01:09:58,-139.387165240592,-31.9540755072571,0,24,24,24,11,-31.9540755072571
01-Aug-2026 01:10:00,-144.285699494022,-36.8526097606871,0,24,24,24,9,-36.8526097606871
01-Aug-2026 01:10:02,-144.407775159507,-36.9746854261719,0,24,24,24,9,-36.9746854261719
01-Aug-2026 01:10:04,-143.721364443658,-36.2882747103225,0,25,25,25,9,-36.2882747103225
01-Aug-2026 01:10:06,-143.241187204094,-35.8080974707588,0,25,25,25,9,-35.8080974707588
01-Aug-2026 01:10:08,-143.156725172919,-35.7236354395834,0,25,25,25,10,-35.7236354395834
01-Aug-2026 01:10:10,-142.360017480053,-34.926927746718,0,25,25,25,9,-34.926927746718
01-Aug-2026 01:10:12,-141.993394551587,-34.5603048182517,0,25,25,25,10,-34.5603048182517
01-Aug-2026 01:10:14,-141.420086157049,-33.9869964237137,0,25,25,25,10,-33.9869964237137
01-Aug-2026 01:10:16,-144.254374795039,-36.8212850617042,0,25,25,25,10,-36.8212850617042
01-Aug-2026 01:10:18,-144.147321362279,-36.7142316289434,0,26,26,26,12,-36.7142316289434
01-Aug-2026 01:10:20,-144.482400851307,-37.049311117972,0,26,26,26,11,-37.049311117972
01-Aug-2026 01:10:22,-144.679040814105,-37.2459510807694,0,26,26,26,11,-37.2459510807694
01-Aug-2026 01:10:24,-144.998066142307,-37.5649764089717,0,26,26,26,12,-37.5649764089717
01-Aug-2026 01:10:26,-144.900719211689,-37.4676294783536,0,26,26,26,12,-37.4676294783536
01-Aug-2026 01:10:28,-162.493758768561,-55.0606690352255,0,26,26,26,12,-55.0606690352255
01-Aug-2026 01:10:30,-162.480400661181,-55.0473109278457,0,26,26,26,12,-55.0473109278457
01-Aug-2026 01:10:32,-162.355891209532,-54.9228014761966,0,24,24,24,12,-54.9228014761966
01-Aug-2026 01:10:34,-162.800536104507,-55.367446371172,0,25,25,25,12,-55.367446371172
01-Aug-2026 01:10:36,-162.625047847628,-55.1919581142928,0,25,25,25,13,-55.1919581142928
01-Aug-2026 01:10:38,-162.386458338168,-54.9533686048331,0,25,25,25,14,-54.9533686048331
01-Aug-2026 01:10:40,-163.322809817312,-55.8897200839765,0,25,25,25,13,-55.8897200839765
01-Aug-2026 01:10:42,-163.239878849252,-55.8067891159171,0,25,25,25,14,-55.8067891159171
01-Aug-2026 01:10:44,-159.13508420378,-51.7019944704449,0,25,25,25,15,-51.7019944704449
01-Aug-2026 01:10:46,-158.71971453875,-51.2866248054145,0,25,25,25,14,-51.2866248054145
01-Aug-2026 01:10:48,-154.839898532144,-47.4068087988084,0,26,26,26,14,-47.4068087988084
01-Aug-2026 01:10:50,-154.702453120747,-47.2693633874118,0,26,26,26,14,-47.2693633874118
01-Aug-2026 01:10:52,-154.610621317067,-47.1775315837317,0,26,26,26,18,-47.1775315837317
01-Aug-2026 01:10:54,-154.587360737483,-47.1542710041483,0,25,25,25,17,-47.1542710041483
01-Aug-2026 01:10:56,-153.887466766974,-46.4543770336385,0,25,25,25,17,-46.4543770336385
01-Aug-2026 01:10:58,-153.869147099376,-46.4360573660412,0,25,25,25,17,-46.4360573660412
01-Aug-2026 01:11:00,-154.211217364432,-46.7781276310972,0,25,25,25,16,-46.7781276310972
01-Aug-2026 01:11:02,-154.056346521267,-46.6232567879318,0,25,25,25,15,-46.6232567879318
01-Aug-2026 01:11:04,-145.356110275876,-37.9230205425405,0,25,25,25,16,-37.9230205425405
01-Aug-2026 01:11:06,-141.275071748909,-33.8419820155738,0,25,25,25,15,-33.8419820155738
01-Aug-2026 01:11:08,-136.624367479359,-29.1912777460239,0,24,24,24,13,-29.1912777460239
01-Aug-2026 01:11:10,-155.990274739219,-48.5571850058834,0,24,24,24,13,-48.5571850058834
01-Aug-2026 01:11:12,-156.016665333801,-48.5835756004661,0,24,24,24,12,-48.5835756004661
01-Aug-2026 01:11:14,-157.268431359901,-49.8353416265662,0,24,24,24,12,-49.8353416265662
01-Aug-2026 01:11:16,-156.673389428536,-49.2402996952011,0,24,24,24,12,-49.2402996952011
01-Aug-2026 01:11:18,-156.578065818614,-49.144976085279,0,24,24,24,12,-49.144976085279
01-Aug-2026 01:11:20,-156.648208431329,-49.2151186979938,0,24,24,24,10,-49.2151186979938
01-Aug-2026 01:11:22,-155.921594582135,-48.4885048487995,0,24,24,24,11,-48.4885048487995
01-Aug-2026 01:11:24,-138.276052110488,-30.8429623771532,0,24,24,24,13,-30.8429623771532
01-Aug-2026 01:11:26,-142.331550329673,-34.8984605963378,0,24,24,24,12,-34.8984605963378
01-Aug-2026 01:11:28,-152.889531570064,-45.456441836729,0,24,24,24,11,-45.456441836729
01-Aug-2026 01:11:30,-150.601274592384,-43.1681848590489,0,24,24,24,13,-43.1681848590489
01-Aug-2026 01:11:32,-150.300237472705,-42.8671477393701,0,24,24,24,12,-42.8671477393701
01-Aug-2026 01:11:34,-149.600150801709,-42.167061068374,0,25,25,25,14,-42.167061068374
01-Aug-2026 01:11:36,-154.240129712124,-46.807039978789,0,25,25,25,13,-46.807039978789
01-Aug-2026 01:11:38,-154.169036238165,-46.7359465048299,0,25,25,25,14,-46.7359465048299
01-Aug-2026 01:11:40,-153.73544710667,-46.3023573733344,0,25,25,25,13,-46.3023573733344
01-Aug-2026 01:11:42,-153.390955886147,-45.9578661528123,0,26,26,26,13,-45.9578661528123
01-Aug-2026 01:11:44,-153.354624892815,-45.9215351594794,0,26,26,26,13,-45.9215351594794
01-Aug-2026 01:11:46,-153.633156751078,-46.200067017743,0,26,26,26,12,-46.200067017743
01-Aug-2026 01:11:48,-140.428769235145,-32.9956795018094,0,26,26,26,11,-32.9956795018094
01-Aug-2026 01:11:50,-140.239206108492,-32.8061163751565,0,26,26,26,11,-32.8061163751565
01-Aug-2026 01:11:52,-136.289910565926,-28.856820832591,0,26,26,26,15,-28.856820832591
01-Aug-2026 01:11:54,-136.538059321856,-29.104969588521,0,25,25,25,14,-29.104969588521
01-Aug-2026 01:11:56,-137.391114176306,-29.958024442971,0,25,25,25,13,-29.958024442971
01-Aug-2026 01:11:58,-138.350781758649,-30.9176920253135,0,25,25,25,12,-30.9176920253135
01-Aug-2026 01:12:00,-138.392606155222,-30.9595164218873,0,26,26,26,13,-30.9595164218873
01-Aug-2026 01:12:02,-143.39114530117,-35.9580555678349,0,26,26,26,12,-35.9580555678349
01-Aug-2026 01:12:04,-143.41406634998,-35.9809766166452,0,26,26,26,11,-35.9809766166452
01-Aug-2026 01:12:06,-143.527943973965,-36.0948542406298,0,26,26,26,12,-36.0948542406298
01-Aug-2026 01:12:08,-143.666516034175,-36.2334263008395,0,26,26,26,13,-36.2334263008395
01-Aug-2026 01:12:10,-143.233945975241,-35.8008562419054,0,26,26,26,12,-35.8008562419054
01-Aug-2026 01:12:12,-143.29972423711,-35.8666345037749,0,27,27,27,14,-35.8666345037749
01-Aug-2026 01:12:14,-143.616605599171,-36.1835158658357,0,26,26,26,14,-36.1835158658357
01-Aug-2026 01:12:16,-143.018385463026,-35.5852957296907,0,27,27,27,15,-35.5852957296907
01-Aug-2026 01:12:18,-147.817235288345,-40.3841455550097,0,27,27,27,13,-40.3841455550097
01-Aug-2026 01:12:20,-147.418485045988,-39.9853953126529,0,27,27,27,13,-39.9853953126529
01-Aug-2026 01:12:22,-147.729455897453,-40.2963661641176,0,26,26,26,11,-40.2963661641176
01-Aug-2026 01:12:24,-147.685321289652,-40.2522315563168,0,27,27,27,13,-40.2522315563168
01-Aug-2026 01:12:26,-147.622299952065,-40.1892102187294,0,27,27,27,14,-40.1892102187294
01-Aug-2026 01:12:28,-147.615113051269,-40.1820233179342,0,27,27,27,16,-40.1820233179342
01-Aug-2026 01:12:30,-147.671281797888,-40.2381920645531,0,26,26,26,16,-40.2381920645531
01-Aug-2026 01:12:32,-149.971497433653,-42.5384077003177,0,26,26,26,15,-42.5384077003177
01-Aug-2026 01:12:34,-149.889561094544,-42.456471361209,0,26,26,26,16,-42.456471361209
01-Aug-2026 01:12:36,-150.559843131262,-43.1267533979268,0,26,26,26,14,-43.1267533979268
01-Aug-2026 01:12:38,-150.323980770323,-42.8908910369883,0,26,26,26,13,-42.8908910369883
01-Aug-2026 01:12:40,-149.951201500932,-42.518111767597,0,26,26,26,13,-42.518111767597
01-Aug-2026 01:12:42,-148.162395723352,-40.7293059900165,0,25,25,25,13,-40.7293059900165
01-Aug-2026 01:12:44,-148.818807216717,-41.3857174833815,0,25,25,25,12,-41.3857174833815
01-Aug-2026 01:12:46,-148.652458043871,-41.219368310536,0,25,25,25,12,-41.219368310536
01-Aug-2026 01:12:48,-148.959748574309,-41.5266588409734,0,25,25,25,12,-41.5266588409734
01-Aug-2026 01:12:50,-151.686618118876,-44.2535283855406,0,25,25,25,10,-44.2535283855406
01-Aug-2026 01:12:52,-151.922676687007,-44.4895869536714,0,25,25,25,9,-44.4895869536714
01-Aug-2026 01:12:54,-133.999781954342,-26.5666922210073,0,25,25,25,11,-26.5666922210073
01-Aug-2026 01:12:56,-134.228685029559,-26.7955952962241,0,25,25,25,11,-26.7955952962241
01-Aug-2026 01:12:58,-134.641338295081,-27.208248561746,0,25,25,25,10,-27.208248561746
01-Aug-2026 01:13:00,-134.741572825977,-27.3084830926423,0,25,25,25,11,-27.3084830926423
01-Aug-2026 01:13:02,-135.145938257623,-27.7128485242882,0,25,25,25,12,-27.7128485242882
01-Aug-2026 01:13:04,-165.249945255464,-57.8168555221287,0,25,25,25,10,-57.8168555221287
01-Aug-2026 01:13:06,-164.014133345915,-56.5810436125797,0,25,25,25,10,-56.5810436125797
01-Aug-2026 01:13:08,-163.337948651199,-55.904858917864,0,25,25,25,11,-55.904858917864
01-Aug-2026 01:13:10,-163.236631142813,-55.8035414094776,0,25,25,25,11,-55.8035414094776
01-Aug-2026 01:13:12,-163.269635984115,-55.83654625078,0,25,25,25,11,-55.83654625078
01-Aug-2026 01:13:14,-163.340384922461,-55.9072951891261,0,25,25,25,12,-55.9072951891261
01-Aug-2026 01:13:16,-163.498920644321,-56.0658309109859,0,25,25,25,12,-56.0658309109859
01-Aug-2026 01:13:18,-163.012638131081,-55.5795483977459,0,25,25,25,13,-55.5795483977459
01-Aug-2026 01:13:20,-163.50204832394,-56.0689585906048,0,25,25,25,12,-56.0689585906048
01-Aug-2026 01:13:22,-151.641739871769,-44.2086501384338,0,26,26,26,13,-44.2086501384338
01-Aug-2026 01:13:24,-150.93174098847,-43.4986512551344,0,26,26,26,13,-43.4986512551344
01-Aug-2026 01:13:26,-150.560304978005,-43.1272152446696,0,25,25,25,13,-43.1272152446696
01-Aug-2026 01:13:28,-149.599954054608,-42.1668643212733,0,24,24,24,11,-42.1668643212733
01-Aug-2026 01:13:30,-146.391471051895,-38.9583813185594,0,24,24,24,12,-38.9583813185594
01-Aug-2026 01:13:32,-146.317161367494,-38.8840716341586,0,24,24,24,12,-38.8840716341586
01-Aug-2026 01:13:34,-146.009025663156,-38.5759359298208,0,24,24,24,12,-38.5759359298208
01-Aug-2026 01:13:36,-145.703496160275,-38.2704064269396,0,24,24,24,13,-38.2704064269396
01-Aug-2026 01:13:38,-145.554167379153,-38.1210776458181,0,24,24,24,14,-38.1210776458181
01-Aug-2026 01:13:40,-145.301862873947,-37.8687731406115,0,24,24,24,13,-37.8687731406115
01-Aug-2026 01:13:42,-144.969165271788,-37.536075538453,0,24,24,24,12,-37.536075538453
01-Aug-2026 01:13:44,-144.556077492215,-37.1229877588793,0,24,24,24,12,-37.1229877588793
01-Aug-2026 01:13:46,-144.236469961799,-36.8033802284634,0,24,24,24,12,-36.8033802284634
01-Aug-2026 01:13:48,-145.551021502947,-38.1179317696118,0,24,24,24,10,-38.1179317696118
01-Aug-2026 01:13:50,-145.485250927606,-38.0521611942712,0,24,24,24,8,-38.0521611942712
01-Aug-2026 01:13:52,-145.5420795934,-38.1089898600652,0,25,25,25,10,-38.1089898600652
01-Aug-2026 01:13:54,-144.598028861458,-37.1649391281229,0,25,25,25,10,-37.1649391281229
01-Aug-2026 01:13:56,-144.540528295041,-37.1074385617055,0,25,25,25,10,-37.1074385617055
01-Aug-2026 01:13:58,-143.919719550239,-36.4866298169043,0,25,25,25,11,-36.4866298169043
01-Aug-2026 01:14:00,-142.954999783237,-35.5219100499023,0,25,25,25,10,-35.5219100499023
01-Aug-2026 01:14:02,-142.043568129299,-34.610478395964,0,25,25,25,10,-34.610478395964
01-Aug-2026 01:14:04,-140.878837341239,-33.4457476079034,0,25,25,25,11,-33.4457476079034
01-Aug-2026 01:14:06,-140.971232035232,-33.5381423018971,0,25,25,25,10,-33.5381423018971
01-Aug-2026 01:14:08,-146.043017049753,-38.6099273164173,0,25,25,25,12,-38.6099273164173
01-Aug-2026 01:14:10,-145.950011409417,-38.5169216760821,0,26,26,26,14,-38.5169216760821
01-Aug-2026 01:14:12,-145.965056568197,-38.5319668348617,0,26,26,26,15,-38.5319668348617
01-Aug-2026 01:14:14,-148.290466733445,-40.8573770001099,0,26,26,26,13,-40.8573770001099
01-Aug-2026 01:14:16,-149.526398103173,-42.0933083698382,0,26,26,26,12,-42.0933083698382
01-Aug-2026 01:14:18,-152.344224926548,-44.9111351932125,0,26,26,26,11,-44.9111351932125
01-Aug-2026 01:14:20,-152.392697727825,-44.9596079944903,0,25,25,25,12,-44.9596079944903
01-Aug-2026 01:14:22,-163.944712808496,-56.5116230751613,0,25,25,25,11,-56.5116230751613
01-Aug-2026 01:14:24,-164.385117901604,-56.9520281682693,0,24,24,24,11,-56.9520281682693
01-Aug-2026 01:14:26,-164.38460242151,-56.9515126881749,0,25,25,25,10,-56.9515126881749
01-Aug-2026 01:14:28,-164.505748342627,-57.072658609292,0,25,25,25,10,-57.072658609292
01-Aug-2026 01:14:30,-164.28338503478,-56.8502953014446,0,25,25,25,10,-56.8502953014446
01-Aug-2026 01:14:32,-155.296318532715,-47.8632287993799,0,26,26,26,8,-47.8632287993799
01-Aug-2026 01:14:34,-155.17438743636,-47.7412977030249,0,26,26,26,8,-47.7412977030249
01-Aug-2026 01:14:36,-154.834052547952,-47.400962814617,0,26,26,26,10,-47.400962814617
01-Aug-2026 01:14:38,-154.944849960617,-47.5117602272816,0,26,26,26,9,-47.5117602272816
01-Aug-2026 01:14:40,-153.062719265845,-45.6296295325095,0,26,26,26,7,-45.6296295325095
01-Aug-2026 01:14:42,-153.531689448166,-46.0985997148309,0,26,26,26,8,-46.0985997148309
01-Aug-2026 01:14:44,-155.188705593342,-47.7556158600064,0,25,25,25,7,-47.7556158600064
01-Aug-2026 01:14:46,-155.315992999905,-47.8829032665698,0,24,24,24,8,-47.8829032665698
01-Aug-2026 01:14:48,-143.688092827692,-36.2550030943567,0,24,24,24,9,-36.2550030943567
01-Aug-2026 01:14:50,-142.984301821051,-35.5512120877159,0,24,24,24,8,-35.5512120877159
01-Aug-2026 01:14:52,-142.484230919378,-35.0511411860427,0,24,24,24,9,-35.0511411860427
01-Aug-2026 01:14:54,-143.81770021814,-36.3846104848047,0,24,24,24,9,-36.3846104848047
01-Aug-2026 01:14:56,-143.012400308194,-35.5793105748586,0,24,24,24,9,-35.5793105748586
01-Aug-2026 01:14:58,-142.2747559603,-34.8416662269647,0,24,24,24,8,-34.8416662269647
01-Aug-2026 01:15:00,-142.056654855364,-34.6235651220284,0,24,24,24,9,-34.6235651220284
01-Aug-2026 01:15:02,-142.360210515307,-34.9271207819721,0,24,24,24,10,-34.9271207819721
01-Aug-2026 01:15:04,-142.675885017923,-35.2427952845877,0,24,24,24,13,-35.2427952845877
01-Aug-2026 01:15:06,-142.691884699253,-35.2587949659182,0,24,24,24,13,-35.2587949659182
01-Aug-2026 01:15:08,-143.052213023106,-35.6191232897705,0,24,24,24,12,-35.6191232897705
01-Aug-2026 01:15:10,-138.050767539358,-30.6176778060224,0,24,24,24,12,-30.6176778060224
01-Aug-2026 01:15:12,-137.823177072145,-30.3900873388102,0,24,24,24,12,-30.3900873388102
01-Aug-2026 01:15:14,-137.100823179668,-29.6677334463328,0,24,24,24,12,-29.6677334463328
01-Aug-2026 01:15:16,-136.519349149636,-29.0862594163007,0,24,24,24,12,-29.0862594163007
01-Aug-2026 01:15:18,-136.277854487842,-28.8447647545069,0,25,25,25,13,-28.8447647545069
01-Aug-2026 01:15:20,-135.867970476704,-28.434880743369,0,25,25,25,12,-28.434880743369
01-Aug-2026 01:15:22,-135.445823989195,-28.0127342558599,0,25,25,25,13,-28.0127342558599
01-Aug-2026 01:15:24,-140.386645262397,-32.9535555290614,0,25,25,25,12,-32.9535555290614
01-Aug-2026 01:15:26,-140.41016417874,-32.977074445405,0,25,25,25,12,-32.977074445405
01-Aug-2026 01:15:28,-139.84752040272,-32.4144306693852,0,25,25,25,13,-32.4144306693852
01-Aug-2026 01:15:30,-139.396063575951,-31.9629738426159,0,25,25,25,14,-31.9629738426159
01-Aug-2026 01:15:32,-139.692719018662,-32.2596292853272,0,25,25,25,14,-32.2596292853272
01-Aug-2026 01:15:34,-133.691563466103,-26.2584737327679,0,26,26,26,15,-26.2584737327679
01-Aug-2026 01:15:36,-134.423226606764,-26.990136873429,0,26,26,26,14,-26.990136873429
01-Aug-2026 01:15:38,-134.87693619812,-27.4438464647849,0,26,26,26,14,-27.4438464647849
01-Aug-2026 01:15:40,-135.403771074693,-27.9706813413578,0,26,26,26,14,-27.9706813413578
01-Aug-2026 01:15:42,-134.791957944667,-27.3588682113319,0,26,26,26,16,-27.3588682113319
01-Aug-2026 01:15:44,-134.813361426067,-27.3802716927317,0,26,26,26,17,-27.3802716927317
01-Aug-2026 01:15:46,-135.248433311014,-27.8153435776786,0,26,26,26,18,-27.8153435776786
01-Aug-2026 01:15:48,-135.376745424981,-27.9436556916463,0,26,26,26,17,-27.9436556916463
01-Aug-2026 01:15:50,-135.993916296572,-28.5608265632363,0,26,26,26,15,-28.5608265632363
01-Aug-2026 01:15:52,-135.8918262898,-28.4587365564653,0,26,26,26,18,-28.4587365564653
01-Aug-2026 01:15:54,-135.159559974557,-27.7264702412216,0,26,26,26,16,-27.7264702412216
01-Aug-2026 01:15:56,-138.642997887907,-31.2099081545715,0,26,26,26,15,-31.2099081545715
01-Aug-2026 01:15:58,-138.499456151872,-31.0663664185369,0,26,26,26,14,-31.0663664185369
01-Aug-2026 01:16:00,-138.876201222786,-31.4431114894511,0,26,26,26,16,-31.4431114894511
01-Aug-2026 01:16:02,-138.279968816429,-30.8468790830935,0,25,25,25,16,-30.8468790830935
01-Aug-2026 01:16:04,-138.182225327552,-30.7491355942171,0,25,25,25,13,-30.7491355942171
01-Aug-2026 01:16:06,-137.508629914531,-30.0755401811959,0,25,25,25,14,-30.0755401811959
01-Aug-2026 01:16:08,-138.100409187926,-30.6673194545911,0,26,26,26,14,-30.6673194545911
01-Aug-2026 01:16:10,-137.834644801396,-30.4015550680609,0,26,26,26,13,-30.4015550680609
01-Aug-2026 01:16:12,-137.391008181958,-29.9579184486229,0,26,26,26,14,-29.9579184486229
01-Aug-2026 01:16:14,-137.769199326574,-30.336109593239,0,26,26,26,14,-30.336109593239
01-Aug-2026 01:16:16,-137.844934177858,-30.4118444445232,0,27,27,27,15,-30.4118444445232
01-Aug-2026 01:16:18,-137.536169526419,-30.1030797930834,0,27,27,27,15,-30.1030797930834
01-Aug-2026 01:16:20,-136.451400111353,-29.0183103780174,0,26,26,26,15,-29.0183103780174
01-Aug-2026 01:16:22,-136.317045179985,-28.8839554466498,0,26,26,26,14,-28.8839554466498
01-Aug-2026 01:16:24,-136.651874203334,-29.2187844699987,0,26,26,26,16,-29.2187844699987
01-Aug-2026 01:16:26,-135.511510922064,-28.0784211887292,0,26,26,26,13,-28.0784211887292
01-Aug-2026 01:16:28,-135.745634952817,-28.3125452194816,0,26,26,26,13,-28.3125452194816
01-Aug-2026 01:16:30,-135.433152793376,-28.0000630600408,0,26,26,26,13,-28.0000630600408
01-Aug-2026 01:16:32,-135.529115367396,-28.0960256340612,0,25,25,25,13,-28.0960256340612
01-Aug-2026 01:16:34,-135.831707858044,-28.3986181247087,0,25,25,25,13,-28.3986181247087
01-Aug-2026 01:16:36,-135.123521103241,-27.690431369906,0,25,25,25,12,-27.690431369906
01-Aug-2026 01:16:38,-134.64395126899,-27.2108615356549,0,25,25,25,13,-27.2108615356549
01-Aug-2026 01:16:40,-134.510643574161,-27.0775538408262,0,25,25,25,14,-27.0775538408262
01-Aug-2026 01:16:42,-134.150721011519,-26.7176312781834,0,25,25,25,15,-26.7176312781834
01-Aug-2026 01:16:44,-134.046091474781,-26.6130017414459,0,25,25,25,16,-26.6130017414459
01-Aug-2026 01:16:46,-133.644407941741,-26.2113182084055,0,25,25,25,16,-26.2113182084055
01-Aug-2026 01:16:48,-133.931388918079,-26.4982991847441,0,25,25,25,13,-26.4982991847441
01-Aug-2026 01:16:50,-133.272722034686,-25.8396323013508,0,25,25,25,14,-25.8396323013508
01-Aug-2026 01:16:52,-133.142842578207,-25.7097528448721,0,25,25,25,14,-25.7097528448721
01-Aug-2026 01:16:54,-148.11776108986,-40.6846713565244,0,25,25,25,14,-40.6846713565244
01-Aug-2026 01:16:56,-148.191306952485,-40.7582172191501,0,25,25,25,13,-40.7582172191501
01-Aug-2026 01:16:58,-148.209611628169,-40.7765218948338,0,25,25,25,13,-40.7765218948338
01-Aug-2026 01:17:00,-147.931007231491,-40.4979174981563,0,25,25,25,15,-40.4979174981563
01-Aug-2026 01:17:02,-149.32778600995,-41.8946962766152,0,25,25,25,14,-41.8946962766152
01-Aug-2026 01:17:04,-149.248980217871,-41.8158904845359,0,25,25,25,13,-41.8158904845359
01-Aug-2026 01:17:06,-149.685521223864,-42.252431490529,0,25,25,25,11,-42.252431490529
01-Aug-2026 01:17:08,-148.978211748729,-41.5451220153934,0,25,25,25,11,-41.5451220153934
01-Aug-2026 01:17:10,-148.509412199929,-41.076322466594,0,26,26,26,14,-41.076322466594
01-Aug-2026 01:17:12,-147.654211753538,-40.2211220202029,0,26,26,26,14,-40.2211220202029
01-Aug-2026 01:17:14,-147.730450808592,-40.2973610752573,0,25,25,25,11,-40.2973610752573
01-Aug-2026 01:17:16,-145.057440603248,-37.6243508699133,0,25,25,25,10,-37.6243508699133
01-Aug-2026 01:17:18,-145.19159825703,-37.7585085236944,0,25,25,25,9,-37.7585085236944
01-Aug-2026 01:17:20,-145.433706606964,-38.0006168736288,0,25,25,25,8,-38.0006168736288
01-Aug-2026 01:17:22,-144.241628765878,-36.8085390325433,0,24,24,24,9,-36.8085390325433
01-Aug-2026 01:17:24,-143.829083420657,-36.3959936873219,0,24,24,24,11,-36.3959936873219
01-Aug-2026 01:17:26,-143.350950388165,-35.9178606548297,0,24,24,24,11,-35.9178606548297
01-Aug-2026 01:17:28,-142.776230353106,-35.343140619771,0,24,24,24,10,-35.343140619771
01-Aug-2026 01:17:30,-142.67422030444,-35.2411305711047,0,24,24,24,10,-35.2411305711047
01-Aug-2026 01:17:32,-142.342215934922,-34.9091262015868,0,24,24,24,10,-34.9091262015868
01-Aug-2026 01:17:34,-141.475581597256,-34.0424918639203,0,24,24,24,11,-34.0424918639203
01-Aug-2026 01:17:36,-141.525696266824,-34.0926065334883,0,24,24,24,13,-34.0926065334883
01-Aug-2026 01:17:38,-141.167888794438,-33.7347990611024,0,24,24,24,14,-33.7347990611024
01-Aug-2026 01:17:40,-140.969012539333,-33.535922805998,0,25,25,25,15,-33.535922805998
01-Aug-2026 01:17:42,-152.342329207865,-44.9092394745298,0,25,25,25,12,-44.9092394745298
01-Aug-2026 01:17:44,-152.324271011,-44.8911812776647,0,25,25,25,12,-44.8911812776647
01-Aug-2026 01:17:46,-152.138400073188,-44.7053103398528,0,25,25,25,10,-44.7053103398528
01-Aug-2026 01:17:48,-152.258536162826,-44.8254464294905,0,25,25,25,10,-44.8254464294905
01-Aug-2026 01:17:50,-141.485365894147,-34.0522761608118,0,25,25,25,10,-34.0522761608118
01-Aug-2026 01:17:52,-141.245875627656,-33.8127858943209,0,25,25,25,11,-33.8127858943209
01-Aug-2026 01:17:54,-141.5835804687,-34.1504907353644,0,25,25,25,11,-34.1504907353644
01-Aug-2026 01:17:56,-141.488748058703,-34.0556583253675,0,25,25,25,11,-34.0556583253675
01-Aug-2026 01:17:58,-141.33955905034,-33.906469317005,0,25,25,25,9,-33.906469317005
01-Aug-2026 01:18:00,-141.311740906864,-33.8786511735288,0,25,25,25,11,-33.8786511735288
01-Aug-2026 01:18:02,-141.554533941589,-34.1214442082543,0,26,26,26,11,-34.1214442082543
01-Aug-2026 01:18:04,-147.900565617402,-40.467475884067,0,26,26,26,10,-40.467475884067
01-Aug-2026 01:18:06,-147.347760056509,-39.9146703231741,0,26,26,26,10,-39.9146703231741
01-Aug-2026 01:18:08,-147.727386683598,-40.294296950263,0,26,26,26,11,-40.294296950263
01-Aug-2026 01:18:10,-148.118792051536,-40.6857023182008,0,25,25,25,11,-40.6857023182008
01-Aug-2026 01:18:12,-156.301305908989,-48.8682161756541,0,25,25,25,10,-48.8682161756541
01-Aug-2026 01:18:14,-157.556158766985,-50.1230690336502,0,24,24,24,11,-50.1230690336502
01-Aug-2026 01:18:16,-158.397398092732,-50.9643083593965,0,24,24,24,11,-50.9643083593965
01-Aug-2026 01:18:18,-163.324490243809,-55.8914005104737,0,26,26,26,10,-55.8914005104737
01-Aug-2026 01:18:20,-153.108484292799,-45.675394559464,0,25,25,25,11,-45.675394559464
01-Aug-2026 01:18:22,-152.699458508137,-45.2663687748017,0,25,25,25,13,-45.2663687748017
01-Aug-2026 01:18:24,-152.553737331977,-45.1206475986421,0,25,25,25,13,-45.1206475986421
01-Aug-2026 01:18:26,-152.594800703412,-45.161710970077,0,25,25,25,13,-45.161710970077
01-Aug-2026 01:18:28,-152.127670314681,-44.6945805813455,0,25,25,25,16,-44.6945805813455
01-Aug-2026 01:18:30,-152.377160699587,-44.9440709662516,0,25,25,25,16,-44.9440709662516
01-Aug-2026 01:18:32,-150.225636320802,-42.7925465874667,0,25,25,25,16,-42.7925465874667
01-Aug-2026 01:18:34,-150.695702585419,-43.2626128520834,0,25,25,25,15,-43.2626128520834
01-Aug-2026 01:18:36,-154.172110845958,-46.7390211126232,0,25,25,25,15,-46.7390211126232
01-Aug-2026 01:18:38,-153.505681679604,-46.0725919462685,0,24,24,24,15,-46.0725919462685
01-Aug-2026 01:18:40,-153.647552228181,-46.2144624948459,0,24,24,24,15,-46.2144624948459
01-Aug-2026 01:18:42,-152.92802393529,-45.4949342019549,0,24,24,24,15,-45.4949342019549
01-Aug-2026 01:18:44,-153.10961153764,-45.6765218043053,0,24,24,24,15,-45.6765218043053
01-Aug-2026 01:18:46,-164.11821034643,-56.6851206130951,0,24,24,24,13,-56.6851206130951
01-Aug-2026 01:18:48,-145.98284609572,-38.5497563623845,0,24,24,24,14,-38.5497563623845
01-Aug-2026 01:18:50,-146.066793890893,-38.6337041575581,0,24,24,24,14,-38.6337041575581
01-Aug-2026 01:18:52,-146.211047500008,-38.7779577666726,0,24,24,24,14,-38.7779577666726
01-Aug-2026 01:18:54,-146.721715775288,-39.2886260419533,0,24,24,24,15,-39.2886260419533
01-Aug-2026 01:18:56,-146.735470641175,-39.3023809078402,0,24,24,24,16,-39.3023809078402
01-Aug-2026 01:18:58,-163.483298600125,-56.0502088667902,0,24,24,24,15,-56.0502088667902
01-Aug-2026 01:19:00,-145.511327317878,-38.078237584543,0,24,24,24,16,-38.078237584543
01-Aug-2026 01:19:02,-163.558568153009,-56.1254784196735,0,25,25,25,15,-56.1254784196735
01-Aug-2026 01:19:04,-163.848205795699,-56.4151160623639,0,25,25,25,13,-56.4151160623639
01-Aug-2026 01:19:06,-163.89417268708,-56.4610829537453,0,25,25,25,14,-56.4610829537453
01-Aug-2026 01:19:08,-163.940975386769,-56.5078856534338,0,25,25,25,14,-56.5078856534338
01-Aug-2026 01:19:10,-160.843805956257,-53.4107162229221,0,25,25,25,14,-53.4107162229221
01-Aug-2026 01:19:12,-160.617258237742,-53.1841685044066,0,25,25,25,16,-53.1841685044066
01-Aug-2026 01:19:14,-160.596172836526,-53.1630831031912,0,25,25,25,15,-53.1630831031912
01-Aug-2026 01:19:16,-160.590324673631,-53.1572349402961,0,25,25,25,15,-53.1572349402961
01-Aug-2026 01:19:18,-160.586333204142,-53.1532434708073,0,25,25,25,14,-53.1532434708073
01-Aug-2026 01:19:20,-144.102852256857,-36.6697625235217,0,25,25,25,15,-36.6697625235217
01-Aug-2026 01:19:22,-145.47523594502,-38.0421462116843,0,25,25,25,15,-38.0421462116843
01-Aug-2026 01:19:24,-145.079742121756,-37.6466523884206,0,25,25,25,16,-37.6466523884206
01-Aug-2026 01:19:26,-145.611388846469,-38.1782991131342,0,26,26,26,17,-38.1782991131342
01-Aug-2026 01:19:28,-146.633769075983,-39.2006793426473,0,26,26,26,17,-39.2006793426473
01-Aug-2026 01:19:30,-161.404027793732,-53.9709380603968,0,26,26,26,16,-53.9709380603968
01-Aug-2026 01:19:32,-160.573326318744,-53.1402365854088,0,26,26,26,16,-53.1402365854088
01-Aug-2026 01:19:34,-160.775015999339,-53.3419262660042,0,26,26,26,16,-53.3419262660042
01-Aug-2026 01:19:36,-162.694317535719,-55.2612278023836,0,26,26,26,15,-55.2612278023836
01-Aug-2026 01:19:38,-162.723043238468,-55.2899535051326,0,26,26,26,16,-55.2899535051326
01-Aug-2026 01:19:40,-164.532391060016,-57.0993013266807,0,27,27,27,16,-57.0993013266807
01-Aug-2026 01:19:42,-165.179547894055,-57.7464581607195,0,27,27,27,14,-57.7464581607195
01-Aug-2026 01:19:44,-165.138284857656,-57.7051951243212,0,26,26,26,14,-57.7051951243212
01-Aug-2026 01:19:46,-165.367939530576,-57.9348497972408,0,26,26,26,14,-57.9348497972408
01-Aug-2026 01:19:48,-163.974536310867,-56.5414465775315,0,26,26,26,14,-56.5414465775315
01-Aug-2026 01:19:50,-163.996934043476,-56.5638443101408,0,25,25,25,12,-56.5638443101408
01-Aug-2026 01:19:52,-145.450308296258,-38.0172185629225,0,25,25,25,14,-38.0172185629225
01-Aug-2026 01:19:54,-145.136888713285,-37.7037989799498,0,25,25,25,13,-37.7037989799498
01-Aug-2026 01:19:56,-143.91811436863,-36.4850246352951,0,24,24,24,13,-36.4850246352951
01-Aug-2026 01:19:58,-144.195509339394,-36.762419606059,0,24,24,24,13,-36.762419606059
01-Aug-2026 01:20:00,-144.526150504486,-37.0930607711512,0,25,25,25,13,-37.0930607711512
01-Aug-2026 01:20:02,-144.656928583897,-37.2238388505619,0,25,25,25,15,-37.2238388505619
01-Aug-2026 01:20:04,-132.293683421316,-24.8605936879804,0,25,25,25,15,-24.8605936879804
01-Aug-2026 01:20:06,-131.945727598282,-24.5126378649465,0,26,26,26,16,-24.5126378649465
01-Aug-2026 01:20:08,-131.961096967901,-24.5280072345657,0,27,27,27,16,-24.5280072345657
01-Aug-2026 01:20:10,-132.025864337896,-24.5927746045607,0,27,27,27,18,-24.5927746045607
01-Aug-2026 01:20:12,-132.720051832334,-25.2869620989989,0,26,26,26,16,-25.2869620989989
01-Aug-2026 01:20:14,-132.549325909389,-25.1162361760542,0,26,26,26,17,-25.1162361760542
01-Aug-2026 01:20:16,-133.132017722322,-25.698927988987,0,26,26,26,17,-25.698927988987
01-Aug-2026 01:20:18,-133.311804506556,-25.878714773221,0,26,26,26,16,-25.878714773221
01-Aug-2026 01:20:20,-133.777192336771,-26.344102603436,0,25,25,25,16,-26.344102603436
01-Aug-2026 01:20:22,-133.845220039042,-26.4121303057067,0,25,25,25,16,-26.4121303057067
01-Aug-2026 01:20:24,-134.538009823188,-27.1049200898532,0,25,25,25,15,-27.1049200898532
01-Aug-2026 01:20:26,-135.23536072249,-27.8022709891552,0,25,25,25,15,-27.8022709891552
01-Aug-2026 01:20:28,-135.642238984751,-28.2091492514156,0,25,25,25,15,-28.2091492514156
01-Aug-2026 01:20:30,-135.881398273468,-28.4483085401324,0,25,25,25,15,-28.4483085401324
01-Aug-2026 01:20:32,-135.953967848606,-28.5208781152711,0,25,25,25,17,-28.5208781152711
01-Aug-2026 01:20:34,-136.423090381254,-28.9900006479188,0,25,25,25,16,-28.9900006479188
01-Aug-2026 01:20:36,-137.03195515833,-29.5988654249952,0,25,25,25,16,-29.5988654249952
01-Aug-2026 01:20:38,-136.9757657458,-29.5426760124652,0,25,25,25,16,-29.5426760124652
01-Aug-2026 01:20:40,-148.050923281331,-40.6178335479957,0,25,25,25,15,-40.6178335479957
01-Aug-2026 01:20:42,-148.068203962349,-40.6351142290141,0,25,25,25,15,-40.6351142290141
01-Aug-2026 01:20:44,-142.936026212865,-35.5029364795299,0,25,25,25,15,-35.5029364795299
01-Aug-2026 01:20:46,-142.507461460072,-35.0743717267365,0,25,25,25,16,-35.0743717267365
01-Aug-2026 01:20:48,-142.260547344243,-34.8274576109081,0,25,25,25,16,-34.8274576109081
01-Aug-2026 01:20:50,-142.100281858133,-34.6671921247983,0,25,25,25,16,-34.6671921247983
01-Aug-2026 01:20:52,-135.514690123354,-28.081600390019,0,25,25,25,19,-28.081600390019
01-Aug-2026 01:20:54,-135.564663360675,-28.1315736273395,0,25,25,25,18,-28.1315736273395
01-Aug-2026 01:20:56,-142.139085255408,-34.7059955220723,0,26,26,26,17,-34.7059955220723
01-Aug-2026 01:20:58,-141.687760147815,-34.2546704144795,0,26,26,26,15,-34.2546704144795
01-Aug-2026 01:21:00,-141.776484549436,-34.3433948161012,0,25,25,25,14,-34.3433948161012
01-Aug-2026 01:21:02,-141.483355861583,-34.0502661282482,0,25,25,25,13,-34.0502661282482
01-Aug-2026 01:21:04,-141.433377676797,-34.0002879434618,0,25,25,25,13,-34.0002879434618
01-Aug-2026 01:21:06,-141.233114407424,-33.800024674089,0,25,25,25,13,-33.800024674089
01-Aug-2026 01:21:08,-140.95090494177,-33.5178152084351,0,25,25,25,13,-33.5178152084351
01-Aug-2026 01:21:10,-140.581097077857,-33.1480073445219,0,25,25,25,12,-33.1480073445219
01-Aug-2026 01:21:12,-140.714752157948,-33.2816624246128,0,25,25,25,12,-33.2816624246128
01-Aug-2026 01:21:14,-140.400536468738,-32.9674467354031,0,24,24,24,10,-32.9674467354031
01-Aug-2026 01:21:16,-140.665333136588,-33.2322434032532,0,24,24,24,10,-33.2322434032532
01-Aug-2026 01:21:18,-139.561679644906,-32.1285899115703,0,24,24,24,11,-32.1285899115703
01-Aug-2026 01:21:20,-138.737317163558,-31.3042274302224,0,24,24,24,11,-31.3042274302224
01-Aug-2026 01:21:22,-147.860737484486,-40.4276477511506,0,24,24,24,12,-40.4276477511506
01-Aug-2026 01:21:24,-147.89063299107,-40.4575432577349,0,24,24,24,12,-40.4575432577349
01-Aug-2026 01:21:26,-146.943135754034,-39.5100460206991,0,24,24,24,12,-39.5100460206991
01-Aug-2026 01:21:28,-146.572320775113,-39.1392310417783,0,25,25,25,13,-39.1392310417783
01-Aug-2026 01:21:30,-146.554511493195,-39.1214217598599,0,25,25,25,14,-39.1214217598599
01-Aug-2026 01:21:32,-146.38960599694,-38.9565162636051,0,25,25,25,13,-38.9565162636051
01-Aug-2026 01:21:34,-145.940070150058,-38.506980416723,0,25,25,25,10,-38.506980416723
01-Aug-2026 01:21:36,-146.107233280154,-38.6741435468184,0,25,25,25,13,-38.6741435468184
01-Aug-2026 01:21:38,-145.816169196374,-38.3830794630391,0,25,25,25,13,-38.3830794630391
01-Aug-2026 01:21:40,-145.898851387145,-38.4657616538098,0,25,25,25,13,-38.4657616538098
01-Aug-2026 01:21:42,-145.740166493054,-38.3070767597185,0,25,25,25,11,-38.3070767597185
01-Aug-2026 01:21:44,-144.940689055978,-37.5075993226428,0,25,25,25,10,-37.5075993226428
01-Aug-2026 01:21:46,-133.11142963317,-25.678339899835,0,25,25,25,12,-25.678339899835
01-Aug-2026 01:21:48,-133.030394997555,-25.5973052642194,0,25,25,25,11,-25.5973052642194
01-Aug-2026 01:21:50,-132.95700626786,-25.5239165345249,0,25,25,25,11,-25.5239165345249
01-Aug-2026 01:21:52,-132.906271356636,-25.4731816233008,0,24,24,24,11,-25.4731816233008
01-Aug-2026 01:21:54,-132.275705858398,-24.8426161250625,0,25,25,25,12,-24.8426161250625
01-Aug-2026 01:21:56,-132.621963166352,-25.1888734330169,0,25,25,25,13,-25.1888734330169
01-Aug-2026 01:21:58,-132.823825734335,-25.3907360010003,0,25,25,25,12,-25.3907360010003
01-Aug-2026 01:22:00,-133.360375338766,-25.9272856054307,0,25,25,25,10,-25.9272856054307
01-Aug-2026 01:22:02,-133.529396421472,-26.0963066881373,0,24,24,24,9,-26.0963066881373
01-Aug-2026 01:22:04,-135.091652165626,-27.6585624322911,0,24,24,24,10,-27.6585624322911
01-Aug-2026 01:22:06,-135.93628597838,-28.5031962450448,0,24,24,24,10,-28.5031962450448
01-Aug-2026 01:22:08,-136.962080963193,-29.5289912298576,0,24,24,24,12,-29.5289912298576
01-Aug-2026 01:22:10,-137.660779430825,-30.2276896974899,0,25,25,25,12,-30.2276896974899
01-Aug-2026 01:22:12,-137.509605392201,-30.0765156588654,0,25,25,25,11,-30.0765156588654
01-Aug-2026 01:22:14,-138.630542102986,-31.1974523696511,0,25,25,25,11,-31.1974523696511
01-Aug-2026 01:22:16,-140.011929685068,-32.5788399517326,0,25,25,25,11,-32.5788399517326
01-Aug-2026 01:22:18,-140.025656490096,-32.5925667567606,0,25,25,25,12,-32.5925667567606
01-Aug-2026 01:22:20,-140.554615910773,-33.1215261774377,0,25,25,25,10,-33.1215261774377
01-Aug-2026 01:22:22,-141.259444444199,-33.8263547108641,0,25,25,25,10,-33.8263547108641
01-Aug-2026 01:22:24,-141.287772224463,-33.8546824911281,0,25,25,25,11,-33.8546824911281
01-Aug-2026 01:22:26,-142.950637959168,-35.5175482258328,0,25,25,25,11,-35.5175482258328
01-Aug-2026 01:22:28,-142.820291090559,-35.3872013572234,0,24,24,24,11,-35.3872013572234
01-Aug-2026 01:22:30,-143.250162929081,-35.817073195746,0,24,24,24,12,-35.817073195746
01-Aug-2026 01:22:32,-144.23243351523,-36.7993437818947,0,24,24,24,11,-36.7993437818947
01-Aug-2026 01:22:34,-136.186702901823,-28.7536131684878,0,24,24,24,11,-28.7536131684878
01-Aug-2026 01:22:36,-142.31281358083,-34.8797238474946,0,24,24,24,10,-34.8797238474946
01-Aug-2026 01:22:38,-142.603338665868,-35.1702489325331,0,24,24,24,11,-35.1702489325331
01-Aug-2026 01:22:40,-145.210097793781,-37.7770080604463,0,24,24,24,12,-37.7770080604463
01-Aug-2026 01:22:42,-145.244777650865,-37.81168791753,0,24,24,24,13,-37.81168791753
01-Aug-2026 01:22:44,-145.474462455178,-38.0413727218424,0,24,24,24,12,-38.0413727218424
01-Aug-2026 01:22:46,-144.39444372315,-36.9613539898149,0,25,25,25,12,-36.9613539898149
01-Aug-2026 01:22:48,-144.322079424041,-36.8889896907054,0,25,25,25,11,-36.8889896907054
01-Aug-2026 01:22:50,-142.485893449435,-35.0528037161002,0,25,25,25,9,-35.0528037161002
01-Aug-2026 01:22:52,-142.099335510105,-34.6662457767702,0,25,25,25,10,-34.6662457767702
01-Aug-2026 01:22:54,-141.932795868307,-34.4997061349717,0,25,25,25,9,-34.4997061349717
01-Aug-2026 01:22:56,-146.42483117656,-38.9917414432248,0,25,25,25,9,-38.9917414432248
01-Aug-2026 01:22:58,-146.175063580227,-38.7419738468916,0,25,25,25,7,-38.7419738468916
01-Aug-2026 01:23:00,-161.520324874974,-54.0872351416387,0,25,25,25,6,-54.0872351416387
01-Aug-2026 01:23:02,-161.340114193258,-53.907024459923,0,25,25,25,7,-53.907024459923
01-Aug-2026 01:23:04,-160.116135821458,-52.6830460881228,0,25,25,25,10,-52.6830460881228
01-Aug-2026 01:23:06,-159.82393627116,-52.3908465378251,0,25,25,25,8,-52.3908465378251
01-Aug-2026 01:23:08,-159.466530251384,-52.0334405180486,0,25,25,25,9,-52.0334405180486
01-Aug-2026 01:23:10,-163.008625132875,-55.5755353995402,0,25,25,25,8,-55.5755353995402
01-Aug-2026 01:23:12,-162.61072378148,-55.1776340481452,0,25,25,25,9,-55.1776340481452
01-Aug-2026 01:23:14,-152.184142543167,-44.751052809832,0,25,25,25,11,-44.751052809832
01-Aug-2026 01:23:16,-144.242253431937,-36.809163698602,0,25,25,25,12,-36.809163698602
01-Aug-2026 01:23:18,-143.441430819502,-36.0083410861664,0,26,26,26,11,-36.0083410861664
01-Aug-2026 01:23:20,-143.86152270583,-36.428432972495,0,26,26,26,11,-36.428432972495
01-Aug-2026 01:23:22,-143.47130822014,-36.0382184868045,0,26,26,26,11,-36.0382184868045
01-Aug-2026 01:23:24,-138.375442284824,-30.9423525514886,0,26,26,26,15,-30.9423525514886
01-Aug-2026 01:23:26,-138.824309237963,-31.3912195046281,0,26,26,26,14,-31.3912195046281
01-Aug-2026 01:23:28,-139.176592385168,-31.7435026518328,0,26,26,26,14,-31.7435026518328
01-Aug-2026 01:23:30,-139.1053522966,-31.6722625632645,0,26,26,26,14,-31.6722625632645
01-Aug-2026 01:23:32,-137.642729562018,-30.2096398286832,0,27,27,27,12,-30.2096398286832
01-Aug-2026 01:23:34,-136.286038772904,-28.8529490395689,0,27,27,27,13,-28.8529490395689
01-Aug-2026 01:23:36,-135.890222611973,-28.4571328786379,0,27,27,27,13,-28.4571328786379
01-Aug-2026 01:23:38,-135.469946872844,-28.0368571395083,0,25,25,25,8,-28.0368571395083
01-Aug-2026 01:23:40,-135.743449039775,-28.3103593064396,0,25,25,25,7,-28.3103593064396
01-Aug-2026 01:23:42,-135.867028408786,-28.433938675451,0,25,25,25,7,-28.433938675451
01-Aug-2026 01:23:44,-134.771375839698,-27.3382861063626,0,24,24,24,8,-27.3382861063626
01-Aug-2026 01:23:46,-128.515905583945,-21.0828158506098,0,24,24,24,9,-21.0828158506098
01-Aug-2026 01:23:48,-128.818544774954,-21.3854550416188,0,24,24,24,9,-21.3854550416188
01-Aug-2026 01:23:50,-129.020122103311,-21.5870323699755,0,24,24,24,10,-21.5870323699755
01-Aug-2026 01:23:52,-129.174636230438,-21.7415464971028,0,24,24,24,11,-21.7415464971028
01-Aug-2026 01:23:54,-129.518598193488,-22.0855084601527,0,25,25,25,12,-22.0855084601527
01-Aug-2026 01:23:56,-129.656912566381,-22.2238228330462,0,26,26,26,14,-22.2238228330462
01-Aug-2026 01:23:58,-130.561955182562,-23.1288654492267,0,26,26,26,14,-23.1288654492267
01-Aug-2026 01:24:00,-136.338812585845,-28.9057228525096,0,26,26,26,15,-28.9057228525096
01-Aug-2026 01:24:02,-136.542428992652,-29.1093392593169,0,26,26,26,16,-29.1093392593169
01-Aug-2026 01:24:04,-137.381314882622,-29.9482251492867,0,25,25,25,13,-29.9482251492867
01-Aug-2026 01:24:06,-146.910455317872,-39.4773655845368,0,25,25,25,12,-39.4773655845368
01-Aug-2026 01:24:08,-146.649397249076,-39.2163075157408,0,24,24,24,12,-39.2163075157408
01-Aug-2026 01:24:10,-146.63208543504,-39.1989957017051,0,25,25,25,12,-39.1989957017051
01-Aug-2026 01:24:12,-146.887530920414,-39.4544411870787,0,25,25,25,13,-39.4544411870787
01-Aug-2026 01:24:14,-146.471903766585,-39.0388140332495,0,25,25,25,11,-39.0388140332495
01-Aug-2026 01:24:16,-147.088836330323,-39.6557465969874,0,25,25,25,11,-39.6557465969874
01-Aug-2026 01:24:18,-152.826256777293,-45.3931670439575,0,25,25,25,10,-45.3931670439575
01-Aug-2026 01:24:20,-152.627519372348,-45.1944296390133,0,25,25,25,10,-45.1944296390133
01-Aug-2026 01:24:22,-152.963098392936,-45.5300086596007,0,25,25,25,11,-45.5300086596007
01-Aug-2026 01:24:24,-150.71874369194,-43.2856539586048,0,25,25,25,12,-43.2856539586048
01-Aug-2026 01:24:26,-149.556538376947,-42.1234486436115,0,25,25,25,13,-42.1234486436115
01-Aug-2026 01:24:28,-149.697237168076,-42.2641474347403,0,25,25,25,12,-42.2641474347403
01-Aug-2026 01:24:30,-149.741329860057,-42.308240126722,0,25,25,25,12,-42.308240126722
01-Aug-2026 01:24:32,-149.86312901722,-42.4300392838847,0,25,25,25,13,-42.4300392838847
01-Aug-2026 01:24:34,-150.427358960297,-42.9942692269622,0,25,25,25,12,-42.9942692269622
01-Aug-2026 01:24:36,-150.208937892548,-42.775848159213,0,25,25,25,12,-42.775848159213
01-Aug-2026 01:24:38,-150.527311145282,-43.0942214119469,0,25,25,25,11,-43.0942214119469
01-Aug-2026 01:24:40,-151.057561744872,-43.6244720115366,0,25,25,25,10,-43.6244720115366
01-Aug-2026 01:24:42,-151.849822414522,-44.4167326811873,0,25,25,25,9,-44.4167326811873
01-Aug-2026 01:24:44,-151.93812035412,-44.5050306207851,0,26,26,26,9,-44.5050306207851
01-Aug-2026 01:24:46,-151.90703957969,-44.4739498463551,0,26,26,26,9,-44.4739498463551
01-Aug-2026 01:24:48,-151.579767610838,-44.1466778775024,0,25,25,25,8,-44.1466778775024
01-Aug-2026 01:24:50,-151.604666817857,-44.1715770845216,0,25,25,25,8,-44.1715770845216
01-Aug-2026 01:24:52,-150.764322183347,-43.3312324500119,0,25,25,25,7,-43.3312324500119
01-Aug-2026 01:24:54,-150.511540098908,-43.0784503655731,0,25,25,25,9,-43.0784503655731
01-Aug-2026 01:24:56,-151.093558126058,-43.6604683927226,0,25,25,25,10,-43.6604683927226
01-Aug-2026 01:24:58,-150.293877757462,-42.8607880241265,0,25,25,25,9,-42.8607880241265
01-Aug-2026 01:25:00,-149.259855958391,-41.8267662250562,0,25,25,25,8,-41.8267662250562
01-Aug-2026 01:25:02,-148.980987606045,-41.5478978727102,0,25,25,25,8,-41.5478978727102
01-Aug-2026 01:25:04,-148.595421805791,-41.1623320724557,0,25,25,25,7,-41.1623320724557
01-Aug-2026 01:25:06,-148.498332707813,-41.0652429744778,0,25,25,25,9,-41.0652429744778
01-Aug-2026 01:25:08,-147.665062361523,-40.2319726281878,0,24,24,24,11,-40.2319726281878
01-Aug-2026 01:25:10,-147.758553336606,-40.325463603271,0,24,24,24,11,-40.325463603271
01-Aug-2026 01:25:12,-147.224935188396,-39.791845455061,0,24,24,24,11,-39.791845455061
01-Aug-2026 01:25:14,-146.408117704819,-38.9750279714836,0,24,24,24,11,-38.9750279714836
01-Aug-2026 01:25:16,-146.666025944251,-39.2329362109153,0,25,25,25,12,-39.2329362109153
01-Aug-2026 01:25:18,-151.381517851998,-43.9484281186631,0,25,25,25,11,-43.9484281186631
01-Aug-2026 01:25:20,-150.981942894304,-43.5488531609692,0,25,25,25,12,-43.5488531609692
01-Aug-2026 01:25:22,-150.891852358992,-43.4587626256573,0,25,25,25,14,-43.4587626256573
01-Aug-2026 01:25:24,-150.277076727744,-42.843986994409,0,24,24,24,14,-42.843986994409
01-Aug-2026 01:25:26,-150.272206339676,-42.8391166063412,0,24,24,24,14,-42.8391166063412
01-Aug-2026 01:25:28,-148.511153273832,-41.0780635404973,0,24,24,24,14,-41.0780635404973
01-Aug-2026 01:25:30,-146.156779763781,-38.7236900304454,0,24,24,24,13,-38.7236900304454
01-Aug-2026 01:25:32,-143.765305334781,-36.3322156014459,0,24,24,24,15,-36.3322156014459
01-Aug-2026 01:25:34,-140.624529260123,-33.1914395267877,0,24,24,24,15,-33.1914395267877
01-Aug-2026 01:25:36,-137.43376367649,-30.0006739431552,0,24,24,24,16,-30.0006739431552
01-Aug-2026 01:25:38,-133.246296504878,-25.8132067715432,0,24,24,24,16,-25.8132067715432
01-Aug-2026 01:25:40,-128.514446683983,-21.0813569506479,0,24,24,24,16,-21.0813569506479
01-Aug-2026 01:25:42,-146.574257986078,-39.1411682527429,0,24,24,24,16,-39.1411682527429
01-Aug-2026 01:25:44,-146.420605680645,-38.9875159473101,0,25,25,25,16,-38.9875159473101
01-Aug-2026 01:25:46,-147.270769055442,-39.8376793221065,0,25,25,25,15,-39.8376793221065
01-Aug-2026 01:25:48,-146.775884754052,-39.3427950207166,0,25,25,25,15,-39.3427950207166
01-Aug-2026 01:25:50,-146.539787060144,-39.1066973268083,0,25,25,25,13,-39.1066973268083
01-Aug-2026 01:25:52,-123.804229196507,-16.371139463172,0,25,25,25,15,-16.371139463172
01-Aug-2026 01:25:54,-124.829803552113,-17.3967138187779,0,25,25,25,16,-17.3967138187779
01-Aug-2026 01:25:56,-122.274680191752,-14.8415904584167,0,24,24,24,14,-14.8415904584167
01-Aug-2026 01:25:58,-125.234023692826,-17.8009339594903,0,24,24,24,12,-17.8009339594903
01-Aug-2026 01:26:00,-125.435880034442,-18.0027903011065,0,24,24,24,14,-18.0027903011065
01-Aug-2026 01:26:02,-126.147229824096,-18.7141400907609,0,25,25,25,15,-18.7141400907609
01-Aug-2026 01:26:04,-126.40086782639,-18.9677780930544,0,25,25,25,14,-18.9677780930544
01-Aug-2026 01:26:06,-129.439215486056,-22.0061257527212,0,25,25,25,12,-22.0061257527212
01-Aug-2026 01:26:08,-129.896723497199,-22.4636337638634,0,25,25,25,13,-22.4636337638634
01-Aug-2026 01:26:10,-130.662053812498,-23.2289640791624,0,25,25,25,13,-23.2289640791624
01-Aug-2026 01:26:12,-145.812127200995,-38.3790374676594,0,25,25,25,11,-38.3790374676594
01-Aug-2026 01:26:14,-145.489199136318,-38.0561094029823,0,25,25,25,13,-38.0561094029823
01-Aug-2026 01:26:16,-145.868306129782,-38.4352163964467,0,25,25,25,12,-38.4352163964467
01-Aug-2026 01:26:18,-145.652209092865,-38.21911935953,0,25,25,25,11,-38.21911935953
01-Aug-2026 01:26:20,-146.203962116976,-38.7708723836412,0,24,24,24,11,-38.7708723836412
01-Aug-2026 01:26:22,-145.61746138545,-38.1843716521148,0,24,24,24,9,-38.1843716521148
01-Aug-2026 01:26:24,-145.770459669157,-38.3373699358222,0,24,24,24,9,-38.3373699358222
01-Aug-2026 01:26:26,-141.730451373579,-34.2973616402437,0,24,24,24,11,-34.2973616402437
01-Aug-2026 01:26:28,-139.361991284585,-31.9289015512503,0,24,24,24,10,-31.9289015512503
01-Aug-2026 01:26:30,-135.413411254008,-27.9803215206727,0,24,24,24,9,-27.9803215206727
01-Aug-2026 01:26:32,-130.046890969673,-22.6138012363373,0,25,25,25,9,-22.6138012363373
01-Aug-2026 01:26:34,-146.706771518824,-39.2736817854885,0,25,25,25,9,-39.2736817854885
01-Aug-2026 01:26:36,-146.996233978677,-39.5631442453417,0,25,25,25,9,-39.5631442453417
01-Aug-2026 01:26:38,-146.642865165541,-39.2097754322063,0,25,25,25,10,-39.2097754322063
01-Aug-2026 01:26:40,-146.681327153714,-39.2482374203788,0,25,25,25,10,-39.2482374203788
01-Aug-2026 01:26:42,-154.040679017454,-46.6075892841186,0,25,25,25,12,-46.6075892841186
01-Aug-2026 01:26:44,-153.572051376616,-46.1389616432803,0,25,25,25,12,-46.1389616432803
01-Aug-2026 01:26:46,-132.532829634576,-25.0997399012411,0,25,25,25,13,-25.0997399012411
01-Aug-2026 01:26:48,-136.709513274093,-29.2764235407574,0,25,25,25,14,-29.2764235407574
01-Aug-2026 01:26:50,-139.645101684474,-32.2120119511392,0,25,25,25,14,-32.2120119511392
01-Aug-2026 01:26:52,-141.805750972188,-34.3726612388532,0,25,25,25,10,-34.3726612388532
01-Aug-2026 01:26:54,-141.586101875727,-34.1530121423915,0,25,25,25,10,-34.1530121423915
01-Aug-2026 01:26:56,-128.532614734408,-21.0995250010727,0,25,25,25,11,-21.0995250010727
01-Aug-2026 01:26:58,-127.956992694801,-20.523902961466,0,25,25,25,11,-20.523902961466
01-Aug-2026 01:27:00,-127.142333239133,-19.7092435057983,0,25,25,25,11,-19.7092435057983
01-Aug-2026 01:27:02,-126.75612925602,-19.3230395226843,0,25,25,25,12,-19.3230395226843
01-Aug-2026 01:27:04,-126.557405895374,-19.1243161620388,0,25,25,25,11,-19.1243161620388
01-Aug-2026 01:27:06,-143.429304571661,-35.9962148383258,0,25,25,25,10,-35.9962148383258
01-Aug-2026 01:27:08,-143.971035329905,-36.5379455965696,0,25,25,25,12,-36.5379455965696
01-Aug-2026 01:27:10,-146.208099738137,-38.775010004802,0,26,26,26,13,-38.775010004802
01-Aug-2026 01:27:12,-146.746255427159,-39.3131656938236,0,26,26,26,13,-39.3131656938236
01-Aug-2026 01:27:14,-142.688999127155,-35.2559093938194,0,26,26,26,13,-35.2559093938194
01-Aug-2026 01:27:16,-142.792623424918,-35.3595336915832,0,26,26,26,13,-35.3595336915832
01-Aug-2026 01:27:18,-143.400939018937,-35.9678492856013,0,26,26,26,13,-35.9678492856013
01-Aug-2026 01:27:20,-143.650465845574,-36.2173761122393,0,26,26,26,12,-36.2173761122393
01-Aug-2026 01:27:22,-143.604837229587,-36.1717474962517,0,27,27,27,15,-36.1717474962517
01-Aug-2026 01:27:24,-143.587378936341,-36.1542892030056,0,27,27,27,17,-36.1542892030056
01-Aug-2026 01:27:26,-144.192170359372,-36.7590806260364,0,26,26,26,17,-36.7590806260364
01-Aug-2026 01:27:28,-144.73322164967,-37.3001319163352,0,26,26,26,14,-37.3001319163352
01-Aug-2026 01:27:30,-146.264114309434,-38.8310245760987,0,25,25,25,13,-38.8310245760987
01-Aug-2026 01:27:32,-153.147032153625,-45.7139424202897,0,24,24,24,12,-45.7139424202897
01-Aug-2026 01:27:34,-152.994844826657,-45.5617550933221,0,24,24,24,13,-45.5617550933221
01-Aug-2026 01:27:36,-153.244081945758,-45.8109922124226,0,24,24,24,14,-45.8109922124226
01-Aug-2026 01:27:38,-151.387136649342,-43.9540469160073,0,24,24,24,15,-43.9540469160073
01-Aug-2026 01:27:40,-151.124642061224,-43.6915523278887,0,24,24,24,14,-43.6915523278887
01-Aug-2026 01:27:42,-151.506554359661,-44.0734646263263,0,24,24,24,13,-44.0734646263263
01-Aug-2026 01:27:44,-151.977680014557,-44.5445902812219,0,24,24,24,12,-44.5445902812219
01-Aug-2026 01:27:46,-150.263122849445,-42.8300331161098,0,25,25,25,11,-42.8300331161098
01-Aug-2026 01:27:48,-150.414344552765,-42.9812548194296,0,26,26,26,11,-42.9812548194296
01-Aug-2026 01:27:50,-150.516898254718,-43.0838085213823,0,26,26,26,12,-43.0838085213823
01-Aug-2026 01:27:52,-140.914930427947,-33.4818406946117,0,26,26,26,13,-33.4818406946117
01-Aug-2026 01:27:54,-141.302624420034,-33.8695346866984,0,25,25,25,13,-33.8695346866984
01-Aug-2026 01:27:56,-142.25349493401,-34.8204052006752,0,25,25,25,14,-34.8204052006752
01-Aug-2026 01:27:58,-141.861683777449,-34.428594044114,0,24,24,24,13,-34.428594044114
01-Aug-2026 01:28:00,-141.572411480193,-34.1393217468573,0,24,24,24,12,-34.1393217468573
01-Aug-2026 01:28:02,-141.784987220554,-34.3518974872189,0,24,24,24,12,-34.3518974872189
01-Aug-2026 01:28:04,-142.108013839611,-34.6749241062757,0,24,24,24,10,-34.6749241062757
01-Aug-2026 01:28:06,-142.372029997131,-34.9389402637956,0,24,24,24,10,-34.9389402637956
01-Aug-2026 01:28:08,-141.856266560869,-34.4231768275339,0,24,24,24,10,-34.4231768275339
01-Aug-2026 01:28:10,-141.902951596325,-34.4698618629893,0,24,24,24,12,-34.4698618629893
01-Aug-2026 01:28:12,-142.32521881667,-34.8921290833349,0,24,24,24,12,-34.8921290833349
01-Aug-2026 01:28:14,-141.717093271984,-34.2840035386483,0,25,25,25,13,-34.2840035386483
01-Aug-2026 01:28:16,-143.144762461145,-35.7116727278102,0,25,25,25,11,-35.7116727278102
01-Aug-2026 01:28:18,-144.66579888644,-37.2327091531045,0,25,25,25,10,-37.2327091531045
01-Aug-2026 01:28:20,-144.983092450198,-37.5500027168628,0,25,25,25,9,-37.5500027168628
01-Aug-2026 01:28:22,-145.679776126596,-38.2466863932607,0,25,25,25,11,-38.2466863932607
01-Aug-2026 01:28:24,-156.338104415215,-48.9050146818799,0,25,25,25,9,-48.9050146818799
01-Aug-2026 01:28:26,-150.845031486622,-43.4119417532864,0,25,25,25,9,-43.4119417532864
01-Aug-2026 01:28:28,-144.319254009933,-36.8861642765981,0,25,25,25,10,-36.8861642765981
01-Aug-2026 01:28:30,-143.034301477525,-35.6012117441898,0,25,25,25,9,-35.6012117441898
01-Aug-2026 01:28:32,-141.730326148516,-34.2972364151813,0,26,26,26,9,-34.2972364151813
01-Aug-2026 01:28:34,-141.441764671756,-34.0086749384211,0,25,25,25,11,-34.0086749384211
01-Aug-2026 01:28:36,-141.194364994396,-33.7612752610606,0,25,25,25,11,-33.7612752610606
01-Aug-2026 01:28:38,-141.545454792531,-34.112365059196,0,25,25,25,13,-34.112365059196
01-Aug-2026 01:28:40,-141.525738696904,-34.092648963569,0,25,25,25,14,-34.092648963569
01-Aug-2026 01:28:42,-141.366499715292,-33.9334099819567,0,25,25,25,13,-33.9334099819567
01-Aug-2026 01:28:44,-141.316056912486,-33.8829671791507,0,25,25,25,13,-33.8829671791507
01-Aug-2026 01:28:46,-141.092319926531,-33.6592301931956,0,25,25,25,11,-33.6592301931956
01-Aug-2026 01:28:48,-141.095986836383,-33.6628971030482,0,25,25,25,12,-33.6628971030482
01-Aug-2026 01:28:50,-141.066538945621,-33.6334492122854,0,25,25,25,12,-33.6334492122854
01-Aug-2026 01:28:52,-140.446125624509,-33.0130358911736,0,25,25,25,11,-33.0130358911736
01-Aug-2026 01:28:54,-152.175230753053,-44.7421410197174,0,24,24,24,9,-44.7421410197174
01-Aug-2026 01:28:56,-152.282407202924,-44.849317469589,0,24,24,24,7,-44.849317469589
01-Aug-2026 01:28:58,-152.308551721794,-44.8754619884592,0,24,24,24,6,-44.8754619884592
01-Aug-2026 01:29:00,-151.808548259266,-44.3754585259304,0,24,24,24,6,-44.3754585259304
01-Aug-2026 01:29:02,-151.105892112338,-43.6728023790026,0,23,23,23,7,-43.6728023790026
01-Aug-2026 01:29:04,-150.755194029502,-43.3221042961671,0,24,24,24,7,-43.3221042961671
01-Aug-2026 01:29:06,-151.110344111924,-43.6772543785889,0,24,24,24,7,-43.6772543785889
01-Aug-2026 01:29:08,-148.165148801855,-40.7320590685196,0,24,24,24,9,-40.7320590685196
01-Aug-2026 01:29:10,-148.379872125567,-40.9467823922319,0,24,24,24,9,-40.9467823922319
01-Aug-2026 01:29:12,-149.886348260808,-42.453258527473,0,24,24,24,7,-42.453258527473
01-Aug-2026 01:29:14,-150.20418368711,-42.7710939537751,0,24,24,24,7,-42.7710939537751
01-Aug-2026 01:29:16,-150.125752896901,-42.6926631635654,0,24,24,24,7,-42.6926631635654
01-Aug-2026 01:29:18,-149.510893854606,-42.0778041212708,0,24,24,24,11,-42.0778041212708
01-Aug-2026 01:29:20,-157.803526248894,-50.3704365155585,0,24,24,24,12,-50.3704365155585
01-Aug-2026 01:29:22,-157.412575245297,-49.9794855119617,0,24,24,24,13,-49.9794855119617
01-Aug-2026 01:29:24,-157.110345129952,-49.6772553966169,0,24,24,24,13,-49.6772553966169
01-Aug-2026 01:29:26,-155.862092852778,-48.4290031194423,0,24,24,24,14,-48.4290031194423
01-Aug-2026 01:29:28,-155.329870739534,-47.8967810061992,0,24,24,24,14,-47.8967810061992
01-Aug-2026 01:29:30,-155.332648190259,-47.8995584569238,0,24,24,24,13,-47.8995584569238
01-Aug-2026 01:29:32,-155.334989660465,-47.9018999271298,0,24,24,24,13,-47.9018999271298
01-Aug-2026 01:29:34,-163.164553069414,-55.731463336079,0,24,24,24,12,-55.731463336079
01-Aug-2026 01:29:36,-159.377619086471,-51.9445293531357,0,25,25,25,11,-51.9445293531357
01-Aug-2026 01:29:38,-159.859086220753,-52.4259964874176,0,26,26,26,11,-52.4259964874176
01-Aug-2026 01:29:40,-158.986338390694,-51.5532486573587,0,26,26,26,11,-51.5532486573587
01-Aug-2026 01:29:42,-154.678562737708,-47.2454730043729,0,26,26,26,12,-47.2454730043729
01-Aug-2026 01:29:44,-154.297684577206,-46.8645948438706,0,26,26,26,10,-46.8645948438706
01-Aug-2026 01:29:46,-153.785660171818,-46.3525704384826,0,25,25,25,11,-46.3525704384826
01-Aug-2026 01:29:48,-153.968677109301,-46.5355873759656,0,25,25,25,12,-46.5355873759656
01-Aug-2026 01:29:50,-151.510583717405,-44.07749398407,0,25,25,25,13,-44.07749398407
01-Aug-2026 01:29:52,-152.202008606771,-44.768918873436,0,25,25,25,12,-44.768918873436
01-Aug-2026 01:29:54,-151.807800279,-44.3747105456645,0,26,26,26,12,-44.3747105456645
01-Aug-2026 01:29:56,-154.561919911737,-47.1288301784022,0,26,26,26,11,-47.1288301784022
01-Aug-2026 01:29:58,-142.713764800705,-35.2806750673702,0,26,26,26,11,-35.2806750673702
01-Aug-2026 01:30:00,-143.342293311378,-35.9092035780425,0,26,26,26,11,-35.9092035780425
01-Aug-2026 01:30:02,-142.312848945485,-34.8797592121502,0,26,26,26,13,-34.8797592121502
01-Aug-2026 01:30:04,-145.979270272814,-38.5461805394786,0,26,26,26,13,-38.5461805394786
01-Aug-2026 01:30:06,-155.032877211005,-47.5997874776694,0,26,26,26,13,-47.5997874776694
01-Aug-2026 01:30:08,-154.973715472068,-47.5406257387324,0,26,26,26,12,-47.5406257387324
01-Aug-2026 01:30:10,-154.895115758666,-47.462026025331,0,25,25,25,10,-47.462026025331
01-Aug-2026 01:30:12,-154.865352118003,-47.4322623846681,0,25,25,25,11,-47.4322623846681
01-Aug-2026 01:30:14,-148.174803776619,-40.7417140432839,0,25,25,25,12,-40.7417140432839
01-Aug-2026 01:30:16,-139.58162268622,-32.1485329528844,0,25,25,25,13,-32.1485329528844
01-Aug-2026 01:30:18,-140.135114473809,-32.7020247404742,0,26,26,26,12,-32.7020247404742
01-Aug-2026 01:30:20,-140.114171600622,-32.6810818672864,0,26,26,26,13,-32.6810818672864
01-Aug-2026 01:30:22,-140.031707872756,-32.5986181394206,0,26,26,26,14,-32.5986181394206
01-Aug-2026 01:30:24,-138.946332587857,-31.5132428545219,0,26,26,26,13,-31.5132428545219
01-Aug-2026 01:30:26,-140.152818178665,-32.7197284453298,0,26,26,26,14,-32.7197284453298
01-Aug-2026 01:30:28,-142.788711228393,-35.3556214950574,0,26,26,26,15,-35.3556214950574
01-Aug-2026 01:30:30,-143.056189199305,-35.62309946597,0,26,26,26,15,-35.62309946597
01-Aug-2026 01:30:32,-144.145338808033,-36.7122490746983,0,26,26,26,14,-36.7122490746983
01-Aug-2026 01:30:34,-163.887967792922,-56.4548780595865,0,26,26,26,15,-56.4548780595865
01-Aug-2026 01:30:36,-164.608767701805,-57.1756779684702,0,26,26,26,16,-57.1756779684702
01-Aug-2026 01:30:38,-164.397365273509,-56.9642755401733,0,26,26,26,16,-56.9642755401733
01-Aug-2026 01:30:40,-164.983360037133,-57.5502703037981,0,26,26,26,17,-57.5502703037981
01-Aug-2026 01:30:42,-164.845457423034,-57.4123676896988,0,26,26,26,17,-57.4123676896988
01-Aug-2026 01:30:44,-164.860161183878,-57.4270714505425,0,26,26,26,17,-57.4270714505425
01-Aug-2026 01:30:46,-167.219529698142,-59.7864399648069,0,26,26,26,15,-59.7864399648069
01-Aug-2026 01:30:48,-139.92952550584,-32.4964357725053,0,26,26,26,15,-32.4964357725053
01-Aug-2026 01:30:50,-140.259561909675,-32.82647217634,0,26,26,26,14,-32.82647217634
01-Aug-2026 01:30:52,-140.929076259301,-33.4959865259663,0,26,26,26,14,-33.4959865259663
01-Aug-2026 01:30:54,-141.124088499464,-33.690998766129,0,26,26,26,13,-33.690998766129
01-Aug-2026 01:30:56,-168.226157532297,-60.7930677989615,0,26,26,26,10,-60.7930677989615
01-Aug-2026 01:30:58,-145.903655473122,-38.4705657397868,0,26,26,26,13,-38.4705657397868
01-Aug-2026 01:31:00,-148.327655230465,-40.89456549713,0,26,26,26,10,-40.89456549713
01-Aug-2026 01:31:02,-148.632788484109,-41.1996987507743,0,27,27,27,14,-41.1996987507743
01-Aug-2026 01:31:04,-148.917213668808,-41.4841239354727,0,27,27,27,14,-41.4841239354727
01-Aug-2026 01:31:06,-149.238511116003,-41.8054213826676,0,27,27,27,15,-41.8054213826676
01-Aug-2026 01:31:08,-146.319722000893,-38.8866322675575,0,27,27,27,15,-38.8866322675575
01-Aug-2026 01:31:10,-149.835179435513,-42.4020897021773,0,27,27,27,14,-42.4020897021773
01-Aug-2026 01:31:12,-148.628731449979,-41.195641716644,0,28,28,28,15,-41.195641716644
01-Aug-2026 01:31:14,-148.219628460548,-40.7865387272128,0,27,27,27,15,-40.7865387272128
01-Aug-2026 01:31:16,-148.750445997589,-41.3173562642536,0,26,26,26,15,-41.3173562642536
01-Aug-2026 01:31:18,-149.261522910779,-41.8284331774439,0,26,26,26,16,-41.8284331774439
01-Aug-2026 01:31:20,-146.862503558755,-39.4294138254196,0,26,26,26,16,-39.4294138254196
01-Aug-2026 01:31:22,-146.900165733211,-39.4670759998754,0,26,26,26,16,-39.4670759998754
01-Aug-2026 01:31:24,-147.560887420038,-40.1277976867024,0,25,25,25,15,-40.1277976867024
01-Aug-2026 01:31:26,-147.461718525966,-40.0286287926311,0,25,25,25,14,-40.0286287926311
01-Aug-2026 01:31:28,-154.609237044196,-47.1761473108608,0,25,25,25,13,-47.1761473108608
01-Aug-2026 01:31:30,-154.682369188482,-47.2492794551464,0,25,25,25,13,-47.2492794551464
01-Aug-2026 01:31:32,-159.582951271672,-52.1498615383367,0,25,25,25,11,-52.1498615383367
01-Aug-2026 01:31:34,-163.926953204252,-56.493863470917,0,25,25,25,10,-56.493863470917
01-Aug-2026 01:31:36,-163.873048674573,-56.4399589412377,0,24,24,24,10,-56.4399589412377
01-Aug-2026 01:31:38,-163.297739569888,-55.8646498365524,0,26,26,26,11,-55.8646498365524
01-Aug-2026 01:31:40,-163.802889750007,-56.3698000166723,0,26,26,26,11,-56.3698000166723
01-Aug-2026 01:31:42,-167.299122512007,-59.8660327786714,0,26,26,26,10,-59.8660327786714
01-Aug-2026 01:31:44,-148.264650985025,-40.8315612516897,0,26,26,26,11,-40.8315612516897
01-Aug-2026 01:31:46,-147.635928194645,-40.2028384613095,0,24,24,24,11,-40.2028384613095
01-Aug-2026 01:31:48,-147.736579683466,-40.3034899501304,0,24,24,24,10,-40.3034899501304
01-Aug-2026 01:31:50,-146.911144017211,-39.4780542838758,0,24,24,24,10,-39.4780542838758
01-Aug-2026 01:31:52,-145.689249278611,-38.2561595452758,0,24,24,24,11,-38.2561595452758
01-Aug-2026 01:31:54,-145.928896319893,-38.4958065865575,0,24,24,24,12,-38.4958065865575
01-Aug-2026 01:31:56,-145.745233088465,-38.3121433551295,0,24,24,24,12,-38.3121433551295
01-Aug-2026 01:31:58,-151.890102450043,-44.4570127167079,0,24,24,24,11,-44.4570127167079
01-Aug-2026 01:32:00,-152.187336357187,-44.7542466238516,0,24,24,24,11,-44.7542466238516
01-Aug-2026 01:32:02,-152.367642857439,-44.9345531241037,0,24,24,24,11,-44.9345531241037
01-Aug-2026 01:32:04,-152.808684733349,-45.3755950000137,0,24,24,24,13,-45.3755950000137
01-Aug-2026 01:32:06,-152.491527876797,-45.0584381434619,0,24,24,24,12,-45.0584381434619
01-Aug-2026 01:32:08,-153.194042623452,-45.7609528901173,0,24,24,24,12,-45.7609528901173
01-Aug-2026 01:32:10,-153.044396360651,-45.6113066273163,0,24,24,24,12,-45.6113066273163
01-Aug-2026 01:32:12,-153.10918428229,-45.6760945489545,0,24,24,24,12,-45.6760945489545
01-Aug-2026 01:32:14,-153.16427331946,-45.7311835861253,0,24,24,24,12,-45.7311835861253
01-Aug-2026 01:32:16,-153.69685581991,-46.2637660865745,0,24,24,24,11,-46.2637660865745
01-Aug-2026 01:32:18,-164.705936643634,-57.272846910299,0,25,25,25,12,-57.272846910299
01-Aug-2026 01:32:20,-164.718693226319,-57.2856034929834,0,24,24,24,12,-57.2856034929834
01-Aug-2026 01:32:22,-164.875046805109,-57.4419570717734,0,23,23,23,11,-57.4419570717734
01-Aug-2026 01:32:24,-164.801500514999,-57.3684107816633,0,24,24,24,9,-57.3684107816633
01-Aug-2026 01:32:26,-165.617615629336,-58.1845258960007,0,24,24,24,8,-58.1845258960007
01-Aug-2026 01:32:28,-165.434590308727,-58.001500575392,0,24,24,24,8,-58.001500575392
01-Aug-2026 01:32:30,-165.319720714731,-57.8866309813957,0,24,24,24,8,-57.8866309813957
01-Aug-2026 01:32:32,-164.231006529729,-56.7979167963935,0,24,24,24,9,-56.7979167963935
01-Aug-2026 01:32:34,-168.876636480757,-61.4435467474223,0,24,24,24,9,-61.4435467474223
01-Aug-2026 01:32:36,-164.15831156327,-56.7252218299351,0,24,24,24,9,-56.7252218299351
01-Aug-2026 01:32:38,-168.97737781648,-61.5442880831449,0,24,24,24,9,-61.5442880831449
01-Aug-2026 01:32:40,-169.881650495988,-62.4485607626524,0,24,24,24,10,-62.4485607626524
01-Aug-2026 01:32:42,-170.120170967069,-62.6870812337342,0,24,24,24,9,-62.6870812337342
01-Aug-2026 01:32:44,-170.213623797301,-62.7805340639654,0,24,24,24,9,-62.7805340639654
01-Aug-2026 01:32:46,-153.817986948061,-46.384897214726,0,24,24,24,9,-46.384897214726
01-Aug-2026 01:32:48,-154.2693564716,-46.836266738265,0,24,24,24,9,-46.836266738265
01-Aug-2026 01:32:50,-153.721196235339,-46.288106502004,0,25,25,25,11,-46.288106502004
01-Aug-2026 01:32:52,-153.899858592293,-46.4667688589577,0,26,26,26,13,-46.4667688589577
01-Aug-2026 01:32:54,-154.424825742678,-46.991736009343,0,25,25,25,12,-46.991736009343
01-Aug-2026 01:32:56,-141.221198539213,-33.788108805878,0,25,25,25,12,-33.788108805878
01-Aug-2026 01:32:58,-141.628575039194,-34.1954853058587,0,25,25,25,12,-34.1954853058587
01-Aug-2026 01:33:00,-141.828674437451,-34.3955847041155,0,25,25,25,12,-34.3955847041155
01-Aug-2026 01:33:02,-141.601639075894,-34.1685493425593,0,25,25,25,14,-34.1685493425593
01-Aug-2026 01:33:04,-142.083311000708,-34.6502212673728,0,25,25,25,14,-34.6502212673728
01-Aug-2026 01:33:06,-141.96034092331,-34.5272511899747,0,25,25,25,13,-34.5272511899747
01-Aug-2026 01:33:08,-141.896710053265,-34.4636203199296,0,25,25,25,10,-34.4636203199296
01-Aug-2026 01:33:10,-141.659416286777,-34.2263265534414,0,25,25,25,12,-34.2263265534414
01-Aug-2026 01:33:12,-141.404011794377,-33.9709220610419,0,25,25,25,13,-33.9709220610419
01-Aug-2026 01:33:14,-141.620629638599,-34.1875399052637,0,25,25,25,12,-34.1875399052637
01-Aug-2026 01:33:16,-141.618499895822,-34.1854101624867,0,25,25,25,12,-34.1854101624867
01-Aug-2026 01:33:18,-142.239496947553,-34.8064072142179,0,25,25,25,13,-34.8064072142179
01-Aug-2026 01:33:20,-162.479123377806,-55.0460336444703,0,25,25,25,12,-55.0460336444703
01-Aug-2026 01:33:22,-161.409682806554,-53.9765930732187,0,25,25,25,12,-53.9765930732187
01-Aug-2026 01:33:24,-161.039979061285,-53.6068893279499,0,26,26,26,13,-53.6068893279499
01-Aug-2026 01:33:26,-160.843216108812,-53.4101263754768,0,26,26,26,13,-53.4101263754768
01-Aug-2026 01:33:28,-160.572269335721,-53.1391796023862,0,27,27,27,14,-53.1391796023862
01-Aug-2026 01:33:30,-160.508063362343,-53.0749736290081,0,27,27,27,14,-53.0749736290081
01-Aug-2026 01:33:32,-160.256337171847,-52.8232474385116,0,26,26,26,14,-52.8232474385116
01-Aug-2026 01:33:34,-159.918980300396,-52.4858905670605,0,26,26,26,13,-52.4858905670605
01-Aug-2026 01:33:36,-160.159483509549,-52.7263937762135,0,26,26,26,13,-52.7263937762135
01-Aug-2026 01:33:38,-160.044074420721,-52.6109846873854,0,25,25,25,12,-52.6109846873854
01-Aug-2026 01:33:40,-159.760383350105,-52.3272936167695,0,25,25,25,13,-52.3272936167695
01-Aug-2026 01:33:42,-160.035552122649,-52.6024623893141,0,25,25,25,12,-52.6024623893141
01-Aug-2026 01:33:44,-160.220231683257,-52.7871419499221,0,25,25,25,14,-52.7871419499221
01-Aug-2026 01:33:46,-166.028550082113,-58.5954603487783,0,25,25,25,13,-58.5954603487783
01-Aug-2026 01:33:48,-136.68434800006,-29.2512582667253,0,26,26,26,15,-29.2512582667253
01-Aug-2026 01:33:50,-136.371841372633,-28.9387516392977,0,26,26,26,15,-28.9387516392977
01-Aug-2026 01:33:52,-136.022198515913,-28.5891087825779,0,26,26,26,15,-28.5891087825779
01-Aug-2026 01:33:54,-135.115801616725,-27.6827118833897,0,26,26,26,15,-27.6827118833897
01-Aug-2026 01:33:56,-134.807753926948,-27.3746641936126,0,26,26,26,15,-27.3746641936126
01-Aug-2026 01:33:58,-134.995678317956,-27.5625885846204,0,26,26,26,14,-27.5625885846204
01-Aug-2026 01:34:00,-134.384723587116,-26.9516338537813,0,26,26,26,14,-26.9516338537813
01-Aug-2026 01:34:02,-134.702158710259,-27.2690689769236,0,26,26,26,15,-27.2690689769236
01-Aug-2026 01:34:04,-134.970567449606,-27.537477716271,0,26,26,26,15,-27.537477716271
01-Aug-2026 01:34:06,-134.739662638958,-27.3065729056225,0,26,26,26,17,-27.3065729056225
01-Aug-2026 01:34:08,-134.57185916988,-27.1387694365453,0,26,26,26,16,-27.1387694365453
01-Aug-2026 01:34:10,-134.814115188112,-27.3810254547772,0,26,26,26,16,-27.3810254547772
01-Aug-2026 01:34:12,-134.280374277417,-26.8472845440816,0,26,26,26,18,-26.8472845440816
01-Aug-2026 01:34:14,-145.10524513379,-37.6721554004544,0,26,26,26,16,-37.6721554004544
01-Aug-2026 01:34:16,-144.623870927615,-37.1907811942803,0,26,26,26,16,-37.1907811942803
01-Aug-2026 01:34:18,-144.593010905635,-37.1599211723002,0,26,26,26,15,-37.1599211723002
01-Aug-2026 01:34:20,-144.837216826167,-37.4041270928315,0,26,26,26,14,-37.4041270928315
01-Aug-2026 01:34:22,-141.126816629031,-33.693726895696,0,26,26,26,13,-33.693726895696
01-Aug-2026 01:34:24,-140.465069272069,-33.0319795387336,0,26,26,26,14,-33.0319795387336
01-Aug-2026 01:34:26,-141.78691071256,-34.3538209792243,0,26,26,26,13,-34.3538209792243
01-Aug-2026 01:34:28,-143.598500978756,-36.1654112454207,0,26,26,26,12,-36.1654112454207
01-Aug-2026 01:34:30,-137.58531954999,-30.1522298166551,0,26,26,26,13,-30.1522298166551
01-Aug-2026 01:34:32,-138.333214412691,-30.9001246793561,0,26,26,26,14,-30.9001246793561
01-Aug-2026 01:34:34,-138.337284072995,-30.9041943396603,0,26,26,26,14,-30.9041943396603
01-Aug-2026 01:34:36,-138.600285077468,-31.1671953441325,0,26,26,26,14,-31.1671953441325
01-Aug-2026 01:34:38,-138.203506492999,-30.7704167596634,0,26,26,26,15,-30.7704167596634
01-Aug-2026 01:34:40,-140.772742054111,-33.3396523207755,0,26,26,26,14,-33.3396523207755
01-Aug-2026 01:34:42,-141.450051787396,-34.0169620540604,0,26,26,26,14,-34.0169620540604
01-Aug-2026 01:34:44,-140.875993798393,-33.4429040650579,0,26,26,26,12,-33.4429040650579
01-Aug-2026 01:34:46,-141.486447635055,-34.0533579017202,0,26,26,26,11,-34.0533579017202
01-Aug-2026 01:34:48,-140.542273667641,-33.1091839343061,0,26,26,26,10,-33.1091839343061
01-Aug-2026 01:34:50,-139.204961098917,-31.7718713655815,0,26,26,26,10,-31.7718713655815
01-Aug-2026 01:34:52,-139.876685836013,-32.4435961026777,0,27,27,27,10,-32.4435961026777
01-Aug-2026 01:34:54,-139.133140769158,-31.7000510358227,0,27,27,27,10,-31.7000510358227
01-Aug-2026 01:34:56,-139.455315102899,-32.0222253695633,0,27,27,27,10,-32.0222253695633
01-Aug-2026 01:34:58,-139.14638436676,-31.7132946334246,0,27,27,27,11,-31.7132946334246
01-Aug-2026 01:35:00,-139.375731168641,-31.9426414353056,0,27,27,27,12,-31.9426414353056
01-Aug-2026 01:35:02,-139.678405950071,-32.245316216736,0,25,25,25,12,-32.245316216736
01-Aug-2026 01:35:04,-140.14362994597,-32.7105402126344,0,26,26,26,13,-32.7105402126344
01-Aug-2026 01:35:06,-138.998480363017,-31.5653906296819,0,26,26,26,13,-31.5653906296819
01-Aug-2026 01:35:08,-137.238109293863,-29.8050195605276,0,26,26,26,14,-29.8050195605276
01-Aug-2026 01:35:10,-137.876478696206,-30.4433889628706,0,26,26,26,13,-30.4433889628706
01-Aug-2026 01:35:12,-137.265287051477,-29.8321973181418,0,26,26,26,13,-29.8321973181418
01-Aug-2026 01:35:14,-136.775156428944,-29.3420666956088,0,26,26,26,13,-29.3420666956088
01-Aug-2026 01:35:16,-136.5135681543,-29.0804784209652,0,26,26,26,14,-29.0804784209652
01-Aug-2026 01:35:18,-135.931875127341,-28.4987853940063,0,25,25,25,14,-28.4987853940063
01-Aug-2026 01:35:20,-136.148603138271,-28.7155134049355,0,25,25,25,14,-28.7155134049355
01-Aug-2026 01:35:22,-136.212152195091,-28.7790624617555,0,25,25,25,15,-28.7790624617555
01-Aug-2026 01:35:24,-136.202046802786,-28.7689570694504,0,25,25,25,16,-28.7689570694504
01-Aug-2026 01:35:26,-135.650889239475,-28.2177995061395,0,25,25,25,16,-28.2177995061395
01-Aug-2026 01:35:28,-135.171947375334,-27.7388576419991,0,26,26,26,17,-27.7388576419991
01-Aug-2026 01:35:30,-134.703398391513,-27.2703086581782,0,26,26,26,18,-27.2703086581782
01-Aug-2026 01:35:32,-134.320103931725,-26.8870141983899,0,27,27,27,19,-27.0548736751936
01-Aug-2026 01:35:34,-134.351128779776,-26.9180390464404,0,26,26,26,19,-26.8546120842644
01-Aug-2026 01:35:36,-134.679411398392,-27.2463216650572,0,26,26,26,18,-26.9869502774551
01-Aug-2026 01:35:38,-141.24680657982,-33.8137168464846,0,25,25,25,17,-31.7929368726913
01-Aug-2026 01:35:40,-147.658154475386,-40.2250647420509,0,25,25,25,15,-40.2250647420509
01-Aug-2026 01:35:42,-145.245430491617,-37.8123407582814,0,24,24,24,14,-37.8123407582814
01-Aug-2026 01:35:44,-144.827254797986,-37.3941650646505,0,24,24,24,14,-37.3941650646505
01-Aug-2026 01:35:46,-142.740876458354,-35.3077867250186,0,24,24,24,13,-35.3077867250186
01-Aug-2026 01:35:48,-142.618179801018,-35.1850900676824,0,24,24,24,14,-35.1850900676824
01-Aug-2026 01:35:50,-142.278807790352,-34.8457180570173,0,24,24,24,12,-34.8457180570173
01-Aug-2026 01:35:52,-148.102797869761,-40.6697081364254,0,24,24,24,13,-40.6697081364254
01-Aug-2026 01:35:54,-148.144950133597,-40.7118604002622,0,24,24,24,13,-40.7118604002622
01-Aug-2026 01:35:56,-148.496430784545,-41.0633410512102,0,24,24,24,12,-41.0633410512102
01-Aug-2026 01:35:58,-148.818934030506,-41.3858442971707,0,23,23,23,11,-41.3858442971707
01-Aug-2026 01:36:00,-149.11480720836,-41.6817174750243,0,23,23,23,12,-41.6817174750243
01-Aug-2026 01:36:02,-149.486226661663,-42.053136928328,0,23,23,23,14,-42.053136928328
01-Aug-2026 01:36:04,-149.165871028423,-41.7327812950882,0,23,23,23,16,-41.7327812950882
01-Aug-2026 01:36:06,-152.551961614704,-45.1188718813683,0,24,24,24,16,-45.1188718813683
01-Aug-2026 01:36:08,-152.539878874538,-45.1067891412027,0,23,23,23,16,-45.1067891412027
01-Aug-2026 01:36:10,-152.76303902322,-45.3299492898853,0,24,24,24,16,-45.3299492898853
01-Aug-2026 01:36:12,-152.519994783982,-45.0869050506464,0,24,24,24,16,-45.0869050506464
01-Aug-2026 01:36:14,-152.242824414586,-44.8097346812508,0,24,24,24,13,-44.8097346812508
01-Aug-2026 01:36:16,-152.511945124396,-45.0788553910604,0,24,24,24,13,-45.0788553910604
01-Aug-2026 01:36:18,-152.29527025849,-44.8621805251549,0,24,24,24,12,-44.8621805251549
01-Aug-2026 01:36:20,-153.637657248189,-46.2045675148536,0,24,24,24,12,-46.2045675148536
01-Aug-2026 01:36:22,-153.923009505609,-46.4899197722739,0,24,24,24,13,-46.4899197722739
01-Aug-2026 01:36:24,-153.723858469369,-46.2907687360342,0,24,24,24,14,-46.2907687360342
01-Aug-2026 01:36:26,-153.913728525208,-46.4806387918733,0,24,24,24,12,-46.4806387918733
01-Aug-2026 01:36:28,-154.519180732832,-47.0860909994966,0,24,24,24,14,-47.0860909994966
01-Aug-2026 01:36:30,-154.774803355612,-47.3417136222765,0,24,24,24,13,-47.3417136222765
01-Aug-2026 01:36:32,-152.820715402564,-45.387625669229,0,24,24,24,14,-45.387625669229
01-Aug-2026 01:36:34,-153.284336610814,-45.8512468774787,0,24,24,24,16,-45.8512468774787
01-Aug-2026 01:36:36,-153.194543627909,-45.7614538945742,0,24,24,24,16,-45.7614538945742
01-Aug-2026 01:36:38,-154.560076883423,-47.126987150088,0,24,24,24,16,-47.126987150088
01-Aug-2026 01:36:40,-155.355978469145,-47.92288873581,0,25,25,25,17,-47.92288873581
01-Aug-2026 01:36:42,-155.44410953708,-48.0110198037449,0,26,26,26,18,-48.0110198037449
01-Aug-2026 01:36:44,-155.04818374191,-47.6150940085749,0,26,26,26,18,-47.6150940085749
01-Aug-2026 01:36:46,-154.668274217258,-47.2351844839228,0,25,25,25,16,-47.2351844839228
01-Aug-2026 01:36:48,-154.370284913798,-46.9371951804629,0,25,25,25,15,-46.9371951804629
01-Aug-2026 01:36:50,-154.103825177118,-46.6707354437832,0,25,25,25,14,-46.6707354437832
01-Aug-2026 01:36:52,-154.168746613041,-46.735656879706,0,25,25,25,13,-46.735656879706
01-Aug-2026 01:36:54,-146.408587719746,-38.975497986411,0,25,25,25,13,-38.975497986411
01-Aug-2026 01:36:56,-146.555881008199,-39.1227912748634,0,25,25,25,13,-39.1227912748634
01-Aug-2026 01:36:58,-145.824790305211,-38.3917005718754,0,25,25,25,12,-38.3917005718754
01-Aug-2026 01:37:00,-146.182347430515,-38.7492576971802,0,25,25,25,12,-38.7492576971802
01-Aug-2026 01:37:02,-145.893111167385,-38.4600214340494,0,25,25,25,12,-38.4600214340494
01-Aug-2026 01:37:04,-146.480997433166,-39.0479076998304,0,25,25,25,12,-39.0479076998304
01-Aug-2026 01:37:06,-146.271945239632,-38.8388555062972,0,25,25,25,12,-38.8388555062972
01-Aug-2026 01:37:08,-146.149561551398,-38.7164718180629,0,25,25,25,12,-38.7164718180629
01-Aug-2026 01:37:10,-146.415412223298,-38.9823224899624,0,25,25,25,13,-38.9823224899624
01-Aug-2026 01:37:12,-151.92666851265,-44.4935787793153,0,26,26,26,12,-44.4935787793153
01-Aug-2026 01:37:14,-151.826557189739,-44.3934674564034,0,26,26,26,13,-44.3934674564034
01-Aug-2026 01:37:16,-152.539339722001,-45.1062499886654,0,26,26,26,12,-45.1062499886654
01-Aug-2026 01:37:18,-153.018528902776,-45.5854391694411,0,26,26,26,10,-45.5854391694411
01-Aug-2026 01:37:20,-152.683981906712,-45.2508921733769,0,27,27,27,10,-45.2508921733769
01-Aug-2026 01:37:22,-152.84922828025,-45.4161385469147,0,27,27,27,10,-45.4161385469147
01-Aug-2026 01:37:24,-153.226485045266,-45.7933953119313,0,26,26,26,9,-45.7933953119313
01-Aug-2026 01:37:26,-152.464897312486,-45.0318075791511,0,26,26,26,10,-45.0318075791511
01-Aug-2026 01:37:28,-148.211445600391,-40.778355867056,0,25,25,25,10,-40.778355867056
01-Aug-2026 01:37:30,-149.947953566274,-42.5148638329393,0,25,25,25,10,-42.5148638329393
01-Aug-2026 01:37:32,-150.140492598602,-42.7074028652665,0,25,25,25,11,-42.7074028652665
01-Aug-2026 01:37:34,-150.565376845567,-43.1322871122315,0,25,25,25,11,-43.1322871122315
01-Aug-2026 01:37:36,-150.884488278536,-43.4513985452012,0,25,25,25,11,-43.4513985452012
01-Aug-2026 01:37:38,-150.521366371243,-43.0882766379077,0,25,25,25,11,-43.0882766379077
01-Aug-2026 01:37:40,-148.207400318283,-40.774310584948,0,26,26,26,11,-40.774310584948
01-Aug-2026 01:37:42,-146.1751825821,-38.7420928487644,0,26,26,26,11,-38.7420928487644
01-Aug-2026 01:37:44,-140.484373958792,-33.0512842254564,0,26,26,26,12,-33.0512842254564
01-Aug-2026 01:37:46,-140.65505303302,-33.2219632996849,0,26,26,26,13,-33.2219632996849
01-Aug-2026 01:37:48,-140.410573028443,-32.9774832951082,0,27,27,27,14,-32.9774832951082
01-Aug-2026 01:37:50,-140.321440456318,-32.8883507229832,0,27,27,27,15,-32.8883507229832
01-Aug-2026 01:37:52,-140.450057558756,-33.0169678254207,0,26,26,26,13,-33.0169678254207
01-Aug-2026 01:37:54,-139.988659054752,-32.5555693214165,0,26,26,26,12,-32.5555693214165
01-Aug-2026 01:37:56,-139.858501975301,-32.4254122419659,0,26,26,26,12,-32.4254122419659
01-Aug-2026 01:37:58,-139.896582489654,-32.463492756319,0,26,26,26,12,-32.463492756319
01-Aug-2026 01:38:00,-140.232454896804,-32.7993651634684,0,26,26,26,12,-32.7993651634684
01-Aug-2026 01:38:02,-140.501341291526,-33.0682515581908,0,26,26,26,11,-33.0682515581908
01-Aug-2026 01:38:04,-145.187346678111,-37.7542569447762,0,26,26,26,12,-37.7542569447762
01-Aug-2026 01:38:06,-146.089836712712,-38.6567469793771,0,26,26,26,10,-38.6567469793771
01-Aug-2026 01:38:08,-137.828473194093,-30.3953834607576,0,26,26,26,10,-30.3953834607576
01-Aug-2026 01:38:10,-148.282111891,-40.8490221576647,0,26,26,26,7,-40.8490221576647
01-Aug-2026 01:38:12,-149.256149466543,-41.8230597332078,0,26,26,26,7,-41.8230597332078
01-Aug-2026 01:38:14,-149.479396508286,-42.0463067749511,0,26,26,26,8,-42.0463067749511
01-Aug-2026 01:38:16,-161.811015329988,-54.3779255966525,0,26,26,26,7,-54.3779255966525
01-Aug-2026 01:38:18,-157.850503649716,-50.4174139163812,0,26,26,26,9,-50.4174139163812
01-Aug-2026 01:38:20,-157.474145188678,-50.0410554553432,0,26,26,26,10,-50.0410554553432
01-Aug-2026 01:38:22,-157.609561901519,-50.1764721681835,0,26,26,26,10,-50.1764721681835
01-Aug-2026 01:38:24,-157.340861471667,-49.9077717383321,0,26,26,26,11,-49.9077717383321
01-Aug-2026 01:38:26,-156.802325738925,-49.3692360055897,0,26,26,26,14,-49.3692360055897
01-Aug-2026 01:38:28,-151.201874311688,-43.7687845783524,0,26,26,26,14,-43.7687845783524
01-Aug-2026 01:38:30,-150.49682805048,-43.0637383171452,0,26,26,26,14,-43.0637383171452
01-Aug-2026 01:38:32,-149.700166224677,-42.2670764913419,0,26,26,26,13,-42.2670764913419
01-Aug-2026 01:38:34,-148.870382421893,-41.4372926885579,0,26,26,26,14,-41.4372926885579
01-Aug-2026 01:38:36,-148.847151158229,-41.4140614248942,0,26,26,26,12,-41.4140614248942
01-Aug-2026 01:38:38,-141.435664344536,-34.002574611201,0,26,26,26,15,-34.002574611201
01-Aug-2026 01:38:40,-141.300061483484,-33.866971750149,0,26,26,26,14,-33.866971750149
01-Aug-2026 01:38:42,-141.802826556885,-34.3697368235499,0,26,26,26,16,-34.3697368235499
01-Aug-2026 01:38:44,-141.55584462358,-34.1227548902446,0,27,27,27,17,-34.1227548902446
01-Aug-2026 01:38:46,-141.445258232163,-34.0121684988275,0,27,27,27,17,-34.0121684988275
01-Aug-2026 01:38:48,-141.348556600218,-33.9154668668824,0,25,25,25,13,-33.9154668668824
01-Aug-2026 01:38:50,-136.374016293349,-28.9409265600139,0,25,25,25,14,-28.9409265600139
01-Aug-2026 01:38:52,-136.96353973056,-29.5304499972244,0,24,24,24,12,-29.5304499972244
01-Aug-2026 01:38:54,-136.853284803854,-29.4201950705191,0,25,25,25,13,-29.4201950705191
01-Aug-2026 01:38:56,-136.189908542158,-28.7568188088229,0,25,25,25,12,-28.7568188088229
01-Aug-2026 01:38:58,-134.207775563439,-26.7746858301041,0,25,25,25,12,-26.7746858301041
01-Aug-2026 01:39:00,-134.296563595307,-26.8634738619715,0,25,25,25,12,-26.8634738619715
01-Aug-2026 01:39:02,-134.053763765748,-26.6206740324131,0,25,25,25,12,-26.6206740324131
01-Aug-2026 01:39:04,-134.445475805457,-27.0123860721215,0,25,25,25,12,-27.0123860721215
01-Aug-2026 01:39:06,-134.502434429496,-27.0693446961612,0,25,25,25,13,-27.0693446961612
01-Aug-2026 01:39:08,-134.406147298495,-26.9730575651597,0,25,25,25,14,-26.9730575651597
01-Aug-2026 01:39:10,-134.625151208549,-27.192061475214,0,24,24,24,14,-27.192061475214
01-Aug-2026 01:39:12,-134.05525194051,-26.6221622071747,0,24,24,24,13,-26.6221622071747
01-Aug-2026 01:39:14,-134.783843713467,-27.3507539801314,0,24,24,24,12,-27.3507539801314
01-Aug-2026 01:39:16,-134.128631957282,-26.6955422239473,0,24,24,24,14,-26.6955422239473
01-Aug-2026 01:39:18,-133.99420706116,-26.5611173278245,0,24,24,24,14,-26.5611173278245
01-Aug-2026 01:39:20,-133.736695084687,-26.3036053513518,0,25,25,25,13,-26.3036053513518
01-Aug-2026 01:39:22,-133.121430986968,-25.6883412536328,0,24,24,24,14,-25.6883412536328
01-Aug-2026 01:39:24,-132.394995829655,-24.96190609632,0,25,25,25,14,-24.96190609632
01-Aug-2026 01:39:26,-132.094633625628,-24.6615438922927,0,25,25,25,13,-24.6615438922927
01-Aug-2026 01:39:28,-132.049514825667,-24.6164250923318,0,25,25,25,12,-24.6164250923318
01-Aug-2026 01:39:30,-132.110100607042,-24.6770108737065,0,24,24,24,12,-24.6770108737065
01-Aug-2026 01:39:32,-131.987105110063,-24.5540153767276,0,24,24,24,11,-24.5540153767276
01-Aug-2026 01:39:34,-131.326625049462,-23.8935353161268,0,24,24,24,8,-23.8935353161268
01-Aug-2026 01:39:36,-130.650196616471,-23.217106883136,0,25,25,25,13,-23.217106883136
01-Aug-2026 01:39:38,-129.672643474079,-22.2395537407434,0,25,25,25,13,-22.2395537407434
01-Aug-2026 01:39:40,-127.829575131011,-20.3964853976756,0,25,25,25,12,-20.3964853976756
01-Aug-2026 01:39:42,-126.937634345176,-19.5045446118407,0,25,25,25,12,-19.5045446118407
01-Aug-2026 01:39:44,-149.93674816601,-42.5036584326753,0,25,25,25,12,-42.5036584326753
01-Aug-2026 01:39:46,-151.601031247373,-44.1679415140379,0,25,25,25,11,-44.1679415140379
01-Aug-2026 01:39:48,-151.72662618119,-44.2935364478549,0,25,25,25,10,-44.2935364478549
01-Aug-2026 01:39:50,-151.906111616142,-44.4730218828069,0,25,25,25,8,-44.4730218828069
01-Aug-2026 01:39:52,-151.880858288716,-44.4477685553809,0,26,26,26,10,-44.4477685553809
01-Aug-2026 01:39:54,-153.064475850421,-45.631386117086,0,26,26,26,10,-45.631386117086
01-Aug-2026 01:39:56,-148.154091317591,-40.7210015842556,0,25,25,25,11,-40.7210015842556
01-Aug-2026 01:39:58,-134.131950009075,-26.6988602757401,0,25,25,25,10,-26.6988602757401
01-Aug-2026 01:40:00,-137.7064394732,-30.2733497398645,0,25,25,25,11,-30.2733497398645
01-Aug-2026 01:40:02,-140.597402076453,-33.1643123431178,0,25,25,25,11,-33.1643123431178
01-Aug-2026 01:40:04,-149.142350199884,-41.7092604665488,0,25,25,25,10,-41.7092604665488
01-Aug-2026 01:40:06,-148.834543903469,-41.4014541701336,0,25,25,25,10,-41.4014541701336
01-Aug-2026 01:40:08,-148.995385390242,-41.5622956569071,0,24,24,24,12,-41.5622956569071
01-Aug-2026 01:40:10,-149.376580088754,-41.9434903554192,0,24,24,24,12,-41.9434903554192
01-Aug-2026 01:40:12,-149.44566901864,-42.012579285305,0,24,24,24,11,-42.012579285305
01-Aug-2026 01:40:14,-150.739009580679,-43.3059198473439,0,24,24,24,12,-43.3059198473439
01-Aug-2026 01:40:16,-150.41646315561,-42.9833734222752,0,24,24,24,14,-42.9833734222752
01-Aug-2026 01:40:18,-150.275757431005,-42.8426676976697,0,24,24,24,15,-42.8426676976697
01-Aug-2026 01:40:20,-150.270060143277,-42.8369704099417,0,24,24,24,14,-42.8369704099417
01-Aug-2026 01:40:22,-150.272227565916,-42.8391378325806,0,24,24,24,15,-42.8391378325806
01-Aug-2026 01:40:24,-150.132553299156,-42.6994635658213,0,24,24,24,15,-42.6994635658213
01-Aug-2026 01:40:26,-150.783677240117,-43.3505875067817,0,24,24,24,16,-43.3505875067817
01-Aug-2026 01:40:28,-150.775394164427,-43.3423044310919,0,25,25,25,17,-43.3423044310919
01-Aug-2026 01:40:30,-150.154569770106,-42.7214800367707,0,25,25,25,17,-42.7214800367707
01-Aug-2026 01:40:32,-150.582086058999,-43.1489963256642,0,25,25,25,15,-43.1489963256642
01-Aug-2026 01:40:34,-146.287524559965,-38.8544348266294,0,25,25,25,15,-38.8544348266294
01-Aug-2026 01:40:36,-145.928986507464,-38.4958967741289,0,25,25,25,14,-38.4958967741289
01-Aug-2026 01:40:38,-145.854695596768,-38.4216058634328,0,25,25,25,14,-38.4216058634328
01-Aug-2026 01:40:40,-140.914569682304,-33.4814799489686,0,24,24,24,13,-33.4814799489686
01-Aug-2026 01:40:42,-140.524180607888,-33.0910908745528,0,24,24,24,11,-33.0910908745528
01-Aug-2026 01:40:44,-140.561932079697,-33.1288423463622,0,24,24,24,13,-33.1288423463622
01-Aug-2026 01:40:46,-145.449256691623,-38.0161669582877,0,24,24,24,12,-38.0161669582877
01-Aug-2026 01:40:48,-145.269504416345,-37.83641468301,0,24,24,24,12,-37.83641468301
01-Aug-2026 01:40:50,-151.062196061714,-43.6291063283784,0,24,24,24,11,-43.6291063283784
01-Aug-2026 01:40:52,-151.209625317894,-43.7765355845587,0,24,24,24,12,-43.7765355845587
01-Aug-2026 01:40:54,-150.563158057532,-43.1300683241972,0,24,24,24,12,-43.1300683241972
01-Aug-2026 01:40:56,-150.273787077557,-42.8406973442216,0,24,24,24,11,-42.8406973442216
01-Aug-2026 01:40:58,-150.103743433925,-42.6706537005899,0,24,24,24,11,-42.6706537005899
01-Aug-2026 01:41:00,-150.075916704512,-42.6428269711772,0,25,25,25,13,-42.6428269711772
01-Aug-2026 01:41:02,-135.932898692459,-28.499808959124,0,25,25,25,15,-28.499808959124
01-Aug-2026 01:41:04,-135.940937523194,-28.5078477898589,0,25,25,25,15,-28.5078477898589
01-Aug-2026 01:41:06,-156.823112547111,-49.3900228137756,0,25,25,25,13,-49.3900228137756
01-Aug-2026 01:41:08,-156.689306113746,-49.2562163804104,0,25,25,25,13,-49.2562163804104
01-Aug-2026 01:41:10,-159.135444914527,-51.7023551811916,0,26,26,26,12,-51.7023551811916
01-Aug-2026 01:41:12,-159.30717302107,-51.8740832877347,0,26,26,26,12,-51.8740832877347
01-Aug-2026 01:41:14,-169.301436266086,-61.8683465327512,0,26,26,26,12,-61.8683465327512
01-Aug-2026 01:41:16,-149.408129746847,-41.9750400135118,0,25,25,25,13,-41.9750400135118
01-Aug-2026 01:41:18,-166.816307091565,-59.3832173582298,0,24,24,24,12,-59.3832173582298
01-Aug-2026 01:41:20,-163.597289718152,-56.1641999848173,0,24,24,24,12,-56.1641999848173
01-Aug-2026 01:41:22,-164.515436992608,-57.0823472592732,0,24,24,24,11,-57.0823472592732
01-Aug-2026 01:41:24,-163.419268822206,-55.9861790888712,0,24,24,24,11,-55.9861790888712
01-Aug-2026 01:41:26,-163.390804354018,-55.9577146206828,0,24,24,24,11,-55.9577146206828
01-Aug-2026 01:41:28,-162.398838379193,-54.9657486458576,0,24,24,24,11,-54.9657486458576
01-Aug-2026 01:41:30,-160.756932808747,-53.3238430754114,0,24,24,24,12,-53.3238430754114
01-Aug-2026 01:41:32,-161.143219971135,-53.7101302377995,0,24,24,24,11,-53.7101302377995
01-Aug-2026 01:41:34,-159.551361456473,-52.1182717231379,0,25,25,25,12,-52.1182717231379
01-Aug-2026 01:41:36,-158.749056885467,-51.3159671521314,0,26,26,26,11,-51.3159671521314
01-Aug-2026 01:41:38,-157.737296378459,-50.3042066451241,0,26,26,26,11,-50.3042066451241
01-Aug-2026 01:41:40,-157.125711950161,-49.692622216826,0,26,26,26,11,-49.692622216826
01-Aug-2026 01:41:42,-156.003917022531,-48.570827289196,0,26,26,26,13,-48.570827289196
01-Aug-2026 01:41:44,-130.795798716107,-23.3627089827718,0,25,25,25,13,-23.3627089827718
01-Aug-2026 01:41:46,-148.224000550566,-40.7909108172313,0,25,25,25,13,-40.7909108172313
01-Aug-2026 01:41:48,-138.256837753782,-30.8237480204468,0,25,25,25,13,-30.8237480204468
01-Aug-2026 01:41:50,-139.11526715342,-31.6821774200851,0,25,25,25,10,-31.6821774200851
01-Aug-2026 01:41:52,-134.883756253443,-27.4506665201074,0,25,25,25,10,-27.4506665201074
01-Aug-2026 01:41:54,-130.342897715337,-22.9098079820016,0,25,25,25,10,-22.9098079820016
01-Aug-2026 01:41:56,-124.385866648269,-16.9527769149341,0,25,25,25,10,-16.9527769149341
01-Aug-2026 01:41:58,-164.736189548838,-57.3030998155031,0,25,25,25,11,-57.3030998155031
01-Aug-2026 01:42:00,-164.68150696571,-57.2484172323751,0,25,25,25,12,-57.2484172323751
01-Aug-2026 01:42:02,-157.230171021516,-49.7970812881811,0,25,25,25,12,-49.7970812881811
01-Aug-2026 01:42:04,-144.806993924452,-37.373904191117,0,25,25,25,13,-37.373904191117
01-Aug-2026 01:42:06,-144.692768588193,-37.2596788548574,0,25,25,25,14,-37.2596788548574
01-Aug-2026 01:42:08,-157.993037086296,-50.5599473529608,0,25,25,25,13,-50.5599473529608
01-Aug-2026 01:42:10,-158.102310658691,-50.6692209253554,0,25,25,25,14,-50.6692209253554
01-Aug-2026 01:42:12,-158.39002139676,-50.9569316634253,0,25,25,25,14,-50.9569316634253
01-Aug-2026 01:42:14,-158.484369334947,-51.0512796016122,0,25,25,25,13,-51.0512796016122
01-Aug-2026 01:42:16,-158.779356110392,-51.3462663770567,0,25,25,25,12,-51.3462663770567
01-Aug-2026 01:42:18,-158.625539467643,-51.1924497343082,0,25,25,25,14,-51.1924497343082
01-Aug-2026 01:42:20,-158.654416556338,-51.2213268230025,0,25,25,25,15,-51.2213268230025
01-Aug-2026 01:42:22,-139.540393934802,-32.1073042014667,0,25,25,25,16,-32.1073042014667
01-Aug-2026 01:42:24,-139.388775945684,-31.9556862123489,0,25,25,25,15,-31.9556862123489
01-Aug-2026 01:42:26,-138.59429109951,-31.1612013661747,0,25,25,25,15,-31.1612013661747
01-Aug-2026 01:42:28,-138.150102190424,-30.7170124570886,0,25,25,25,16,-30.7170124570886
01-Aug-2026 01:42:30,-137.708029923828,-30.2749401904923,0,25,25,25,15,-30.2749401904923
01-Aug-2026 01:42:32,-136.691236804729,-29.2581470713938,0,25,25,25,15,-29.2581470713938
01-Aug-2026 01:42:34,-134.010391261626,-26.5773015282904,0,25,25,25,14,-29.2248922405835
01-Aug-2026 01:42:36,-134.97249965442,-27.5394099210845,0,24,24,24,15,-29.7022459866608
01-Aug-2026 01:42:38,-135.764504793508,-28.3314150601732,0,24,24,24,15,-30.2830590823156
01-Aug-2026 01:42:40,-136.3721200496,-28.939030316265,0,24,24,24,14,-30.5441037428478
01-Aug-2026 01:42:42,-136.604110040847,-29.171020307512,0,24,24,24,15,-29.6981065531271
01-Aug-2026 01:42:44,-136.485559452829,-29.0524697194942,0,24,24,24,15,-29.0524697194942
01-Aug-2026 01:42:46,-135.478842352059,-28.0457526187239,0,25,25,25,16,-28.0457526187239
01-Aug-2026 01:42:48,-134.80305681164,-27.3699670783047,0,25,25,25,16,-27.3699670783047
01-Aug-2026 01:42:50,-135.18969028391,-27.7566005505749,0,25,25,25,16,-27.7566005505749
01-Aug-2026 01:42:52,-135.392380456962,-27.9592907236267,0,25,25,25,14,-27.9592907236267
01-Aug-2026 01:42:54,-135.74574876896,-28.3126590356246,0,25,25,25,15,-28.3126590356246
01-Aug-2026 01:42:56,-136.760537164644,-29.3274474313092,0,25,25,25,13,-29.3274474313092
01-Aug-2026 01:42:58,-138.472503615349,-31.0394138820142,0,25,25,25,14,-31.0394138820142
01-Aug-2026 01:43:00,-139.098644468126,-31.6655547347909,0,25,25,25,13,-31.6655547347909
01-Aug-2026 01:43:02,-139.048600266393,-31.615510533058,0,25,25,25,11,-31.615510533058
01-Aug-2026 01:43:04,-139.094881722265,-31.6617919889298,0,24,24,24,10,-31.6617919889298
01-Aug-2026 01:43:06,-139.677902364924,-32.244812631589,0,25,25,25,10,-32.244812631589
01-Aug-2026 01:43:08,-140.257136463984,-32.8240467306487,0,25,25,25,10,-32.8240467306487
01-Aug-2026 01:43:10,-140.572395756655,-33.1393060233201,0,25,25,25,8,-33.1393060233201
01-Aug-2026 01:43:12,-140.887661369024,-33.4545716356888,0,25,25,25,8,-33.4545716356888
01-Aug-2026 01:43:14,-141.06097004829,-33.6278803149548,0,25,25,25,8,-33.6278803149548
01-Aug-2026 01:43:16,-141.471974943952,-34.0388852106167,0,25,25,25,9,-34.0388852106167
01-Aug-2026 01:43:18,-141.545328127616,-34.1122383942811,0,26,26,26,10,-34.1122383942811
01-Aug-2026 01:43:20,-140.984202583583,-33.5511128502478,0,25,25,25,9,-33.5511128502478
01-Aug-2026 01:43:22,-141.241033230404,-33.8079434970691,0,25,25,25,10,-33.8079434970691
01-Aug-2026 01:43:24,-143.163322708618,-35.7302329752833,0,25,25,25,9,-35.7302329752833
01-Aug-2026 01:43:26,-143.377637280625,-35.9445475472895,0,25,25,25,10,-35.9445475472895
01-Aug-2026 01:43:28,-144.66258117546,-37.2294914421247,0,25,25,25,10,-37.2294914421247
01-Aug-2026 01:43:30,-144.146382992224,-36.7132932588887,0,25,25,25,11,-36.7132932588887
01-Aug-2026 01:43:32,-143.706016666625,-36.27292693329,0,25,25,25,12,-36.27292693329
01-Aug-2026 01:43:34,-143.724033641342,-36.2909439080063,0,25,25,25,11,-36.2909439080063
01-Aug-2026 01:43:36,-156.234129102158,-48.8010393688228,0,25,25,25,11,-48.8010393688228
01-Aug-2026 01:43:38,-148.165815942748,-40.7327262094131,0,25,25,25,12,-40.7327262094131
01-Aug-2026 01:43:40,-148.197095412582,-40.7640056792473,0,26,26,26,12,-40.7640056792473
01-Aug-2026 01:43:42,-155.133255806927,-47.7001660735914,0,25,25,25,11,-47.7001660735914
01-Aug-2026 01:43:44,-154.335025255346,-46.9019355220112,0,25,25,25,10,-46.9019355220112
01-Aug-2026 01:43:46,-154.254513202797,-46.8214234694615,0,25,25,25,10,-46.8214234694615
01-Aug-2026 01:43:48,-154.755681804428,-47.322592071093,0,25,25,25,9,-47.322592071093
01-Aug-2026 01:43:50,-154.81725313421,-47.3841634008749,0,25,25,25,8,-47.3841634008749
01-Aug-2026 01:43:52,-149.170710838468,-41.7376211051332,0,25,25,25,10,-41.7376211051332
01-Aug-2026 01:43:54,-148.667990030035,-41.2349002967001,0,25,25,25,12,-41.2349002967001
01-Aug-2026 01:43:56,-148.662476177326,-41.2293864439909,0,25,25,25,14,-41.2293864439909
01-Aug-2026 01:43:58,-149.130248045557,-41.6971583122223,0,25,25,25,11,-41.6971583122223
01-Aug-2026 01:44:00,-149.481046596487,-42.0479568631515,0,25,25,25,10,-42.0479568631515
01-Aug-2026 01:44:02,-155.203865959123,-47.7707762257873,0,25,25,25,10,-47.7707762257873
01-Aug-2026 01:44:04,-155.732775521419,-48.2996857880842,0,25,25,25,8,-48.2996857880842
01-Aug-2026 01:44:06,-154.912685296703,-47.4795955633678,0,25,25,25,8,-47.4795955633678
01-Aug-2026 01:44:08,-155.144759544687,-47.711669811352,0,25,25,25,7,-47.711669811352
01-Aug-2026 01:44:10,-155.399585715112,-47.9664959817766,0,25,25,25,7,-47.9664959817766
01-Aug-2026 01:44:12,-155.087139952877,-47.6540502195419,0,25,25,25,4,-47.6540502195419
01-Aug-2026 01:44:14,-154.486612541756,-47.0535228084211,0,24,24,24,3,-47.0535228084211
01-Aug-2026 01:44:16,-152.92119075615,-45.4881010228152,0,24,24,24,4,-45.4881010228152
01-Aug-2026 01:44:18,-153.419103798466,-45.9860140651306,0,25,25,25,5,-45.9860140651306
01-Aug-2026 01:44:20,-150.598980094395,-43.16589036106,0,25,25,25,8,-43.16589036106
01-Aug-2026 01:44:22,-149.967938177558,-42.5348484442231,0,25,25,25,9,-42.5348484442231
01-Aug-2026 01:44:24,-136.586252292847,-29.1531625595118,0,25,25,25,11,-29.1531625595118
01-Aug-2026 01:44:26,-135.810782414559,-28.3776926812234,0,25,25,25,12,-28.3776926812234
01-Aug-2026 01:44:28,-135.35913945699,-27.9260497236544,0,25,25,25,12,-27.9260497236544
01-Aug-2026 01:44:30,-135.299335046454,-27.8662453131188,0,25,25,25,12,-27.8662453131188
01-Aug-2026 01:44:32,-134.860745056084,-27.4276553227488,0,24,24,24,12,-27.4276553227488
01-Aug-2026 01:44:34,-134.706125947812,-27.2730362144767,0,24,24,24,15,-27.2730362144767
01-Aug-2026 01:44:36,-133.72975352393,-26.2966637905944,0,24,24,24,15,-26.2966637905944
01-Aug-2026 01:44:38,-133.53155983861,-26.0984701052749,0,24,24,24,14,-26.0984701052749
01-Aug-2026 01:44:40,-133.071594682338,-25.6385049490032,0,24,24,24,14,-25.6385049490032
01-Aug-2026 01:44:42,-132.449013388377,-25.0159236550417,0,24,24,24,14,-25.0159236550417
01-Aug-2026 01:44:44,-145.707965576732,-38.274875843397,0,24,24,24,14,-38.274875843397
01-Aug-2026 01:44:46,-149.756109545731,-42.3230198123958,0,24,24,24,11,-42.3230198123958
01-Aug-2026 01:44:48,-148.556390346624,-41.1233006132891,0,25,25,25,12,-41.1233006132891
01-Aug-2026 01:44:50,-147.523673976216,-40.0905842428807,0,25,25,25,12,-40.0905842428807
01-Aug-2026 01:44:52,-145.588635517946,-38.1555457846109,0,25,25,25,13,-38.1555457846109
01-Aug-2026 01:44:54,-143.555029725898,-36.121939992563,0,25,25,25,14,-36.121939992563
01-Aug-2026 01:44:56,-150.232075718992,-42.7989859856569,0,25,25,25,14,-42.7989859856569
01-Aug-2026 01:44:58,-150.174440737927,-42.7413510045921,0,25,25,25,14,-42.7413510045921
01-Aug-2026 01:45:00,-150.364788272575,-42.9316985392399,0,25,25,25,11,-42.9316985392399
01-Aug-2026 01:45:02,-149.89309997503,-42.4600102416944,0,26,26,26,12,-42.4600102416944
01-Aug-2026 01:45:04,-149.992190124092,-42.5591003907564,0,26,26,26,11,-42.5591003907564
01-Aug-2026 01:45:06,-149.735742301237,-42.302652567902,0,25,25,25,9,-42.302652567902
01-Aug-2026 01:45:08,-149.729143432853,-42.2960536995183,0,25,25,25,8,-42.2960536995183
01-Aug-2026 01:45:10,-147.734490447358,-40.3014007140227,0,24,24,24,9,-40.3014007140227
01-Aug-2026 01:45:12,-147.949934785951,-40.5168450526161,0,24,24,24,9,-40.5168450526161
01-Aug-2026 01:45:14,-147.851052434741,-40.4179627014061,0,24,24,24,9,-40.4179627014061
01-Aug-2026 01:45:16,-147.615851580723,-40.1827618473878,0,24,24,24,9,-40.1827618473878
01-Aug-2026 01:45:18,-147.01138556789,-39.5782958345549,0,24,24,24,9,-39.5782958345549
01-Aug-2026 01:45:20,-151.93915207524,-44.5060623419051,0,24,24,24,9,-44.5060623419051
01-Aug-2026 01:45:22,-152.527165818774,-45.0940760854392,0,25,25,25,7,-45.0940760854392
01-Aug-2026 01:45:24,-149.838657841864,-42.4055681085292,0,25,25,25,9,-42.4055681085292
01-Aug-2026 01:45:26,-150.126625820214,-42.6935360868789,0,25,25,25,11,-42.6935360868789
01-Aug-2026 01:45:28,-149.857534287145,-42.4244445538102,0,26,26,26,12,-42.4244445538102
01-Aug-2026 01:45:30,-149.05207329357,-41.6189835602351,0,26,26,26,12,-41.6189835602351
01-Aug-2026 01:45:32,-149.682151629726,-42.2490618963908,0,26,26,26,11,-42.2490618963908
01-Aug-2026 01:45:34,-148.389328835397,-40.9562391020614,0,25,25,25,12,-40.9562391020614
01-Aug-2026 01:45:36,-148.097134569472,-40.664044836137,0,25,25,25,12,-40.664044836137
01-Aug-2026 01:45:38,-147.823061793257,-40.3899720599216,0,25,25,25,13,-40.3899720599216
01-Aug-2026 01:45:40,-147.436327291774,-40.0032375584389,0,25,25,25,13,-40.0032375584389
01-Aug-2026 01:45:42,-149.773814934525,-42.3407252011899,0,25,25,25,14,-42.3407252011899
01-Aug-2026 01:45:44,-131.533306540491,-24.1002168071555,0,25,25,25,13,-24.1002168071555
01-Aug-2026 01:45:46,-131.767465566763,-24.3343758334275,0,25,25,25,14,-24.3343758334275
01-Aug-2026 01:45:48,-132.422557347539,-24.9894676142034,0,25,25,25,13,-24.9894676142034
01-Aug-2026 01:45:50,-135.369281137435,-27.9361914040999,0,25,25,25,12,-27.9361914040999
01-Aug-2026 01:45:52,-136.279591157803,-28.8465014244678,0,25,25,25,11,-28.8465014244678
01-Aug-2026 01:45:54,-136.448477246966,-29.0153875136305,0,25,25,25,10,-29.0153875136305
01-Aug-2026 01:45:56,-136.884917700135,-29.4518279668,0,25,25,25,10,-29.4518279668
01-Aug-2026 01:45:58,-137.331502565124,-29.8984128317889,0,25,25,25,11,-29.8984128317889
01-Aug-2026 01:46:00,-137.850731359482,-30.417641626147,0,25,25,25,9,-30.417641626147
01-Aug-2026 01:46:02,-138.274801069404,-30.8417113360692,0,25,25,25,8,-30.8417113360692
01-Aug-2026 01:46:04,-138.891128878797,-31.4580391454623,0,25,25,25,8,-31.4580391454623
01-Aug-2026 01:46:06,-139.659948964466,-32.2268592311304,0,25,25,25,10,-32.2268592311304
01-Aug-2026 01:46:08,-141.253077945203,-33.8199882118682,0,25,25,25,7,-33.8199882118682
01-Aug-2026 01:46:10,-141.858660786153,-34.4255710528177,0,25,25,25,7,-34.4255710528177
01-Aug-2026 01:46:12,-141.654325041721,-34.221235308386,0,25,25,25,7,-34.221235308386
01-Aug-2026 01:46:14,-142.621174544575,-35.1880848112396,0,25,25,25,6,-35.1880848112396
01-Aug-2026 01:46:16,-142.063060992836,-34.6299712595007,0,25,25,25,7,-34.6299712595007
01-Aug-2026 01:46:18,-142.23806113727,-34.8049714039345,0,25,25,25,8,-34.8049714039345
01-Aug-2026 01:46:20,-153.350018772103,-45.9169290387677,0,24,24,24,6,-45.9169290387677
01-Aug-2026 01:46:22,-153.300552432985,-45.8674626996499,0,23,23,23,7,-45.8674626996499
01-Aug-2026 01:46:24,-153.562099213107,-46.1290094797722,0,23,23,23,7,-46.1290094797722
01-Aug-2026 01:46:26,-153.943046729786,-46.5099569964505,0,24,24,24,9,-46.5099569964505
01-Aug-2026 01:46:28,-155.933118034557,-48.5000283012217,0,24,24,24,9,-48.5000283012217
01-Aug-2026 01:46:30,-156.040608443371,-48.6075187100354,0,24,24,24,11,-48.6075187100354
01-Aug-2026 01:46:32,-156.434926017712,-49.0018362843766,0,24,24,24,12,-49.0018362843766
01-Aug-2026 01:46:34,-154.347442757144,-46.9143530238085,0,24,24,24,13,-46.9143530238085
01-Aug-2026 01:46:36,-147.225745152557,-39.7926554192219,0,25,25,25,14,-39.7926554192219
01-Aug-2026 01:46:38,-146.325340347244,-38.8922506139085,0,26,26,26,13,-38.8922506139085
01-Aug-2026 01:46:40,-148.703057778825,-41.2699680454902,0,26,26,26,14,-41.2699680454902
01-Aug-2026 01:46:42,-148.891681639345,-41.4585919060101,0,26,26,26,15,-41.4585919060101
01-Aug-2026 01:46:44,-147.815100557548,-40.3820108242127,0,26,26,26,13,-40.3820108242127
01-Aug-2026 01:46:46,-147.31568819075,-39.8825984574145,0,26,26,26,14,-39.8825984574145
01-Aug-2026 01:46:48,-147.154827208123,-39.7217374747874,0,26,26,26,14,-39.7217374747874
01-Aug-2026 01:46:50,-146.963254588184,-39.5301648548489,0,26,26,26,14,-39.5301648548489
01-Aug-2026 01:46:52,-147.46184920809,-40.0287594747551,0,26,26,26,14,-40.0287594747551
01-Aug-2026 01:46:54,-148.432549212038,-40.9994594787032,0,26,26,26,12,-40.9994594787032
01-Aug-2026 01:46:56,-148.597393510721,-41.1643037773863,0,25,25,25,9,-41.1643037773863
01-Aug-2026 01:46:58,-148.342477307618,-40.9093875742832,0,24,24,24,7,-40.9093875742832
01-Aug-2026 01:47:00,-148.482756040693,-41.0496663073578,0,25,25,25,8,-41.0496663073578
01-Aug-2026 01:47:02,-148.176763847171,-40.743674113836,0,25,25,25,9,-40.743674113836
01-Aug-2026 01:47:04,-147.249685386522,-39.8165956531872,0,25,25,25,10,-39.8165956531872
01-Aug-2026 01:47:06,-146.599058940099,-39.1659692067642,0,25,25,25,10,-39.1659692067642
01-Aug-2026 01:47:08,-146.524890409824,-39.0918006764884,0,25,25,25,10,-39.0918006764884
01-Aug-2026 01:47:10,-146.9269706317,-39.4938808983648,0,26,26,26,13,-39.4938808983648
01-Aug-2026 01:47:12,-146.262812295689,-38.8297225623537,0,25,25,25,14,-38.8297225623537
01-Aug-2026 01:47:14,-143.904597982253,-36.471508248918,0,25,25,25,15,-36.471508248918
01-Aug-2026 01:47:16,-144.578787173558,-37.1456974402232,0,25,25,25,15,-37.1456974402232
01-Aug-2026 01:47:18,-143.99279873551,-36.5597090021752,0,25,25,25,14,-36.5597090021752
01-Aug-2026 01:47:20,-143.970741170359,-36.5376514370242,0,25,25,25,12,-36.5376514370242
01-Aug-2026 01:47:22,-144.167031635096,-36.7339419017611,0,25,25,25,13,-36.7339419017611
01-Aug-2026 01:47:24,-144.023712774929,-36.5906230415937,0,25,25,25,14,-36.5906230415937
01-Aug-2026 01:47:26,-143.679302988268,-36.2462132549331,0,26,26,26,16,-36.2462132549331
01-Aug-2026 01:47:28,-143.87258823129,-36.4394984979549,0,26,26,26,17,-36.4394984979549
01-Aug-2026 01:47:30,-144.662385072364,-37.2292953390288,0,25,25,25,14,-37.2292953390288
01-Aug-2026 01:47:32,-144.017521250794,-36.5844315174584,0,25,25,25,14,-36.5844315174584
01-Aug-2026 01:47:34,-151.987525246242,-44.5544355129065,0,25,25,25,14,-44.5544355129065
01-Aug-2026 01:47:36,-139.05764396221,-31.6245542288753,0,25,25,25,15,-31.6245542288753
01-Aug-2026 01:47:38,-141.205680947533,-33.7725912141976,0,25,25,25,12,-33.7725912141976
01-Aug-2026 01:47:40,-150.982480918232,-43.5493911848967,0,25,25,25,12,-43.5493911848967
01-Aug-2026 01:47:42,-145.677229252207,-38.2441395188722,0,25,25,25,10,-38.2441395188722
01-Aug-2026 01:47:44,-145.734643070751,-38.3015533374161,0,25,25,25,8,-38.3015533374161
01-Aug-2026 01:47:46,-145.654504488094,-38.2214147547584,0,25,25,25,8,-38.2214147547584
01-Aug-2026 01:47:48,-145.718336813148,-38.2852470798127,0,25,25,25,8,-38.2852470798127
01-Aug-2026 01:47:50,-145.454129999406,-38.0210402660705,0,25,25,25,7,-38.0210402660705
01-Aug-2026 01:47:52,-145.12341534541,-37.6903256120743,0,25,25,25,6,-37.6903256120743
01-Aug-2026 01:47:54,-145.115385057592,-37.6822953242566,0,25,25,25,8,-37.6822953242566
01-Aug-2026 01:47:56,-144.782512029698,-37.3494222963625,0,25,25,25,8,-37.3494222963625
01-Aug-2026 01:47:58,-145.105518311093,-37.672428577758,0,25,25,25,9,-37.672428577758
01-Aug-2026 01:48:00,-145.741581926021,-38.3084921926858,0,25,25,25,10,-38.3084921926858
01-Aug-2026 01:48:02,-145.235812269743,-37.8027225364076,0,25,25,25,10,-37.8027225364076
01-Aug-2026 01:48:04,-145.277796005734,-37.8447062723986,0,25,25,25,10,-37.8447062723986
01-Aug-2026 01:48:06,-145.212145900758,-37.779056167423,0,26,26,26,12,-37.779056167423
01-Aug-2026 01:48:08,-140.987628432164,-33.5545386988291,0,26,26,26,16,-33.5545386988291
01-Aug-2026 01:48:10,-140.560258588742,-33.1271688554073,0,26,26,26,14,-33.1271688554073
01-Aug-2026 01:48:12,-140.218744738124,-32.785655004789,0,26,26,26,14,-32.785655004789
01-Aug-2026 01:48:14,-139.843618691676,-32.4105289583408,0,26,26,26,15,-32.4105289583408
01-Aug-2026 01:48:16,-139.811565625329,-32.3784758919936,0,25,25,25,14,-32.3784758919936
01-Aug-2026 01:48:18,-139.454495055428,-32.0214053220924,0,25,25,25,14,-32.0214053220924
01-Aug-2026 01:48:20,-139.036622128959,-31.6035323956243,0,25,25,25,14,-31.6035323956243
01-Aug-2026 01:48:22,-138.57383013029,-31.1407403969546,0,25,25,25,14,-31.1407403969546
01-Aug-2026 01:48:24,-137.781542873867,-30.3484531405317,0,24,24,24,12,-30.3484531405317
01-Aug-2026 01:48:26,-137.148171424175,-29.7150816908395,0,24,24,24,13,-29.7150816908395
01-Aug-2026 01:48:28,-136.857414777065,-29.4243250437295,0,24,24,24,14,-29.4243250437295
01-Aug-2026 01:48:30,-139.963064125626,-32.5299743922912,0,24,24,24,14,-32.5299743922912
01-Aug-2026 01:48:32,-139.809380003342,-32.3762902700068,0,24,24,24,14,-32.3762902700068
01-Aug-2026 01:48:34,-139.352577707101,-31.9194879737655,0,24,24,24,13,-31.9194879737655
01-Aug-2026 01:48:36,-139.241665044701,-31.8085753113662,0,25,25,25,14,-31.8085753113662
01-Aug-2026 01:48:38,-138.876828751529,-31.443739018194,0,25,25,25,14,-31.443739018194
01-Aug-2026 01:48:40,-138.041286077452,-30.608196344117,0,25,25,25,15,-30.608196344117
01-Aug-2026 01:48:42,-136.954571235347,-29.5214815020121,0,25,25,25,17,-29.5214815020121
01-Aug-2026 01:48:44,-134.392757257711,-26.9596675243758,0,25,25,25,16,-26.9596675243758
01-Aug-2026 01:48:46,-131.164481614785,-23.7313918814501,0,25,25,25,16,-23.7313918814501
01-Aug-2026 01:48:48,-143.103148828374,-35.6700590950386,0,25,25,25,15,-35.6700590950386
01-Aug-2026 01:48:50,-151.537994748261,-44.1049050149256,0,25,25,25,15,-44.1049050149256
01-Aug-2026 01:48:52,-151.645522928276,-44.2124331949406,0,25,25,25,15,-44.2124331949406
01-Aug-2026 01:48:54,-151.605711720526,-44.1726219871912,0,26,26,26,15,-44.1726219871912
01-Aug-2026 01:48:56,-145.882275935514,-38.4491862021789,0,26,26,26,15,-38.4491862021789
01-Aug-2026 01:48:58,-145.711220123646,-38.2781303903108,0,25,25,25,14,-38.2781303903108
01-Aug-2026 01:49:00,-145.770820120381,-38.337730387046,0,24,24,24,13,-38.337730387046
01-Aug-2026 01:49:02,-128.320321628896,-20.887231895561,0,24,24,24,14,-20.887231895561
01-Aug-2026 01:49:04,-132.235026318768,-24.8019365854331,0,24,24,24,13,-24.8019365854331
01-Aug-2026 01:49:06,-145.193969393574,-37.7608796602389,0,24,24,24,13,-37.7608796602389
01-Aug-2026 01:49:08,-144.640778095481,-37.2076883621463,0,25,25,25,13,-37.2076883621463
01-Aug-2026 01:49:10,-144.660011563361,-37.2269218300258,0,25,25,25,13,-37.2269218300258
01-Aug-2026 01:49:12,-133.98886570016,-26.5557759668247,0,25,25,25,14,-26.5557759668247
01-Aug-2026 01:49:14,-134.639139604779,-27.2060498714435,0,25,25,25,14,-27.2060498714435
01-Aug-2026 01:49:16,-135.357908710636,-27.9248189773012,0,25,25,25,14,-27.9248189773012
01-Aug-2026 01:49:18,-144.684306825645,-37.2512170923101,0,25,25,25,13,-37.2512170923101
01-Aug-2026 01:49:20,-144.894197697955,-37.4611079646199,0,25,25,25,11,-37.4611079646199
01-Aug-2026 01:49:22,-145.221099081882,-37.7880093485469,0,26,26,26,10,-37.7880093485469
01-Aug-2026 01:49:24,-145.48611545787,-38.0530257245348,0,26,26,26,8,-38.0530257245348
01-Aug-2026 01:49:26,-145.390064111445,-37.9569743781096,0,25,25,25,9,-37.9569743781096
01-Aug-2026 01:49:28,-137.425470120859,-29.9923803875235,0,25,25,25,9,-29.9923803875235
01-Aug-2026 01:49:30,-137.71811336954,-30.2850236362045,0,25,25,25,9,-30.2850236362045
01-Aug-2026 01:49:32,-137.527607072257,-30.0945173389223,0,25,25,25,11,-30.0945173389223
01-Aug-2026 01:49:34,-137.456608361441,-30.0235186281058,0,25,25,25,12,-30.0235186281058
01-Aug-2026 01:49:36,-137.151374876759,-29.7182851434237,0,25,25,25,13,-29.7182851434237
01-Aug-2026 01:49:38,-137.441239411064,-30.0081496777293,0,25,25,25,14,-30.0081496777293
01-Aug-2026 01:49:40,-147.081410587684,-39.6483208543492,0,25,25,25,12,-39.6483208543492
01-Aug-2026 01:49:42,-146.774908246857,-39.3418185135223,0,25,25,25,13,-39.3418185135223
01-Aug-2026 01:49:44,-146.483820216922,-39.0507304835866,0,25,25,25,12,-39.0507304835866
01-Aug-2026 01:49:46,-146.024281595933,-38.591191862598,0,25,25,25,13,-38.591191862598
01-Aug-2026 01:49:48,-145.92681676116,-38.4937270278246,0,25,25,25,13,-38.4937270278246
01-Aug-2026 01:49:50,-145.565464599868,-38.1323748665326,0,25,25,25,13,-38.1323748665326
01-Aug-2026 01:49:52,-145.317282141685,-37.8841924083499,0,25,25,25,13,-37.8841924083499
01-Aug-2026 01:49:54,-143.363492699038,-35.9304029657033,0,25,25,25,12,-35.9304029657033
01-Aug-2026 01:49:56,-144.206637381302,-36.7735476479664,0,25,25,25,14,-36.7735476479664
01-Aug-2026 01:49:58,-144.075767922135,-36.6426781888003,0,25,25,25,13,-36.6426781888003
01-Aug-2026 01:50:00,-144.139621527924,-36.7065317945891,0,25,25,25,13,-36.7065317945891
01-Aug-2026 01:50:02,-144.119807828227,-36.6867180948916,0,25,25,25,12,-36.6867180948916
01-Aug-2026 01:50:04,-141.613966044209,-34.1808763108736,0,24,24,24,13,-34.1808763108736
01-Aug-2026 01:50:06,-141.321471637807,-33.8883819044719,0,24,24,24,13,-33.8883819044719
01-Aug-2026 01:50:08,-143.602005646834,-36.1689159134989,0,23,23,23,11,-36.1689159134989
01-Aug-2026 01:50:10,-142.569379250525,-35.13628951719,0,24,24,24,10,-35.13628951719
01-Aug-2026 01:50:12,-142.017233542982,-34.5841438096466,0,24,24,24,11,-34.5841438096466
01-Aug-2026 01:50:14,-141.79761358644,-34.3645238531044,0,24,24,24,11,-34.3645238531044
01-Aug-2026 01:50:16,-141.748688705477,-34.3155989721419,0,25,25,25,13,-34.3155989721419
01-Aug-2026 01:50:18,-141.833332167825,-34.4002424344899,0,25,25,25,13,-34.4002424344899
01-Aug-2026 01:50:20,-141.494404631834,-34.0613148984991,0,25,25,25,12,-34.0613148984991
01-Aug-2026 01:50:22,-141.230511968152,-33.797422234817,0,25,25,25,12,-33.797422234817
01-Aug-2026 01:50:24,-141.241458107636,-33.8083683743005,0,25,25,25,12,-33.8083683743005
01-Aug-2026 01:50:26,-141.305608200022,-33.8725184666873,0,25,25,25,11,-33.8725184666873
01-Aug-2026 01:50:28,-140.651516836859,-33.2184271035238,0,26,26,26,11,-33.2184271035238
01-Aug-2026 01:50:30,-140.23523367298,-32.8021439396451,0,26,26,26,11,-32.8021439396451
01-Aug-2026 01:50:32,-139.941686378064,-32.5085966447284,0,26,26,26,10,-32.5085966447284
01-Aug-2026 01:50:34,-139.869580760157,-32.4364910268216,0,26,26,26,12,-32.4364910268216
01-Aug-2026 01:50:36,-138.997179604732,-31.5640898713967,0,26,26,26,11,-31.5640898713967
01-Aug-2026 01:50:38,-142.018227963712,-34.5851382303763,0,26,26,26,11,-34.5851382303763
01-Aug-2026 01:50:40,-140.629091592478,-33.1960018591423,0,26,26,26,12,-33.1960018591423
01-Aug-2026 01:50:42,-139.21353969943,-31.7804499660948,0,26,26,26,12,-31.7804499660948
01-Aug-2026 01:50:44,-138.410020832885,-30.9769310995499,0,26,26,26,12,-30.9769310995499
01-Aug-2026 01:50:46,-146.945912912497,-39.5128231791619,0,25,25,25,12,-39.5128231791619
01-Aug-2026 01:50:48,-146.877954762656,-39.4448650293208,0,24,24,24,12,-39.4448650293208
01-Aug-2026 01:50:50,-146.503980759171,-39.0708910258358,0,24,24,24,13,-39.0708910258358
01-Aug-2026 01:50:52,-146.228466141987,-38.7953764086516,0,25,25,25,13,-38.7953764086516
01-Aug-2026 01:50:54,-146.442207232711,-39.0091174993763,0,25,25,25,14,-39.0091174993763
01-Aug-2026 01:50:56,-145.665927435512,-38.2328377021763,0,25,25,25,14,-38.2328377021763
01-Aug-2026 01:50:58,-161.192333085327,-53.7592433519914,0,25,25,25,11,-53.7592433519914
01-Aug-2026 01:51:00,-149.336193914234,-41.9031041808991,0,25,25,25,12,-41.9031041808991
01-Aug-2026 01:51:02,-149.294849220355,-41.8617594870202,0,25,25,25,12,-41.8617594870202
01-Aug-2026 01:51:04,-149.574499029816,-42.1414092964812,0,25,25,25,11,-42.1414092964812
01-Aug-2026 01:51:06,-158.064765753286,-50.631676019951,0,25,25,25,10,-50.631676019951
01-Aug-2026 01:51:08,-156.259349019615,-48.8262592862801,0,25,25,25,9,-48.8262592862801
01-Aug-2026 01:51:10,-152.228449969128,-44.7953602357928,0,25,25,25,9,-44.7953602357928
01-Aug-2026 01:51:12,-139.152359730261,-31.7192699969255,0,25,25,25,10,-31.7192699969255
01-Aug-2026 01:51:14,-139.228093666226,-31.7950039328907,0,26,26,26,11,-31.7950039328907
01-Aug-2026 01:51:16,-138.859341278102,-31.4262515447666,0,25,25,25,13,-31.4262515447666
01-Aug-2026 01:51:18,-124.27632711885,-16.8432373855147,0,25,25,25,13,-16.8432373855147
01-Aug-2026 01:51:20,-138.209410344256,-30.7763206109205,0,25,25,25,13,-30.7763206109205
01-Aug-2026 01:51:22,-138.210497378027,-30.7774076446923,0,25,25,25,12,-30.7774076446923
01-Aug-2026 01:51:24,-136.713118991104,-29.2800292577683,0,25,25,25,12,-29.2800292577683
01-Aug-2026 01:51:26,-136.718259672815,-29.2851699394803,0,25,25,25,10,-29.2851699394803
01-Aug-2026 01:51:28,-136.066444067793,-28.6333543344574,0,25,25,25,12,-28.6333543344574
01-Aug-2026 01:51:30,-135.283747772622,-27.8506580392869,0,25,25,25,11,-27.8506580392869
01-Aug-2026 01:51:32,-135.140603503904,-27.7075137705686,0,25,25,25,12,-27.7075137705686
01-Aug-2026 01:51:34,-134.999822726032,-27.566732992697,0,25,25,25,12,-27.566732992697
01-Aug-2026 01:51:36,-134.272749663444,-26.8396599301086,0,25,25,25,11,-26.8396599301086
01-Aug-2026 01:51:38,-133.73944445747,-26.3063547241347,0,25,25,25,12,-26.3063547241347
01-Aug-2026 01:51:40,-133.168408842017,-25.7353191086818,0,25,25,25,11,-25.7353191086818
01-Aug-2026 01:51:42,-132.592505337563,-25.1594156042275,0,25,25,25,11,-25.1594156042275
01-Aug-2026 01:51:44,-131.923527161408,-24.4904374280727,0,25,25,25,11,-24.4904374280727
01-Aug-2026 01:51:46,-143.692407015234,-36.2593172818993,0,25,25,25,13,-36.2593172818993
01-Aug-2026 01:51:48,-136.979754917234,-29.5466651838989,0,25,25,25,14,-29.5466651838989
01-Aug-2026 01:51:50,-136.973714904974,-29.540625171639,0,25,25,25,16,-29.540625171639
01-Aug-2026 01:51:52,-143.804611885281,-36.3715221519462,0,25,25,25,16,-36.3715221519462
01-Aug-2026 01:51:54,-143.940975975161,-36.5078862418263,0,25,25,25,14,-36.5078862418263
01-Aug-2026 01:51:56,-144.528432063601,-37.0953423302653,0,26,26,26,14,-37.0953423302653
01-Aug-2026 01:51:58,-146.671705639693,-39.2386159063581,0,26,26,26,12,-39.2386159063581
01-Aug-2026 01:52:00,-147.424503157699,-39.9914134243633,0,26,26,26,13,-39.9914134243633
01-Aug-2026 01:52:02,-155.862946027599,-48.4298562942643,0,26,26,26,12,-48.4298562942643
01-Aug-2026 01:52:04,-156.239977291073,-48.806887557738,0,26,26,26,13,-48.806887557738
01-Aug-2026 01:52:06,-156.064873630198,-48.6317838968628,0,26,26,26,13,-48.6317838968628
01-Aug-2026 01:52:08,-155.870488356187,-48.437398622852,0,26,26,26,15,-48.437398622852
01-Aug-2026 01:52:10,-155.941568893921,-48.5084791605862,0,26,26,26,13,-48.5084791605862
01-Aug-2026 01:52:12,-156.582500692593,-49.1494109592574,0,26,26,26,12,-49.1494109592574
01-Aug-2026 01:52:14,-158.223115641757,-50.7900259084217,0,26,26,26,12,-50.7900259084217
01-Aug-2026 01:52:16,-158.572628319703,-51.1395385863682,0,25,25,25,11,-51.1395385863682
01-Aug-2026 01:52:18,-157.460025373606,-50.0269356402705,0,24,24,24,9,-50.0269356402705
01-Aug-2026 01:52:20,-157.421688826425,-49.9885990930898,0,24,24,24,10,-49.9885990930898
01-Aug-2026 01:52:22,-157.362239017683,-49.9291492843479,0,24,24,24,8,-49.9291492843479
01-Aug-2026 01:52:24,-153.3075109631,-45.8744212297648,0,25,25,25,9,-45.8744212297648
01-Aug-2026 01:52:26,-154.727669925522,-47.2945801921867,0,25,25,25,8,-47.2945801921867
01-Aug-2026 01:52:28,-154.606850948111,-47.1737612147762,0,25,25,25,8,-47.1737612147762
01-Aug-2026 01:52:30,-155.090035989001,-47.656946255666,0,25,25,25,8,-47.656946255666
01-Aug-2026 01:52:32,-154.788575911142,-47.3554861778072,0,25,25,25,11,-47.3554861778072
01-Aug-2026 01:52:34,-154.115071910634,-46.6819821772988,0,25,25,25,9,-46.6819821772988
01-Aug-2026 01:52:36,-146.462859159008,-39.029769425673,0,25,25,25,11,-39.029769425673
01-Aug-2026 01:52:38,-146.662616313555,-39.2295265802194,0,25,25,25,11,-39.2295265802194
01-Aug-2026 01:52:40,-147.146083565938,-39.7129938326025,0,25,25,25,11,-39.7129938326025
01-Aug-2026 01:52:42,-147.136483197298,-39.7033934639624,0,25,25,25,10,-39.7033934639624
01-Aug-2026 01:52:44,-146.679675036089,-39.2465853027543,0,25,25,25,10,-39.2465853027543
01-Aug-2026 01:52:46,-146.869836515162,-39.4367467818273,0,26,26,26,11,-39.4367467818273
01-Aug-2026 01:52:48,-146.818045972144,-39.3849562388089,0,26,26,26,11,-39.3849562388089
01-Aug-2026 01:52:50,-153.480322681742,-46.0472329484069,0,24,24,24,12,-46.0472329484069
01-Aug-2026 01:52:52,-149.59492646024,-42.1618367269049,0,24,24,24,14,-42.1618367269049
01-Aug-2026 01:52:54,-149.834757081138,-42.4016673478029,0,24,24,24,14,-42.4016673478029
01-Aug-2026 01:52:56,-149.574666597367,-42.1415768640315,0,25,25,25,14,-42.1415768640315
01-Aug-2026 01:52:58,-149.582814063324,-42.1497243299888,0,25,25,25,14,-42.1497243299888
01-Aug-2026 01:53:00,-149.300676119317,-41.8675863859819,0,25,25,25,15,-41.8675863859819
01-Aug-2026 01:53:02,-149.194774012486,-41.7616842791509,0,25,25,25,15,-41.7616842791509
01-Aug-2026 01:53:04,-149.275314944106,-41.8422252107704,0,25,25,25,16,-41.8422252107704
01-Aug-2026 01:53:06,-152.816732612955,-45.3836428796198,0,25,25,25,15,-45.3836428796198
01-Aug-2026 01:53:08,-152.82502314087,-45.3919334075352,0,25,25,25,15,-45.3919334075352
01-Aug-2026 01:53:10,-152.495527214434,-45.0624374810987,0,25,25,25,15,-45.0624374810987
01-Aug-2026 01:53:12,-152.839165655206,-45.4060759218704,0,25,25,25,15,-45.4060759218704
01-Aug-2026 01:53:14,-152.469509024753,-45.0364192914175,0,25,25,25,15,-45.0364192914175
01-Aug-2026 01:53:16,-151.968596184701,-44.5355064513654,0,25,25,25,14,-44.5355064513654
01-Aug-2026 01:53:18,-151.845386414774,-44.4122966814387,0,25,25,25,14,-44.4122966814387
01-Aug-2026 01:53:20,-165.701083012088,-58.2679932787528,0,25,25,25,14,-58.2679932787528
01-Aug-2026 01:53:22,-165.897326100027,-58.4642363666919,0,25,25,25,13,-58.4642363666919
01-Aug-2026 01:53:24,-166.036820953228,-58.6037312198928,0,25,25,25,13,-58.6037312198928
01-Aug-2026 01:53:26,-166.276737040361,-58.8436473070261,0,25,25,25,13,-58.8436473070261
01-Aug-2026 01:53:28,-135.953554702095,-28.5204649687598,0,25,25,25,13,-28.5204649687598
01-Aug-2026 01:53:30,-136.319177164177,-28.886087430842,0,25,25,25,14,-28.886087430842
01-Aug-2026 01:53:32,-137.292409789643,-29.8593200563078,0,25,25,25,15,-29.8593200563078
01-Aug-2026 01:53:34,-137.827649670851,-30.3945599375158,0,25,25,25,14,-30.3945599375158
01-Aug-2026 01:53:36,-138.900603686172,-31.4675139528367,0,25,25,25,14,-31.4675139528367
01-Aug-2026 01:53:38,-139.718522015556,-32.2854322822213,0,25,25,25,15,-32.2854322822213
01-Aug-2026 01:53:40,-140.219327338362,-32.7862376050265,0,25,25,25,13,-32.7862376050265
01-Aug-2026 01:53:42,-140.26980277343,-32.8367130400947,0,25,25,25,13,-32.8367130400947
01-Aug-2026 01:53:44,-139.585678563058,-32.1525888297226,0,26,26,26,15,-32.1525888297226
01-Aug-2026 01:53:46,-139.815553651597,-32.3824639182613,0,26,26,26,15,-32.3824639182613
01-Aug-2026 01:53:48,-140.350628735278,-32.9175390019429,0,25,25,25,13,-32.9175390019429
01-Aug-2026 01:53:50,-133.236766338184,-25.8036766048485,0,25,25,25,14,-25.8036766048485
01-Aug-2026 01:53:52,-133.81755695688,-26.3844672235446,0,25,25,25,13,-26.3844672235446
01-Aug-2026 01:53:54,-135.163519638105,-27.7304299047695,0,24,24,24,13,-27.7304299047695
01-Aug-2026 01:53:56,-135.718584095323,-28.285494361988,0,24,24,24,13,-28.285494361988
01-Aug-2026 01:53:58,-136.371515431544,-28.938425698209,0,24,24,24,12,-28.938425698209
01-Aug-2026 01:54:00,-136.379248612516,-28.9461588791811,0,24,24,24,13,-28.9461588791811
01-Aug-2026 01:54:02,-137.238753894148,-29.805664160813,0,24,24,24,14,-29.805664160813
01-Aug-2026 01:54:04,-137.557768016394,-30.1246782830589,0,24,24,24,13,-30.1246782830589
01-Aug-2026 01:54:06,-138.272892115316,-30.8398023819811,0,25,25,25,14,-30.8398023819811
01-Aug-2026 01:54:08,-138.500837358471,-31.0677476251358,0,25,25,25,14,-31.0677476251358
01-Aug-2026 01:54:10,-139.116849878805,-31.6837601454702,0,25,25,25,15,-31.6837601454702
01-Aug-2026 01:54:12,-139.368796740381,-31.9357070070457,0,25,25,25,15,-31.9357070070457
01-Aug-2026 01:54:14,-139.801316027251,-32.3682262939156,0,25,25,25,16,-32.3682262939156
01-Aug-2026 01:54:16,-139.833465856364,-32.4003761230286,0,25,25,25,14,-32.4003761230286
01-Aug-2026 01:54:18,-141.040180864953,-33.6070911316182,0,25,25,25,14,-33.6070911316182
01-Aug-2026 01:54:20,-141.083630153128,-33.6505404197931,0,26,26,26,15,-33.6505404197931
01-Aug-2026 01:54:22,-141.272079748109,-33.8389900147735,0,26,26,26,15,-33.8389900147735
01-Aug-2026 01:54:24,-141.349426893848,-33.9163371605125,0,26,26,26,17,-33.9163371605125
01-Aug-2026 01:54:26,-149.836815159447,-42.4037254261121,0,26,26,26,16,-42.4037254261121
01-Aug-2026 01:54:28,-154.68620392304,-47.2531141897043,0,26,26,26,15,-47.2531141897043
01-Aug-2026 01:54:30,-154.874792072661,-47.4417023393262,0,26,26,26,15,-47.4417023393262
01-Aug-2026 01:54:32,-148.813009653687,-41.3799199203522,0,26,26,26,15,-41.3799199203522
01-Aug-2026 01:54:34,-148.517294542326,-41.084204808991,0,25,25,25,14,-41.084204808991
01-Aug-2026 01:54:36,-148.569128274074,-41.1360385407386,0,25,25,25,16,-41.1360385407386
01-Aug-2026 01:54:38,-147.192153862642,-39.7590641293073,0,25,25,25,16,-39.7590641293073
01-Aug-2026 01:54:40,-146.914173264716,-39.4810835313806,0,24,24,24,16,-39.4810835313806
01-Aug-2026 01:54:42,-146.5703612489,-39.1372715155649,0,25,25,25,16,-39.1372715155649
01-Aug-2026 01:54:44,-147.798073390992,-40.3649836576573,0,25,25,25,15,-40.3649836576573
01-Aug-2026 01:54:46,-147.825993116186,-40.3929033828507,0,25,25,25,14,-40.3929033828507
01-Aug-2026 01:54:48,-147.81344501534,-40.3803552820048,0,25,25,25,13,-40.3803552820048
01-Aug-2026 01:54:50,-148.01793358794,-40.5848438546046,0,25,25,25,13,-40.5848438546046
01-Aug-2026 01:54:52,-148.092559144551,-40.6594694112156,0,25,25,25,14,-40.6594694112156
01-Aug-2026 01:54:54,-138.102625778451,-30.6695360451157,0,25,25,25,15,-30.6695360451157
01-Aug-2026 01:54:56,-138.040531254397,-30.6074415210621,0,25,25,25,15,-30.6074415210621
01-Aug-2026 01:54:58,-138.185974142529,-30.7528844091939,0,25,25,25,14,-30.7528844091939
01-Aug-2026 01:55:00,-137.678817959231,-30.2457282258956,0,26,26,26,16,-30.2457282258956
01-Aug-2026 01:55:02,-137.708659130557,-30.2755693972214,0,26,26,26,16,-30.2755693972214
01-Aug-2026 01:55:04,-137.666687881193,-30.2335981478576,0,25,25,25,16,-30.2335981478576
01-Aug-2026 01:55:06,-136.468338582176,-29.0352488488406,0,25,25,25,18,-29.0352488488406
01-Aug-2026 01:55:08,-135.924460728728,-28.4913709953926,0,25,25,25,17,-28.4913709953926
01-Aug-2026 01:55:10,-136.233913645586,-28.8008239122504,0,25,25,25,15,-28.8008239122504
01-Aug-2026 01:55:12,-140.190203685605,-32.75711395227,0,25,25,25,14,-32.75711395227
01-Aug-2026 01:55:14,-139.87444117187,-32.441351438535,0,25,25,25,14,-32.441351438535
01-Aug-2026 01:55:16,-139.719670473646,-32.2865807403112,0,25,25,25,13,-32.2865807403112
01-Aug-2026 01:55:18,-139.559324073019,-32.1262343396835,0,25,25,25,12,-32.1262343396835
01-Aug-2026 01:55:20,-138.946438881764,-31.5133491484291,0,25,25,25,13,-31.5133491484291
01-Aug-2026 01:55:22,-138.61267321879,-31.1795834854551,0,25,25,25,14,-31.1795834854551
01-Aug-2026 01:55:24,-139.212667830754,-31.7795780974183,0,25,25,25,14,-31.7795780974183
01-Aug-2026 01:55:26,-149.495989690679,-42.0628999573439,0,25,25,25,12,-42.0628999573439
01-Aug-2026 01:55:28,-149.65717387574,-42.2240841424045,0,25,25,25,13,-42.2240841424045
01-Aug-2026 01:55:30,-149.427937054398,-41.994847321063,0,25,25,25,12,-41.994847321063
01-Aug-2026 01:55:32,-149.315677550402,-41.8825878170668,0,25,25,25,14,-41.8825878170668
01-Aug-2026 01:55:34,-149.171356244635,-41.7382665113001,0,25,25,25,14,-41.7382665113001
01-Aug-2026 01:55:36,-149.359275049061,-41.9261853157254,0,25,25,25,14,-41.9261853157254
01-Aug-2026 01:55:38,-142.729322739043,-35.2962330057082,0,25,25,25,14,-35.2962330057082
01-Aug-2026 01:55:40,-142.131306796276,-34.6982170629412,0,25,25,25,14,-34.6982170629412
01-Aug-2026 01:55:42,-142.097183042287,-34.6640933089521,0,25,25,25,14,-34.6640933089521
01-Aug-2026 01:55:44,-130.142843860424,-22.7097541270893,0,26,26,26,16,-22.7097541270893
01-Aug-2026 01:55:46,-129.070921863946,-21.6378321306109,0,26,26,26,17,-21.6378321306109
01-Aug-2026 01:55:48,-128.677111440133,-21.244021706798,0,26,26,26,19,-21.244021706798
01-Aug-2026 01:55:50,-128.317064400106,-20.8839746667705,0,26,26,26,19,-20.8839746667705
01-Aug-2026 01:55:52,-127.217376227165,-19.7842864938301,0,26,26,26,18,-19.7842864938301
01-Aug-2026 01:55:54,-124.382836000307,-16.9497462669722,0,26,26,26,18,-16.9497462669722
01-Aug-2026 01:55:56,-125.155746209545,-17.7226564762103,0,26,26,26,17,-17.7226564762103
01-Aug-2026 01:55:58,-125.489685374847,-18.0565956415116,0,26,26,26,16,-18.0565956415116
01-Aug-2026 01:56:00,-125.568952689261,-18.1358629559254,0,26,26,26,14,-18.1358629559254
01-Aug-2026 01:56:02,-125.88871647682,-18.4556267434851,0,26,26,26,13,-18.4556267434851
01-Aug-2026 01:56:04,-125.796163448212,-18.3630737148764,0,26,26,26,11,-18.3630737148764
01-Aug-2026 01:56:06,-125.926649125336,-18.4935593920008,0,26,26,26,11,-18.4935593920008
01-Aug-2026 01:56:08,-126.405966864562,-18.9728771312272,0,26,26,26,11,-18.9728771312272
01-Aug-2026 01:56:10,-126.729630438173,-19.2965407048377,0,25,25,25,10,-19.2965407048375
01-Aug-2026 01:56:12,-127.096833532437,-19.6637437991018,0,26,26,26,11,-19.6637437991014
01-Aug-2026 01:56:14,-131.62750302898,-24.1944132956451,0,25,25,25,10,-24.1944132956451
01-Aug-2026 01:56:16,-131.934573113452,-24.5014833801172,0,25,25,25,12,-24.5014833801172
01-Aug-2026 01:56:18,-132.09768333977,-24.6645936064349,0,25,25,25,14,-24.6645936064349
01-Aug-2026 01:56:20,-132.137968302398,-24.704878569063,0,25,25,25,15,-24.704878569063
01-Aug-2026 01:56:22,-132.207574423358,-24.7744846900223,0,25,25,25,15,-24.7744846900223
01-Aug-2026 01:56:24,-131.763722150336,-24.3306324170013,0,25,25,25,16,-24.3306324170013
01-Aug-2026 01:56:26,-131.105363333702,-23.6722736003668,0,25,25,25,17,-23.6722736003668
01-Aug-2026 01:56:28,-129.811528979857,-22.3784392465222,0,25,25,25,17,-22.3784392465223
01-Aug-2026 01:56:30,-134.41123282067,-26.9781430873348,0,25,25,25,16,-26.9781430873348
01-Aug-2026 01:56:32,-134.870775582854,-27.4376858495189,0,25,25,25,16,-27.4376858495189
01-Aug-2026 01:56:34,-135.113163056576,-27.6800733232403,0,25,25,25,14,-27.6800733232403
01-Aug-2026 01:56:36,-135.174016741865,-27.7409270085302,0,26,26,26,16,-27.7409270085303
01-Aug-2026 01:56:38,-135.797259471535,-28.3641697381996,0,26,26,26,15,-28.3641697381993
01-Aug-2026 01:56:40,-133.23969547671,-25.8066057433749,0,26,26,26,14,-25.8066057433749
01-Aug-2026 01:56:42,-137.389939380176,-29.9568496468412,0,24,24,24,14,-29.9568496468412
01-Aug-2026 01:56:44,-137.985334497489,-30.5522447641536,0,25,25,25,14,-30.5522447641536
01-Aug-2026 01:56:46,-138.327362653038,-30.894272919703,0,25,25,25,13,-30.894272919703
01-Aug-2026 01:56:48,-138.418436347193,-30.9853466138576,0,25,25,25,13,-30.9853466138576
01-Aug-2026 01:56:50,-138.492805539437,-31.0597158061022,0,25,25,25,12,-31.0597158061022
01-Aug-2026 01:56:52,-139.450944824444,-32.017855091109,0,25,25,25,13,-32.017855091109
01-Aug-2026 01:56:54,-139.481184109155,-32.0480943758196,0,25,25,25,12,-32.0480943758196
01-Aug-2026 01:56:56,-140.088895917493,-32.6558061841575,0,25,25,25,14,-32.6558061841575
01-Aug-2026 01:56:58,-140.794709207397,-33.3616194740616,0,25,25,25,13,-33.3616194740616
01-Aug-2026 01:57:00,-151.412102641828,-43.9790129084928,0,25,25,25,13,-43.9790129084928
01-Aug-2026 01:57:02,-156.85878838857,-49.4256986552352,0,25,25,25,14,-49.4256986552352
01-Aug-2026 01:57:04,-155.208429841196,-47.7753401078605,0,25,25,25,14,-47.7753401078605
01-Aug-2026 01:57:06,-156.036404204007,-48.6033144706718,0,24,24,24,13,-48.6033144706718
01-Aug-2026 01:57:08,-157.700488846132,-50.2673991127971,0,24,24,24,12,-50.2673991127971
01-Aug-2026 01:57:10,-151.615623518267,-44.182533784932,0,25,25,25,12,-44.182533784932
01-Aug-2026 01:57:12,-153.021018503754,-45.5879287704186,0,25,25,25,12,-45.5879287704186
01-Aug-2026 01:57:14,-151.652800161569,-44.2197104282337,0,25,25,25,11,-44.2197104282337
01-Aug-2026 01:57:16,-151.284131250827,-43.8510415174922,0,25,25,25,12,-43.8510415174922
01-Aug-2026 01:57:18,-139.297592229002,-31.864502495667,0,26,26,26,14,-31.864502495667
01-Aug-2026 01:57:20,-139.805506397664,-32.3724166643286,0,26,26,26,15,-32.3724166643286
01-Aug-2026 01:57:22,-140.200480594712,-32.7673908613769,0,26,26,26,14,-32.7673908613769
01-Aug-2026 01:57:24,-140.941766087606,-33.508676354271,0,26,26,26,13,-33.508676354271
01-Aug-2026 01:57:26,-149.910334214357,-42.4772444810219,0,26,26,26,12,-42.4772444810219
01-Aug-2026 01:57:28,-149.979379869534,-42.5462901361983,0,26,26,26,15,-42.5462901361983
01-Aug-2026 01:57:30,-147.552063607678,-40.1189738743431,0,26,26,26,15,-40.1189738743431
01-Aug-2026 01:57:32,-147.208445191908,-39.775355458573,0,25,25,25,14,-39.775355458573
01-Aug-2026 01:57:34,-146.432078832354,-38.9989890990189,0,25,25,25,16,-38.9989890990189
01-Aug-2026 01:57:36,-146.111807588621,-38.6787178552855,0,25,25,25,16,-38.6787178552855
01-Aug-2026 01:57:38,-146.171700969929,-38.7386112365935,0,25,25,25,16,-38.7386112365935
01-Aug-2026 01:57:40,-154.363610756097,-46.9305210227622,0,24,24,24,13,-46.9305210227622
01-Aug-2026 01:57:42,-150.676867108019,-43.2437773746841,0,24,24,24,12,-43.2437773746841
01-Aug-2026 01:57:44,-150.826530672412,-43.3934409390768,0,24,24,24,12,-43.3934409390768
01-Aug-2026 01:57:46,-146.457870338602,-39.0247806052671,0,24,24,24,13,-39.0247806052671
01-Aug-2026 01:57:48,-146.153297265058,-38.7202075317232,0,24,24,24,13,-38.7202075317232
01-Aug-2026 01:57:50,-146.532825258165,-39.0997355248299,0,24,24,24,13,-39.0997355248299
01-Aug-2026 01:57:52,-146.247063916789,-38.813974183454,0,24,24,24,13,-38.813974183454
01-Aug-2026 01:57:54,-146.316194783917,-38.8831050505817,0,24,24,24,13,-38.8831050505817
01-Aug-2026 01:57:56,-146.200302626905,-38.7672128935699,0,25,25,25,11,-38.7672128935699
01-Aug-2026 01:57:58,-145.847794126016,-38.4147043926808,0,25,25,25,11,-38.4147043926808
01-Aug-2026 01:58:00,-150.227246732271,-42.794156998936,0,25,25,25,11,-42.794156998936
01-Aug-2026 01:58:02,-148.522979301562,-41.089889568227,0,25,25,25,13,-41.089889568227
01-Aug-2026 01:58:04,-148.416767504325,-40.98367777099,0,25,25,25,12,-40.98367777099
01-Aug-2026 01:58:06,-146.253838921218,-38.820749187883,0,25,25,25,13,-38.820749187883
01-Aug-2026 01:58:08,-144.713821550388,-37.2807318170531,0,25,25,25,14,-37.2807318170531
01-Aug-2026 01:58:10,-145.540443715663,-38.107353982328,0,25,25,25,14,-38.107353982328
01-Aug-2026 01:58:12,-146.098596653283,-38.6655069199476,0,26,26,26,12,-38.6655069199476
01-Aug-2026 01:58:14,-145.00227790896,-37.569188175625,0,26,26,26,11,-37.569188175625
01-Aug-2026 01:58:16,-145.169004193994,-37.7359144606591,0,26,26,26,11,-37.7359144606591
01-Aug-2026 01:58:18,-144.968677069945,-37.5355873366101,0,26,26,26,11,-37.5355873366101
01-Aug-2026 01:58:20,-144.913393605797,-37.4803038724617,0,26,26,26,12,-37.4803038724617
01-Aug-2026 01:58:22,-145.040025421776,-37.6069356884405,0,25,25,25,11,-37.6069356884405
01-Aug-2026 01:58:24,-145.470718495887,-38.0376287625521,0,25,25,25,10,-38.0376287625521
01-Aug-2026 01:58:26,-145.262744376361,-37.8296546430259,0,25,25,25,10,-37.8296546430259
01-Aug-2026 01:58:28,-145.577702044273,-38.1446123109376,0,25,25,25,10,-38.1446123109376
01-Aug-2026 01:58:30,-145.325678274733,-37.8925885413978,0,25,25,25,12,-37.8925885413978
01-Aug-2026 01:58:32,-145.390838036881,-37.9577483035453,0,25,25,25,13,-37.9577483035453
01-Aug-2026 01:58:34,-145.140353485542,-37.707263752207,0,25,25,25,14,-37.707263752207
01-Aug-2026 01:58:36,-144.227269570892,-36.7941798375569,0,25,25,25,13,-36.7941798375569
01-Aug-2026 01:58:38,-144.82172898188,-37.3886392485445,0,25,25,25,13,-37.3886392485445
01-Aug-2026 01:58:40,-141.818794884856,-34.3857051515208,0,25,25,25,13,-34.3857051515208
01-Aug-2026 01:58:42,-141.948198270954,-34.515108537619,0,25,25,25,11,-34.515108537619
01-Aug-2026 01:58:44,-141.662302232883,-34.2292124995474,0,25,25,25,10,-34.2292124995474
01-Aug-2026 01:58:46,-141.68986815126,-34.2567784179251,0,25,25,25,12,-34.2567784179251
01-Aug-2026 01:58:48,-137.366775279378,-29.9336855460427,0,25,25,25,13,-29.9336855460427
01-Aug-2026 01:58:50,-136.72979615212,-29.2967064187853,0,26,26,26,12,-29.2967064187853
01-Aug-2026 01:58:52,-136.5374143685,-29.1043246351643,0,25,25,25,11,-29.1043246351643
01-Aug-2026 01:58:54,-135.712860418052,-28.2797706847163,0,25,25,25,11,-28.2797706847163
01-Aug-2026 01:58:56,-135.122817823531,-27.6897280901958,0,25,25,25,11,-27.6897280901958
01-Aug-2026 01:58:58,-134.592038364616,-27.1589486312809,0,25,25,25,11,-27.1589486312809
01-Aug-2026 01:59:00,-133.873831097165,-26.4407413638295,0,25,25,25,11,-26.4407413638295
01-Aug-2026 01:59:02,-133.060700079246,-25.6276103459108,0,25,25,25,11,-25.6276103459108
01-Aug-2026 01:59:04,-133.482070066109,-26.0489803327742,0,25,25,25,11,-26.0489803327742
01-Aug-2026 01:59:06,-133.098993807907,-25.6659040745717,0,25,25,25,11,-25.6659040745717
01-Aug-2026 01:59:08,-133.470528961184,-26.0374392278489,0,25,25,25,11,-26.0374392278489
01-Aug-2026 01:59:10,-133.507436013167,-26.074346279832,0,25,25,25,12,-26.074346279832
01-Aug-2026 01:59:12,-133.368282094906,-25.9351923615712,0,25,25,25,13,-25.9351923615712
01-Aug-2026 01:59:14,-138.735865018965,-31.3027752856297,0,25,25,25,12,-31.3027752856297
01-Aug-2026 01:59:16,-138.383686453106,-30.9505967197711,0,25,25,25,12,-30.9505967197711
01-Aug-2026 01:59:18,-138.069573241449,-30.636483508114,0,25,25,25,12,-30.636483508114
01-Aug-2026 01:59:20,-137.481231838509,-30.0481421051739,0,25,25,25,14,-30.0481421051739
01-Aug-2026 01:59:22,-137.355269245867,-29.9221795125317,0,25,25,25,13,-29.9221795125317
01-Aug-2026 01:59:24,-136.936766093781,-29.5036763604459,0,25,25,25,12,-29.5036763604459
01-Aug-2026 01:59:26,-136.739051656864,-29.3059619235286,0,25,25,25,10,-29.3059619235286
01-Aug-2026 01:59:28,-137.217067884878,-29.7839781515426,0,25,25,25,8,-29.7839781515426
01-Aug-2026 01:59:30,-136.427838596151,-28.9947488628159,0,25,25,25,8,-28.9947488628159
01-Aug-2026 01:59:32,-135.969917575726,-28.5368278423912,0,25,25,25,7,-28.5368278423912
01-Aug-2026 01:59:34,-135.093898229169,-27.6608084958336,0,26,26,26,9,-27.6608084958336
01-Aug-2026 01:59:36,-134.071480688613,-26.6383909552773,0,26,26,26,10,-26.6383909552773
01-Aug-2026 01:59:38,-132.726541985236,-25.293452251901,0,26,26,26,11,-25.293452251901
01-Aug-2026 01:59:40,-131.588539434409,-24.1554497010741,0,26,26,26,11,-24.1554497010741
01-Aug-2026 01:59:42,-130.994096104915,-23.5610063715802,0,26,26,26,10,-23.5610063715802
01-Aug-2026 01:59:44,-130.777706985295,-23.3446172519596,0,26,26,26,9,-23.3446172519596
01-Aug-2026 01:59:46,-130.826840947765,-23.3937512144299,0,26,26,26,9,-23.3937512144299
01-Aug-2026 01:59:48,-131.646115194037,-24.2130254607017,0,26,26,26,9,-24.2130254607017
01-Aug-2026 01:59:50,-143.090135397326,-35.6570456639907,0,26,26,26,8,-35.6570456639907
01-Aug-2026 01:59:52,-149.37995719552,-41.9468674621847,0,26,26,26,6,-41.9468674621847
01-Aug-2026 01:59:54,-149.766342788373,-42.3332530550382,0,26,26,26,5,-42.3332530550382
01-Aug-2026 01:59:56,-149.234688604526,-41.8015988711905,0,26,26,26,8,-41.8015988711905
01-Aug-2026 01:59:58,-149.843919594139,-42.410829860804,0,26,26,26,10,-42.410829860804
01-Aug-2026 02:00:00,-149.392620001959,-41.9595302686236,0,27,27,27,11,-41.9595302686236
