OuterAngleDeg,InnerAngleDeg,WorstExceedancePercent,RobustExceedancePercent,MedianExceedancePercent,MaximumIOverNDb,P95IOverNDb,PracticalPercentileIOverNDb,RobustAvailabilityPercent,RetaskDutyPercent,ShutdownDutyPercent,Feasible,PracticalFeasible,Score,SearchStage
0,0,3.49902804776451,3.49902804776451,2.74923632324354,17.029352894684,-9.06849268535714,13.309684160669,96.5009719522355,0,0,0,0,0,coarse
0.5,0,3.49902804776451,3.49902804776451,2.74923632324354,17.029352894684,-9.06849268535714,13.309684160669,96.5009719522355,0.0142942227516379,0,0,0,0.5,coarse
0.5,0.5,3.41571785615107,3.41571785615107,2.69369619550125,17.029352894684,-9.17778156331854,13.309684160669,96.5842821438489,0,0.0142942227516379,0,0,1,coarse
1,0,3.49902804776451,3.49902804776451,2.74923632324354,17.029352894684,-9.06849268535714,13.309684160669,96.5009719522355,0.0487521764364481,0,0,0,1,coarse
1,0.5,3.41571785615107,3.41571785615107,2.69369619550125,17.029352894684,-9.17778156331854,13.309684160669,96.5842821438489,0.0371445153801509,0.0142942227516379,0,0,1.5,coarse
1,1,3.19355734518189,3.19355734518189,2.63815606775896,17.029352894684,-9.44919182912966,13.309684160669,96.8064426548181,0,0.0487521764364481,0,0,2,coarse
2,0,3.49902804776451,3.49902804776451,2.74923632324354,17.029352894684,-9.06849268535714,13.309684160669,96.5009719522355,0.111433546140453,0,0,0,2,coarse
2,0.5,3.41571785615107,3.41571785615107,2.69369619550125,17.029352894684,-9.17778156331854,13.309684160669,96.5842821438489,0.0998258850841555,0.0142942227516379,0,0,2.5,coarse
2,1,3.19355734518189,3.19355734518189,2.63815606775896,17.029352894684,-9.44919182912966,13.309684160669,96.8064426548181,0.0690887432995831,0.0487521764364481,0,0,3,coarse
2,2,3.1380172174396,3.1380172174396,2.47153568453207,17.029352894684,-9.59127115246269,13.309684160669,96.8619827825604,0,0.111433546140453,0,0,4,coarse
3,0,3.52679811163566,3.52679811163566,2.74923632324354,17.029352894684,-9.06849268535714,13.309684160669,96.4732018883643,0.227510156703424,0,0,0,3,coarse
3,0.5,3.44348792002222,3.44348792002222,2.69369619550125,17.029352894684,-9.17778156331854,13.309684160669,96.5565120799778,0.215902495647127,0.0142942227516379,0,0,3.5,coarse
3,1,3.22132740905304,3.22132740905304,2.63815606775896,17.029352894684,-9.44919182912966,13.309684160669,96.778672590947,0.178757980266976,0.0487521764364481,0,0,4,coarse
3,2,3.1380172174396,3.1380172174396,2.48542071646765,17.029352894684,-9.59127115246269,13.309684160669,96.8619827825604,0.116076610562972,0.111433546140453,0,0,5,coarse
3,3,3.1380172174396,3.1380172174396,2.37434046098306,17.029352894684,-10.026403959262,13.309684160669,96.8619827825604,0,0.227510156703424,0,0,6,coarse
5,0,3.5545681755068,3.5545681755068,2.76312135517912,17.029352894684,-9.06849268535714,13.309684160669,96.4454318244932,0.524666279744631,0,0,0,5,coarse
5,0.5,3.47125798389336,3.47125798389336,2.70758122743682,17.029352894684,-9.17778156331854,13.309684160669,96.5287420161066,0.513058618688334,0.0142942227516379,0,0,5.5,coarse
5,1,3.24909747292419,3.24909747292419,2.65204109969453,17.029352894684,-9.44919182912966,13.309684160669,96.7509025270758,0.475914103308183,0.0487521764364481,0,0,6,coarse
5,2,3.1380172174396,3.1380172174396,2.51319078033879,17.029352894684,-9.59127115246269,13.309684160669,96.8619827825604,0.413232733604179,0.111433546140453,0,0,7,coarse
5,3,3.1380172174396,3.1380172174396,2.40211052485421,17.029352894684,-10.026403959262,13.309684160669,96.8619827825604,0.297156123041207,0.227510156703424,0,0,8,coarse
5,5,3.08247708969731,3.08247708969731,2.30491530130519,17.029352894684,-11.0478491128611,13.309684160669,96.9175229103027,0,0.524666279744631,0,0,10,coarse
10,0,3.41571785615107,3.41571785615107,2.81866148292141,17.029352894684,-9.03771002958119,13.309684160669,96.5842821438489,1.6366802089379,0,0,0,10,coarse
10,0.5,3.33240766453763,3.33240766453763,2.76312135517912,17.029352894684,-9.13461228932231,13.309684160669,96.6675923354624,1.6250725478816,0.0142942227516379,0,0,10.5,coarse
10,1,3.27686753679533,3.27686753679533,2.62427103582338,17.029352894684,-9.2425348049903,13.309684160669,96.7231324632047,1.60810005955926,0.0487521764364481,0,0,11,coarse
10,2,3.24909747292419,3.24909747292419,2.44376562066093,17.029352894684,-9.3826148591559,13.309684160669,96.7509025270758,1.53901131625968,0.111433546140453,0,0,12,coarse
10,3,3.24909747292419,3.24909747292419,2.33268536517634,17.029352894684,-9.64285309581602,13.309684160669,96.7509025270758,1.45086360929124,0.227510156703424,0,0,13,coarse
10,5,3.19355734518189,3.19355734518189,2.19383504582061,17.029352894684,-10.9245435529747,13.309684160669,96.8064426548181,1.23883263847528,0.524666279744631,0,0,15,coarse
10,10,2.83254651485698,2.83254651485698,2.11052485420716,17.029352894684,-13.751017398526,13.309684160669,97.167453485143,0,1.6366802089379,0,0,20,coarse
15,0,3.11024715356845,3.11024715356845,2.44376562066093,17.029352894684,-9.86151086623508,12.3653966265559,96.8897528464315,3.58908879860708,0,0,0,15,coarse
15,0.5,3.02693696195501,3.02693696195501,2.38822549291863,17.029352894684,-9.94365251764632,12.3653966265559,96.973063038045,3.57748113755078,0.0142942227516379,0,0,15.5,coarse
15,1,2.80477645098584,2.80477645098584,2.33268536517634,17.029352894684,-10.439244881118,12.3653966265559,97.1952235490142,3.54033662217063,0.0487521764364481,0,0,16,coarse
15,2,2.77700638711469,2.77700638711469,2.15217995001389,17.029352894684,-10.7849613857008,12.3653966265559,97.2229936128853,3.47765525246663,0.111433546140453,0,0,17,coarse
15,3,2.77700638711469,2.77700638711469,2.0410996945293,17.029352894684,-11.2571703747524,12.3653966265559,97.2229936128853,3.36157864190366,0.227510156703424,0,0,18,coarse
15,5,2.7214662593724,2.7214662593724,1.90224937517356,17.029352894684,-12.2921119023545,12.3653966265559,97.2785337406276,3.06442251886245,0.524666279744631,0,0,20,coarse
15,10,2.36045542904749,2.36045542904749,1.81893918356012,17.029352894684,-14.9712930360495,12.3653966265559,97.6395445709525,2.00889753927429,1.6366802089379,0,0,25,coarse
15,15,2.36045542904749,2.36045542904749,1.81893918356012,17.029352894684,-16.6257286774166,12.3653966265559,97.6395445709525,0,3.58908879860708,0,0,30,coarse
20,0,2.44376562066093,2.44376562066093,1.7772840877534,17.029352894684,-11.6842627868702,10.4656275521574,97.5562343793391,6.77423099245502,0,0,0,20,coarse
20,0.5,2.44376562066093,2.44376562066093,1.68008886420439,17.029352894684,-11.6975665402018,10.4656275521574,97.5562343793391,6.76262333139872,0.0142942227516379,0,0,20.5,coarse
20,1,2.38822549291863,2.38822549291863,1.54123854484865,17.029352894684,-11.7215921917956,10.4656275521574,97.6117745070814,6.72547881601857,0.0487521764364481,0,0,21,coarse
20,2,2.36045542904749,2.36045542904749,1.3607331296862,17.029352894684,-11.8441355246328,10.4656275521574,97.6395445709525,6.66279744631457,0.111433546140453,0,0,22,coarse
20,3,2.36045542904749,2.36045542904749,1.26353790613718,17.029352894684,-12.7218893312552,10.4656275521574,97.6395445709525,6.5467208357516,0.227510156703424,0,0,23,coarse
20,5,2.30491530130519,2.30491530130519,1.11080255484588,17.029352894684,-14.1348821031012,10.4656275521574,97.6950846986948,6.24956471271039,0.524666279744631,0,0,25,coarse
20,10,1.94390447098028,1.94390447098028,1.05526242710358,17.029352894684,-16.3054595115109,10.4656275521574,98.0560955290197,5.13755078351712,1.6366802089379,0,0,30,coarse
20,15,1.94390447098028,1.94390447098028,1.02749236323244,17.029352894684,-18.6471128380984,10.4656275521574,98.0560955290197,3.18514219384794,3.58908879860708,0,0,35,coarse
20,20,1.94390447098028,1.94390447098028,1.02749236323244,17.0293511624521,-20.4549923163351,10.465619736695,98.0560955290197,0,6.77423099245502,0,0,40,coarse
25,0,1.44404332129964,1.44404332129964,1.24965287420161,7.55331767682328,-13.229271522523,5.85566368243794,98.5559566787004,12.1091120139292,0,0,0,25,coarse
25,0.5,1.44404332129964,1.44404332129964,1.1524576506526,6.26828259924443,-13.3141502697021,3.98550665627983,98.5559566787004,12.0975043528729,0.0142942227516379,0,0,25.5,coarse
25,1,1.38850319355735,1.38850319355735,1.01360733129686,6.26828259924443,-14.0611368773201,3.88722272639226,98.6114968064427,12.0603598374927,0.0487521764364481,0,0,26,coarse
25,2,1.3607331296862,1.3607331296862,0.833101916134407,6.26828259924443,-14.6097828967325,3.8526718302162,98.6392668703138,11.9976784677887,0.111433546140453,0,0,27,coarse
25,3,1.3607331296862,1.3607331296862,0.735906692585393,6.26828259924443,-14.9852896771505,3.8526718302162,98.6392668703138,11.8816018572258,0.227510156703424,0,0,28,coarse
25,5,1.3051930019439,1.3051930019439,0.583171341294085,6.26828259924443,-16.2593346967425,3.8526718302162,98.6948069980561,11.5844457341846,0.524666279744631,0,0,30,coarse
25,10,0.944182171618995,0.944182171618995,0.527631213551791,6.26828259924443,-18.5859491703367,3.8526718302162,99.055817828381,10.4914539811941,1.6366802089379,0,0,35,coarse
25,15,0.944182171618995,0.944182171618995,0.499861149680644,6.26828259924443,-21.0310490559498,3.85152847624326,99.055817828381,8.54601880587336,3.58908879860708,0,0,40,coarse
25,20,0.944182171618995,0.944182171618995,0.499861149680644,6.26807460404495,-22.7417338117953,3.85148306457713,99.055817828381,5.66028996248089,6.77423099245502,0,0,45,coarse
25,25,0.944182171618995,0.944182171618995,0.499861149680644,6.26807460404495,-24.9136226309564,3.85144788928048,99.055817828381,0,12.1091120139292,0,0,50,coarse
30,0,1.11080255484588,1.11080255484588,0.833101916134407,7.55331767682328,-14.9734758934575,5.43085740885246,98.8891974451541,18.0986651189785,0,0,0,30,coarse
30,0.5,1.02749236323244,1.02749236323244,0.777561788392113,5.87995850774226,-15.1683928083745,3.05986636170431,98.9725076367676,18.0870574579222,0.0142942227516379,0,0,30.5,coarse
30,1,0.80533185226326,0.80533185226326,0.72202166064982,3.95812186145342,-16.0235790268795,2.8399638310855,99.1946681477367,18.0499129425421,0.0487521764364481,0,0,31,coarse
30,2,0.72202166064982,0.72202166064982,0.569286309358512,3.95812186145342,-16.2593346967425,2.32332953221936,99.2779783393502,17.9872315728381,0.111433546140453,0,0,32,coarse
30,3,0.72202166064982,0.72202166064982,0.458206053873924,3.95812186145342,-16.9895803330541,1.951758484547,99.2779783393502,17.8711549622751,0.227510156703424,0,0,33,coarse
30,5,0.666481532907526,0.666481532907526,0.319355734518189,3.95812186145342,-18.1321148509679,1.951758484547,99.3335184670925,17.5739988392339,0.524666279744631,0,0,35,coarse
30,10,0.305470702582616,0.305470702582616,0.236045542904749,3.95812186145342,-20.3256988174398,1.951758484547,99.6945292974174,16.4619849100406,1.6366802089379,0,0,40,coarse
30,15,0.305470702582616,0.305470702582616,0.236045542904749,3.95812186145342,-22.7879499051666,1.951758484547,99.6945292974174,14.5095763203714,3.58908879860708,0,0,45,coarse
30,20,0.305470702582616,0.305470702582616,0.236045542904749,3.95812186145342,-24.369596372496,1.951758484547,99.6945292974174,11.3831117698828,6.77423099245502,0,0,50,coarse
30,25,0.305470702582616,0.305470702582616,0.236045542904749,3.95808273431588,-26.1172529639621,1.95161828270937,99.6945292974174,5.9988088147707,12.1091120139292,0,0,55,coarse
30,30,0.305470702582616,0.305470702582616,0.236045542904749,3.95797405372497,-30.9026477203511,1.95161828270937,99.6945292974174,0,18.0986651189785,0,0,60,coarse
35,0,1.02749236323244,1.02749236323244,0.666481532907526,7.55331767682328,-15.1683928083745,5.43085740885246,98.9725076367676,23.0481717933836,0,0,0,35,coarse
35,0.5,0.944182171618995,0.944182171618995,0.610941405165232,5.87995850774226,-15.4269892647938,3.05986636170431,99.055817828381,23.0365641323273,0.0142942227516379,0,0,35.5,coarse
35,1,0.72202166064982,0.72202166064982,0.555401277422938,3.95812186145342,-16.3235534214993,2.79292473849021,99.2779783393502,22.9994196169472,0.0487521764364481,0,0,36,coarse
35,2,0.527631213551791,0.527631213551791,0.458206053873924,3.95812186145342,-16.6848489839826,2.02112319136526,99.4723687864482,22.9367382472432,0.111433546140453,0,0,37,coarse
35,3,0.499861149680644,0.499861149680644,0.36101083032491,3.95812186145342,-17.3241746109247,1.87754225313747,99.5001388503194,22.8206616366802,0.227510156703424,0,0,38,coarse
35,5,0.44432102193835,0.44432102193835,0.222160510969175,3.95812186145342,-18.6407912894148,1.6277622649094,99.5556789780616,22.523505513639,0.524666279744631,0,0,40,coarse
35,10,0.138850319355735,0.138850319355735,0.111080255484588,3.95812186145342,-20.5936964587393,1.6277622649094,99.8611496806443,21.4114915844457,1.6366802089379,0,0,45,coarse
35,15,0.138850319355735,0.138850319355735,0.111080255484588,3.95812186145342,-23.0778548874415,1.6277622649094,99.8611496806443,19.4590829947766,3.58908879860708,0,0,50,coarse
35,20,0.138850319355735,0.138850319355735,0.111080255484588,3.95812186145342,-24.7614693868532,1.62767833400538,99.8611496806443,16.2739408009286,6.77423099245502,0,0,55,coarse
35,25,0.138850319355735,0.138850319355735,0.111080255484588,3.95808273431588,-26.6054065978539,1.62758603652227,99.8611496806443,10.9390597794544,12.1091120139292,0,0,60,coarse
35,30,0.138850319355735,0.138850319355735,0.111080255484588,3.95797405372497,-30.8624726790198,1.62748295346072,99.8611496806443,5.03730478706149,18.0986651189785,0,0,65,coarse
35,35,0.138850319355735,0.138850319355735,0.111080255484588,3.95797405372497,-33.955967635972,1.62728662415256,99.8611496806443,0,23.0481717933836,0,0,70,coarse
40,0,0.999722299361288,0.999722299361288,0.583171341294085,7.55331767682328,-15.2243575916263,5.43085740885246,99.0002777006387,27.758560650029,0,0,0,40,coarse
40,0.5,0.916412107747848,0.916412107747848,0.527631213551791,5.87995850774226,-15.4958002929046,3.05986636170431,99.0835878922522,27.7469529889727,0.0142942227516379,0,0,40.5,coarse
40,1,0.694251596778673,0.694251596778673,0.472091085809497,3.57448227607021,-16.3474791727438,2.79292473849021,99.3057484032213,27.7098084735926,0.0487521764364481,0,0,41,coarse
40,2,0.499861149680644,0.499861149680644,0.374895862260483,3.44603206675163,-16.8433414545063,2.02112319136526,99.5001388503194,27.6471271038886,0.111433546140453,0,0,42,coarse
40,3,0.44432102193835,0.44432102193835,0.319355734518189,3.44603206675163,-17.5749574479668,1.87754225313747,99.5556789780616,27.5310504933256,0.227510156703424,0,0,43,coarse
40,5,0.388780894196057,0.388780894196057,0.152735351291308,3.44603206675163,-18.7427003772813,1.32416000481918,99.6112191058039,27.2338943702844,0.524666279744631,0,0,45,coarse
40,10,0.111080255484588,0.111080255484588,0.0555401277422938,3.0605609023539,-20.6684684701062,0.758492299598837,99.8889197445154,26.1218804410911,1.6366802089379,0,0,50,coarse
40,15,0.111080255484588,0.111080255484588,0.0277700638711469,3.0605609023539,-23.3947636879426,0.499637770552054,99.8889197445154,24.1694718514219,3.58908879860708,0,0,55,coarse
40,20,0.111080255484588,0.111080255484588,0.0277700638711469,3.0605609023539,-24.8707970879072,0.0605901107169644,99.8889197445154,20.984329657574,6.77423099245502,0,0,60,coarse
40,25,0.111080255484588,0.111080255484588,0.0277700638711469,3.06042642143504,-26.7125242602858,-0.284675093676581,99.8889197445154,15.6494486360998,12.1091120139292,0,0,65,coarse
40,30,0.111080255484588,0.111080255484588,0.0277700638711469,3.06042642143504,-30.9526763821684,-0.284675093676581,99.8889197445154,9.65989553105049,18.0986651189785,0,0,70,coarse
40,35,0.111080255484588,0.111080255484588,0.0277700638711469,3.06042642143504,-34.019382719122,-0.284870042198121,99.8889197445154,4.71038885664539,23.0481717933836,0,0,75,coarse
40,40,0.111080255484588,0.111080255484588,0.0277700638711469,3.06042642143504,-36.265837988583,-0.284870042198121,99.8889197445154,0,27.758560650029,0,0,80,coarse
45,0,0.916412107747848,0.916412107747848,0.555401277422938,7.55331767682328,-15.4269892647938,5.43085740885246,99.0835878922522,32.0510737086477,0,0,0,45,coarse
45,0.5,0.833101916134407,0.833101916134407,0.499861149680644,5.87995850774226,-15.6740207005575,2.82260499101814,99.1668980838656,32.0394660475914,0.0142942227516379,0,0,45.5,coarse
45,1,0.610941405165232,0.610941405165232,0.44432102193835,3.57448227607021,-16.5107656077011,2.01364282857624,99.3890585948348,32.0023215322113,0.0487521764364481,0,0,46,coarse
45,2,0.416550958067203,0.416550958067203,0.347125798389336,3.44603206675163,-16.9013408429229,0.414769380169004,99.5834490419328,31.9396401625073,0.111433546140453,0,0,47,coarse
45,3,0.416550958067203,0.416550958067203,0.277700638711469,3.44603206675163,-17.675129550999,-0.21257684041564,99.5834490419328,31.8235635519443,0.227510156703424,0,0,48,coarse
45,5,0.36101083032491,0.36101083032491,0.0971952235490142,3.44603206675163,-18.9633231970102,-0.989562998015108,99.6389891696751,31.5264074289031,0.524666279744631,0,0,50,coarse
45,10,0.0833101916134407,0.0833101916134407,0.0138850319355735,1.88517584942468,-20.9995156246631,-6.89296281158691,99.9166898083866,30.4143934997098,1.6366802089379,0,1,55,coarse
45,15,0.0277700638711469,0.0277700638711469,0.0138850319355735,1.88517584942468,-23.6975080347579,-9.7210688845938,99.9722299361289,28.4619849100406,3.58908879860708,0,1,60,coarse
45,20,0.0277700638711469,0.0277700638711469,0.0138850319355735,1.88517584942468,-25.0001691530532,-13.8304854832273,99.9722299361289,25.3950600120488,6.77423099245502,0,1,65,coarse
45,25,0.0277700638711469,0.0277700638711469,0.0138850319355735,1.88513014561028,-27.0400901109862,-18.3099334246909,99.9722299361289,20.0403169748366,12.1091120139292,0,1,70,coarse
45,30,0.0277700638711469,0.0277700638711469,0.0138850319355735,1.88513014561028,-31.1945575730606,-19.439574306083,99.9722299361289,14.2291116363131,18.0986651189785,0,1,75,coarse
45,35,0.0277700638711469,0.0277700638711469,0.0138850319355735,1.88491329519699,-34.1421751008705,-19.7990731957701,99.9722299361289,9.19180684925159,23.0481717933836,0,1,80,coarse
45,40,0.0277700638711469,0.0277700638711469,0.0138850319355735,1.88491329519699,-36.3068381410432,-19.8113873566945,99.9722299361289,4.59474489086612,27.758560650029,0,1,85,coarse
45,45,0.0277700638711469,0.0277700638711469,0.0138850319355735,1.88471650314416,-40.7339452726284,-19.8126436811598,99.9722299361289,0,32.0510737086477,0,1,90,coarse
50,0,0.888642043876701,0.888642043876701,0.555401277422938,7.55331767682328,-15.4958002929046,5.43085740885246,99.1113579561233,36.0255368543239,0,0,0,50,coarse
50,0.5,0.80533185226326,0.80533185226326,0.499861149680644,5.87995850774226,-15.7227627701008,2.82260499101814,99.1946681477367,36.0139291932676,0.0142942227516379,0,0,50.5,coarse
50,1,0.583171341294085,0.583171341294085,0.44432102193835,3.57448227607021,-16.5532251175194,1.88067645430179,99.4168286587059,35.9767846778874,0.0487521764364481,0,0,51,coarse
50,2,0.416550958067203,0.416550958067203,0.333240766453763,3.44603206675163,-16.9129644917383,-0.21257684041564,99.5834490419328,35.9141033081834,0.111433546140453,0,0,52,coarse
50,3,0.416550958067203,0.416550958067203,0.249930574840322,3.44603206675163,-17.6855195398124,-0.21257684041564,99.5834490419328,35.7980266976204,0.227510156703424,0,0,53,coarse
50,5,0.36101083032491,0.36101083032491,0.0833101916134407,3.44603206675163,-19.0194215677393,-0.989562998015108,99.6389891696751,35.5008705745792,0.524666279744631,0,0,55,coarse
50,10,0.0555401277422938,0.0555401277422938,0,-5.7312944899403,-21.0330444448908,-7.15813830004618,99.9444598722577,34.388856645386,1.6366802089379,0,1,60,coarse
50,15,0,0,0,-7.80810456484286,-23.8160503201142,-10.8517705321491,100,32.4364480557168,3.58908879860708,1,1,65,coarse
50,20,0,0,0,-13.4489723961887,-25.0770176578181,-13.8304854832273,100,29.2513058618688,6.77423099245502,1,1,70,coarse
50,25,0,0,0,-18.1514163671742,-27.1645014859005,-18.3928396587661,100,23.9164248403947,12.1091120139292,1,1,75,coarse
50,30,0,0,0,-18.3696950831639,-31.3292460125207,-20.2180285429538,100,18.0569071782752,18.0986651189785,1,1,80,coarse
50,35,0,0,0,-18.3696950831639,-34.2746006515671,-21.7502272073444,100,13.0196023912137,23.0481717933836,1,1,85,coarse
50,40,0,0,0,-18.3696950831639,-36.473950098378,-21.7595880306033,100,8.42254043282821,27.758560650029,1,1,90,coarse
50,45,0,0,0,-18.3762908033116,-41.1850146569051,-21.7620947542886,100,3.97617629541394,32.0510737086477,1,1,95,coarse
50,50,0,0,0,-18.3762908033116,-46.4317499570467,-21.7620947542886,100,0,36.0255368543239,1,1,100,coarse
55,0,0.888642043876701,0.888642043876701,0.555401277422938,7.55331767682328,-15.4958002929046,5.43085740885246,99.1113579561233,38.6326175275682,0,0,0,55,coarse
55,0.5,0.80533185226326,0.80533185226326,0.499861149680644,5.87995850774226,-15.7227627701008,2.82260499101814,99.1946681477367,38.6210098665119,0.0142942227516379,0,0,55.5,coarse
55,1,0.583171341294085,0.583171341294085,0.44432102193835,3.57448227607021,-16.5532251175194,1.88067645430179,99.4168286587059,38.5838653511317,0.0487521764364481,0,0,56,coarse
55,2,0.416550958067203,0.416550958067203,0.333240766453763,3.44603206675163,-16.9129644917383,-0.21257684041564,99.5834490419328,38.5211839814277,0.111433546140453,0,0,57,coarse
55,3,0.416550958067203,0.416550958067203,0.249930574840322,3.44603206675163,-17.6855195398124,-0.21257684041564,99.5834490419328,38.4051073708648,0.227510156703424,0,0,58,coarse
55,5,0.36101083032491,0.36101083032491,0.0833101916134407,3.44603206675163,-19.0194215677393,-0.989562998015108,99.6389891696751,38.1079512478236,0.524666279744631,0,0,60,coarse
55,10,0.0555401277422938,0.0555401277422938,0,-5.7312944899403,-21.0330444448908,-7.15813830004618,99.9444598722577,36.9959373186303,1.6366802089379,0,1,65,coarse
55,15,0,0,0,-7.80810456484286,-23.8160503201142,-10.8517705321491,100,35.0435287289611,3.58908879860708,1,1,70,coarse
55,20,0,0,0,-13.4489723961887,-25.0770176578181,-13.8304854832273,100,31.8583865351132,6.77423099245502,1,1,75,coarse
55,25,0,0,0,-18.1514163671742,-27.1645014859005,-18.3928396587661,100,26.523505513639,12.1091120139292,1,1,80,coarse
55,30,0,0,0,-18.3696950831639,-31.3430102618118,-20.2180285429538,100,20.5339524085897,18.0986651189785,1,1,85,coarse
55,35,0,0,0,-18.3696950831639,-34.2939513390166,-21.7502272073444,100,15.5844457341846,23.0481717933836,1,1,90,coarse
55,40,0,0,0,-18.3696950831639,-36.5168703883769,-21.7595880306033,100,10.8740568775392,27.758560650029,1,1,95,coarse
55,45,0,0,0,-18.3762908033116,-41.6548031315509,-21.7620947542886,100,6.58154381892049,32.0510737086477,1,1,100,coarse
55,50,0,0,0,-18.3762908033116,-47.7391563303407,-21.7620947542886,100,2.70971327991107,36.0255368543239,1,1,105,coarse
55,55,0,0,0,-18.3762908033116,-47.7603221873221,-21.7621863451886,100,0,38.6326175275682,1,1,110,coarse
60,0,0.888642043876701,0.888642043876701,0.555401277422938,7.55331767682328,-15.4958002929046,5.43085740885246,99.1113579561233,40.9820081253627,0,0,0,60,coarse
60,0.5,0.80533185226326,0.80533185226326,0.499861149680644,5.87995850774226,-15.7227627701008,2.82260499101814,99.1946681477367,40.9704004643064,0.0142942227516379,0,0,60.5,coarse
60,1,0.583171341294085,0.583171341294085,0.44432102193835,3.57448227607021,-16.5532251175194,1.88067645430179,99.4168286587059,40.9332559489263,0.0487521764364481,0,0,61,coarse
60,2,0.416550958067203,0.416550958067203,0.333240766453763,3.44603206675163,-16.9129644917383,-0.21257684041564,99.5834490419328,40.8705745792223,0.111433546140453,0,0,62,coarse
60,3,0.416550958067203,0.416550958067203,0.249930574840322,3.44603206675163,-17.6855195398124,-0.21257684041564,99.5834490419328,40.7544979686593,0.227510156703424,0,0,63,coarse
60,5,0.36101083032491,0.36101083032491,0.0833101916134407,3.44603206675163,-19.0194215677393,-0.989562998015108,99.6389891696751,40.4573418456181,0.524666279744631,0,0,65,coarse
60,10,0.0555401277422938,0.0555401277422938,0,-5.7312944899403,-21.0330444448908,-7.15813830004618,99.9444598722577,39.3453279164248,1.6366802089379,0,1,70,coarse
60,15,0,0,0,-7.80810456484286,-23.8160503201142,-10.8517705321491,100,37.3929193267557,3.58908879860708,1,1,75,coarse
60,20,0,0,0,-13.4489723961887,-25.0770176578181,-13.8304854832273,100,34.2077771329077,6.77423099245502,1,1,80,coarse
60,25,0,0,0,-18.1514163671742,-27.1645014859005,-18.3928396587661,100,28.8728961114335,12.1091120139292,1,1,85,coarse
60,30,0,0,0,-18.3696950831639,-31.3430102618118,-20.2180285429538,100,22.8833430063842,18.0986651189785,1,1,90,coarse
60,35,0,0,0,-18.3696950831639,-34.2939513390166,-21.7502272073444,100,17.960690887433,23.0481717933836,1,1,95,coarse
60,40,0,0,0,-18.3696950831639,-36.5168703883769,-21.7595880306033,100,13.4484812388326,27.758560650029,1,1,100,coarse
60,45,0,0,0,-18.3762908033116,-41.7812585296595,-21.7620947542886,100,9.26629301959331,32.0510737086477,1,1,105,coarse
60,50,0,0,0,-18.3762908033116,-48.6608633112402,-21.7620947542886,100,5.45185047941081,36.0255368543239,1,1,110,coarse
60,55,0,0,0,-18.3762908033116,-48.7004858636807,-21.7621863451886,100,2.74213719949975,38.6326175275682,1,1,115,coarse
60,60,0,0,0,-18.3762935587705,-48.7369665356977,-21.7621863451886,100,0,40.9820081253627,1,1,120,coarse
65,0,0.888642043876701,0.888642043876701,0.555401277422938,7.55331767682328,-15.4958002929046,5.43085740885246,99.1113579561233,43.7098084735926,0,0,0,65,coarse
65,0.5,0.80533185226326,0.80533185226326,0.499861149680644,5.87995850774226,-15.7227627701008,2.82260499101814,99.1946681477367,43.6982008125363,0.0142942227516379,0,0,65.5,coarse
65,1,0.583171341294085,0.583171341294085,0.44432102193835,3.57448227607021,-16.5532251175194,1.88067645430179,99.4168286587059,43.6610562971561,0.0487521764364481,0,0,66,coarse
65,2,0.416550958067203,0.416550958067203,0.333240766453763,3.44603206675163,-16.9129644917383,-0.21257684041564,99.5834490419328,43.5983749274521,0.111433546140453,0,0,67,coarse
65,3,0.416550958067203,0.416550958067203,0.249930574840322,3.44603206675163,-17.6855195398124,-0.21257684041564,99.5834490419328,43.4822983168891,0.227510156703424,0,0,68,coarse
65,5,0.36101083032491,0.36101083032491,0.0833101916134407,3.44603206675163,-19.0194215677393,-0.989562998015108,99.6389891696751,43.1851421938479,0.524666279744631,0,0,70,coarse
65,10,0.0555401277422938,0.0555401277422938,0,-5.7312944899403,-21.0330444448908,-7.15813830004618,99.9444598722577,42.0731282646547,1.6366802089379,0,1,75,coarse
65,15,0,0,0,-7.80810456484286,-23.8160503201142,-10.8517705321491,100,40.1207196749855,3.58908879860708,1,1,80,coarse
65,20,0,0,0,-13.4489723961887,-25.0820752463602,-13.8304854832273,100,36.9355774811375,6.77423099245502,1,1,85,coarse
65,25,0,0,0,-18.1514163671742,-27.1720928621151,-18.3928396587661,100,31.6006964596634,12.1091120139292,1,1,90,coarse
65,30,0,0,0,-18.3696950831639,-31.4846583622273,-20.2180285429538,100,25.611143354614,18.0986651189785,1,1,95,coarse
65,35,0,0,0,-18.3696950831639,-34.2939513390166,-21.7502272073444,100,20.6616366802089,23.0481717933836,1,1,100,coarse
65,40,0,0,0,-18.3696950831639,-36.8982932204953,-21.7595880306033,100,16.2258557598777,27.758560650029,1,1,105,coarse
65,45,0,0,0,-18.3762908033116,-42.0579030433605,-21.7620947542886,100,12.1265459261661,32.0510737086477,1,1,110,coarse
65,50,0,0,0,-18.3762908033116,-49.6079374572051,-21.7620947542886,100,8.3121033859836,36.0255368543239,1,1,115,coarse
65,55,0,0,0,-18.3762908033116,-49.6079374572051,-21.7621863451886,100,5.60239010607254,38.6326175275682,1,1,120,coarse
65,60,0,0,0,-18.3762935587705,-49.6079374572051,-21.7621863451886,100,2.86025290657279,40.9820081253627,1,1,125,coarse
65,65,0,0,0,-18.3762935587705,-49.6198048401148,-21.7622040341449,100,0,43.7098084735926,1,1,130,coarse
70,0,0.888642043876701,0.888642043876701,0.555401277422938,7.55331767682328,-15.4958002929046,5.43085740885246,99.1113579561233,46.6604759141033,0,0,0,70,coarse
70,0.5,0.80533185226326,0.80533185226326,0.499861149680644,5.87995850774226,-15.7227627701008,2.82260499101814,99.1946681477367,46.648868253047,0.0142942227516379,0,0,70.5,coarse
70,1,0.583171341294085,0.583171341294085,0.44432102193835,3.57448227607021,-16.5532251175194,1.88067645430179,99.4168286587059,46.6117237376669,0.0487521764364481,0,0,71,coarse
70,2,0.416550958067203,0.416550958067203,0.333240766453763,3.44603206675163,-16.9129644917383,-0.21257684041564,99.5834490419328,46.5490423679629,0.111433546140453,0,0,72,coarse
70,3,0.416550958067203,0.416550958067203,0.249930574840322,3.44603206675163,-17.6855195398124,-0.21257684041564,99.5834490419328,46.4329657573999,0.227510156703424,0,0,73,coarse
70,5,0.36101083032491,0.36101083032491,0.0833101916134407,3.44603206675163,-19.0194215677393,-0.989562998015108,99.6389891696751,46.1358096343587,0.524666279744631,0,0,75,coarse
70,10,0.0555401277422938,0.0555401277422938,0,-5.7312944899403,-21.0330444448908,-7.15813830004618,99.9444598722577,45.0237957051654,1.6366802089379,0,1,80,coarse
70,15,0,0,0,-7.80810456484286,-23.8160503201142,-10.8517705321491,100,43.0713871154962,3.58908879860708,1,1,85,coarse
70,20,0,0,0,-13.4489723961887,-25.0820752463601,-13.8304854832273,100,39.8862449216483,6.77423099245502,1,1,90,coarse
70,25,0,0,0,-18.1514163671742,-27.1720928621151,-18.3928396587661,100,34.5513639001741,12.1091120139292,1,1,95,coarse
70,30,0,0,0,-18.3696950831639,-31.4846583622273,-20.2180285429538,100,28.5618107951248,18.0986651189785,1,1,100,coarse
70,35,0,0,0,-18.3696950831639,-34.2939513390166,-21.7502272073444,100,23.6123041207197,23.0481717933836,1,1,105,coarse
70,40,0,0,0,-18.3696950831639,-36.8982932204953,-21.7595880306033,100,19.0096808559915,27.758560650029,1,1,110,coarse
70,45,0,0,0,-18.3762908033116,-42.0633345182053,-21.7620947542886,100,14.9103710222799,32.0510737086477,1,1,115,coarse
70,50,0,0,0,-18.3762908033116,-49.6503581749024,-21.7620947542886,100,11.0959284820974,36.0255368543239,1,1,120,coarse
70,55,0,0,0,-18.3762908033116,-49.6503581749024,-21.7621863451886,100,8.3862152021863,38.6326175275682,1,1,125,coarse
70,60,0,0,0,-18.3762935587705,-49.6503581749024,-21.7621863451886,100,5.67846778874057,40.9820081253627,1,1,130,coarse
70,65,0,0,0,-18.3762935587705,-49.6503581749024,-21.7622040341449,100,2.95066744051074,43.7098084735926,1,1,135,coarse
70,70,0,0,0,-18.3762956891353,-49.6890397280423,-21.7622040341449,100,0,46.6604759141033,1,1,140,coarse
75,0,0.888642043876701,0.888642043876701,0.555401277422938,7.55331767682328,-15.4958002929046,5.43085740885246,99.1113579561233,50.15670342426,0,0,0,75,coarse
75,0.5,0.80533185226326,0.80533185226326,0.499861149680644,5.87995850774226,-15.7227627701008,2.82260499101814,99.1946681477367,50.1450957632037,0.0142942227516379,0,0,75.5,coarse
75,1,0.583171341294085,0.583171341294085,0.44432102193835,3.57448227607021,-16.5532251175194,1.88067645430179,99.4168286587059,50.1079512478236,0.0487521764364481,0,0,76,coarse
75,2,0.416550958067203,0.416550958067203,0.333240766453763,3.44603206675163,-16.9129644917383,-0.21257684041564,99.5834490419328,50.0452698781196,0.111433546140453,0,0,77,coarse
75,3,0.416550958067203,0.416550958067203,0.249930574840322,3.44603206675163,-17.6855195398124,-0.21257684041564,99.5834490419328,49.9291932675566,0.227510156703424,0,0,78,coarse
75,5,0.36101083032491,0.36101083032491,0.0833101916134407,3.44603206675163,-19.0194215677393,-0.989562998015108,99.6389891696751,49.6320371445154,0.524666279744631,0,0,80,coarse
75,10,0.0555401277422938,0.0555401277422938,0,-5.7312944899403,-21.0330444448908,-7.15813830004618,99.9444598722577,48.5200232153221,1.6366802089379,0,1,85,coarse
75,15,0,0,0,-7.80810456484286,-23.8160503201142,-10.8517705321491,100,46.5676146256529,3.58908879860708,1,1,90,coarse
75,20,0,0,0,-13.4489723961887,-25.0820752463602,-13.8304854832273,100,43.382472431805,6.77423099245502,1,1,95,coarse
75,25,0,0,0,-18.1514163671742,-27.1720928621151,-18.3928396587661,100,38.0475914103308,12.1091120139292,1,1,100,coarse
75,30,0,0,0,-18.3696950831639,-31.4846583622273,-20.2180285429538,100,32.0580383052815,18.0986651189785,1,1,105,coarse
75,35,0,0,0,-18.3696950831639,-34.3142960055563,-21.7502272073444,100,27.1085316308764,23.0481717933836,1,1,110,coarse
75,40,0,0,0,-18.3696950831639,-36.8982932204953,-21.7595880306033,100,22.6226318958729,27.758560650029,1,1,115,coarse
75,45,0,0,0,-18.3762908033116,-42.3450060213293,-21.7620947542886,100,18.5233220621613,32.0510737086477,1,1,120,coarse
75,50,0,0,0,-18.3762908033116,-50.3659260323277,-21.7620947542886,100,14.7088795219788,36.0255368543239,1,1,125,coarse
75,55,0,0,0,-18.3762908033116,-50.3816766293037,-21.7621863451886,100,11.9991662420677,38.6326175275682,1,1,130,coarse
75,60,0,0,0,-18.3762935587705,-50.3816766293037,-21.7621863451886,100,9.25702904256798,40.9820081253627,1,1,135,coarse
75,65,0,0,0,-18.3762935587705,-50.4002779794539,-21.7622040341449,100,6.44689495066744,43.7098084735926,1,1,140,coarse
75,70,0,0,0,-18.3762956891353,-50.5544409763077,-21.7622040341449,100,3.61295103988142,46.6604759141033,1,1,145,coarse
75,75,0,0,0,-18.3762956891353,-50.5880820479549,-21.7622060038797,100,0,50.15670342426,1,1,150,coarse
80,0,0.888642043876701,0.888642043876701,0.555401277422938,7.55331767682328,-15.4958002929046,5.43085740885246,99.1113579561233,53.8804410911201,0,0,0,80,coarse
80,0.5,0.80533185226326,0.80533185226326,0.499861149680644,5.87995850774226,-15.7540977433868,2.82260499101814,99.1946681477367,53.8688334300638,0.0142942227516379,0,0,80.5,coarse
80,1,0.583171341294085,0.583171341294085,0.44432102193835,3.57448227607021,-16.5532251175194,1.88067645430179,99.4168286587059,53.8316889146837,0.0487521764364481,0,0,81,coarse
80,2,0.416550958067203,0.416550958067203,0.333240766453763,3.44603206675163,-16.9129644917383,-0.21257684041564,99.5834490419328,53.7690075449797,0.111433546140453,0,0,82,coarse
80,3,0.416550958067203,0.416550958067203,0.249930574840322,3.44603206675163,-17.6855195398124,-0.21257684041564,99.5834490419328,53.6529309344167,0.227510156703424,0,0,83,coarse
80,5,0.36101083032491,0.36101083032491,0.0833101916134407,3.44603206675163,-19.0197186111727,-0.989562998015108,99.6389891696751,53.3557748113755,0.524666279744631,0,0,85,coarse
80,10,0.0555401277422938,0.0555401277422938,0,-5.7312944899403,-21.0330444448908,-7.15813830004618,99.9444598722577,52.2437608821822,1.6366802089379,0,1,90,coarse
80,15,0,0,0,-7.80810456484286,-23.8160503201142,-10.8517705321491,100,50.2913522925131,3.58908879860708,1,1,95,coarse
80,20,0,0,0,-13.4489723961887,-25.0820752463601,-13.8304854832273,100,47.1062100986651,6.77423099245502,1,1,100,coarse
80,25,0,0,0,-18.1514163671742,-27.1720928621151,-18.3928396587661,100,41.7713290771909,12.1091120139292,1,1,105,coarse
80,30,0,0,0,-18.3696950831639,-31.528840998464,-20.2180285429538,100,35.7817759721416,18.0986651189785,1,1,110,coarse
80,35,0,0,0,-18.3696950831639,-34.4507324893482,-21.7502272073444,100,31.0327575938058,23.0481717933836,1,1,115,coarse
80,40,0,0,0,-18.3696950831639,-36.9336588781144,-21.7595880306033,100,26.8910093102969,27.758560650029,1,1,120,coarse
80,45,0,0,0,-18.3762908033116,-42.6725146986324,-21.7620947542886,100,22.7916994765853,32.0510737086477,1,1,125,coarse
80,50,0,0,0,-18.3762908033116,-51.1261152798923,-21.7620947542886,100,18.9772569364028,36.0255368543239,1,1,130,coarse
80,55,0,0,0,-18.3762908033116,-51.1261152798923,-21.7621863451886,100,16.2675436564917,38.6326175275682,1,1,135,coarse
80,60,0,0,0,-18.3762935587705,-51.1737627518157,-21.7621863451886,100,13.525406456992,40.9820081253627,1,1,140,coarse
80,65,0,0,0,-18.3762935587705,-51.1737627518157,-21.7622040341449,100,10.6651535504192,43.7098084735926,1,1,145,coarse
80,70,0,0,0,-18.3762956891353,-51.3031061929635,-21.7622040341449,100,7.88132845430543,46.6604759141033,1,1,150,coarse
80,75,0,0,0,-18.3762956891353,-51.3801672828896,-21.7622060038797,100,4.60750446694461,50.15670342426,1,1,155,coarse
80,80,0,0,0,-18.3762956891353,-51.7376927425722,-21.7622202223641,100,0,53.8804410911201,1,1,160,coarse
85,0,0.888642043876701,0.888642043876701,0.555401277422938,7.55331767682328,-15.4958002929046,5.43085740885246,99.1113579561233,56.8752176436448,0,0,0,85,coarse
85,0.5,0.80533185226326,0.80533185226326,0.499861149680644,5.87995850774226,-15.7540977433868,2.82260499101814,99.1946681477367,56.8636099825885,0.0142942227516379,0,0,85.5,coarse
85,1,0.583171341294085,0.583171341294085,0.44432102193835,3.57448227607021,-16.5532251175194,1.88067645430179,99.4168286587059,56.8264654672084,0.0487521764364481,0,0,86,coarse
85,2,0.416550958067203,0.416550958067203,0.333240766453763,3.44603206675163,-16.9129644917383,-0.21257684041564,99.5834490419328,56.7637840975044,0.111433546140453,0,0,87,coarse
85,3,0.416550958067203,0.416550958067203,0.249930574840322,3.44603206675163,-17.6855195398124,-0.21257684041564,99.5834490419328,56.6477074869414,0.227510156703424,0,0,88,coarse
85,5,0.36101083032491,0.36101083032491,0.0833101916134407,3.44603206675163,-19.0197186111727,-0.989562998015108,99.6389891696751,56.3505513639002,0.524666279744631,0,0,90,coarse
85,10,0.0555401277422938,0.0555401277422938,0,-5.7312944899403,-21.0330444448908,-7.15813830004618,99.9444598722577,55.2385374347069,1.6366802089379,0,1,95,coarse
85,15,0,0,0,-7.80810456484286,-23.8160503201142,-10.8517705321491,100,53.288862418106,3.58908879860708,1,1,100,coarse
85,20,0,0,0,-13.4489723961887,-25.0923094464637,-13.8304854832273,100,50.3705590810135,6.77423099245502,1,1,105,coarse
85,25,0,0,0,-18.1514163671742,-27.1931206903615,-18.3928396587661,100,45.0911256700417,12.1091120139292,1,1,110,coarse
85,30,0,0,0,-18.3696950831639,-31.5558691379488,-20.2180285429538,100,39.1005143889893,18.0986651189785,1,1,115,coarse
85,35,0,0,0,-18.3696950831639,-34.5538624573855,-21.7502272073444,100,34.5872543180465,23.0481717933836,1,1,120,coarse
85,40,0,0,0,-18.3696950831639,-37.0737190096384,-21.7595880306033,100,30.383528648849,27.758560650029,1,1,125,coarse
85,45,0,0,0,-18.3762908033116,-43.3202823949868,-21.7620947542886,100,26.2842188151373,32.0510737086477,1,1,130,coarse
85,50,0,0,0,-18.3762908033116,-51.2290620683836,-21.7620947542886,100,22.4697762749548,36.0255368543239,1,1,135,coarse
85,55,0,0,0,-18.3762908033116,-51.3031807534078,-21.7621863451886,100,19.7600629950438,38.6326175275682,1,1,140,coarse
85,60,0,0,0,-18.3762935587705,-51.326000422329,-21.7621863451886,100,17.017925795544,40.9820081253627,1,1,145,coarse
85,65,0,0,0,-18.3762935587705,-51.4480489118175,-21.7622040341449,100,14.1893984514592,43.7098084735926,1,1,150,coarse
85,70,0,0,0,-18.3762956891353,-51.6285090656343,-21.7622040341449,100,11.3738477928575,46.6604759141033,1,1,155,coarse
85,75,0,0,0,-18.3762956891353,-51.817219048741,-21.7622060038797,100,8.16200119118523,50.15670342426,1,1,160,coarse
85,80,0,0,0,-18.3762956891353,-52.1325330286201,-21.7622202223641,100,3.55449672424062,53.8804410911201,1,1,165,coarse
85,85,0,0,0,-18.3762956891353,-52.3319943703175,-21.7622202223641,100,0,56.8752176436448,1,1,170,coarse
90,0,0.888642043876701,0.888642043876701,0.555401277422938,7.55331767682328,-15.4958002929046,5.43085740885246,99.1113579561233,59.6924359627588,0,0,0,90,coarse
90,0.5,0.80533185226326,0.80533185226326,0.499861149680644,5.87995850774226,-15.7540977433868,2.82260499101814,99.1946681477367,59.6878039742461,0.0142942227516379,0,0,90.5,coarse
90,1,0.583171341294085,0.583171341294085,0.44432102193835,3.57448227607021,-16.5532251175194,1.88067645430179,99.4168286587059,59.6785399972208,0.0487521764364481,0,0,91,coarse
90,2,0.416550958067203,0.416550958067203,0.333240766453763,3.44603206675163,-16.9129644917383,-0.21257684041564,99.5834490419328,59.6136921580434,0.111433546140453,0,0,92,coarse
90,3,0.416550958067203,0.416550958067203,0.249930574840322,3.44603206675163,-17.6855195398124,-0.21257684041564,99.5834490419328,59.5141044050211,0.227510156703424,0,0,93,coarse
90,5,0.36101083032491,0.36101083032491,0.0833101916134407,3.44603206675163,-19.0197186111727,-0.989562998015108,99.6389891696751,59.2662930195933,0.524666279744631,0,0,95,coarse
90,10,0.0555401277422938,0.0555401277422938,0,-5.7312944899403,-21.0330444448908,-7.15813830004618,99.9444598722577,58.3190513687526,1.6366802089379,0,1,100,coarse
90,15,0,0,0,-7.80810456484286,-23.8375958311325,-10.8517705321491,100,56.3736161934318,3.58908879860708,1,1,105,coarse
90,20,0,0,0,-13.4489723961887,-25.1116292015395,-13.8304854832273,100,53.4878873500394,6.77423099245502,1,1,110,coarse
90,25,0,0,0,-18.1514163671742,-27.21553470887,-18.3928396587661,100,47.9237641453246,12.1091120139292,1,1,115,coarse
90,30,0,0,0,-18.3696950831639,-31.7400845667331,-20.2180285429538,100,42.1047755801566,18.0986651189785,1,1,120,coarse
90,35,0,0,0,-18.3696950831639,-34.7986126853623,-21.8674586613918,100,37.6395386539441,23.0481717933836,1,1,125,coarse
90,40,0,0,0,-18.3696950831639,-37.8623489039646,-21.8734334868139,100,33.5008569178748,27.758560650029,1,1,130,coarse
90,45,0,0,0,-18.3762908033116,-44.3093864952801,-21.8736640087146,100,29.4015470841632,32.0510737086477,1,1,135,coarse
90,50,0,0,0,-18.3762908033116,-51.3240872206006,-21.8736640087146,100,25.5871045439807,36.0255368543239,1,1,140,coarse
90,55,0,0,0,-18.3762908033116,-51.3512148846789,-21.8736640087146,100,22.8773912640697,38.6326175275682,1,1,145,coarse
90,60,0,0,0,-18.3762935587705,-51.3840905348536,-21.8736640087146,100,20.1352540645699,40.9820081253627,1,1,150,coarse
90,65,0,0,0,-18.3762935587705,-51.5121133037972,-21.8736640087146,100,17.2750011579971,43.7098084735926,1,1,155,coarse
90,70,0,0,0,-18.3762956891353,-51.6800680854546,-21.8737405487876,100,14.4911760618834,46.6604759141033,1,1,160,coarse
90,75,0,0,0,-18.3762956891353,-51.9526230443401,-21.8737580813779,100,10.9946396664681,50.15670342426,1,1,165,coarse
90,80,0,0,0,-18.3762956891353,-52.4127189396451,-21.873774150116,100,6.60984760757793,53.8804410911201,1,1,170,coarse
90,85,0,0,0,-18.3762956891353,-52.8183099430853,-21.8737800080626,100,3.11732826902589,56.8752176436448,1,1,175,coarse
90,90,0,0,0,-18.3762956891353,-53.8734355544965,-21.873817074783,100,0,59.6924359627588,1,1,180,coarse
95,0,0.888642043876701,0.888642043876701,0.555401277422938,7.55331767682328,-15.4958002929046,5.43085740885246,99.1113579561233,62.5167987395153,0,0,0,95,coarse
95,0.5,0.80533185226326,0.80533185226326,0.499861149680644,5.87995850774226,-15.7540977433868,2.82260499101814,99.1946681477367,62.5098475369572,0.0142942227516379,0,0,95.5,coarse
95,1,0.583171341294085,0.583171341294085,0.44432102193835,3.57448227607021,-16.5532251175194,1.88067645430179,99.4168286587059,62.5028963343992,0.0487521764364481,0,0,96,coarse
95,2,0.416550958067203,0.416550958067203,0.333240766453763,3.44603206675163,-16.9129644917383,-0.21257684041564,99.5834490419328,62.4704573891283,0.111433546140453,0,0,97,coarse
95,3,0.416550958067203,0.416550958067203,0.249930574840322,3.44603206675163,-17.6855195398124,-0.21257684041564,99.5834490419328,62.3754576208351,0.227510156703424,0,0,98,coarse
95,5,0.36101083032491,0.36101083032491,0.0833101916134407,3.44603206675163,-19.0197186111727,-0.989562998015108,99.6389891696751,62.088141248436,0.524666279744631,0,0,100,coarse
95,10,0.0555401277422938,0.0555401277422938,0,-5.7312944899403,-21.0737016825742,-7.15813830004618,99.9444598722577,61.086664505072,1.6366802089379,0,1,105,coarse
95,15,0,0,0,-7.80810456484286,-23.9075138378173,-10.8517705321491,100,59.1412293297513,3.58908879860708,1,1,110,coarse
95,20,0,0,0,-13.4489723961887,-25.2796041588855,-13.8304854832273,100,56.2555004863588,6.77423099245502,1,1,115,coarse
95,25,0,0,0,-18.1514163671742,-27.4243753930588,-18.3928396587661,100,50.7576810788266,12.1091120139292,1,1,120,coarse
95,30,0,0,0,-18.3696950831639,-31.8129825174967,-20.2180285429538,100,44.9464757403031,18.0986651189785,1,1,125,coarse
95,35,0,0,0,-18.3696950831639,-34.8590490355504,-23.191595883407,100,40.4071517902636,23.0481717933836,1,1,130,coarse
95,40,0,0,0,-18.3696950831639,-38.243097475466,-23.2456577232885,100,36.2684700541943,27.758560650029,1,1,135,coarse
95,45,0,0,0,-18.3762908033116,-44.8954286902344,-23.2456577232885,100,32.1691602204827,32.0510737086477,1,1,140,coarse
95,50,0,0,0,-18.3762908033116,-51.5047113932544,-23.2586326041379,100,28.3547176803002,36.0255368543239,1,1,145,coarse
95,55,0,0,0,-18.3762908033116,-51.5805047184692,-23.2589918715208,100,25.6450044003891,38.6326175275682,1,1,150,coarse
95,60,0,0,0,-18.3762935587705,-51.6245325759204,-23.2590007707801,100,22.9028672008893,40.9820081253627,1,1,155,coarse
95,65,0,0,0,-18.3762935587705,-51.7611150440406,-23.2590007707801,100,20.0426142943166,43.7098084735926,1,1,160,coarse
95,70,0,0,0,-18.3762956891353,-51.9131865152556,-23.2590175741996,100,17.2587891982028,46.6604759141033,1,1,165,coarse
95,75,0,0,0,-18.3762956891353,-52.1696902645133,-23.2590175741996,100,13.8058368076236,50.15670342426,1,1,170,coarse
95,80,0,0,0,-18.3762956891353,-52.8464331193458,-23.259032785372,100,9.37746074389736,53.8804410911201,1,1,175,coarse
95,85,0,0,0,-18.3762956891353,-53.3726502293243,-23.259032785372,100,5.88494140534532,56.8752176436448,1,1,180,coarse
95,90,0,0,0,-18.3762956891353,-54.174583075491,-23.259032785372,100,2.86852958895222,59.6924359627588,1,1,185,coarse
95,95,0,0,0,-18.3763260089345,-54.9926049621323,-23.259032785372,100,0,62.5167987395153,1,1,190,coarse
100,0,0.888642043876701,0.888642043876701,0.555401277422938,7.55331767682328,-15.4958002929046,5.43085740885246,99.1113579561233,65.341845618108,0,0,0,100,coarse
100,0.5,0.80533185226326,0.80533185226326,0.499861149680644,5.87995850774226,-15.7540977433868,2.82260499101814,99.1946681477367,65.3302379570517,0.0142942227516379,0,0,100.5,coarse
100,1,0.583171341294085,0.583171341294085,0.44432102193835,3.57448227607021,-16.5532251175194,1.88067645430179,99.4168286587059,65.2930934416715,0.0487521764364481,0,0,101,coarse
100,2,0.416550958067203,0.416550958067203,0.333240766453763,3.44603206675163,-16.9129644917383,-0.21257684041564,99.5834490419328,65.2304120719675,0.111433546140453,0,0,102,coarse
100,3,0.416550958067203,0.416550958067203,0.249930574840322,3.44603206675163,-17.7017912182129,-0.21257684041564,99.5834490419328,65.1143354614045,0.227510156703424,0,0,103,coarse
100,5,0.36101083032491,0.36101083032491,0.0833101916134407,3.44603206675163,-19.0776641388485,-0.989562998015108,99.6389891696751,64.8171793383633,0.524666279744631,0,0,105,coarse
100,10,0.0555401277422938,0.0555401277422938,0,-5.7312944899403,-21.2143000914059,-7.15813830004618,99.9444598722577,63.7703322674823,1.6366802089379,0,1,110,coarse
100,15,0,0,0,-7.80810456484286,-23.9996783507654,-10.8517705321491,100,61.8296605122096,3.58908879860708,1,1,115,coarse
100,20,0,0,0,-13.4489723961887,-25.3914533416084,-13.8304854832273,100,58.8303443162334,6.77423099245502,1,1,120,coarse
100,25,0,0,0,-18.1514163671742,-27.5419927207247,-19.2439888333431,100,53.6319237641453,12.1091120139292,1,1,125,coarse
100,30,0,0,0,-19.3579673190652,-31.830098394585,-20.8298432314142,100,47.6643959404977,18.0986651189785,1,1,130,coarse
100,35,0,0,0,-20.7344869530598,-34.8724572383388,-23.191595883407,100,43.1280524121501,23.0481717933836,1,1,135,coarse
100,40,0,0,0,-20.7344869530598,-38.3408585742454,-23.2456577232885,100,38.7211079716522,27.758560650029,1,1,140,coarse
100,45,0,0,0,-20.7344869530598,-45.4828089882718,-23.2456577232885,100,34.6217981379406,32.0510737086477,1,1,145,coarse
100,50,0,0,0,-20.7344869530598,-51.6346060669226,-23.2586326041379,100,30.8073555977581,36.0255368543239,1,1,150,coarse
100,55,0,0,0,-20.7347130619287,-51.7502741031878,-23.2589918715208,100,28.0976423178471,38.6326175275682,1,1,155,coarse
100,60,0,0,0,-20.7347175660823,-51.8418451837633,-23.2590007707801,100,25.3555051183473,40.9820081253627,1,1,160,coarse
100,65,0,0,0,-20.7347175660823,-51.9475166279208,-23.2590007707801,100,22.7301965455628,43.7098084735926,1,1,165,coarse
100,70,0,0,0,-20.7347271970379,-52.1050069025527,-23.2590175741996,100,19.8618225134008,46.6604759141033,1,1,170,coarse
100,75,0,0,0,-20.7347271970379,-52.3520064153067,-23.2590175741996,100,16.7027992852889,50.15670342426,1,1,175,coarse
100,80,0,0,0,-20.7347369082458,-53.0256613546546,-23.259032785372,100,12.0952948183443,53.8804410911201,1,1,180,coarse
100,85,0,0,0,-20.7347369082458,-53.605059814938,-23.259032785372,100,8.56388155150841,56.8752176436448,1,1,185,coarse
100,90,0,0,0,-20.7347369082458,-54.4731029039569,-23.259032785372,100,5.73882762623331,59.6924359627588,1,1,190,coarse
100,95,0,0,0,-20.7347369082458,-55.2003628329122,-23.259032785372,100,2.89696247766528,62.5167987395153,1,1,195,coarse
100,100,0,0,0,-20.7347369082458,-55.9766034791618,-23.259032785372,100,0,65.341845618108,1,1,200,coarse
105,0,0.888642043876701,0.888642043876701,0.555401277422938,7.55331767682328,-15.4958002929046,5.43085740885246,99.1113579561233,68.3954734961286,0,0,0,105,coarse
105,0.5,0.80533185226326,0.80533185226326,0.499861149680644,5.87995850774226,-15.7540977433868,2.82260499101814,99.1946681477367,68.381179273377,0.0142942227516379,0,0,105.5,coarse
105,1,0.583171341294085,0.583171341294085,0.44432102193835,3.57448227607021,-16.5532251175194,1.88067645430179,99.4168286587059,68.369267421084,0.0487521764364481,0,0,106,coarse
105,2,0.416550958067203,0.416550958067203,0.333240766453763,3.44603206675163,-16.9129644917383,-0.21257684041564,99.5834490419328,68.3001786777844,0.111433546140453,0,0,107,coarse
105,3,0.416550958067203,0.416550958067203,0.249930574840322,3.44603206675163,-17.7118177528434,-0.21257684041564,99.5834490419328,68.212030970816,0.227510156703424,0,0,108,coarse
105,5,0.36101083032491,0.36101083032491,0.0833101916134407,3.44603206675163,-19.0776641388485,-0.989562998015108,99.6389891696751,68,0.524666279744631,0,0,110,coarse
105,10,0.0555401277422938,0.0555401277422938,0,-5.7312944899403,-21.2143000914059,-7.15813830004618,99.9444598722577,66.7611673615247,1.6366802089379,0,1,115,coarse
105,15,0,0,0,-7.80810456484286,-24.0148755302088,-10.8517705321491,100,65.0291840381179,3.58908879860708,1,1,120,coarse
105,20,0,0,0,-13.4489723961887,-25.3914533416084,-13.8304854832273,100,61.9463966646814,6.77423099245502,1,1,125,coarse
105,25,0,0,0,-18.1514163671742,-27.5419927207247,-19.2439888333431,100,56.8314472900536,12.1091120139292,1,1,130,coarse
105,30,0,0,0,-19.3579673190652,-31.830098394585,-20.8298432314142,100,50.8326384752829,18.0986651189785,1,1,135,coarse
105,35,0,0,0,-20.7344869530598,-34.8724572383388,-23.191595883407,100,46.3275759380584,23.0481717933836,1,1,140,coarse
105,40,0,0,0,-20.7344869530598,-38.3408585742454,-23.2456577232885,100,41.815366289458,27.758560650029,1,1,145,coarse
105,45,0,0,0,-20.7344869530598,-45.5866509071027,-23.2456577232885,100,37.4580107206671,32.0510737086477,1,1,150,coarse
105,50,0,0,0,-20.7344869530598,-51.6730499235893,-23.2586326041379,100,33.4818344252531,36.0255368543239,1,1,155,coarse
105,55,0,0,0,-20.7347130619287,-51.8518639034305,-23.2589918715208,100,31.02561048243,38.6326175275682,1,1,160,coarse
105,60,0,0,0,-20.7347175660823,-51.875804424875,-23.2590007707801,100,28.3668850506254,40.9820081253627,1,1,165,coarse
105,65,0,0,0,-20.7347175660823,-52.0227381700057,-23.2590007707801,100,25.9297200714711,43.7098084735926,1,1,170,coarse
105,70,0,0,0,-20.7347271970379,-52.1296004704034,-23.2590175741996,100,23.0613460393091,46.6604759141033,1,1,175,coarse
105,75,0,0,0,-20.7347271970379,-52.4280528872127,-23.2590175741996,100,19.9023228111971,50.15670342426,1,1,180,coarse
105,80,0,0,0,-20.7347369082458,-53.0256613546546,-23.259032785372,100,15.2948183442525,53.8804410911201,1,1,185,coarse
105,85,0,0,0,-20.7347369082458,-53.605059814938,-23.259032785372,100,11.7403216200119,56.8752176436448,1,1,190,coarse
105,90,0,0,0,-20.7347369082458,-54.4731029039569,-23.259032785372,100,8.90768314472901,59.6924359627588,1,1,195,coarse
105,95,0,0,0,-20.7347369082458,-55.2201634342891,-23.259032785372,100,6.09648600357356,62.5167987395153,1,1,200,coarse
105,100,0,0,0,-20.7347369082458,-55.9684237957937,-23.259032785372,100,3.19952352590828,65.341845618108,1,1,205,coarse
105,105,0,0,0,-20.7347369082458,-56.6875836950078,-23.2590609234203,100,0,68.3954734961286,1,1,210,coarse
110,0,0.888642043876701,0.888642043876701,0.555401277422938,7.55331767682328,-15.4958002929045,5.43085740885246,99.1113579561233,71.3734365693865,0,0,0,110,coarse
110,0.5,0.80533185226326,0.80533185226326,0.499861149680644,5.87995850774226,-15.7540977433868,2.82260499101814,99.1946681477367,71.3591423466349,0.0142942227516379,0,0,110.5,coarse
110,1,0.583171341294085,0.583171341294085,0.44432102193835,3.57448227607021,-16.5532251175194,1.88067645430179,99.4168286587059,71.3472304943419,0.0487521764364481,0,0,111,coarse
110,2,0.416550958067203,0.416550958067203,0.333240766453763,3.44603206675163,-16.9129644917383,-0.21257684041564,99.5834490419328,71.2781417510423,0.111433546140453,0,0,112,coarse
110,3,0.416550958067203,0.416550958067203,0.249930574840322,3.44603206675163,-17.7118177528434,-0.21257684041564,99.5834490419328,71.1899940440739,0.227510156703424,0,0,113,coarse
110,5,0.36101083032491,0.36101083032491,0.0833101916134407,3.44603206675163,-19.0776641388485,-0.989562998015108,99.6389891696751,70.9779630732579,0.524666279744631,0,0,115,coarse
110,10,0.0555401277422938,0.0555401277422938,0,-5.7312944899403,-21.2143000914059,-7.15813830004618,99.9444598722577,69.8039760878632,1.6366802089379,0,1,120,coarse
110,15,0,0,0,-7.80810456484286,-24.0148755302088,-10.8517705321491,100,68.0071471113758,3.58908879860708,1,1,125,coarse
110,20,0,0,0,-13.4489723961887,-25.3914533416084,-13.8304854832273,100,64.9243597379393,6.77423099245502,1,1,130,coarse
110,25,0,0,0,-18.1514163671742,-27.5419927207247,-19.2439888333431,100,59.8094103633115,12.1091120139292,1,1,135,coarse
110,30,0,0,0,-19.3579673190652,-31.830098394585,-20.8298432314142,100,53.8106015485408,18.0986651189785,1,1,140,coarse
110,35,0,0,0,-20.7344869530598,-34.8724572383388,-23.191595883407,100,49.3055390113163,23.0481717933836,1,1,145,coarse
110,40,0,0,0,-20.7344869530598,-38.3408585742454,-23.2456577232885,100,44.7933293627159,27.758560650029,1,1,150,coarse
110,45,0,0,0,-20.7344869530598,-45.6002706233175,-23.2456577232885,100,40.435973793925,32.0510737086477,1,1,155,coarse
110,50,0,0,0,-20.7344869530598,-51.7502741031878,-23.2586326041379,100,36.459797498511,36.0255368543239,1,1,160,coarse
110,55,0,0,0,-20.7347130619287,-51.875804424875,-23.2589918715208,100,34.0035735556879,38.6326175275682,1,1,165,coarse
110,60,0,0,0,-20.7347175660823,-51.8903197882761,-23.2590007707801,100,31.3448481238833,40.9820081253627,1,1,170,coarse
110,65,0,0,0,-20.7347175660823,-52.0622244997151,-23.2590007707801,100,28.907683144729,43.7098084735926,1,1,175,coarse
110,70,0,0,0,-20.7347271970379,-52.1588592646661,-23.2590175741996,100,26.039309112567,46.6604759141033,1,1,180,coarse
110,75,0,0,0,-20.7347271970379,-52.4522416635797,-23.2590175741996,100,22.880285884455,50.15670342426,1,1,185,coarse
110,80,0,0,0,-20.7347369082458,-53.0995051958464,-23.259032785372,100,18.2727814175104,53.8804410911201,1,1,190,coarse
110,85,0,0,0,-20.7347369082458,-53.6258862977364,-23.259032785372,100,14.7182846932698,56.8752176436448,1,1,195,coarse
110,90,0,0,0,-20.7347369082458,-54.3747382372118,-23.259032785372,100,11.8856462179869,59.6924359627588,1,1,200,coarse
110,95,0,0,0,-20.7347369082458,-55.2003628329122,-23.259032785372,100,9.07444907683145,62.5167987395153,1,1,205,coarse
110,100,0,0,0,-20.7347369082458,-55.9684237957937,-23.259032785372,100,6.17748659916617,65.341845618108,1,1,210,coarse
110,105,0,0,0,-20.7347369082458,-56.6875836950078,-23.2590609234203,100,3.19523610918022,68.3954734961286,1,1,215,coarse
110,110,0,0,0,-20.7348219602527,-57.8369201513434,-23.2591862070201,100,0,71.3734365693865,1,1,220,coarse
115,0,0.888642043876701,0.888642043876701,0.555401277422938,7.55331767682328,-15.4958002929045,5.43085740885246,99.1113579561233,74.5443716497915,0,0,0,115,coarse
115,0.5,0.80533185226326,0.80533185226326,0.499861149680644,5.87995850774226,-15.7540977433868,2.82260499101814,99.1946681477367,74.5300774270399,0.0142942227516379,0,0,115.5,coarse
115,1,0.583171341294085,0.583171341294085,0.44432102193835,3.57448227607021,-16.5532251175194,1.88067645430179,99.4168286587059,74.5181655747469,0.0487521764364481,0,0,116,coarse
115,2,0.416550958067203,0.416550958067203,0.333240766453763,3.44603206675163,-16.9129644917383,-0.21257684041564,99.5834490419328,74.4682330043098,0.111433546140453,0,0,117,coarse
115,3,0.416550958067203,0.416550958067203,0.249930574840322,3.44603206675163,-17.7118177528434,-0.21257684041564,99.5834490419328,74.3732332360165,0.227510156703424,0,0,118,coarse
115,5,0.36101083032491,0.36101083032491,0.0833101916134407,3.44603206675163,-19.0776641388485,-0.989562998015108,99.6389891696751,74.1488981536629,0.524666279744631,0,0,120,coarse
115,10,0.0555401277422938,0.0555401277422938,0,-5.7312944899403,-21.2143000914059,-7.15813830004618,99.9444598722577,73.0501876824691,1.6366802089379,0,1,125,coarse
115,15,0,0,0,-7.80810456484286,-24.0148755302088,-10.8517705321491,100,71.1780821917808,3.58908879860708,1,1,130,coarse
115,20,0,0,0,-13.4489723961887,-25.3914533416084,-13.8304854832273,100,68.1101997312202,6.77423099245502,1,1,135,coarse
115,25,0,0,0,-18.1514163671742,-27.5887508807634,-19.2439888333431,100,62.9803454437165,12.1091120139292,1,1,140,coarse
115,30,0,0,0,-19.3579673190652,-31.830098394585,-20.8298432314142,100,56.9815366289458,18.0986651189785,1,1,145,coarse
115,35,0,0,0,-20.7344869530598,-34.8724572383388,-23.191595883407,100,52.4764740917213,23.0481717933836,1,1,150,coarse
115,40,0,0,0,-20.7344869530598,-38.3408585742454,-23.2456577232885,100,47.9642644431209,27.758560650029,1,1,155,coarse
115,45,0,0,0,-20.7344869530598,-45.6002706233175,-23.2456577232885,100,43.60690887433,32.0510737086477,1,1,160,coarse
115,50,0,0,0,-20.7344869530598,-51.864201560183,-23.2586326041379,100,39.630732578916,36.0255368543239,1,1,165,coarse
115,55,0,0,0,-20.7347130619287,-51.9382937469405,-23.2589918715208,100,37.1745086360929,38.6326175275682,1,1,170,coarse
115,60,0,0,0,-20.7347175660823,-51.9796399473485,-23.2590007707801,100,34.5157832042883,40.9820081253627,1,1,175,coarse
115,65,0,0,0,-20.7347175660823,-52.1065473224273,-23.2590007707801,100,32.078618225134,43.7098084735926,1,1,180,coarse
115,70,0,0,0,-20.7347271970379,-52.2225650232409,-23.2590175741996,100,29.210244192972,46.6604759141033,1,1,185,coarse
115,75,0,0,0,-20.7347271970379,-52.5448388328912,-23.2590175741996,100,26.05122096486,50.15670342426,1,1,190,coarse
115,80,0,0,0,-20.7347369082458,-53.3284637888016,-23.259032785372,100,21.4437164979154,53.8804410911201,1,1,195,coarse
115,85,0,0,0,-20.7347369082458,-53.8248252873595,-23.259032785372,100,17.8892197736748,56.8752176436448,1,1,200,coarse
115,90,0,0,0,-20.7347369082458,-54.6330466149558,-23.259032785372,100,15.0565812983919,59.6924359627588,1,1,205,coarse
115,95,0,0,0,-20.7347369082458,-55.238707166041,-23.259032785372,100,12.2453841572365,62.5167987395153,1,1,210,coarse
115,100,0,0,0,-20.7347369082458,-55.9684237957937,-23.259032785372,100,9.34842167957117,65.341845618108,1,1,215,coarse
115,105,0,0,0,-20.7347369082458,-56.7204974713617,-23.2590609234203,100,6.44144770378609,68.3954734961286,1,1,220,coarse
115,110,0,0,0,-20.7348219602527,-57.8369201513434,-23.2591862070201,100,3.24621159460587,71.3734365693865,1,1,225,coarse
115,115,0,0,0,-20.7349763192915,-59.1165847996557,-23.2594239509099,100,0,74.5443716497915,1,1,230,coarse
120,0,0.888642043876701,0.888642043876701,0.555401277422938,7.55331767682328,-15.4958002929045,5.43085740885246,99.1113579561233,77.9749851101846,0,0,0,120,coarse
120,0.5,0.80533185226326,0.80533185226326,0.499861149680644,5.87995850774226,-15.7540977433868,2.82260499101814,99.1946681477367,77.960690887433,0.0142942227516379,0,0,120.5,coarse
120,1,0.583171341294085,0.583171341294085,0.44432102193835,3.57448227607021,-16.5532251175194,1.88067645430179,99.4168286587059,77.94877903514,0.0487521764364481,0,0,121,coarse
120,2,0.416550958067203,0.416550958067203,0.333240766453763,3.44603206675163,-16.9129644917383,-0.21257684041564,99.5834490419328,77.8796902918404,0.111433546140453,0,0,122,coarse
120,3,0.416550958067203,0.416550958067203,0.249930574840322,3.44603206675163,-17.7118177528434,-0.21257684041564,99.5834490419328,77.7915425848719,0.227510156703424,0,0,123,coarse
120,5,0.36101083032491,0.36101083032491,0.0833101916134407,3.44603206675163,-19.0776641388485,-0.989562998015108,99.6389891696751,77.579511614056,0.524666279744631,0,0,125,coarse
120,10,0.0555401277422938,0.0555401277422938,0,-5.7312944899403,-21.2143000914059,-7.15813830004618,99.9444598722577,76.4053014504843,1.6366802089379,0,1,130,coarse
120,15,0,0,0,-7.80810456484286,-24.0148755302088,-10.8517705321491,100,74.6086956521739,3.58908879860708,1,1,135,coarse
120,20,0,0,0,-13.4489723961887,-25.3914533416084,-13.8304854832273,100,71.5259082787373,6.77423099245502,1,1,140,coarse
120,25,0,0,0,-18.1514163671742,-27.5887508807634,-19.2439888333431,100,66.4109589041096,12.1091120139292,1,1,145,coarse
120,30,0,0,0,-19.3579673190652,-31.9429117840172,-20.8298432314142,100,60.4121500893389,18.0986651189785,1,1,150,coarse
120,35,0,0,0,-24.312922823584,-35.0809439453772,-25.4751794246089,100,55.9070875521144,23.0481717933836,1,1,155,coarse
120,40,0,0,0,-26.6154049320928,-38.531991889458,-28.507699896186,100,51.394877903514,27.758560650029,1,1,160,coarse
120,45,0,0,0,-28.5198276033903,-45.9501504131276,-31.3167579899861,100,47.0375223347231,32.0510737086477,1,1,165,coarse
120,50,0,0,0,-35.3970409617438,-51.8835912880923,-45.1150168764853,100,43.0613460393091,36.0255368543239,1,1,170,coarse
120,55,0,0,0,-35.397444681531,-51.9796399473485,-45.1150168764853,100,40.605122096486,38.6326175275682,1,1,175,coarse
120,60,0,0,0,-35.397444681531,-52.0227381700057,-45.1150168764853,100,37.9463966646814,40.9820081253627,1,1,180,coarse
120,65,0,0,0,-35.397444681531,-52.1229495008903,-45.1150168764853,100,35.5092316855271,43.7098084735926,1,1,185,coarse
120,70,0,0,0,-35.3977173903976,-52.2676985185506,-45.1150168764853,100,32.6408576533651,46.6604759141033,1,1,190,coarse
120,75,0,0,0,-35.3977173903976,-52.6156848637973,-45.1150168764853,100,29.4818344252531,50.15670342426,1,1,195,coarse
120,80,0,0,0,-35.3979778102527,-53.3802605788486,-45.116042204792,100,24.8743299583085,53.8804410911201,1,1,200,coarse
120,85,0,0,0,-35.3979778102527,-53.9341109372701,-45.116070649588,100,21.3198332340679,56.8752176436448,1,1,205,coarse
120,90,0,0,0,-35.3979778102527,-54.5815607236595,-45.116070649588,100,18.487194758785,59.6924359627588,1,1,210,coarse
120,95,0,0,0,-35.3979778102527,-55.2015868337908,-45.1380034335436,100,15.6759976176295,62.5167987395153,1,1,215,coarse
120,100,0,0,0,-35.3979778102527,-56.0393908044336,-45.1380034335436,100,12.7790351399643,65.341845618108,1,1,220,coarse
120,105,0,0,0,-35.3979778102527,-56.7763251812601,-47.0518745018326,100,9.79656147180129,68.3954734961286,1,1,225,coarse
120,110,0,0,0,-35.4001458808867,-57.8876867802718,-48.2146952151553,100,6.60154854079809,71.3734365693865,1,1,230,coarse
120,115,0,0,0,-35.403861539032,-59.1165847996557,-48.2146952151553,100,3.43061346039309,74.5443716497915,1,1,235,coarse
120,120,0,0,0,-35.403861539032,-60.3886050634281,-48.3374542636929,100,0,77.9749851101846,1,1,240,coarse
125,0,0.888642043876701,0.888642043876701,0.555401277422938,7.55331767682328,-15.4958002929045,5.43085740885246,99.1113579561233,81.4032162001191,0,0,0,125,coarse
125,0.5,0.80533185226326,0.80533185226326,0.499861149680644,5.87995850774226,-15.7540977433868,2.82260499101814,99.1946681477367,81.3889219773675,0.0142942227516379,0,0,125.5,coarse
125,1,0.583171341294085,0.583171341294085,0.44432102193835,3.57448227607021,-16.5532251175194,1.88067645430179,99.4168286587059,81.3770101250744,0.0487521764364481,0,0,126,coarse
125,2,0.416550958067203,0.416550958067203,0.333240766453763,3.44603206675163,-16.9129644917383,-0.21257684041564,99.5834490419328,81.3079213817749,0.111433546140453,0,0,127,coarse
125,3,0.416550958067203,0.416550958067203,0.249930574840322,3.44603206675163,-17.7118177528434,-0.21257684041564,99.5834490419328,81.2197736748064,0.227510156703424,0,0,128,coarse
125,5,0.36101083032491,0.36101083032491,0.0833101916134407,3.44603206675163,-19.0776641388485,-0.989562998015108,99.6389891696751,81.0077427039905,0.524666279744631,0,0,130,coarse
125,10,0.0555401277422938,0.0555401277422938,0,-5.7312944899403,-21.2143000914059,-7.15813830004618,99.9444598722577,79.7859029612123,1.6366802089379,0,1,135,coarse
125,15,0,0,0,-7.80810456484286,-24.0148755302088,-10.8517705321491,100,78.0369267421084,3.58908879860708,1,1,140,coarse
125,20,0,0,0,-13.4489723961887,-25.3914533416084,-13.8304854832273,100,74.9541393686718,6.77423099245502,1,1,145,coarse
125,25,0,0,0,-18.1514163671742,-27.5887508807634,-19.2439888333431,100,69.8391899940441,12.1091120139292,1,1,150,coarse
125,30,0,0,0,-19.3579673190652,-31.9429117840172,-20.8298432314142,100,63.8403811792734,18.0986651189785,1,1,155,coarse
125,35,0,0,0,-24.312922823584,-35.0809439453772,-25.4751794246089,100,59.3353186420488,23.0481717933836,1,1,160,coarse
125,40,0,0,0,-26.6154049320925,-38.5703321421409,-28.507699896186,100,54.8231089934485,27.758560650029,1,1,165,coarse
125,45,0,0,0,-28.5198276033903,-45.9501504131276,-31.3167579899861,100,50.4657534246575,32.0510737086477,1,1,170,coarse
125,50,0,0,0,-44.2299886280705,-51.8835912880923,-45.1150168764853,100,46.4895771292436,36.0255368543239,1,1,175,coarse
125,55,0,0,0,-44.2299886280705,-51.9796399473485,-45.1150168764853,100,44.0333531864205,38.6326175275682,1,1,180,coarse
125,60,0,0,0,-44.2299886280705,-52.0227381700057,-45.1150168764853,100,41.3746277546158,40.9820081253627,1,1,185,coarse
125,65,0,0,0,-44.2299886280705,-52.1229495008903,-45.1150168764853,100,38.9374627754616,43.7098084735926,1,1,190,coarse
125,70,0,0,0,-44.2299886280705,-52.2676985185506,-45.1150168764853,100,36.0690887432996,46.6604759141033,1,1,195,coarse
125,75,0,0,0,-44.2299886280705,-52.6156848637973,-45.1150168764853,100,32.9100655151876,50.15670342426,1,1,200,coarse
125,80,0,0,0,-44.2299886280705,-53.3802605788486,-45.116042204792,100,28.302561048243,53.8804410911201,1,1,205,coarse
125,85,0,0,0,-44.2299886280705,-53.9341109372701,-45.116070649588,100,24.7480643240024,56.8752176436448,1,1,210,coarse
125,90,0,0,0,-44.2448181537838,-54.5815607236595,-45.116070649588,100,21.9154258487195,59.6924359627588,1,1,215,coarse
125,95,0,0,0,-44.2448181537838,-55.2015868337908,-45.1380034335436,100,19.104228707564,62.5167987395153,1,1,220,coarse
125,100,0,0,0,-44.2448181537838,-56.0346022960176,-45.1380034335436,100,16.2072662298987,65.341845618108,1,1,225,coarse
125,105,0,0,0,-46.1838727822151,-56.7601653570082,-47.0518745018326,100,13.1771629825293,68.3954734961286,1,1,230,coarse
125,110,0,0,0,-48.7973248041976,-57.8213690935071,-49.8488821523524,100,10.0297796307326,71.3734365693865,1,1,235,coarse
125,115,0,0,0,-48.9646893480244,-59.1165847996557,-50.0727560452036,100,6.92745211839814,74.5443716497915,1,1,240,coarse
125,120,0,0,0,-48.9646893480244,-60.3886050634281,-50.1091893421997,100,3.72141613464887,77.9749851101846,1,1,245,coarse
125,125,0,0,0,-51.9145457722861,-62.0025620120229,-52.4588748090997,100,0,81.4032162001191,1,1,250,coarse
130,0,0.888642043876701,0.888642043876701,0.555401277422938,7.55331767682328,-15.4958002929046,5.43085740885246,99.1113579561233,85.2032068214468,0,0,0,130,coarse
130,0.5,0.80533185226326,0.80533185226326,0.499861149680644,5.87995850774226,-15.7540977433868,2.82260499101814,99.1946681477367,85.1962556188887,0.0142942227516379,0,0,130.5,coarse
130,1,0.583171341294085,0.583171341294085,0.44432102193835,3.57448227607021,-16.5532251175194,1.88067645430179,99.4168286587059,85.1893044163307,0.0487521764364481,0,0,131,coarse
130,2,0.416550958067203,0.416550958067203,0.333240766453763,3.44603206675163,-16.9129644917383,-0.21257684041564,99.5834490419328,85.1568654710598,0.111433546140453,0,0,132,coarse
130,3,0.416550958067203,0.416550958067203,0.249930574840322,3.44603206675163,-17.7118177528434,-0.21257684041564,99.5834490419328,85.0618657027666,0.227510156703424,0,0,133,coarse
130,5,0.36101083032491,0.36101083032491,0.0833101916134407,3.44603206675163,-19.0776641388485,-0.989562998015108,99.6389891696751,84.7745493303675,0.524666279744631,0,0,135,coarse
130,10,0.0555401277422938,0.0555401277422938,0,-5.7312944899403,-21.2143000914059,-7.15813830004618,99.9444598722577,83.7388201492192,1.6366802089379,0,1,140,coarse
130,15,0,0,0,-7.80810456484286,-24.0148755302088,-10.8517705321491,100,81.7299226099449,3.58908879860708,1,1,145,coarse
130,20,0,0,0,-13.4489723961887,-25.3914533416084,-13.8304854832273,100,78.7988321979702,6.77423099245502,1,1,150,coarse
130,25,0,0,0,-18.1514163671742,-27.5887508807634,-19.2439888333431,100,73.4651578320429,12.1091120139292,1,1,155,coarse
130,30,0,0,0,-19.3579673190652,-31.9429117840172,-20.8298432314142,100,67.6328838222346,18.0986651189785,1,1,160,coarse
130,35,0,0,0,-24.312922823584,-35.0809439453772,-25.4751794246089,100,62.9612864800476,23.0481717933836,1,1,165,coarse
130,40,0,0,0,-26.6154049320925,-38.5703321421409,-28.507699896186,100,58.4490768314473,27.758560650029,1,1,170,coarse
130,45,0,0,0,-28.5198276033903,-45.9501504131276,-31.3167579899861,100,54.0917212626563,32.0510737086477,1,1,175,coarse
130,50,0,0,0,-44.2299886280705,-51.8835912880923,-45.1150168764853,100,50.1155449672424,36.0255368543239,1,1,180,coarse
130,55,0,0,0,-44.2299886280705,-51.9796399473485,-45.1150168764853,100,47.6593210244193,38.6326175275682,1,1,185,coarse
130,60,0,0,0,-44.2299886280705,-52.0227381700057,-45.1150168764853,100,45.0005955926147,40.9820081253627,1,1,190,coarse
130,65,0,0,0,-44.2299886280705,-52.1229495008903,-45.1150168764853,100,42.5634306134604,43.7098084735926,1,1,195,coarse
130,70,0,0,0,-44.2299886280705,-52.2676985185505,-45.1150168764853,100,39.6950565812984,46.6604759141033,1,1,200,coarse
130,75,0,0,0,-44.2299886280705,-52.6156848637973,-45.1150168764853,100,36.5360333531864,50.15670342426,1,1,205,coarse
130,80,0,0,0,-44.2299886280705,-53.3802605788486,-45.116042204792,100,32.0450437925761,53.8804410911201,1,1,210,coarse
130,85,0,0,0,-44.2299886280705,-53.9341109372701,-45.116070649588,100,28.5323694332453,56.8752176436448,1,1,215,coarse
130,90,0,0,0,-44.2448181537838,-54.5815607236595,-45.116070649588,100,25.5549376708837,59.6924359627588,1,1,220,coarse
130,95,0,0,0,-44.2448181537838,-55.2015868337908,-45.1380034335436,100,22.7301965455628,62.5167987395153,1,1,225,coarse
130,100,0,0,0,-44.2448181537838,-56.0194466693771,-45.1380034335436,100,19.9684878817369,65.341845618108,1,1,230,coarse
130,105,0,0,0,-46.1838727822151,-56.7601653570082,-47.0518745018326,100,17.1300801705362,68.3954734961286,1,1,235,coarse
130,110,0,0,0,-48.7973248041976,-57.8213690935071,-49.8488821523524,100,13.9348440613559,71.3734365693865,1,1,240,coarse
130,115,0,0,0,-48.9646893480244,-59.1165847996557,-50.0727560452036,100,10.6886324667501,74.5443716497915,1,1,245,coarse
130,120,0,0,0,-48.9646893480244,-60.3886050634281,-50.1091893421997,100,7.41265235055136,77.9749851101846,1,1,250,coarse
130,125,0,0,0,-51.9145457722861,-62.0025620120229,-52.4588748090997,100,3.95291718800686,81.4032162001191,1,1,255,coarse
130,130,0,0,0,-53.6590093574092,-63.7205612456107,-54.2425718256719,100,0,85.2032068214468,1,1,260,coarse
135,0,0.888642043876701,0.888642043876701,0.555401277422938,7.55331767682328,-15.4958002929046,5.43085740885246,99.1113579561233,88.8767123287671,0,0,0,135,coarse
135,0.5,0.80533185226326,0.80533185226326,0.499861149680644,5.87995850774226,-15.7540977433868,2.82260499101814,99.1946681477367,88.8624181060155,0.0142942227516379,0,0,135.5,coarse
135,1,0.583171341294085,0.583171341294085,0.44432102193835,3.57448227607021,-16.5532251175194,1.88067645430179,99.4168286587059,88.8505062537225,0.0487521764364481,0,0,136,coarse
135,2,0.416550958067203,0.416550958067203,0.333240766453763,3.44603206675163,-16.9129644917383,-0.21257684041564,99.5834490419328,88.7814175104229,0.111433546140453,0,0,137,coarse
135,3,0.416550958067203,0.416550958067203,0.249930574840322,3.44603206675163,-17.7118177528434,-0.21257684041564,99.5834490419328,88.6932698034544,0.227510156703424,0,0,138,coarse
135,5,0.36101083032491,0.36101083032491,0.0833101916134407,3.44603206675163,-19.0776641388485,-0.989562998015108,99.6389891696751,88.4812388326385,0.524666279744631,0,0,140,coarse
135,10,0.0555401277422938,0.0555401277422938,0,-5.7312944899403,-21.2143000914059,-7.15813830004618,99.9444598722577,87.2424061941632,1.6366802089379,0,1,145,coarse
135,15,0,0,0,-7.80810456484286,-24.0148755302088,-10.8517705321491,100,85.5104228707564,3.58908879860708,1,1,150,coarse
135,20,0,0,0,-13.4489723961887,-25.3914533416084,-13.8304854832273,100,82.4276354973198,6.77423099245502,1,1,155,coarse
135,25,0,0,0,-18.1514163671742,-27.5887508807634,-19.2439888333431,100,77.3126861226921,12.1091120139292,1,1,160,coarse
135,30,0,0,0,-19.3579673190652,-31.9429117840172,-20.8298432314142,100,71.3138773079214,18.0986651189785,1,1,165,coarse
135,35,0,0,0,-24.312922823584,-35.0809439453772,-25.4751794246089,100,66.8088147706968,23.0481717933836,1,1,170,coarse
135,40,0,0,0,-26.6154049320925,-38.5703321421409,-28.507699896186,100,62.2966051220965,27.758560650029,1,1,175,coarse
135,45,0,0,0,-28.5198276033903,-45.9501504131276,-31.3167579899861,100,57.9392495533055,32.0510737086477,1,1,180,coarse
135,50,0,0,0,-44.2299886280705,-51.8835912880923,-45.1150168764853,100,53.9630732578916,36.0255368543239,1,1,185,coarse
135,55,0,0,0,-44.2299886280705,-51.9796399473485,-45.1150168764853,100,51.5068493150685,38.6326175275682,1,1,190,coarse
135,60,0,0,0,-44.2299886280705,-52.0227381700057,-45.1150168764853,100,48.8481238832638,40.9820081253627,1,1,195,coarse
135,65,0,0,0,-44.2299886280705,-52.1229495008903,-45.1150168764853,100,46.4109589041096,43.7098084735926,1,1,200,coarse
135,70,0,0,0,-44.2299886280705,-52.2676985185505,-45.1150168764853,100,43.5425848719476,46.6604759141033,1,1,205,coarse
135,75,0,0,0,-44.2299886280705,-52.6156848637973,-45.1150168764853,100,40.3835616438356,50.15670342426,1,1,210,coarse
135,80,0,0,0,-44.2299886280705,-53.3802605788486,-45.116042204792,100,35.776057176891,53.8804410911201,1,1,215,coarse
135,85,0,0,0,-44.2299886280705,-53.9341109372701,-45.116070649588,100,32.2215604526504,56.8752176436448,1,1,220,coarse
135,90,0,0,0,-44.2448181537838,-54.5815607236595,-45.116070649588,100,29.3889219773675,59.6924359627588,1,1,225,coarse
135,95,0,0,0,-44.2448181537838,-55.2015868337908,-45.1380034335436,100,26.577724836212,62.5167987395153,1,1,230,coarse
135,100,0,0,0,-44.2448181537838,-56.0194466693771,-45.1380034335436,100,23.6807623585468,65.341845618108,1,1,235,coarse
135,105,0,0,0,-46.1838727822141,-56.7601653570082,-47.0518745018326,100,20.589461976922,68.3954734961286,1,1,240,coarse
135,110,0,0,0,-48.7973248041976,-57.8213690935071,-49.8488821523524,100,17.5032757593806,71.3734365693865,1,1,245,coarse
135,115,0,0,0,-48.9646893480244,-59.1165847996557,-50.0727560452036,100,14.4561810795125,74.5443716497915,1,1,250,coarse
135,120,0,0,0,-48.9646893480244,-60.3886050634281,-50.1091893421997,100,11.2501450957632,77.9749851101846,1,1,255,coarse
135,125,0,0,0,-51.9145457722861,-62.0025620120229,-52.4588748090997,100,7.52872896111434,81.4032162001191,1,1,260,coarse
135,130,0,0,0,-53.6590093574092,-63.7205612456107,-54.2425718256719,100,3.8475282906492,85.2032068214468,1,1,265,coarse
135,135,0,0,0,-56.6669145450859,-64.8922203320529,-57.1715122275069,100,0,88.8767123287671,1,1,270,coarse
140,0,0.888642043876701,0.888642043876701,0.555401277422938,7.55331767682328,-15.4958002929046,5.43085740885246,99.1113579561233,92.2275101567034,0,0,0,140,coarse
140,0.5,0.80533185226326,0.80533185226326,0.499861149680644,5.87995850774226,-15.7540977433868,2.82260499101814,99.1946681477367,92.2159024956471,0.0142942227516379,0,0,140.5,coarse
140,1,0.583171341294085,0.583171341294085,0.44432102193835,3.57448227607021,-16.5532251175194,1.88067645430179,99.4168286587059,92.178757980267,0.0487521764364481,0,0,141,coarse
140,2,0.416550958067203,0.416550958067203,0.333240766453763,3.44603206675163,-16.9129644917383,-0.21257684041564,99.5834490419328,92.116076610563,0.111433546140453,0,0,142,coarse
140,3,0.416550958067203,0.416550958067203,0.249930574840322,3.44603206675163,-17.7118177528434,-0.21257684041564,99.5834490419328,92,0.227510156703424,0,0,143,coarse
140,5,0.36101083032491,0.36101083032491,0.0833101916134407,3.44603206675163,-19.0776641388485,-0.989562998015108,99.6389891696751,91.7028438769588,0.524666279744631,0,0,145,coarse
140,10,0.0555401277422938,0.0555401277422938,0,-5.7312944899403,-21.2143000914059,-7.15813830004618,99.9444598722577,90.5908299477655,1.6366802089379,0,1,150,coarse
140,15,0,0,0,-7.80810456484286,-24.0148755302088,-10.8517705321491,100,88.6384213580963,3.58908879860708,1,1,155,coarse
140,20,0,0,0,-13.4489723961887,-25.3914533416084,-13.8304854832273,100,85.5223347230494,6.77423099245502,1,1,160,coarse
140,25,0,0,0,-18.1514163671742,-27.5887508807634,-19.2439888333431,100,80.4073853484217,12.1091120139292,1,1,165,coarse
140,30,0,0,0,-19.3579673190652,-31.9429117840172,-20.8298432314142,100,74.408576533651,18.0986651189785,1,1,170,coarse
140,35,0,0,0,-24.312922823584,-35.0809439453772,-25.4751794246089,100,69.9035139964264,23.0481717933836,1,1,175,coarse
140,40,0,0,0,-26.6154049320925,-38.5703321421409,-28.507699896186,100,65.3913043478261,27.758560650029,1,1,180,coarse
140,45,0,0,0,-28.5198276033903,-45.9501504131276,-31.3167579899861,100,61.0339487790351,32.0510737086477,1,1,185,coarse
140,50,0,0,0,-44.2299886280705,-51.8835912880923,-45.1150168764853,100,57.0591504933068,36.0255368543239,1,1,190,coarse
140,55,0,0,0,-44.2299886280705,-51.9796399473485,-45.1150168764853,100,54.6015485407981,38.6326175275682,1,1,195,coarse
140,60,0,0,0,-44.2299886280705,-52.0227381700057,-45.1150168764853,100,51.9428231089935,40.9820081253627,1,1,200,coarse
140,65,0,0,0,-44.2299886280705,-52.1229495008903,-45.1150168764853,100,49.5056581298392,43.7098084735926,1,1,205,coarse
140,70,0,0,0,-44.2299886280705,-52.2676985185505,-45.1150168764853,100,46.6372840976772,46.6604759141033,1,1,210,coarse
140,75,0,0,0,-44.2299886280705,-52.6156848637973,-45.1150168764853,100,43.4782608695652,50.15670342426,1,1,215,coarse
140,80,0,0,0,-44.2299886280705,-53.3802605788486,-45.116042204792,100,38.8707564026206,53.8804410911201,1,1,220,coarse
140,85,0,0,0,-44.2299886280705,-53.9341109372701,-45.116070649588,100,35.3522925130586,56.8752176436448,1,1,225,coarse
140,90,0,0,0,-44.2448181537838,-54.5815607236595,-45.116070649588,100,32.6244921648288,59.6924359627588,1,1,230,coarse
140,95,0,0,0,-44.2448181537838,-55.2015868337908,-45.1380034335436,100,29.7782936738247,62.5167987395153,1,1,235,coarse
140,100,0,0,0,-44.2448181537838,-56.0194466693771,-45.1380034335436,100,26.8856645385955,65.341845618108,1,1,240,coarse
140,105,0,0,0,-46.1838727822141,-56.7601653570082,-47.0518745018326,100,24.0835751596053,68.3954734961286,1,1,245,coarse
140,110,0,0,0,-48.7973248041976,-57.8213690935071,-49.8488821523524,100,20.9425420777713,71.3734365693865,1,1,250,coarse
140,115,0,0,0,-48.9646893480244,-59.1165847996557,-50.0727560452036,100,18.0058038305281,74.5443716497915,1,1,255,coarse
140,120,0,0,0,-48.9646893480244,-60.3886050634281,-50.1091893421997,100,14.7997678467789,77.9749851101846,1,1,260,coarse
140,125,0,0,0,-51.9145457722861,-62.0025620120229,-52.4588748090997,100,11.107508453379,81.4032162001191,1,1,265,coarse
140,130,0,0,0,-53.6590093574092,-63.7205612456107,-54.2425718256719,100,7.51308536754829,85.2032068214468,1,1,270,coarse
140,135,0,0,0,-56.6669145450859,-64.8922203320529,-57.1715122275069,100,3.72180276992913,88.8767123287671,1,1,275,coarse
140,140,0,0,0,-59.0746364507352,-66.0026605908076,-59.6599492865631,100,0,92.2275101567034,1,1,280,coarse
145,0,0.888642043876701,0.888642043876701,0.555401277422938,7.55331767682328,-15.4958002929046,5.43085740885246,99.1113579561233,94.9320951828207,0,0,0,145,coarse
145,0.5,0.80533185226326,0.80533185226326,0.499861149680644,5.87995850774226,-15.7540977433868,2.82260499101814,99.1946681477367,94.9204875217644,0.0142942227516379,0,0,145.5,coarse
145,1,0.583171341294085,0.583171341294085,0.44432102193835,3.57448227607021,-16.5532251175194,1.88067645430179,99.4168286587059,94.8833430063842,0.0487521764364481,0,0,146,coarse
145,2,0.416550958067203,0.416550958067203,0.333240766453763,3.44603206675163,-16.9129644917383,-0.21257684041564,99.5834490419328,94.8206616366802,0.111433546140453,0,0,147,coarse
145,3,0.416550958067203,0.416550958067203,0.249930574840322,3.44603206675163,-17.7118177528434,-0.21257684041564,99.5834490419328,94.7045850261172,0.227510156703424,0,0,148,coarse
145,5,0.36101083032491,0.36101083032491,0.0833101916134407,3.44603206675163,-19.0776641388485,-0.989562998015108,99.6389891696751,94.407428903076,0.524666279744631,0,0,150,coarse
145,10,0.0555401277422938,0.0555401277422938,0,-5.7312944899403,-21.2143000914059,-7.15813830004618,99.9444598722577,93.2954149738828,1.6366802089379,0,1,155,coarse
145,15,0,0,0,-7.80810456484286,-24.0148755302088,-10.8517705321491,100,91.3430063842136,3.58908879860708,1,1,160,coarse
145,20,0,0,0,-13.4489723961887,-25.3914533416084,-13.8304854832273,100,88.1578641903656,6.77423099245502,1,1,165,coarse
145,25,0,0,0,-18.1514163671742,-27.5887508807634,-19.2439888333431,100,82.8229831688915,12.1091120139292,1,1,170,coarse
145,30,0,0,0,-19.3579673190652,-31.9429117840172,-20.8298432314142,100,76.8334300638421,18.0986651189785,1,1,175,coarse
145,35,0,0,0,-24.312922823584,-35.0809439453772,-25.4751794246089,100,72.145324597975,23.0481717933836,1,1,180,coarse
145,40,0,0,0,-26.6154049320927,-38.5703321421409,-28.507699896186,100,67.9721154291537,27.758560650029,1,1,185,coarse
145,45,0,0,0,-28.5198276033903,-45.9501504131276,-31.3167579899861,100,63.8728055954421,32.0510737086477,1,1,190,coarse
145,50,0,0,0,-44.2299886280705,-51.8835912880923,-45.1150168764853,100,60.0583630552596,36.0255368543239,1,1,195,coarse
145,55,0,0,0,-44.2299886280705,-51.9796399473485,-45.1150168764853,100,57.3486497753486,38.6326175275682,1,1,200,coarse
145,60,0,0,0,-44.2299886280705,-52.0227381700057,-45.1150168764853,100,54.6065125758488,40.9820081253627,1,1,205,coarse
145,65,0,0,0,-44.2299886280705,-52.1229495008903,-45.1150168764853,100,51.7474687313877,43.7098084735926,1,1,210,coarse
145,70,0,0,0,-44.2299886280705,-52.2676985185505,-45.1150168764853,100,48.9624345731623,46.6604759141033,1,1,215,coarse
145,75,0,0,0,-44.2299886280705,-52.6156848637973,-45.1150168764853,100,45.7200714711138,50.15670342426,1,1,220,coarse
145,80,0,0,0,-44.2299886280705,-53.3802605788486,-45.116042204792,100,41.1125670041692,53.8804410911201,1,1,225,coarse
145,85,0,0,0,-44.2299886280705,-53.9341109372701,-45.116070649588,100,38.0568775391759,56.8752176436448,1,1,230,coarse
145,90,0,0,0,-44.2448181537838,-54.5815607236595,-45.116070649588,100,35.329077190946,59.6924359627588,1,1,235,coarse
145,95,0,0,0,-44.2448181537838,-55.2015868337908,-45.1380034335436,100,32.482878699942,62.5167987395153,1,1,240,coarse
145,100,0,0,0,-44.2448181537838,-56.0194466693771,-45.1380034335436,100,29.5902495647127,65.341845618108,1,1,245,coarse
145,105,0,0,0,-46.1838727822141,-56.7601653570082,-47.0518745018326,100,26.7881601857226,68.3954734961286,1,1,250,coarse
145,110,0,0,0,-48.7973248041976,-57.8213690935071,-49.8488821523524,100,23.8130529436287,71.3734365693865,1,1,255,coarse
145,115,0,0,0,-48.9646893480244,-59.1165847996557,-50.0727560452036,100,20.7721524850618,74.5443716497915,1,1,260,coarse
145,120,0,0,0,-48.9646893480244,-60.3886050634281,-50.1091893421997,100,17.6640881930613,77.9749851101846,1,1,265,coarse
145,125,0,0,0,-51.9145457722861,-62.0025620120229,-52.4588748090997,100,14.1067210153319,81.4032162001191,1,1,270,coarse
145,130,0,0,0,-53.6590093574092,-63.7205612456107,-54.2425718256719,100,10.5122979295011,85.2032068214468,1,1,275,coarse
145,135,0,0,0,-56.6669145450859,-64.8922203320529,-57.1715122275069,100,6.72101533188198,88.8767123287671,1,1,280,coarse
145,140,0,0,0,-59.0746364507352,-66.0026605908076,-59.6599492865631,100,2.99921256195285,92.2275101567034,1,1,285,coarse
145,145,0,0,0,-59.4371377738333,-67.388385687592,-59.7752724891292,100,0,94.9320951828207,1,1,290,coarse
154.302468929061,0,0.888642043876701,0.888642043876701,0.555401277422938,7.55331767682328,-15.4958002929046,5.43085740885246,99.1113579561233,100,0,0,0,154.302468929061,coarse
154.302468929061,0.5,0.80533185226326,0.80533185226326,0.499861149680644,5.87995850774226,-15.7540977433868,2.82260499101814,99.1946681477367,99.9953680114873,0.0142942227516379,0,0,154.802468929061,coarse
154.302468929061,1,0.583171341294085,0.583171341294085,0.44432102193835,3.57448227607021,-16.5532251175194,1.88067645430179,99.4168286587059,99.986104034462,0.0487521764364481,0,0,155.302468929061,coarse
154.302468929061,2,0.416550958067203,0.416550958067203,0.333240766453763,3.44603206675163,-16.9129644917383,-0.21257684041564,99.5834490419328,99.953658649613,0.111433546140453,0,0,156.302468929061,coarse
154.302468929061,3,0.416550958067203,0.416550958067203,0.249930574840322,3.44603206675163,-17.7118177528434,-0.21257684041564,99.5834490419328,99.8586588813198,0.227510156703424,0,0,157.302468929061,coarse
154.302468929061,5,0.36101083032491,0.36101083032491,0.0833101916134407,3.44603206675163,-19.0776641388485,-0.989562998015108,99.6389891696751,99.6045265038714,0.524666279744631,0,0,159.302468929061,coarse
154.302468929061,10,0.0555401277422938,0.0555401277422938,0,-5.7312944899403,-21.2143000914059,-7.15813830004618,99.9444598722577,98.6266154059938,1.6366802089379,0,1,164.302468929061,coarse
154.302468929061,15,0,0,0,-7.80810456484286,-24.0148755302088,-10.8517705321491,100,96.681180230673,3.58908879860708,1,1,169.302468929061,coarse
154.302468929061,20,0,0,0,-13.4489723961887,-25.3914533416084,-13.8304854832273,100,93.7954513872806,6.77423099245502,1,1,174.302468929061,coarse
154.302468929061,25,0,0,0,-18.1514163671742,-27.5887508807634,-19.2439888333431,100,88.435973793925,12.1091120139292,1,1,179.302468929061,coarse
154.302468929061,30,0,0,0,-19.3579673190652,-31.9429117840172,-20.8298432314142,100,82.4371649791543,18.0986651189785,1,1,184.302468929061,coarse
154.302468929061,35,0,0,0,-24.312922823584,-35.0809439453772,-25.4751794246089,100,77.9471026911853,23.0481717933836,1,1,189.302468929061,coarse
154.302468929061,40,0,0,0,-26.6154049320926,-38.5703321421409,-28.5076998961862,100,73.808420955116,27.758560650029,1,1,194.302468929061,coarse
154.302468929061,45,0,0,0,-28.5198276033906,-45.9501504131276,-31.3167579899861,100,69.7091111214044,32.0510737086477,1,1,199.302468929061,coarse
154.302468929061,50,0,0,0,-44.2299886280705,-51.8835912880922,-45.1150168764853,100,65.8946685812219,36.0255368543239,1,1,204.302468929061,coarse
154.302468929061,55,0,0,0,-44.2299886280705,-51.9796399473485,-45.1150168764853,100,63.1849553013109,38.6326175275682,1,1,209.302468929061,coarse
154.302468929061,60,0,0,0,-44.2299886280705,-52.0227381700057,-45.1150168764853,100,60.4428181018111,40.9820081253627,1,1,214.302468929061,coarse
154.302468929061,65,0,0,0,-44.2299886280705,-52.1229495008903,-45.1150168764853,100,57.5825651952383,43.7098084735926,1,1,219.302468929061,coarse
154.302468929061,70,0,0,0,-44.2299886280705,-52.2676985185506,-45.1150168764853,100,54.7987400991246,46.6604759141033,1,1,224.302468929061,coarse
154.302468929061,75,0,0,0,-44.2299886280705,-52.6156848637973,-45.1150168764853,100,51.5068493150685,50.15670342426,1,1,229.302468929061,coarse
154.302468929061,80,0,0,0,-44.2299886280705,-53.3802605788486,-45.116042204792,100,46.9174116448191,53.8804410911201,1,1,234.302468929061,coarse
154.302468929061,85,0,0,0,-44.2299886280705,-53.9341109372701,-45.116070649588,100,43.4248923062671,56.8752176436448,1,1,239.302468929061,coarse
154.302468929061,90,0,0,0,-44.2448181537838,-54.5815607236595,-45.116070649588,100,40.5122096486004,59.6924359627588,1,1,244.302468929061,coarse
154.302468929061,95,0,0,0,-44.2448181537838,-55.2015868337908,-45.1380034335436,100,37.7010125074449,62.5167987395153,1,1,249.302468929061,coarse
154.302468929061,100,0,0,0,-44.2448181537838,-56.0194466693771,-45.1380034335436,100,35.0873129834638,65.341845618108,1,1,254.302468929061,coarse
154.302468929061,105,0,0,0,-46.1838727822151,-56.7601653570082,-47.0518745018326,100,32.5350873129835,68.3954734961286,1,1,259.302468929061,coarse
154.302468929061,110,0,0,0,-48.7973248041976,-57.8213690935071,-49.8488821523524,100,29.649358469591,71.3734365693865,1,1,264.302468929061,coarse
154.302468929061,115,0,0,0,-48.9646893480244,-59.1165847996557,-50.0727560452036,100,26.6084580110241,74.5443716497915,1,1,269.302468929061,coarse
154.302468929061,120,0,0,0,-48.9646893480244,-60.3886050634281,-50.1091893421997,100,23.5003937190236,77.9749851101846,1,1,274.302468929061,coarse
154.302468929061,125,0,0,0,-51.9145457722861,-62.0025620120229,-52.4588748090997,100,19.9430265412942,81.4032162001191,1,1,279.302468929061,coarse
154.302468929061,130,0,0,0,-53.6590093574092,-63.7205612456107,-54.2425718256719,100,16.3486034554634,85.2032068214468,1,1,284.302468929061,coarse
154.302468929061,135,0,0,0,-56.6669145450859,-64.8922203320529,-57.1715122275069,100,12.5573208578443,88.8767123287671,1,1,289.302468929061,coarse
154.302468929061,140,0,0,0,-59.0746364507352,-66.0026605908076,-59.6599492865631,100,8.83551808791514,92.2275101567034,1,1,294.302468929061,coarse
154.302468929061,145,0,0,0,-59.4371377738333,-67.3883856876514,-59.7752724891294,100,5.8363055259623,94.9320951828207,1,1,299.302468929061,coarse
154.302468929061,154.302468929061,0,0,0,-2969.09346595255,-2969.09346595255,-2969.09346595255,100,0,100,1,1,308.604937858122,coarse
38,3,0.472091085809497,0.472091085809497,0.319355734518189,3.95812186145342,-17.5133313230956,1.87754225313747,99.5279089141905,25.7341845618108,0.227510156703424,0,0,41,refinement
38,4,0.44432102193835,0.44432102193835,0.208275479033602,3.95812186145342,-18.0178558036033,1.51632801690968,99.5556789780616,25.6088218224028,0.352872896111434,0,0,42,refinement
38,5,0.416550958067203,0.416550958067203,0.166620383226881,3.95812186145342,-18.7078548556896,1.32416000481918,99.5834490419328,25.4370284387696,0.524666279744631,0,0,43,refinement
38,6,0.333240766453763,0.333240766453763,0.152735351291308,3.95812186145342,-19.0776641388485,1.32416000481918,99.6667592335462,25.288450377249,0.673244341265235,0,0,44,refinement
38,7,0.277700638711469,0.277700638711469,0.111080255484588,3.95812186145342,-19.3289325539479,1.17588456334184,99.7222993612885,25.1143354614045,0.847359257109692,0,0,45,refinement
38,8,0.138850319355735,0.138850319355735,0.0971952235490142,3.95812186145342,-19.7003981668325,0.979360864037889,99.8611496806443,24.9170052234475,1.04468949506674,0,0,46,refinement
38,9,0.111080255484588,0.111080255484588,0.0694251596778673,3.95812186145342,-20.2706315131909,0.92613716531412,99.8889197445154,24.6430644225189,1.34603930911257,0,0,47,refinement
38,10,0.111080255484588,0.111080255484588,0.0694251596778673,3.95812186145342,-20.6495401835036,0.758492299598837,99.8889197445154,24.3250145095763,1.6366802089379,0,0,48,refinement
38,11,0.111080255484588,0.111080255484588,0.0694251596778673,3.95812186145342,-21.4810796502723,0.639473622447425,99.8889197445154,24.0116076610563,1.95008705745792,0,0,49,refinement
38,12,0.111080255484588,0.111080255484588,0.0555401277422938,3.95812186145342,-21.8991974315804,0.572840636379591,99.8889197445154,23.570516540917,2.39117817759721,0,0,50,refinement
38,13,0.111080255484588,0.111080255484588,0.0555401277422938,3.95812186145342,-22.7219594777986,0.557125648768217,99.8889197445154,23.2222867092281,2.73940800928613,0,0,51,refinement
38,14,0.111080255484588,0.111080255484588,0.0555401277422938,3.95812186145342,-23.0380341595985,0.517203792416799,99.8889197445154,22.8508415554266,3.11085316308764,0,0,52,refinement
38,15,0.111080255484588,0.111080255484588,0.0555401277422938,3.95812186145342,-23.2986320766354,0.499637770552054,99.8889197445154,22.3726059199071,3.58908879860708,0,0,53,refinement
38,16,0.111080255484588,0.111080255484588,0.0555401277422938,3.95812186145342,-23.5357253861382,0.420623396265734,99.8889197445154,21.8502611723738,4.11143354614045,0,0,54,refinement
38,17,0.111080255484588,0.111080255484588,0.0555401277422938,3.95812186145342,-23.9579038370634,0.350083645241063,99.8889197445154,21.351131746953,4.61056297156123,0,0,55,refinement
38,18,0.111080255484588,0.111080255484588,0.0555401277422938,3.95812186145342,-24.1375983252437,0.249930668251488,99.8889197445154,20.6941381311666,5.26755658734765,0,0,56,refinement
38,19,0.111080255484588,0.111080255484588,0.0555401277422938,3.95812186145342,-24.369596372496,0.199961628041549,99.8889197445154,19.9419616947185,6.01973302379571,0,0,57,refinement
38,20,0.111080255484588,0.111080255484588,0.0555401277422938,3.95812186145342,-24.8352739199231,0.0605901107169644,99.8889197445154,19.1874637260592,6.77423099245502,0,0,58,refinement
38,21,0.111080255484588,0.111080255484588,0.0555401277422938,3.95812186145342,-25.0001691530532,0.0605901107169644,99.8889197445154,18.3865351131747,7.57515960533952,0,0,59,refinement
38,22,0.111080255484588,0.111080255484588,0.0555401277422938,3.95812186145342,-25.2796041588855,0.0603743650636521,99.8889197445154,17.413813116657,8.54788160185723,0,0,60,refinement
39,3,0.472091085809497,0.472091085809497,0.319355734518189,3.44603206675163,-17.5133313230956,1.87754225313747,99.5279089141905,26.6024376088218,0.227510156703424,0,0,42,refinement
39,4,0.44432102193835,0.44432102193835,0.194390447098028,3.44603206675163,-18.0178558036033,1.51632801690968,99.5556789780616,26.4770748694138,0.352872896111434,0,0,43,refinement
39,5,0.416550958067203,0.416550958067203,0.152735351291308,3.44603206675163,-18.7078548556896,1.32416000481918,99.5834490419328,26.3052814857806,0.524666279744631,0,0,44,refinement
39,6,0.333240766453763,0.333240766453763,0.138850319355735,3.0605609023539,-19.0909649915312,1.32416000481918,99.6667592335462,26.15670342426,0.673244341265235,0,0,45,refinement
39,7,0.277700638711469,0.277700638711469,0.111080255484588,3.0605609023539,-19.3289325539479,1.17588456334184,99.7222993612885,25.9825885084156,0.847359257109692,0,0,46,refinement
39,8,0.138850319355735,0.138850319355735,0.0971952235490142,3.0605609023539,-19.7003981668325,0.979360864037889,99.8611496806443,25.7852582704585,1.04468949506674,0,0,47,refinement
39,9,0.111080255484588,0.111080255484588,0.0694251596778673,3.0605609023539,-20.2706315131909,0.92613716531412,99.8889197445154,25.5113174695299,1.34603930911257,0,0,48,refinement
39,10,0.111080255484588,0.111080255484588,0.0694251596778673,3.0605609023539,-20.6408044630368,0.758492299598837,99.8889197445154,25.1932675565873,1.6366802089379,0,0,49,refinement
39,11,0.111080255484588,0.111080255484588,0.0694251596778673,3.0605609023539,-21.4810796502723,0.639473622447425,99.8889197445154,24.8798607080673,1.95008705745792,0,0,50,refinement
39,12,0.111080255484588,0.111080255484588,0.0555401277422938,3.0605609023539,-21.8991974315804,0.572840636379591,99.8889197445154,24.438769587928,2.39117817759721,0,0,51,refinement
39,13,0.111080255484588,0.111080255484588,0.0555401277422938,3.0605609023539,-22.7219594777986,0.557125648768217,99.8889197445154,24.0905397562391,2.73940800928613,0,0,52,refinement
39,14,0.111080255484588,0.111080255484588,0.0416550958067204,3.0605609023539,-23.0778548874415,0.517203792416799,99.8889197445154,23.7190946024376,3.11085316308764,0,0,53,refinement
39,15,0.111080255484588,0.111080255484588,0.0416550958067204,3.0605609023539,-23.3568777777745,0.499637770552054,99.8889197445154,23.2408589669182,3.58908879860708,0,0,54,refinement
39,16,0.111080255484588,0.111080255484588,0.0416550958067204,3.0605609023539,-23.6944697764686,0.420623396265734,99.8889197445154,22.7185142193848,4.11143354614045,0,0,55,refinement
39,17,0.111080255484588,0.111080255484588,0.0416550958067204,3.0605609023539,-23.9579038370634,0.350083645241063,99.8889197445154,22.219384793964,4.61056297156123,0,0,56,refinement
39,18,0.111080255484588,0.111080255484588,0.0416550958067204,3.0605609023539,-24.1375983252437,0.249930668251488,99.8889197445154,21.5623911781776,5.26755658734765,0,0,57,refinement
39,19,0.111080255484588,0.111080255484588,0.0416550958067204,3.0605609023539,-24.369596372496,0.199961628041549,99.8889197445154,20.8102147417295,6.01973302379571,0,0,58,refinement
39,20,0.111080255484588,0.111080255484588,0.0416550958067204,3.0605609023539,-24.8352739199231,0.0605901107169644,99.8889197445154,20.0557167730702,6.77423099245502,0,0,59,refinement
39,21,0.111080255484588,0.111080255484588,0.0416550958067204,3.0605609023539,-25.0001691530532,0.0605901107169644,99.8889197445154,19.2547881601857,7.57515960533952,0,0,60,refinement
39,22,0.111080255484588,0.111080255484588,0.0416550958067204,3.0605609023539,-25.2796041588855,0.0603743650636521,99.8889197445154,18.282066163668,8.54788160185723,0,0,61,refinement
40,3,0.44432102193835,0.44432102193835,0.319355734518189,3.44603206675163,-17.5749574479668,1.87754225313747,99.5556789780616,27.5310504933256,0.227510156703424,0,0,43,refinement
40,4,0.416550958067203,0.416550958067203,0.194390447098028,3.44603206675163,-18.1098809848048,1.51632801690968,99.5834490419328,27.4056877539176,0.352872896111434,0,0,44,refinement
40,5,0.388780894196057,0.388780894196057,0.152735351291308,3.44603206675163,-18.7427003772813,1.32416000481918,99.6112191058039,27.2338943702844,0.524666279744631,0,0,45,refinement
40,6,0.305470702582616,0.305470702582616,0.138850319355735,3.0605609023539,-19.1553968088239,1.32416000481918,99.6945292974174,27.0853163087638,0.673244341265235,0,0,46,refinement
40,7,0.249930574840322,0.249930574840322,0.111080255484588,3.0605609023539,-19.3455597571485,1.17588456334184,99.7500694251597,26.9112013929193,0.847359257109692,0,0,47,refinement
40,8,0.111080255484588,0.111080255484588,0.0971952235490142,3.0605609023539,-19.7805158739951,0.979360864037889,99.8889197445154,26.7138711549623,1.04468949506674,0,0,48,refinement
40,9,0.111080255484588,0.111080255484588,0.0555401277422938,3.0605609023539,-20.3186692935657,0.92613716531412,99.8889197445154,26.4399303540337,1.34603930911257,0,0,49,refinement
40,10,0.111080255484588,0.111080255484588,0.0555401277422938,3.0605609023539,-20.6684684701062,0.758492299598837,99.8889197445154,26.1218804410911,1.6366802089379,0,0,50,refinement
40,11,0.111080255484588,0.111080255484588,0.0555401277422938,3.0605609023539,-21.5033351688502,0.639473622447425,99.8889197445154,25.8084735925711,1.95008705745792,0,0,51,refinement
40,12,0.111080255484588,0.111080255484588,0.0416550958067204,3.0605609023539,-21.9714807031272,0.572840636379591,99.8889197445154,25.3673824724318,2.39117817759721,0,0,52,refinement
40,13,0.111080255484588,0.111080255484588,0.0416550958067204,3.0605609023539,-22.8213324851007,0.557125648768217,99.8889197445154,25.0191526407429,2.73940800928613,0,0,53,refinement
40,14,0.111080255484588,0.111080255484588,0.0277700638711469,3.0605609023539,-23.085115070908,0.517203792416799,99.8889197445154,24.6477074869414,3.11085316308764,0,0,54,refinement
40,15,0.111080255484588,0.111080255484588,0.0277700638711469,3.0605609023539,-23.3947636879426,0.499637770552054,99.8889197445154,24.1694718514219,3.58908879860708,0,0,55,refinement
40,16,0.111080255484588,0.111080255484588,0.0277700638711469,3.0605609023539,-23.786562118037,0.420623396265734,99.8889197445154,23.6471271038886,4.11143354614045,0,0,56,refinement
40,17,0.111080255484588,0.111080255484588,0.0277700638711469,3.0605609023539,-24.0148755302088,0.350083645241063,99.8889197445154,23.1479976784678,4.61056297156123,0,0,57,refinement
40,18,0.111080255484588,0.111080255484588,0.0277700638711469,3.0605609023539,-24.2246866390084,0.249930668251488,99.8889197445154,22.4910040626814,5.26755658734765,0,0,58,refinement
40,19,0.111080255484588,0.111080255484588,0.0277700638711469,3.0605609023539,-24.4776450990457,0.199961628041549,99.8889197445154,21.7388276262333,6.01973302379571,0,0,59,refinement
40,20,0.111080255484588,0.111080255484588,0.0277700638711469,3.0605609023539,-24.8707970879072,0.0605901107169644,99.8889197445154,20.984329657574,6.77423099245502,0,0,60,refinement
40,21,0.111080255484588,0.111080255484588,0.0277700638711469,3.0605609023539,-25.0652840091333,0.0605901107169644,99.8889197445154,20.1834010446895,7.57515960533952,0,0,61,refinement
40,22,0.111080255484588,0.111080255484588,0.0277700638711469,3.0605609023539,-25.4409170713727,0.0603743650636521,99.8889197445154,19.2106790481718,8.54788160185723,0,0,62,refinement
41,3,0.416550958067203,0.416550958067203,0.319355734518189,3.44603206675163,-17.5980203414372,1.87754225313747,99.5834490419328,28.4735925710969,0.227510156703424,0,0,44,refinement
41,4,0.388780894196057,0.388780894196057,0.194390447098028,3.44603206675163,-18.1584227936818,1.51632801690968,99.6112191058039,28.3482298316889,0.352872896111434,0,0,45,refinement
41,5,0.36101083032491,0.36101083032491,0.138850319355735,3.44603206675163,-18.7587398631844,1.32416000481918,99.6389891696751,28.1764364480557,0.524666279744631,0,0,46,refinement
41,6,0.277700638711469,0.277700638711469,0.124965287420161,3.0605609023539,-19.2258501437589,1.32416000481918,99.7222993612885,28.0278583865351,0.673244341265235,0,0,47,refinement
41,7,0.222160510969175,0.222160510969175,0.111080255484588,3.0605609023539,-19.3677335142717,1.17588456334184,99.7778394890308,27.8537434706907,0.847359257109692,0,0,48,refinement
41,8,0.111080255484588,0.111080255484588,0.0833101916134407,3.0605609023539,-19.8468613533408,0.979360864037889,99.8889197445154,27.6564132327336,1.04468949506674,0,0,49,refinement
41,9,0.111080255484588,0.111080255484588,0.0416550958067204,3.0605609023539,-20.3313940594353,0.92613716531412,99.8889197445154,27.382472431805,1.34603930911257,0,0,50,refinement
41,10,0.111080255484588,0.111080255484588,0.0416550958067204,3.0605609023539,-20.7725979578505,0.758492299598837,99.8889197445154,27.0644225188625,1.6366802089379,0,0,51,refinement
41,11,0.111080255484588,0.111080255484588,0.0416550958067204,3.0605609023539,-21.5401176284408,0.639473622447425,99.8889197445154,26.7510156703424,1.95008705745792,0,0,52,refinement
41,12,0.111080255484588,0.111080255484588,0.0277700638711469,3.0605609023539,-21.990231414464,0.572840636379591,99.8889197445154,26.3099245502031,2.39117817759721,0,0,53,refinement
41,13,0.111080255484588,0.111080255484588,0.0277700638711469,3.0605609023539,-22.9120712036774,0.557125648768217,99.8889197445154,25.9616947185142,2.73940800928613,0,0,54,refinement
41,14,0.111080255484588,0.111080255484588,0.0138850319355735,3.0605609023539,-23.1559990703688,0.517203792416799,99.8889197445154,25.5902495647127,3.11085316308764,0,0,55,refinement
41,15,0.111080255484588,0.111080255484588,0.0138850319355735,3.0605609023539,-23.4583154559803,0.499637770552054,99.8889197445154,25.1120139291933,3.58908879860708,0,0,56,refinement
41,16,0.111080255484588,0.111080255484588,0.0138850319355735,3.0605609023539,-23.8160503201142,0.420623396265734,99.8889197445154,24.5896691816599,4.11143354614045,0,0,57,refinement
41,17,0.111080255484588,0.111080255484588,0.0138850319355735,3.0605609023539,-24.0495132038862,0.350083645241063,99.8889197445154,24.0905397562391,4.61056297156123,0,0,58,refinement
41,18,0.111080255484588,0.111080255484588,0.0138850319355735,3.0605609023539,-24.2457937593147,0.249930668251488,99.8889197445154,23.4335461404527,5.26755658734765,0,0,59,refinement
41,19,0.111080255484588,0.111080255484588,0.0138850319355735,3.0605609023539,-24.5545601648301,0.199961628041549,99.8889197445154,22.6813697040046,6.01973302379571,0,0,60,refinement
41,20,0.111080255484588,0.111080255484588,0.0138850319355735,3.0605609023539,-24.8918675059086,0.0605901107169644,99.8889197445154,21.9268717353453,6.77423099245502,0,0,61,refinement
41,21,0.111080255484588,0.111080255484588,0.0138850319355735,3.0605609023539,-25.0820752463601,0.0605901107169644,99.8889197445154,21.1259431224608,7.57515960533952,0,0,62,refinement
41,22,0.111080255484588,0.111080255484588,0.0138850319355735,3.0605609023539,-25.4884656246451,0.0603743650636521,99.8889197445154,20.1532211259431,8.54788160185723,0,0,63,refinement
42,3,0.416550958067203,0.416550958067203,0.305470702582616,3.44603206675163,-17.6272243638794,1.63975793403492,99.5834490419328,29.360417875798,0.227510156703424,0,0,45,refinement
42,4,0.388780894196057,0.388780894196057,0.180505415162455,3.44603206675163,-18.2482769029069,-0.277932354716588,99.6112191058039,29.23505513639,0.352872896111434,0,0,46,refinement
42,5,0.36101083032491,0.36101083032491,0.124965287420161,3.44603206675163,-18.8292627655068,-0.989562998015108,99.6389891696751,29.0632617527568,0.524666279744631,0,0,47,refinement
42,6,0.277700638711469,0.277700638711469,0.111080255484588,3.0605609023539,-19.2258501437589,-3.5657432085035,99.7222993612885,28.9146836912362,0.673244341265235,0,0,48,refinement
42,7,0.222160510969175,0.222160510969175,0.0971952235490142,3.0605609023539,-19.425069003655,-5.1813178645977,99.7778394890308,28.7405687753918,0.847359257109692,0,0,49,refinement
42,8,0.0833101916134407,0.0833101916134407,0.0833101916134407,3.0605609023539,-19.8967943121288,-6.60719880073385,99.9166898083866,28.5432385374347,1.04468949506674,0,1,50,refinement
42,9,0.0833101916134407,0.0833101916134407,0.0416550958067204,3.0605609023539,-20.3655326077356,-6.89296281158691,99.9166898083866,28.2692977365061,1.34603930911257,0,1,51,refinement
42,10,0.0833101916134407,0.0833101916134407,0.0416550958067204,3.0605609023539,-20.8477798773638,-6.89296281158691,99.9166898083866,27.9512478235636,1.6366802089379,0,1,52,refinement
42,11,0.0833101916134407,0.0833101916134407,0.0416550958067204,3.0605609023539,-21.5557113918097,-6.89296281158691,99.9166898083866,27.6378409750435,1.95008705745792,0,1,53,refinement
42,12,0.0833101916134407,0.0833101916134407,0.0277700638711469,3.0605609023539,-22.0481892010152,-7.93253505484231,99.9166898083866,27.1967498549042,2.39117817759721,0,1,54,refinement
42,13,0.0833101916134407,0.0833101916134407,0.0277700638711469,3.0605609023539,-22.9272589614388,-7.93253505484231,99.9166898083866,26.8485200232153,2.73940800928613,0,1,55,refinement
42,14,0.0833101916134407,0.0833101916134407,0.0138850319355735,3.0605609023539,-23.1559990703688,-9.09952318629025,99.9166898083866,26.4770748694138,3.11085316308764,0,1,56,refinement
42,15,0.0833101916134407,0.0833101916134407,0.0138850319355735,3.0605609023539,-23.4583154559803,-9.7210688845938,99.9166898083866,25.9988392338944,3.58908879860708,0,1,57,refinement
42,16,0.0833101916134407,0.0833101916134407,0.0138850319355735,3.0605609023539,-23.8981805292023,-11.2137863606017,99.9166898083866,25.476494486361,4.11143354614045,0,1,58,refinement
42,17,0.0833101916134407,0.0833101916134407,0.0138850319355735,3.0605609023539,-24.0933755329228,-13.4139098423057,99.9166898083866,24.9773650609402,4.61056297156123,0,1,59,refinement
42,18,0.0833101916134407,0.0833101916134407,0.0138850319355735,3.0605609023539,-24.2929981374295,-13.4521982253215,99.9166898083866,24.3203714451538,5.26755658734765,0,1,60,refinement
42,19,0.0833101916134407,0.0833101916134407,0.0138850319355735,3.0605609023539,-24.6402223236965,-13.4521982253215,99.9166898083866,23.5681950087057,6.01973302379571,0,1,61,refinement
42,20,0.0833101916134407,0.0833101916134407,0.0138850319355735,3.0605609023539,-24.9342704118932,-13.4521982253215,99.9166898083866,22.8136970400464,6.77423099245502,0,1,62,refinement
42,21,0.0833101916134407,0.0833101916134407,0.0138850319355735,3.0605609023539,-25.2116649732137,-13.4521982253215,99.9166898083866,22.0127684271619,7.57515960533952,0,1,63,refinement
42,22,0.0833101916134407,0.0833101916134407,0.0138850319355735,3.0605609023539,-25.5389887983164,-13.4521982253215,99.9166898083866,21.0400464306442,8.54788160185723,0,1,64,refinement
43,3,0.416550958067203,0.416550958067203,0.291585670647042,3.44603206675163,-17.6439379952449,-0.0633427160178437,99.5834490419328,30.1984910040627,0.227510156703424,0,0,46,refinement
43,4,0.388780894196057,0.388780894196057,0.166620383226881,3.44603206675163,-18.2802451464477,-0.277932354716588,99.6112191058039,30.0731282646547,0.352872896111434,0,0,47,refinement
43,5,0.36101083032491,0.36101083032491,0.111080255484588,3.44603206675163,-18.8529744923991,-0.989562998015108,99.6389891696751,29.9013348810215,0.524666279744631,0,0,48,refinement
43,6,0.277700638711469,0.277700638711469,0.0971952235490142,3.0536842622589,-19.2779189310981,-3.5657432085035,99.7222993612885,29.7527568195009,0.673244341265235,0,0,49,refinement
43,7,0.222160510969175,0.222160510969175,0.0833101916134407,3.0536842622589,-19.4517380877388,-5.1813178645977,99.7778394890308,29.5786419036564,0.847359257109692,0,0,50,refinement
43,8,0.0833101916134407,0.0833101916134407,0.0694251596778673,3.0536842622589,-19.9085584235353,-6.60719880073385,99.9166898083866,29.3813116656994,1.04468949506674,0,1,51,refinement
43,9,0.0833101916134407,0.0833101916134407,0.0277700638711469,3.0536842622589,-20.4076821753107,-6.89296281158691,99.9166898083866,29.1073708647707,1.34603930911257,0,1,52,refinement
43,10,0.0833101916134407,0.0833101916134407,0.0277700638711469,3.0536842622589,-20.8921805468637,-6.89296281158691,99.9166898083866,28.7893209518282,1.6366802089379,0,1,53,refinement
43,11,0.0833101916134407,0.0833101916134407,0.0277700638711469,3.0536842622589,-21.5628908817396,-6.89296281158691,99.9166898083866,28.4759141033082,1.95008705745792,0,1,54,refinement
43,12,0.0555401277422938,0.0555401277422938,0.0277700638711469,3.0536842622589,-22.0867448399095,-7.93253505484231,99.9444598722577,28.0348229831689,2.39117817759721,0,1,55,refinement
43,13,0.0555401277422938,0.0555401277422938,0.0277700638711469,3.0536842622589,-22.9592573761124,-7.93253505484231,99.9444598722577,27.68659315148,2.73940800928613,0,1,56,refinement
43,14,0.0555401277422938,0.0555401277422938,0.0138850319355735,3.0536842622589,-23.2357064591821,-9.09952318629025,99.9444598722577,27.3151479976785,3.11085316308764,0,1,57,refinement
43,15,0.0555401277422938,0.0555401277422938,0.0138850319355735,3.0536842622589,-23.5357253861382,-9.7210688845938,99.9444598722577,26.836912362159,3.58908879860708,0,1,58,refinement
43,16,0.0555401277422938,0.0555401277422938,0.0138850319355735,3.0536842622589,-23.9013063536902,-11.2137863606017,99.9444598722577,26.3145676146257,4.11143354614045,0,1,59,refinement
43,17,0.0555401277422938,0.0555401277422938,0.0138850319355735,3.0536842622589,-24.1034626286719,-13.7606974365731,99.9444598722577,25.8154381892049,4.61056297156123,0,1,60,refinement
43,18,0.0555401277422938,0.0555401277422938,0.0138850319355735,3.0536842622589,-24.3276941304599,-13.7606974365731,99.9444598722577,25.1584445734185,5.26755658734765,0,1,61,refinement
43,19,0.0555401277422938,0.0555401277422938,0.0138850319355735,3.0536842622589,-24.659644185348,-13.7606974365731,99.9444598722577,24.4062681369704,6.01973302379571,0,1,62,refinement
43,20,0.0555401277422938,0.0555401277422938,0.0138850319355735,3.0536842622589,-24.9395956813257,-13.7606974365731,99.9444598722577,23.6517701683111,6.77423099245502,0,1,63,refinement
43,21,0.0555401277422938,0.0555401277422938,0.0138850319355735,3.0536842622589,-25.2387042491464,-13.7606974365731,99.9444598722577,22.8508415554266,7.57515960533952,0,1,64,refinement
43,22,0.0555401277422938,0.0555401277422938,0.0138850319355735,3.0536842622589,-25.5628485993835,-13.7606974365731,99.9444598722577,21.8781195589089,8.54788160185723,0,1,65,refinement
44,3,0.416550958067203,0.416550958067203,0.291585670647042,3.44603206675163,-17.6624652897562,-0.0633427160178437,99.5834490419328,31.015670342426,0.227510156703424,0,0,47,refinement
44,4,0.388780894196057,0.388780894196057,0.166620383226881,3.44603206675163,-18.3084361253491,-0.277932354716588,99.6112191058039,30.890307603018,0.352872896111434,0,0,48,refinement
44,5,0.36101083032491,0.36101083032491,0.111080255484588,3.44603206675163,-18.9033275707733,-0.989562998015108,99.6389891696751,30.7185142193848,0.524666279744631,0,0,49,refinement
44,6,0.277700638711469,0.277700638711469,0.0971952235490142,3.0536842622589,-19.2779189310981,-3.5657432085035,99.7222993612885,30.5699361578642,0.673244341265235,0,0,50,refinement
44,7,0.222160510969175,0.222160510969175,0.0833101916134407,3.0536842622589,-19.4872191718802,-5.1813178645977,99.7778394890308,30.3958212420197,0.847359257109692,0,0,51,refinement
44,8,0.0833101916134407,0.0833101916134407,0.0694251596778673,3.0536842622589,-19.9360454397457,-6.60719880073385,99.9166898083866,30.1984910040627,1.04468949506674,0,1,52,refinement
44,9,0.0833101916134407,0.0833101916134407,0.0277700638711469,3.0536842622589,-20.4309202586914,-6.89296281158691,99.9166898083866,29.9245502031341,1.34603930911257,0,1,53,refinement
44,10,0.0833101916134407,0.0833101916134407,0.0277700638711469,3.0536842622589,-20.9359252256547,-6.89296281158691,99.9166898083866,29.6065002901915,1.6366802089379,0,1,54,refinement
44,11,0.0833101916134407,0.0833101916134407,0.0277700638711469,3.0536842622589,-21.5973256827232,-6.89296281158691,99.9166898083866,29.2930934416715,1.95008705745792,0,1,55,refinement
44,12,0.0555401277422938,0.0555401277422938,0.0277700638711469,3.0536842622589,-22.145032490127,-7.93253505484231,99.9444598722577,28.8520023215322,2.39117817759721,0,1,56,refinement
44,13,0.0555401277422938,0.0555401277422938,0.0277700638711469,3.0536842622589,-22.9592573761124,-7.93253505484231,99.9444598722577,28.5037724898433,2.73940800928613,0,1,57,refinement
44,14,0.0555401277422938,0.0555401277422938,0.0138850319355735,3.0536842622589,-23.2357064591821,-9.09952318629025,99.9444598722577,28.1323273360418,3.11085316308764,0,1,58,refinement
44,15,0.0555401277422938,0.0555401277422938,0.0138850319355735,3.0536842622589,-23.5357253861382,-9.7210688845938,99.9444598722577,27.6540917005223,3.58908879860708,0,1,59,refinement
44,16,0.0555401277422938,0.0555401277422938,0.0138850319355735,3.0536842622589,-23.9049237422651,-11.2137863606017,99.9444598722577,27.131746952989,4.11143354614045,0,1,60,refinement
44,17,0.0555401277422938,0.0555401277422938,0.0138850319355735,3.0536842622589,-24.1110338061071,-13.7606974365731,99.9444598722577,26.6326175275682,4.61056297156123,0,1,61,refinement
44,18,0.0555401277422938,0.0555401277422938,0.0138850319355735,3.0536842622589,-24.369596372496,-13.7606974365731,99.9444598722577,25.9756239117818,5.26755658734765,0,1,62,refinement
44,19,0.0555401277422938,0.0555401277422938,0.0138850319355735,3.0536842622589,-24.6726742631247,-13.7606974365731,99.9444598722577,25.2259140831364,6.01973302379571,0,1,63,refinement
44,20,0.0555401277422938,0.0555401277422938,0.0138850319355735,3.0536842622589,-24.9474658935998,-13.7606974365731,99.9444598722577,24.4798183419065,6.77423099245502,0,1,64,refinement
44,21,0.0555401277422938,0.0555401277422938,0.0138850319355735,3.0536842622589,-25.2600917863373,-13.7606974365731,99.9444598722577,23.6734788451735,7.57515960533952,0,1,65,refinement
44,22,0.0555401277422938,0.0555401277422938,0.0138850319355735,3.0536842622589,-25.6019967578434,-13.7606974365731,99.9444598722577,22.7118958246443,8.54788160185723,0,1,66,refinement
45,3,0.416550958067203,0.416550958067203,0.277700638711469,3.44603206675163,-17.675129550999,-0.21257684041564,99.5834490419328,31.8235635519443,0.227510156703424,0,0,48,refinement
45,4,0.388780894196057,0.388780894196057,0.152735351291308,3.44603206675163,-18.3514575407635,-0.277932354716588,99.6112191058039,31.6982008125363,0.352872896111434,0,0,49,refinement
45,5,0.36101083032491,0.36101083032491,0.0971952235490142,3.44603206675163,-18.9633231970102,-0.989562998015108,99.6389891696751,31.5264074289031,0.524666279744631,0,0,50,refinement
45,6,0.277700638711469,0.277700638711469,0.0833101916134407,1.88517584942468,-19.3248685493738,-3.5657432085035,99.7222993612885,31.3778293673825,0.673244341265235,0,0,51,refinement
45,7,0.222160510969175,0.222160510969175,0.0694251596778673,1.88517584942468,-19.5100438380713,-5.1813178645977,99.7778394890308,31.203714451538,0.847359257109692,0,0,52,refinement
45,8,0.0833101916134407,0.0833101916134407,0.0555401277422938,1.88517584942468,-20.0043199632256,-6.63826055385814,99.9166898083866,31.006384213581,1.04468949506674,0,1,53,refinement
45,9,0.0833101916134407,0.0833101916134407,0.0138850319355735,1.88517584942468,-20.4551311892665,-6.89296281158691,99.9166898083866,30.7324434126524,1.34603930911257,0,1,54,refinement
45,10,0.0833101916134407,0.0833101916134407,0.0138850319355735,1.88517584942468,-20.9995156246631,-6.89296281158691,99.9166898083866,30.4143934997098,1.6366802089379,0,1,55,refinement
45,11,0.0833101916134407,0.0833101916134407,0.0138850319355735,1.88517584942468,-21.6518179385098,-6.89296281158691,99.9166898083866,30.1009866511898,1.95008705745792,0,1,56,refinement
45,12,0.0555401277422938,0.0555401277422938,0.0138850319355735,1.88517584942468,-22.1972710232118,-7.93253505484231,99.9444598722577,29.6598955310505,2.39117817759721,0,1,57,refinement
45,13,0.0555401277422938,0.0555401277422938,0.0138850319355735,1.88517584942468,-23.0332938143387,-7.93253505484231,99.9444598722577,29.3116656993616,2.73940800928613,0,1,58,refinement
45,14,0.0277700638711469,0.0277700638711469,0.0138850319355735,1.88517584942468,-23.3270106744029,-9.09952318629025,99.9722299361289,28.9402205455601,3.11085316308764,0,1,59,refinement
45,15,0.0277700638711469,0.0277700638711469,0.0138850319355735,1.88517584942468,-23.6975080347579,-9.7210688845938,99.9722299361289,28.4619849100406,3.58908879860708,0,1,60,refinement
45,16,0.0277700638711469,0.0277700638711469,0.0138850319355735,1.88517584942468,-23.9801689376634,-11.2137863606017,99.9722299361289,27.9396401625073,4.11143354614045,0,1,61,refinement
45,17,0.0277700638711469,0.0277700638711469,0.0138850319355735,1.88517584942468,-24.1861302842355,-13.8304854832273,99.9722299361289,27.4405107370865,4.61056297156123,0,1,62,refinement
45,18,0.0277700638711469,0.0277700638711469,0.0138850319355735,1.88517584942468,-24.4557180369255,-13.8304854832273,99.9722299361289,26.7835171213001,5.26755658734765,0,1,63,refinement
45,19,0.0277700638711469,0.0277700638711469,0.0138850319355735,1.88517584942468,-24.75408004756,-13.8304854832273,99.9722299361289,26.1411557532786,6.01973302379571,0,1,64,refinement
45,20,0.0277700638711469,0.0277700638711469,0.0138850319355735,1.88517584942468,-25.0001691530532,-13.8304854832273,99.9722299361289,25.3950600120488,6.77423099245502,0,1,65,refinement
45,21,0.0277700638711469,0.0277700638711469,0.0138850319355735,1.88517584942468,-25.418278098542,-13.8304854832273,99.9722299361289,24.5887205153158,7.57515960533952,0,1,66,refinement
45,22,0.0277700638711469,0.0277700638711469,0.0138850319355735,1.88517584942468,-25.677493615437,-13.8365761529958,99.9722299361289,23.6271374947866,8.54788160185723,0,1,67,refinement
46,3,0.416550958067203,0.416550958067203,0.263815606775896,3.44603206675163,-17.675129550999,-0.21257684041564,99.5834490419328,32.7521764364481,0.227510156703424,0,0,49,refinement
46,4,0.388780894196057,0.388780894196057,0.138850319355735,3.44603206675163,-18.3514575407635,-0.277932354716588,99.6112191058039,32.62681369704,0.352872896111434,0,0,50,refinement
46,5,0.36101083032491,0.36101083032491,0.0833101916134407,3.44603206675163,-18.9633231970102,-0.989562998015108,99.6389891696751,32.4550203134068,0.524666279744631,0,0,51,refinement
46,6,0.277700638711469,0.277700638711469,0.0833101916134407,0.300686737957534,-19.3248685493738,-3.5657432085035,99.7222993612885,32.3064422518862,0.673244341265235,0,0,52,refinement
46,7,0.222160510969175,0.222160510969175,0.0555401277422938,-0.850019876411835,-19.5100438380713,-5.1813178645977,99.7778394890308,32.1323273360418,0.847359257109692,0,0,53,refinement
46,8,0.0833101916134407,0.0833101916134407,0.0416550958067204,-3.3870570527781,-20.0043199632256,-6.63826055385814,99.9166898083866,31.9349970980847,1.04468949506674,0,1,54,refinement
46,9,0.0833101916134407,0.0833101916134407,0,-5.62767943986937,-20.4551311892665,-6.89296281158691,99.9166898083866,31.6610562971561,1.34603930911257,0,1,55,refinement
46,10,0.0833101916134407,0.0833101916134407,0,-5.62767943986937,-20.9995156246628,-6.89296281158691,99.9166898083866,31.3430063842136,1.6366802089379,0,1,56,refinement
46,11,0.0833101916134407,0.0833101916134407,0,-5.62767943986937,-21.6518179385098,-6.89296281158691,99.9166898083866,31.0295995356936,1.95008705745792,0,1,57,refinement
46,12,0.0555401277422938,0.0555401277422938,0,-5.62767943986937,-22.1972710232118,-7.93253505484231,99.9444598722577,30.5885084155543,2.39117817759721,0,1,58,refinement
46,13,0.0555401277422938,0.0555401277422938,0,-5.62767943986937,-23.0332938143387,-7.93253505484231,99.9444598722577,30.2402785838654,2.73940800928613,0,1,59,refinement
46,14,0.0277700638711469,0.0277700638711469,0,-5.62767943986937,-23.3270106744029,-9.09952318629025,99.9722299361289,29.8688334300638,3.11085316308764,0,1,60,refinement
46,15,0.0277700638711469,0.0277700638711469,0,-5.62767943986937,-23.6975080347579,-9.7210688845938,99.9722299361289,29.3905977945444,3.58908879860708,0,1,61,refinement
46,16,0.0277700638711469,0.0277700638711469,0,-5.62767943986937,-23.9801689376634,-11.2137863606017,99.9722299361289,28.868253047011,4.11143354614045,0,1,62,refinement
46,17,0.0277700638711469,0.0277700638711469,0,-5.62767943986937,-24.1861302842355,-13.8304854832273,99.9722299361289,28.3691236215902,4.61056297156123,0,1,63,refinement
46,18,0.0277700638711469,0.0277700638711469,0,-5.62767943986937,-24.4557180369255,-13.8304854832273,99.9722299361289,27.7121300058038,5.26755658734765,0,1,64,refinement
46,19,0.0277700638711469,0.0277700638711469,0,-5.62767943986937,-24.75408004756,-13.8304854832273,99.9722299361289,27.0285926131887,6.01973302379571,0,1,65,refinement
46,20,0.0277700638711469,0.0277700638711469,0,-5.62767943986937,-25.0001691530532,-13.8304854832273,99.9722299361289,26.2824968719588,6.77423099245502,0,1,66,refinement
46,21,0.0277700638711469,0.0277700638711469,0,-5.62767943986937,-25.418278098542,-13.8304854832273,99.9722299361289,25.4761573752259,7.57515960533952,0,1,67,refinement
46,22,0.0277700638711469,0.0277700638711469,0,-5.62767943986937,-25.677493615437,-13.8365761529958,99.9722299361289,24.5145743546967,8.54788160185723,0,1,68,refinement
47,3,0.416550958067203,0.416550958067203,0.263815606775896,3.44603206675163,-17.6855195398124,-0.21257684041564,99.5834490419328,33.6320371445154,0.227510156703424,0,0,50,refinement
47,4,0.388780894196057,0.388780894196057,0.138850319355735,3.44603206675163,-18.3827039883276,-0.277932354716588,99.6112191058039,33.5066744051074,0.352872896111434,0,0,51,refinement
47,5,0.36101083032491,0.36101083032491,0.0833101916134407,3.44603206675163,-19.0194215677393,-0.989562998015108,99.6389891696751,33.3348810214742,0.524666279744631,0,0,52,refinement
47,6,0.277700638711469,0.277700638711469,0.0833101916134407,0.300686737957534,-19.3394674124686,-3.5657432085035,99.7222993612885,33.1863029599536,0.673244341265235,0,0,53,refinement
47,7,0.222160510969175,0.222160510969175,0.0555401277422938,-0.850019876411835,-19.5178874198026,-5.1813178645977,99.7778394890308,33.0121880441091,0.847359257109692,0,0,54,refinement
47,8,0.0833101916134407,0.0833101916134407,0.0416550958067204,-3.3870570527781,-20.0556682626442,-6.73870437297418,99.9166898083866,32.8148578061521,1.04468949506674,0,1,55,refinement
47,9,0.0833101916134407,0.0833101916134407,0,-5.62767943986937,-20.4843620277846,-6.89296281158691,99.9166898083866,32.5409170052234,1.34603930911257,0,1,56,refinement
47,10,0.0833101916134407,0.0833101916134407,0,-5.62767943986937,-21.0330444448908,-6.89296281158691,99.9166898083866,32.2228670922809,1.6366802089379,0,1,57,refinement
47,11,0.0833101916134407,0.0833101916134407,0,-5.62767943986937,-21.7255955354722,-6.89296281158691,99.9166898083866,31.9094602437609,1.95008705745792,0,1,58,refinement
47,12,0.0555401277422938,0.0555401277422938,0,-5.62767943986937,-22.3438438988575,-7.93253505484231,99.9444598722577,31.4683691236216,2.39117817759721,0,1,59,refinement
47,13,0.0555401277422938,0.0555401277422938,0,-5.62767943986937,-23.048635940308,-7.93253505484231,99.9444598722577,31.1201392919327,2.73940800928613,0,1,60,refinement
47,14,0.0277700638711469,0.0277700638711469,0,-5.62767943986937,-23.3559771737648,-9.09952318629025,99.9722299361289,30.7486941381312,3.11085316308764,0,1,61,refinement
47,15,0.0277700638711469,0.0277700638711469,0,-5.62767943986937,-23.8160503201142,-9.7210688845938,99.9722299361289,30.2704585026117,3.58908879860708,0,1,62,refinement
47,16,0.0277700638711469,0.0277700638711469,0,-5.62767943986937,-24.0318087025686,-11.2137863606017,99.9722299361289,29.7481137550784,4.11143354614045,0,1,63,refinement
47,17,0.0277700638711469,0.0277700638711469,0,-5.62767943986937,-24.2373611256834,-13.8304854832273,99.9722299361289,29.2489843296576,4.61056297156123,0,1,64,refinement
47,18,0.0277700638711469,0.0277700638711469,0,-5.62767943986937,-24.560796417327,-13.8304854832273,99.9722299361289,28.5919907138712,5.26755658734765,0,1,65,refinement
47,19,0.0277700638711469,0.0277700638711469,0,-5.62767943986937,-24.7917736099764,-13.8304854832273,99.9722299361289,27.8398142774231,6.01973302379571,0,1,66,refinement
47,20,0.0277700638711469,0.0277700638711469,0,-5.62767943986937,-25.0770176578181,-13.8304854832273,99.9722299361289,27.0853163087638,6.77423099245502,0,1,67,refinement
47,21,0.0277700638711469,0.0277700638711469,0,-5.62767943986937,-25.5224108477058,-13.8304854832273,99.9722299361289,26.2843876958793,7.57515960533952,0,1,68,refinement
47,22,0.0277700638711469,0.0277700638711469,0,-5.62767943986937,-25.7298277307083,-13.8365761529958,99.9722299361289,25.3116656993616,8.54788160185723,0,1,69,refinement
48,3,0.416550958067203,0.416550958067203,0.249930574840322,3.44603206675163,-17.6855195398124,-0.21257684041564,99.5834490419328,34.4283226929774,0.227510156703424,0,0,51,refinement
48,4,0.388780894196057,0.388780894196057,0.124965287420161,3.44603206675163,-18.3827039883276,-0.277932354716588,99.6112191058039,34.3029599535694,0.352872896111434,0,0,52,refinement
48,5,0.36101083032491,0.36101083032491,0.0833101916134407,3.44603206675163,-19.0194215677393,-0.989562998015108,99.6389891696751,34.1311665699362,0.524666279744631,0,0,53,refinement
48,6,0.277700638711469,0.277700638711469,0.0694251596778673,0.300686737957534,-19.3394674124686,-3.5657432085035,99.7222993612885,33.9825885084156,0.673244341265235,0,0,54,refinement
48,7,0.222160510969175,0.222160510969175,0.0416550958067204,-0.850019876411835,-19.5178874198026,-5.1813178645977,99.7778394890308,33.8084735925711,0.847359257109692,0,0,55,refinement
48,8,0.0833101916134407,0.0833101916134407,0.0277700638711469,-3.3870570527781,-20.0556682626442,-6.73870437297418,99.9166898083866,33.611143354614,1.04468949506674,0,1,56,refinement
48,9,0.0555401277422938,0.0555401277422938,0,-5.7312944899403,-20.4843620277846,-7.15813830004618,99.9444598722577,33.3372025536854,1.34603930911257,0,1,57,refinement
48,10,0.0555401277422938,0.0555401277422938,0,-5.7312944899403,-21.0330444448908,-7.15813830004618,99.9444598722577,33.0191526407429,1.6366802089379,0,1,58,refinement
48,11,0.0555401277422938,0.0555401277422938,0,-5.7312944899403,-21.7255955354722,-7.15813830004618,99.9444598722577,32.7057457922229,1.95008705745792,0,1,59,refinement
48,12,0.0277700638711469,0.0277700638711469,0,-5.7312944899403,-22.3438438988575,-9.09952318629025,99.9722299361289,32.2646546720836,2.39117817759721,0,1,60,refinement
48,13,0.0277700638711469,0.0277700638711469,0,-5.7312944899403,-23.0646307746607,-9.09952318629025,99.9722299361289,31.9164248403947,2.73940800928613,0,1,61,refinement
48,14,0,0,0,-6.87137491042201,-23.3947636879426,-9.7210688845938,100,31.5449796865932,3.11085316308764,1,1,62,refinement
48,15,0,0,0,-7.80810456484286,-23.8160503201142,-10.8517705321491,100,31.0667440510737,3.58908879860708,1,1,63,refinement
48,16,0,0,0,-9.04008961434647,-24.0318087025686,-13.8304854832273,100,30.5443993035403,4.11143354614045,1,1,64,refinement
48,17,0,0,0,-9.63111530032999,-24.2373611256834,-13.8304854832273,100,30.0452698781196,4.61056297156123,1,1,65,refinement
48,18,0,0,0,-10.5480112064344,-24.560796417327,-13.8304854832273,100,29.3882762623331,5.26755658734765,1,1,66,refinement
48,19,0,0,0,-13.4489723961887,-24.7917736099764,-13.8304854832273,100,28.6360998258851,6.01973302379571,1,1,67,refinement
48,20,0,0,0,-13.4489723961887,-25.0770176578181,-13.8304854832273,100,27.8816018572258,6.77423099245502,1,1,68,refinement
48,21,0,0,0,-13.4489723961887,-25.5224108477058,-13.8304854832273,100,27.0806732443413,7.57515960533952,1,1,69,refinement
48,22,0,0,0,-13.4489723961887,-25.7298277307083,-13.8365761529958,100,26.1079512478236,8.54788160185723,1,1,70,refinement
49,3,0.416550958067203,0.416550958067203,0.249930574840322,3.44603206675163,-17.6855195398124,-0.21257684041564,99.5834490419328,35.1897852582705,0.227510156703424,0,0,52,refinement
49,4,0.388780894196057,0.388780894196057,0.124965287420161,3.44603206675163,-18.3827039883276,-0.277932354716588,99.6112191058039,35.0644225188625,0.352872896111434,0,0,53,refinement
49,5,0.36101083032491,0.36101083032491,0.0833101916134407,3.44603206675163,-19.0194215677393,-0.989562998015108,99.6389891696751,34.8926291352292,0.524666279744631,0,0,54,refinement
49,6,0.277700638711469,0.277700638711469,0.0694251596778673,0.300686737957534,-19.3394674124686,-3.5657432085035,99.7222993612885,34.7440510737086,0.673244341265235,0,0,55,refinement
49,7,0.222160510969175,0.222160510969175,0.0416550958067204,-0.850019876411835,-19.5178874198026,-5.1813178645977,99.7778394890308,34.5699361578642,0.847359257109692,0,0,56,refinement
49,8,0.0833101916134407,0.0833101916134407,0.0277700638711469,-3.3870570527781,-20.0556682626442,-6.73870437297418,99.9166898083866,34.3726059199071,1.04468949506674,0,1,57,refinement
49,9,0.0555401277422938,0.0555401277422938,0,-5.7312944899403,-20.4843620277846,-7.15813830004618,99.9444598722577,34.0986651189785,1.34603930911257,0,1,58,refinement
49,10,0.0555401277422938,0.0555401277422938,0,-5.7312944899403,-21.0330444448908,-7.15813830004618,99.9444598722577,33.780615206036,1.6366802089379,0,1,59,refinement
49,11,0.0555401277422938,0.0555401277422938,0,-5.7312944899403,-21.7255955354722,-7.15813830004618,99.9444598722577,33.467208357516,1.95008705745792,0,1,60,refinement
49,12,0.0277700638711469,0.0277700638711469,0,-5.7312944899403,-22.3438438988575,-9.09952318629025,99.9722299361289,33.0261172373767,2.39117817759721,0,1,61,refinement
49,13,0.0277700638711469,0.0277700638711469,0,-5.7312944899403,-23.0646307746607,-9.09952318629025,99.9722299361289,32.6778874056878,2.73940800928613,0,1,62,refinement
49,14,0,0,0,-6.87137491042201,-23.3947636879426,-9.7210688845938,100,32.3064422518862,3.11085316308764,1,1,63,refinement
49,15,0,0,0,-7.80810456484286,-23.8160503201142,-10.8517705321491,100,31.8282066163668,3.58908879860708,1,1,64,refinement
49,16,0,0,0,-9.04008961434647,-24.0318087025686,-13.8304854832273,100,31.3058618688334,4.11143354614045,1,1,65,refinement
49,17,0,0,0,-9.63111530032999,-24.2373611256834,-13.8304854832273,100,30.8067324434127,4.61056297156123,1,1,66,refinement
49,18,0,0,0,-10.5480112064344,-24.5607964173268,-13.8304854832273,100,30.1497388276262,5.26755658734765,1,1,67,refinement
49,19,0,0,0,-13.4489723961887,-24.7917736099764,-13.8304854832273,100,29.3975623911782,6.01973302379571,1,1,68,refinement
49,20,0,0,0,-13.4489723961887,-25.0770176578181,-13.8304854832273,100,28.6430644225189,6.77423099245502,1,1,69,refinement
49,21,0,0,0,-13.4489723961887,-25.5224108477058,-13.8304854832273,100,27.8421358096344,7.57515960533952,1,1,70,refinement
49,22,0,0,0,-13.4489723961887,-25.7298277307083,-13.8365761529958,100,26.8694138131167,8.54788160185723,1,1,71,refinement
50,3,0.416550958067203,0.416550958067203,0.249930574840322,3.44603206675163,-17.6855195398124,-0.21257684041564,99.5834490419328,35.7980266976204,0.227510156703424,0,0,53,refinement
50,4,0.388780894196057,0.388780894196057,0.124965287420161,3.44603206675163,-18.3827039883276,-0.277932354716588,99.6112191058039,35.6726639582124,0.352872896111434,0,0,54,refinement
50,5,0.36101083032491,0.36101083032491,0.0833101916134407,3.44603206675163,-19.0194215677393,-0.989562998015108,99.6389891696751,35.5008705745792,0.524666279744631,0,0,55,refinement
50,6,0.277700638711469,0.277700638711469,0.0694251596778673,0.300686737957534,-19.3394674124686,-3.5657432085035,99.7222993612885,35.3522925130586,0.673244341265235,0,0,56,refinement
50,7,0.222160510969175,0.222160510969175,0.0416550958067204,-0.850019876411835,-19.5178874198026,-5.1813178645977,99.7778394890308,35.1781775972142,0.847359257109692,0,0,57,refinement
50,8,0.0833101916134407,0.0833101916134407,0.0277700638711469,-3.3870570527781,-20.0556682626442,-6.73870437297418,99.9166898083866,34.9808473592571,1.04468949506674,0,1,58,refinement
50,9,0.0555401277422938,0.0555401277422938,0,-5.7312944899403,-20.4843620277846,-7.15813830004618,99.9444598722577,34.7069065583285,1.34603930911257,0,1,59,refinement
50,10,0.0555401277422938,0.0555401277422938,0,-5.7312944899403,-21.0330444448908,-7.15813830004618,99.9444598722577,34.388856645386,1.6366802089379,0,1,60,refinement
50,11,0.0555401277422938,0.0555401277422938,0,-5.7312944899403,-21.7255955354722,-7.15813830004618,99.9444598722577,34.0754497968659,1.95008705745792,0,1,61,refinement
50,12,0.0277700638711469,0.0277700638711469,0,-5.7312944899403,-22.3438438988575,-9.09952318629025,99.9722299361289,33.6343586767266,2.39117817759721,0,1,62,refinement
50,13,0.0277700638711469,0.0277700638711469,0,-5.7312944899403,-23.0646307746607,-9.09952318629025,99.9722299361289,33.2861288450377,2.73940800928613,0,1,63,refinement
50,14,0,0,0,-6.87137491042201,-23.3947636879426,-9.7210688845938,100,32.9146836912362,3.11085316308764,1,1,64,refinement
50,15,0,0,0,-7.80810456484286,-23.8160503201142,-10.8517705321491,100,32.4364480557168,3.58908879860708,1,1,65,refinement
50,16,0,0,0,-9.04008961434647,-24.0318087025686,-13.8304854832273,100,31.9141033081834,4.11143354614045,1,1,66,refinement
50,17,0,0,0,-9.63111530032999,-24.2373611256834,-13.8304854832273,100,31.4149738827626,4.61056297156123,1,1,67,refinement
50,18,0,0,0,-10.5480112064344,-24.5607964173268,-13.8304854832273,100,30.7579802669762,5.26755658734765,1,1,68,refinement
50,19,0,0,0,-13.4489723961887,-24.7917736099764,-13.8304854832273,100,30.0058038305281,6.01973302379571,1,1,69,refinement
50,20,0,0,0,-13.4489723961887,-25.0770176578181,-13.8304854832273,100,29.2513058618688,6.77423099245502,1,1,70,refinement
50,21,0,0,0,-13.4489723961887,-25.5224108477058,-13.8304854832273,100,28.4503772489843,7.57515960533952,1,1,71,refinement
50,22,0,0,0,-13.4489723961887,-25.7298277307083,-13.8365761529958,100,27.4776552524666,8.54788160185723,1,1,72,refinement
51,3,0.416550958067203,0.416550958067203,0.249930574840322,3.44603206675163,-17.6855195398124,-0.21257684041564,99.5834490419328,36.3319791062101,0.227510156703424,0,0,54,refinement
51,4,0.388780894196057,0.388780894196057,0.124965287420161,3.44603206675163,-18.3827039883276,-0.277932354716588,99.6112191058039,36.2066163668021,0.352872896111434,0,0,55,refinement
51,5,0.36101083032491,0.36101083032491,0.0833101916134407,3.44603206675163,-19.0194215677393,-0.989562998015108,99.6389891696751,36.0348229831689,0.524666279744631,0,0,56,refinement
51,6,0.277700638711469,0.277700638711469,0.0694251596778673,0.300686737957534,-19.3394674124686,-3.5657432085035,99.7222993612885,35.8862449216483,0.673244341265235,0,0,57,refinement
51,7,0.222160510969175,0.222160510969175,0.0416550958067204,-0.850019876411835,-19.5178874198026,-5.1813178645977,99.7778394890308,35.7121300058038,0.847359257109692,0,0,58,refinement
51,8,0.0833101916134407,0.0833101916134407,0.0277700638711469,-3.3870570527781,-20.0556682626442,-6.73870437297418,99.9166898083866,35.5147997678468,1.04468949506674,0,1,59,refinement
51,9,0.0555401277422938,0.0555401277422938,0,-5.7312944899403,-20.4843620277846,-7.15813830004618,99.9444598722577,35.2408589669182,1.34603930911257,0,1,60,refinement
51,10,0.0555401277422938,0.0555401277422938,0,-5.7312944899403,-21.0330444448908,-7.15813830004618,99.9444598722577,34.9228090539756,1.6366802089379,0,1,61,refinement
51,11,0.0555401277422938,0.0555401277422938,0,-5.7312944899403,-21.7255955354722,-7.15813830004618,99.9444598722577,34.6094022054556,1.95008705745792,0,1,62,refinement
51,12,0.0277700638711469,0.0277700638711469,0,-5.7312944899403,-22.3438438988575,-9.09952318629025,99.9722299361289,34.1683110853163,2.39117817759721,0,1,63,refinement
51,13,0.0277700638711469,0.0277700638711469,0,-5.7312944899403,-23.0646307746607,-9.09952318629025,99.9722299361289,33.8200812536274,2.73940800928613,0,1,64,refinement
51,14,0,0,0,-6.87137491042201,-23.3947636879426,-9.7210688845938,100,33.4486360998259,3.11085316308764,1,1,65,refinement
51,15,0,0,0,-7.80810456484286,-23.8160503201142,-10.8517705321491,100,32.9704004643064,3.58908879860708,1,1,66,refinement
51,16,0,0,0,-9.04008961434647,-24.0318087025686,-13.8304854832273,100,32.4480557167731,4.11143354614045,1,1,67,refinement
51,17,0,0,0,-9.63111530032999,-24.2373611256834,-13.8304854832273,100,31.9489262913523,4.61056297156123,1,1,68,refinement
51,18,0,0,0,-10.5480112064344,-24.5607964173268,-13.8304854832273,100,31.2919326755659,5.26755658734765,1,1,69,refinement
51,19,0,0,0,-13.4489723961887,-24.7917736099764,-13.8304854832273,100,30.5397562391178,6.01973302379571,1,1,70,refinement
51,20,0,0,0,-13.4489723961887,-25.0770176578181,-13.8304854832273,100,29.7852582704585,6.77423099245502,1,1,71,refinement
51,21,0,0,0,-13.4489723961887,-25.5224108477058,-13.8304854832273,100,28.984329657574,7.57515960533952,1,1,72,refinement
51,22,0,0,0,-13.4489723961887,-25.7298277307083,-13.8365761529958,100,28.0116076610563,8.54788160185723,1,1,73,refinement
52,3,0.416550958067203,0.416550958067203,0.249930574840322,3.44603206675163,-17.6855195398124,-0.21257684041564,99.5834490419328,36.858966918166,0.227510156703424,0,0,55,refinement
52,4,0.388780894196057,0.388780894196057,0.124965287420161,3.44603206675163,-18.3827039883276,-0.277932354716588,99.6112191058039,36.733604178758,0.352872896111434,0,0,56,refinement
52,5,0.36101083032491,0.36101083032491,0.0833101916134407,3.44603206675163,-19.0194215677393,-0.989562998015108,99.6389891696751,36.5618107951248,0.524666279744631,0,0,57,refinement
52,6,0.277700638711469,0.277700638711469,0.0694251596778673,0.300686737957534,-19.3394674124686,-3.5657432085035,99.7222993612885,36.4132327336042,0.673244341265235,0,0,58,refinement
52,7,0.222160510969175,0.222160510969175,0.0416550958067204,-0.850019876411835,-19.5178874198026,-5.1813178645977,99.7778394890308,36.2391178177597,0.847359257109692,0,0,59,refinement
52,8,0.0833101916134407,0.0833101916134407,0.0277700638711469,-3.3870570527781,-20.0556682626442,-6.73870437297418,99.9166898083866,36.0417875798027,1.04468949506674,0,1,60,refinement
52,9,0.0555401277422938,0.0555401277422938,0,-5.7312944899403,-20.4843620277846,-7.15813830004618,99.9444598722577,35.7678467788741,1.34603930911257,0,1,61,refinement
52,10,0.0555401277422938,0.0555401277422938,0,-5.7312944899403,-21.0330444448908,-7.15813830004618,99.9444598722577,35.4497968659315,1.6366802089379,0,1,62,refinement
52,11,0.0555401277422938,0.0555401277422938,0,-5.7312944899403,-21.7255955354722,-7.15813830004618,99.9444598722577,35.1363900174115,1.95008705745792,0,1,63,refinement
52,12,0.0277700638711469,0.0277700638711469,0,-5.7312944899403,-22.3438438988575,-9.09952318629025,99.9722299361289,34.6952988972722,2.39117817759721,0,1,64,refinement
52,13,0.0277700638711469,0.0277700638711469,0,-5.7312944899403,-23.0646307746607,-9.09952318629025,99.9722299361289,34.3470690655833,2.73940800928613,0,1,65,refinement
52,14,0,0,0,-6.87137491042201,-23.3947636879426,-9.7210688845938,100,33.9756239117818,3.11085316308764,1,1,66,refinement
52,15,0,0,0,-7.80810456484286,-23.8160503201142,-10.8517705321491,100,33.4973882762623,3.58908879860708,1,1,67,refinement
52,16,0,0,0,-9.04008961434647,-24.0318087025686,-13.8304854832273,100,32.975043528729,4.11143354614045,1,1,68,refinement
52,17,0,0,0,-9.63111530032999,-24.2373611256834,-13.8304854832273,100,32.4759141033082,4.61056297156123,1,1,69,refinement
52,18,0,0,0,-10.5480112064344,-24.5607964173268,-13.8304854832273,100,31.8189204875218,5.26755658734765,1,1,70,refinement
52,19,0,0,0,-13.4489723961887,-24.7917736099764,-13.8304854832273,100,31.0667440510737,6.01973302379571,1,1,71,refinement
52,20,0,0,0,-13.4489723961887,-25.0770176578181,-13.8304854832273,100,30.3122460824144,6.77423099245502,1,1,72,refinement
52,21,0,0,0,-13.4489723961887,-25.5224108477058,-13.8304854832273,100,29.5113174695299,7.57515960533952,1,1,73,refinement
52,22,0,0,0,-13.4489723961887,-25.7298277307083,-13.8365761529958,100,28.5385954730122,8.54788160185723,1,1,74,refinement
53,3,0.416550958067203,0.416550958067203,0.249930574840322,3.44603206675163,-17.6855195398124,-0.21257684041564,99.5834490419328,37.4022054556007,0.227510156703424,0,0,56,refinement
53,4,0.388780894196057,0.388780894196057,0.124965287420161,3.44603206675163,-18.3827039883276,-0.277932354716588,99.6112191058039,37.2768427161927,0.352872896111434,0,0,57,refinement
53,5,0.36101083032491,0.36101083032491,0.0833101916134407,3.44603206675163,-19.0194215677393,-0.989562998015108,99.6389891696751,37.1050493325595,0.524666279744631,0,0,58,refinement
53,6,0.277700638711469,0.277700638711469,0.0694251596778673,0.300686737957534,-19.3394674124686,-3.5657432085035,99.7222993612885,36.9564712710389,0.673244341265235,0,0,59,refinement
53,7,0.222160510969175,0.222160510969175,0.0416550958067204,-0.850019876411835,-19.5178874198026,-5.1813178645977,99.7778394890308,36.7823563551944,0.847359257109692,0,0,60,refinement
53,8,0.0833101916134407,0.0833101916134407,0.0277700638711469,-3.3870570527781,-20.0556682626442,-6.73870437297418,99.9166898083866,36.5850261172374,1.04468949506674,0,1,61,refinement
53,9,0.0555401277422938,0.0555401277422938,0,-5.7312944899403,-20.4843620277846,-7.15813830004618,99.9444598722577,36.3110853163088,1.34603930911257,0,1,62,refinement
53,10,0.0555401277422938,0.0555401277422938,0,-5.7312944899403,-21.0330444448908,-7.15813830004618,99.9444598722577,35.9930354033662,1.6366802089379,0,1,63,refinement
53,11,0.0555401277422938,0.0555401277422938,0,-5.7312944899403,-21.7255955354722,-7.15813830004618,99.9444598722577,35.6796285548462,1.95008705745792,0,1,64,refinement
53,12,0.0277700638711469,0.0277700638711469,0,-5.7312944899403,-22.3438438988575,-9.09952318629025,99.9722299361289,35.2385374347069,2.39117817759721,0,1,65,refinement
53,13,0.0277700638711469,0.0277700638711469,0,-5.7312944899403,-23.0646307746607,-9.09952318629025,99.9722299361289,34.890307603018,2.73940800928613,0,1,66,refinement
53,14,0,0,0,-6.87137491042201,-23.3947636879426,-9.7210688845938,100,34.5188624492165,3.11085316308764,1,1,67,refinement
53,15,0,0,0,-7.80810456484286,-23.8160503201142,-10.8517705321491,100,34.040626813697,3.58908879860708,1,1,68,refinement
53,16,0,0,0,-9.04008961434647,-24.0318087025686,-13.8304854832273,100,33.5182820661637,4.11143354614045,1,1,69,refinement
53,17,0,0,0,-9.63111530032999,-24.2373611256834,-13.8304854832273,100,33.0191526407429,4.61056297156123,1,1,70,refinement
53,18,0,0,0,-10.5480112064344,-24.5607964173268,-13.8304854832273,100,32.3621590249565,5.26755658734765,1,1,71,refinement
53,19,0,0,0,-13.4489723961887,-24.7917736099764,-13.8304854832273,100,31.6099825885084,6.01973302379571,1,1,72,refinement
53,20,0,0,0,-13.4489723961887,-25.0770176578181,-13.8304854832273,100,30.8554846198491,6.77423099245502,1,1,73,refinement
53,21,0,0,0,-13.4489723961887,-25.5224108477058,-13.8304854832273,100,30.0545560069646,7.57515960533952,1,1,74,refinement
53,22,0,0,0,-13.4489723961887,-25.7298277307083,-13.8365761529958,100,29.0818340104469,8.54788160185723,1,1,75,refinement
54,3,0.416550958067203,0.416550958067203,0.249930574840322,3.44603206675163,-17.6855195398124,-0.21257684041564,99.5834490419328,37.8665118978526,0.227510156703424,0,0,57,refinement
54,4,0.388780894196057,0.388780894196057,0.124965287420161,3.44603206675163,-18.3827039883276,-0.277932354716588,99.6112191058039,37.7411491584446,0.352872896111434,0,0,58,refinement
54,5,0.36101083032491,0.36101083032491,0.0833101916134407,3.44603206675163,-19.0194215677393,-0.989562998015108,99.6389891696751,37.5693557748114,0.524666279744631,0,0,59,refinement
54,6,0.277700638711469,0.277700638711469,0.0694251596778673,0.300686737957534,-19.3394674124686,-3.5657432085035,99.7222993612885,37.4207777132908,0.673244341265235,0,0,60,refinement
54,7,0.222160510969175,0.222160510969175,0.0416550958067204,-0.850019876411835,-19.5178874198026,-5.1813178645977,99.7778394890308,37.2466627974463,0.847359257109692,0,0,61,refinement
54,8,0.0833101916134407,0.0833101916134407,0.0277700638711469,-3.3870570527781,-20.0556682626442,-6.73870437297418,99.9166898083866,37.0493325594893,1.04468949506674,0,1,62,refinement
54,9,0.0555401277422938,0.0555401277422938,0,-5.7312944899403,-20.4843620277846,-7.15813830004618,99.9444598722577,36.7753917585607,1.34603930911257,0,1,63,refinement
54,10,0.0555401277422938,0.0555401277422938,0,-5.7312944899403,-21.0330444448908,-7.15813830004618,99.9444598722577,36.4573418456181,1.6366802089379,0,1,64,refinement
54,11,0.0555401277422938,0.0555401277422938,0,-5.7312944899403,-21.7255955354722,-7.15813830004618,99.9444598722577,36.1439349970981,1.95008705745792,0,1,65,refinement
54,12,0.0277700638711469,0.0277700638711469,0,-5.7312944899403,-22.3438438988575,-9.09952318629025,99.9722299361289,35.7028438769588,2.39117817759721,0,1,66,refinement
54,13,0.0277700638711469,0.0277700638711469,0,-5.7312944899403,-23.0646307746607,-9.09952318629025,99.9722299361289,35.3546140452699,2.73940800928613,0,1,67,refinement
54,14,0,0,0,-6.87137491042201,-23.3947636879426,-9.7210688845938,100,34.9831688914684,3.11085316308764,1,1,68,refinement
54,15,0,0,0,-7.80810456484286,-23.8160503201142,-10.8517705321491,100,34.5049332559489,3.58908879860708,1,1,69,refinement
54,16,0,0,0,-9.04008961434647,-24.0318087025686,-13.8304854832273,100,33.9825885084156,4.11143354614045,1,1,70,refinement
54,17,0,0,0,-9.63111530032999,-24.2373611256834,-13.8304854832273,100,33.4834590829948,4.61056297156123,1,1,71,refinement
54,18,0,0,0,-10.5480112064344,-24.5607964173268,-13.8304854832273,100,32.8264654672084,5.26755658734765,1,1,72,refinement
54,19,0,0,0,-13.4489723961887,-24.7917736099764,-13.8304854832273,100,32.0742890307603,6.01973302379571,1,1,73,refinement
54,20,0,0,0,-13.4489723961887,-25.0770176578181,-13.8304854832273,100,31.319791062101,6.77423099245502,1,1,74,refinement
54,21,0,0,0,-13.4489723961887,-25.5224108477058,-13.8304854832273,100,30.5188624492165,7.57515960533952,1,1,75,refinement
54,22,0,0,0,-13.4489723961887,-25.7298277307083,-13.8365761529958,100,29.5461404526988,8.54788160185723,1,1,76,refinement
55,3,0.416550958067203,0.416550958067203,0.249930574840322,3.44603206675163,-17.6855195398124,-0.21257684041564,99.5834490419328,38.4051073708648,0.227510156703424,0,0,58,refinement
55,4,0.388780894196057,0.388780894196057,0.124965287420161,3.44603206675163,-18.3827039883276,-0.277932354716588,99.6112191058039,38.2797446314568,0.352872896111434,0,0,59,refinement
55,5,0.36101083032491,0.36101083032491,0.0833101916134407,3.44603206675163,-19.0194215677393,-0.989562998015108,99.6389891696751,38.1079512478236,0.524666279744631,0,0,60,refinement
55,6,0.277700638711469,0.277700638711469,0.0694251596778673,0.300686737957534,-19.3394674124686,-3.5657432085035,99.7222993612885,37.959373186303,0.673244341265235,0,0,61,refinement
55,7,0.222160510969175,0.222160510969175,0.0416550958067204,-0.850019876411835,-19.5178874198026,-5.1813178645977,99.7778394890308,37.7852582704585,0.847359257109692,0,0,62,refinement
55,8,0.0833101916134407,0.0833101916134407,0.0277700638711469,-3.3870570527781,-20.0556682626442,-6.73870437297418,99.9166898083866,37.5879280325015,1.04468949506674,0,1,63,refinement
55,9,0.0555401277422938,0.0555401277422938,0,-5.7312944899403,-20.4843620277846,-7.15813830004618,99.9444598722577,37.3139872315728,1.34603930911257,0,1,64,refinement
55,10,0.0555401277422938,0.0555401277422938,0,-5.7312944899403,-21.0330444448908,-7.15813830004618,99.9444598722577,36.9959373186303,1.6366802089379,0,1,65,refinement
55,11,0.0555401277422938,0.0555401277422938,0,-5.7312944899403,-21.7255955354722,-7.15813830004618,99.9444598722577,36.6825304701103,1.95008705745792,0,1,66,refinement
55,12,0.0277700638711469,0.0277700638711469,0,-5.7312944899403,-22.3438438988575,-9.09952318629025,99.9722299361289,36.241439349971,2.39117817759721,0,1,67,refinement
55,13,0.0277700638711469,0.0277700638711469,0,-5.7312944899403,-23.0646307746607,-9.09952318629025,99.9722299361289,35.8932095182821,2.73940800928613,0,1,68,refinement
55,14,0,0,0,-6.87137491042201,-23.3947636879426,-9.7210688845938,100,35.5217643644806,3.11085316308764,1,1,69,refinement
55,15,0,0,0,-7.80810456484286,-23.8160503201142,-10.8517705321491,100,35.0435287289611,3.58908879860708,1,1,70,refinement
55,16,0,0,0,-9.04008961434647,-24.0318087025686,-13.8304854832273,100,34.5211839814277,4.11143354614045,1,1,71,refinement
55,17,0,0,0,-9.63111530032999,-24.2373611256834,-13.8304854832273,100,34.022054556007,4.61056297156123,1,1,72,refinement
55,18,0,0,0,-10.5480112064344,-24.5607964173268,-13.8304854832273,100,33.3650609402205,5.26755658734765,1,1,73,refinement
55,19,0,0,0,-13.4489723961887,-24.7917736099764,-13.8304854832273,100,32.6128845037725,6.01973302379571,1,1,74,refinement
55,20,0,0,0,-13.4489723961887,-25.0770176578181,-13.8304854832273,100,31.8583865351132,6.77423099245502,1,1,75,refinement
55,21,0,0,0,-13.4489723961887,-25.5224108477058,-13.8304854832273,100,31.0574579222287,7.57515960533952,1,1,76,refinement
55,22,0,0,0,-13.4489723961887,-25.7298277307083,-13.8365761529958,100,30.084735925711,8.54788160185723,1,1,77,refinement
56,3,0.416550958067203,0.416550958067203,0.249930574840322,3.44603206675163,-17.6855195398124,-0.21257684041564,99.5834490419328,38.8763784097504,0.227510156703424,0,0,59,refinement
56,4,0.388780894196057,0.388780894196057,0.124965287420161,3.44603206675163,-18.3827039883276,-0.277932354716588,99.6112191058039,38.7510156703424,0.352872896111434,0,0,60,refinement
56,5,0.36101083032491,0.36101083032491,0.0833101916134407,3.44603206675163,-19.0194215677393,-0.989562998015108,99.6389891696751,38.5792222867092,0.524666279744631,0,0,61,refinement
56,6,0.277700638711469,0.277700638711469,0.0694251596778673,0.300686737957534,-19.3394674124686,-3.5657432085035,99.7222993612885,38.4306442251886,0.673244341265235,0,0,62,refinement
56,7,0.222160510969175,0.222160510969175,0.0416550958067204,-0.850019876411835,-19.5178874198026,-5.1813178645977,99.7778394890308,38.2565293093442,0.847359257109692,0,0,63,refinement
56,8,0.0833101916134407,0.0833101916134407,0.0277700638711469,-3.3870570527781,-20.0556682626442,-6.73870437297418,99.9166898083866,38.0591990713871,1.04468949506674,0,1,64,refinement
56,9,0.0555401277422938,0.0555401277422938,0,-5.7312944899403,-20.4843620277846,-7.15813830004618,99.9444598722577,37.7852582704585,1.34603930911257,0,1,65,refinement
56,10,0.0555401277422938,0.0555401277422938,0,-5.7312944899403,-21.0330444448908,-7.15813830004618,99.9444598722577,37.467208357516,1.6366802089379,0,1,66,refinement
56,11,0.0555401277422938,0.0555401277422938,0,-5.7312944899403,-21.7255955354722,-7.15813830004618,99.9444598722577,37.1538015089959,1.95008705745792,0,1,67,refinement
56,12,0.0277700638711469,0.0277700638711469,0,-5.7312944899403,-22.3438438988575,-9.09952318629025,99.9722299361289,36.7127103888566,2.39117817759721,0,1,68,refinement
56,13,0.0277700638711469,0.0277700638711469,0,-5.7312944899403,-23.0646307746607,-9.09952318629025,99.9722299361289,36.3644805571677,2.73940800928613,0,1,69,refinement
56,14,0,0,0,-6.87137491042201,-23.3947636879426,-9.7210688845938,100,35.9930354033662,3.11085316308764,1,1,70,refinement
56,15,0,0,0,-7.80810456484286,-23.8160503201142,-10.8517705321491,100,35.5147997678468,3.58908879860708,1,1,71,refinement
56,16,0,0,0,-9.04008961434647,-24.0318087025686,-13.8304854832273,100,34.9924550203134,4.11143354614045,1,1,72,refinement
56,17,0,0,0,-9.63111530032999,-24.2373611256834,-13.8304854832273,100,34.4933255948926,4.61056297156123,1,1,73,refinement
56,18,0,0,0,-10.5480112064344,-24.5607964173268,-13.8304854832273,100,33.8363319791062,5.26755658734765,1,1,74,refinement
56,19,0,0,0,-13.4489723961887,-24.7917736099764,-13.8304854832273,100,33.0841555426582,6.01973302379571,1,1,75,refinement
56,20,0,0,0,-13.4489723961887,-25.0770176578181,-13.8304854832273,100,32.3296575739988,6.77423099245502,1,1,76,refinement
56,21,0,0,0,-13.4489723961887,-25.5224108477058,-13.8304854832273,100,31.5287289611143,7.57515960533952,1,1,77,refinement
56,22,0,0,0,-13.4489723961887,-25.7298277307083,-13.8365761529958,100,30.5560069645966,8.54788160185723,1,1,78,refinement
57,3,0.416550958067203,0.416550958067203,0.249930574840322,3.44603206675163,-17.6855195398124,-0.21257684041564,99.5834490419328,39.3569355774811,0.227510156703424,0,0,60,refinement
57,4,0.388780894196057,0.388780894196057,0.124965287420161,3.44603206675163,-18.3827039883276,-0.277932354716588,99.6112191058039,39.2315728380731,0.352872896111434,0,0,61,refinement
57,5,0.36101083032491,0.36101083032491,0.0833101916134407,3.44603206675163,-19.0194215677393,-0.989562998015108,99.6389891696751,39.0597794544399,0.524666279744631,0,0,62,refinement
57,6,0.277700638711469,0.277700638711469,0.0694251596778673,0.300686737957534,-19.3394674124686,-3.5657432085035,99.7222993612885,38.9112013929193,0.673244341265235,0,0,63,refinement
57,7,0.222160510969175,0.222160510969175,0.0416550958067204,-0.850019876411835,-19.5178874198026,-5.1813178645977,99.7778394890308,38.7370864770749,0.847359257109692,0,0,64,refinement
57,8,0.0833101916134407,0.0833101916134407,0.0277700638711469,-3.3870570527781,-20.0556682626442,-6.73870437297418,99.9166898083866,38.5397562391178,1.04468949506674,0,1,65,refinement
57,9,0.0555401277422938,0.0555401277422938,0,-5.7312944899403,-20.4843620277846,-7.15813830004618,99.9444598722577,38.2658154381892,1.34603930911257,0,1,66,refinement
57,10,0.0555401277422938,0.0555401277422938,0,-5.7312944899403,-21.0330444448908,-7.15813830004618,99.9444598722577,37.9477655252467,1.6366802089379,0,1,67,refinement
57,11,0.0555401277422938,0.0555401277422938,0,-5.7312944899403,-21.7255955354722,-7.15813830004618,99.9444598722577,37.6343586767266,1.95008705745792,0,1,68,refinement
57,12,0.0277700638711469,0.0277700638711469,0,-5.7312944899403,-22.3438438988575,-9.09952318629025,99.9722299361289,37.1932675565874,2.39117817759721,0,1,69,refinement
57,13,0.0277700638711469,0.0277700638711469,0,-5.7312944899403,-23.0646307746607,-9.09952318629025,99.9722299361289,36.8450377248984,2.73940800928613,0,1,70,refinement
57,14,0,0,0,-6.87137491042201,-23.3947636879426,-9.7210688845938,100,36.4735925710969,3.11085316308764,1,1,71,refinement
57,15,0,0,0,-7.80810456484286,-23.8160503201142,-10.8517705321491,100,35.9953569355775,3.58908879860708,1,1,72,refinement
57,16,0,0,0,-9.04008961434647,-24.0318087025686,-13.8304854832273,100,35.4730121880441,4.11143354614045,1,1,73,refinement
57,17,0,0,0,-9.63111530032999,-24.2373611256834,-13.8304854832273,100,34.9738827626233,4.61056297156123,1,1,74,refinement
57,18,0,0,0,-10.5480112064344,-24.5607964173268,-13.8304854832273,100,34.3168891468369,5.26755658734765,1,1,75,refinement
57,19,0,0,0,-13.4489723961887,-24.7917736099764,-13.8304854832273,100,33.5647127103889,6.01973302379571,1,1,76,refinement
57,20,0,0,0,-13.4489723961887,-25.0770176578181,-13.8304854832273,100,32.8102147417295,6.77423099245502,1,1,77,refinement
57,21,0,0,0,-13.4489723961887,-25.5224108477058,-13.8304854832273,100,32.009286128845,7.57515960533952,1,1,78,refinement
57,22,0,0,0,-13.4489723961887,-25.7298277307083,-13.8365761529958,100,31.0365641323273,8.54788160185723,1,1,79,refinement
154.302468929061,3,0.416550958067203,0.416550958067203,0.249930574840322,3.44603206675163,-17.7118177528434,-0.21257684041564,99.5834490419328,99.8586588813198,0.227510156703424,0,0,157.302468929061,refinement
154.302468929061,4,0.388780894196057,0.388780894196057,0.124965287420161,3.44603206675163,-18.5464296601956,-0.277932354716588,99.6112191058039,99.7188802858845,0.352872896111434,0,0,158.302468929061,refinement
154.302468929061,5,0.36101083032491,0.36101083032491,0.0833101916134407,3.44603206675163,-19.0776641388485,-0.989562998015108,99.6389891696751,99.6045265038714,0.524666279744631,0,0,159.302468929061,refinement
154.302468929061,6,0.277700638711469,0.277700638711469,0.0694251596778673,0.300686737957534,-19.3633143452266,-3.5657432085035,99.7222993612885,99.4925550923168,0.673244341265235,0,0,160.302468929061,refinement
154.302468929061,7,0.222160510969175,0.222160510969175,0.0416550958067204,-0.850019876411835,-19.5487464943453,-5.1813178645977,99.7778394890308,99.3214136828941,0.847359257109692,0,0,161.302468929061,refinement
154.302468929061,8,0.0833101916134407,0.0833101916134407,0.0277700638711469,-3.3870570527781,-20.1159709016134,-6.73870437297417,99.9166898083866,99.133818148131,1.04468949506674,0,1,162.302468929061,refinement
154.302468929061,9,0.0555401277422938,0.0555401277422938,0,-5.7312944899403,-20.6333566349826,-7.15813830004618,99.9444598722577,98.9392746305989,1.34603930911257,0,1,163.302468929061,refinement
154.302468929061,10,0.0555401277422938,0.0555401277422938,0,-5.7312944899403,-21.2143000914059,-7.15813830004618,99.9444598722577,98.6266154059938,1.6366802089379,0,1,164.302468929061,refinement
154.302468929061,11,0.0555401277422938,0.0555401277422938,0,-5.7312944899403,-21.8677357921616,-7.15813830004618,99.9444598722577,98.364908055028,1.95008705745792,0,1,165.302468929061,refinement
154.302468929061,12,0.0277700638711469,0.0277700638711469,0,-5.7312944899403,-22.6330313530045,-9.09952318629025,99.9722299361289,98.0314048821159,2.39117817759721,0,1,166.302468929061,refinement
154.302468929061,13,0.0277700638711469,0.0277700638711469,0,-5.7312944899403,-23.177073002998,-9.09952318629025,99.9722299361289,97.5635740423364,2.73940800928613,0,1,167.302468929061,refinement
154.302468929061,14,0,0,0,-6.87137491042201,-23.6253640475069,-9.7210688845938,100,97.1281671221455,3.11085316308764,1,1,168.302468929061,refinement
154.302468929061,15,0,0,0,-7.80810456484286,-24.0148755302088,-10.8517705321491,100,96.681180230673,3.58908879860708,1,1,169.302468929061,refinement
154.302468929061,16,0,0,0,-9.04008961434647,-24.1375983252437,-13.8304854832273,100,96.2549136390709,4.11143354614045,1,1,170.302468929061,refinement
154.302468929061,17,0,0,0,-9.63111530032999,-24.4557180369255,-13.8304854832273,100,95.7974985110185,4.61056297156123,1,1,171.302468929061,refinement
154.302468929061,18,0,0,0,-10.5480112064344,-24.75408004756,-13.8304854832273,100,95.2128398721571,5.26755658734765,1,1,172.302468929061,refinement
154.302468929061,19,0,0,0,-13.4489723961887,-24.9342704118932,-13.8304854832273,100,94.5435175320765,6.01973302379571,1,1,173.302468929061,refinement
154.302468929061,20,0,0,0,-13.4489723961887,-25.3914533416084,-13.8304854832273,100,93.7954513872806,6.77423099245502,1,1,174.302468929061,refinement
154.302468929061,21,0,0,0,-13.4489723961887,-25.7314066555674,-13.8304854832273,100,92.9663254435129,7.57515960533952,1,1,175.302468929061,refinement
154.302468929061,22,0,0,0,-13.4489723961887,-25.9529362216424,-13.8365761529958,100,91.8708601602668,8.54788160185723,1,1,176.302468929061,refinement
154.302468929061,154.302468929061,0,0,0,-2969.09346595255,-2969.09346595255,-2969.09346595255,100,0,100,1,1,308.604937858122,refinement
40.5,6.5,0.249930574840322,0.249930574840322,0.124965287420161,3.0605609023539,-19.3336594002603,1.32416000481918,99.7500694251597,27.4869413813117,0.749854904236796,0,0,47,final
40.5,7,0.222160510969175,0.222160510969175,0.111080255484588,3.0605609023539,-19.3677335142717,1.17588456334184,99.7778394890308,27.3894370284388,0.847359257109692,0,0,47.5,final
40.5,7.5,0.194390447098028,0.194390447098028,0.0971952235490142,3.0605609023539,-19.5100438380713,1.08583573386002,99.805609552902,27.2872896111434,0.949506674405107,0,0,48,final
40.5,8,0.111080255484588,0.111080255484588,0.0833101916134407,3.0605609023539,-19.8468613533408,0.979360864037889,99.8889197445154,27.1921067904817,1.04468949506674,0,0,48.5,final
40.5,8.5,0.111080255484588,0.111080255484588,0.0555401277422938,3.0605609023539,-20.208818367504,0.979360864037889,99.8889197445154,27.0597794544399,1.19356759976176,0,0,49,final
40.5,9,0.111080255484588,0.111080255484588,0.0555401277422938,3.0605609023539,-20.3313940594353,0.92613716531412,99.8889197445154,26.9181659895531,1.34603930911257,0,0,49.5,final
40.5,9.5,0.111080255484588,0.111080255484588,0.0555401277422938,3.0605609023539,-20.4309202586914,0.887771493192189,99.8889197445154,26.7951247823564,1.46039309112567,0,0,50,final
40.5,12.5,0.111080255484588,0.111080255484588,0.0416550958067204,3.0605609023539,-22.6327178971963,0.557125648768217,99.8889197445154,25.7063261752757,2.53047011027278,0,0,53,final
40.5,13,0.111080255484588,0.111080255484588,0.0416550958067204,3.0605609023539,-22.8978872807009,0.557125648768217,99.8889197445154,25.4973882762623,2.73940800928613,0,0,53.5,final
40.5,13.5,0.111080255484588,0.111080255484588,0.0277700638711469,3.0605609023539,-23.0423460437323,0.557125648768217,99.8889197445154,25.3232733604179,2.91352292513059,0,0,54,final
40.5,14,0.111080255484588,0.111080255484588,0.0277700638711469,3.0605609023539,-23.1213910441939,0.517203792416799,99.8889197445154,25.1259431224608,3.11085316308764,0,0,54.5,final
40.5,14.5,0.111080255484588,0.111080255484588,0.0277700638711469,3.0605609023539,-23.2488682976394,0.517203792416799,99.8889197445154,24.8891468369124,3.3476494486361,0,0,55,final
40.5,15,0.111080255484588,0.111080255484588,0.0277700638711469,3.0605609023539,-23.4404490008454,0.499637770552054,99.8889197445154,24.6477074869414,3.58908879860708,0,0,55.5,final
40.5,15.5,0.111080255484588,0.111080255484588,0.0277700638711469,3.0605609023539,-23.5278366843124,0.499637770552054,99.8889197445154,24.4085896691817,3.8282066163668,0,0,56,final
41,6.5,0.249930574840322,0.249930574840322,0.124965287420161,3.0605609023539,-19.3336594002603,1.32416000481918,99.7500694251597,27.9512478235636,0.749854904236796,0,0,47.5,final
41,7,0.222160510969175,0.222160510969175,0.111080255484588,3.0605609023539,-19.3677335142717,1.17588456334184,99.7778394890308,27.8537434706907,0.847359257109692,0,0,48,final
41,7.5,0.194390447098028,0.194390447098028,0.0971952235490142,3.0605609023539,-19.5100438380713,1.08583573386002,99.805609552902,27.7515960533952,0.949506674405107,0,0,48.5,final
41,8,0.111080255484588,0.111080255484588,0.0833101916134407,3.0605609023539,-19.8468613533408,0.979360864037889,99.8889197445154,27.6564132327336,1.04468949506674,0,0,49,final
41,8.5,0.111080255484588,0.111080255484588,0.0555401277422938,3.0605609023539,-20.208818367504,0.979360864037889,99.8889197445154,27.5240858966918,1.19356759976176,0,0,49.5,final
41,9,0.111080255484588,0.111080255484588,0.0416550958067204,3.0605609023539,-20.3313940594353,0.92613716531412,99.8889197445154,27.382472431805,1.34603930911257,0,0,50,final
41,9.5,0.111080255484588,0.111080255484588,0.0416550958067204,3.0605609023539,-20.4309202586914,0.887771493192189,99.8889197445154,27.2594312246082,1.46039309112567,0,0,50.5,final
41,12.5,0.111080255484588,0.111080255484588,0.0277700638711469,3.0605609023539,-22.6327178971963,0.557125648768217,99.8889197445154,26.1706326175276,2.53047011027278,0,0,53.5,final
41,13,0.111080255484588,0.111080255484588,0.0277700638711469,3.0605609023539,-22.9120712036774,0.557125648768217,99.8889197445154,25.9616947185142,2.73940800928613,0,0,54,final
41,13.5,0.111080255484588,0.111080255484588,0.0138850319355735,3.0605609023539,-23.048635940308,0.557125648768217,99.8889197445154,25.7875798026698,2.91352292513059,0,0,54.5,final
41,14,0.111080255484588,0.111080255484588,0.0138850319355735,3.0605609023539,-23.1559990703688,0.517203792416799,99.8889197445154,25.5902495647127,3.11085316308764,0,0,55,final
41,14.5,0.111080255484588,0.111080255484588,0.0138850319355735,3.0605609023539,-23.2986320766354,0.517203792416799,99.8889197445154,25.3534532791642,3.3476494486361,0,0,55.5,final
41,15,0.111080255484588,0.111080255484588,0.0138850319355735,3.0605609023539,-23.4583154559803,0.499637770552054,99.8889197445154,25.1120139291933,3.58908879860708,0,0,56,final
41,15.5,0.111080255484588,0.111080255484588,0.0138850319355735,3.0605609023539,-23.5357253861382,0.499637770552054,99.8889197445154,24.8728961114335,3.8282066163668,0,0,56.5,final
41.5,6.5,0.249930574840322,0.249930574840322,0.111080255484588,3.0605609023539,-19.3578726472018,-3.5657432085035,99.7500694251597,28.3969820081254,0.749854904236796,0,0,48,final
41.5,7,0.222160510969175,0.222160510969175,0.0971952235490142,3.0605609023539,-19.425069003655,-5.1813178645977,99.7778394890308,28.2994776552525,0.847359257109692,0,0,48.5,final
41.5,7.5,0.194390447098028,0.194390447098028,0.0833101916134407,3.0605609023539,-19.543590469931,-5.42801842287435,99.805609552902,28.1973302379571,0.949506674405107,0,0,49,final
41.5,8,0.0833101916134407,0.0833101916134407,0.0833101916134407,3.0605609023539,-19.8967943121288,-6.60719880073385,99.9166898083866,28.1021474172954,1.04468949506674,0,1,49.5,final
41.5,8.5,0.0833101916134407,0.0833101916134407,0.0555401277422938,3.0605609023539,-20.2619315961418,-6.89296281158691,99.9166898083866,27.9698200812536,1.19356759976176,0,1,50,final
41.5,9,0.0833101916134407,0.0833101916134407,0.0416550958067204,3.0605609023539,-20.3655326077356,-6.89296281158691,99.9166898083866,27.8282066163668,1.34603930911257,0,1,50.5,final
41.5,9.5,0.0833101916134407,0.0833101916134407,0.0416550958067204,3.0605609023539,-20.4756443405924,-6.89296281158691,99.9166898083866,27.7051654091701,1.46039309112567,0,1,51,final
41.5,12.5,0.0833101916134407,0.0833101916134407,0.0277700638711469,3.0605609023539,-22.6971178097125,-7.93253505484231,99.9166898083866,26.6163668020894,2.53047011027278,0,1,54,final
41.5,13,0.0833101916134407,0.0833101916134407,0.0277700638711469,3.0605609023539,-22.9272589614388,-7.93253505484231,99.9166898083866,26.407428903076,2.73940800928613,0,1,54.5,final
41.5,13.5,0.0833101916134407,0.0833101916134407,0.0138850319355735,3.0605609023539,-23.048635940308,-9.09952318629025,99.9166898083866,26.2333139872316,2.91352292513059,0,1,55,final
41.5,14,0.0833101916134407,0.0833101916134407,0.0138850319355735,3.0605609023539,-23.1559990703688,-9.09952318629025,99.9166898083866,26.0359837492745,3.11085316308764,0,1,55.5,final
41.5,14.5,0.0833101916134407,0.0833101916134407,0.0138850319355735,3.0605609023539,-23.2986320766354,-9.7210688845938,99.9166898083866,25.7991874637261,3.3476494486361,0,1,56,final
41.5,15,0.0833101916134407,0.0833101916134407,0.0138850319355735,3.0605609023539,-23.4583154559803,-9.7210688845938,99.9166898083866,25.5577481137551,3.58908879860708,0,1,56.5,final
41.5,15.5,0.0833101916134407,0.0833101916134407,0.0138850319355735,3.0605609023539,-23.5357253861382,-11.2107738563256,99.9166898083866,25.3186302959954,3.8282066163668,0,1,57,final
42,6.5,0.249930574840322,0.249930574840322,0.111080255484588,3.0605609023539,-19.3578726472018,-3.5657432085035,99.7500694251597,28.8380731282647,0.749854904236796,0,0,48.5,final
42,7,0.222160510969175,0.222160510969175,0.0971952235490142,3.0605609023539,-19.425069003655,-5.1813178645977,99.7778394890308,28.7405687753918,0.847359257109692,0,0,49,final
42,7.5,0.194390447098028,0.194390447098028,0.0833101916134407,3.0605609023539,-19.543590469931,-5.42801842287435,99.805609552902,28.6384213580963,0.949506674405107,0,0,49.5,final
42,8,0.0833101916134407,0.0833101916134407,0.0833101916134407,3.0605609023539,-19.8967943121288,-6.60719880073385,99.9166898083866,28.5432385374347,1.04468949506674,0,1,50,final
42,8.5,0.0833101916134407,0.0833101916134407,0.0555401277422938,3.0605609023539,-20.2619315961418,-6.89296281158691,99.9166898083866,28.4109112013929,1.19356759976176,0,1,50.5,final
42,9,0.0833101916134407,0.0833101916134407,0.0416550958067204,3.0605609023539,-20.3655326077356,-6.89296281158691,99.9166898083866,28.2692977365061,1.34603930911257,0,1,51,final
42,9.5,0.0833101916134407,0.0833101916134407,0.0416550958067204,3.0605609023539,-20.4756443405924,-6.89296281158691,99.9166898083866,28.1462565293093,1.46039309112567,0,1,51.5,final
42,12.5,0.0833101916134407,0.0833101916134407,0.0277700638711469,3.0605609023539,-22.6971178097125,-7.93253505484231,99.9166898083866,27.0574579222287,2.53047011027278,0,1,54.5,final
42,13,0.0833101916134407,0.0833101916134407,0.0277700638711469,3.0605609023539,-22.9272589614388,-7.93253505484231,99.9166898083866,26.8485200232153,2.73940800928613,0,1,55,final
42,13.5,0.0833101916134407,0.0833101916134407,0.0138850319355735,3.0605609023539,-23.048635940308,-9.09952318629025,99.9166898083866,26.6744051073709,2.91352292513059,0,1,55.5,final
42,14,0.0833101916134407,0.0833101916134407,0.0138850319355735,3.0605609023539,-23.1559990703688,-9.09952318629025,99.9166898083866,26.4770748694138,3.11085316308764,0,1,56,final
42,14.5,0.0833101916134407,0.0833101916134407,0.0138850319355735,3.0605609023539,-23.2986320766354,-9.7210688845938,99.9166898083866,26.2402785838654,3.3476494486361,0,1,56.5,final
42,15,0.0833101916134407,0.0833101916134407,0.0138850319355735,3.0605609023539,-23.4583154559803,-9.7210688845938,99.9166898083866,25.9988392338944,3.58908879860708,0,1,57,final
42,15.5,0.0833101916134407,0.0833101916134407,0.0138850319355735,3.0605609023539,-23.5357253861382,-11.2107738563256,99.9166898083866,25.7597214161346,3.8282066163668,0,1,57.5,final
42.5,6.5,0.249930574840322,0.249930574840322,0.111080255484588,3.0605609023539,-19.3578726472018,-3.5657432085035,99.7500694251597,29.2605919907139,0.749854904236796,0,0,49,final
42.5,7,0.222160510969175,0.222160510969175,0.0971952235490142,3.0605609023539,-19.425069003655,-5.1813178645977,99.7778394890308,29.163087637841,0.847359257109692,0,0,49.5,final
42.5,7.5,0.194390447098028,0.194390447098028,0.0833101916134407,3.0605609023539,-19.543590469931,-5.42801842287435,99.805609552902,29.0609402205456,0.949506674405107,0,0,50,final
42.5,8,0.0833101916134407,0.0833101916134407,0.0833101916134407,3.0605609023539,-19.8967943121288,-6.60719880073385,99.9166898083866,28.9657573998839,1.04468949506674,0,1,50.5,final
42.5,8.5,0.0833101916134407,0.0833101916134407,0.0555401277422938,3.0605609023539,-20.2619315961418,-6.89296281158691,99.9166898083866,28.8334300638421,1.19356759976176,0,1,51,final
42.5,9,0.0833101916134407,0.0833101916134407,0.0416550958067204,3.0605609023539,-20.3655326077356,-6.89296281158691,99.9166898083866,28.6918165989553,1.34603930911257,0,1,51.5,final
42.5,9.5,0.0833101916134407,0.0833101916134407,0.0416550958067204,3.0605609023539,-20.4756443405924,-6.89296281158691,99.9166898083866,28.5687753917586,1.46039309112567,0,1,52,final
42.5,12.5,0.0833101916134407,0.0833101916134407,0.0277700638711469,3.0605609023539,-22.6971178097126,-7.93253505484231,99.9166898083866,27.4799767846779,2.53047011027278,0,1,55,final
42.5,13,0.0833101916134407,0.0833101916134407,0.0277700638711469,3.0605609023539,-22.9442021217544,-7.93253505484231,99.9166898083866,27.2710388856645,2.73940800928613,0,1,55.5,final
42.5,13.5,0.0833101916134407,0.0833101916134407,0.0138850319355735,3.0605609023539,-23.0778548874415,-9.09952318629025,99.9166898083866,27.0969239698201,2.91352292513059,0,1,56,final
42.5,14,0.0833101916134407,0.0833101916134407,0.0138850319355735,3.0605609023539,-23.2074571243768,-9.09952318629025,99.9166898083866,26.899593731863,3.11085316308764,0,1,56.5,final
42.5,14.5,0.0833101916134407,0.0833101916134407,0.0138850319355735,3.0605609023539,-23.3458157679938,-9.7210688845938,99.9166898083866,26.6627974463146,3.3476494486361,0,1,57,final
42.5,15,0.0833101916134407,0.0833101916134407,0.0138850319355735,3.0605609023539,-23.5278366843124,-9.7210688845938,99.9166898083866,26.4213580963436,3.58908879860708,0,1,57.5,final
42.5,15.5,0.0833101916134407,0.0833101916134407,0.0138850319355735,3.0605609023539,-23.6627245785587,-11.2107738563256,99.9166898083866,26.1822402785839,3.8282066163668,0,1,58,final
43,6.5,0.249930574840322,0.249930574840322,0.0971952235490142,3.0536842622589,-19.3677335142717,-3.5657432085035,99.7500694251597,29.6761462565293,0.749854904236796,0,0,49.5,final
43,7,0.222160510969175,0.222160510969175,0.0833101916134407,3.0536842622589,-19.4517380877388,-5.1813178645977,99.7778394890308,29.5786419036564,0.847359257109692,0,0,50,final
43,7.5,0.194390447098028,0.194390447098028,0.0694251596778673,3.0536842622589,-19.5487464943453,-5.42801842287435,99.805609552902,29.476494486361,0.949506674405107,0,0,50.5,final
43,8,0.0833101916134407,0.0833101916134407,0.0694251596778673,3.0536842622589,-19.9085584235353,-6.60719880073385,99.9166898083866,29.3813116656994,1.04468949506674,0,1,51,final
43,8.5,0.0833101916134407,0.0833101916134407,0.0416550958067204,3.0536842622589,-20.2706315131909,-6.89296281158691,99.9166898083866,29.2489843296576,1.19356759976176,0,1,51.5,final
43,9,0.0833101916134407,0.0833101916134407,0.0277700638711469,3.0536842622589,-20.4076821753107,-6.89296281158691,99.9166898083866,29.1073708647707,1.34603930911257,0,1,52,final
43,9.5,0.0833101916134407,0.0833101916134407,0.0277700638711469,3.0536842622589,-20.4843620277845,-6.89296281158691,99.9166898083866,28.984329657574,1.46039309112567,0,1,52.5,final
43,12.5,0.0555401277422938,0.0555401277422938,0.0277700638711469,3.0536842622589,-22.7417338117954,-7.93253505484231,99.9444598722577,27.8955310504933,2.53047011027278,0,1,55.5,final
43,13,0.0555401277422938,0.0555401277422938,0.0277700638711469,3.0536842622589,-22.9592573761124,-7.93253505484231,99.9444598722577,27.68659315148,2.73940800928613,0,1,56,final
43,13.5,0.0555401277422938,0.0555401277422938,0.0138850319355735,3.0536842622589,-23.085115070908,-9.09952318629025,99.9444598722577,27.5124782356355,2.91352292513059,0,1,56.5,final
43,14,0.0555401277422938,0.0555401277422938,0.0138850319355735,3.0536842622589,-23.2357064591821,-9.09952318629025,99.9444598722577,27.3151479976785,3.11085316308764,0,1,57,final
43,14.5,0.0555401277422938,0.0555401277422938,0.0138850319355735,3.0536842622589,-23.3517003345575,-9.7210688845938,99.9444598722577,27.07835171213,3.3476494486361,0,1,57.5,final
43,15,0.0555401277422938,0.0555401277422938,0.0138850319355735,3.0536842622589,-23.5357253861382,-9.7210688845938,99.9444598722577,26.836912362159,3.58908879860708,0,1,58,final
43,15.5,0.0555401277422938,0.0555401277422938,0.0138850319355735,3.0536842622589,-23.6975080347579,-11.2107738563256,99.9444598722577,26.5977945443993,3.8282066163668,0,1,58.5,final
43.5,6.5,0.249930574840322,0.249930574840322,0.0971952235490142,3.0536842622589,-19.3885144946349,-3.5657432085035,99.7500694251597,30.0777713290772,0.749854904236796,0,0,50,final
43.5,7,0.222160510969175,0.222160510969175,0.0833101916134407,3.0536842622589,-19.4872191718802,-5.1813178645977,99.7778394890308,29.9802669762043,0.847359257109692,0,0,50.5,final
43.5,7.5,0.194390447098028,0.194390447098028,0.0694251596778673,3.0536842622589,-19.5602378499564,-5.42801842287435,99.805609552902,29.8781195589089,0.949506674405107,0,0,51,final
43.5,8,0.0833101916134407,0.0833101916134407,0.0694251596778673,3.0536842622589,-19.9360454397457,-6.60719880073385,99.9166898083866,29.7829367382472,1.04468949506674,0,1,51.5,final
43.5,8.5,0.0833101916134407,0.0833101916134407,0.0416550958067204,3.0536842622589,-20.2897312682415,-6.89296281158691,99.9166898083866,29.6506094022055,1.19356759976176,0,1,52,final
43.5,9,0.0833101916134407,0.0833101916134407,0.0277700638711469,3.0536842622589,-20.4309202586914,-6.89296281158691,99.9166898083866,29.5089959373186,1.34603930911257,0,1,52.5,final
43.5,9.5,0.0833101916134407,0.0833101916134407,0.0277700638711469,3.0536842622589,-20.4941115846353,-6.89296281158691,99.9166898083866,29.3859547301219,1.46039309112567,0,1,53,final
43.5,12.5,0.0555401277422938,0.0555401277422938,0.0277700638711469,3.0536842622589,-22.7457628082211,-7.93253505484231,99.9444598722577,28.2971561230412,2.53047011027278,0,1,56,final
43.5,13,0.0555401277422938,0.0555401277422938,0.0277700638711469,3.0536842622589,-22.9592573761124,-7.93253505484231,99.9444598722577,28.0882182240279,2.73940800928613,0,1,56.5,final
43.5,13.5,0.0555401277422938,0.0555401277422938,0.0138850319355735,3.0536842622589,-23.085115070908,-9.09952318629025,99.9444598722577,27.9141033081834,2.91352292513059,0,1,57,final
43.5,14,0.0555401277422938,0.0555401277422938,0.0138850319355735,3.0536842622589,-23.2357064591821,-9.09952318629025,99.9444598722577,27.7167730702263,3.11085316308764,0,1,57.5,final
43.5,14.5,0.0555401277422938,0.0555401277422938,0.0138850319355735,3.0536842622589,-23.3517003345575,-9.7210688845938,99.9444598722577,27.4799767846779,3.3476494486361,0,1,58,final
43.5,15,0.0555401277422938,0.0555401277422938,0.0138850319355735,3.0536842622589,-23.5357253861382,-9.7210688845938,99.9444598722577,27.2385374347069,3.58908879860708,0,1,58.5,final
43.5,15.5,0.0555401277422938,0.0555401277422938,0.0138850319355735,3.0536842622589,-23.6975080347579,-11.2107738563256,99.9444598722577,26.9994196169472,3.8282066163668,0,1,59,final
46.5,6.5,0.249930574840322,0.249930574840322,0.0694251596778673,0.300686737957534,-19.425069003655,-3.5657432085035,99.7500694251597,32.6894950667441,0.749854904236796,0,0,53,final
46.5,7,0.222160510969175,0.222160510969175,0.0555401277422938,-0.850019876411835,-19.5178874198026,-5.1813178645977,99.7778394890308,32.5919907138712,0.847359257109692,0,0,53.5,final
46.5,7.5,0.194390447098028,0.194390447098028,0.0416550958067204,-2.23163494179545,-19.5816754326044,-5.42801842287435,99.805609552902,32.4898432965757,0.949506674405107,0,0,54,final
46.5,8,0.0833101916134407,0.0833101916134407,0.0416550958067204,-3.3870570527781,-20.0556682626442,-6.73870437297418,99.9166898083866,32.3946604759141,1.04468949506674,0,1,54.5,final
46.5,8.5,0.0833101916134407,0.0833101916134407,0.0138850319355735,-3.3870570527781,-20.3256988174398,-6.89296281158691,99.9166898083866,32.2623331398723,1.19356759976176,0,1,55,final
46.5,9,0.0833101916134407,0.0833101916134407,0,-5.62767943986937,-20.4843620277846,-6.89296281158691,99.9166898083866,32.1207196749855,1.34603930911257,0,1,55.5,final
46.5,9.5,0.0833101916134407,0.0833101916134407,0,-5.62767943986937,-20.6241385889937,-6.89296281158691,99.9166898083866,31.9976784677887,1.46039309112567,0,1,56,final
46.5,12.5,0.0555401277422938,0.0555401277422938,0,-5.62767943986937,-22.9413395089018,-7.93253505484231,99.9444598722577,30.9088798607081,2.53047011027278,0,1,59,final
46.5,13,0.0555401277422938,0.0555401277422938,0,-5.62767943986937,-23.048635940308,-7.93253505484231,99.9444598722577,30.6999419616947,2.73940800928613,0,1,59.5,final
46.5,13.5,0.0277700638711469,0.0277700638711469,0,-5.62767943986937,-23.2357064591821,-9.09952318629025,99.9722299361289,30.5258270458503,2.91352292513059,0,1,60,final
46.5,14,0.0277700638711469,0.0277700638711469,0,-5.62767943986937,-23.3559771737648,-9.09952318629025,99.9722299361289,30.3284968078932,3.11085316308764,0,1,60.5,final
46.5,14.5,0.0277700638711469,0.0277700638711469,0,-5.62767943986937,-23.4961067234756,-9.7210688845938,99.9722299361289,30.0917005223447,3.3476494486361,0,1,61,final
46.5,15,0.0277700638711469,0.0277700638711469,0,-5.62767943986937,-23.8160503201142,-9.7210688845938,99.9722299361289,29.8502611723738,3.58908879860708,0,1,61.5,final
46.5,15.5,0.0277700638711469,0.0277700638711469,0,-5.62767943986937,-23.9075138378173,-11.2107738563256,99.9722299361289,29.611143354614,3.8282066163668,0,1,62,final
47,6.5,0.249930574840322,0.249930574840322,0.0694251596778673,0.300686737957534,-19.425069003655,-3.5657432085035,99.7500694251597,33.109692396982,0.749854904236796,0,0,53.5,final
47,7,0.222160510969175,0.222160510969175,0.0555401277422938,-0.850019876411835,-19.5178874198026,-5.1813178645977,99.7778394890308,33.0121880441091,0.847359257109692,0,0,54,final
47,7.5,0.194390447098028,0.194390447098028,0.0416550958067204,-2.23163494179545,-19.5816754326044,-5.42801842287435,99.805609552902,32.9100406268137,0.949506674405107,0,0,54.5,final
47,8,0.0833101916134407,0.0833101916134407,0.0416550958067204,-3.3870570527781,-20.0556682626442,-6.73870437297418,99.9166898083866,32.8148578061521,1.04468949506674,0,1,55,final
47,8.5,0.0833101916134407,0.0833101916134407,0.0138850319355735,-3.3870570527781,-20.3256988174398,-6.89296281158691,99.9166898083866,32.6825304701103,1.19356759976176,0,1,55.5,final
47,9,0.0833101916134407,0.0833101916134407,0,-5.62767943986937,-20.4843620277846,-6.89296281158691,99.9166898083866,32.5409170052234,1.34603930911257,0,1,56,final
47,9.5,0.0833101916134407,0.0833101916134407,0,-5.62767943986937,-20.6241385889937,-6.89296281158691,99.9166898083866,32.4178757980267,1.46039309112567,0,1,56.5,final
47,12.5,0.0555401277422938,0.0555401277422938,0,-5.62767943986937,-22.9413395089018,-7.93253505484231,99.9444598722577,31.329077190946,2.53047011027278,0,1,59.5,final
47,13,0.0555401277422938,0.0555401277422938,0,-5.62767943986937,-23.048635940308,-7.93253505484231,99.9444598722577,31.1201392919327,2.73940800928613,0,1,60,final
47,13.5,0.0277700638711469,0.0277700638711469,0,-5.62767943986937,-23.2357064591821,-9.09952318629025,99.9722299361289,30.9460243760882,2.91352292513059,0,1,60.5,final
47,14,0.0277700638711469,0.0277700638711469,0,-5.62767943986937,-23.3559771737648,-9.09952318629025,99.9722299361289,30.7486941381312,3.11085316308764,0,1,61,final
47,14.5,0.0277700638711469,0.0277700638711469,0,-5.62767943986937,-23.4961067234756,-9.7210688845938,99.9722299361289,30.5118978525827,3.3476494486361,0,1,61.5,final
47,15,0.0277700638711469,0.0277700638711469,0,-5.62767943986937,-23.8160503201142,-9.7210688845938,99.9722299361289,30.2704585026117,3.58908879860708,0,1,62,final
47,15.5,0.0277700638711469,0.0277700638711469,0,-5.62767943986937,-23.9075138378173,-11.2107738563256,99.9722299361289,30.031340684852,3.8282066163668,0,1,62.5,final
47.5,6.5,0.249930574840322,0.249930574840322,0.0555401277422938,0.300686737957534,-19.425069003655,-3.5657432085035,99.7500694251597,33.5066744051074,0.749854904236796,0,0,54,final
47.5,7,0.222160510969175,0.222160510969175,0.0416550958067204,-0.850019876411835,-19.5178874198026,-5.1813178645977,99.7778394890308,33.4091700522345,0.847359257109692,0,0,54.5,final
47.5,7.5,0.194390447098028,0.194390447098028,0.0277700638711469,-2.23163494179545,-19.5816754326044,-5.42801842287435,99.805609552902,33.3070226349391,0.949506674405107,0,0,55,final
47.5,8,0.0833101916134407,0.0833101916134407,0.0277700638711469,-3.3870570527781,-20.0556682626442,-6.73870437297418,99.9166898083866,33.2118398142774,1.04468949506674,0,1,55.5,final
47.5,8.5,0.0555401277422938,0.0555401277422938,0.0138850319355735,-3.3870570527781,-20.3256988174398,-7.15813830004618,99.9444598722577,33.0795124782356,1.19356759976176,0,1,56,final
47.5,9,0.0555401277422938,0.0555401277422938,0,-5.7312944899403,-20.4843620277846,-7.15813830004618,99.9444598722577,32.9378990133488,1.34603930911257,0,1,56.5,final
47.5,9.5,0.0555401277422938,0.0555401277422938,0,-5.7312944899403,-20.6241385889937,-7.15813830004618,99.9444598722577,32.8148578061521,1.46039309112567,0,1,57,final
47.5,12.5,0.0277700638711469,0.0277700638711469,0,-5.7312944899403,-22.9413395089018,-9.09952318629025,99.9722299361289,31.7260591990714,2.53047011027278,0,1,60,final
47.5,13,0.0277700638711469,0.0277700638711469,0,-5.7312944899403,-23.0646307746607,-9.09952318629025,99.9722299361289,31.517121300058,2.73940800928613,0,1,60.5,final
47.5,13.5,0,0,0,-6.87137491042201,-23.2445558380376,-9.7210688845938,100,31.3430063842136,2.91352292513059,1,1,61,final
47.5,14,0,0,0,-6.87137491042201,-23.3947636879426,-9.7210688845938,100,31.1456761462565,3.11085316308764,1,1,61.5,final
47.5,14.5,0,0,0,-7.80810456484286,-23.5278366843124,-10.8517705321491,100,30.9088798607081,3.3476494486361,1,1,62,final
47.5,15,0,0,0,-7.80810456484286,-23.8160503201142,-10.8517705321491,100,30.6674405107371,3.58908879860708,1,1,62.5,final
47.5,15.5,0,0,0,-9.04008961434647,-23.9075138378173,-13.8304854832273,100,30.4283226929774,3.8282066163668,1,1,63,final
48,6.5,0.249930574840322,0.249930574840322,0.0555401277422938,0.300686737957534,-19.425069003655,-3.5657432085035,99.7500694251597,33.905977945444,0.749854904236796,0,0,54.5,final
48,7,0.222160510969175,0.222160510969175,0.0416550958067204,-0.850019876411835,-19.5178874198026,-5.1813178645977,99.7778394890308,33.8084735925711,0.847359257109692,0,0,55,final
48,7.5,0.194390447098028,0.194390447098028,0.0277700638711469,-2.23163494179545,-19.5816754326044,-5.42801842287435,99.805609552902,33.7063261752757,0.949506674405107,0,0,55.5,final
48,8,0.0833101916134407,0.0833101916134407,0.0277700638711469,-3.3870570527781,-20.0556682626442,-6.73870437297418,99.9166898083866,33.611143354614,1.04468949506674,0,1,56,final
48,8.5,0.0555401277422938,0.0555401277422938,0.0138850319355735,-3.3870570527781,-20.3256988174398,-7.15813830004618,99.9444598722577,33.4788160185723,1.19356759976176,0,1,56.5,final
48,9,0.0555401277422938,0.0555401277422938,0,-5.7312944899403,-20.4843620277846,-7.15813830004618,99.9444598722577,33.3372025536854,1.34603930911257,0,1,57,final
48,9.5,0.0555401277422938,0.0555401277422938,0,-5.7312944899403,-20.6241385889937,-7.15813830004618,99.9444598722577,33.2141613464887,1.46039309112567,0,1,57.5,final
48,12.5,0.0277700638711469,0.0277700638711469,0,-5.7312944899403,-22.9413395089018,-9.09952318629025,99.9722299361289,32.125362739408,2.53047011027278,0,1,60.5,final
48,13,0.0277700638711469,0.0277700638711469,0,-5.7312944899403,-23.0646307746607,-9.09952318629025,99.9722299361289,31.9164248403947,2.73940800928613,0,1,61,final
48,13.5,0,0,0,-6.87137491042201,-23.2445558380376,-9.7210688845938,100,31.7423099245502,2.91352292513059,1,1,61.5,final
48,14,0,0,0,-6.87137491042201,-23.3947636879426,-9.7210688845938,100,31.5449796865932,3.11085316308764,1,1,62,final
48,14.5,0,0,0,-7.80810456484286,-23.5278366843124,-10.8517705321491,100,31.3081834010447,3.3476494486361,1,1,62.5,final
48,15,0,0,0,-7.80810456484286,-23.8160503201142,-10.8517705321491,100,31.0667440510737,3.58908879860708,1,1,63,final
48,15.5,0,0,0,-9.04008961434647,-23.9075138378173,-13.8304854832273,100,30.827626233314,3.8282066163668,1,1,63.5,final
48.5,6.5,0.249930574840322,0.249930574840322,0.0555401277422938,0.300686737957534,-19.425069003655,-3.5657432085035,99.7500694251597,34.3122460824144,0.749854904236796,0,0,55,final
48.5,7,0.222160510969175,0.222160510969175,0.0416550958067204,-0.850019876411835,-19.5178874198026,-5.1813178645977,99.7778394890308,34.2147417295415,0.847359257109692,0,0,55.5,final
48.5,7.5,0.194390447098028,0.194390447098028,0.0277700638711469,-2.23163494179545,-19.5816754326044,-5.42801842287435,99.805609552902,34.1125943122461,0.949506674405107,0,0,56,final
48.5,8,0.0833101916134407,0.0833101916134407,0.0277700638711469,-3.3870570527781,-20.0556682626442,-6.73870437297418,99.9166898083866,34.0174114915844,1.04468949506674,0,1,56.5,final
48.5,8.5,0.0555401277422938,0.0555401277422938,0.0138850319355735,-3.3870570527781,-20.3256988174398,-7.15813830004618,99.9444598722577,33.8850841555427,1.19356759976176,0,1,57,final
48.5,9,0.0555401277422938,0.0555401277422938,0,-5.7312944899403,-20.4843620277846,-7.15813830004618,99.9444598722577,33.7434706906558,1.34603930911257,0,1,57.5,final
48.5,9.5,0.0555401277422938,0.0555401277422938,0,-5.7312944899403,-20.6241385889937,-7.15813830004618,99.9444598722577,33.6204294834591,1.46039309112567,0,1,58,final
48.5,12.5,0.0277700638711469,0.0277700638711469,0,-5.7312944899403,-22.9413395089018,-9.09952318629025,99.9722299361289,32.5316308763784,2.53047011027278,0,1,61,final
48.5,13,0.0277700638711469,0.0277700638711469,0,-5.7312944899403,-23.0646307746607,-9.09952318629025,99.9722299361289,32.3226929773651,2.73940800928613,0,1,61.5,final
48.5,13.5,0,0,0,-6.87137491042201,-23.2445558380376,-9.7210688845938,100,32.1485780615206,2.91352292513059,1,1,62,final
48.5,14,0,0,0,-6.87137491042201,-23.3947636879426,-9.7210688845938,100,31.9512478235636,3.11085316308764,1,1,62.5,final
48.5,14.5,0,0,0,-7.80810456484286,-23.5278366843124,-10.8517705321491,100,31.7144515380151,3.3476494486361,1,1,63,final
48.5,15,0,0,0,-7.80810456484286,-23.8160503201142,-10.8517705321491,100,31.4730121880441,3.58908879860708,1,1,63.5,final
48.5,15.5,0,0,0,-9.04008961434647,-23.9075138378173,-13.8304854832273,100,31.2338943702844,3.8282066163668,1,1,64,final
49,6.5,0.249930574840322,0.249930574840322,0.0555401277422938,0.300686737957534,-19.425069003655,-3.5657432085035,99.7500694251597,34.6674405107371,0.749854904236796,0,0,55.5,final
49,7,0.222160510969175,0.222160510969175,0.0416550958067204,-0.850019876411835,-19.5178874198026,-5.1813178645977,99.7778394890308,34.5699361578642,0.847359257109692,0,0,56,final
49,7.5,0.194390447098028,0.194390447098028,0.0277700638711469,-2.23163494179545,-19.5816754326044,-5.42801842287435,99.805609552902,34.4677887405688,0.949506674405107,0,0,56.5,final
49,8,0.0833101916134407,0.0833101916134407,0.0277700638711469,-3.3870570527781,-20.0556682626442,-6.73870437297418,99.9166898083866,34.3726059199071,1.04468949506674,0,1,57,final
49,8.5,0.0555401277422938,0.0555401277422938,0.0138850319355735,-3.3870570527781,-20.3256988174398,-7.15813830004618,99.9444598722577,34.2402785838654,1.19356759976176,0,1,57.5,final
49,9,0.0555401277422938,0.0555401277422938,0,-5.7312944899403,-20.4843620277846,-7.15813830004618,99.9444598722577,34.0986651189785,1.34603930911257,0,1,58,final
49,9.5,0.0555401277422938,0.0555401277422938,0,-5.7312944899403,-20.6241385889937,-7.15813830004618,99.9444598722577,33.9756239117818,1.46039309112567,0,1,58.5,final
49,12.5,0.0277700638711469,0.0277700638711469,0,-5.7312944899403,-22.9413395089018,-9.09952318629025,99.9722299361289,32.8868253047011,2.53047011027278,0,1,61.5,final
49,13,0.0277700638711469,0.0277700638711469,0,-5.7312944899403,-23.0646307746607,-9.09952318629025,99.9722299361289,32.6778874056878,2.73940800928613,0,1,62,final
49,13.5,0,0,0,-6.87137491042201,-23.2445558380376,-9.7210688845938,100,32.5037724898433,2.91352292513059,1,1,62.5,final
49,14,0,0,0,-6.87137491042201,-23.3947636879426,-9.7210688845938,100,32.3064422518862,3.11085316308764,1,1,63,final
49,14.5,0,0,0,-7.80810456484286,-23.5278366843124,-10.8517705321491,100,32.0696459663378,3.3476494486361,1,1,63.5,final
49,15,0,0,0,-7.80810456484286,-23.8160503201142,-10.8517705321491,100,31.8282066163668,3.58908879860708,1,1,64,final
49,15.5,0,0,0,-9.04008961434647,-23.9075138378173,-13.8304854832273,100,31.5890887986071,3.8282066163668,1,1,64.5,final
49.5,6.5,0.249930574840322,0.249930574840322,0.0555401277422938,0.300686737957534,-19.425069003655,-3.5657432085035,99.7500694251597,34.9669181659896,0.749854904236796,0,0,56,final
49.5,7,0.222160510969175,0.222160510969175,0.0416550958067204,-0.850019876411835,-19.5178874198026,-5.1813178645977,99.7778394890308,34.8694138131167,0.847359257109692,0,0,56.5,final
49.5,7.5,0.194390447098028,0.194390447098028,0.0277700638711469,-2.23163494179545,-19.5816754326044,-5.42801842287435,99.805609552902,34.7672663958212,0.949506674405107,0,0,57,final
49.5,8,0.0833101916134407,0.0833101916134407,0.0277700638711469,-3.3870570527781,-20.0556682626442,-6.73870437297418,99.9166898083866,34.6720835751596,1.04468949506674,0,1,57.5,final
49.5,8.5,0.0555401277422938,0.0555401277422938,0.0138850319355735,-3.3870570527781,-20.3256988174398,-7.15813830004618,99.9444598722577,34.5397562391178,1.19356759976176,0,1,58,final
49.5,9,0.0555401277422938,0.0555401277422938,0,-5.7312944899403,-20.4843620277846,-7.15813830004618,99.9444598722577,34.398142774231,1.34603930911257,0,1,58.5,final
49.5,9.5,0.0555401277422938,0.0555401277422938,0,-5.7312944899403,-20.6241385889937,-7.15813830004618,99.9444598722577,34.2751015670342,1.46039309112567,0,1,59,final
49.5,12.5,0.0277700638711469,0.0277700638711469,0,-5.7312944899403,-22.9413395089018,-9.09952318629025,99.9722299361289,33.1863029599536,2.53047011027278,0,1,62,final
49.5,13,0.0277700638711469,0.0277700638711469,0,-5.7312944899403,-23.0646307746607,-9.09952318629025,99.9722299361289,32.9773650609402,2.73940800928613,0,1,62.5,final
49.5,13.5,0,0,0,-6.87137491042201,-23.2445558380376,-9.7210688845938,100,32.8032501450958,2.91352292513059,1,1,63,final
49.5,14,0,0,0,-6.87137491042201,-23.3947636879426,-9.7210688845938,100,32.6059199071387,3.11085316308764,1,1,63.5,final
49.5,14.5,0,0,0,-7.80810456484286,-23.5278366843124,-10.8517705321491,100,32.3691236215902,3.3476494486361,1,1,64,final
49.5,15,0,0,0,-7.80810456484286,-23.8160503201142,-10.8517705321491,100,32.1276842716193,3.58908879860708,1,1,64.5,final
49.5,15.5,0,0,0,-9.04008961434647,-23.9075138378173,-13.8304854832273,100,31.8885664538595,3.8282066163668,1,1,65,final
154.302468929061,6.5,0.249930574840322,0.249930574840322,0.0555401277422938,0.300686737957534,-19.5100438380713,-3.5657432085035,99.7500694251597,99.3908935105841,0.749854904236796,0,0,160.802468929061,final
154.302468929061,7,0.222160510969175,0.222160510969175,0.0416550958067204,-0.850019876411835,-19.5487464943453,-5.1813178645977,99.7778394890308,99.3214136828941,0.847359257109692,0,0,161.302468929061,final
154.302468929061,7.5,0.194390447098028,0.194390447098028,0.0277700638711469,-2.23163494179545,-19.6020964344438,-5.42801842287435,99.805609552902,99.244985872435,0.949506674405107,0,0,161.802468929061,final
154.302468929061,8,0.0833101916134407,0.0833101916134407,0.0277700638711469,-3.3870570527781,-20.1159709016134,-6.73870437297417,99.9166898083866,99.133818148131,1.04468949506674,0,1,162.302468929061,final
154.302468929061,8.5,0.0555401277422938,0.0555401277422938,0.0138850319355735,-3.3870570527781,-20.3655326077356,-7.15813830004618,99.9444598722577,99.0411783778776,1.19356759976176,0,1,162.802468929061,final
154.302468929061,9,0.0555401277422938,0.0555401277422938,0,-5.7312944899403,-20.6333566349826,-7.15813830004618,99.9444598722577,98.9392746305989,1.34603930911257,0,1,163.302468929061,final
154.302468929061,9.5,0.0555401277422938,0.0555401277422938,0,-5.7312944899403,-20.726446323986,-7.15813830004618,99.9444598722577,98.8188429292695,1.46039309112567,0,1,163.802468929061,final
154.302468929061,12.5,0.0277700638711469,0.0277700638711469,0,-5.7312944899403,-23.0423460437323,-9.09952318629025,99.9722299361289,97.8275973875585,2.53047011027278,0,1,166.802468929061,final
154.302468929061,13,0.0277700638711469,0.0277700638711469,0,-5.7312944899403,-23.177073002998,-9.09952318629025,99.9722299361289,97.5635740423364,2.73940800928613,0,1,167.302468929061,final
154.302468929061,13.5,0,0,0,-6.87137491042201,-23.403872140804,-9.7210688845938,100,97.331974616703,2.91352292513059,1,1,167.802468929061,final
154.302468929061,14,0,0,0,-6.87137491042201,-23.6253640475069,-9.7210688845938,100,97.1281671221455,3.11085316308764,1,1,168.302468929061,final
154.302468929061,14.5,0,0,0,-7.80810456484286,-23.9075138378173,-10.8517705321491,100,96.8849877252304,3.3476494486361,1,1,168.802468929061,final
154.302468929061,15,0,0,0,-7.80810456484286,-24.0148755302088,-10.8517705321491,100,96.681180230673,3.58908879860708,1,1,169.302468929061,final
154.302468929061,15.5,0,0,0,-9.04008961434647,-24.1034626286719,-13.8304854832273,100,96.4836212030971,3.8282066163668,1,1,169.802468929061,final
154.302468929061,154.302468929061,0,0,0,-2969.09346595255,-2969.09346595255,-2969.09346595255,100,0,100,1,1,308.604937858122,final
