Time,AggregateInterferenceDbm,IOverNDb,DominantSatelliteIndex,VisibleSatelliteCount,EligibleCandidateCount,CandidateSatelliteCount,EffectiveContributorCount,PracticalSelectedIOverNDb
01-Aug-2026 00:00:00,-134.93884150088,-27.5057517675444,0,26,26,26,13,-27.5057517675444
01-Aug-2026 00:00:02,-134.281047960416,-26.8479582270805,0,25,25,25,13,-26.8479582270805
01-Aug-2026 00:00:04,-141.409466813172,-33.9763770798364,0,25,25,25,14,-26.8787644838398
01-Aug-2026 00:00:06,-141.2963639135,-33.863274180165,0,25,25,25,14,-26.6380534309243
01-Aug-2026 00:00:08,-141.913864581146,-34.4807748478108,0,26,26,26,12,-26.4586343373984
01-Aug-2026 00:00:10,-139.85964243935,-32.4265527060146,0,26,26,26,12,-26.1249653035885
01-Aug-2026 00:00:12,-139.605961281661,-32.1728715483254,0,26,26,26,13,-25.8163805409842
01-Aug-2026 00:00:14,-139.617163548339,-32.184073815004,0,26,26,26,14,-25.3643507934886
01-Aug-2026 00:00:16,-140.115835433629,-32.6827457002937,0,26,26,26,15,-24.8987834804885
01-Aug-2026 00:00:18,-140.317907560661,-32.8848178273255,0,26,26,26,15,-24.4848515326082
01-Aug-2026 00:00:20,-140.534555936738,-33.1014662034024,0,26,26,26,13,-24.0798693171494
01-Aug-2026 00:00:22,-140.75805491362,-33.3249651802848,0,26,26,26,13,-24.2573905739174
01-Aug-2026 00:00:24,-141.307702908688,-33.8746131753531,0,26,26,26,13,-23.8812408106483
01-Aug-2026 00:00:26,-141.941126408801,-34.508036675466,0,25,25,25,13,-23.7765499326694
01-Aug-2026 00:00:28,-141.862030294301,-34.4289405609657,0,25,25,25,13,-23.6470409241334
01-Aug-2026 00:00:30,-142.120238413344,-34.6871486800092,0,25,25,25,13,-23.3803751244031
01-Aug-2026 00:00:32,-142.081013915711,-34.647924182376,0,25,25,25,12,-22.4220432560174
01-Aug-2026 00:00:34,-142.215639049451,-34.7825493161156,0,25,25,25,12,-21.8354886868786
01-Aug-2026 00:00:36,-142.63158561431,-35.198495880975,0,25,25,25,11,-21.9197395837657
01-Aug-2026 00:00:38,-143.146877378228,-35.7137876448924,0,24,24,24,12,-21.2881103669843
01-Aug-2026 00:00:40,-143.415776352579,-35.9826866192437,0,24,24,24,13,-20.909641797309
01-Aug-2026 00:00:42,-143.590113218854,-36.1570234855185,0,24,24,24,13,-36.1570234855185
01-Aug-2026 00:00:44,-143.357440666082,-35.9243509327466,0,24,24,24,11,-35.9243509327466
01-Aug-2026 00:00:46,-143.728601716367,-36.2955119830318,0,24,24,24,10,-36.2955119830318
01-Aug-2026 00:00:48,-143.635053329881,-36.2019635965456,0,24,24,24,10,-19.3298545347317
01-Aug-2026 00:00:50,-143.964909898449,-36.5318201651141,0,23,23,23,12,-18.3296954490783
01-Aug-2026 00:00:52,-145.418715605018,-37.9856258716828,0,23,23,23,11,-18.3937012518181
01-Aug-2026 00:00:54,-148.552120772796,-41.1190310394607,0,24,24,24,14,-17.9534952081866
01-Aug-2026 00:00:56,-146.056374267738,-38.6232845344027,0,23,23,23,14,-17.6271711426795
01-Aug-2026 00:00:58,-133.845159817086,-26.4120700837509,0,23,23,23,14,-26.4120700837509
01-Aug-2026 00:01:00,-145.867750826247,-38.434661092912,0,23,23,23,12,-24.5460856642019
01-Aug-2026 00:01:02,-145.49904056403,-38.0659508306953,0,23,23,23,12,-23.4655679450987
01-Aug-2026 00:01:04,-145.500714255598,-38.0676245222633,0,23,23,23,12,-23.6750388200122
01-Aug-2026 00:01:06,-146.437882870699,-39.0047931373639,0,23,23,23,12,-22.9076266841733
01-Aug-2026 00:01:08,-146.151202997751,-38.718113264416,0,23,23,23,11,-22.5873175655898
01-Aug-2026 00:01:10,-145.966415839122,-38.5333261057871,0,23,23,23,10,-22.3559358703986
01-Aug-2026 00:01:12,-140.544141145272,-33.1110514119365,0,23,23,23,11,-21.9837154634712
01-Aug-2026 00:01:14,-140.487173507433,-33.0540837740975,0,23,23,23,9,-33.0540837740975
01-Aug-2026 00:01:16,-146.845269288882,-39.4121795555464,0,23,23,23,9,-39.4121795555464
01-Aug-2026 00:01:18,-146.414102611745,-38.9810128784094,0,23,23,23,9,-38.9810128784094
01-Aug-2026 00:01:20,-141.096503355669,-33.6634136223337,0,23,23,23,10,-33.6634136223337
01-Aug-2026 00:01:22,-138.354458430651,-30.9213686973159,0,23,23,23,11,-30.9213686973159
01-Aug-2026 00:01:24,-138.161980047138,-30.7288903138027,0,23,23,23,12,-30.7288903138027
01-Aug-2026 00:01:26,-136.245807230716,-28.8127174973808,0,23,23,23,11,-28.8127174973808
01-Aug-2026 00:01:28,-136.581099934088,-29.1480102007528,0,23,23,23,11,-29.1480102007528
01-Aug-2026 00:01:30,-136.299369300049,-28.8662795667139,0,23,23,23,11,-28.8662795667139
01-Aug-2026 00:01:32,-133.803112017858,-26.3700222845225,0,23,23,23,13,-26.3700222845225
01-Aug-2026 00:01:34,-134.482997351416,-27.0499076180812,0,23,23,23,13,-27.0499076180812
01-Aug-2026 00:01:36,-135.267024697714,-27.8339349643786,0,23,23,23,13,-27.8339349643786
01-Aug-2026 00:01:38,-135.576578852014,-28.1434891186786,0,24,24,24,12,-28.1434891186786
01-Aug-2026 00:01:40,-136.182927249659,-28.7498375163238,0,24,24,24,12,-28.7498375163238
01-Aug-2026 00:01:42,-137.193845836902,-29.7607561035672,0,24,24,24,13,-29.7607561035672
01-Aug-2026 00:01:44,-138.004028714968,-30.5709389816325,0,24,24,24,12,-30.5709389816325
01-Aug-2026 00:01:46,-138.355057646353,-30.9219679130174,0,24,24,24,12,-30.9219679130174
01-Aug-2026 00:01:48,-138.535771473101,-31.1026817397662,0,23,23,23,13,-31.1026817397662
01-Aug-2026 00:01:50,-138.967464372634,-31.5343746392992,0,23,23,23,12,-31.5343746392992
01-Aug-2026 00:01:52,-139.645082527535,-32.2119927941995,0,23,23,23,10,-32.2119927941995
01-Aug-2026 00:01:54,-140.508903746715,-33.0758140133795,0,23,23,23,9,-33.0758140133795
01-Aug-2026 00:01:56,-141.084582013707,-33.6514922803716,0,24,24,24,9,-33.6514922803716
01-Aug-2026 00:01:58,-136.090028638582,-28.6569389052464,0,24,24,24,9,-28.6569389052464
01-Aug-2026 00:02:00,-136.338424400983,-28.9053346676476,0,24,24,24,9,-28.9053346676476
01-Aug-2026 00:02:02,-135.119506580569,-27.6864168472336,0,24,24,24,10,-27.6864168472336
01-Aug-2026 00:02:04,-137.966447452397,-30.5333577190617,0,23,23,23,8,-28.3130774372854
01-Aug-2026 00:02:06,-137.939184685928,-30.5060949525924,0,23,23,23,7,-28.2879057081384
01-Aug-2026 00:02:08,-138.46527864115,-31.0321889078149,0,23,23,23,7,-28.4633018236769
01-Aug-2026 00:02:10,-139.46763809856,-32.0345483652245,0,23,23,23,6,-28.7836424463135
01-Aug-2026 00:02:12,-140.360660632059,-32.927570898724,0,23,23,23,7,-26.5313625686804
01-Aug-2026 00:02:14,-139.82545071138,-32.3923609780446,0,23,23,23,8,-26.5315132929601
01-Aug-2026 00:02:16,-139.532371953232,-32.0992822198965,0,23,23,23,8,-26.4107100650321
01-Aug-2026 00:02:18,-139.836886198427,-32.4037964650913,0,23,23,23,7,-26.3357413161715
01-Aug-2026 00:02:20,-140.014737032528,-32.5816472991926,0,23,23,23,7,-26.207446706446
01-Aug-2026 00:02:22,-140.170160393577,-32.7370706602413,0,23,23,23,9,-26.9180816010179
01-Aug-2026 00:02:24,-140.427911489068,-32.9948217557323,0,23,23,23,11,-26.5878137393644
01-Aug-2026 00:02:26,-140.645480550626,-33.212390817291,0,23,23,23,11,-25.0554541663041
01-Aug-2026 00:02:28,-141.377960094179,-33.9448703608438,0,24,24,24,13,-25.7461311998304
01-Aug-2026 00:02:30,-149.398039389343,-41.9649496560083,0,24,24,24,11,-26.1417080478137
01-Aug-2026 00:02:32,-148.889582121114,-41.456492387779,0,25,25,25,11,-25.5494800730212
01-Aug-2026 00:02:34,-148.26409383174,-40.8310040984045,0,25,25,25,12,-24.3188842404578
01-Aug-2026 00:02:36,-147.480897470234,-40.0478077368984,0,25,25,25,12,-24.2058557663251
01-Aug-2026 00:02:38,-147.681648874371,-40.2485591410362,0,25,25,25,12,-23.8821806569828
01-Aug-2026 00:02:40,-147.571725687676,-40.1386359543412,0,25,25,25,13,-21.7098714507931
01-Aug-2026 00:02:42,-147.393340795267,-39.9602510619322,0,24,24,24,13,-21.0481436814236
01-Aug-2026 00:02:44,-147.983085305647,-40.549995572312,0,24,24,24,12,-20.1162879284833
01-Aug-2026 00:02:46,-147.700554279347,-40.2674645460115,0,24,24,24,10,-20.1337222670024
01-Aug-2026 00:02:48,-147.114938289371,-39.681848556036,0,25,25,25,10,-19.681565436835
01-Aug-2026 00:02:50,-146.832982025417,-39.399892292082,0,25,25,25,12,-19.5922560498845
01-Aug-2026 00:02:52,-141.988011314888,-34.5549215815529,0,25,25,25,13,-18.9846453583299
01-Aug-2026 00:02:54,-141.337928746738,-33.9048390134031,0,25,25,25,13,-19.5238680749171
01-Aug-2026 00:02:56,-146.294742222814,-38.8616524894785,0,25,25,25,12,-19.4049944356048
01-Aug-2026 00:02:58,-145.636100408717,-38.2030106753818,0,26,26,26,14,-19.6131031690252
01-Aug-2026 00:03:00,-144.69783815273,-37.264748419395,0,26,26,26,12,-21.5751488919248
01-Aug-2026 00:03:02,-145.62551010763,-38.1924203742947,0,26,26,26,13,-21.0994929944265
01-Aug-2026 00:03:04,-145.74402119065,-38.3109314573148,0,26,26,26,10,-21.4081942606847
01-Aug-2026 00:03:06,-145.038977714657,-37.6058879813218,0,26,26,26,10,-21.7224366216153
01-Aug-2026 00:03:08,-156.669378792977,-49.236289059642,0,26,26,26,6,-33.6940734361737
01-Aug-2026 00:03:10,-156.764195509701,-49.3311057763654,0,26,26,26,6,-34.5760108998293
01-Aug-2026 00:03:12,-157.058340714341,-49.6252509810059,0,26,26,26,6,-35.093302921677
01-Aug-2026 00:03:14,-143.508249516732,-36.0751597833965,0,26,26,26,4,-36.0751597833965
01-Aug-2026 00:03:16,-144.474409583907,-37.0413198505715,0,26,26,26,5,-37.0413198505715
01-Aug-2026 00:03:18,-145.416581556758,-37.9834918234226,0,25,25,25,5,-37.9834918234226
01-Aug-2026 00:03:20,-147.07684493617,-39.6437552028347,0,25,25,25,6,-39.6437552028347
01-Aug-2026 00:03:22,-147.06879931945,-39.6357095861152,0,25,25,25,7,-39.6357095861152
01-Aug-2026 00:03:24,-147.971517765125,-40.5384280317894,0,24,24,24,7,-40.5384280317894
01-Aug-2026 00:03:26,-148.103238291923,-40.6701485585874,0,24,24,24,8,-40.6701485585874
01-Aug-2026 00:03:28,-147.476114253139,-40.0430245198039,0,24,24,24,10,-40.0430245198039
01-Aug-2026 00:03:30,-155.043425977004,-47.6103362436685,0,25,25,25,8,-47.6103362436685
01-Aug-2026 00:03:32,-155.340936330234,-47.9078465968992,0,25,25,25,8,-47.9078465968992
01-Aug-2026 00:03:34,-151.164550273001,-43.7314605396658,0,25,25,25,8,-43.7314605396658
01-Aug-2026 00:03:36,-151.148427151647,-43.715337418312,0,25,25,25,8,-43.715337418312
01-Aug-2026 00:03:38,-151.030485718919,-43.5973959855837,0,25,25,25,10,-43.5973959855837
01-Aug-2026 00:03:40,-150.650059946236,-43.216970212901,0,25,25,25,9,-43.216970212901
01-Aug-2026 00:03:42,-150.992808751487,-43.5597190181518,0,25,25,25,9,-43.5597190181518
01-Aug-2026 00:03:44,-147.315299317489,-39.8822095841535,0,25,25,25,11,-39.8822095841535
01-Aug-2026 00:03:46,-147.383625846287,-39.9505361129521,0,25,25,25,12,-39.9505361129521
01-Aug-2026 00:03:48,-147.514178259677,-40.0810885263416,0,25,25,25,12,-40.0810885263416
01-Aug-2026 00:03:50,-147.380121642805,-39.9470319094699,0,24,24,24,12,-39.9470319094699
01-Aug-2026 00:03:52,-151.29593791954,-43.8628481862044,0,24,24,24,12,-43.8628481862044
01-Aug-2026 00:03:54,-151.072888515204,-43.6397987818685,0,24,24,24,12,-43.6397987818685
01-Aug-2026 00:03:56,-147.015595762557,-39.5825060292223,0,24,24,24,12,-39.5825060292223
01-Aug-2026 00:03:58,-146.978435208071,-39.5453454747356,0,24,24,24,13,-39.5453454747356
01-Aug-2026 00:04:00,-147.074847995068,-39.6417582617325,0,24,24,24,12,-39.6417582617325
01-Aug-2026 00:04:02,-146.733922510174,-39.3008327768386,0,26,26,26,10,-39.3008327768386
01-Aug-2026 00:04:04,-146.56982974992,-39.1367400165845,0,26,26,26,11,-39.1367400165845
01-Aug-2026 00:04:06,-146.568519632817,-39.1354298994817,0,25,25,25,10,-39.1354298994817
01-Aug-2026 00:04:08,-147.295727334754,-39.8626376014189,0,25,25,25,9,-39.8626376014189
01-Aug-2026 00:04:10,-147.19704385964,-39.7639541263046,0,25,25,25,9,-39.7639541263046
01-Aug-2026 00:04:12,-150.468269798571,-43.0351800652362,0,25,25,25,11,-43.0351800652362
01-Aug-2026 00:04:14,-150.544983957377,-43.1118942240423,0,25,25,25,11,-43.1118942240423
01-Aug-2026 00:04:16,-149.657915995985,-42.2248262626501,0,25,25,25,13,-42.2248262626501
01-Aug-2026 00:04:18,-150.641871272777,-43.2087815394421,0,25,25,25,12,-43.2087815394421
01-Aug-2026 00:04:20,-152.707462120537,-45.274372387202,0,25,25,25,11,-45.274372387202
01-Aug-2026 00:04:22,-146.277594679351,-38.8445049460158,0,25,25,25,12,-38.8445049460158
01-Aug-2026 00:04:24,-146.942350728012,-39.5092609946767,0,25,25,25,13,-39.5092609946767
01-Aug-2026 00:04:26,-146.906437068537,-39.4733473352014,0,24,24,24,13,-39.4733473352014
01-Aug-2026 00:04:28,-147.147964804264,-39.7148750709292,0,24,24,24,15,-39.7148750709292
01-Aug-2026 00:04:30,-146.968391477204,-39.535301743869,0,24,24,24,15,-39.535301743869
01-Aug-2026 00:04:32,-151.887607456402,-44.4545177230671,0,24,24,24,13,-44.4545177230671
01-Aug-2026 00:04:34,-152.142489722982,-44.7093999896473,0,24,24,24,13,-44.7093999896473
01-Aug-2026 00:04:36,-151.429348876229,-43.9962591428936,0,24,24,24,13,-43.9962591428936
01-Aug-2026 00:04:38,-150.606800911099,-43.1737111777642,0,23,23,23,14,-43.1737111777642
01-Aug-2026 00:04:40,-150.795409633887,-43.3623199005522,0,23,23,23,15,-43.3623199005522
01-Aug-2026 00:04:42,-150.911673909506,-43.4785841761712,0,23,23,23,14,-43.4785841761712
01-Aug-2026 00:04:44,-150.946185582164,-43.5130958488288,0,23,23,23,13,-43.5130958488288
01-Aug-2026 00:04:46,-150.643810266867,-43.2107205335316,0,23,23,23,13,-43.2107205335316
01-Aug-2026 00:04:48,-150.650778704904,-43.2176889715692,0,22,22,22,13,-43.2176889715692
01-Aug-2026 00:04:50,-150.764327839831,-43.3312381064961,0,22,22,22,13,-43.3312381064961
01-Aug-2026 00:04:52,-150.874833794455,-43.4417440611199,0,22,22,22,14,-43.4417440611199
01-Aug-2026 00:04:54,-150.832281535545,-43.3991918022102,0,22,22,22,11,-43.3991918022102
01-Aug-2026 00:04:56,-150.878536837749,-43.4454471044134,0,22,22,22,10,-43.4454471044134
01-Aug-2026 00:04:58,-151.392996188172,-43.9599064548372,0,22,22,22,10,-43.9599064548372
01-Aug-2026 00:05:00,-151.436631848311,-44.0035421149755,0,22,22,22,11,-44.0035421149755
01-Aug-2026 00:05:02,-151.176562925559,-43.743473192224,0,22,22,22,13,-43.743473192224
01-Aug-2026 00:05:04,-151.242278969799,-43.8091892364636,0,22,22,22,13,-43.8091892364636
01-Aug-2026 00:05:06,-150.672881586679,-43.2397918533435,0,22,22,22,12,-43.2397918533435
01-Aug-2026 00:05:08,-150.29768700122,-42.8645972678848,0,22,22,22,12,-42.8645972678848
01-Aug-2026 00:05:10,-148.004938882134,-40.571849148799,0,22,22,22,10,-40.571849148799
01-Aug-2026 00:05:12,-147.6449560786,-40.2118663452648,0,22,22,22,10,-40.2118663452648
01-Aug-2026 00:05:14,-147.32471637193,-39.8916266385952,0,22,22,22,10,-39.8916266385952
01-Aug-2026 00:05:16,-147.312338677054,-39.8792489437187,0,22,22,22,8,-39.8792489437187
01-Aug-2026 00:05:18,-148.376025094037,-40.9429353607018,0,22,22,22,8,-40.9429353607018
01-Aug-2026 00:05:20,-148.964072821599,-41.5309830882637,0,22,22,22,8,-41.5309830882637
01-Aug-2026 00:05:22,-148.55991847905,-41.1268287457149,0,22,22,22,9,-41.1268287457149
01-Aug-2026 00:05:24,-147.9101993565,-40.4771096231652,0,22,22,22,10,-40.4771096231652
01-Aug-2026 00:05:26,-147.207822981335,-39.7747332479999,0,23,23,23,11,-39.7747332479999
01-Aug-2026 00:05:28,-144.778384927581,-37.3452951942458,0,23,23,23,12,-37.3452951942458
01-Aug-2026 00:05:30,-145.03972375625,-37.606634022915,0,23,23,23,11,-37.606634022915
01-Aug-2026 00:05:32,-145.185668898071,-37.7525791647362,0,23,23,23,11,-37.7525791647362
01-Aug-2026 00:05:34,-145.206817725404,-37.7737279920688,0,23,23,23,11,-37.7737279920688
01-Aug-2026 00:05:36,-144.986743127993,-37.5536533946582,0,23,23,23,11,-37.5536533946582
01-Aug-2026 00:05:38,-144.94684728328,-37.5137575499444,0,23,23,23,11,-37.5137575499444
01-Aug-2026 00:05:40,-149.237724411923,-41.8046346785878,0,23,23,23,10,-41.8046346785878
01-Aug-2026 00:05:42,-149.51485062034,-42.081760887005,0,23,23,23,10,-42.081760887005
01-Aug-2026 00:05:44,-149.121758441892,-41.6886687085568,0,24,24,24,12,-41.6886687085568
01-Aug-2026 00:05:46,-150.366478263038,-42.9333885297027,0,24,24,24,10,-42.9333885297027
01-Aug-2026 00:05:48,-150.559342795745,-43.1262530624101,0,24,24,24,10,-43.1262530624101
01-Aug-2026 00:05:50,-138.187301846043,-30.7542121127078,0,24,24,24,11,-30.7542121127078
01-Aug-2026 00:05:52,-137.571492984198,-30.1384032508632,0,24,24,24,9,-30.1384032508632
01-Aug-2026 00:05:54,-136.094043803874,-28.660954070539,0,24,24,24,9,-28.660954070539
01-Aug-2026 00:05:56,-135.960261878374,-28.5271721450389,0,24,24,24,8,-28.5271721450389
01-Aug-2026 00:05:58,-135.876726285004,-28.4436365516686,0,23,23,23,7,-28.4436365516686
01-Aug-2026 00:06:00,-135.427688955849,-27.9945992225134,0,23,23,23,9,-27.9945992225134
01-Aug-2026 00:06:02,-135.550830125643,-28.1177403923078,0,23,23,23,8,-28.1177403923078
01-Aug-2026 00:06:04,-135.570714178983,-28.1376244456483,0,23,23,23,8,-28.1376244456483
01-Aug-2026 00:06:06,-135.126632515221,-27.6935427818856,0,23,23,23,8,-27.6935427818856
01-Aug-2026 00:06:08,-134.222318337684,-26.7892286043486,0,23,23,23,8,-26.7892286043486
01-Aug-2026 00:06:10,-142.335556131329,-34.9024663979938,0,23,23,23,8,-26.1002706469175
01-Aug-2026 00:06:12,-142.903769578039,-35.470679844704,0,24,24,24,9,-26.3269958701825
01-Aug-2026 00:06:14,-154.330234355778,-46.8971446224426,0,24,24,24,10,-26.7481010930471
01-Aug-2026 00:06:16,-157.491253581342,-50.0581638480064,0,25,25,25,10,-26.7881571078798
01-Aug-2026 00:06:18,-157.288634040916,-49.8555443075812,0,25,25,25,10,-26.5644812014118
01-Aug-2026 00:06:20,-157.839711629318,-50.4066218959828,0,25,25,25,9,-26.1932129103747
01-Aug-2026 00:06:22,-157.825117233784,-50.3920275004485,0,25,25,25,10,-25.2098307888285
01-Aug-2026 00:06:24,-157.606125771844,-50.1730360385085,0,25,25,25,10,-24.3657375003936
01-Aug-2026 00:06:26,-157.891760144618,-50.4586704112826,0,25,25,25,10,-23.0438840446733
01-Aug-2026 00:06:28,-146.114967112452,-38.6818773791173,0,25,25,25,12,-22.4083502140953
01-Aug-2026 00:06:30,-146.194428577158,-38.7613388438224,0,25,25,25,14,-21.6887104587885
01-Aug-2026 00:06:32,-145.985331737367,-38.5522420040314,0,24,24,24,14,-21.158379142991
01-Aug-2026 00:06:34,-145.944257489379,-38.5111677560438,0,24,24,24,15,-20.9226034462373
01-Aug-2026 00:06:36,-145.764901079816,-38.3318113464812,0,24,24,24,14,-20.3148967627567
01-Aug-2026 00:06:38,-145.453038916468,-38.0199491831327,0,24,24,24,15,-20.1716340672411
01-Aug-2026 00:06:40,-145.745626633397,-38.3125369000618,0,25,25,25,15,-19.6240523121739
01-Aug-2026 00:06:42,-145.66687465993,-38.2337849265951,0,25,25,25,15,-18.7393417373011
01-Aug-2026 00:06:44,-145.774681587485,-38.34159185415,0,25,25,25,16,-18.2824525074579
01-Aug-2026 00:06:46,-145.912604246908,-38.4795145135731,0,25,25,25,15,-17.6234699975282
01-Aug-2026 00:06:48,-145.611481236572,-38.1783915032368,0,26,26,26,17,-17.7583678102781
01-Aug-2026 00:06:50,-145.6974842551,-38.2643945217651,0,26,26,26,14,-38.2643945217651
01-Aug-2026 00:06:52,-144.979635263526,-37.5465455301911,0,26,26,26,14,-37.5465455301911
01-Aug-2026 00:06:54,-144.882204552026,-37.4491148186905,0,26,26,26,14,-37.4491148186905
01-Aug-2026 00:06:56,-144.898606219008,-37.4655164856732,0,26,26,26,14,-37.4655164856732
01-Aug-2026 00:06:58,-144.013167422921,-36.5800776895857,0,26,26,26,15,-36.5800776895857
01-Aug-2026 00:07:00,-144.317395935069,-36.8843062017339,0,26,26,26,15,-31.599135841506
01-Aug-2026 00:07:02,-139.412944947139,-31.9798552138036,0,26,26,26,15,-31.9798552138036
01-Aug-2026 00:07:04,-140.038852623593,-32.6057628902582,0,26,26,26,14,-32.6057628902582
01-Aug-2026 00:07:06,-140.328473070814,-32.8953833374788,0,26,26,26,13,-32.8953833374788
01-Aug-2026 00:07:08,-140.114450642283,-32.6813609089481,0,25,25,25,11,-32.6813609089481
01-Aug-2026 00:07:10,-139.964210120995,-32.5311203876601,0,25,25,25,13,-32.5311203876601
01-Aug-2026 00:07:12,-140.033399642204,-32.6003099088693,0,25,25,25,13,-32.6003099088693
01-Aug-2026 00:07:14,-140.192948070063,-32.7598583367283,0,25,25,25,13,-32.7598583367283
01-Aug-2026 00:07:16,-123.476488542482,-16.0433988091465,0,24,24,24,11,-16.0433988091465
01-Aug-2026 00:07:18,-123.722373177709,-16.2892834443743,0,24,24,24,11,-16.2892834443743
01-Aug-2026 00:07:20,-124.582502154368,-17.1494124210327,0,25,25,25,11,-17.1494124210327
01-Aug-2026 00:07:22,-126.011098186354,-18.5780084530193,0,25,25,25,8,-18.5780084530193
01-Aug-2026 00:07:24,-126.781830085111,-19.3487403517759,0,25,25,25,9,-19.3487403517759
01-Aug-2026 00:07:26,-127.688260658987,-20.2551709256523,0,25,25,25,9,-20.2551709256523
01-Aug-2026 00:07:28,-140.916754038411,-33.4836643050757,0,25,25,25,8,-33.4836643050757
01-Aug-2026 00:07:30,-139.518874532957,-32.0857847996219,0,25,25,25,11,-32.0857847996219
01-Aug-2026 00:07:32,-139.780035033791,-32.3469453004558,0,25,25,25,11,-32.3469453004558
01-Aug-2026 00:07:34,-139.780383443067,-32.347293709732,0,25,25,25,10,-32.347293709732
01-Aug-2026 00:07:36,-139.97968275853,-32.5465930251952,0,25,25,25,9,-32.5465930251952
01-Aug-2026 00:07:38,-140.478642386655,-33.0455526533196,0,24,24,24,7,-33.0455526533196
01-Aug-2026 00:07:40,-140.058499712064,-32.6254099787288,0,24,24,24,7,-32.6254099787288
01-Aug-2026 00:07:42,-140.318879792098,-32.8857900587624,0,24,24,24,7,-32.8857900587624
01-Aug-2026 00:07:44,-139.177228755713,-31.7441390223774,0,24,24,24,8,-31.7441390223774
01-Aug-2026 00:07:46,-139.670089494715,-32.2369997613796,0,23,23,23,7,-32.2369997613796
01-Aug-2026 00:07:48,-139.998688072379,-32.5655983390438,0,23,23,23,6,-32.5655983390438
01-Aug-2026 00:07:50,-141.044167040493,-33.6110773071578,0,23,23,23,5,-33.6110773071578
01-Aug-2026 00:07:52,-141.319590526022,-33.8865007926868,0,23,23,23,6,-33.8865007926868
01-Aug-2026 00:07:54,-141.992781407648,-34.5596916743129,0,24,24,24,6,-34.5596916743129
01-Aug-2026 00:07:56,-143.221712741498,-35.7886230081628,0,24,24,24,6,-35.7886230081628
01-Aug-2026 00:07:58,-143.020584337747,-35.5874946044121,0,24,24,24,7,-35.5874946044121
01-Aug-2026 00:08:00,-144.422117997426,-36.9890282640909,0,24,24,24,6,-36.9890282640909
01-Aug-2026 00:08:02,-144.790996118697,-37.3579063853622,0,24,24,24,7,-37.3579063853622
01-Aug-2026 00:08:04,-145.884003275157,-38.4509135418215,0,24,24,24,6,-38.4509135418215
01-Aug-2026 00:08:06,-145.777835320447,-38.344745587112,0,24,24,24,6,-38.344745587112
01-Aug-2026 00:08:08,-146.310027475685,-38.8769377423495,0,24,24,24,6,-38.8769377423495
01-Aug-2026 00:08:10,-147.37423886626,-39.9411491329246,0,24,24,24,6,-39.9411491329246
01-Aug-2026 00:08:12,-145.287260853432,-37.8541711200965,0,24,24,24,8,-37.8541711200965
01-Aug-2026 00:08:14,-144.880126912835,-37.4470371794997,0,23,23,23,9,-37.4470371794997
01-Aug-2026 00:08:16,-145.360722100397,-37.9276323670614,0,23,23,23,9,-37.9276323670614
01-Aug-2026 00:08:18,-145.40406266063,-37.9709729272944,0,23,23,23,9,-37.9709729272944
01-Aug-2026 00:08:20,-141.779284237102,-34.3461945037666,0,23,23,23,10,-34.3461945037666
01-Aug-2026 00:08:22,-141.14223295639,-33.7091432230547,0,23,23,23,10,-33.7091432230547
01-Aug-2026 00:08:24,-141.534177077727,-34.101087344392,0,23,23,23,10,-34.101087344392
01-Aug-2026 00:08:26,-141.208784842238,-33.7756951089024,0,23,23,23,9,-33.7756951089024
01-Aug-2026 00:08:28,-141.136516376946,-33.7034266436106,0,22,22,22,10,-33.7034266436106
01-Aug-2026 00:08:30,-145.865166162503,-38.4320764291677,0,22,22,22,12,-38.4320764291677
01-Aug-2026 00:08:32,-154.65956849499,-47.2264787616546,0,21,21,21,11,-47.2264787616546
01-Aug-2026 00:08:34,-154.350757058047,-46.9176673247117,0,22,22,22,11,-46.9176673247117
01-Aug-2026 00:08:36,-143.731998816855,-36.2989090835196,0,22,22,22,11,-36.2989090835196
01-Aug-2026 00:08:38,-143.501913787259,-36.0688240539236,0,22,22,22,11,-36.0688240539236
01-Aug-2026 00:08:40,-129.173578527192,-21.7404887938563,0,22,22,22,10,-21.7404887938563
01-Aug-2026 00:08:42,-133.782039402355,-26.3489496690202,0,22,22,22,11,-26.3489496690202
01-Aug-2026 00:08:44,-137.895106966594,-30.4620172332585,0,22,22,22,11,-30.4620172332585
01-Aug-2026 00:08:46,-146.583526884387,-39.150437151052,0,22,22,22,13,-39.150437151052
01-Aug-2026 00:08:48,-146.74586526948,-39.3127755361451,0,22,22,22,14,-39.3127755361451
01-Aug-2026 00:08:50,-146.736738639407,-39.3036489060715,0,22,22,22,15,-39.3036489060715
01-Aug-2026 00:08:52,-144.778403028232,-37.3453132948972,0,22,22,22,15,-37.3453132948972
01-Aug-2026 00:08:54,-144.523559995541,-37.0904702622057,0,22,22,22,15,-37.0904702622057
01-Aug-2026 00:08:56,-145.16828806455,-37.7351983312149,0,22,22,22,15,-37.7351983312149
01-Aug-2026 00:08:58,-146.527833717058,-39.0947439837232,0,22,22,22,14,-39.0947439837232
01-Aug-2026 00:09:00,-146.440689751663,-39.0076000183279,0,22,22,22,16,-39.0076000183279
01-Aug-2026 00:09:02,-147.303905921354,-39.870816188019,0,22,22,22,14,-39.870816188019
01-Aug-2026 00:09:04,-147.182617295104,-39.7495275617688,0,22,22,22,13,-39.7495275617688
01-Aug-2026 00:09:06,-146.180001374637,-38.7469116413016,0,22,22,22,13,-38.7469116413016
01-Aug-2026 00:09:08,-138.258816653352,-30.8257269200168,0,22,22,22,15,-30.8257269200168
01-Aug-2026 00:09:10,-138.606110192097,-31.1730204587622,0,23,23,23,15,-31.1730204587622
01-Aug-2026 00:09:12,-138.752766088684,-31.3196763553493,0,22,22,22,14,-31.3196763553493
01-Aug-2026 00:09:14,-138.556504059614,-31.1234143262791,0,22,22,22,13,-31.1234143262791
01-Aug-2026 00:09:16,-138.637634551723,-31.2045448183879,0,23,23,23,14,-31.2045448183879
01-Aug-2026 00:09:18,-138.926871272431,-31.4937815390955,0,23,23,23,13,-31.4937815390955
01-Aug-2026 00:09:20,-139.09913750152,-31.6660477681848,0,23,23,23,13,-31.6660477681848
01-Aug-2026 00:09:22,-139.255173925753,-31.8220841924176,0,23,23,23,13,-31.8220841924176
01-Aug-2026 00:09:24,-139.327464262472,-31.8943745291365,0,23,23,23,13,-31.8943745291365
01-Aug-2026 00:09:26,-140.030439207189,-32.5973494738535,0,23,23,23,12,-32.5973494738535
01-Aug-2026 00:09:28,-140.185091896794,-32.7520021634589,0,23,23,23,12,-32.7520021634589
01-Aug-2026 00:09:30,-140.144990990903,-32.7119012575674,0,24,24,24,12,-32.7119012575674
01-Aug-2026 00:09:32,-139.243268517884,-31.810178784549,0,24,24,24,11,-31.810178784549
01-Aug-2026 00:09:34,-139.732395833712,-32.2993061003771,0,24,24,24,13,-32.2993061003771
01-Aug-2026 00:09:36,-139.942217570312,-32.5091278369767,0,24,24,24,13,-32.5091278369767
01-Aug-2026 00:09:38,-140.158642895627,-32.7255531622922,0,24,24,24,13,-32.7255531622922
01-Aug-2026 00:09:40,-140.291068080531,-32.8579783471961,0,24,24,24,13,-32.8579783471961
01-Aug-2026 00:09:42,-140.677983852395,-33.2448941190596,0,24,24,24,12,-33.2448941190596
01-Aug-2026 00:09:44,-142.708226444109,-35.2751367107743,0,24,24,24,11,-33.2306286832684
01-Aug-2026 00:09:46,-143.255298333155,-35.82220859982,0,24,24,24,12,-33.2091753333381
01-Aug-2026 00:09:48,-143.578400527324,-36.1453107939885,0,24,24,24,12,-33.1688174574975
01-Aug-2026 00:09:50,-142.132139025636,-34.6990492923007,0,25,25,25,12,-32.3530349487878
01-Aug-2026 00:09:52,-142.264729840113,-34.8316401067774,0,24,24,24,13,-32.5313758492824
01-Aug-2026 00:09:54,-142.5398247213,-35.1067349879646,0,24,24,24,13,-29.262201075437
01-Aug-2026 00:09:56,-142.066820196295,-34.6337304629598,0,24,24,24,12,-28.6013191178051
01-Aug-2026 00:09:58,-142.020953159093,-34.5878634257583,0,24,24,24,10,-27.5004911607577
01-Aug-2026 00:10:00,-144.956905291846,-37.5238155585112,0,24,24,24,10,-32.8417927207277
01-Aug-2026 00:10:02,-144.862737977388,-37.4296482440524,0,24,24,24,9,-32.5680435073126
01-Aug-2026 00:10:04,-144.461847392557,-37.0287576592218,0,25,25,25,10,-31.8786943549107
01-Aug-2026 00:10:06,-144.229762528345,-36.7966727950099,0,25,25,25,11,-36.7966727950099
01-Aug-2026 00:10:08,-144.603482365862,-37.1703926325273,0,25,25,25,10,-37.1703926325273
01-Aug-2026 00:10:10,-144.881110958211,-37.4480212248755,0,25,25,25,10,-37.4480212248755
01-Aug-2026 00:10:12,-145.333974197207,-37.9008844638715,0,25,25,25,11,-37.9008844638715
01-Aug-2026 00:10:14,-145.192190954153,-37.7591012208179,0,25,25,25,11,-37.7591012208179
01-Aug-2026 00:10:16,-142.137626228526,-34.7045364951906,0,25,25,25,11,-34.7045364951906
01-Aug-2026 00:10:18,-141.937747587899,-34.5046578545633,0,25,25,25,10,-34.5046578545633
01-Aug-2026 00:10:20,-141.909637740422,-34.4765480070871,0,25,25,25,11,-32.2813122653659
01-Aug-2026 00:10:22,-141.731599703334,-34.298509969999,0,25,25,25,10,-32.0385978482481
01-Aug-2026 00:10:24,-141.25999305725,-33.826903323915,0,24,24,24,10,-31.8010869613238
01-Aug-2026 00:10:26,-141.216058281164,-33.7829685478285,0,24,24,24,10,-31.8175513192765
01-Aug-2026 00:10:28,-140.974112623427,-33.5410228900919,0,24,24,24,13,-31.7791880306467
01-Aug-2026 00:10:30,-140.936414969959,-33.5033252366242,0,24,24,24,14,-31.3999781442336
01-Aug-2026 00:10:32,-140.933126307054,-33.5000365737184,0,25,25,25,15,-31.4002017785042
01-Aug-2026 00:10:34,-141.10572828905,-33.6726385557149,0,25,25,25,16,-31.5079622796617
01-Aug-2026 00:10:36,-141.035304651507,-33.6022149181721,0,25,25,25,16,-31.745528354272
01-Aug-2026 00:10:38,-140.767769468851,-33.3346797355154,0,26,26,26,16,-31.7809738233659
01-Aug-2026 00:10:40,-140.646961423314,-33.2138716899785,0,26,26,26,15,-32.2351550002786
01-Aug-2026 00:10:42,-141.525980263122,-34.0928905297871,0,26,26,26,14,-32.8507209629558
01-Aug-2026 00:10:44,-141.274394630236,-33.8413048969003,0,26,26,26,13,-32.6198808396223
01-Aug-2026 00:10:46,-141.422293641369,-33.9892039080334,0,26,26,26,12,-32.9099062685706
01-Aug-2026 00:10:48,-141.095591177793,-33.6625014444579,0,26,26,26,11,-33.6625014444579
01-Aug-2026 00:10:50,-141.09757910499,-33.664489371655,0,26,26,26,11,-33.664489371655
01-Aug-2026 00:10:52,-142.459187147194,-35.026097413859,0,26,26,26,11,-35.026097413859
01-Aug-2026 00:10:54,-143.244192880647,-35.8111031473123,0,26,26,26,11,-35.8111031473123
01-Aug-2026 00:10:56,-142.683585623144,-35.2504958898091,0,26,26,26,10,-35.2504958898091
01-Aug-2026 00:10:58,-146.99926169669,-39.5661719633545,0,25,25,25,11,-39.5661719633545
01-Aug-2026 00:11:00,-146.50261095668,-39.0695212233444,0,25,25,25,10,-39.0695212233444
01-Aug-2026 00:11:02,-147.275714498357,-39.8426247650218,0,25,25,25,10,-39.8426247650218
01-Aug-2026 00:11:04,-147.613869477746,-40.1807797444108,0,25,25,25,14,-40.1807797444108
01-Aug-2026 00:11:06,-142.368606708046,-34.9355169747111,0,25,25,25,13,-34.9355169747111
01-Aug-2026 00:11:08,-128.937442161807,-21.5043524284722,0,24,24,24,13,-21.5043524284722
01-Aug-2026 00:11:10,-129.340868339284,-21.9077786059491,0,24,24,24,12,-21.9077786059491
01-Aug-2026 00:11:12,-129.973331961673,-22.5402422283375,0,25,25,25,13,-22.5402422283375
01-Aug-2026 00:11:14,-130.674116604282,-23.2410268709473,0,25,25,25,12,-23.2410268709473
01-Aug-2026 00:11:16,-130.970554026061,-23.5374642927262,0,25,25,25,13,-23.5374642927262
01-Aug-2026 00:11:18,-131.547223075205,-24.1141333418703,0,25,25,25,11,-24.1141333418703
01-Aug-2026 00:11:20,-132.346450082526,-24.9133603491911,0,25,25,25,12,-24.9133603491911
01-Aug-2026 00:11:22,-133.240090330424,-25.8070005970883,0,25,25,25,12,-25.8070005970883
01-Aug-2026 00:11:24,-133.858083197647,-26.4249934643119,0,24,24,24,12,-26.4249934643119
01-Aug-2026 00:11:26,-134.271164264122,-26.8380745307868,0,23,23,23,13,-26.8380745307868
01-Aug-2026 00:11:28,-138.986642803085,-31.5535530697494,0,23,23,23,13,-31.5535530697494
01-Aug-2026 00:11:30,-140.257032735628,-32.8239430022933,0,23,23,23,12,-32.8239430022933
01-Aug-2026 00:11:32,-140.382567171995,-32.9494774386595,0,23,23,23,13,-32.9494774386595
01-Aug-2026 00:11:34,-140.216118682482,-32.7830289491469,0,23,23,23,12,-32.7830289491469
01-Aug-2026 00:11:36,-138.165596286703,-30.7325065533674,0,23,23,23,14,-30.7325065533674
01-Aug-2026 00:11:38,-137.550380638917,-30.1172909055823,0,23,23,23,14,-30.1172909055823
01-Aug-2026 00:11:40,-136.887731595574,-29.4546418622388,0,23,23,23,14,-29.4546418622388
01-Aug-2026 00:11:42,-137.14014675649,-29.7070570231548,0,23,23,23,14,-29.7070570231548
01-Aug-2026 00:11:44,-136.724648646437,-29.2915589131018,0,23,23,23,13,-29.2915589131018
01-Aug-2026 00:11:46,-136.011404635096,-28.5783149017612,0,23,23,23,13,-28.5783149017612
01-Aug-2026 00:11:48,-135.21156503852,-27.7784753051847,0,24,24,24,13,-27.7784753051847
01-Aug-2026 00:11:50,-135.372088309772,-27.9389985764368,0,24,24,24,11,-27.9389985764368
01-Aug-2026 00:11:52,-135.632456066104,-28.1993663327683,0,24,24,24,11,-28.1993663327683
01-Aug-2026 00:11:54,-134.968850679668,-27.5357609463327,0,24,24,24,9,-27.5357609463327
01-Aug-2026 00:11:56,-128.064676150383,-20.6315864170479,0,24,24,24,9,-20.6315864170479
01-Aug-2026 00:11:58,-129.825974428494,-22.3928846951586,0,24,24,24,9,-22.3928846951586
01-Aug-2026 00:12:00,-130.675223119824,-23.2421333864884,0,23,23,23,9,-23.2421333864884
01-Aug-2026 00:12:02,-130.514505962433,-23.0814162290978,0,23,23,23,12,-23.0814162290978
01-Aug-2026 00:12:04,-130.336792763228,-22.9037030298927,0,23,23,23,11,-22.9037030298927
01-Aug-2026 00:12:06,-130.400356748732,-22.9672670153964,0,23,23,23,10,-22.9672670153964
01-Aug-2026 00:12:08,-129.486454517715,-22.0533647843799,0,23,23,23,10,-22.0533647843799
01-Aug-2026 00:12:10,-143.424702028628,-35.9916122952923,0,23,23,23,10,-35.9916122952923
01-Aug-2026 00:12:12,-143.342230932374,-35.9091411990392,0,23,23,23,10,-35.9091411990392
01-Aug-2026 00:12:14,-143.43287081278,-35.9997810794447,0,23,23,23,11,-35.9997810794447
01-Aug-2026 00:12:16,-143.474318501998,-36.0412287686626,0,22,22,22,9,-36.0412287686626
01-Aug-2026 00:12:18,-144.781587969225,-37.3484982358899,0,23,23,23,10,-37.3484982358899
01-Aug-2026 00:12:20,-144.926043407749,-37.492953674414,0,23,23,23,9,-37.492953674414
01-Aug-2026 00:12:22,-144.76550954795,-37.3324198146145,0,22,22,22,9,-37.3324198146145
01-Aug-2026 00:12:24,-144.646313284564,-37.2132235512291,0,22,22,22,10,-37.2132235512291
01-Aug-2026 00:12:26,-148.790928301379,-41.3578385680439,0,23,23,23,10,-41.3578385680439
01-Aug-2026 00:12:28,-148.503104692061,-41.0700149587263,0,23,23,23,10,-41.0700149587263
01-Aug-2026 00:12:30,-149.921023309648,-42.4879335763132,0,23,23,23,10,-42.4879335763132
01-Aug-2026 00:12:32,-150.574991002485,-43.1419012691497,0,23,23,23,9,-43.1419012691497
01-Aug-2026 00:12:34,-150.218709673061,-42.7856199397259,0,23,23,23,8,-42.7856199397259
01-Aug-2026 00:12:36,-149.973855949327,-42.5407662159922,0,23,23,23,7,-42.5407662159922
01-Aug-2026 00:12:38,-150.463990226675,-43.0309004933395,0,23,23,23,7,-43.0309004933395
01-Aug-2026 00:12:40,-150.413102383266,-42.9800126499308,0,23,23,23,10,-42.9800126499308
01-Aug-2026 00:12:42,-148.916073233997,-41.4829835006622,0,23,23,23,10,-41.4829835006622
01-Aug-2026 00:12:44,-150.698961562783,-43.2658718294476,0,23,23,23,9,-43.2658718294476
01-Aug-2026 00:12:46,-150.431231634435,-42.9981419010997,0,23,23,23,9,-42.9981419010997
01-Aug-2026 00:12:48,-150.737211962129,-43.3041222287936,0,23,23,23,10,-43.3041222287936
01-Aug-2026 00:12:50,-149.642036600533,-42.2089468671976,0,23,23,23,9,-42.2089468671976
01-Aug-2026 00:12:52,-149.563938551722,-42.1308488183871,0,23,23,23,9,-42.1308488183871
01-Aug-2026 00:12:54,-147.555701925401,-40.1226121920656,0,23,23,23,8,-40.1226121920656
01-Aug-2026 00:12:56,-146.420365891139,-38.9872761578042,0,23,23,23,9,-38.9872761578042
01-Aug-2026 00:12:58,-146.899711205003,-39.4666214716674,0,24,24,24,8,-39.4666214716674
01-Aug-2026 00:13:00,-146.681671310175,-39.24858157684,0,24,24,24,10,-39.24858157684
01-Aug-2026 00:13:02,-146.465202944981,-39.032113211646,0,23,23,23,10,-39.032113211646
01-Aug-2026 00:13:04,-145.867413279456,-38.434323546121,0,24,24,24,10,-38.434323546121
01-Aug-2026 00:13:06,-145.370817083082,-37.9377273497464,0,24,24,24,10,-37.9377273497464
01-Aug-2026 00:13:08,-144.562537430436,-37.1294476971004,0,24,24,24,10,-37.1294476971004
01-Aug-2026 00:13:10,-145.407051322067,-37.9739615887315,0,24,24,24,10,-37.9739615887315
01-Aug-2026 00:13:12,-145.461104091331,-38.0280143579957,0,24,24,24,10,-38.0280143579957
01-Aug-2026 00:13:14,-144.987739073587,-37.5546493402517,0,24,24,24,10,-37.5546493402517
01-Aug-2026 00:13:16,-140.674747743231,-33.2416580098956,0,24,24,24,11,-33.2416580098956
01-Aug-2026 00:13:18,-140.693220850281,-33.2601311169459,0,25,25,25,11,-33.2601311169459
01-Aug-2026 00:13:20,-140.62517981483,-33.1920900814949,0,25,25,25,13,-33.1920900814949
01-Aug-2026 00:13:22,-140.452203211318,-33.0191134779826,0,25,25,25,13,-33.0191134779826
01-Aug-2026 00:13:24,-140.99940572824,-33.5663159949048,0,25,25,25,13,-33.5663159949048
01-Aug-2026 00:13:26,-140.81495453717,-33.3818648038344,0,25,25,25,13,-33.3818648038344
01-Aug-2026 00:13:28,-141.013506904881,-33.5804171715461,0,25,25,25,14,-33.5804171715461
01-Aug-2026 00:13:30,-141.186310006685,-33.7532202733498,0,26,26,26,16,-33.7532202733498
01-Aug-2026 00:13:32,-141.384015086728,-33.9509253533931,0,26,26,26,15,-33.9509253533931
01-Aug-2026 00:13:34,-141.152635714684,-33.7195459813485,0,26,26,26,16,-33.7195459813485
01-Aug-2026 00:13:36,-141.989302910308,-34.5562131769732,0,26,26,26,15,-33.8349443688781
01-Aug-2026 00:13:38,-137.497014080446,-30.0639243471108,0,26,26,26,16,-24.6403248456209
01-Aug-2026 00:13:40,-137.449513761091,-30.0164240277558,0,26,26,26,17,-22.6407672262833
01-Aug-2026 00:13:42,-136.986437053835,-29.5533473205,0,26,26,26,17,-20.3334143357096
01-Aug-2026 00:13:44,-137.599142194501,-30.1660524611659,0,25,25,25,16,-29.8375471854658
01-Aug-2026 00:13:46,-141.579234212805,-34.1461444794701,0,25,25,25,16,-33.2493851532751
01-Aug-2026 00:13:48,-144.997035641464,-37.5639459081291,0,25,25,25,15,-35.4096684432052
01-Aug-2026 00:13:50,-139.236334747311,-31.803245013976,0,25,25,25,15,-31.0913425916152
01-Aug-2026 00:13:52,-138.81061363091,-31.3775238975748,0,26,26,26,17,-30.6330887350917
01-Aug-2026 00:13:54,-138.498968674496,-31.0658789411611,0,26,26,26,16,-30.397181449483
01-Aug-2026 00:13:56,-139.082211337892,-31.6491216045569,0,26,26,26,15,-30.9611713071865
01-Aug-2026 00:13:58,-138.846767411411,-31.4136776780763,0,26,26,26,16,-28.6272576989346
01-Aug-2026 00:14:00,-139.283588546376,-31.8504988130404,0,26,26,26,16,-31.0505877468591
01-Aug-2026 00:14:02,-138.729895914022,-31.2968061806864,0,26,26,26,16,-30.4644177969294
01-Aug-2026 00:14:04,-138.022905813088,-30.5898160797528,0,26,26,26,16,-29.7760624474984
01-Aug-2026 00:14:06,-136.812639302217,-29.3795495688822,0,26,26,26,16,-28.7372286368065
01-Aug-2026 00:14:08,-135.04355659394,-27.610466860605,0,26,26,26,15,-27.1873466855696
01-Aug-2026 00:14:10,-132.991755491361,-25.5586657580258,0,26,26,26,14,-25.2553346151077
01-Aug-2026 00:14:12,-130.818373059489,-23.3852833261543,0,26,26,26,14,-22.1871930082261
01-Aug-2026 00:14:14,-151.174514222408,-43.7414244890726,0,25,25,25,13,-28.4569046744097
01-Aug-2026 00:14:16,-150.743089391141,-43.3099996578058,0,25,25,25,13,-28.6092065923184
01-Aug-2026 00:14:18,-150.776826305704,-43.3437365723684,0,25,25,25,13,-28.6708794092901
01-Aug-2026 00:14:20,-150.970824940609,-43.5377352072742,0,25,25,25,14,-28.7403297407497
01-Aug-2026 00:14:22,-135.648310416096,-28.215220682761,0,24,24,24,12,-25.3249223328207
01-Aug-2026 00:14:24,-138.621909654221,-31.1888199208856,0,25,25,25,14,-27.047651906722
01-Aug-2026 00:14:26,-142.042594150976,-34.6095044176408,0,25,25,25,16,-28.0992841527018
01-Aug-2026 00:14:28,-144.720726425911,-37.2876366925761,0,26,26,26,17,-28.2340737630317
01-Aug-2026 00:14:30,-146.782511251921,-39.3494215185856,0,26,26,26,18,-29.0397965947003
01-Aug-2026 00:14:32,-147.788737419379,-40.3556476860435,0,26,26,26,16,-29.2122473421588
01-Aug-2026 00:14:34,-148.308688550985,-40.8755988176493,0,26,26,26,16,-29.7064931161842
01-Aug-2026 00:14:36,-148.376189407497,-40.943099674162,0,26,26,26,14,-30.1146643797864
01-Aug-2026 00:14:38,-138.440348563402,-31.0072588300673,0,26,26,26,14,-31.0072588300673
01-Aug-2026 00:14:40,-139.114748369259,-31.6816586359235,0,26,26,26,14,-31.6816586359235
01-Aug-2026 00:14:42,-139.147962291384,-31.7148725580484,0,26,26,26,16,-31.7148725580484
01-Aug-2026 00:14:44,-139.799987360625,-32.3668976272895,0,26,26,26,17,-32.3668976272895
01-Aug-2026 00:14:46,-140.403164434389,-32.9700747010534,0,26,26,26,17,-32.9700747010534
01-Aug-2026 00:14:48,-140.226065097231,-32.7929753638954,0,25,25,25,16,-32.7929753638954
01-Aug-2026 00:14:50,-140.509092538629,-33.0760028052943,0,25,25,25,16,-33.0760028052943
01-Aug-2026 00:14:52,-141.235718418889,-33.8026286855542,0,25,25,25,17,-33.8026286855542
01-Aug-2026 00:14:54,-141.664696136428,-34.2316064030925,0,25,25,25,18,-34.2316064030925
01-Aug-2026 00:14:56,-142.375272428148,-34.9421826948124,0,25,25,25,17,-34.9421826948124
01-Aug-2026 00:14:58,-143.426517838581,-35.993428105246,0,25,25,25,17,-35.993428105246
01-Aug-2026 00:15:00,-143.309206292962,-35.876116559627,0,24,24,24,16,-35.876116559627
01-Aug-2026 00:15:02,-143.396627434977,-35.9635377016413,0,24,24,24,15,-35.9635377016413
01-Aug-2026 00:15:04,-143.892784080525,-36.4596943471902,0,24,24,24,14,-36.4596943471902
01-Aug-2026 00:15:06,-138.865260351406,-31.432170618071,0,24,24,24,15,-31.432170618071
01-Aug-2026 00:15:08,-137.226402009034,-29.7933122756988,0,24,24,24,14,-29.7933122756988
01-Aug-2026 00:15:10,-137.621667251015,-30.1885775176801,0,24,24,24,14,-30.1885775176801
01-Aug-2026 00:15:12,-138.090912964498,-30.6578232311631,0,24,24,24,14,-30.6578232311631
01-Aug-2026 00:15:14,-138.74096909641,-31.3078793630747,0,23,23,23,14,-31.3078793630747
01-Aug-2026 00:15:16,-138.942579344684,-31.5094896113486,0,23,23,23,14,-31.5094896113486
01-Aug-2026 00:15:18,-141.449725519568,-34.0166357862333,0,23,23,23,14,-34.0166357862333
01-Aug-2026 00:15:20,-141.664072507473,-34.2309827741374,0,23,23,23,13,-34.2309827741374
01-Aug-2026 00:15:22,-144.915246184086,-37.4821564507504,0,23,23,23,14,-37.4821564507504
01-Aug-2026 00:15:24,-145.066283945304,-37.6331942119691,0,23,23,23,14,-37.6331942119691
01-Aug-2026 00:15:26,-144.841513626737,-37.4084238934016,0,23,23,23,14,-37.4084238934016
01-Aug-2026 00:15:28,-144.73019994568,-37.2971102123446,0,23,23,23,16,-37.2971102123446
01-Aug-2026 00:15:30,-143.802690116677,-36.3696003833417,0,23,23,23,17,-36.3696003833417
01-Aug-2026 00:15:32,-143.857106358683,-36.424016625348,0,23,23,23,17,-36.424016625348
01-Aug-2026 00:15:34,-147.545381351818,-40.1122916184827,0,23,23,23,17,-40.1122916184827
01-Aug-2026 00:15:36,-147.479150653888,-40.0460609205527,0,23,23,23,15,-40.0460609205527
01-Aug-2026 00:15:38,-147.906806048265,-40.4737163149302,0,24,24,24,16,-40.4737163149302
01-Aug-2026 00:15:40,-148.0577903432,-40.6247006098652,0,24,24,24,15,-40.6247006098652
01-Aug-2026 00:15:42,-149.311048050158,-41.8779583168228,0,25,25,25,16,-41.8779583168228
01-Aug-2026 00:15:44,-149.053364630392,-41.6202748970572,0,25,25,25,16,-41.6202748970572
01-Aug-2026 00:15:46,-149.232626996613,-41.7995372632779,0,25,25,25,16,-41.7995372632779
01-Aug-2026 00:15:48,-149.718059993953,-42.2849702606173,0,24,24,24,12,-42.2849702606173
01-Aug-2026 00:15:50,-147.633451735356,-40.2003620020205,0,24,24,24,13,-40.2003620020205
01-Aug-2026 00:15:52,-147.309598712936,-39.8765089796005,0,24,24,24,13,-39.8765089796005
01-Aug-2026 00:15:54,-147.316981390052,-39.8838916567165,0,24,24,24,13,-39.8838916567165
01-Aug-2026 00:15:56,-144.131108882123,-36.6980191487877,0,24,24,24,15,-36.6980191487877
01-Aug-2026 00:15:58,-144.38546715182,-36.9523774184847,0,24,24,24,14,-36.9523774184847
01-Aug-2026 00:16:00,-143.009411033574,-35.5763213002392,0,24,24,24,14,-35.5763213002392
01-Aug-2026 00:16:02,-141.237283367693,-33.8041936343583,0,24,24,24,14,-33.8041936343583
01-Aug-2026 00:16:04,-138.44344293496,-31.0103532016252,0,23,23,23,14,-31.0103532016252
01-Aug-2026 00:16:06,-135.501546108354,-28.0684563750189,0,23,23,23,15,-28.0684563750189
01-Aug-2026 00:16:08,-132.067779647091,-24.6346899137556,0,23,23,23,14,-24.6346899137556
01-Aug-2026 00:16:10,-127.864803195583,-20.4317134622473,0,22,22,22,13,-20.4317134622473
01-Aug-2026 00:16:12,-127.557769725779,-20.1246799924438,0,22,22,22,14,-20.1246799924438
01-Aug-2026 00:16:14,-128.820481216538,-21.387391483203,0,22,22,22,14,-21.387391483203
01-Aug-2026 00:16:16,-129.294383196183,-21.8612934628474,0,23,23,23,14,-21.8612934628474
01-Aug-2026 00:16:18,-129.140482397449,-21.7073926641139,0,23,23,23,14,-21.7073926641138
01-Aug-2026 00:16:20,-150.060021761624,-42.6269320282892,0,23,23,23,13,-42.6269320282892
01-Aug-2026 00:16:22,-149.576114292545,-42.1430245592098,0,23,23,23,13,-42.1430245592098
01-Aug-2026 00:16:24,-149.512152149954,-42.0790624166193,0,23,23,23,13,-42.0790624166193
01-Aug-2026 00:16:26,-140.986981720634,-33.5538919872985,0,23,23,23,14,-33.5538919872985
01-Aug-2026 00:16:28,-140.606422729532,-33.1733329961965,0,23,23,23,14,-33.1733329961965
01-Aug-2026 00:16:30,-140.334103862617,-32.9010141292821,0,23,23,23,15,-32.9010141292821
01-Aug-2026 00:16:32,-140.143904281561,-32.7108145482259,0,23,23,23,13,-32.7108145482259
01-Aug-2026 00:16:34,-140.37957642497,-32.9464866916352,0,23,23,23,12,-32.9464866916352
01-Aug-2026 00:16:36,-139.985841232898,-32.5527514995633,0,23,23,23,13,-32.5527514995633
01-Aug-2026 00:16:38,-140.125500809875,-32.6924110765394,0,23,23,23,15,-32.6924110765394
01-Aug-2026 00:16:40,-139.936031481655,-32.5029417483195,0,23,23,23,15,-32.5029417483195
01-Aug-2026 00:16:42,-139.585187922604,-32.1520981892692,0,23,23,23,16,-32.1520981892692
01-Aug-2026 00:16:44,-139.018094168515,-31.5850044351797,0,23,23,23,18,-31.5850044351797
01-Aug-2026 00:16:46,-139.071657895771,-31.6385681624362,0,23,23,23,18,-31.6385681624362
01-Aug-2026 00:16:48,-139.493484604533,-32.0603948711976,0,24,24,24,17,-32.0603948711976
01-Aug-2026 00:16:50,-139.008076819986,-31.5749870866504,0,24,24,24,17,-31.5749870866504
01-Aug-2026 00:16:52,-139.278872648838,-31.8457829155027,0,25,25,25,16,-31.8457829155027
01-Aug-2026 00:16:54,-130.601346259049,-23.168256525714,0,24,24,24,16,-23.168256525714
01-Aug-2026 00:16:56,-128.532676522665,-21.0995867893295,0,24,24,24,15,-21.0995867893295
01-Aug-2026 00:16:58,-129.940454868729,-22.5073651353939,0,24,24,24,15,-22.5073651353939
01-Aug-2026 00:17:00,-131.529270640957,-24.0961809076219,0,24,24,24,15,-24.0961809076219
01-Aug-2026 00:17:02,-132.988650452202,-25.5555607188664,0,24,24,24,15,-25.5555607188664
01-Aug-2026 00:17:04,-134.04845112313,-26.6153613897953,0,24,24,24,14,-26.6153613897953
01-Aug-2026 00:17:06,-134.240608511327,-26.8075187779914,0,25,25,25,15,-26.8075187779914
01-Aug-2026 00:17:08,-135.020791803584,-27.5877020702492,0,25,25,25,14,-27.5877020702492
01-Aug-2026 00:17:10,-135.722153269792,-28.2890635364572,0,26,26,26,14,-28.2890635364572
01-Aug-2026 00:17:12,-136.391216489815,-28.9581267564801,0,26,26,26,13,-28.9581267564801
01-Aug-2026 00:17:14,-137.084403701866,-29.6513139685305,0,26,26,26,13,-29.6513139685305
01-Aug-2026 00:17:16,-137.915836860498,-30.4827471271627,0,26,26,26,16,-30.4827471271627
01-Aug-2026 00:17:18,-137.256806309435,-29.8237165761003,0,26,26,26,17,-29.8237165761003
01-Aug-2026 00:17:20,-137.895327837409,-30.4622381040741,0,26,26,26,15,-30.4622381040741
01-Aug-2026 00:17:22,-138.19880979873,-30.7657200653947,0,26,26,26,16,-30.7657200653947
01-Aug-2026 00:17:24,-136.491357298022,-29.0582675646868,0,26,26,26,18,-29.0582675646868
01-Aug-2026 00:17:26,-137.897448047996,-30.4643583146612,0,26,26,26,16,-30.4643583146612
01-Aug-2026 00:17:28,-141.984288326555,-34.5511985932198,0,26,26,26,16,-31.5287633395738
01-Aug-2026 00:17:30,-142.060213749113,-34.6271240157781,0,26,26,26,15,-31.3873414294316
01-Aug-2026 00:17:32,-140.997220524635,-33.5641307912998,0,26,26,26,13,-30.5963470279335
01-Aug-2026 00:17:34,-140.298009878479,-32.8649201451437,0,26,26,26,11,-29.9937423895392
01-Aug-2026 00:17:36,-139.773524263569,-32.3404345302339,0,25,25,25,10,-29.5589230985375
01-Aug-2026 00:17:38,-139.624647211048,-32.1915574777124,0,25,25,25,10,-29.2179293959578
01-Aug-2026 00:17:40,-140.006601204426,-32.5735114710905,0,26,26,26,10,-29.3525457257869
01-Aug-2026 00:17:42,-139.007686045553,-31.5745963122178,0,26,26,26,10,-28.7181320054137
01-Aug-2026 00:17:44,-138.395139527733,-30.9620497943981,0,26,26,26,11,-30.5880649250097
01-Aug-2026 00:17:46,-138.403906485759,-30.9708167524239,0,26,26,26,10,-30.5026695770055
01-Aug-2026 00:17:48,-138.040816204531,-30.6077264711963,0,26,26,26,11,-30.2106007950184
01-Aug-2026 00:17:50,-137.615416085201,-30.1823263518657,0,26,26,26,11,-29.7953377291361
01-Aug-2026 00:17:52,-137.547018648118,-30.1139289147833,0,26,26,26,11,-29.7487163615391
01-Aug-2026 00:17:54,-136.819827531372,-29.3867377980368,0,26,26,26,12,-29.0745455222479
01-Aug-2026 00:17:56,-136.63561790861,-29.2025281752746,0,26,26,26,13,-28.9025777359356
01-Aug-2026 00:17:58,-136.773719365025,-29.34062963169,0,26,26,26,12,-29.34062963169
01-Aug-2026 00:18:00,-137.203697636465,-29.7706079031299,0,26,26,26,11,-29.7706079031299
01-Aug-2026 00:18:02,-136.536272303952,-29.1031825706164,0,26,26,26,13,-29.1031825706164
01-Aug-2026 00:18:04,-136.560189945814,-29.127100212479,0,25,25,25,13,-29.127100212479
01-Aug-2026 00:18:06,-135.73675821083,-28.3036684774946,0,25,25,25,14,-28.3036684774946
01-Aug-2026 00:18:08,-134.919915642831,-27.4868259094958,0,25,25,25,14,-27.4868259094958
01-Aug-2026 00:18:10,-147.013717748989,-39.5806280156534,0,25,25,25,17,-39.5806280156534
01-Aug-2026 00:18:12,-147.001464753244,-39.568375019909,0,25,25,25,16,-39.568375019909
01-Aug-2026 00:18:14,-147.400724451282,-39.9676347179469,0,25,25,25,16,-39.9676347179469
01-Aug-2026 00:18:16,-146.738248206124,-39.3051584727888,0,26,26,26,15,-39.3051584727888
01-Aug-2026 00:18:18,-145.768928397883,-38.3358386645481,0,26,26,26,12,-38.3358386645481
01-Aug-2026 00:18:20,-145.926901811205,-38.4938120778695,0,27,27,27,13,-38.4938120778695
01-Aug-2026 00:18:22,-145.611495442742,-38.1784057094069,0,27,27,27,13,-38.1784057094069
01-Aug-2026 00:18:24,-145.702483635508,-38.2693939021729,0,27,27,27,14,-38.2693939021729
01-Aug-2026 00:18:26,-145.492858271195,-38.0597685378599,0,27,27,27,15,-38.0597685378599
01-Aug-2026 00:18:28,-145.835769298702,-38.402679565367,0,27,27,27,15,-38.402679565367
01-Aug-2026 00:18:30,-145.721079020048,-38.287989286713,0,27,27,27,16,-38.287989286713
01-Aug-2026 00:18:32,-145.743582800956,-38.3104930676209,0,27,27,27,16,-38.3104930676209
01-Aug-2026 00:18:34,-145.502591964069,-38.0695022307334,0,27,27,27,14,-38.0695022307334
01-Aug-2026 00:18:36,-145.231923807477,-37.7988340741416,0,27,27,27,13,-37.7988340741416
01-Aug-2026 00:18:38,-146.894167650742,-39.4610779174064,0,26,26,26,13,-39.4610779174064
01-Aug-2026 00:18:40,-133.728916494752,-26.2958267614165,0,24,24,24,14,-26.2958267614165
01-Aug-2026 00:18:42,-133.879508125165,-26.4464183918301,0,24,24,24,14,-26.4464183918301
01-Aug-2026 00:18:44,-133.266825509385,-25.8337357760501,0,24,24,24,14,-25.8337357760501
01-Aug-2026 00:18:46,-132.626853579126,-25.1937638457909,0,24,24,24,12,-25.1937638457909
01-Aug-2026 00:18:48,-132.182114139147,-24.7490244058121,0,24,24,24,12,-24.7490244058121
01-Aug-2026 00:18:50,-132.66371111116,-25.2306213778247,0,23,23,23,12,-25.2306213778247
01-Aug-2026 00:18:52,-133.274726556942,-25.8416368236068,0,23,23,23,14,-25.8416368236068
01-Aug-2026 00:18:54,-133.530753672725,-26.0976639393899,0,24,24,24,14,-26.0976639393899
01-Aug-2026 00:18:56,-134.877354274564,-27.4442645412291,0,24,24,24,14,-27.4442645412291
01-Aug-2026 00:18:58,-135.086253091592,-27.6531633582566,0,24,24,24,16,-27.6531633582566
01-Aug-2026 00:19:00,-135.832447151819,-28.3993574184834,0,24,24,24,16,-28.3993574184834
01-Aug-2026 00:19:02,-136.54762185873,-29.1145321253944,0,23,23,23,17,-29.1145321253944
01-Aug-2026 00:19:04,-141.525411873499,-34.0923221401637,0,24,24,24,17,-34.0923221401637
01-Aug-2026 00:19:06,-142.087244502941,-34.6541547696055,0,24,24,24,15,-34.6541547696055
01-Aug-2026 00:19:08,-137.414605543855,-29.9815158105196,0,24,24,24,15,-29.9815158105196
01-Aug-2026 00:19:10,-137.669372983807,-30.2362832504714,0,24,24,24,15,-30.2362832504714
01-Aug-2026 00:19:12,-138.22298528419,-30.7898955508545,0,24,24,24,15,-30.7898955508545
01-Aug-2026 00:19:14,-142.767493165088,-35.3344034317523,0,24,24,24,14,-35.3344034317523
01-Aug-2026 00:19:16,-143.110772826042,-35.6776830927067,0,24,24,24,14,-35.6776830927067
01-Aug-2026 00:19:18,-143.098689227322,-35.6655994939864,0,24,24,24,14,-35.6655994939864
01-Aug-2026 00:19:20,-143.221598316307,-35.7885085829715,0,24,24,24,15,-35.7885085829715
01-Aug-2026 00:19:22,-144.164642442043,-36.7315527087083,0,24,24,24,12,-36.7315527087083
01-Aug-2026 00:19:24,-140.449242773386,-33.0161530400511,0,24,24,24,13,-33.0161530400511
01-Aug-2026 00:19:26,-141.336847674384,-33.9037579410485,0,24,24,24,12,-33.9037579410485
01-Aug-2026 00:19:28,-140.884900935806,-33.4518112024705,0,24,24,24,13,-33.4518112024705
01-Aug-2026 00:19:30,-140.981298043044,-33.5482083097086,0,24,24,24,12,-33.5482083097086
01-Aug-2026 00:19:32,-141.164634686365,-33.7315449530295,0,24,24,24,11,-33.7315449530295
01-Aug-2026 00:19:34,-141.216076336088,-33.7829866027529,0,23,23,23,12,-33.7829866027529
01-Aug-2026 00:19:36,-140.752707145344,-33.3196174120092,0,23,23,23,12,-33.3196174120092
01-Aug-2026 00:19:38,-140.350338074178,-32.9172483408427,0,24,24,24,13,-32.9172483408427
01-Aug-2026 00:19:40,-140.453217742395,-33.0201280090602,0,24,24,24,13,-33.0201280090602
01-Aug-2026 00:19:42,-139.708228824623,-32.2751390912875,0,24,24,24,14,-32.2751390912875
01-Aug-2026 00:19:44,-139.618583929594,-32.1854941962592,0,24,24,24,14,-32.1854941962592
01-Aug-2026 00:19:46,-139.522496839849,-32.0894071065143,0,24,24,24,14,-32.0894071065143
01-Aug-2026 00:19:48,-147.930777255012,-40.4976875216768,0,24,24,24,13,-40.4976875216768
01-Aug-2026 00:19:50,-146.814285115204,-39.3811953818687,0,24,24,24,15,-39.3811953818687
01-Aug-2026 00:19:52,-146.597964737884,-39.1648750045491,0,23,23,23,13,-39.1648750045491
01-Aug-2026 00:19:54,-146.809621480491,-39.3765317471558,0,23,23,23,12,-39.3765317471558
01-Aug-2026 00:19:56,-146.338188729898,-38.9050989965625,0,23,23,23,12,-38.9050989965625
01-Aug-2026 00:19:58,-146.281521185223,-38.8484314518878,0,22,22,22,12,-38.8484314518878
01-Aug-2026 00:20:00,-146.04455691702,-38.6114671836844,0,22,22,22,12,-38.6114671836844
01-Aug-2026 00:20:02,-145.870366163226,-38.4372764298912,0,22,22,22,11,-38.4372764298912
01-Aug-2026 00:20:04,-144.937818881693,-37.5047291483574,0,22,22,22,12,-37.5047291483574
01-Aug-2026 00:20:06,-144.883225306277,-37.4501355729415,0,23,23,23,12,-37.4501355729415
01-Aug-2026 00:20:08,-144.229250375389,-36.796160642054,0,23,23,23,13,-36.796160642054
01-Aug-2026 00:20:10,-161.109552564428,-53.6764628310927,0,23,23,23,12,-53.6764628310927
01-Aug-2026 00:20:12,-154.440386169412,-47.0072964360767,0,23,23,23,13,-47.0072964360767
01-Aug-2026 00:20:14,-154.621397327193,-47.1883075938583,0,23,23,23,12,-47.1883075938583
01-Aug-2026 00:20:16,-154.81995103416,-47.386861300825,0,23,23,23,11,-47.386861300825
01-Aug-2026 00:20:18,-155.178530864259,-47.7454411309234,0,23,23,23,11,-47.7454411309234
01-Aug-2026 00:20:20,-155.629888516043,-48.1967987827082,0,23,23,23,11,-48.1967987827082
01-Aug-2026 00:20:22,-154.071135100492,-46.6380453671568,0,23,23,23,9,-46.6380453671568
01-Aug-2026 00:20:24,-156.511161984121,-49.0780722507862,0,23,23,23,8,-49.0780722507862
01-Aug-2026 00:20:26,-158.190094600292,-50.7570048669564,0,23,23,23,7,-50.7570048669564
01-Aug-2026 00:20:28,-158.632366083725,-51.1992763503895,0,23,23,23,6,-51.1992763503895
01-Aug-2026 00:20:30,-158.678358860594,-51.2452691272585,0,23,23,23,6,-51.2452691272585
01-Aug-2026 00:20:32,-151.411011927853,-43.9779221945176,0,23,23,23,8,-43.9779221945176
01-Aug-2026 00:20:34,-150.888657494543,-43.4555677612078,0,23,23,23,6,-43.4555677612078
01-Aug-2026 00:20:36,-149.21379554533,-41.7807058119952,0,24,24,24,6,-41.7807058119952
01-Aug-2026 00:20:38,-148.688114965566,-41.2550252322312,0,24,24,24,7,-41.2550252322312
01-Aug-2026 00:20:40,-148.073276270435,-40.6401865371002,0,24,24,24,7,-40.6401865371002
01-Aug-2026 00:20:42,-147.687138792575,-40.2540490592397,0,25,25,25,7,-40.2540490592397
01-Aug-2026 00:20:44,-139.02440536984,-31.5913156365052,0,24,24,24,6,-31.5913156365052
01-Aug-2026 00:20:46,-138.644379946824,-31.2112902134884,0,24,24,24,6,-31.2112902134884
01-Aug-2026 00:20:48,-138.344713769284,-30.9116240359484,0,24,24,24,7,-30.9116240359484
01-Aug-2026 00:20:50,-138.713554491087,-31.2804647577523,0,24,24,24,8,-31.2804647577523
01-Aug-2026 00:20:52,-138.394638964205,-30.9615492308697,0,25,25,25,12,-30.9615492308697
01-Aug-2026 00:20:54,-138.29582569281,-30.8627359594752,0,26,26,26,13,-30.8627359594752
01-Aug-2026 00:20:56,-137.576249807388,-30.1431600740528,0,26,26,26,14,-30.1431600740528
01-Aug-2026 00:20:58,-137.350682297517,-29.9175925641821,0,26,26,26,17,-29.9175925641821
01-Aug-2026 00:21:00,-136.920983613201,-29.4878938798654,0,26,26,26,16,-29.4878938798654
01-Aug-2026 00:21:02,-136.863167989644,-29.430078256309,0,26,26,26,15,-29.430078256309
01-Aug-2026 00:21:04,-136.754302080775,-29.32121234744,0,26,26,26,16,-29.32121234744
01-Aug-2026 00:21:06,-136.680110462468,-29.2470207291325,0,26,26,26,15,-29.2470207291325
01-Aug-2026 00:21:08,-135.98498634815,-28.551896614815,0,26,26,26,16,-28.551896614815
01-Aug-2026 00:21:10,-135.834618602987,-28.4015288696521,0,26,26,26,15,-28.4015288696521
01-Aug-2026 00:21:12,-135.431479432798,-27.9983896994626,0,26,26,26,16,-27.9983896994626
01-Aug-2026 00:21:14,-135.231135644835,-27.7980459114996,0,26,26,26,15,-27.7980459114996
01-Aug-2026 00:21:16,-134.479085679407,-27.0459959460721,0,26,26,26,17,-27.0459959460721
01-Aug-2026 00:21:18,-133.645131515263,-26.2120417819275,0,26,26,26,17,-26.2120417819275
01-Aug-2026 00:21:20,-133.956367411935,-26.5232776785996,0,26,26,26,17,-26.1592050144926
01-Aug-2026 00:21:22,-133.329359360061,-25.8962696267259,0,26,26,26,16,-25.5065810549534
01-Aug-2026 00:21:24,-133.389909663771,-25.9568199304359,0,26,26,26,16,-25.5811815968182
01-Aug-2026 00:21:26,-132.645064620606,-25.2119748872706,0,26,26,26,15,-24.8277122924134
01-Aug-2026 00:21:28,-132.381575208669,-24.9484854753342,0,26,26,26,17,-24.6010664687093
01-Aug-2026 00:21:30,-140.619458637286,-33.1863689039509,0,26,26,26,16,-33.1863689039509
01-Aug-2026 00:21:32,-140.16339223594,-32.7303025026046,0,26,26,26,16,-32.7303025026046
01-Aug-2026 00:21:34,-156.277613519165,-48.8445237858296,0,26,26,26,13,-48.8445237858296
01-Aug-2026 00:21:36,-156.029388935018,-48.5962992016825,0,26,26,26,14,-48.5962992016825
01-Aug-2026 00:21:38,-157.105945200866,-49.6728554675311,0,26,26,26,13,-49.6728554675311
01-Aug-2026 00:21:40,-155.378429888894,-47.9453401555584,0,26,26,26,13,-47.9453401555584
01-Aug-2026 00:21:42,-155.917666115463,-48.4845763821273,0,26,26,26,11,-48.4845763821273
01-Aug-2026 00:21:44,-156.17071206086,-48.7376223275249,0,26,26,26,11,-48.7376223275249
01-Aug-2026 00:21:46,-169.008956793645,-61.5758670603102,0,26,26,26,9,-61.5758670603102
01-Aug-2026 00:21:48,-171.735886695632,-64.3027969622971,0,26,26,26,8,-64.3027969622971
01-Aug-2026 00:21:50,-171.809894069064,-64.3768043357291,0,26,26,26,8,-64.3768043357291
01-Aug-2026 00:21:52,-171.68929490183,-64.2562051684951,0,26,26,26,8,-64.2562051684951
01-Aug-2026 00:21:54,-171.640997009588,-64.2079072762533,0,26,26,26,8,-64.2079072762533
01-Aug-2026 00:21:56,-171.73187333965,-64.298783606315,0,25,25,25,6,-64.298783606315
01-Aug-2026 00:21:58,-172.107441558862,-64.6743518255267,0,25,25,25,7,-64.6743518255267
01-Aug-2026 00:22:00,-171.643079956456,-64.2099902231205,0,25,25,25,6,-64.2099902231205
01-Aug-2026 00:22:02,-169.73458380812,-62.3014940747851,0,25,25,25,6,-62.3014940747851
01-Aug-2026 00:22:04,-169.20288587137,-61.7697961380349,0,25,25,25,7,-61.7697961380349
01-Aug-2026 00:22:06,-155.42719283232,-47.9941030989852,0,25,25,25,7,-47.9941030989852
01-Aug-2026 00:22:08,-154.57653395044,-47.143444217105,0,26,26,26,9,-47.143444217105
01-Aug-2026 00:22:10,-155.202138692359,-47.7690489590239,0,27,27,27,9,-47.7690489590239
01-Aug-2026 00:22:12,-155.633991070927,-48.2009013375918,0,27,27,27,10,-48.2009013375918
01-Aug-2026 00:22:14,-155.648914598086,-48.2158248647505,0,27,27,27,9,-48.2158248647505
01-Aug-2026 00:22:16,-155.483935701245,-48.0508459679097,0,27,27,27,8,-48.0508459679097
01-Aug-2026 00:22:18,-154.52540824099,-47.0923185076551,0,26,26,26,8,-47.0923185076551
01-Aug-2026 00:22:20,-154.480997130412,-47.0479073970771,0,26,26,26,8,-47.0479073970771
01-Aug-2026 00:22:22,-154.310665004616,-46.8775752712807,0,26,26,26,7,-46.8775752712807
01-Aug-2026 00:22:24,-140.180140000677,-32.7470502673418,0,26,26,26,9,-32.7470502673418
01-Aug-2026 00:22:26,-140.332349614522,-32.899259881187,0,26,26,26,9,-32.899259881187
01-Aug-2026 00:22:28,-140.37658848147,-32.9434987481345,0,26,26,26,8,-32.9434987481345
01-Aug-2026 00:22:30,-140.461691822242,-33.028602088907,0,25,25,25,9,-33.028602088907
01-Aug-2026 00:22:32,-140.115573908863,-32.6824841755276,0,25,25,25,11,-32.6824841755276
01-Aug-2026 00:22:34,-140.260238679819,-32.8271489464842,0,25,25,25,10,-32.8271489464842
01-Aug-2026 00:22:36,-140.477997343258,-33.0449076099228,0,26,26,26,10,-33.0449076099228
01-Aug-2026 00:22:38,-140.702320201768,-33.2692304684329,0,26,26,26,11,-33.2692304684329
01-Aug-2026 00:22:40,-141.635109391015,-34.2020196576797,0,26,26,26,10,-34.2020196576797
01-Aug-2026 00:22:42,-141.877663443413,-34.4445737100779,0,25,25,25,12,-34.4445737100779
01-Aug-2026 00:22:44,-142.767479464524,-35.3343897311884,0,26,26,26,14,-35.3343897311884
01-Aug-2026 00:22:46,-143.984236427836,-36.551146694501,0,25,25,25,13,-36.551146694501
01-Aug-2026 00:22:48,-144.064107352311,-36.6310176189756,0,25,25,25,11,-36.6310176189756
01-Aug-2026 00:22:50,-143.844802629789,-36.4117128964537,0,24,24,24,10,-36.4117128964537
01-Aug-2026 00:22:52,-143.781443564472,-36.3483538311364,0,24,24,24,9,-36.3483538311364
01-Aug-2026 00:22:54,-137.14740782331,-29.7143180899747,0,24,24,24,8,-29.7143180899747
01-Aug-2026 00:22:56,-136.81814450312,-29.3850547697848,0,24,24,24,10,-29.3850547697848
01-Aug-2026 00:22:58,-136.742538478321,-29.309448744986,0,24,24,24,10,-29.309448744986
01-Aug-2026 00:23:00,-135.655707765441,-28.2226180321061,0,24,24,24,10,-28.2226180321061
01-Aug-2026 00:23:02,-135.466442092793,-28.0333523594574,0,24,24,24,10,-28.0333523594574
01-Aug-2026 00:23:04,-135.807109002396,-28.3740192690604,0,24,24,24,10,-28.3740192690604
01-Aug-2026 00:23:06,-141.159895242376,-33.7268055090405,0,24,24,24,9,-33.7268055090405
01-Aug-2026 00:23:08,-141.249914475826,-33.8168247424905,0,24,24,24,8,-33.8168247424905
01-Aug-2026 00:23:10,-140.675623583903,-33.2425338505683,0,24,24,24,10,-33.2425338505683
01-Aug-2026 00:23:12,-147.012255177232,-39.5791654438967,0,24,24,24,11,-39.5791654438967
01-Aug-2026 00:23:14,-146.907697673548,-39.4746079402125,0,24,24,24,11,-39.4746079402125
01-Aug-2026 00:23:16,-146.658733908627,-39.225644175292,0,24,24,24,11,-39.225644175292
01-Aug-2026 00:23:18,-146.863719408559,-39.430629675224,0,24,24,24,9,-39.430629675224
01-Aug-2026 00:23:20,-145.823439628693,-38.3903498953578,0,24,24,24,11,-38.3903498953578
01-Aug-2026 00:23:22,-144.479620000263,-37.0465302669277,0,23,23,23,11,-37.0465302669277
01-Aug-2026 00:23:24,-145.172643634264,-37.7395539009286,0,23,23,23,11,-37.7395539009286
01-Aug-2026 00:23:26,-147.921729424464,-40.4886396911288,0,23,23,23,9,-40.4886396911288
01-Aug-2026 00:23:28,-147.605784252039,-40.1726945187035,0,23,23,23,9,-40.1726945187035
01-Aug-2026 00:23:30,-147.493341260791,-40.0602515274562,0,23,23,23,9,-40.0602515274562
01-Aug-2026 00:23:32,-147.810822137135,-40.3777324038001,0,23,23,23,8,-40.3777324038001
01-Aug-2026 00:23:34,-147.219578367155,-39.7864886338199,0,24,24,24,10,-39.7864886338199
01-Aug-2026 00:23:36,-145.821764248452,-38.3886745151169,0,24,24,24,12,-38.3886745151169
01-Aug-2026 00:23:38,-143.014789993304,-35.5817002599686,0,24,24,24,13,-35.5817002599686
01-Aug-2026 00:23:40,-142.858368083356,-35.4252783500207,0,23,23,23,13,-35.4252783500207
01-Aug-2026 00:23:42,-143.668846845727,-36.2357571123919,0,23,23,23,12,-36.2357571123919
01-Aug-2026 00:23:44,-142.47261150715,-35.0395217738152,0,23,23,23,12,-35.0395217738152
01-Aug-2026 00:23:46,-141.36942079475,-33.9363310614146,0,23,23,23,12,-33.9363310614146
01-Aug-2026 00:23:48,-139.806944477223,-32.3738547438881,0,22,22,22,13,-32.3738547438881
01-Aug-2026 00:23:50,-137.715138242748,-30.2820485094127,0,22,22,22,12,-30.2820485094127
01-Aug-2026 00:23:52,-135.730707267485,-28.2976175341494,0,22,22,22,12,-28.2976175341494
01-Aug-2026 00:23:54,-134.666335329431,-27.2332455960955,0,22,22,22,12,-27.2332455960955
01-Aug-2026 00:23:56,-139.953279043831,-32.5201893104959,0,22,22,22,11,-32.5201893104959
01-Aug-2026 00:23:58,-139.418518882956,-31.9854291496209,0,23,23,23,12,-31.9854291496209
01-Aug-2026 00:24:00,-134.956884395204,-27.523794661869,0,23,23,23,13,-27.523794661869
01-Aug-2026 00:24:02,-135.772224060031,-28.3391343266955,0,23,23,23,14,-28.3391343266955
01-Aug-2026 00:24:04,-136.770245595629,-29.3371558622941,0,23,23,23,15,-29.3371558622941
01-Aug-2026 00:24:06,-136.923875782156,-29.4907860488211,0,23,23,23,15,-29.4907860488211
01-Aug-2026 00:24:08,-136.734700455825,-29.3016107224895,0,23,23,23,15,-29.3016107224895
01-Aug-2026 00:24:10,-136.661480767305,-29.2283910339696,0,23,23,23,14,-29.2283910339696
01-Aug-2026 00:24:12,-138.298042021985,-30.8649522886502,0,23,23,23,13,-30.8649522886502
01-Aug-2026 00:24:14,-137.572736960883,-30.1396472275473,0,23,23,23,13,-30.1396472275473
01-Aug-2026 00:24:16,-136.216143167324,-28.7830534339891,0,23,23,23,13,-28.7830534339891
01-Aug-2026 00:24:18,-135.174260201609,-27.7411704682737,0,23,23,23,12,-27.7411704682737
01-Aug-2026 00:24:20,-134.848827141155,-27.41573740782,0,23,23,23,11,-27.41573740782
01-Aug-2026 00:24:22,-134.281854963731,-26.8487652303963,0,23,23,23,10,-26.8487652303963
01-Aug-2026 00:24:24,-133.409497764727,-25.9764080313916,0,24,24,24,9,-25.9764080313916
01-Aug-2026 00:24:26,-130.888050033448,-23.4549603001125,0,24,24,24,10,-23.4549603001125
01-Aug-2026 00:24:28,-129.103106210023,-21.6700164766877,0,24,24,24,10,-21.6700164766877
01-Aug-2026 00:24:30,-127.70055278715,-20.267463053815,0,25,25,25,10,-20.267463053815
01-Aug-2026 00:24:32,-127.736327039102,-20.3032373057669,0,25,25,25,11,-20.3032373057669
01-Aug-2026 00:24:34,-127.933573919564,-20.500484186229,0,25,25,25,11,-20.500484186229
01-Aug-2026 00:24:36,-128.089441775848,-20.656352042513,0,25,25,25,11,-20.656352042513
01-Aug-2026 00:24:38,-129.195236983067,-21.7621472497314,0,25,25,25,12,-21.7621472497314
01-Aug-2026 00:24:40,-129.891995058883,-22.4589053255479,0,25,25,25,11,-22.4589053255479
01-Aug-2026 00:24:42,-131.588144031277,-24.1550542979419,0,26,26,26,13,-24.1550542979419
01-Aug-2026 00:24:44,-132.333578814537,-24.9004890812016,0,26,26,26,12,-24.9004890812016
01-Aug-2026 00:24:46,-132.395574487911,-24.9624847545763,0,26,26,26,10,-24.9624847545763
01-Aug-2026 00:24:48,-133.249854412722,-25.816764679387,0,26,26,26,10,-25.8167646793871
01-Aug-2026 00:24:50,-133.815192889703,-26.3821031563677,0,26,26,26,9,-26.3821031563678
01-Aug-2026 00:24:52,-134.190031026897,-26.7569412935617,0,26,26,26,11,-26.7569412935617
01-Aug-2026 00:24:54,-136.203066147545,-28.7699764142098,0,26,26,26,10,-28.7699764142099
01-Aug-2026 00:24:56,-136.520695533853,-29.0876058005174,0,26,26,26,8,-29.0876058005174
01-Aug-2026 00:24:58,-136.764733272984,-29.3316435396493,0,26,26,26,9,-29.3316435396494
01-Aug-2026 00:25:00,-137.67504128528,-30.2419515519448,0,26,26,26,10,-30.2419515519449
01-Aug-2026 00:25:02,-137.251307930007,-29.8182181966716,0,26,26,26,10,-29.8182181966717
01-Aug-2026 00:25:04,-137.989048865133,-30.5559591317982,0,26,26,26,13,-30.5559591317982
01-Aug-2026 00:25:06,-138.741946556725,-31.3088568233898,0,26,26,26,14,-31.3088568233898
01-Aug-2026 00:25:08,-139.23985970935,-31.8067699760146,0,26,26,26,13,-31.8067699760146
01-Aug-2026 00:25:10,-139.29879149417,-31.865701760835,0,26,26,26,13,-16.8853465842276
01-Aug-2026 00:25:12,-139.517147097367,-32.0840573640321,0,26,26,26,13,-20.1901390279185
01-Aug-2026 00:25:14,-139.63697567929,-32.2038859459552,0,26,26,26,12,-23.2991557657252
01-Aug-2026 00:25:16,-147.732824518855,-40.29973478552,0,27,27,27,13,-40.29973478552
01-Aug-2026 00:25:18,-147.86220201467,-40.429112281335,0,27,27,27,13,-40.429112281335
01-Aug-2026 00:25:20,-147.860833592966,-40.4277438596313,0,26,26,26,13,-40.4277438596313
01-Aug-2026 00:25:22,-148.134371118143,-40.701281384808,0,26,26,26,11,-40.701281384808
01-Aug-2026 00:25:24,-148.082489977231,-40.6494002438958,0,26,26,26,10,-40.6494002438958
01-Aug-2026 00:25:26,-147.657679369456,-40.2245896361208,0,26,26,26,11,-40.2245896361208
01-Aug-2026 00:25:28,-144.595694848669,-37.1626051153335,0,26,26,26,12,-37.1626051153335
01-Aug-2026 00:25:30,-144.304866522139,-36.8717767888038,0,26,26,26,12,-36.8717767888038
01-Aug-2026 00:25:32,-144.109110111879,-36.6760203785438,0,26,26,26,12,-36.6760203785438
01-Aug-2026 00:25:34,-145.126474431399,-37.6933846980638,0,26,26,26,12,-37.6933846980638
01-Aug-2026 00:25:36,-144.647403066963,-37.2143133336276,0,26,26,26,11,-37.2143133336276
01-Aug-2026 00:25:38,-144.7391910165,-37.3061012831653,0,26,26,26,11,-37.3061012831653
01-Aug-2026 00:25:40,-137.990776055277,-30.5576863219422,0,26,26,26,12,-30.5576863219422
01-Aug-2026 00:25:42,-136.785775143899,-29.3526854105638,0,26,26,26,12,-29.3526854105638
01-Aug-2026 00:25:44,-136.408064904445,-28.9749751711095,0,26,26,26,12,-28.9749751711095
01-Aug-2026 00:25:46,-136.851370439345,-29.4182807060103,0,25,25,25,12,-29.4182807060103
01-Aug-2026 00:25:48,-136.156726158703,-28.7236364253677,0,25,25,25,13,-28.7236364253677
01-Aug-2026 00:25:50,-135.37003134655,-27.9369416132151,0,25,25,25,13,-27.9369416132151
01-Aug-2026 00:25:52,-135.126481355652,-27.6933916223165,0,24,24,24,13,-27.6933916223165
01-Aug-2026 00:25:54,-135.657098725422,-28.2240089920866,0,24,24,24,15,-28.2240089920866
01-Aug-2026 00:25:56,-135.764731199961,-28.3316414666257,0,24,24,24,14,-28.3316414666257
01-Aug-2026 00:25:58,-135.358382741105,-27.92529300777,0,24,24,24,13,-27.92529300777
01-Aug-2026 00:26:00,-135.239613614241,-27.8065238809062,0,26,26,26,15,-27.8065238809062
01-Aug-2026 00:26:02,-134.202165935214,-26.7690762018786,0,26,26,26,16,-26.7690762018786
01-Aug-2026 00:26:04,-133.70669445496,-26.273604721625,0,26,26,26,15,-26.273604721625
01-Aug-2026 00:26:06,-133.674410185482,-26.241320452147,0,26,26,26,15,-26.241320452147
01-Aug-2026 00:26:08,-133.19363171517,-25.7605419818348,0,26,26,26,15,-25.7605419818348
01-Aug-2026 00:26:10,-133.385268145841,-25.9521784125055,0,27,27,27,16,-25.9521784125055
01-Aug-2026 00:26:12,-133.242169379591,-25.8090796462556,0,27,27,27,15,-25.8090796462556
01-Aug-2026 00:26:14,-132.784375181108,-25.3512854477725,0,27,27,27,15,-25.3512854477725
01-Aug-2026 00:26:16,-132.293826265135,-24.8607365318,0,27,27,27,16,-24.8607365318
01-Aug-2026 00:26:18,-132.798523157106,-25.3654334237709,0,27,27,27,17,-25.3654334237709
01-Aug-2026 00:26:20,-132.664857252109,-25.2317675187743,0,26,26,26,16,-25.2317675187743
01-Aug-2026 00:26:22,-131.731753840615,-24.2986641072793,0,26,26,26,18,-24.2986641072793
01-Aug-2026 00:26:24,-136.109881722454,-28.6767919891187,0,26,26,26,17,-28.6767919891187
01-Aug-2026 00:26:26,-136.272970415796,-28.8398806824605,0,26,26,26,16,-28.8398806824605
01-Aug-2026 00:26:28,-136.294552708141,-28.8614629748061,0,26,26,26,16,-28.8614629748061
01-Aug-2026 00:26:30,-137.709693827347,-30.2766040940114,0,26,26,26,17,-30.2766040940114
01-Aug-2026 00:26:32,-137.949078166445,-30.5159884331095,0,26,26,26,16,-30.5159884331095
01-Aug-2026 00:26:34,-138.134614091551,-30.7015243582157,0,26,26,26,17,-30.7015243582157
01-Aug-2026 00:26:36,-139.322439101381,-31.8893493680459,0,26,26,26,17,-31.8893493680459
01-Aug-2026 00:26:38,-139.787262827528,-32.3541730941925,0,25,25,25,16,-32.3541730941925
01-Aug-2026 00:26:40,-140.039733328066,-32.6066435947308,0,25,25,25,15,-32.6066435947308
01-Aug-2026 00:26:42,-140.30573440012,-32.8726446667845,0,25,25,25,15,-32.8726446667845
01-Aug-2026 00:26:44,-140.353717887022,-32.9206281536873,0,25,25,25,16,-32.9206281536873
01-Aug-2026 00:26:46,-142.085207976371,-34.6521182430354,0,25,25,25,15,-34.6521182430354
01-Aug-2026 00:26:48,-142.232135489559,-34.7990457562237,0,25,25,25,16,-34.7990457562237
01-Aug-2026 00:26:50,-142.202372372266,-34.7692826389309,0,25,25,25,17,-34.7692826389309
01-Aug-2026 00:26:52,-142.648527288314,-35.2154375549783,0,24,24,24,15,-35.2154375549783
01-Aug-2026 00:26:54,-143.535226180433,-36.1021364470978,0,24,24,24,13,-36.1021364470978
01-Aug-2026 00:26:56,-143.957663958019,-36.5245742246835,0,24,24,24,13,-36.5245742246835
01-Aug-2026 00:26:58,-140.226833361633,-32.7937436282977,0,24,24,24,13,-32.7937436282977
01-Aug-2026 00:27:00,-140.166673631862,-32.7335838985273,0,24,24,24,12,-32.7335838985273
01-Aug-2026 00:27:02,-139.510152185122,-32.0770624517864,0,24,24,24,12,-32.0770624517864
01-Aug-2026 00:27:04,-138.440846027072,-31.0077562937371,0,24,24,24,12,-31.0077562937371
01-Aug-2026 00:27:06,-135.183446529755,-27.7503567964203,0,24,24,24,14,-27.7503567964203
01-Aug-2026 00:27:08,-136.83166677818,-29.3985770448444,0,23,23,23,13,-29.3985770448444
01-Aug-2026 00:27:10,-137.639125508785,-30.2060357754496,0,23,23,23,13,-30.2060357754496
01-Aug-2026 00:27:12,-138.17817030565,-30.745080572315,0,23,23,23,13,-30.745080572315
01-Aug-2026 00:27:14,-138.439318058926,-31.0062283255907,0,23,23,23,14,-31.0062283255907
01-Aug-2026 00:27:16,-138.480610693796,-31.047520960461,0,23,23,23,15,-31.047520960461
01-Aug-2026 00:27:18,-138.437795679084,-31.0047059457491,0,23,23,23,15,-31.0047059457491
01-Aug-2026 00:27:20,-138.068219559345,-30.6351298260101,0,23,23,23,15,-30.6351298260101
01-Aug-2026 00:27:22,-137.982060537987,-30.5489708046521,0,23,23,23,15,-30.5489708046521
01-Aug-2026 00:27:24,-138.083210361323,-30.6501206279874,0,23,23,23,15,-30.6501206279874
01-Aug-2026 00:27:26,-138.200585288689,-30.7674955553542,0,22,22,22,13,-30.7674955553542
01-Aug-2026 00:27:28,-138.202309336694,-30.7692196033588,0,22,22,22,13,-30.7692196033588
01-Aug-2026 00:27:30,-138.139082226709,-30.7059924933734,0,22,22,22,14,-30.7059924933734
01-Aug-2026 00:27:32,-138.199392403361,-30.766302670026,0,23,23,23,15,-30.766302670026
01-Aug-2026 00:27:34,-138.179728296679,-30.7466385633438,0,23,23,23,15,-30.7466385633438
01-Aug-2026 00:27:36,-138.135629438643,-30.7025397053081,0,22,22,22,14,-30.7025397053081
01-Aug-2026 00:27:38,-138.52351103025,-31.0904212969149,0,22,22,22,12,-31.0904212969149
01-Aug-2026 00:27:40,-139.049186424896,-31.6160966915606,0,22,22,22,11,-31.6160966915606
01-Aug-2026 00:27:42,-138.848136610503,-31.4150468771683,0,22,22,22,10,-31.4150468771683
01-Aug-2026 00:27:44,-139.022548339101,-31.5894586057662,0,22,22,22,10,-31.5894586057662
01-Aug-2026 00:27:46,-138.338670328512,-30.9055805951769,0,22,22,22,9,-30.9055805951769
01-Aug-2026 00:27:48,-138.093713409819,-30.660623676484,0,23,23,23,12,-30.660623676484
01-Aug-2026 00:27:50,-138.001729929787,-30.5686401964514,0,23,23,23,11,-30.5686401964514
01-Aug-2026 00:27:52,-137.420041367412,-29.986951634077,0,23,23,23,11,-29.986951634077
01-Aug-2026 00:27:54,-137.306972546661,-29.8738828133263,0,23,23,23,12,-29.8738828133263
01-Aug-2026 00:27:56,-136.103519809105,-28.6704300757693,0,23,23,23,12,-28.6704300757693
01-Aug-2026 00:27:58,-141.966145820411,-34.5330560870758,0,23,23,23,12,-34.5330560870758
01-Aug-2026 00:28:00,-141.6663572192,-34.2332674858645,0,23,23,23,14,-34.2332674858645
01-Aug-2026 00:28:02,-143.20910832979,-35.7760185964548,0,23,23,23,12,-35.7760185964548
01-Aug-2026 00:28:04,-143.241679517065,-35.8085897837296,0,23,23,23,12,-35.8085897837296
01-Aug-2026 00:28:06,-143.964876617406,-36.5317868840712,0,23,23,23,11,-36.5317868840712
01-Aug-2026 00:28:08,-143.425347934939,-35.9922582016041,0,23,23,23,10,-35.9922582016041
01-Aug-2026 00:28:10,-143.46119342244,-36.0281036891046,0,23,23,23,10,-36.0281036891046
01-Aug-2026 00:28:12,-143.332940312946,-35.8998505796107,0,24,24,24,11,-35.8998505796107
01-Aug-2026 00:28:14,-143.7114672311,-36.2783774977648,0,25,25,25,10,-36.2783774977648
01-Aug-2026 00:28:16,-143.578209088923,-36.1451193555875,0,25,25,25,12,-36.1451193555875
01-Aug-2026 00:28:18,-143.758729737475,-36.32564000414,0,25,25,25,13,-36.32564000414
01-Aug-2026 00:28:20,-143.911332263719,-36.4782425303838,0,26,26,26,15,-36.4782425303838
01-Aug-2026 00:28:22,-144.138894783914,-36.7058050505788,0,26,26,26,15,-36.7058050505788
01-Aug-2026 00:28:24,-144.03095382769,-36.5978640943546,0,26,26,26,15,-36.5978640943546
01-Aug-2026 00:28:26,-144.26811474328,-36.8350250099448,0,25,25,25,14,-36.8350250099448
01-Aug-2026 00:28:28,-145.617262670548,-38.1841729372131,0,25,25,25,16,-38.1841729372131
01-Aug-2026 00:28:30,-146.166601605169,-38.7335118718333,0,26,26,26,17,-38.7335118718333
01-Aug-2026 00:28:32,-146.104522348181,-38.6714326148459,0,26,26,26,16,-38.6714326148459
01-Aug-2026 00:28:34,-146.04984543357,-38.6167557002348,0,26,26,26,15,-38.6167557002348
01-Aug-2026 00:28:36,-146.590424004689,-39.1573342713535,0,26,26,26,14,-39.1573342713535
01-Aug-2026 00:28:38,-146.420058643353,-38.9869689100174,0,26,26,26,13,-38.9869689100174
01-Aug-2026 00:28:40,-146.193738700812,-38.7606489674766,0,26,26,26,13,-38.7606489674766
01-Aug-2026 00:28:42,-145.669399555011,-38.2363098216758,0,26,26,26,13,-38.2363098216758
01-Aug-2026 00:28:44,-145.557136634909,-38.124046901574,0,26,26,26,12,-38.124046901574
01-Aug-2026 00:28:46,-145.735523774909,-38.3024340415741,0,26,26,26,13,-38.3024340415741
01-Aug-2026 00:28:48,-145.577144903323,-38.1440551699877,0,26,26,26,12,-38.1440551699877
01-Aug-2026 00:28:50,-145.462828042544,-38.0297383092093,0,26,26,26,10,-38.0297383092093
01-Aug-2026 00:28:52,-147.102351080449,-39.6692613471137,0,26,26,26,9,-39.6692613471137
01-Aug-2026 00:28:54,-142.90664772613,-35.4735579927951,0,26,26,26,10,-35.4735579927951
01-Aug-2026 00:28:56,-142.860114721686,-35.4270249883504,0,26,26,26,12,-35.4270249883504
01-Aug-2026 00:28:58,-143.185675360294,-35.7525856269584,0,26,26,26,12,-35.7525856269584
01-Aug-2026 00:29:00,-143.47649718206,-36.0434074487243,0,26,26,26,12,-36.0434074487243
01-Aug-2026 00:29:02,-143.630113129536,-36.1970233962011,0,26,26,26,12,-36.1970233962011
01-Aug-2026 00:29:04,-142.41258099865,-34.9794912653144,0,27,27,27,14,-34.9794912653144
01-Aug-2026 00:29:06,-142.394206648738,-34.9611169154026,0,27,27,27,14,-34.9611169154026
01-Aug-2026 00:29:08,-144.035783888442,-36.6026941551063,0,27,27,27,14,-36.6026941551063
01-Aug-2026 00:29:10,-144.365208944574,-36.9321192112387,0,26,26,26,12,-36.9531605951977
01-Aug-2026 00:29:12,-143.372156880444,-35.9390671471085,0,26,26,26,12,-35.9461331394635
01-Aug-2026 00:29:14,-138.409323066443,-30.9762333331083,0,26,26,26,12,-30.9430573444977
01-Aug-2026 00:29:16,-139.686676587054,-32.2535868537186,0,26,26,26,12,-31.7419920600948
01-Aug-2026 00:29:18,-139.21582326337,-31.7827335300347,0,26,26,26,13,-29.8026513267873
01-Aug-2026 00:29:20,-145.662709573758,-38.2296198404233,0,26,26,26,12,-38.2296198404233
01-Aug-2026 00:29:22,-145.739087120647,-38.305997387312,0,26,26,26,14,-38.305997387312
01-Aug-2026 00:29:24,-145.533144734643,-38.1000550013078,0,26,26,26,13,-38.1000550013078
01-Aug-2026 00:29:26,-145.630898377345,-38.1978086440101,0,26,26,26,14,-38.1978086440101
01-Aug-2026 00:29:28,-143.58543188432,-36.1523421509849,0,25,25,25,12,-36.1523421509849
01-Aug-2026 00:29:30,-141.510534766771,-34.0774450334354,0,25,25,25,13,-34.0774450334354
01-Aug-2026 00:29:32,-138.310888835808,-30.8777991024725,0,25,25,25,12,-30.8777991024725
01-Aug-2026 00:29:34,-136.247826667301,-28.814736933966,0,25,25,25,12,-28.814736933966
01-Aug-2026 00:29:36,-134.144112585485,-26.71102285215,0,24,24,24,12,-26.71102285215
01-Aug-2026 00:29:38,-126.151360674285,-18.7182709409497,0,24,24,24,12,-18.7182709409497
01-Aug-2026 00:29:40,-126.06884848313,-18.6357587497947,0,24,24,24,12,-18.6357587497947
01-Aug-2026 00:29:42,-126.225968203265,-18.7928784699295,0,24,24,24,12,-18.7928784699295
01-Aug-2026 00:29:44,-126.760895421881,-19.3278056885454,0,24,24,24,11,-19.3278056885454
01-Aug-2026 00:29:46,-127.148896497438,-19.7158067641032,0,25,25,25,10,-19.7158067641032
01-Aug-2026 00:29:48,-127.643098533955,-20.2100088006203,0,25,25,25,9,-20.2100088006203
01-Aug-2026 00:29:50,-145.8497813222,-38.4166915888644,0,26,26,26,7,-38.4166915888644
01-Aug-2026 00:29:52,-147.347488100798,-39.9143983674627,0,27,27,27,8,-39.9143983674627
01-Aug-2026 00:29:54,-138.918885429162,-31.4857956958272,0,27,27,27,9,-31.4857956958272
01-Aug-2026 00:29:56,-139.381166937694,-31.9480772043588,0,27,27,27,9,-31.9480772043588
01-Aug-2026 00:29:58,-138.718540910299,-31.2854511769637,0,27,27,27,10,-31.2854511769637
01-Aug-2026 00:30:00,-139.207478428673,-31.7743886953376,0,27,27,27,11,-31.7743886953376
01-Aug-2026 00:30:02,-137.314508282629,-29.8814185492935,0,27,27,27,13,-29.8814185492935
01-Aug-2026 00:30:04,-137.61803390669,-30.1849441733545,0,27,27,27,12,-30.1849441733545
01-Aug-2026 00:30:06,-130.982070510331,-23.5489807769963,0,27,27,27,14,-23.5489807769961
01-Aug-2026 00:30:08,-130.179956664539,-22.7468669312042,0,27,27,27,14,-22.7468669312042
01-Aug-2026 00:30:10,-131.107529709416,-23.6744399760811,0,26,26,26,13,-23.674439976081
01-Aug-2026 00:30:12,-142.903025573799,-35.4699358404634,0,26,26,26,12,-35.4699358404634
01-Aug-2026 00:30:14,-143.26355108811,-35.8304613547748,0,26,26,26,12,-35.8304613547748
01-Aug-2026 00:30:16,-143.77024824883,-36.3371585154946,0,26,26,26,11,-36.3371585154946
01-Aug-2026 00:30:18,-144.502554285956,-37.0694645526205,0,26,26,26,12,-37.0694645526205
01-Aug-2026 00:30:20,-144.694807758485,-37.2617180251498,0,26,26,26,12,-37.2617180251498
01-Aug-2026 00:30:22,-146.678016497679,-39.2449267643437,0,26,26,26,11,-39.2449267643437
01-Aug-2026 00:30:24,-147.286296925015,-39.8532071916801,0,25,25,25,9,-39.8532071916801
01-Aug-2026 00:30:26,-147.722397650024,-40.2893079166893,0,25,25,25,9,-40.2893079166893
01-Aug-2026 00:30:28,-148.290037945517,-40.856948212182,0,25,25,25,9,-40.856948212182
01-Aug-2026 00:30:30,-146.913145902006,-39.4800561686712,0,25,25,25,10,-39.4800561686712
01-Aug-2026 00:30:32,-150.033943629632,-42.6008538962968,0,25,25,25,10,-42.6008538962968
01-Aug-2026 00:30:34,-150.128371259253,-42.6952815259177,0,25,25,25,11,-42.6952815259177
01-Aug-2026 00:30:36,-150.379669757578,-42.9465800242424,0,25,25,25,11,-42.9465800242424
01-Aug-2026 00:30:38,-149.426880157652,-41.9937904243166,0,25,25,25,12,-41.9937904243166
01-Aug-2026 00:30:40,-152.560237483022,-45.1271477496865,0,25,25,25,11,-45.1271477496865
01-Aug-2026 00:30:42,-152.439391331564,-45.0063015982284,0,25,25,25,13,-45.0063015982284
01-Aug-2026 00:30:44,-152.25705084094,-44.8239611076044,0,25,25,25,13,-44.8239611076044
01-Aug-2026 00:30:46,-151.67176693014,-44.2386771968048,0,25,25,25,13,-44.2386771968048
01-Aug-2026 00:30:48,-151.563361637653,-44.1302719043182,0,25,25,25,13,-44.1302719043182
01-Aug-2026 00:30:50,-149.358345456219,-41.9252557228838,0,25,25,25,12,-41.9252557228838
01-Aug-2026 00:30:52,-148.902198343027,-41.4691086096921,0,25,25,25,11,-41.4691086096921
01-Aug-2026 00:30:54,-149.292965617877,-41.8598758845418,0,23,23,23,12,-41.8598758845418
01-Aug-2026 00:30:56,-149.309813257208,-41.8767235238723,0,23,23,23,11,-41.8767235238723
01-Aug-2026 00:30:58,-147.592577372181,-40.159487638846,0,23,23,23,12,-40.159487638846
01-Aug-2026 00:31:00,-147.678937250547,-40.2458475172123,0,23,23,23,12,-40.2458475172123
01-Aug-2026 00:31:02,-147.470781069791,-40.0376913364554,0,23,23,23,10,-40.0376913364554
01-Aug-2026 00:31:04,-149.402795536333,-41.9697058029981,0,23,23,23,9,-41.9697058029981
01-Aug-2026 00:31:06,-149.633281596364,-42.2001918630287,0,23,23,23,9,-42.2001918630287
01-Aug-2026 00:31:08,-149.688806917756,-42.2557171844203,0,23,23,23,10,-42.2557171844203
01-Aug-2026 00:31:10,-150.981249488786,-43.5481597554505,0,23,23,23,9,-43.5481597554505
01-Aug-2026 00:31:12,-151.006521159263,-43.5734314259282,0,23,23,23,9,-43.5734314259282
01-Aug-2026 00:31:14,-145.141831316598,-37.708741583263,0,22,22,22,11,-37.708741583263
01-Aug-2026 00:31:16,-151.299927679878,-43.8668379465428,0,22,22,22,11,-43.8668379465428
01-Aug-2026 00:31:18,-145.604265859798,-38.171176126463,0,22,22,22,10,-38.171176126463
01-Aug-2026 00:31:20,-146.101577454471,-38.6684877211355,0,22,22,22,10,-38.6684877211355
01-Aug-2026 00:31:22,-146.089219678358,-38.6561299450233,0,22,22,22,9,-38.6561299450233
01-Aug-2026 00:31:24,-146.40712637183,-38.9740366384945,0,22,22,22,9,-38.9740366384945
01-Aug-2026 00:31:26,-144.373750093934,-36.9406603605987,0,21,21,21,12,-36.9406603605987
01-Aug-2026 00:31:28,-147.282245895496,-39.8491561621609,0,21,21,21,11,-39.8491561621609
01-Aug-2026 00:31:30,-146.252119123183,-38.8190293898477,0,22,22,22,13,-38.8190293898477
01-Aug-2026 00:31:32,-146.80208070294,-39.3689909696046,0,22,22,22,13,-39.3689909696046
01-Aug-2026 00:31:34,-147.340730702916,-39.9076409695811,0,22,22,22,12,-39.9076409695811
01-Aug-2026 00:31:36,-146.895646175571,-39.4625564422358,0,22,22,22,13,-39.4625564422358
01-Aug-2026 00:31:38,-137.38253837146,-29.9494486381246,0,23,23,23,12,-29.9494486381246
01-Aug-2026 00:31:40,-137.15400220534,-29.7209124720044,0,23,23,23,12,-29.7209124720044
01-Aug-2026 00:31:42,-137.215635917869,-29.7825461845342,0,23,23,23,13,-29.7825461845342
01-Aug-2026 00:31:44,-136.741968638716,-29.3088789053808,0,23,23,23,12,-29.3088789053808
01-Aug-2026 00:31:46,-135.743011284555,-28.3099215512194,0,23,23,23,12,-28.3099215512194
01-Aug-2026 00:31:48,-135.100642424744,-27.6675526914086,0,23,23,23,13,-27.6675526914086
01-Aug-2026 00:31:50,-134.109330298706,-26.6762405653708,0,23,23,23,12,-26.6762405653708
01-Aug-2026 00:31:52,-133.882949344792,-26.4498596114565,0,23,23,23,13,-26.4498596114565
01-Aug-2026 00:31:54,-133.75979524527,-26.3267055119352,0,23,23,23,12,-26.3267055119352
01-Aug-2026 00:31:56,-133.242704570473,-25.8096148371376,0,23,23,23,13,-25.8096148371376
01-Aug-2026 00:31:58,-130.619371092024,-23.1862813586883,0,24,24,24,16,-23.1862813586883
01-Aug-2026 00:32:00,-130.780937012315,-23.3478472789799,0,25,25,25,17,-23.3478472789799
01-Aug-2026 00:32:02,-130.901108687671,-23.4680189543361,0,25,25,25,17,-23.4680189543361
01-Aug-2026 00:32:04,-130.899061412435,-23.4659716791,0,25,25,25,16,-23.4659716791
01-Aug-2026 00:32:06,-131.139314146348,-23.7062244130123,0,25,25,25,14,-23.7062244130123
01-Aug-2026 00:32:08,-131.115394661196,-23.6823049278607,0,26,26,26,13,-23.6823049278607
01-Aug-2026 00:32:10,-131.003957203658,-23.570867470323,0,26,26,26,13,-23.570867470323
01-Aug-2026 00:32:12,-131.368589519737,-23.935499786402,0,26,26,26,12,-23.935499786402
01-Aug-2026 00:32:14,-131.484521154184,-24.0514314208486,0,26,26,26,12,-24.0514314208486
01-Aug-2026 00:32:16,-131.855689170279,-24.4225994369439,0,25,25,25,11,-24.4225994369439
01-Aug-2026 00:32:18,-131.873513898195,-24.4404241648602,0,26,26,26,12,-24.4404241648602
01-Aug-2026 00:32:20,-132.191306215053,-24.7582164817174,0,26,26,26,12,-24.7582164817174
01-Aug-2026 00:32:22,-132.952364613949,-25.5192748806141,0,26,26,26,13,-25.5192748806141
01-Aug-2026 00:32:24,-133.269006808403,-25.835917075068,0,26,26,26,12,-25.835917075068
01-Aug-2026 00:32:26,-134.712034175608,-27.2789444422727,0,26,26,26,12,-27.2789444422727
01-Aug-2026 00:32:28,-135.189254521203,-27.7561647878678,0,26,26,26,11,-27.7561647878678
01-Aug-2026 00:32:30,-135.912627809549,-28.4795380762141,0,26,26,26,9,-28.4795380762141
01-Aug-2026 00:32:32,-136.536170996379,-29.1030812630438,0,26,26,26,9,-29.1030812630438
01-Aug-2026 00:32:34,-136.675292155627,-29.2422024222918,0,26,26,26,10,-29.2422024222918
01-Aug-2026 00:32:36,-137.618753766285,-30.1856640329501,0,26,26,26,10,-30.1856640329501
01-Aug-2026 00:32:38,-137.86257007548,-30.4294803421451,0,26,26,26,11,-30.4294803421451
01-Aug-2026 00:32:40,-138.887718876404,-31.4546291430688,0,26,26,26,11,-31.4546291430688
01-Aug-2026 00:32:42,-138.799327400709,-31.3662376673736,0,26,26,26,13,-31.3662376673736
01-Aug-2026 00:32:44,-138.987628859463,-31.554539126128,0,26,26,26,13,-31.554539126128
01-Aug-2026 00:32:46,-139.685585005922,-32.2524952725868,0,26,26,26,13,-32.2524952725868
01-Aug-2026 00:32:48,-146.194931218338,-38.7618414850032,0,26,26,26,11,-38.7618414850032
01-Aug-2026 00:32:50,-141.039754959507,-33.6066652261721,0,26,26,26,13,-33.6066652261721
01-Aug-2026 00:32:52,-141.20185552174,-33.768765788405,0,27,27,27,14,-33.768765788405
01-Aug-2026 00:32:54,-140.652332033232,-33.2192422998971,0,27,27,27,13,-33.2192422998971
01-Aug-2026 00:32:56,-140.086528657982,-32.6534389246467,0,27,27,27,15,-32.6534389246467
01-Aug-2026 00:32:58,-140.019831367261,-32.5867416339263,0,27,27,27,15,-32.5867416339263
01-Aug-2026 00:33:00,-140.069854072026,-32.6367643386904,0,26,26,26,14,-32.6367643386904
01-Aug-2026 00:33:02,-140.370114668247,-32.9370249349116,0,25,25,25,12,-32.9370249349116
01-Aug-2026 00:33:04,-140.046203010066,-32.6131132767306,0,25,25,25,12,-32.6131132767306
01-Aug-2026 00:33:06,-139.804027590794,-32.3709378574589,0,25,25,25,13,-32.3709378574589
01-Aug-2026 00:33:08,-139.472080758454,-32.0389910251184,0,25,25,25,13,-32.0389910251184
01-Aug-2026 00:33:10,-139.140884411698,-31.7077946783629,0,25,25,25,13,-31.7077946783629
01-Aug-2026 00:33:12,-138.494440355706,-31.061350622371,0,25,25,25,14,-31.061350622371
01-Aug-2026 00:33:14,-141.232655665373,-33.7995659320383,0,25,25,25,12,-33.7995659320383
01-Aug-2026 00:33:16,-141.155305593226,-33.7222158598907,0,25,25,25,12,-33.7222158598907
01-Aug-2026 00:33:18,-140.879662609181,-33.4465728758456,0,25,25,25,12,-33.4465728758456
01-Aug-2026 00:33:20,-139.984909925901,-32.5518201925662,0,25,25,25,13,-32.5518201925662
01-Aug-2026 00:33:22,-139.645119237037,-32.2120295037018,0,26,26,26,13,-32.2120295037018
01-Aug-2026 00:33:24,-138.61586271918,-31.1827729858448,0,26,26,26,14,-31.1827729858448
01-Aug-2026 00:33:26,-137.495202520821,-30.0621127874859,0,26,26,26,14,-30.0621127874859
01-Aug-2026 00:33:28,-136.866186787756,-29.4330970544212,0,25,25,25,15,-29.4330970544212
01-Aug-2026 00:33:30,-136.280867129878,-28.847777396543,0,25,25,25,14,-28.847777396543
01-Aug-2026 00:33:32,-136.102326833852,-28.6692371005166,0,25,25,25,13,-28.6692371005166
01-Aug-2026 00:33:34,-136.279180822492,-28.8460910891571,0,25,25,25,13,-28.8460910891571
01-Aug-2026 00:33:36,-136.115204883464,-28.6821151501288,0,25,25,25,13,-28.6821151501288
01-Aug-2026 00:33:38,-136.16015171791,-28.727061984575,0,25,25,25,13,-28.727061984575
01-Aug-2026 00:33:40,-136.224293505653,-28.7912037723175,0,25,25,25,13,-28.7912037723175
01-Aug-2026 00:33:42,-136.074858179942,-28.6417684466066,0,26,26,26,13,-28.6417684466066
01-Aug-2026 00:33:44,-135.800704952487,-28.3676152191518,0,26,26,26,11,-28.3676152191518
01-Aug-2026 00:33:46,-136.243379108968,-28.8102893756328,0,27,27,27,12,-28.8102893756328
01-Aug-2026 00:33:48,-136.563241768188,-29.1301520348524,0,27,27,27,11,-29.1301520348523
01-Aug-2026 00:33:50,-136.689084126562,-29.2559943932273,0,27,27,27,13,-29.2559943932273
01-Aug-2026 00:33:52,-143.086975245023,-35.6538855116878,0,27,27,27,12,-35.6538855116878
01-Aug-2026 00:33:54,-143.425800475447,-35.9927107421115,0,27,27,27,12,-35.9927107421115
01-Aug-2026 00:33:56,-143.897643412169,-36.4645536788334,0,27,27,27,11,-36.4645536788334
01-Aug-2026 00:33:58,-144.408421548638,-36.9753318153033,0,27,27,27,10,-36.9753318153033
01-Aug-2026 00:34:00,-144.649494079412,-37.216404346077,0,26,26,26,11,-37.216404346077
01-Aug-2026 00:34:02,-145.472455072507,-38.0393653391717,0,26,26,26,10,-38.0393653391717
01-Aug-2026 00:34:04,-138.48949345534,-31.0564037220053,0,26,26,26,11,-31.0564037220053
01-Aug-2026 00:34:06,-138.257373270817,-30.8242835374818,0,26,26,26,11,-30.8242835374818
01-Aug-2026 00:34:08,-138.476249853805,-31.0431601204698,0,26,26,26,11,-31.0431601204698
01-Aug-2026 00:34:10,-146.889341551484,-39.4562518181488,0,26,26,26,10,-39.4562518181488
01-Aug-2026 00:34:12,-146.328875859775,-38.8957861264398,0,25,25,25,9,-38.8957861264398
01-Aug-2026 00:34:14,-146.653542439535,-39.2204527062001,0,25,25,25,9,-39.2204527062001
01-Aug-2026 00:34:16,-144.069375409473,-36.6362856761375,0,25,25,25,11,-36.6362856761375
01-Aug-2026 00:34:18,-143.597099182736,-36.1640094494008,0,25,25,25,11,-36.1640094494008
01-Aug-2026 00:34:20,-144.578906162396,-37.1458164290611,0,25,25,25,12,-37.1458164290611
01-Aug-2026 00:34:22,-145.095625686416,-37.6625359530813,0,25,25,25,10,-37.6625359530813
01-Aug-2026 00:34:24,-143.145613482776,-35.7125237494412,0,25,25,25,10,-35.7125237494412
01-Aug-2026 00:34:26,-143.054329977591,-35.6212402442561,0,25,25,25,9,-35.6212402442561
01-Aug-2026 00:34:28,-143.043008246362,-35.6099185130265,0,25,25,25,9,-35.6099185130265
01-Aug-2026 00:34:30,-143.647099052128,-36.2140093187925,0,25,25,25,9,-36.2140093187925
01-Aug-2026 00:34:32,-143.379402551651,-35.9463128183162,0,25,25,25,8,-35.9463128183162
01-Aug-2026 00:34:34,-143.384954671847,-35.9518649385121,0,25,25,25,7,-35.9518649385121
01-Aug-2026 00:34:36,-142.580931954056,-35.1478422207204,0,25,25,25,8,-35.1478422207204
01-Aug-2026 00:34:38,-142.301776558402,-34.8686868250671,0,25,25,25,6,-34.8686868250671
01-Aug-2026 00:34:40,-141.851310255037,-34.4182205217021,0,24,24,24,6,-34.4182205217021
01-Aug-2026 00:34:42,-145.241217970785,-37.8081282374499,0,24,24,24,7,-37.8081282374499
01-Aug-2026 00:34:44,-143.175795089584,-35.742705356249,0,24,24,24,8,-35.742705356249
01-Aug-2026 00:34:46,-142.899190337792,-35.4661006044568,0,24,24,24,10,-35.4661006044568
01-Aug-2026 00:34:48,-140.910647357379,-33.4775576240437,0,24,24,24,11,-33.4775576240437
01-Aug-2026 00:34:50,-140.861745810993,-33.4286560776576,0,24,24,24,13,-33.4286560776576
01-Aug-2026 00:34:52,-140.278107709362,-32.8450179760268,0,24,24,24,14,-32.8450179760268
01-Aug-2026 00:34:54,-140.137078989699,-32.7039892563634,0,24,24,24,15,-32.7039892563634
01-Aug-2026 00:34:56,-140.358351920199,-32.9252621868634,0,23,23,23,16,-32.9252621868634
01-Aug-2026 00:34:58,-140.734663581499,-33.3015738481642,0,23,23,23,15,-33.3015738481642
01-Aug-2026 00:35:00,-140.665714355783,-33.2326246224473,0,23,23,23,16,-33.2326246224473
01-Aug-2026 00:35:02,-140.754426956299,-33.3213372229638,0,22,22,22,14,-33.3213372229638
01-Aug-2026 00:35:04,-140.747250917826,-33.3141611844909,0,22,22,22,14,-33.3141611844909
01-Aug-2026 00:35:06,-140.704224642534,-33.2711349091986,0,22,22,22,14,-33.2711349091986
01-Aug-2026 00:35:08,-140.720621660126,-33.2875319267911,0,22,22,22,14,-33.2875319267911
01-Aug-2026 00:35:10,-139.778752422796,-32.3456626894609,0,22,22,22,15,-32.3456626894609
01-Aug-2026 00:35:12,-139.59350738593,-32.1604176525944,0,22,22,22,15,-32.1604176525944
01-Aug-2026 00:35:14,-139.830351570635,-32.3972618372997,0,22,22,22,17,-32.3972618372997
01-Aug-2026 00:35:16,-139.374050766076,-31.9409610327406,0,21,21,21,14,-31.9409610327406
01-Aug-2026 00:35:18,-139.700601087081,-32.2675113537456,0,21,21,21,13,-32.2675113537456
01-Aug-2026 00:35:20,-139.90305961656,-32.4699698832248,0,21,21,21,11,-32.4699698832248
01-Aug-2026 00:35:22,-139.680525372502,-32.2474356391668,0,21,21,21,11,-32.2474356391668
01-Aug-2026 00:35:24,-139.4918307927,-32.0587410593645,0,21,21,21,10,-32.0587410593645
01-Aug-2026 00:35:26,-139.224001780895,-31.7909120475594,0,21,21,21,11,-31.7909120475594
01-Aug-2026 00:35:28,-139.011039513956,-31.5779497806209,0,22,22,22,13,-31.5779497806209
01-Aug-2026 00:35:30,-139.635465451423,-32.2023757180883,0,23,23,23,15,-32.2023757180883
01-Aug-2026 00:35:32,-139.100388462761,-31.6672987294258,0,23,23,23,15,-31.6672987294258
01-Aug-2026 00:35:34,-138.437438681063,-31.0043489477281,0,23,23,23,15,-31.0043489477281
01-Aug-2026 00:35:36,-138.345241878881,-30.9121521455461,0,23,23,23,14,-30.9121521455461
01-Aug-2026 00:35:38,-137.716907022632,-30.2838172892969,0,23,23,23,14,-30.2838172892969
01-Aug-2026 00:35:40,-137.339762714614,-29.9066729812783,0,24,24,24,15,-29.9066729812783
01-Aug-2026 00:35:42,-136.549231811965,-29.1161420786295,0,24,24,24,15,-29.1161420786295
01-Aug-2026 00:35:44,-136.624739276175,-29.1916495428396,0,24,24,24,15,-29.1916495428396
01-Aug-2026 00:35:46,-136.919826954138,-29.4867372208024,0,24,24,24,13,-29.4867372208024
01-Aug-2026 00:35:48,-136.003207200971,-28.570117467636,0,25,25,25,15,-28.570117467636
01-Aug-2026 00:35:50,-136.104133987627,-28.6710442542915,0,25,25,25,16,-28.6710442542915
01-Aug-2026 00:35:52,-143.642514481841,-36.2094247485059,0,25,25,25,16,-36.2094247485059
01-Aug-2026 00:35:54,-143.749391567881,-36.3163018345457,0,25,25,25,16,-36.3163018345457
01-Aug-2026 00:35:56,-143.470750483583,-36.0376607502475,0,25,25,25,16,-36.0376607502475
01-Aug-2026 00:35:58,-142.840574661095,-35.4074849277595,0,26,26,26,17,-35.4074849277595
01-Aug-2026 00:36:00,-143.499249418505,-36.0661596851697,0,26,26,26,18,-36.0661596851697
01-Aug-2026 00:36:02,-142.418488153425,-34.9853984200896,0,26,26,26,18,-34.9853984200896
01-Aug-2026 00:36:04,-142.340525635123,-34.9074359017875,0,26,26,26,16,-34.9074359017875
01-Aug-2026 00:36:06,-141.644591946027,-34.211502212692,0,26,26,26,15,-34.211502212692
01-Aug-2026 00:36:08,-142.121075979118,-34.6879862457831,0,26,26,26,12,-34.6879862457831
01-Aug-2026 00:36:10,-141.854949565891,-34.421859832556,0,26,26,26,14,-34.421859832556
01-Aug-2026 00:36:12,-141.676181036084,-34.2430913027485,0,26,26,26,14,-34.2430913027485
01-Aug-2026 00:36:14,-141.782262206416,-34.3491724730804,0,26,26,26,16,-34.3491724730804
01-Aug-2026 00:36:16,-141.109229875733,-33.6761401423982,0,26,26,26,15,-33.6761401423982
01-Aug-2026 00:36:18,-141.246829974931,-33.8137402415958,0,26,26,26,15,-33.8137402415958
01-Aug-2026 00:36:20,-141.258643271263,-33.8255535379281,0,26,26,26,15,-33.8255535379281
01-Aug-2026 00:36:22,-140.431858694559,-32.9987689612234,0,26,26,26,16,-32.9987689612234
01-Aug-2026 00:36:24,-140.380687039678,-32.9475973063431,0,26,26,26,16,-32.9475973063431
01-Aug-2026 00:36:26,-140.113160285011,-32.6800705516763,0,26,26,26,15,-32.6800705516763
01-Aug-2026 00:36:28,-140.030047131785,-32.5969573984496,0,26,26,26,15,-32.5969573984496
01-Aug-2026 00:36:30,-140.013233048408,-32.5801433150725,0,26,26,26,13,-32.5801433150725
01-Aug-2026 00:36:32,-139.951681541281,-32.5185918079454,0,25,25,25,12,-32.5185918079454
01-Aug-2026 00:36:34,-139.938827378538,-32.5057376452029,0,25,25,25,10,-32.5057376452029
01-Aug-2026 00:36:36,-140.183564298757,-32.7504745654219,0,25,25,25,10,-32.7504745654219
01-Aug-2026 00:36:38,-139.695682970397,-32.2625932370618,0,25,25,25,10,-32.2625932370618
01-Aug-2026 00:36:40,-140.077295980822,-32.6442062474867,0,26,26,26,9,-32.6442062474867
01-Aug-2026 00:36:42,-138.218308080115,-30.7852183467794,0,26,26,26,9,-30.7852183467794
01-Aug-2026 00:36:44,-138.260323733778,-30.8272340004424,0,26,26,26,8,-30.8272340004424
01-Aug-2026 00:36:46,-138.507614425915,-31.0745246925796,0,26,26,26,9,-31.0745246925796
01-Aug-2026 00:36:48,-138.504289965844,-31.0712002325091,0,26,26,26,9,-31.0712002325091
01-Aug-2026 00:36:50,-138.537471900528,-31.1043821671923,0,26,26,26,9,-31.1043821671923
01-Aug-2026 00:36:52,-139.416065592548,-31.9829758592133,0,25,25,25,10,-31.9829758592133
01-Aug-2026 00:36:54,-139.01008298381,-31.5769932504748,0,25,25,25,11,-31.5769932504748
01-Aug-2026 00:36:56,-133.688978197162,-26.255888463827,0,25,25,25,12,-26.255888463827
01-Aug-2026 00:36:58,-133.653642166034,-26.2205524326991,0,25,25,25,11,-26.2205524326991
01-Aug-2026 00:37:00,-133.986353899766,-26.5532641664311,0,26,26,26,12,-26.5532641664311
01-Aug-2026 00:37:02,-133.621046283691,-26.1879565503558,0,26,26,26,13,-26.1879565503558
01-Aug-2026 00:37:04,-133.618464897126,-26.1853751637906,0,26,26,26,12,-26.1853751637906
01-Aug-2026 00:37:06,-133.627553487776,-26.1944637544411,0,26,26,26,13,-26.1944637544411
01-Aug-2026 00:37:08,-133.471921714428,-26.0388319810925,0,26,26,26,13,-26.0388319810925
01-Aug-2026 00:37:10,-133.545520430767,-26.1124306974318,0,26,26,26,13,-26.1124306974318
01-Aug-2026 00:37:12,-133.383677265763,-25.9505875324282,0,26,26,26,13,-25.9505875324282
01-Aug-2026 00:37:14,-133.280209229539,-25.8471194962043,0,26,26,26,15,-25.8471194962043
01-Aug-2026 00:37:16,-132.7623608469,-25.3292711135647,0,26,26,26,15,-25.3292711135647
01-Aug-2026 00:37:18,-132.867165911176,-25.4340761778411,0,25,25,25,14,-25.4340761778411
01-Aug-2026 00:37:20,-133.200470847958,-25.7673811146224,0,25,25,25,12,-25.7673811146224
01-Aug-2026 00:37:22,-134.077957719841,-26.6448679865057,0,25,25,25,14,-26.6448679865057
01-Aug-2026 00:37:24,-133.406474831223,-25.9733850978878,0,25,25,25,15,-25.9733850978878
01-Aug-2026 00:37:26,-133.501819003844,-26.0687292705086,0,25,25,25,14,-26.0687292705086
01-Aug-2026 00:37:28,-131.830090292185,-24.3970005588497,0,25,25,25,13,-24.3970005588497
01-Aug-2026 00:37:30,-132.513930327186,-25.0808405938504,0,25,25,25,14,-25.0808405938504
01-Aug-2026 00:37:32,-137.046472724715,-29.6133829913796,0,26,26,26,14,-29.6133829913796
01-Aug-2026 00:37:34,-137.404343069068,-29.9712533357327,0,26,26,26,13,-29.9712533357327
01-Aug-2026 00:37:36,-137.187460561879,-29.754370828544,0,26,26,26,13,-29.754370828544
01-Aug-2026 00:37:38,-137.236632867789,-29.8035431344537,0,27,27,27,16,-29.8035431344537
01-Aug-2026 00:37:40,-137.654158273806,-30.2210685404707,0,27,27,27,16,-30.2210685404707
01-Aug-2026 00:37:42,-137.478227290777,-30.0451375574419,0,27,27,27,17,-30.0451375574419
01-Aug-2026 00:37:44,-137.390673173327,-29.957583439992,0,27,27,27,16,-29.957583439992
01-Aug-2026 00:37:46,-136.325932924081,-28.8928431907462,0,27,27,27,17,-28.8928431907462
01-Aug-2026 00:37:48,-136.152785382661,-28.7196956493253,0,27,27,27,17,-28.7196956493253
01-Aug-2026 00:37:50,-139.517410027263,-32.0843202939274,0,26,26,26,17,-32.0843202939274
01-Aug-2026 00:37:52,-138.948322354496,-31.5152326211613,0,26,26,26,15,-31.5152326211613
01-Aug-2026 00:37:54,-139.194382436343,-31.7612927030074,0,26,26,26,14,-31.7612927030074
01-Aug-2026 00:37:56,-138.923830943623,-31.4907412102875,0,26,26,26,15,-31.4907412102875
01-Aug-2026 00:37:58,-139.389297989329,-31.9562082559937,0,26,26,26,14,-31.9562082559937
01-Aug-2026 00:38:00,-139.807151076425,-32.3740613430897,0,25,25,25,14,-32.3740613430897
01-Aug-2026 00:38:02,-145.326775412043,-37.8936856787074,0,25,25,25,10,-37.8936856787074
01-Aug-2026 00:38:04,-142.116164846897,-34.683075113562,0,25,25,25,9,-34.683075113562
01-Aug-2026 00:38:06,-142.213170015307,-34.7800802819721,0,25,25,25,11,-34.7800802819721
01-Aug-2026 00:38:08,-142.239997265337,-34.806907532002,0,25,25,25,13,-34.806907532002
01-Aug-2026 00:38:10,-143.755232285788,-36.3221425524531,0,25,25,25,12,-36.3221425524531
01-Aug-2026 00:38:12,-143.806338762208,-36.3732490288726,0,25,25,25,13,-36.3732490288726
01-Aug-2026 00:38:14,-149.150634874852,-41.7175451415165,0,25,25,25,13,-41.7175451415165
01-Aug-2026 00:38:16,-149.262929147482,-41.8298394141467,0,25,25,25,15,-41.8298394141467
01-Aug-2026 00:38:18,-150.004447075199,-42.5713573418642,0,25,25,25,15,-42.5713573418642
01-Aug-2026 00:38:20,-150.052986268328,-42.6198965349931,0,25,25,25,15,-42.6198965349931
01-Aug-2026 00:38:22,-150.175429994394,-42.7423402610586,0,25,25,25,15,-42.7423402610586
01-Aug-2026 00:38:24,-150.02106582703,-42.5879760936951,0,24,24,24,14,-42.5879760936951
01-Aug-2026 00:38:26,-151.331528645534,-43.8984389121989,0,24,24,24,14,-43.8984389121989
01-Aug-2026 00:38:28,-153.157858191663,-45.7247684583283,0,24,24,24,14,-45.7247684583283
01-Aug-2026 00:38:30,-152.774079649443,-45.3409899161081,0,24,24,24,15,-45.3409899161081
01-Aug-2026 00:38:32,-153.005221376745,-45.5721316434099,0,24,24,24,15,-45.5721316434099
01-Aug-2026 00:38:34,-150.087879277017,-42.6547895436817,0,24,24,24,15,-42.6547895436817
01-Aug-2026 00:38:36,-149.809637236036,-42.376547502701,0,24,24,24,15,-42.376547502701
01-Aug-2026 00:38:38,-149.513292378623,-42.0802026452874,0,24,24,24,14,-42.0802026452874
01-Aug-2026 00:38:40,-149.62046770779,-42.187377974455,0,24,24,24,13,-42.187377974455
01-Aug-2026 00:38:42,-149.40259824801,-41.9695085146747,0,24,24,24,14,-41.9695085146747
01-Aug-2026 00:38:44,-149.168343382741,-41.7352536494061,0,24,24,24,13,-41.7352536494061
01-Aug-2026 00:38:46,-149.119978332457,-41.6868885991223,0,24,24,24,14,-41.6868885991223
01-Aug-2026 00:38:48,-148.13345786623,-40.7003681328945,0,23,23,23,12,-40.7003681328945
01-Aug-2026 00:38:50,-148.196447047096,-40.763357313761,0,23,23,23,11,-40.763357313761
01-Aug-2026 00:38:52,-148.100366026259,-40.6672762929235,0,23,23,23,11,-40.6672762929235
01-Aug-2026 00:38:54,-147.89378716066,-40.4606974273252,0,22,22,22,11,-40.4606974273252
01-Aug-2026 00:38:56,-147.926766820481,-40.4936770871453,0,22,22,22,11,-40.4936770871453
01-Aug-2026 00:38:58,-147.630331206772,-40.1972414734364,0,22,22,22,10,-40.1972414734364
01-Aug-2026 00:39:00,-147.827802616574,-40.3947128832387,0,22,22,22,10,-40.3947128832387
01-Aug-2026 00:39:02,-147.799949270332,-40.3668595369965,0,22,22,22,10,-40.3668595369965
01-Aug-2026 00:39:04,-147.771389124932,-40.3382993915968,0,21,21,21,9,-40.3382993915968
01-Aug-2026 00:39:06,-147.401168888702,-39.9680791553668,0,21,21,21,9,-39.9680791553668
01-Aug-2026 00:39:08,-147.778011174608,-40.3449214412726,0,21,21,21,8,-40.3449214412726
01-Aug-2026 00:39:10,-147.657893461901,-40.2248037285657,0,21,21,21,9,-40.2248037285657
01-Aug-2026 00:39:12,-147.462144337519,-40.029054604184,0,21,21,21,8,-40.029054604184
01-Aug-2026 00:39:14,-147.331782070122,-39.898692336787,0,21,21,21,7,-39.898692336787
01-Aug-2026 00:39:16,-146.685484489045,-39.2523947557101,0,21,21,21,7,-39.2523947557101
01-Aug-2026 00:39:18,-141.438628055785,-34.0055383224494,0,21,21,21,8,-34.0055383224494
01-Aug-2026 00:39:20,-151.029765105007,-43.5966753716723,0,22,22,22,7,-43.5966753716723
01-Aug-2026 00:39:22,-150.583311941889,-43.1502222085541,0,23,23,23,9,-43.1502222085541
01-Aug-2026 00:39:24,-151.966468757476,-44.5333790241409,0,23,23,23,8,-44.5333790241409
01-Aug-2026 00:39:26,-149.852750325233,-42.4196605918982,0,23,23,23,8,-42.4196605918982
01-Aug-2026 00:39:28,-149.107908356776,-41.674818623441,0,23,23,23,9,-41.674818623441
01-Aug-2026 00:39:30,-149.362922459116,-41.9298327257812,0,23,23,23,8,-41.9298327257812
01-Aug-2026 00:39:32,-142.912417934855,-35.47932820152,0,23,23,23,11,-35.47932820152
01-Aug-2026 00:39:34,-142.901558282065,-35.4684685487299,0,24,24,24,9,-35.4684685487299
01-Aug-2026 00:39:36,-142.645988365052,-35.2128986317172,0,25,25,25,9,-35.2128986317172
01-Aug-2026 00:39:38,-142.632755612028,-35.1996658786924,0,25,25,25,9,-35.1996658786924
01-Aug-2026 00:39:40,-141.76476978422,-34.3316800508845,0,25,25,25,8,-34.3316800508845
01-Aug-2026 00:39:42,-141.490800061276,-34.0577103279412,0,25,25,25,7,-34.0577103279412
01-Aug-2026 00:39:44,-141.445434223671,-34.0123444903363,0,25,25,25,7,-34.0123444903363
01-Aug-2026 00:39:46,-141.207465617383,-33.7743758840482,0,25,25,25,7,-33.7743758840482
01-Aug-2026 00:39:48,-141.828207156586,-34.3951174232512,0,26,26,26,9,-34.3951174232512
01-Aug-2026 00:39:50,-142.332156678189,-34.8990669448534,0,26,26,26,8,-34.8990669448534
01-Aug-2026 00:39:52,-142.210722623336,-34.777632890001,0,26,26,26,8,-34.777632890001
01-Aug-2026 00:39:54,-142.397119601897,-34.9640298685619,0,26,26,26,8,-34.9640298685619
01-Aug-2026 00:39:56,-142.552990417179,-35.1199006838441,0,27,27,27,9,-35.1199006838441
01-Aug-2026 00:39:58,-142.885620095419,-35.4525303620838,0,26,26,26,10,-35.4525303620838
01-Aug-2026 00:40:00,-143.583200057174,-36.1501103238385,0,26,26,26,11,-36.1501103238385
01-Aug-2026 00:40:02,-144.778975752702,-37.3458860193665,0,25,25,25,10,-37.3458860193665
01-Aug-2026 00:40:04,-145.574375909281,-38.1412861759456,0,25,25,25,9,-38.1412861759456
01-Aug-2026 00:40:06,-145.081569207392,-37.6484794740563,0,25,25,25,11,-37.6484794740563
01-Aug-2026 00:40:08,-145.161943806214,-37.7288540728793,0,25,25,25,10,-37.7288540728793
01-Aug-2026 00:40:10,-145.899655128434,-38.4665653950985,0,25,25,25,9,-38.4665653950985
01-Aug-2026 00:40:12,-145.689988837072,-38.256899103737,0,25,25,25,9,-38.256899103737
01-Aug-2026 00:40:14,-146.075679783567,-38.6425900502316,0,25,25,25,9,-38.6425900502316
01-Aug-2026 00:40:16,-145.490148974908,-38.0570592415731,0,25,25,25,10,-38.0570592415731
01-Aug-2026 00:40:18,-145.756649980554,-38.3235602472186,0,25,25,25,9,-38.3235602472186
01-Aug-2026 00:40:20,-146.947680869906,-39.5145911365704,0,25,25,25,10,-39.5145911365704
01-Aug-2026 00:40:22,-147.077091068356,-39.6440013350211,0,25,25,25,9,-39.6440013350211
01-Aug-2026 00:40:24,-152.000735297437,-44.5676455641015,0,25,25,25,8,-44.5676455641015
01-Aug-2026 00:40:26,-151.632687150809,-44.1995974174737,0,25,25,25,9,-44.1995974174737
01-Aug-2026 00:40:28,-151.359097956728,-43.9260082233923,0,26,26,26,10,-43.9260082233923
01-Aug-2026 00:40:30,-147.70642590228,-40.2733361689451,0,26,26,26,10,-40.2733361689451
01-Aug-2026 00:40:32,-147.847637475769,-40.4145477424335,0,26,26,26,13,-40.4145477424335
01-Aug-2026 00:40:34,-147.684686718171,-40.2515969848356,0,26,26,26,14,-40.2515969848356
01-Aug-2026 00:40:36,-147.357235500468,-39.924145767133,0,26,26,26,13,-39.924145767133
01-Aug-2026 00:40:38,-147.075995705512,-39.6429059721773,0,26,26,26,13,-39.6429059721773
01-Aug-2026 00:40:40,-146.676116836561,-39.2430271032255,0,27,27,27,11,-39.2430271032255
01-Aug-2026 00:40:42,-146.447295521629,-39.0142057882942,0,26,26,26,10,-39.0142057882942
01-Aug-2026 00:40:44,-146.736321537096,-39.3032318037608,0,26,26,26,9,-39.3032318037608
01-Aug-2026 00:40:46,-146.764338845066,-39.3312491117309,0,26,26,26,9,-39.3312491117309
01-Aug-2026 00:40:48,-145.976614828849,-38.5435250955142,0,26,26,26,10,-38.5435250955142
01-Aug-2026 00:40:50,-151.297741382826,-43.864651649491,0,26,26,26,8,-43.864651649491
01-Aug-2026 00:40:52,-146.697746453237,-39.2646567199017,0,26,26,26,10,-39.2646567199017
01-Aug-2026 00:40:54,-146.710181358267,-39.2770916249318,0,26,26,26,10,-39.2770916249318
01-Aug-2026 00:40:56,-146.920264216449,-39.4871744831134,0,26,26,26,11,-39.4871744831134
01-Aug-2026 00:40:58,-143.793614083678,-36.3605243503426,0,26,26,26,11,-36.3605243503426
01-Aug-2026 00:41:00,-147.089479709693,-39.6563899763576,0,26,26,26,10,-39.6563899763576
01-Aug-2026 00:41:02,-147.724680632423,-40.2915908990879,0,26,26,26,9,-40.2915908990879
01-Aug-2026 00:41:04,-147.615295982752,-40.1822062494167,0,26,26,26,11,-40.1822062494167
01-Aug-2026 00:41:06,-149.277934721861,-41.8448449885263,0,26,26,26,11,-41.8448449885263
01-Aug-2026 00:41:08,-148.720634665463,-41.2875449321278,0,25,25,25,11,-41.2875449321278
01-Aug-2026 00:41:10,-148.993405823843,-41.5603160905082,0,25,25,25,11,-41.5603160905082
01-Aug-2026 00:41:12,-140.520307377148,-33.0872176438128,0,25,25,25,12,-33.0872176438128
01-Aug-2026 00:41:14,-140.765048625845,-33.3319588925102,0,25,25,25,12,-33.3319588925102
01-Aug-2026 00:41:16,-140.942876208767,-33.509786475432,0,25,25,25,12,-33.509786475432
01-Aug-2026 00:41:18,-127.919412582689,-20.486322849354,0,25,25,25,14,-20.486322849354
01-Aug-2026 00:41:20,-127.915055201424,-20.4819654680886,0,25,25,25,15,-20.4819654680884
01-Aug-2026 00:41:22,-128.440529530318,-21.0074397969826,0,26,26,26,16,-21.0074397969831
01-Aug-2026 00:41:24,-141.234307798558,-33.8012180652231,0,26,26,26,16,-33.8012180652231
01-Aug-2026 00:41:26,-140.941565480031,-33.5084757466963,0,26,26,26,17,-33.5084757466963
01-Aug-2026 00:41:28,-140.877926158543,-33.4448364252079,0,26,26,26,17,-33.4448364252079
01-Aug-2026 00:41:30,-137.978594354903,-30.545504621568,0,26,26,26,15,-30.545504621568
01-Aug-2026 00:41:32,-139.872983173843,-32.4398934405075,0,27,27,27,16,-32.4398934405075
01-Aug-2026 00:41:34,-140.017175376174,-32.5840856428392,0,27,27,27,17,-32.5840856428392
01-Aug-2026 00:41:36,-139.480157879618,-32.0470681462824,0,27,27,27,17,-32.0470681462824
01-Aug-2026 00:41:38,-131.695482757725,-24.2623930243899,0,27,27,27,16,-24.2623930243899
01-Aug-2026 00:41:40,-133.103811593989,-25.6707218606536,0,26,26,26,15,-25.6707218606536
01-Aug-2026 00:41:42,-133.374867514969,-25.9417777816339,0,26,26,26,15,-25.9417777816339
01-Aug-2026 00:41:44,-134.44569727628,-27.0126075429448,0,26,26,26,16,-27.0126075429448
01-Aug-2026 00:41:46,-135.076566748048,-27.6434770147131,0,26,26,26,15,-27.6434770147131
01-Aug-2026 00:41:48,-134.952627272675,-27.5195375393396,0,25,25,25,14,-27.5195375393396
01-Aug-2026 00:41:50,-135.47889119491,-28.0458014615749,0,25,25,25,15,-28.0458014615749
01-Aug-2026 00:41:52,-136.242258159089,-28.8091684257537,0,25,25,25,16,-28.8091684257537
01-Aug-2026 00:41:54,-137.193078394791,-29.7599886614561,0,25,25,25,15,-29.7599886614561
01-Aug-2026 00:41:56,-137.685828216368,-30.2527384830329,0,26,26,26,15,-30.2527384830329
01-Aug-2026 00:41:58,-135.648383039083,-28.2152933057475,0,25,25,25,14,-28.2152933057475
01-Aug-2026 00:42:00,-135.828829716292,-28.3957399829566,0,25,25,25,14,-28.3957399829566
01-Aug-2026 00:42:02,-141.63320851923,-34.2001187858948,0,25,25,25,14,-34.2001187858948
01-Aug-2026 00:42:04,-140.959181849935,-33.5260921165999,0,25,25,25,14,-33.5260921165999
01-Aug-2026 00:42:06,-141.070897484188,-33.6378077508525,0,25,25,25,12,-33.6378077508525
01-Aug-2026 00:42:08,-141.704922299829,-34.2718325664937,0,25,25,25,10,-34.2718325664937
01-Aug-2026 00:42:10,-141.867558971587,-34.4344692382514,0,24,24,24,12,-34.4344692382514
01-Aug-2026 00:42:12,-141.674178463019,-34.2410887296838,0,24,24,24,12,-34.2410887296838
01-Aug-2026 00:42:14,-150.779662389146,-43.346572655811,0,24,24,24,13,-43.346572655811
01-Aug-2026 00:42:16,-149.564967599436,-42.1318778661008,0,24,24,24,14,-42.1318778661008
01-Aug-2026 00:42:18,-146.77635509361,-39.3432653602748,0,24,24,24,16,-39.3432653602748
01-Aug-2026 00:42:20,-149.540242486284,-42.1071527529493,0,24,24,24,14,-42.1071527529493
01-Aug-2026 00:42:22,-150.197166416578,-42.7640766832425,0,24,24,24,13,-42.7640766832425
01-Aug-2026 00:42:24,-149.911549291164,-42.4784595578284,0,24,24,24,14,-42.4784595578284
01-Aug-2026 00:42:26,-149.846311031814,-42.4132212984792,0,24,24,24,14,-42.4132212984792
01-Aug-2026 00:42:28,-149.069865452953,-41.6367757196182,0,24,24,24,14,-41.6367757196182
01-Aug-2026 00:42:30,-148.130600215209,-40.6975104818735,0,24,24,24,14,-40.6975104818735
01-Aug-2026 00:42:32,-148.096354997247,-40.6632652639118,0,24,24,24,13,-40.6632652639118
01-Aug-2026 00:42:34,-147.531524826126,-40.0984350927912,0,23,23,23,13,-40.0984350927912
01-Aug-2026 00:42:36,-147.298910508062,-39.8658207747264,0,23,23,23,13,-39.8658207747264
01-Aug-2026 00:42:38,-147.001849470492,-39.5687597371563,0,23,23,23,13,-39.5687597371563
01-Aug-2026 00:42:40,-145.592996191818,-38.1599064584827,0,23,23,23,13,-38.1599064584827
01-Aug-2026 00:42:42,-145.635906854057,-38.2028171207223,0,23,23,23,13,-38.2028171207223
01-Aug-2026 00:42:44,-146.367355045784,-38.9342653124488,0,23,23,23,13,-38.9342653124488
01-Aug-2026 00:42:46,-147.748012751695,-40.3149230183597,0,23,23,23,13,-40.3149230183597
01-Aug-2026 00:42:48,-147.694203876568,-40.2611141432331,0,23,23,23,14,-40.2611141432331
01-Aug-2026 00:42:50,-147.68233702892,-40.2492472955853,0,23,23,23,13,-40.2492472955853
01-Aug-2026 00:42:52,-145.36848257714,-37.9353928438053,0,22,22,22,12,-37.9353928438053
01-Aug-2026 00:42:54,-144.709826750193,-37.2767370168575,0,21,21,21,12,-37.2767370168575
01-Aug-2026 00:42:56,-144.943789056467,-37.5106993231313,0,21,21,21,13,-37.5106993231313
01-Aug-2026 00:42:58,-144.681382818055,-37.2482930847198,0,21,21,21,11,-37.2482930847198
01-Aug-2026 00:43:00,-143.4674413298,-36.0343515964651,0,21,21,21,12,-36.0343515964651
01-Aug-2026 00:43:02,-142.52111772488,-35.0880279915453,0,21,21,21,12,-35.0880279915453
01-Aug-2026 00:43:04,-141.337274156032,-33.9041844226973,0,21,21,21,13,-33.9041844226973
01-Aug-2026 00:43:06,-140.005812626907,-32.5727228935714,0,22,22,22,14,-32.5727228935714
01-Aug-2026 00:43:08,-140.702246324296,-33.269156590961,0,22,22,22,13,-33.269156590961
01-Aug-2026 00:43:10,-139.513907941948,-32.0808182086132,0,23,23,23,15,-32.0808182086132
01-Aug-2026 00:43:12,-139.999216968149,-32.5661272348137,0,23,23,23,13,-32.5661272348137
01-Aug-2026 00:43:14,-141.790996185193,-34.3579064518573,0,23,23,23,13,-33.1648521479179
01-Aug-2026 00:43:16,-143.202315583738,-35.7692258504029,0,23,23,23,14,-34.3896163279055
01-Aug-2026 00:43:18,-145.008647882028,-37.575558148693,0,23,23,23,13,-35.1996700753628
01-Aug-2026 00:43:20,-148.687202131755,-41.2541123984193,0,23,23,23,12,-36.1707605370536
01-Aug-2026 00:43:22,-150.912188473121,-43.4790987397853,0,23,23,23,12,-35.5505021165802
01-Aug-2026 00:43:24,-153.129794779559,-45.6967050462242,0,24,24,24,11,-45.6967050462242
01-Aug-2026 00:43:26,-154.803358939686,-47.3702692063508,0,24,24,24,11,-47.3702692063508
01-Aug-2026 00:43:28,-152.449902547207,-45.0168128138723,0,23,23,23,13,-45.0168128138723
01-Aug-2026 00:43:30,-152.647590635753,-45.2145009024181,0,23,23,23,12,-45.2145009024181
01-Aug-2026 00:43:32,-152.05007309629,-44.6169833629548,0,23,23,23,14,-26.7073734732132
01-Aug-2026 00:43:34,-151.558684769154,-44.1255950358184,0,23,23,23,13,-44.1255950358184
01-Aug-2026 00:43:36,-146.959745803517,-39.5266560701817,0,23,23,23,14,-39.5266560701817
01-Aug-2026 00:43:38,-146.986787497843,-39.5536977645082,0,24,24,24,13,-39.5536977645082
01-Aug-2026 00:43:40,-151.61017040239,-44.1770806690546,0,24,24,24,12,-44.1770806690546
01-Aug-2026 00:43:42,-154.30998070178,-46.8768909684446,0,25,25,25,12,-46.8768909684446
01-Aug-2026 00:43:44,-144.355416924337,-36.9223271910016,0,26,26,26,12,-36.9223271910016
01-Aug-2026 00:43:46,-142.63283455439,-35.1997448210552,0,26,26,26,14,-35.1997448210552
01-Aug-2026 00:43:48,-146.391114880416,-38.9580251470807,0,25,25,25,12,-38.9580251470807
01-Aug-2026 00:43:50,-145.255077927079,-37.8219881937435,0,25,25,25,14,-37.8219881937435
01-Aug-2026 00:43:52,-145.129515002992,-37.6964252696572,0,25,25,25,13,-37.6964252696572
01-Aug-2026 00:43:54,-145.979532289892,-38.5464425565564,0,25,25,25,11,-38.5464425565564
01-Aug-2026 00:43:56,-146.04745806593,-38.6143683325951,0,25,25,25,11,-38.6143683325951
01-Aug-2026 00:43:58,-146.615044492381,-39.1819547590461,0,25,25,25,11,-39.1819547590461
01-Aug-2026 00:44:00,-145.209997484182,-37.7769077508466,0,25,25,25,11,-37.7769077508466
01-Aug-2026 00:44:02,-144.696387675918,-37.2632979425825,0,25,25,25,11,-37.2632979425825
01-Aug-2026 00:44:04,-144.686419659432,-37.2533299260969,0,25,25,25,11,-37.2533299260969
01-Aug-2026 00:44:06,-144.586860170588,-37.1537704372529,0,25,25,25,11,-37.1537704372529
01-Aug-2026 00:44:08,-144.350238536766,-36.9171488034309,0,25,25,25,12,-36.9171488034309
01-Aug-2026 00:44:10,-141.607721683324,-34.1746319499892,0,25,25,25,13,-34.1746319499892
01-Aug-2026 00:44:12,-140.739529752271,-33.3064400189356,0,25,25,25,14,-33.3064400189356
01-Aug-2026 00:44:14,-140.67710431514,-33.2440145818047,0,25,25,25,14,-33.2440145818047
01-Aug-2026 00:44:16,-134.29613832865,-26.8630485953144,0,26,26,26,16,-26.8630485953144
01-Aug-2026 00:44:18,-134.462706424899,-27.0296166915634,0,26,26,26,14,-27.0296166915634
01-Aug-2026 00:44:20,-135.194261327393,-27.7611715940575,0,27,27,27,16,-27.7611715940575
01-Aug-2026 00:44:22,-135.365092284787,-27.9320025514516,0,27,27,27,15,-27.9320025514516
01-Aug-2026 00:44:24,-136.595433760975,-29.1623440276394,0,27,27,27,14,-29.1623440276394
01-Aug-2026 00:44:26,-136.4914460247,-29.058356291365,0,27,27,27,15,-29.058356291365
01-Aug-2026 00:44:28,-135.709859869598,-28.276770136263,0,27,27,27,14,-28.276770136263
01-Aug-2026 00:44:30,-135.792006562242,-28.3589168289069,0,27,27,27,14,-28.358916828907
01-Aug-2026 00:44:32,-136.477578273599,-29.0444885402638,0,26,26,26,13,-29.0444885402638
01-Aug-2026 00:44:34,-136.958323516437,-29.5252337831017,0,26,26,26,13,-29.5252337831017
01-Aug-2026 00:44:36,-145.149002858637,-37.7159131253015,0,26,26,26,11,-37.7159131253015
01-Aug-2026 00:44:38,-140.94349913092,-33.5104093975852,0,26,26,26,13,-33.5104093975852
01-Aug-2026 00:44:40,-140.545389026846,-33.1122992935107,0,26,26,26,12,-33.1122992935107
01-Aug-2026 00:44:42,-139.271051244081,-31.8379615107457,0,26,26,26,10,-31.8379615107457
01-Aug-2026 00:44:44,-137.463388515888,-30.0302987825529,0,26,26,26,12,-30.0302987825529
01-Aug-2026 00:44:46,-135.330133844079,-27.8970441107436,0,26,26,26,14,-27.8970441107436
01-Aug-2026 00:44:48,-132.391199517836,-24.9581097845008,0,26,26,26,14,-24.9581097845008
01-Aug-2026 00:44:50,-127.901008251433,-20.4679185180974,0,26,26,26,14,-20.4679185180974
01-Aug-2026 00:44:52,-125.418451200767,-17.9853614674314,0,26,26,26,15,-17.9853614674314
01-Aug-2026 00:44:54,-125.012994101149,-17.5799043678143,0,26,26,26,13,-17.5799043678143
01-Aug-2026 00:44:56,-126.742665813668,-19.3095760803325,0,26,26,26,13,-19.3095760803325
01-Aug-2026 00:44:58,-129.221105256812,-21.7880155234765,0,26,26,26,14,-21.7880155234765
01-Aug-2026 00:45:00,-130.526942061328,-23.0938523279926,0,25,25,25,13,-23.0938523279926
01-Aug-2026 00:45:02,-137.535884160625,-30.1027944272894,0,25,25,25,14,-30.1027944272894
01-Aug-2026 00:45:04,-138.70485032379,-31.2717605904546,0,25,25,25,14,-31.2717605904546
01-Aug-2026 00:45:06,-139.490183358225,-32.0570936248897,0,25,25,25,14,-32.0570936248897
01-Aug-2026 00:45:08,-128.475154063208,-21.0420643298731,0,25,25,25,13,-21.0420643298731
01-Aug-2026 00:45:10,-128.310367717849,-20.8772779845134,0,25,25,25,13,-20.8772779845135
01-Aug-2026 00:45:12,-141.692086802571,-34.2589970692363,0,26,26,26,16,-34.2589970692363
01-Aug-2026 00:45:14,-141.481230771177,-34.048141037842,0,26,26,26,15,-34.048141037842
01-Aug-2026 00:45:16,-139.864381465989,-32.4312917326539,0,26,26,26,14,-32.4312917326539
01-Aug-2026 00:45:18,-140.136919964007,-32.7038302306717,0,26,26,26,13,-32.7038302306717
01-Aug-2026 00:45:20,-140.06119087687,-32.6281011435352,0,26,26,26,13,-32.6281011435352
01-Aug-2026 00:45:22,-140.23578143439,-32.802691701055,0,26,26,26,12,-32.802691701055
01-Aug-2026 00:45:24,-140.551953412643,-33.1188636793074,0,27,27,27,13,-33.1188636793074
01-Aug-2026 00:45:26,-140.13316463025,-32.7000748969153,0,27,27,27,16,-32.7000748969153
01-Aug-2026 00:45:28,-139.51907369103,-32.0859839576944,0,26,26,26,16,-32.0859839576944
01-Aug-2026 00:45:30,-138.823354959558,-31.3902652262226,0,26,26,26,15,-31.3902652262226
01-Aug-2026 00:45:32,-138.623493186123,-31.190403452788,0,26,26,26,14,-31.190403452788
01-Aug-2026 00:45:34,-138.477691824899,-31.0446020915634,0,26,26,26,13,-31.0446020915634
01-Aug-2026 00:45:36,-139.111802936037,-31.6787132027015,0,25,25,25,14,-31.6787132027015
01-Aug-2026 00:45:38,-139.140173223161,-31.7070834898257,0,25,25,25,14,-31.7070834898257
01-Aug-2026 00:45:40,-140.766303168594,-33.3332134352592,0,25,25,25,14,-33.3332134352592
01-Aug-2026 00:45:42,-140.394676102533,-32.961586369198,0,25,25,25,12,-32.961586369198
01-Aug-2026 00:45:44,-140.162259776459,-32.7291700431239,0,25,25,25,11,-32.7291700431239
01-Aug-2026 00:45:46,-139.283055634458,-31.8499659011232,0,26,26,26,13,-31.8499659011232
01-Aug-2026 00:45:48,-139.434758902352,-32.0016691690168,0,25,25,25,13,-32.0016691690168
01-Aug-2026 00:45:50,-139.742294887684,-32.3092051543486,0,25,25,25,13,-32.3092051543486
01-Aug-2026 00:45:52,-139.66178558749,-32.2286958541551,0,25,25,25,13,-32.2286958541551
01-Aug-2026 00:45:54,-139.581308666886,-32.1482189335512,0,24,24,24,11,-32.1482189335512
01-Aug-2026 00:45:56,-139.890777490084,-32.4576877567488,0,24,24,24,10,-32.4576877567488
01-Aug-2026 00:45:58,-139.772219783455,-32.3391300501194,0,24,24,24,11,-32.3391300501194
01-Aug-2026 00:46:00,-140.106064002427,-32.672974269092,0,24,24,24,12,-32.672974269092
01-Aug-2026 00:46:02,-140.120578738138,-32.6874890048027,0,24,24,24,14,-32.6874890048027
01-Aug-2026 00:46:04,-143.922393991717,-36.4893042583816,0,24,24,24,12,-36.4893042583816
01-Aug-2026 00:46:06,-143.905860326182,-36.4727705928469,0,24,24,24,11,-36.4727705928469
01-Aug-2026 00:46:08,-146.179969849238,-38.7468801159028,0,24,24,24,11,-38.7468801159028
01-Aug-2026 00:46:10,-141.120542220501,-33.6874524871661,0,24,24,24,12,-33.6874524871661
01-Aug-2026 00:46:12,-142.404303536767,-34.9712138034319,0,24,24,24,13,-34.9712138034319
01-Aug-2026 00:46:14,-142.5314686251,-35.0983788917648,0,24,24,24,13,-35.0983788917648
01-Aug-2026 00:46:16,-148.508855779199,-41.0757660458635,0,24,24,24,13,-41.0757660458635
01-Aug-2026 00:46:18,-148.558831664385,-41.1257419310495,0,24,24,24,12,-41.1257419310495
01-Aug-2026 00:46:20,-148.182873581106,-40.749783847771,0,24,24,24,12,-40.749783847771
01-Aug-2026 00:46:22,-147.88141029011,-40.4483205567746,0,23,23,23,13,-40.4483205567746
01-Aug-2026 00:46:24,-147.585673196347,-40.1525834630122,0,23,23,23,13,-40.1525834630122
01-Aug-2026 00:46:26,-147.838843746261,-40.405754012926,0,23,23,23,13,-40.405754012926
01-Aug-2026 00:46:28,-147.6802050093,-40.2471152759645,0,23,23,23,13,-40.2471152759645
01-Aug-2026 00:46:30,-147.957145483862,-40.5240557505264,0,23,23,23,11,-40.5240557505264
01-Aug-2026 00:46:32,-149.672993543978,-42.2399038106424,0,23,23,23,9,-42.2399038106424
01-Aug-2026 00:46:34,-149.643632374027,-42.2105426406915,0,23,23,23,9,-42.2105426406915
01-Aug-2026 00:46:36,-156.840730877793,-49.4076411444579,0,23,23,23,10,-49.4076411444579
01-Aug-2026 00:46:38,-157.342066864867,-49.9089771315321,0,23,23,23,10,-49.9089771315321
01-Aug-2026 00:46:40,-161.45625388631,-54.0231641529751,0,23,23,23,9,-54.0231641529751
01-Aug-2026 00:46:42,-155.971770929844,-48.5386811965092,0,23,23,23,10,-48.5386811965092
01-Aug-2026 00:46:44,-156.025765698644,-48.592675965309,0,22,22,22,10,-48.592675965309
01-Aug-2026 00:46:46,-155.710116517817,-48.2770267844819,0,22,22,22,10,-48.2770267844819
01-Aug-2026 00:46:48,-155.726763814874,-48.293674081539,0,22,22,22,9,-48.293674081539
01-Aug-2026 00:46:50,-156.250167459552,-48.8170777262165,0,21,21,21,8,-48.8170777262165
01-Aug-2026 00:46:52,-155.383271688469,-47.9501819551334,0,21,21,21,8,-47.9501819551334
01-Aug-2026 00:46:54,-153.786478167768,-46.3533884344328,0,21,21,21,10,-46.3533884344328
01-Aug-2026 00:46:56,-152.287412216297,-44.8543224829617,0,21,21,21,10,-44.8543224829617
01-Aug-2026 00:46:58,-146.159320323967,-38.7262305906323,0,21,21,21,11,-38.7262305906323
01-Aug-2026 00:47:00,-151.606871069548,-44.1737813362131,0,22,22,22,12,-37.9453445273462
01-Aug-2026 00:47:02,-152.037758532239,-44.6046687989034,0,22,22,22,12,-37.8194908445828
01-Aug-2026 00:47:04,-153.00574181194,-45.572652078605,0,22,22,22,10,-37.4337390048528
01-Aug-2026 00:47:06,-154.507041303089,-47.0739515697538,0,22,22,22,8,-33.0460607690665
01-Aug-2026 00:47:08,-154.921622365448,-47.4885326321126,0,22,22,22,7,-32.993550004801
01-Aug-2026 00:47:10,-154.456077700916,-47.0229879675811,0,22,22,22,6,-32.2064342024417
01-Aug-2026 00:47:12,-160.643985722728,-53.2108959893925,0,23,23,23,7,-27.2073953169478
01-Aug-2026 00:47:14,-175.52910070433,-68.0960109709949,0,23,23,23,6,-27.7233545198381
01-Aug-2026 00:47:16,-175.70295787207,-68.2698681387348,0,23,23,23,6,-26.5844239133546
01-Aug-2026 00:47:18,-175.76392116204,-68.3308314287048,0,23,23,23,6,-26.4572745047941
01-Aug-2026 00:47:20,-153.590194867672,-46.1571051343373,0,23,23,23,6,-26.7051840859372
01-Aug-2026 00:47:22,-153.782544457767,-46.3494547244323,0,23,23,23,6,-26.7928197177664
01-Aug-2026 00:47:24,-153.766569674706,-46.3334799413704,0,23,23,23,6,-26.2964676279326
01-Aug-2026 00:47:26,-177.25364124982,-69.8205515164851,0,23,23,23,4,-69.8205515164851
01-Aug-2026 00:47:28,-165.858205800042,-58.4251160667064,0,24,24,24,4,-58.4251160667064
01-Aug-2026 00:47:30,-165.547278704834,-58.1141889714989,0,24,24,24,3,-58.1141889714989
01-Aug-2026 00:47:32,-176.307689325566,-68.8745995922306,0,25,25,25,3,-68.8745995922306
01-Aug-2026 00:47:34,-176.117913463067,-68.684823729732,0,25,25,25,3,-68.684823729732
01-Aug-2026 00:47:36,-146.826563532979,-39.3934737996441,0,25,25,25,4,-39.3934737996441
01-Aug-2026 00:47:38,-146.737061104686,-39.3039713713508,0,24,24,24,3,-39.3039713713508
01-Aug-2026 00:47:40,-146.597651636101,-39.1645619027658,0,24,24,24,3,-39.1645619027658
01-Aug-2026 00:47:42,-142.272882438696,-34.839792705361,0,24,24,24,4,-34.839792705361
01-Aug-2026 00:47:44,-136.058513336643,-28.6254236033079,0,24,24,24,4,-28.6254236033079
01-Aug-2026 00:47:46,-136.356921904868,-28.9238321715324,0,24,24,24,4,-28.9238321715324
01-Aug-2026 00:47:48,-137.218377919252,-29.7852881859167,0,24,24,24,4,-29.7852881859167
01-Aug-2026 00:47:50,-137.77793178178,-30.3448420484451,0,24,24,24,4,-30.3448420484451
01-Aug-2026 00:47:52,-138.181846986813,-30.7487572534781,0,24,24,24,5,-30.7487572534781
01-Aug-2026 00:47:54,-138.747436237514,-31.314346504179,0,24,24,24,5,-31.314346504179
01-Aug-2026 00:47:56,-139.910668902217,-32.4775791688814,0,24,24,24,6,-32.4775791688814
01-Aug-2026 00:47:58,-140.09130213774,-32.6582124044044,0,24,24,24,7,-32.6582124044044
01-Aug-2026 00:48:00,-140.780846280156,-33.3477565468203,0,26,26,26,9,-33.3477565468203
01-Aug-2026 00:48:02,-141.560291353609,-34.127201620274,0,26,26,26,8,-34.127201620274
01-Aug-2026 00:48:04,-142.654203488514,-35.2211137551784,0,26,26,26,10,-35.2211137551784
01-Aug-2026 00:48:06,-143.103892715262,-35.6708029819267,0,27,27,27,12,-35.6708029819267
01-Aug-2026 00:48:08,-143.02717946899,-35.5940897356549,0,27,27,27,12,-35.5940897356549
01-Aug-2026 00:48:10,-142.990188333394,-35.5570986000586,0,27,27,27,12,-35.5570986000586
01-Aug-2026 00:48:12,-145.087968288072,-37.6548785547366,0,27,27,27,11,-37.6548785547366
01-Aug-2026 00:48:14,-152.389221478314,-44.9561317449791,0,27,27,27,11,-44.9561317449791
01-Aug-2026 00:48:16,-148.349889052718,-40.9167993193832,0,27,27,27,12,-40.9167993193832
01-Aug-2026 00:48:18,-148.201623316789,-40.7685335834535,0,27,27,27,12,-40.7685335834535
01-Aug-2026 00:48:20,-148.669819721018,-41.2367299876824,0,27,27,27,10,-41.2367299876824
01-Aug-2026 00:48:22,-148.895223725689,-41.4621339923534,0,26,26,26,10,-41.4621339923534
01-Aug-2026 00:48:24,-148.820337607036,-41.3872478737011,0,26,26,26,12,-41.3872478737011
01-Aug-2026 00:48:26,-137.260295889147,-29.8272061558116,0,26,26,26,14,-29.8272061558116
01-Aug-2026 00:48:28,-148.612366071326,-41.1792763379906,0,26,26,26,14,-41.1792763379906
01-Aug-2026 00:48:30,-148.899294039373,-41.4662043060374,0,26,26,26,13,-41.4662043060374
01-Aug-2026 00:48:32,-150.516390314485,-43.0833005811497,0,26,26,26,11,-43.0833005811497
01-Aug-2026 00:48:34,-138.84360764039,-31.4105179070552,0,26,26,26,11,-31.4105179070552
01-Aug-2026 00:48:36,-132.45024147461,-25.0171517412748,0,26,26,26,11,-25.0171517412748
01-Aug-2026 00:48:38,-126.713352035403,-19.280262302068,0,26,26,26,11,-19.280262302068
01-Aug-2026 00:48:40,-126.077998555166,-18.6449088218312,0,26,26,26,12,-18.6449088218312
01-Aug-2026 00:48:42,-125.524377824806,-18.0912880914711,0,26,26,26,9,-18.0912880914711
01-Aug-2026 00:48:44,-124.92159329116,-17.4885035578245,0,26,26,26,8,-17.4885035578245
01-Aug-2026 00:48:46,-124.67911222526,-17.2460224919245,0,26,26,26,9,-17.2460224919245
01-Aug-2026 00:48:48,-124.618827272484,-17.1857375391488,0,26,26,26,12,-17.1857375391488
01-Aug-2026 00:48:50,-124.33966635258,-16.9065766192451,0,25,25,25,14,-16.9065766192451
01-Aug-2026 00:48:52,-124.498322464696,-17.065232731361,0,25,25,25,13,-17.065232731361
01-Aug-2026 00:48:54,-125.021804236638,-17.588714503303,0,25,25,25,13,-17.588714503303
01-Aug-2026 00:48:56,-124.966734682562,-17.5336449492266,0,25,25,25,14,-17.5336449492266
01-Aug-2026 00:48:58,-127.174001660089,-19.7409119267536,0,25,25,25,14,-19.7409119267536
01-Aug-2026 00:49:00,-128.111471644199,-20.6783819108643,0,25,25,25,14,-20.6783819108643
01-Aug-2026 00:49:02,-128.422920258496,-20.9898305251607,0,25,25,25,16,-20.9898305251607
01-Aug-2026 00:49:04,-132.110475174771,-24.6773854414357,0,26,26,26,16,-24.6773854414357
01-Aug-2026 00:49:06,-139.664911150944,-32.2318214176084,0,26,26,26,15,-32.2318214176084
01-Aug-2026 00:49:08,-139.033746393766,-31.6006566604306,0,26,26,26,14,-31.6006566604306
01-Aug-2026 00:49:10,-138.870402082758,-31.4373123494228,0,26,26,26,12,-31.4373123494228
01-Aug-2026 00:49:12,-138.647960399772,-31.214870666437,0,26,26,26,14,-31.214870666437
01-Aug-2026 00:49:14,-138.679573010944,-31.2464832776091,0,26,26,26,13,-31.2464832776091
01-Aug-2026 00:49:16,-138.327291747726,-30.8942020143907,0,26,26,26,14,-30.8942020143907
01-Aug-2026 00:49:18,-137.910024105096,-30.4769343717613,0,26,26,26,14,-30.4769343717613
01-Aug-2026 00:49:20,-132.939315572623,-25.5062258392876,0,26,26,26,14,-25.5062258392876
01-Aug-2026 00:49:22,-147.785875543201,-40.3527858098656,0,26,26,26,12,-40.3527858098656
01-Aug-2026 00:49:24,-148.626109315102,-41.1930195817672,0,25,25,25,11,-41.1930195817672
01-Aug-2026 00:49:26,-148.771123246525,-41.3380335131902,0,25,25,25,11,-41.3380335131902
01-Aug-2026 00:49:28,-148.618885011655,-41.1857952783199,0,25,25,25,11,-41.1857952783199
01-Aug-2026 00:49:30,-145.368014853725,-37.9349251203895,0,25,25,25,11,-37.9349251203895
01-Aug-2026 00:49:32,-145.649828145049,-38.2167384117137,0,25,25,25,11,-38.2167384117137
01-Aug-2026 00:49:34,-145.590986437044,-38.1578967037092,0,25,25,25,12,-38.1578967037092
01-Aug-2026 00:49:36,-145.32857824998,-37.8954885166449,0,26,26,26,14,-37.8954885166449
01-Aug-2026 00:49:38,-145.069169468,-37.6360797346646,0,26,26,26,14,-37.6360797346646
01-Aug-2026 00:49:40,-145.06010675463,-37.6270170212946,0,24,24,24,14,-37.6270170212946
01-Aug-2026 00:49:42,-144.310704735741,-36.8776150024058,0,24,24,24,15,-36.8776150024058
01-Aug-2026 00:49:44,-144.175990392401,-36.7429006590657,0,24,24,24,15,-36.7429006590657
01-Aug-2026 00:49:46,-143.986650927744,-36.5535611944089,0,24,24,24,16,-36.5535611944089
01-Aug-2026 00:49:48,-142.432778281425,-34.9996885480893,0,24,24,24,16,-34.9996885480893
01-Aug-2026 00:49:50,-140.287510819453,-32.8544210861176,0,24,24,24,14,-32.8544210861176
01-Aug-2026 00:49:52,-140.61932745493,-33.1862377215944,0,24,24,24,12,-33.1862377215944
01-Aug-2026 00:49:54,-141.511323629776,-34.0782338964409,0,24,24,24,12,-34.0782338964409
01-Aug-2026 00:49:56,-143.703425607367,-36.2703358740314,0,24,24,24,12,-36.2703358740314
01-Aug-2026 00:49:58,-143.385881088507,-35.9527913551719,0,24,24,24,12,-35.9527913551719
01-Aug-2026 00:50:00,-144.031125642679,-36.5980359093439,0,24,24,24,13,-36.5980359093439
01-Aug-2026 00:50:02,-143.923715500589,-36.490625767254,0,24,24,24,11,-36.490625767254
01-Aug-2026 00:50:04,-143.825196750195,-36.3921070168599,0,23,23,23,10,-36.3921070168599
01-Aug-2026 00:50:06,-143.414209089881,-35.9811193565457,0,23,23,23,9,-35.9811193565457
01-Aug-2026 00:50:08,-143.938063129038,-36.5049733957028,0,22,22,22,9,-36.5049733957028
01-Aug-2026 00:50:10,-142.818153738486,-35.3850640051504,0,22,22,22,10,-35.3850640051504
01-Aug-2026 00:50:12,-142.122120984133,-34.689031250798,0,22,22,22,9,-34.689031250798
01-Aug-2026 00:50:14,-141.780647581931,-34.3475578485954,0,22,22,22,10,-34.3475578485954
01-Aug-2026 00:50:16,-141.140736426206,-33.7076466928706,0,22,22,22,10,-33.7076466928706
01-Aug-2026 00:50:18,-140.859298939381,-33.4262092060459,0,22,22,22,9,-33.4262092060459
01-Aug-2026 00:50:20,-139.734699973398,-32.3016102400624,0,22,22,22,7,-32.3016102400624
01-Aug-2026 00:50:22,-140.035747722705,-32.6026579893702,0,22,22,22,6,-32.6026579893702
01-Aug-2026 00:50:24,-139.616884108654,-32.1837943753189,0,22,22,22,7,-32.1837943753189
01-Aug-2026 00:50:26,-138.637592767592,-31.2045030342568,0,22,22,22,6,-31.2045030342568
01-Aug-2026 00:50:28,-137.790170206276,-30.3570804729409,0,22,22,22,6,-30.3570804729409
01-Aug-2026 00:50:30,-138.173145431784,-30.7400556984491,0,22,22,22,6,-30.7400556984491
01-Aug-2026 00:50:32,-137.303210460118,-29.870120726783,0,22,22,22,7,-29.870120726783
01-Aug-2026 00:50:34,-136.15492040051,-28.7218306671751,0,22,22,22,8,-28.7218306671751
01-Aug-2026 00:50:36,-135.054710477173,-27.6216207438379,0,22,22,22,7,-27.6216207438379
01-Aug-2026 00:50:38,-133.457111906265,-26.0240221729294,0,22,22,22,8,-26.0240221729294
01-Aug-2026 00:50:40,-132.572753556984,-25.1396638236491,0,22,22,22,8,-25.1396638236491
01-Aug-2026 00:50:42,-131.842997964679,-24.4099082313442,0,22,22,22,10,-24.4099082313442
01-Aug-2026 00:50:44,-130.392455520812,-22.9593657874772,0,22,22,22,14,-22.9593657874772
01-Aug-2026 00:50:46,-140.239405785379,-32.8063160520443,0,21,21,21,12,-21.8887093295741
01-Aug-2026 00:50:48,-139.96237944209,-32.529289708755,0,21,21,21,12,-21.5327348791009
01-Aug-2026 00:50:50,-140.064523649457,-32.6314339161215,0,21,21,21,11,-21.2534332387563
01-Aug-2026 00:50:52,-140.182540667271,-32.7494509339356,0,22,22,22,12,-20.5676151784846
01-Aug-2026 00:50:54,-154.859857833004,-47.4267680996684,0,22,22,22,9,-20.8117266352918
01-Aug-2026 00:50:56,-155.231540028147,-47.7984502948123,0,22,22,22,9,-20.115583424328
01-Aug-2026 00:50:58,-155.486032694517,-48.0529429611813,0,22,22,22,9,-20.114728125358
01-Aug-2026 00:51:00,-155.275092921004,-47.8420031876689,0,23,23,23,9,-19.8601883958474
01-Aug-2026 00:51:02,-153.24817029448,-45.8150805611448,0,23,23,23,11,-19.3416723637149
01-Aug-2026 00:51:04,-153.249923704554,-45.816833971219,0,23,23,23,12,-19.8965093196397
01-Aug-2026 00:51:06,-154.911012428093,-47.477922694758,0,23,23,23,13,-19.0711437064459
01-Aug-2026 00:51:08,-150.113638653704,-42.6805489203693,0,23,23,23,14,-19.0478748299833
01-Aug-2026 00:51:10,-154.49634152104,-47.0632517877052,0,23,23,23,13,-19.3653445252776
01-Aug-2026 00:51:12,-143.280883505421,-35.847793772086,0,23,23,23,15,-18.6349327277231
01-Aug-2026 00:51:14,-142.45469019747,-35.021600464135,0,23,23,23,15,-18.7670793567176
01-Aug-2026 00:51:16,-141.656707272205,-34.2236175388703,0,23,23,23,15,-18.5440699824414
01-Aug-2026 00:51:18,-140.722412373295,-33.2893226399598,0,24,24,24,15,-18.5924461208692
01-Aug-2026 00:51:20,-140.202452063332,-32.7693623299969,0,24,24,24,15,-19.0936975831223
01-Aug-2026 00:51:22,-139.919527774478,-32.4864380411425,0,25,25,25,16,-19.5105777302182
01-Aug-2026 00:51:24,-139.632200599338,-32.1991108660029,0,25,25,25,14,-19.8970274878018
01-Aug-2026 00:51:26,-139.186807921872,-31.7537181885364,0,25,25,25,13,-23.5563310198232
01-Aug-2026 00:51:28,-138.625052093709,-31.1919623603736,0,24,24,24,11,-24.6170243652258
01-Aug-2026 00:51:30,-138.326210656931,-30.8931209235959,0,24,24,24,14,-15.3490943544885
01-Aug-2026 00:51:32,-123.498828178048,-16.0657384447126,0,24,24,24,15,-16.0657384447126
01-Aug-2026 00:51:34,-123.636024157518,-16.2029344241824,0,24,24,24,14,-16.2029344241824
01-Aug-2026 00:51:36,-124.539155326057,-17.1060655927223,0,24,24,24,15,-17.1060655927223
01-Aug-2026 00:51:38,-125.634563143279,-18.2014734099438,0,24,24,24,13,-18.2014734099438
01-Aug-2026 00:51:40,-126.181636882201,-18.7485471488662,0,25,25,25,12,-18.7485471488662
01-Aug-2026 00:51:42,-127.033273369983,-19.600183636648,0,25,25,25,12,-19.600183636648
01-Aug-2026 00:51:44,-128.198861486239,-20.7657717529038,0,25,25,25,12,-20.7657717529038
01-Aug-2026 00:51:46,-140.828739290968,-33.3956495576327,0,25,25,25,12,-33.3956495576327
01-Aug-2026 00:51:48,-141.573878349034,-34.1407886156987,0,25,25,25,12,-34.1407886156987
01-Aug-2026 00:51:50,-141.074250522613,-33.6411607892773,0,25,25,25,12,-33.6411607892773
01-Aug-2026 00:51:52,-141.321298365356,-33.8882086320205,0,25,25,25,12,-33.8882086320205
01-Aug-2026 00:51:54,-141.162397801876,-33.7293080685407,0,26,26,26,13,-33.7293080685407
01-Aug-2026 00:51:56,-142.679102855826,-35.246013122491,0,26,26,26,12,-35.246013122491
01-Aug-2026 00:51:58,-143.66245009335,-36.2293603600151,0,26,26,26,12,-36.2293603600151
01-Aug-2026 00:52:00,-143.898247910932,-36.4651581775968,0,26,26,26,12,-36.4651581775968
01-Aug-2026 00:52:02,-144.382666995706,-36.9495772623704,0,26,26,26,12,-36.9495772623704
01-Aug-2026 00:52:04,-152.541627104607,-45.1085373712718,0,26,26,26,12,-45.1085373712718
01-Aug-2026 00:52:06,-152.36071250806,-44.9276227747251,0,26,26,26,14,-44.9276227747251
01-Aug-2026 00:52:08,-152.768633481458,-45.3355437481231,0,26,26,26,14,-45.3355437481231
01-Aug-2026 00:52:10,-152.145217817059,-44.7121280837239,0,26,26,26,14,-44.7121280837239
01-Aug-2026 00:52:12,-153.12548304226,-45.6923933089247,0,25,25,25,14,-45.6923933089247
01-Aug-2026 00:52:14,-153.215915304711,-45.7828255713756,0,25,25,25,12,-45.7828255713756
01-Aug-2026 00:52:16,-153.176285967817,-45.7431962344816,0,25,25,25,11,-45.7431962344816
01-Aug-2026 00:52:18,-153.132828388419,-45.6997386550836,0,25,25,25,10,-45.6997386550836
01-Aug-2026 00:52:20,-133.601453243732,-26.1683635103966,0,25,25,25,10,-26.1683635103966
01-Aug-2026 00:52:22,-142.337956536065,-34.9048668027302,0,25,25,25,10,-34.9048668027302
01-Aug-2026 00:52:24,-142.727930635051,-35.2948409017157,0,25,25,25,10,-26.1352506949725
01-Aug-2026 00:52:26,-139.554907977353,-32.1218182440178,0,25,25,25,9,-24.8527972961969
01-Aug-2026 00:52:28,-139.672615340953,-32.2395256076183,0,25,25,25,11,-23.6808649956986
01-Aug-2026 00:52:30,-139.448740581685,-32.0156508483501,0,25,25,25,11,-22.8810191074103
01-Aug-2026 00:52:32,-138.971901418179,-31.538811684844,0,25,25,25,11,-22.1259151198316
01-Aug-2026 00:52:34,-138.358449974614,-30.9253602412784,0,25,25,25,12,-21.0303491506131
01-Aug-2026 00:52:36,-137.670019233475,-30.23692950014,0,25,25,25,13,-20.3472819275699
01-Aug-2026 00:52:38,-137.397799652493,-29.9647099191579,0,25,25,25,14,-19.5516726838424
01-Aug-2026 00:52:40,-137.137823321018,-29.7047335876831,0,24,24,24,16,-19.4414936502415
01-Aug-2026 00:52:42,-137.116941963598,-29.6838522302633,0,24,24,24,17,-19.5979412431313
01-Aug-2026 00:52:44,-137.725919179893,-30.2928294465579,0,24,24,24,18,-19.4601199002366
01-Aug-2026 00:52:46,-136.516760426116,-29.0836706927807,0,24,24,24,20,-19.3696881416305
01-Aug-2026 00:52:48,-136.293505488195,-28.8604157548598,0,24,24,24,19,-20.2073633936953
01-Aug-2026 00:52:50,-138.29014434247,-30.857054609135,0,24,24,24,17,-21.20771299653
01-Aug-2026 00:52:52,-129.41387703726,-21.9807873039245,0,24,24,24,17,-21.9807873039245
01-Aug-2026 00:52:54,-130.079679602803,-22.6465898694674,0,25,25,25,16,-22.6465898694674
01-Aug-2026 00:52:56,-130.829613493186,-23.3965237598506,0,25,25,25,14,-23.3965237598506
01-Aug-2026 00:52:58,-131.2945018324,-23.8614120990647,0,25,25,25,14,-23.8614120990647
01-Aug-2026 00:53:00,-131.772553828083,-24.3394640947483,0,25,25,25,15,-24.3394640947483
01-Aug-2026 00:53:02,-132.031954711816,-24.5988649784809,0,25,25,25,16,-24.5988649784809
01-Aug-2026 00:53:04,-132.482654345155,-25.0495646118197,0,25,25,25,17,-25.0495646118197
01-Aug-2026 00:53:06,-132.459438849169,-25.0263491158337,0,25,25,25,17,-25.0263491158337
01-Aug-2026 00:53:08,-134.370924586646,-26.937834853311,0,24,24,24,15,-26.937834853311
01-Aug-2026 00:53:10,-134.51673464522,-27.0836449118848,0,24,24,24,15,-27.0836449118848
01-Aug-2026 00:53:12,-135.09337283678,-27.6602831034452,0,24,24,24,15,-27.6602831034452
01-Aug-2026 00:53:14,-135.594775835168,-28.1616861018326,0,24,24,24,14,-28.1616861018326
01-Aug-2026 00:53:16,-137.09968141102,-29.6665916776852,0,24,24,24,14,-29.6665916776852
01-Aug-2026 00:53:18,-146.433992267288,-39.0009025339531,0,24,24,24,13,-39.0009025339531
01-Aug-2026 00:53:20,-146.302150155749,-38.8690604224142,0,24,24,24,12,-38.8690604224142
01-Aug-2026 00:53:22,-146.322147212873,-38.889057479538,0,24,24,24,14,-38.889057479538
01-Aug-2026 00:53:24,-146.356704878871,-38.9236151455356,0,23,23,23,14,-38.9236151455356
01-Aug-2026 00:53:26,-146.130036405893,-38.6969466725582,0,23,23,23,14,-38.6969466725582
01-Aug-2026 00:53:28,-145.304263106134,-37.8711733727989,0,24,24,24,14,-37.8711733727989
01-Aug-2026 00:53:30,-148.698272948898,-41.2651832155625,0,23,23,23,13,-41.2651832155625
01-Aug-2026 00:53:32,-148.608065169193,-41.1749754358581,0,23,23,23,11,-41.1749754358581
01-Aug-2026 00:53:34,-148.464270234737,-41.0311805014013,0,23,23,23,11,-41.0311805014013
01-Aug-2026 00:53:36,-148.628595089236,-41.1955053559005,0,23,23,23,11,-41.1955053559005
01-Aug-2026 00:53:38,-148.957707082358,-41.5246173490229,0,23,23,23,11,-41.5246173490229
01-Aug-2026 00:53:40,-148.466217895307,-41.0331281619716,0,23,23,23,12,-41.0331281619716
01-Aug-2026 00:53:42,-146.713346281593,-39.2802565482576,0,23,23,23,14,-39.2802565482576
01-Aug-2026 00:53:44,-146.363216921391,-38.9301271880562,0,23,23,23,14,-38.9301271880562
01-Aug-2026 00:53:46,-146.248162990016,-38.8150732566813,0,23,23,23,13,-38.8150732566813
01-Aug-2026 00:53:48,-146.140754383187,-38.7076646498521,0,23,23,23,14,-38.7076646498521
01-Aug-2026 00:53:50,-146.22446940102,-38.7913796676852,0,23,23,23,13,-38.7913796676852
01-Aug-2026 00:53:52,-146.188885687169,-38.755795953834,0,23,23,23,14,-38.755795953834
01-Aug-2026 00:53:54,-145.844960896041,-38.4118711627055,0,22,22,22,13,-38.4118711627055
01-Aug-2026 00:53:56,-146.051184713223,-38.6180949798879,0,22,22,22,14,-38.6180949798879
01-Aug-2026 00:53:58,-145.659647841726,-38.2265581083912,0,22,22,22,13,-38.2265581083912
01-Aug-2026 00:54:00,-145.492072750308,-38.058983016973,0,22,22,22,12,-38.058983016973
01-Aug-2026 00:54:02,-145.348465137002,-37.9153754036668,0,22,22,22,11,-37.9153754036668
01-Aug-2026 00:54:04,-143.757200845056,-36.3241111117211,0,22,22,22,15,-36.3241111117211
01-Aug-2026 00:54:06,-143.407318360852,-35.974228627517,0,22,22,22,15,-35.974228627517
01-Aug-2026 00:54:08,-143.163812143905,-35.7307224105697,0,22,22,22,12,-35.7307224105697
01-Aug-2026 00:54:10,-144.673943756168,-37.2408540228326,0,22,22,22,11,-37.2408540228326
01-Aug-2026 00:54:12,-144.469829646347,-37.0367399130121,0,22,22,22,11,-37.0367399130121
01-Aug-2026 00:54:14,-145.120327909348,-37.6872381760132,0,22,22,22,10,-37.6872381760132
01-Aug-2026 00:54:16,-145.165953025347,-37.7328632920122,0,22,22,22,10,-37.7328632920122
01-Aug-2026 00:54:18,-144.99668582745,-37.5635960941151,0,23,23,23,11,-37.5635960941151
01-Aug-2026 00:54:20,-145.033282617019,-37.6001928836834,0,23,23,23,11,-37.6001928836834
01-Aug-2026 00:54:22,-144.969330726704,-37.5362409933692,0,22,22,22,11,-37.5362409933692
01-Aug-2026 00:54:24,-148.473111127702,-41.0400213943668,0,22,22,22,10,-41.0400213943668
01-Aug-2026 00:54:26,-147.81340986214,-40.3803201288044,0,22,22,22,11,-40.3803201288044
01-Aug-2026 00:54:28,-147.411191208589,-39.9781014752535,0,22,22,22,12,-39.9781014752535
01-Aug-2026 00:54:30,-146.997952165377,-39.5648624320415,0,22,22,22,12,-39.5648624320415
01-Aug-2026 00:54:32,-148.171334253489,-40.7382445201533,0,22,22,22,10,-40.7382445201533
01-Aug-2026 00:54:34,-147.743627833629,-40.3105381002937,0,22,22,22,10,-40.3105381002937
01-Aug-2026 00:54:36,-147.390219412991,-39.957129679656,0,22,22,22,10,-39.957129679656
01-Aug-2026 00:54:38,-147.268751638001,-39.835661904666,0,22,22,22,11,-39.835661904666
01-Aug-2026 00:54:40,-146.973104879236,-39.5400151459013,0,22,22,22,10,-39.5400151459013
01-Aug-2026 00:54:42,-147.315865497285,-39.8827757639496,0,22,22,22,9,-39.8827757639496
01-Aug-2026 00:54:44,-147.229013840409,-39.7959241070737,0,22,22,22,12,-39.7959241070737
01-Aug-2026 00:54:46,-147.360597504968,-39.9275077716333,0,22,22,22,12,-39.9275077716333
01-Aug-2026 00:54:48,-147.570529802065,-40.1374400687301,0,23,23,23,13,-40.1374400687301
01-Aug-2026 00:54:50,-147.510057052844,-40.0769673195085,0,23,23,23,11,-40.0769673195085
01-Aug-2026 00:54:52,-147.132277431508,-39.6991876981725,0,23,23,23,11,-39.6991876981725
01-Aug-2026 00:54:54,-147.186656762145,-39.7535670288094,0,23,23,23,10,-39.7535670288094
01-Aug-2026 00:54:56,-147.320820015038,-39.8877302817029,0,23,23,23,10,-39.8877302817029
01-Aug-2026 00:54:58,-132.55450690898,-25.1214171756449,0,23,23,23,11,-25.1214171756449
01-Aug-2026 00:55:00,-132.361371076329,-24.9282813429936,0,23,23,23,12,-24.9282813429936
01-Aug-2026 00:55:02,-133.149109337104,-25.7160196037684,0,23,23,23,11,-25.7160196037684
01-Aug-2026 00:55:04,-133.136115917756,-25.703026184421,0,23,23,23,11,-25.703026184421
01-Aug-2026 00:55:06,-147.644117686296,-40.2110279529612,0,23,23,23,10,-40.2110279529612
01-Aug-2026 00:55:08,-146.710927382606,-39.277837649271,0,24,24,24,10,-39.277837649271
01-Aug-2026 00:55:10,-145.985354012317,-38.5522642789816,0,25,25,25,11,-38.5522642789816
01-Aug-2026 00:55:12,-146.068460452018,-38.6353707186833,0,25,25,25,9,-38.6353707186833
01-Aug-2026 00:55:14,-146.156755852281,-38.7236661189457,0,25,25,25,7,-38.7236661189457
01-Aug-2026 00:55:16,-145.080101744213,-37.6470120108777,0,25,25,25,10,-37.6470120108777
01-Aug-2026 00:55:18,-144.415909673131,-36.9828199397955,0,25,25,25,10,-36.9828199397955
01-Aug-2026 00:55:20,-143.986963331815,-36.5538735984803,0,24,24,24,10,-36.5538735984803
01-Aug-2026 00:55:22,-144.053940012234,-36.6208502788993,0,25,25,25,8,-36.6208502788993
01-Aug-2026 00:55:24,-143.372767898731,-35.9396781653958,0,25,25,25,9,-35.9396781653958
01-Aug-2026 00:55:26,-138.826487282078,-31.3933975487428,0,25,25,25,10,-31.3933975487428
01-Aug-2026 00:55:28,-139.551983298361,-32.1188935650256,0,25,25,25,12,-32.1188935650256
01-Aug-2026 00:55:30,-139.892465544106,-32.4593758107709,0,25,25,25,12,-32.4593758107709
01-Aug-2026 00:55:32,-124.32858810199,-16.8954983686545,0,25,25,25,10,-16.8954983686545
01-Aug-2026 00:55:34,-142.435700812036,-35.0026110787011,0,25,25,25,11,-35.0026110787011
01-Aug-2026 00:55:36,-141.853593771838,-34.4205040385024,0,25,25,25,12,-34.4205040385024
01-Aug-2026 00:55:38,-141.759457443205,-34.3263677098703,0,25,25,25,11,-34.3263677098703
01-Aug-2026 00:55:40,-142.006799956413,-34.5737102230776,0,25,25,25,10,-34.5737102230776
01-Aug-2026 00:55:42,-142.379707022944,-34.9466172896088,0,26,26,26,11,-34.9466172896088
01-Aug-2026 00:55:44,-138.211384623246,-30.7782948899112,0,26,26,26,12,-30.7782948899112
01-Aug-2026 00:55:46,-129.193840873358,-21.760751140023,0,26,26,26,12,-21.760751140023
01-Aug-2026 00:55:48,-129.892293395743,-22.4592036624074,0,26,26,26,12,-22.4592036624074
01-Aug-2026 00:55:50,-131.061976578189,-23.6288868448542,0,26,26,26,12,-23.6288868448542
01-Aug-2026 00:55:52,-132.148246642415,-24.7151569090798,0,26,26,26,11,-24.7151569090798
01-Aug-2026 00:55:54,-132.726361983622,-25.2932722502869,0,26,26,26,12,-25.2932722502869
01-Aug-2026 00:55:56,-133.298064351543,-25.8649746182078,0,26,26,26,10,-25.8649746182078
01-Aug-2026 00:55:58,-148.757521172364,-41.3244314390286,0,26,26,26,9,-41.3244314390286
01-Aug-2026 00:56:00,-148.370111171789,-40.9370214384542,0,25,25,25,8,-40.9370214384542
01-Aug-2026 00:56:02,-149.056631286886,-41.6235415535507,0,25,25,25,10,-41.6235415535507
01-Aug-2026 00:56:04,-149.031262472044,-41.5981727387092,0,25,25,25,8,-41.5981727387092
01-Aug-2026 00:56:06,-148.088340181164,-40.6552504478288,0,25,25,25,10,-40.6552504478288
01-Aug-2026 00:56:08,-147.673215519127,-40.2401257857916,0,25,25,25,9,-40.2401257857916
01-Aug-2026 00:56:10,-142.727508097693,-35.294418364358,0,25,25,25,11,-35.294418364358
01-Aug-2026 00:56:12,-142.848319517122,-35.4152297837864,0,25,25,25,13,-35.4152297837864
01-Aug-2026 00:56:14,-142.472484911237,-35.0393951779016,0,25,25,25,14,-35.0393951779016
01-Aug-2026 00:56:16,-142.186520718097,-34.7534309847613,0,25,25,25,14,-27.7311913473375
01-Aug-2026 00:56:18,-142.455452514968,-35.0223627816325,0,25,25,25,12,-26.4274335009073
01-Aug-2026 00:56:20,-143.22982787446,-35.7967381411243,0,25,25,25,12,-25.5013042204959
01-Aug-2026 00:56:22,-143.191633762205,-35.7585440288698,0,25,25,25,12,-35.7585440288698
01-Aug-2026 00:56:24,-142.342879445537,-34.9097897122016,0,25,25,25,13,-34.9097897122016
01-Aug-2026 00:56:26,-148.697094478762,-41.2640047454265,0,25,25,25,14,-41.2640047454265
01-Aug-2026 00:56:28,-157.280200062952,-49.8471103296164,0,25,25,25,14,-49.8471103296164
01-Aug-2026 00:56:30,-157.46783604185,-50.0347463085151,0,25,25,25,14,-50.0347463085151
01-Aug-2026 00:56:32,-152.902263407681,-45.4691736743457,0,24,24,24,12,-45.4691736743457
01-Aug-2026 00:56:34,-153.640509426741,-46.2074196934062,0,24,24,24,10,-25.6836837718394
01-Aug-2026 00:56:36,-154.186126972769,-46.7530372394334,0,24,24,24,10,-7.86721037665356
01-Aug-2026 00:56:38,-154.636178927256,-47.2030891939206,0,24,24,24,11,-9.71631111315722
01-Aug-2026 00:56:40,-147.230767957352,-39.7976782240166,0,24,24,24,13,-10.8805093609063
01-Aug-2026 00:56:42,-147.142868017011,-39.7097782836762,0,24,24,24,10,-11.4440789656288
01-Aug-2026 00:56:44,-131.592119585352,-24.1590298520166,0,25,25,25,11,-24.1590298520166
01-Aug-2026 00:56:46,-132.57700039435,-25.1439106610151,0,25,25,25,11,-25.1439106610151
01-Aug-2026 00:56:48,-133.34123375036,-25.9081440170247,0,25,25,25,12,-25.9081440170247
01-Aug-2026 00:56:50,-134.349476508825,-26.91638677549,0,25,25,25,13,-26.91638677549
01-Aug-2026 00:56:52,-133.396545027592,-25.9634552942569,0,25,25,25,14,-25.9634552942569
01-Aug-2026 00:56:54,-133.613417065344,-26.1803273320087,0,25,25,25,14,-26.1803273320087
01-Aug-2026 00:56:56,-134.016772992419,-26.5836832590835,0,25,25,25,15,-26.5836832590835
01-Aug-2026 00:56:58,-124.241839670439,-16.8087499371035,0,23,23,23,13,-16.8087499371035
01-Aug-2026 00:57:00,-125.060357641833,-17.6272679084974,0,23,23,23,15,-17.6272679084974
01-Aug-2026 00:57:02,-125.558183085413,-18.1250933520778,0,23,23,23,15,-18.1250933520778
01-Aug-2026 00:57:04,-125.710636994104,-18.2775472607687,0,23,23,23,15,-18.2775472607687
01-Aug-2026 00:57:06,-126.635987435477,-19.202897702142,0,24,24,24,15,-19.202897702142
01-Aug-2026 00:57:08,-126.978259773851,-19.5451700405155,0,23,23,23,15,-19.5451700405155
01-Aug-2026 00:57:10,-127.036751184157,-19.6036614508221,0,23,23,23,15,-19.6036614508221
01-Aug-2026 00:57:12,-126.700728034005,-19.2676383006698,0,23,23,23,15,-19.2676383006698
01-Aug-2026 00:57:14,-127.494953377972,-20.0618636446368,0,23,23,23,14,-20.0618636446368
01-Aug-2026 00:57:16,-128.081436233999,-20.6483465006641,0,23,23,23,14,-20.6483465006641
01-Aug-2026 00:57:18,-133.710982641827,-26.2778929084919,0,24,24,24,15,-26.2778929084919
01-Aug-2026 00:57:20,-143.159046861436,-35.7259571281012,0,24,24,24,13,-35.7259571281012
01-Aug-2026 00:57:22,-143.426547005608,-35.9934572722732,0,23,23,23,12,-35.9934572722732
01-Aug-2026 00:57:24,-143.552854002559,-36.1197642692239,0,23,23,23,14,-36.1197642692239
01-Aug-2026 00:57:26,-143.564061795791,-36.1309720624557,0,23,23,23,13,-36.1309720624557
01-Aug-2026 00:57:28,-143.422516938647,-35.9894272053122,0,23,23,23,14,-35.9894272053122
01-Aug-2026 00:57:30,-143.343643866887,-35.9105541335516,0,23,23,23,15,-32.1344445192075
01-Aug-2026 00:57:32,-144.220546998235,-36.7874572648995,0,23,23,23,13,-36.7874572648995
01-Aug-2026 00:57:34,-144.512882702277,-37.0797929689418,0,23,23,23,13,-37.0797929689418
01-Aug-2026 00:57:36,-145.188017347671,-37.7549276143357,0,23,23,23,13,-37.7549276143357
01-Aug-2026 00:57:38,-145.703749639656,-38.2706599063211,0,23,23,23,13,-38.2706599063211
01-Aug-2026 00:57:40,-146.146694447036,-38.7136047137005,0,22,22,22,12,-38.7136047137005
01-Aug-2026 00:57:42,-146.315507799571,-38.8824180662358,0,22,22,22,14,-38.8824180662358
01-Aug-2026 00:57:44,-147.416238421885,-39.9831486885496,0,22,22,22,14,-39.9831486885496
01-Aug-2026 00:57:46,-155.20938717531,-47.7762974419745,0,22,22,22,14,-47.7762974419745
01-Aug-2026 00:57:48,-165.587189646811,-58.1540999134756,0,22,22,22,14,-58.1540999134756
01-Aug-2026 00:57:50,-158.438947542618,-51.0058578092824,0,22,22,22,15,-51.0058578092824
01-Aug-2026 00:57:52,-158.533118510798,-51.1000287774626,0,22,22,22,15,-51.1000287774626
01-Aug-2026 00:57:54,-158.24610042421,-50.8130106908744,0,22,22,22,13,-50.8130106908744
01-Aug-2026 00:57:56,-158.296819620059,-50.8637298867241,0,22,22,22,14,-50.8637298867241
01-Aug-2026 00:57:58,-157.762343522173,-50.3292537888377,0,22,22,22,14,-50.3292537888377
01-Aug-2026 00:58:00,-157.690686674456,-50.2575969411211,0,22,22,22,13,-50.2575969411211
01-Aug-2026 00:58:02,-156.973704275654,-49.5406145423184,0,22,22,22,13,-49.5406145423184
01-Aug-2026 00:58:04,-156.423416284801,-48.9903265514662,0,23,23,23,14,-48.9903265514662
01-Aug-2026 00:58:06,-156.59453094939,-49.1614412160549,0,23,23,23,13,-49.1614412160549
01-Aug-2026 00:58:08,-156.396128127734,-48.9630383943986,0,23,23,23,13,-48.9630383943986
01-Aug-2026 00:58:10,-154.92625951022,-47.4931697768847,0,23,23,23,12,-47.4931697768847
01-Aug-2026 00:58:12,-126.837007607701,-19.4039178743656,0,22,22,22,11,-19.4039178743656
01-Aug-2026 00:58:14,-126.277505100174,-18.8444153668389,0,22,22,22,11,-18.5483603056309
01-Aug-2026 00:58:16,-125.512630627909,-18.0795408945734,0,22,22,22,12,-17.8259841814402
01-Aug-2026 00:58:18,-124.870276371244,-17.4371866379086,0,22,22,22,11,-17.2221530062261
01-Aug-2026 00:58:20,-154.618131824625,-47.1850420912895,0,22,22,22,11,-16.8978255740182
01-Aug-2026 00:58:22,-154.118489009159,-46.685399275824,0,22,22,22,11,-15.6932157248442
01-Aug-2026 00:58:24,-137.733847246753,-30.3007575134178,0,22,22,22,11,-14.9747462029266
01-Aug-2026 00:58:26,-137.283896764056,-29.8508070307204,0,22,22,22,11,-14.8617148269855
01-Aug-2026 00:58:28,-136.79749889731,-29.364409163975,0,22,22,22,13,-14.621187239761
01-Aug-2026 00:58:30,-137.008308807923,-29.5752190745874,0,22,22,22,14,-14.158816513048
01-Aug-2026 00:58:32,-137.005080190743,-29.5719904574076,0,23,23,23,15,-12.8261198090902
01-Aug-2026 00:58:34,-137.631833687996,-30.1987439546608,0,23,23,23,14,-12.3674957598661
01-Aug-2026 00:58:36,-135.072481840349,-27.6393921070142,0,24,24,24,13,-27.6393921070142
01-Aug-2026 00:58:38,-138.97020421281,-31.5371144794746,0,23,23,23,11,-31.5371144794746
01-Aug-2026 00:58:40,-155.224972200929,-47.791882467594,0,23,23,23,10,-47.791882467594
01-Aug-2026 00:58:42,-153.870985311663,-46.4378955783282,0,23,23,23,12,-46.4378955783282
01-Aug-2026 00:58:44,-152.606934495747,-45.1738447624117,0,23,23,23,12,-45.1738447624117
01-Aug-2026 00:58:46,-153.189062947596,-45.7559732142606,0,23,23,23,12,-6.61192004998064
01-Aug-2026 00:58:48,-152.853045559483,-45.419955826148,0,23,23,23,13,-5.99216846801994
01-Aug-2026 00:58:50,-152.830889525194,-45.3977997918585,0,23,23,23,12,-5.86432864266487
01-Aug-2026 00:58:52,-146.941413415803,-39.5083236824678,0,23,23,23,15,-39.5083236824678
01-Aug-2026 00:58:54,-146.294751419363,-38.8616616860281,0,23,23,23,15,-38.8616616860295
01-Aug-2026 00:58:56,-141.535080228855,-34.1019904955194,0,23,23,23,17,-34.1019904955194
01-Aug-2026 00:58:58,-141.732904026145,-34.2998142928101,0,24,24,24,19,-34.2998142928101
01-Aug-2026 00:59:00,-140.666322944662,-33.2332332113264,0,25,25,25,19,-33.2332332113264
01-Aug-2026 00:59:02,-139.678082679204,-32.2449929458692,0,25,25,25,19,-32.2449929458692
01-Aug-2026 00:59:04,-141.070457414987,-33.6373676816523,0,25,25,25,16,-13.176708015284
01-Aug-2026 00:59:06,-140.653114077609,-33.2200243442737,0,26,26,26,15,-23.5857979515909
01-Aug-2026 00:59:08,-142.309596511885,-34.87650677855,0,26,26,26,15,-24.4179462545895
01-Aug-2026 00:59:10,-141.861923552655,-34.4288338193201,0,25,25,25,16,-24.8878329531214
01-Aug-2026 00:59:12,-141.801687376938,-34.3685976436024,0,25,25,25,16,-25.7491192839524
01-Aug-2026 00:59:14,-141.988747986835,-34.5556582534994,0,25,25,25,15,-26.6331003727538
01-Aug-2026 00:59:16,-134.670908857034,-27.2378191236986,0,25,25,25,15,-27.2378191236986
01-Aug-2026 00:59:18,-135.478601397645,-28.0455116643102,0,25,25,25,14,-28.0455116643102
01-Aug-2026 00:59:20,-136.635165698211,-29.2020759648763,0,25,25,25,14,-29.2020759648763
01-Aug-2026 00:59:22,-137.594503097719,-30.1614133643843,0,25,25,25,14,-30.1614133643843
01-Aug-2026 00:59:24,-137.360736132857,-29.9276463995219,0,25,25,25,15,-29.9276463995219
01-Aug-2026 00:59:26,-138.069704744101,-30.6366150107656,0,25,25,25,15,-30.6366150107656
01-Aug-2026 00:59:28,-138.591958861067,-31.1588691277314,0,25,25,25,15,-31.1588691277314
01-Aug-2026 00:59:30,-138.801471491587,-31.3683817582516,0,25,25,25,15,-31.3683817582516
01-Aug-2026 00:59:32,-140.333883871411,-32.9007941380761,0,26,26,26,14,-32.9007941380761
01-Aug-2026 00:59:34,-140.888455567033,-33.4553658336982,0,26,26,26,14,-33.4553658336982
01-Aug-2026 00:59:36,-141.081755133325,-33.64866539999,0,26,26,26,16,-33.64866539999
01-Aug-2026 00:59:38,-140.834313619751,-33.4012238864162,0,26,26,26,17,-32.6509841688754
01-Aug-2026 00:59:40,-141.061651019263,-33.6285612859274,0,26,26,26,16,-32.629516267185
01-Aug-2026 00:59:42,-141.009845048707,-33.5767553153715,0,26,26,26,15,-32.3921868033486
01-Aug-2026 00:59:44,-141.359144256963,-33.9260545236273,0,26,26,26,16,-32.5323684197722
01-Aug-2026 00:59:46,-141.287383407444,-33.8542936741085,0,26,26,26,17,-32.2528271791153
01-Aug-2026 00:59:48,-141.094675504247,-33.6615857709122,0,26,26,26,18,-33.6615857709122
01-Aug-2026 00:59:50,-141.077189560603,-33.6440998272679,0,25,25,25,17,-33.6440998272679
01-Aug-2026 00:59:52,-141.29464703235,-33.8615572990145,0,25,25,25,16,-33.8615572990145
01-Aug-2026 00:59:54,-140.533911909057,-33.1008221757219,0,25,25,25,15,-33.1008221757219
01-Aug-2026 00:59:56,-140.899052562175,-33.46596282884,0,25,25,25,13,-33.46596282884
01-Aug-2026 00:59:58,-141.120897574413,-33.6878078410778,0,25,25,25,14,-33.6878078410778
01-Aug-2026 01:00:00,-141.613136661181,-34.1800469278461,0,25,25,25,15,-34.1800469278461
01-Aug-2026 01:00:02,-142.102290009223,-34.6692002758881,0,25,25,25,15,-34.6692002758881
01-Aug-2026 01:00:04,-145.435459120114,-38.0023693867789,0,25,25,25,16,-38.0023693867789
01-Aug-2026 01:00:06,-146.548869744965,-39.1157800116302,0,25,25,25,14,-39.1157800116302
01-Aug-2026 01:00:08,-146.709861907264,-39.2767721739284,0,25,25,25,13,-39.2767721739284
01-Aug-2026 01:00:10,-152.797237012383,-45.3641472790481,0,25,25,25,11,-45.3641472790481
01-Aug-2026 01:00:12,-153.591897397185,-46.15880766385,0,25,25,25,11,-46.15880766385
01-Aug-2026 01:00:14,-153.561430863552,-46.1283411302167,0,25,25,25,11,-46.1283411302167
01-Aug-2026 01:00:16,-153.724075237477,-46.2909855041416,0,25,25,25,11,-46.2909855041416
01-Aug-2026 01:00:18,-155.509767215995,-48.0766774826602,0,25,25,25,11,-48.0766774826602
01-Aug-2026 01:00:20,-159.245816392358,-51.8127266590225,0,25,25,25,9,-51.8127266590225
01-Aug-2026 01:00:22,-158.447941631373,-51.0148518980383,0,24,24,24,10,-51.0148518980383
01-Aug-2026 01:00:24,-157.938947709861,-50.5058579765255,0,24,24,24,11,-50.5058579765255
01-Aug-2026 01:00:26,-168.328549533578,-60.895459800243,0,24,24,24,12,-60.895459800243
01-Aug-2026 01:00:28,-168.50068304924,-61.0675933159053,0,24,24,24,13,-32.4986574834103
01-Aug-2026 01:00:30,-168.421621313382,-60.9885315800473,0,24,24,24,13,-34.6882234972136
01-Aug-2026 01:00:32,-168.824965840525,-61.3918761071895,0,24,24,24,13,-36.0477403621921
01-Aug-2026 01:00:34,-141.961291454004,-34.5282017206684,0,24,24,24,13,-34.5282017206684
01-Aug-2026 01:00:36,-141.694174164544,-34.2610844312089,0,25,25,25,15,-34.2610844312089
01-Aug-2026 01:00:38,-141.639098081304,-34.2060083479691,0,25,25,25,15,-34.2060083479691
01-Aug-2026 01:00:40,-141.9520259242,-34.5189361908649,0,25,25,25,15,-34.5189361908649
01-Aug-2026 01:00:42,-142.109646299096,-34.6765565657608,0,25,25,25,14,-34.6765565657608
01-Aug-2026 01:00:44,-145.925214057229,-38.4921243238938,0,25,25,25,12,-38.4921243238938
01-Aug-2026 01:00:46,-145.955546890783,-38.5224571574482,0,24,24,24,11,-38.5224571574482
01-Aug-2026 01:00:48,-146.538686416427,-39.1055966830917,0,23,23,23,12,-39.1055966830917
01-Aug-2026 01:00:50,-147.890487087891,-40.4573973545554,0,23,23,23,12,-40.4573973545554
01-Aug-2026 01:00:52,-144.848192126105,-37.4151023927693,0,22,22,22,11,-37.4151023927693
01-Aug-2026 01:00:54,-145.525737136116,-38.0926474027805,0,22,22,22,11,-38.0926474027805
01-Aug-2026 01:00:56,-146.164403662035,-38.7313139286996,0,22,22,22,11,-38.7313139286996
01-Aug-2026 01:00:58,-144.634184556948,-37.2010948236132,0,22,22,22,12,-37.2010948236132
01-Aug-2026 01:01:00,-145.312518484134,-37.8794287507988,0,23,23,23,11,-37.8794287507988
01-Aug-2026 01:01:02,-145.502235637703,-38.0691459043674,0,23,23,23,11,-38.0691459043674
01-Aug-2026 01:01:04,-147.74239074128,-40.309301007945,0,23,23,23,10,-40.309301007945
01-Aug-2026 01:01:06,-147.916356107078,-40.4832663737431,0,23,23,23,9,-40.4832663737431
01-Aug-2026 01:01:08,-148.170403204772,-40.7373134714363,0,24,24,24,9,-40.7373134714363
01-Aug-2026 01:01:10,-151.231910799219,-43.7988210658843,0,24,24,24,10,-35.9752647667851
01-Aug-2026 01:01:12,-151.334108346147,-43.9010186128122,0,23,23,23,10,-35.7659388898369
01-Aug-2026 01:01:14,-151.638198378286,-44.2051086449509,0,23,23,23,10,-35.9952828008343
01-Aug-2026 01:01:16,-152.442484692706,-45.0093949593711,0,23,23,23,10,-35.8342510092468
01-Aug-2026 01:01:18,-150.606264860024,-43.1731751266884,0,23,23,23,10,-43.1731751266884
01-Aug-2026 01:01:20,-153.531104465229,-46.0980147318934,0,23,23,23,9,-46.0980147318934
01-Aug-2026 01:01:22,-145.130918821718,-37.697829088383,0,23,23,23,10,-37.697829088383
01-Aug-2026 01:01:24,-152.434356727936,-45.0012669946013,0,22,22,22,9,-45.0012669946013
01-Aug-2026 01:01:26,-142.994149439631,-35.5610597062962,0,22,22,22,10,-35.5610597062962
01-Aug-2026 01:01:28,-143.75087734696,-36.3177876136253,0,22,22,22,10,-36.3177876136253
01-Aug-2026 01:01:30,-143.784741099449,-36.3516513661141,0,22,22,22,10,-36.3516513661141
01-Aug-2026 01:01:32,-143.922023150627,-36.4889334172913,0,22,22,22,10,-36.4889334172913
01-Aug-2026 01:01:34,-144.281777491832,-36.848687758497,0,22,22,22,10,-36.848687758497
01-Aug-2026 01:01:36,-144.865330225267,-37.4322404919319,0,22,22,22,10,-37.4322404919319
01-Aug-2026 01:01:38,-151.048913354499,-43.6158236211636,0,22,22,22,10,-43.6158236211636
01-Aug-2026 01:01:40,-150.430413190361,-42.9973234570255,0,22,22,22,12,-42.9973234570255
01-Aug-2026 01:01:42,-149.921437623915,-42.4883478905797,0,22,22,22,12,-42.4883478905797
01-Aug-2026 01:01:44,-149.605069321854,-42.1719795885187,0,22,22,22,12,-42.1719795885187
01-Aug-2026 01:01:46,-148.80042172753,-41.367331994195,0,22,22,22,13,-41.367331994195
01-Aug-2026 01:01:48,-148.393169223717,-40.9600794903818,0,23,23,23,13,-40.9600794903818
01-Aug-2026 01:01:50,-148.134682938453,-40.7015932051174,0,23,23,23,12,-40.7015932051174
01-Aug-2026 01:01:52,-147.509379326281,-40.0762895929456,0,23,23,23,13,-40.0762895929456
01-Aug-2026 01:01:54,-147.563606873839,-40.1305171405036,0,23,23,23,11,-40.1305171405036
01-Aug-2026 01:01:56,-147.745794061554,-40.3127043282187,0,23,23,23,11,-40.3127043282187
01-Aug-2026 01:01:58,-147.553960886986,-40.1208711536507,0,23,23,23,11,-40.1208711536507
01-Aug-2026 01:02:00,-147.627674539664,-40.1945848063283,0,23,23,23,12,-40.1945848063283
01-Aug-2026 01:02:02,-147.51505256644,-40.0819628331049,0,22,22,22,11,-40.0819628331049
01-Aug-2026 01:02:04,-146.284852332023,-38.851762598688,0,22,22,22,11,-38.851762598688
01-Aug-2026 01:02:06,-156.09923305401,-48.6661433206744,0,22,22,22,10,-38.8477704193377
01-Aug-2026 01:02:08,-155.889024887844,-48.4559351545092,0,22,22,22,9,-39.3821257600225
01-Aug-2026 01:02:10,-152.278387949673,-44.8452982163381,0,22,22,22,9,-38.3418024193256
01-Aug-2026 01:02:12,-152.155049768348,-44.7219600350127,0,22,22,22,9,-38.0509469646549
01-Aug-2026 01:02:14,-145.721819677069,-38.2887299437342,0,22,22,22,8,-35.4146273951223
01-Aug-2026 01:02:16,-143.447515039535,-36.0144253061995,0,22,22,22,10,-33.7550656056361
01-Aug-2026 01:02:18,-142.209551754686,-34.7764620213507,0,22,22,22,9,-34.7764620213507
01-Aug-2026 01:02:20,-140.565398722286,-33.1323089889509,0,22,22,22,9,-29.4629029353586
01-Aug-2026 01:02:22,-138.9621729872,-31.5290832538647,0,22,22,22,8,-31.5290832538647
01-Aug-2026 01:02:24,-138.301027965635,-30.8679382322997,0,24,24,24,9,-30.8679382322997
01-Aug-2026 01:02:26,-139.030656035134,-31.597566301799,0,24,24,24,9,-31.597566301799
01-Aug-2026 01:02:28,-139.570793069749,-32.1377033364137,0,24,24,24,10,-32.1377033364137
01-Aug-2026 01:02:30,-154.352049306675,-46.9189595733401,0,24,24,24,9,-46.9189595733401
01-Aug-2026 01:02:32,-159.089722170083,-51.6566324367478,0,24,24,24,8,-51.6566324367478
01-Aug-2026 01:02:34,-158.97556020466,-51.5424704713247,0,23,23,23,7,-51.5424704713247
01-Aug-2026 01:02:36,-158.886694797258,-51.4536050639232,0,23,23,23,7,-51.4536050639232
01-Aug-2026 01:02:38,-158.89110729723,-51.4580175638948,0,23,23,23,7,-51.4580175638948
01-Aug-2026 01:02:40,-155.707022849171,-48.273933115836,0,23,23,23,8,-48.273933115836
01-Aug-2026 01:02:42,-155.650403441853,-48.217313708518,0,23,23,23,8,-48.217313708518
01-Aug-2026 01:02:44,-154.543933674128,-47.1108439407928,0,23,23,23,9,-47.1108439407928
01-Aug-2026 01:02:46,-155.003438901942,-47.5703491686069,0,23,23,23,8,-47.5703491686069
01-Aug-2026 01:02:48,-152.555827714839,-45.1227379815034,0,25,25,25,9,-45.1227379815034
01-Aug-2026 01:02:50,-150.995498530564,-43.5624087972286,0,26,26,26,13,-43.5624087972286
01-Aug-2026 01:02:52,-142.400872336243,-34.9677826029079,0,26,26,26,14,-34.9677826029079
01-Aug-2026 01:02:54,-141.364248791843,-33.9311590585082,0,26,26,26,14,-33.9311590585082
01-Aug-2026 01:02:56,-140.54492888132,-33.1118391479845,0,26,26,26,13,-33.1118391479845
01-Aug-2026 01:02:58,-149.69524173588,-42.2621520025445,0,26,26,26,13,-42.2621520025445
01-Aug-2026 01:03:00,-150.569945824172,-43.136856090837,0,25,25,25,11,-43.136856090837
01-Aug-2026 01:03:02,-150.130824462035,-42.6977347286997,0,25,25,25,10,-42.6977347286997
01-Aug-2026 01:03:04,-149.980142090834,-42.5470523574986,0,25,25,25,9,-42.5470523574986
01-Aug-2026 01:03:06,-150.793829180663,-43.3607394473279,0,25,25,25,9,-43.3607394473279
01-Aug-2026 01:03:08,-150.425363612091,-42.9922738787557,0,25,25,25,10,-42.9922738787557
01-Aug-2026 01:03:10,-149.795325497352,-42.3622357640167,0,25,25,25,9,-42.3622357640167
01-Aug-2026 01:03:12,-150.174163546025,-42.7410738126898,0,25,25,25,8,-42.7410738126898
01-Aug-2026 01:03:14,-150.128511327736,-42.6954215944012,0,25,25,25,8,-42.6954215944012
01-Aug-2026 01:03:16,-149.956325450988,-42.5232357176532,0,25,25,25,8,-42.5232357176532
01-Aug-2026 01:03:18,-143.439462869101,-36.0063731357655,0,25,25,25,8,-36.0063731357655
01-Aug-2026 01:03:20,-143.176739001784,-35.7436492684484,0,26,26,26,10,-35.7436492684484
01-Aug-2026 01:03:22,-150.719918777208,-43.2868290438726,0,26,26,26,9,-35.9006201124868
01-Aug-2026 01:03:24,-150.367576079864,-42.9344863465288,0,26,26,26,10,-35.0158389511356
01-Aug-2026 01:03:26,-148.405923914602,-40.972834181267,0,26,26,26,10,-34.1257041461467
01-Aug-2026 01:03:28,-148.268388009469,-40.8352982761338,0,26,26,26,9,-34.1056297140491
01-Aug-2026 01:03:30,-142.169814213101,-34.7367244797659,0,26,26,26,11,-31.6725015505731
01-Aug-2026 01:03:32,-143.112006858082,-35.6789171247469,0,26,26,26,10,-35.6789171247469
01-Aug-2026 01:03:34,-143.165102975151,-35.7320132418155,0,26,26,26,10,-35.7320132418155
01-Aug-2026 01:03:36,-142.722589940864,-35.2895002075284,0,26,26,26,10,-35.2895002075284
01-Aug-2026 01:03:38,-141.477053354928,-34.0439636215925,0,26,26,26,11,-34.0439636215925
01-Aug-2026 01:03:40,-149.976407656077,-42.5433179227421,0,25,25,25,10,-42.5433179227421
01-Aug-2026 01:03:42,-149.14566317679,-41.7125734434547,0,25,25,25,10,-41.7125734434547
01-Aug-2026 01:03:44,-148.903329267332,-41.4702395339964,0,25,25,25,10,-41.4702395339964
01-Aug-2026 01:03:46,-149.875403941448,-42.4423142081125,0,25,25,25,9,-42.4423142081125
01-Aug-2026 01:03:48,-150.40056366686,-42.9674739335252,0,25,25,25,9,-42.9674739335252
01-Aug-2026 01:03:50,-149.445943822566,-42.0128540892306,0,25,25,25,9,-42.0128540892306
01-Aug-2026 01:03:52,-154.457690276219,-47.0246005428834,0,25,25,25,7,-47.0246005428834
01-Aug-2026 01:03:54,-154.51409385979,-47.0810041264546,0,25,25,25,7,-47.0810041264546
01-Aug-2026 01:03:56,-154.346282823332,-46.9131930899964,0,25,25,25,7,-46.9131930899964
01-Aug-2026 01:03:58,-153.506752919091,-46.0736631857556,0,25,25,25,8,-46.0736631857556
01-Aug-2026 01:04:00,-145.952579670864,-38.5194899375284,0,25,25,25,9,-38.5194899375284
01-Aug-2026 01:04:02,-144.988956819041,-37.5558670857054,0,25,25,25,12,-37.5558670857054
01-Aug-2026 01:04:04,-145.284610853566,-37.8515211202304,0,25,25,25,13,-37.8515211202304
01-Aug-2026 01:04:06,-145.210571219121,-37.7774814857858,0,25,25,25,12,-37.7774814857858
01-Aug-2026 01:04:08,-145.075839812451,-37.6427500791158,0,25,25,25,13,-37.6427500791158
01-Aug-2026 01:04:10,-150.755270200082,-43.3221804667468,0,25,25,25,11,-43.3221804667468
01-Aug-2026 01:04:12,-151.018829137023,-43.5857394036873,0,24,24,24,11,-43.5857394036873
01-Aug-2026 01:04:14,-147.258704304964,-39.8256145716292,0,24,24,24,14,-31.2015544974541
01-Aug-2026 01:04:16,-147.534345002924,-40.1012552695886,0,24,24,24,14,-33.1474792097814
01-Aug-2026 01:04:18,-147.68175665884,-40.2486669255047,0,24,24,24,14,-34.2236358645399
01-Aug-2026 01:04:20,-148.53891336438,-41.1058236310446,0,24,24,24,14,-34.3759036444075
01-Aug-2026 01:04:22,-148.492236998277,-41.0591472649422,0,24,24,24,15,-34.9831296887921
01-Aug-2026 01:04:24,-140.88204995716,-33.4489602238243,0,24,24,24,16,-33.4489602238243
01-Aug-2026 01:04:26,-141.016181848248,-33.5830921149131,0,25,25,25,15,-33.5830921149131
01-Aug-2026 01:04:28,-141.288354231194,-33.8552644978587,0,25,25,25,14,-33.8552644978587
01-Aug-2026 01:04:30,-141.617387022694,-34.1842972893589,0,25,25,25,14,-34.1842972893589
01-Aug-2026 01:04:32,-141.639498580002,-34.2064088466668,0,25,25,25,14,-34.2064088466668
01-Aug-2026 01:04:34,-142.284328440066,-34.851238706731,0,23,23,23,13,-34.851238706731
01-Aug-2026 01:04:36,-142.338159911799,-34.9050701784642,0,22,22,22,12,-34.9050701784642
01-Aug-2026 01:04:38,-143.835115935267,-36.4020262019322,0,22,22,22,9,-36.4020262019322
01-Aug-2026 01:04:40,-141.778137216987,-34.3450474836519,0,22,22,22,8,-34.3450474836519
01-Aug-2026 01:04:42,-141.676057739352,-34.2429680060172,0,22,22,22,9,-34.2429680060172
01-Aug-2026 01:04:44,-141.547415268783,-34.1143255354473,0,22,22,22,9,-34.1143255354473
01-Aug-2026 01:04:46,-141.597576163087,-34.1644864297523,0,22,22,22,10,-34.1644864297523
01-Aug-2026 01:04:48,-138.655028987034,-31.2219392536985,0,22,22,22,11,-31.2219392536985
01-Aug-2026 01:04:50,-139.950876475561,-32.517786742226,0,22,22,22,11,-32.517786742226
01-Aug-2026 01:04:52,-139.360256859428,-31.927167126093,0,22,22,22,11,-31.927167126093
01-Aug-2026 01:04:54,-147.99419618459,-40.5611064512552,0,22,22,22,10,-40.5611064512552
01-Aug-2026 01:04:56,-149.182759116218,-41.7496693828827,0,23,23,23,10,-41.7496693828827
01-Aug-2026 01:04:58,-149.41759877054,-41.9845090372043,0,24,24,24,9,-41.9845090372043
01-Aug-2026 01:05:00,-144.835527471551,-37.4024377382156,0,24,24,24,9,-37.4024377382156
01-Aug-2026 01:05:02,-144.719230905387,-37.2861411720515,0,23,23,23,9,-37.2861411720515
01-Aug-2026 01:05:04,-144.994694953635,-37.5616052202994,0,23,23,23,9,-37.5616052202994
01-Aug-2026 01:05:06,-144.568531780377,-37.1354420470419,0,23,23,23,11,-37.1354420470419
01-Aug-2026 01:05:08,-143.772860847486,-36.3397711141505,0,23,23,23,13,-36.3397711141505
01-Aug-2026 01:05:10,-143.649119265828,-36.2160295324933,0,22,22,22,11,-36.2160295324933
01-Aug-2026 01:05:12,-156.324403145105,-48.8913134117697,0,22,22,22,12,-25.1376122339436
01-Aug-2026 01:05:14,-166.714829247322,-59.2817395139865,0,22,22,22,13,-25.1707067980954
01-Aug-2026 01:05:16,-166.736012910662,-59.3029231773268,0,22,22,22,13,-24.7714377710341
01-Aug-2026 01:05:18,-147.88563014822,-40.4525404148845,0,22,22,22,13,-24.9136902753043
01-Aug-2026 01:05:20,-148.453060006695,-41.0199702733595,0,22,22,22,13,-24.0362471004887
01-Aug-2026 01:05:22,-148.361114379724,-40.9280246463883,0,22,22,22,14,-23.3021565435522
01-Aug-2026 01:05:24,-151.603204622295,-44.1701148889594,0,22,22,22,13,-23.0419770161019
01-Aug-2026 01:05:26,-151.659434772139,-44.2263450388039,0,22,22,22,12,-44.2263450388039
01-Aug-2026 01:05:28,-152.053387559798,-44.6202978264628,0,22,22,22,11,-44.6202978264628
01-Aug-2026 01:05:30,-152.003290576003,-44.5702008426674,0,22,22,22,9,-44.5702008426674
01-Aug-2026 01:05:32,-151.97399792685,-44.5409081935153,0,22,22,22,9,-44.5409081935153
01-Aug-2026 01:05:34,-149.055053077897,-41.6219633445617,0,23,23,23,10,-41.6219633445617
01-Aug-2026 01:05:36,-149.570798911105,-42.1377091777698,0,23,23,23,9,-42.1377091777698
01-Aug-2026 01:05:38,-149.083992532519,-41.6509027991843,0,23,23,23,9,-41.6509027991843
01-Aug-2026 01:05:40,-149.279843941901,-41.8467542085658,0,23,23,23,10,-41.8467542085658
01-Aug-2026 01:05:42,-148.945496152011,-41.5124064186755,0,23,23,23,9,-41.5124064186755
01-Aug-2026 01:05:44,-148.604376668395,-41.17128693506,0,23,23,23,9,-41.17128693506
01-Aug-2026 01:05:46,-148.248555091289,-40.8154653579536,0,23,23,23,10,-40.8154653579536
01-Aug-2026 01:05:48,-147.565972560068,-40.1328828267323,0,23,23,23,9,-40.1328828267323
01-Aug-2026 01:05:50,-150.580046381179,-43.1469566478443,0,23,23,23,7,-43.1469566478443
01-Aug-2026 01:05:52,-152.850041887882,-45.4169521545465,0,22,22,22,9,-45.4169521545465
01-Aug-2026 01:05:54,-152.450989642812,-45.0178999094764,0,22,22,22,8,-45.0178999094764
01-Aug-2026 01:05:56,-152.652129667987,-45.2190399346514,0,22,22,22,7,-45.2190399346514
01-Aug-2026 01:05:58,-152.576885697653,-45.1437959643183,0,22,22,22,8,-30.139794278322
01-Aug-2026 01:06:00,-152.417755882114,-44.9846661487792,0,22,22,22,8,-29.5960545554373
01-Aug-2026 01:06:02,-153.425476535887,-45.9923868025519,0,22,22,22,8,-30.0134796739558
01-Aug-2026 01:06:04,-152.958189908213,-45.5251001748778,0,22,22,22,9,-29.5355951494809
01-Aug-2026 01:06:06,-152.646323253744,-45.2132335204085,0,22,22,22,8,-29.1341508171641
01-Aug-2026 01:06:08,-152.121617482208,-44.6885277488725,0,22,22,22,9,-29.7225218867936
01-Aug-2026 01:06:10,-152.036824742995,-44.6037350096594,0,22,22,22,9,-30.0960352409134
01-Aug-2026 01:06:12,-151.859210384211,-44.4261206508757,0,23,23,23,11,-30.1316015389451
01-Aug-2026 01:06:14,-151.44103084207,-44.0079411087352,0,24,24,24,12,-31.0798777345891
01-Aug-2026 01:06:16,-163.353793556501,-55.920703823166,0,24,24,24,11,-31.6572973488074
01-Aug-2026 01:06:18,-163.2123780835,-55.7792883501643,0,24,24,24,11,-31.4516417578657
01-Aug-2026 01:06:20,-163.499403619455,-56.0663138861196,0,24,24,24,12,-32.2380885916115
01-Aug-2026 01:06:22,-163.607826572105,-56.1747368387694,0,24,24,24,10,-33.1054465764845
01-Aug-2026 01:06:24,-163.714022337277,-56.2809326039414,0,24,24,24,10,-33.2293055254759
01-Aug-2026 01:06:26,-140.658656139953,-33.2255664066174,0,24,24,24,10,-33.2255664066174
01-Aug-2026 01:06:28,-139.531794679816,-32.0987049464812,0,23,23,23,6,-32.0987049464812
01-Aug-2026 01:06:30,-139.45939035263,-32.0263006192946,0,23,23,23,6,-32.0263006192946
01-Aug-2026 01:06:32,-140.26448776851,-32.8313980351746,0,24,24,24,9,-32.8313980351746
01-Aug-2026 01:06:34,-141.374252000533,-33.9411622671981,0,24,24,24,10,-33.9411622671981
01-Aug-2026 01:06:36,-142.047627176097,-34.6145374427619,0,24,24,24,10,-34.6145374427619
01-Aug-2026 01:06:38,-141.189645907113,-33.7565561737776,0,26,26,26,11,-33.7565561737776
01-Aug-2026 01:06:40,-141.423651466987,-33.9905617336516,0,26,26,26,12,-33.9905617336516
01-Aug-2026 01:06:42,-141.765784581786,-34.3326948484505,0,26,26,26,12,-34.3326948484505
01-Aug-2026 01:06:44,-142.665086074066,-35.2319963407309,0,26,26,26,13,-35.2319963407309
01-Aug-2026 01:06:46,-142.232350903483,-34.7992611701479,0,26,26,26,12,-34.7992611701479
01-Aug-2026 01:06:48,-142.42613569533,-34.9930459619952,0,26,26,26,13,-34.9930459619952
01-Aug-2026 01:06:50,-142.045777040887,-34.612687307552,0,26,26,26,13,-34.612687307552
01-Aug-2026 01:06:52,-141.920635930566,-34.4875461972304,0,25,25,25,13,-34.4875461972304
01-Aug-2026 01:06:54,-142.151182446357,-34.7180927130222,0,25,25,25,12,-34.7180927130222
01-Aug-2026 01:06:56,-142.503001311107,-35.0699115777714,0,25,25,25,13,-35.0699115777714
01-Aug-2026 01:06:58,-142.814269352282,-35.3811796189466,0,25,25,25,12,-35.3811796189466
01-Aug-2026 01:07:00,-142.991920719858,-35.5588309865231,0,25,25,25,12,-35.5588309865231
01-Aug-2026 01:07:02,-143.508894966984,-36.0758052336485,0,25,25,25,12,-36.0758052336485
01-Aug-2026 01:07:04,-143.651841373815,-36.2187516404795,0,25,25,25,11,-36.2187516404795
01-Aug-2026 01:07:06,-142.233685416985,-34.8005956836494,0,25,25,25,13,-34.8005956836494
01-Aug-2026 01:07:08,-143.597993106586,-36.1649033732513,0,25,25,25,14,-34.898408364655
01-Aug-2026 01:07:10,-143.524483241037,-36.0913935077021,0,26,26,26,15,-34.6720479722233
01-Aug-2026 01:07:12,-143.665845006591,-36.2327552732555,0,26,26,26,17,-34.5328162605949
01-Aug-2026 01:07:14,-143.647345659846,-36.2142559265105,0,26,26,26,17,-34.2235541357425
01-Aug-2026 01:07:16,-143.291238812768,-35.8581490794332,0,26,26,26,16,-33.7609214490675
01-Aug-2026 01:07:18,-143.188963513624,-35.7558737802885,0,26,26,26,16,-35.7558737802885
01-Aug-2026 01:07:20,-143.070499213813,-35.6374094804775,0,26,26,26,16,-35.6374094804775
01-Aug-2026 01:07:22,-143.148850571707,-35.7157608383719,0,26,26,26,16,-35.7157608383719
01-Aug-2026 01:07:24,-142.8272647847,-35.3941750513643,0,26,26,26,16,-35.3941750513643
01-Aug-2026 01:07:26,-142.466889812316,-35.0338000789807,0,26,26,26,13,-35.0338000789807
01-Aug-2026 01:07:28,-142.315347803923,-34.8822580705882,0,25,25,25,13,-34.8822580705882
01-Aug-2026 01:07:30,-142.112774797594,-34.6796850642585,0,25,25,25,13,-34.6796850642585
01-Aug-2026 01:07:32,-142.54944924196,-35.1163595086247,0,25,25,25,15,-35.1163595086247
01-Aug-2026 01:07:34,-142.255108781653,-34.8220190483177,0,25,25,25,15,-34.8220190483177
01-Aug-2026 01:07:36,-141.761716425942,-34.3286266926072,0,25,25,25,14,-34.3286266926072
01-Aug-2026 01:07:38,-141.81169966999,-34.3786099366545,0,25,25,25,15,-34.3786099366545
01-Aug-2026 01:07:40,-141.50286648928,-34.0697767559444,0,25,25,25,15,-34.0697767559444
01-Aug-2026 01:07:42,-142.0865773438,-34.6534876104648,0,25,25,25,15,-34.6534876104648
01-Aug-2026 01:07:44,-142.309030314071,-34.8759405807359,0,25,25,25,16,-34.8759405807359
01-Aug-2026 01:07:46,-142.294556441487,-34.8614667081519,0,25,25,25,16,-34.8614667081519
01-Aug-2026 01:07:48,-142.375586630146,-34.9424968968104,0,25,25,25,14,-34.9424968968104
01-Aug-2026 01:07:50,-142.438769157092,-35.0056794237572,0,25,25,25,14,-35.0056794237572
01-Aug-2026 01:07:52,-142.226665200617,-34.7935754672821,0,25,25,25,15,-34.7935754672821
01-Aug-2026 01:07:54,-142.685352838261,-35.2522631049254,0,25,25,25,15,-35.2522631049254
01-Aug-2026 01:07:56,-142.43381045134,-35.0007207180045,0,25,25,25,16,-35.0007207180045
01-Aug-2026 01:07:58,-142.262443228597,-34.8293534952622,0,25,25,25,17,-34.8293534952622
01-Aug-2026 01:08:00,-141.861124898705,-34.4280351653699,0,25,25,25,17,-34.4280351653699
01-Aug-2026 01:08:02,-141.588402290149,-34.155312556814,0,24,24,24,17,-34.155312556814
01-Aug-2026 01:08:04,-140.856727671202,-33.4236379378671,0,24,24,24,16,-33.4236379378671
01-Aug-2026 01:08:06,-140.625420897376,-33.1923311640408,0,24,24,24,15,-33.1923311640408
01-Aug-2026 01:08:08,-143.354725770653,-35.9216360373181,0,24,24,24,12,-35.9216360373181
01-Aug-2026 01:08:10,-146.373226386066,-38.9401366527304,0,24,24,24,11,-38.9401366527304
01-Aug-2026 01:08:12,-136.688034460381,-29.254944727046,0,24,24,24,13,-29.254944727046
01-Aug-2026 01:08:14,-135.677541527433,-28.2444517940982,0,24,24,24,14,-28.2444517940982
01-Aug-2026 01:08:16,-136.260377037022,-28.8272873036871,0,24,24,24,15,-28.8272873036871
01-Aug-2026 01:08:18,-137.12412574129,-29.6910360079553,0,24,24,24,15,-29.6910360079553
01-Aug-2026 01:08:20,-136.547688346139,-29.1145986128038,0,24,24,24,14,-29.1145986128038
01-Aug-2026 01:08:22,-133.963866131693,-26.5307763983581,0,23,23,23,15,-26.5307763983581
01-Aug-2026 01:08:24,-135.13047360659,-27.6973838732546,0,23,23,23,14,-27.6973838732546
01-Aug-2026 01:08:26,-135.313428976305,-27.8803392429701,0,22,22,22,13,-27.8803392429701
01-Aug-2026 01:08:28,-135.199457193817,-27.7663674604819,0,22,22,22,13,-27.7663674604819
01-Aug-2026 01:08:30,-140.965910209022,-33.532820475687,0,22,22,22,13,-33.532820475687
01-Aug-2026 01:08:32,-143.523716860992,-36.0906271276563,0,22,22,22,12,-36.0906271276563
01-Aug-2026 01:08:34,-144.497354741458,-37.0642650081228,0,22,22,22,12,-37.0642650081228
01-Aug-2026 01:08:36,-145.165141268469,-37.7320515351343,0,22,22,22,14,-37.7320515351343
01-Aug-2026 01:08:38,-145.208945869169,-37.7758561358343,0,22,22,22,15,-37.7758561358343
01-Aug-2026 01:08:40,-145.255615427428,-37.8225256940928,0,22,22,22,16,-37.8225256940928
01-Aug-2026 01:08:42,-145.457076110373,-38.0239863770379,0,22,22,22,14,-38.0239863770379
01-Aug-2026 01:08:44,-146.561480271835,-39.1283905385001,0,22,22,22,15,-39.1283905385001
01-Aug-2026 01:08:46,-146.615188072434,-39.1820983390987,0,22,22,22,17,-37.080078672524
01-Aug-2026 01:08:48,-147.502662040564,-40.0695723072283,0,23,23,23,17,-37.5424214294416
01-Aug-2026 01:08:50,-147.998113685549,-40.5650239522141,0,24,24,24,15,-37.3801583987569
01-Aug-2026 01:08:52,-148.390243520765,-40.95715378743,0,24,24,24,13,-37.3922704381297
01-Aug-2026 01:08:54,-148.731601295329,-41.2985115619939,0,22,22,22,11,-37.5797916268575
01-Aug-2026 01:08:56,-148.603945154146,-41.170855420811,0,22,22,22,10,-37.8514108301788
01-Aug-2026 01:08:58,-148.631784812131,-41.1986950787955,0,22,22,22,11,-37.2010772657896
01-Aug-2026 01:09:00,-147.578197348066,-40.1451076147306,0,22,22,22,11,-36.6978534704653
01-Aug-2026 01:09:02,-148.084418749185,-40.6513290158503,0,22,22,22,11,-37.2647315186821
01-Aug-2026 01:09:04,-147.829530284251,-40.3964405509157,0,22,22,22,11,-37.0140284148827
01-Aug-2026 01:09:06,-147.629113293737,-40.1960235604015,0,22,22,22,13,-36.6300122186972
01-Aug-2026 01:09:08,-147.65165040881,-40.2185606754749,0,22,22,22,14,-36.1886781489315
01-Aug-2026 01:09:10,-144.270391419143,-36.8373016858079,0,22,22,22,13,-36.8373016858079
01-Aug-2026 01:09:12,-144.064022822169,-36.6309330888337,0,22,22,22,14,-36.6309330888337
01-Aug-2026 01:09:14,-143.99629330941,-36.5632035760749,0,22,22,22,14,-36.5632035760749
01-Aug-2026 01:09:16,-144.088139120267,-36.6550493869317,0,22,22,22,15,-36.6550493869317
01-Aug-2026 01:09:18,-144.022392515298,-36.5893027819626,0,23,23,23,16,-36.5893027819626
01-Aug-2026 01:09:20,-143.343860653593,-35.910770920258,0,23,23,23,15,-35.910770920258
01-Aug-2026 01:09:22,-140.573479948227,-33.1403902148913,0,23,23,23,14,-33.1403902148913
01-Aug-2026 01:09:24,-140.675021364242,-33.2419316309073,0,23,23,23,13,-33.2419316309073
01-Aug-2026 01:09:26,-140.693600398677,-33.2605106653419,0,23,23,23,14,-33.2605106653419
01-Aug-2026 01:09:28,-142.294003903956,-34.860914170621,0,23,23,23,14,-34.860914170621
01-Aug-2026 01:09:30,-141.914661020267,-34.4815712869317,0,23,23,23,13,-34.4815712869317
01-Aug-2026 01:09:32,-141.166706129302,-33.7336163959668,0,23,23,23,12,-33.7336163959668
01-Aug-2026 01:09:34,-140.868526268003,-33.4354365346673,0,23,23,23,13,-33.4354365346673
01-Aug-2026 01:09:36,-140.672424121358,-33.2393343880233,0,23,23,23,13,-33.2393343880233
01-Aug-2026 01:09:38,-140.220644086212,-32.7875543528768,0,23,23,23,14,-32.7875543528768
01-Aug-2026 01:09:40,-139.807568841508,-32.3744791081732,0,23,23,23,15,-32.3744791081732
01-Aug-2026 01:09:42,-149.807560948895,-42.3744712155599,0,22,22,22,13,-27.3489907662172
01-Aug-2026 01:09:44,-149.756851623915,-42.3237618905803,0,22,22,22,12,-27.1059898964089
01-Aug-2026 01:09:46,-149.843322067046,-42.4102323337106,0,22,22,22,13,-27.3763104433878
01-Aug-2026 01:09:48,-154.361194704547,-46.9281049712116,0,22,22,22,12,-26.8112692908024
01-Aug-2026 01:09:50,-156.791206730336,-49.3581169970008,0,22,22,22,11,-26.4859512487125
01-Aug-2026 01:09:52,-156.263616981576,-48.8305272482411,0,22,22,22,10,-26.7361699462274
01-Aug-2026 01:09:54,-155.662159637136,-48.2290699038007,0,22,22,22,11,-22.7401420671628
01-Aug-2026 01:09:56,-151.694115445315,-44.2610257119797,0,22,22,22,12,-27.5988254058474
01-Aug-2026 01:09:58,-151.343550960453,-43.9104612271174,0,22,22,22,12,-27.0810132519809
01-Aug-2026 01:10:00,-152.805482488069,-45.3723927547342,0,23,23,23,10,-27.2852068174917
01-Aug-2026 01:10:02,-153.007760364468,-45.5746706311326,0,23,23,23,10,-27.0435042361167
01-Aug-2026 01:10:04,-150.047971076292,-42.6148813429573,0,23,23,23,11,-27.5467488339111
01-Aug-2026 01:10:06,-149.918591204915,-42.4855014715797,0,24,24,24,13,-27.6407971594303
01-Aug-2026 01:10:08,-148.646172181222,-41.2130824478866,0,24,24,24,14,-28.2900542517733
01-Aug-2026 01:10:10,-148.23458587877,-40.8014961454349,0,24,24,24,14,-29.0016545585813
01-Aug-2026 01:10:12,-148.989482514986,-41.5563927816513,0,24,24,24,14,-30.4393490083158
01-Aug-2026 01:10:14,-148.708735609339,-41.2756458760036,0,25,25,25,15,-30.0536264367194
01-Aug-2026 01:10:16,-148.46090389859,-41.0278141652551,0,25,25,25,16,-30.4817058028545
01-Aug-2026 01:10:18,-149.070305662569,-41.6372159292341,0,25,25,25,15,-31.9037041740428
01-Aug-2026 01:10:20,-150.18227604242,-42.7491863090845,0,25,25,25,14,-32.119641400242
01-Aug-2026 01:10:22,-147.567959975442,-40.1348702421065,0,24,24,24,14,-30.6828010907796
01-Aug-2026 01:10:24,-138.125779972555,-30.6926902392193,0,24,24,24,16,-30.6926902392193
01-Aug-2026 01:10:26,-138.396157569925,-30.9630678365899,0,24,24,24,15,-30.9630678365899
01-Aug-2026 01:10:28,-139.116345890054,-31.6832561567185,0,26,26,26,17,-31.6832561567185
01-Aug-2026 01:10:30,-139.27036429696,-31.8372745636247,0,26,26,26,17,-31.8372745636247
01-Aug-2026 01:10:32,-139.086867855464,-31.653778122129,0,26,26,26,18,-31.653778122129
01-Aug-2026 01:10:34,-145.764962745317,-38.3318730119822,0,26,26,26,17,-38.3318730119822
01-Aug-2026 01:10:36,-144.745813473482,-37.3127237401464,0,26,26,26,17,-37.3127237401464
01-Aug-2026 01:10:38,-141.957847240557,-34.5247575072223,0,26,26,26,18,-34.5247575072223
01-Aug-2026 01:10:40,-141.898208778562,-34.465119045227,0,26,26,26,17,-17.5481018177278
01-Aug-2026 01:10:42,-142.201273526442,-34.7681837931073,0,25,25,25,17,-18.8618512068502
01-Aug-2026 01:10:44,-142.680235803588,-35.2471460702524,0,25,25,25,16,-20.2133711948805
01-Aug-2026 01:10:46,-142.466051700382,-35.0329619670472,0,25,25,25,16,-24.9701491643386
01-Aug-2026 01:10:48,-133.887055190468,-26.4539654571331,0,25,25,25,16,-26.4539654571331
01-Aug-2026 01:10:50,-143.088321150206,-35.6552314168704,0,25,25,25,16,-35.6552314168704
01-Aug-2026 01:10:52,-138.862664906707,-31.4295751733715,0,25,25,25,18,-31.4295751733715
01-Aug-2026 01:10:54,-138.285992118889,-30.8529023855542,0,25,25,25,18,-30.4526399541147
01-Aug-2026 01:10:56,-138.564412945022,-31.1313232116864,0,25,25,25,18,-30.5840372135905
01-Aug-2026 01:10:58,-139.005051856965,-31.5719621236294,0,26,26,26,19,-30.8989738128011
01-Aug-2026 01:11:00,-139.595826975084,-32.1627372417493,0,26,26,26,19,-31.0620252443993
01-Aug-2026 01:11:02,-139.945954363863,-32.5128646305282,0,26,26,26,19,-31.2835833155112
01-Aug-2026 01:11:04,-140.902187939223,-33.4690982058877,0,26,26,26,19,-31.5115452551127
01-Aug-2026 01:11:06,-141.354932094848,-33.9218423615126,0,26,26,26,19,-33.9218423615126
01-Aug-2026 01:11:08,-141.3426498555,-33.909560122165,0,26,26,26,17,-33.909560122165
01-Aug-2026 01:11:10,-141.910665732592,-34.4775759992566,0,26,26,26,17,-34.4775759992566
01-Aug-2026 01:11:12,-143.327725689254,-35.894635955919,0,26,26,26,14,-35.894635955919
01-Aug-2026 01:11:14,-145.003964018488,-37.5708742851526,0,26,26,26,12,-37.5708742851526
01-Aug-2026 01:11:16,-139.726096112618,-32.2930063792827,0,25,25,25,11,-32.2930063792827
01-Aug-2026 01:11:18,-139.590539621837,-32.157449888502,0,25,25,25,10,-32.157449888502
01-Aug-2026 01:11:20,-139.625300316387,-32.1922105830515,0,25,25,25,10,-32.1922105830515
01-Aug-2026 01:11:22,-139.903777807044,-32.4706880737093,0,25,25,25,11,-32.4706880737093
01-Aug-2026 01:11:24,-139.128950473024,-31.6958607396892,0,25,25,25,13,-31.6958607396892
01-Aug-2026 01:11:26,-146.587152113239,-39.1540623799037,0,25,25,25,13,-39.1540623799037
01-Aug-2026 01:11:28,-140.710928976473,-33.2778392431376,0,25,25,25,13,-33.2778392431376
01-Aug-2026 01:11:30,-140.555794233324,-33.1227044999884,0,25,25,25,13,-33.1227044999884
01-Aug-2026 01:11:32,-140.861576036778,-33.4284863034433,0,25,25,25,12,-33.4284863034433
01-Aug-2026 01:11:34,-140.689895576365,-33.2568058430298,0,25,25,25,12,-33.2568058430298
01-Aug-2026 01:11:36,-140.491940963863,-33.0588512305281,0,25,25,25,11,-33.0588512305281
01-Aug-2026 01:11:38,-140.286164582446,-32.8530748491106,0,25,25,25,12,-32.8530748491106
01-Aug-2026 01:11:40,-140.493382421706,-33.0602926883709,0,25,25,25,12,-33.0602926883709
01-Aug-2026 01:11:42,-141.008644894428,-33.5755551610923,0,25,25,25,11,-33.5755551610923
01-Aug-2026 01:11:44,-140.801428926763,-33.3683391934275,0,25,25,25,11,-33.3683391934275
01-Aug-2026 01:11:46,-140.502109657876,-33.0690199245411,0,25,25,25,11,-33.0690199245411
01-Aug-2026 01:11:48,-140.321809300792,-32.8887195674564,0,25,25,25,12,-32.8887195674564
01-Aug-2026 01:11:50,-139.836654917236,-32.4035651839013,0,25,25,25,12,-14.9206721943953
01-Aug-2026 01:11:52,-139.855590758609,-32.4225010252738,0,24,24,24,13,-16.2406724222494
01-Aug-2026 01:11:54,-139.494091902156,-32.0610021688207,0,24,24,24,11,-16.3102434395007
01-Aug-2026 01:11:56,-139.425615831253,-31.9925260979175,0,24,24,24,10,-16.2746038304188
01-Aug-2026 01:11:58,-139.473911568819,-32.0408218354835,0,24,24,24,10,-16.5242376949544
01-Aug-2026 01:12:00,-124.334245552756,-16.9011558194205,0,23,23,23,11,-16.9011558194205
01-Aug-2026 01:12:02,-125.002000945933,-17.5689112125977,0,23,23,23,11,-17.5689112125977
01-Aug-2026 01:12:04,-125.121309716225,-17.6882199828894,0,23,23,23,10,-17.6882199828894
01-Aug-2026 01:12:06,-125.460736911331,-18.0276471779957,0,24,24,24,11,-18.0276471779957
01-Aug-2026 01:12:08,-126.974749616996,-19.5416598836611,0,24,24,24,11,-19.5416598836611
01-Aug-2026 01:12:10,-127.754845643017,-20.3217559096823,0,23,23,23,9,-20.3217559096823
01-Aug-2026 01:12:12,-128.807662770604,-21.3745730372693,0,23,23,23,10,-21.3745730372693
01-Aug-2026 01:12:14,-129.358135330744,-21.9250455974092,0,22,22,22,9,-21.9250455974092
01-Aug-2026 01:12:16,-130.679627577186,-23.2465378438506,0,22,22,22,11,-23.2465378438506
01-Aug-2026 01:12:18,-131.287345846549,-23.8542561132134,0,22,22,22,12,-23.8542561132134
01-Aug-2026 01:12:20,-131.85789495903,-24.4248052256948,0,22,22,22,12,-24.4248052256948
01-Aug-2026 01:12:22,-137.000126903316,-29.567037169981,0,22,22,22,11,-29.567037169981
01-Aug-2026 01:12:24,-136.632798398083,-29.1997086647479,0,22,22,22,12,-29.1997086647479
01-Aug-2026 01:12:26,-137.030125285626,-29.5970355522913,0,22,22,22,12,-29.5970355522913
01-Aug-2026 01:12:28,-137.270696915805,-29.8376071824697,0,22,22,22,12,-29.8376071824697
01-Aug-2026 01:12:30,-137.441230496603,-30.0081407632678,0,22,22,22,11,-30.0081407632678
01-Aug-2026 01:12:32,-139.128402829326,-31.695313095991,0,22,22,22,10,-31.695313095991
01-Aug-2026 01:12:34,-138.749121645641,-31.3160319123055,0,22,22,22,12,-31.3160319123055
01-Aug-2026 01:12:36,-138.540404543382,-31.1073148100467,0,23,23,23,11,-31.1073148100467
01-Aug-2026 01:12:38,-141.121156689434,-33.6880669560989,0,23,23,23,10,-30.9482435118222
01-Aug-2026 01:12:40,-141.110392754737,-33.6773030214015,0,22,22,22,9,-30.4946930535213
01-Aug-2026 01:12:42,-141.544843129418,-34.1117533960825,0,22,22,22,9,-30.473691024699
01-Aug-2026 01:12:44,-141.46822673003,-34.0351369966945,0,21,21,21,9,-30.0881215615811
01-Aug-2026 01:12:46,-141.881810680461,-34.4487209471253,0,22,22,22,9,-29.9846128582905
01-Aug-2026 01:12:48,-147.156544488284,-39.7234547549485,0,22,22,22,9,-31.6785344663277
01-Aug-2026 01:12:50,-148.415907208791,-40.9828174754556,0,22,22,22,9,-32.1625909522609
01-Aug-2026 01:12:52,-148.04159248905,-40.6085027557148,0,22,22,22,10,-32.1195448323927
01-Aug-2026 01:12:54,-148.178623419566,-40.745533686231,0,22,22,22,12,-32.0407181084258
01-Aug-2026 01:12:56,-147.794449515832,-40.3613597824965,0,22,22,22,14,-32.6776506323566
01-Aug-2026 01:12:58,-150.532533109033,-43.0994433756982,0,22,22,22,13,-33.0465125532441
01-Aug-2026 01:13:00,-151.613464359041,-44.1803746257062,0,22,22,22,12,-33.4250942344311
01-Aug-2026 01:13:02,-151.848108395347,-44.4150186620121,0,22,22,22,11,-32.9912703140567
01-Aug-2026 01:13:04,-152.006323202668,-44.5732334693326,0,23,23,23,8,-32.9590586027201
01-Aug-2026 01:13:06,-146.141724808874,-38.708635075539,0,23,23,23,9,-32.5239550657708
01-Aug-2026 01:13:08,-143.467044622048,-36.0339548887132,0,23,23,23,13,-30.3944062245312
01-Aug-2026 01:13:10,-142.986199163185,-35.5531094298495,0,23,23,23,14,-30.1485933471101
01-Aug-2026 01:13:12,-142.615815530201,-35.1827257968655,0,23,23,23,13,-28.9857541376888
01-Aug-2026 01:13:14,-142.498610357869,-35.0655206245338,0,23,23,23,13,-28.2687491857317
01-Aug-2026 01:13:16,-142.241777949382,-34.8086882160473,0,23,23,23,13,-34.8086882160473
01-Aug-2026 01:13:18,-141.774009447572,-34.3409197142368,0,23,23,23,14,-34.3409197142368
01-Aug-2026 01:13:20,-144.5296445417,-37.0965548083647,0,23,23,23,11,-37.0965548083647
01-Aug-2026 01:13:22,-144.031011159429,-36.5979214260939,0,23,23,23,12,-36.5979214260939
01-Aug-2026 01:13:24,-144.17545056006,-36.742360826725,0,23,23,23,12,-36.742360826725
01-Aug-2026 01:13:26,-144.092173242646,-36.6590835093107,0,23,23,23,13,-36.6590835093107
01-Aug-2026 01:13:28,-143.792526829188,-36.3594370958525,0,23,23,23,12,-36.3594370958525
01-Aug-2026 01:13:30,-143.850360022622,-36.417270289287,0,23,23,23,13,-36.417270289287
01-Aug-2026 01:13:32,-143.898552931649,-36.4654631983133,0,22,22,22,13,-36.4654631983133
01-Aug-2026 01:13:34,-143.61883005128,-36.1857403179445,0,22,22,22,14,-36.1857403179445
01-Aug-2026 01:13:36,-143.622511126834,-36.1894213934983,0,22,22,22,15,-36.1894213934983
01-Aug-2026 01:13:38,-143.282283354213,-35.8491936208773,0,22,22,22,15,-35.8491936208773
01-Aug-2026 01:13:40,-143.168908309268,-35.7358185759333,0,23,23,23,14,-35.7358185759333
01-Aug-2026 01:13:42,-146.935695273203,-39.5026055398674,0,23,23,23,13,-39.5026055398674
01-Aug-2026 01:13:44,-146.006308127764,-38.5732183944284,0,23,23,23,12,-38.5732183944284
01-Aug-2026 01:13:46,-145.050380377838,-37.6172906445027,0,23,23,23,12,-37.6172906445027
01-Aug-2026 01:13:48,-143.20665836987,-35.773568636535,0,24,24,24,10,-35.773568636535
01-Aug-2026 01:13:50,-140.675337148434,-33.2422474150992,0,24,24,24,10,-33.2422474150992
01-Aug-2026 01:13:52,-139.280747292987,-31.8476575596517,0,24,24,24,10,-31.8476575596517
01-Aug-2026 01:13:54,-137.950430174084,-30.5173404407487,0,24,24,24,9,-30.5173404407487
01-Aug-2026 01:13:56,-137.372674911355,-29.9395851780203,0,25,25,25,10,-29.9395851780203
01-Aug-2026 01:13:58,-138.198125349792,-30.7650356164569,0,26,26,26,12,-30.7650356164569
01-Aug-2026 01:14:00,-139.084709045684,-31.6516193123492,0,26,26,26,11,-31.6516193123492
01-Aug-2026 01:14:02,-140.976115429493,-33.5430256961575,0,26,26,26,12,-30.3237501334802
01-Aug-2026 01:14:04,-143.233575041956,-35.8004853086209,0,26,26,26,13,-31.4059815124376
01-Aug-2026 01:14:06,-145.264898936722,-37.8318092033872,0,26,26,26,13,-31.9302708809061
01-Aug-2026 01:14:08,-147.017808839274,-39.5847191059387,0,26,26,26,15,-32.6611836605729
01-Aug-2026 01:14:10,-148.458102825845,-41.0250130925103,0,26,26,26,16,-33.3503854777744
01-Aug-2026 01:14:12,-149.587013719827,-42.1539239864914,0,26,26,26,16,-33.9578592388559
01-Aug-2026 01:14:14,-149.94769821092,-42.5146084775845,0,26,26,26,14,-34.6469591766082
01-Aug-2026 01:14:16,-152.818294855559,-45.3852051222238,0,25,25,25,11,-35.1558053207302
01-Aug-2026 01:14:18,-151.506948257738,-44.0738585244027,0,26,26,26,11,-35.4118013024145
01-Aug-2026 01:14:20,-143.454717320675,-36.0216275873403,0,27,27,27,10,-36.0216275873403
01-Aug-2026 01:14:22,-144.048590488135,-36.6155007547996,0,27,27,27,9,-36.6155007547996
01-Aug-2026 01:14:24,-143.994550220575,-36.5614604872396,0,27,27,27,9,-36.5614604872396
01-Aug-2026 01:14:26,-144.478735735643,-37.045646002308,0,27,27,27,9,-37.045646002308
01-Aug-2026 01:14:28,-145.011628942026,-37.578539208691,0,27,27,27,9,-37.578539208691
01-Aug-2026 01:14:30,-137.87056427795,-30.4374745446144,0,27,27,27,10,-30.4374745446144
01-Aug-2026 01:14:32,-138.642302212024,-31.209212478689,0,26,26,26,9,-31.209212478689
01-Aug-2026 01:14:34,-139.321490792695,-31.8884010593593,0,26,26,26,9,-31.8884010593593
01-Aug-2026 01:14:36,-146.270784176619,-38.8376944432842,0,26,26,26,10,-38.8376944432842
01-Aug-2026 01:14:38,-146.246932422779,-38.8138426894434,0,26,26,26,9,-38.8138426894434
01-Aug-2026 01:14:40,-151.791020149382,-44.3579304160465,0,26,26,26,6,-44.3579304160465
01-Aug-2026 01:14:42,-141.202249241859,-33.7691595085241,0,25,25,25,6,-33.7691595085241
01-Aug-2026 01:14:44,-141.931776862262,-34.4986871289272,0,25,25,25,6,-34.4986871289272
01-Aug-2026 01:14:46,-139.447238256288,-32.0141485229531,0,25,25,25,7,-32.0141485229531
01-Aug-2026 01:14:48,-140.16893577281,-32.7358460394746,0,26,26,26,8,-32.7358460394746
01-Aug-2026 01:14:50,-144.162881586207,-36.7297918528722,0,26,26,26,7,-36.7297918528722
01-Aug-2026 01:14:52,-144.133426550427,-36.7003368170917,0,26,26,26,9,-36.7003368170917
01-Aug-2026 01:14:54,-144.827352376235,-37.3942626428999,0,26,26,26,8,-37.3942626428999
01-Aug-2026 01:14:56,-145.399908565041,-37.9668188317058,0,26,26,26,8,-37.9668188317058
01-Aug-2026 01:14:58,-144.476214255105,-37.0431245217694,0,26,26,26,7,-37.0431245217694
01-Aug-2026 01:15:00,-144.641144244869,-37.2080545115334,0,26,26,26,9,-37.2080545115334
01-Aug-2026 01:15:02,-144.874007837682,-37.4409181043467,0,26,26,26,9,-37.4409181043467
01-Aug-2026 01:15:04,-146.12959751377,-38.6965077804344,0,26,26,26,11,-38.6965077804344
01-Aug-2026 01:15:06,-146.371685809847,-38.9385960765119,0,25,25,25,10,-38.9385960765119
01-Aug-2026 01:15:08,-146.67235194857,-39.2392622152349,0,25,25,25,10,-39.2392622152349
01-Aug-2026 01:15:10,-147.121766559364,-39.6886768260292,0,25,25,25,11,-39.6886768260292
01-Aug-2026 01:15:12,-147.151777300101,-39.718687566766,0,25,25,25,11,-39.718687566766
01-Aug-2026 01:15:14,-146.456496869983,-39.0234071366476,0,25,25,25,11,-39.0234071366476
01-Aug-2026 01:15:16,-144.515799257846,-37.0827095245113,0,25,25,25,13,-37.0827095245113
01-Aug-2026 01:15:18,-144.546830432738,-37.1137406994024,0,25,25,25,12,-37.1137406994024
01-Aug-2026 01:15:20,-144.256893311953,-36.8238035786174,0,25,25,25,10,-36.8238035786174
01-Aug-2026 01:15:22,-146.946449840372,-39.5133601070366,0,25,25,25,10,-39.5133601070366
01-Aug-2026 01:15:24,-147.004336316989,-39.5712465836541,0,25,25,25,10,-39.5712465836541
01-Aug-2026 01:15:26,-147.576731060253,-40.1436413269182,0,25,25,25,10,-40.1436413269182
01-Aug-2026 01:15:28,-147.38448130351,-39.9513915701747,0,25,25,25,11,-39.9513915701747
01-Aug-2026 01:15:30,-147.601458210828,-40.1683684774926,0,25,25,25,11,-40.1683684774926
01-Aug-2026 01:15:32,-147.846836932553,-40.4137471992182,0,25,25,25,11,-40.4137471992182
01-Aug-2026 01:15:34,-147.50440552361,-40.0713157902745,0,25,25,25,9,-40.0713157902745
01-Aug-2026 01:15:36,-147.73261276174,-40.2995230284045,0,25,25,25,9,-9.4953753605467
01-Aug-2026 01:15:38,-147.192152772155,-39.7590630388199,0,25,25,25,10,-9.638269351288
01-Aug-2026 01:15:40,-146.33073172538,-38.8976419920448,0,24,24,24,9,-38.8976419920448
01-Aug-2026 01:15:42,-142.265576193788,-34.8324864604524,0,23,23,23,9,-34.8324864604524
01-Aug-2026 01:15:44,-141.860292706884,-34.4272029735492,0,23,23,23,10,-34.4272029735492
01-Aug-2026 01:15:46,-141.989898507905,-34.5568087745697,0,23,23,23,11,-34.5568087745697
01-Aug-2026 01:15:48,-141.617360129313,-34.1842703959778,0,23,23,23,10,-34.1842703959778
01-Aug-2026 01:15:50,-143.037647290708,-35.6045575573733,0,23,23,23,8,-35.6045575573733
01-Aug-2026 01:15:52,-143.124114956481,-35.6910252231461,0,23,23,23,9,-35.6910252231461
01-Aug-2026 01:15:54,-142.752876620788,-35.3197868874527,0,23,23,23,9,-35.3197868874527
01-Aug-2026 01:15:56,-142.455992105063,-35.0229023717278,0,23,23,23,8,-35.0229023717278
01-Aug-2026 01:15:58,-142.674758047847,-35.2416683145123,0,23,23,23,6,-35.2416683145123
01-Aug-2026 01:16:00,-141.357450331413,-33.9243605980778,0,23,23,23,10,-33.9243605980778
01-Aug-2026 01:16:02,-141.149116277668,-33.7160265443326,0,23,23,23,12,-33.7160265443326
01-Aug-2026 01:16:04,-140.420972373788,-32.9878826404526,0,22,22,22,10,-32.9878826404526
01-Aug-2026 01:16:06,-140.319425897252,-32.8863361639172,0,22,22,22,10,-32.8863361639172
01-Aug-2026 01:16:08,-139.074382424879,-31.6412926915435,0,22,22,22,10,-31.6412926915435
01-Aug-2026 01:16:10,-139.124784349504,-31.6916946161684,0,22,22,22,11,-31.6916946161684
01-Aug-2026 01:16:12,-139.314970561904,-31.8818808285683,0,22,22,22,12,-31.8818808285683
01-Aug-2026 01:16:14,-139.369021036684,-31.9359313033486,0,22,22,22,12,-31.9359313033486
01-Aug-2026 01:16:16,-139.28594745299,-31.8528577196547,0,22,22,22,12,-31.8528577196547
01-Aug-2026 01:16:18,-138.990556200929,-31.5574664675937,0,22,22,22,13,-31.5574664675937
01-Aug-2026 01:16:20,-139.153808295781,-31.720718562446,0,22,22,22,13,-31.720718562446
01-Aug-2026 01:16:22,-139.392340572345,-31.9592508390094,0,22,22,22,11,-31.9592508390094
01-Aug-2026 01:16:24,-139.321590601657,-31.8885008683222,0,21,21,21,11,-31.8885008683222
01-Aug-2026 01:16:26,-138.933810202354,-31.5007204690188,0,22,22,22,12,-31.5007204690188
01-Aug-2026 01:16:28,-139.020939131716,-31.5878493983805,0,22,22,22,13,-31.5878493983805
01-Aug-2026 01:16:30,-139.552143701341,-32.1190539680054,0,22,22,22,11,-32.1190539680054
01-Aug-2026 01:16:32,-140.000739316902,-32.567649583567,0,22,22,22,12,-32.567649583567
01-Aug-2026 01:16:34,-139.820969258564,-32.3878795252292,0,21,21,21,10,-32.3878795252292
01-Aug-2026 01:16:36,-144.169180139685,-36.7360904063503,0,21,21,21,10,-36.7360904063503
01-Aug-2026 01:16:38,-144.555542897909,-37.1224531645734,0,22,22,22,12,-37.1224531645734
01-Aug-2026 01:16:40,-144.344545578365,-36.9114558450302,0,22,22,22,13,-36.9114558450302
01-Aug-2026 01:16:42,-144.549236586509,-37.1161468531741,0,23,23,23,14,-37.1161468531741
01-Aug-2026 01:16:44,-145.023678719573,-37.5905889862374,0,23,23,23,13,-37.5905889862374
01-Aug-2026 01:16:46,-147.746424612905,-40.3133348795699,0,23,23,23,13,-40.3133348795699
01-Aug-2026 01:16:48,-148.520636634744,-41.0875469014085,0,23,23,23,12,-41.0875469014085
01-Aug-2026 01:16:50,-148.795414063938,-41.3623243306029,0,24,24,24,12,-41.3623243306029
01-Aug-2026 01:16:52,-145.963861632007,-38.530771898672,0,24,24,24,13,-38.530771898672
01-Aug-2026 01:16:54,-141.777555616853,-34.3444658835173,0,24,24,24,13,-34.3444658835173
01-Aug-2026 01:16:56,-142.087670555937,-34.6545808226021,0,24,24,24,13,-34.6545808226021
01-Aug-2026 01:16:58,-141.75427670187,-34.3211869685344,0,24,24,24,13,-34.3211869685344
01-Aug-2026 01:17:00,-145.757987110115,-38.3248973767798,0,24,24,24,15,-38.3248973767798
01-Aug-2026 01:17:02,-145.044599848858,-37.6115101155223,0,24,24,24,14,-37.6115101155223
01-Aug-2026 01:17:04,-144.55399183686,-37.1209021035245,0,24,24,24,14,-37.1209021035245
01-Aug-2026 01:17:06,-144.536571560172,-37.1034818268365,0,24,24,24,12,-37.1034818268365
01-Aug-2026 01:17:08,-144.329246734957,-36.8961570016221,0,24,24,24,11,-36.8961570016221
01-Aug-2026 01:17:10,-144.810487196523,-37.3773974631881,0,24,24,24,12,-37.3773974631881
01-Aug-2026 01:17:12,-143.565325698444,-36.1322359651085,0,24,24,24,11,-36.1322359651085
01-Aug-2026 01:17:14,-143.446734131503,-36.0136443981676,0,24,24,24,9,-36.0136443981676
01-Aug-2026 01:17:16,-142.727125320294,-35.2940355869585,0,24,24,24,10,-35.2940355869585
01-Aug-2026 01:17:18,-151.010094544946,-43.577004811611,0,24,24,24,9,-34.9931601881208
01-Aug-2026 01:17:20,-150.984567795506,-43.5514780621708,0,24,24,24,9,-34.152452137456
01-Aug-2026 01:17:22,-149.897464489375,-42.4643747560393,0,23,23,23,9,-33.422230127507
01-Aug-2026 01:17:24,-150.39134038133,-42.9582506479948,0,23,23,23,11,-33.8581839151576
01-Aug-2026 01:17:26,-145.93065426478,-38.4975645314448,0,23,23,23,12,-32.5284745823697
01-Aug-2026 01:17:28,-146.244371000965,-38.8112812676301,0,23,23,23,11,-32.2296996124735
01-Aug-2026 01:17:30,-144.609498685282,-37.1764089519472,0,23,23,23,11,-30.874039060731
01-Aug-2026 01:17:32,-144.151542331298,-36.7184525979632,0,23,23,23,11,-36.7184525979632
01-Aug-2026 01:17:34,-144.294569372995,-36.8614796396598,0,23,23,23,11,-36.8614796396598
01-Aug-2026 01:17:36,-144.462531088102,-37.0294413547671,0,24,24,24,12,-37.0294413547671
01-Aug-2026 01:17:38,-144.042997473003,-36.609907739668,0,24,24,24,13,-36.609907739668
01-Aug-2026 01:17:40,-144.166492812804,-36.7334030794685,0,24,24,24,14,-36.7334030794685
01-Aug-2026 01:17:42,-144.159839848425,-36.7267501150893,0,24,24,24,11,-36.7267501150893
01-Aug-2026 01:17:44,-141.943112325814,-34.5100225924787,0,25,25,25,12,-34.5100225924787
01-Aug-2026 01:17:46,-141.746990869209,-34.3139011358741,0,25,25,25,12,-34.3139011358741
01-Aug-2026 01:17:48,-142.204825965313,-34.7717362319783,0,26,26,26,12,-34.7717362319783
01-Aug-2026 01:17:50,-142.183198284104,-34.7501085507684,0,26,26,26,12,-34.7501085507684
01-Aug-2026 01:17:52,-141.845525664519,-34.4124359311834,0,26,26,26,13,-34.4124359311834
01-Aug-2026 01:17:54,-141.08050538855,-33.6474156552148,0,26,26,26,14,-33.6474156552148
01-Aug-2026 01:17:56,-141.195484812023,-33.7623950786876,0,26,26,26,15,-33.7623950786876
01-Aug-2026 01:17:58,-140.818156502443,-33.3850667691079,0,26,26,26,15,-29.9660139330042
01-Aug-2026 01:18:00,-139.196035813195,-31.7629460798603,0,26,26,26,15,-31.7629460798603
01-Aug-2026 01:18:02,-139.598045420395,-32.1649556870597,0,26,26,26,15,-32.1649556870597
01-Aug-2026 01:18:04,-139.893370254798,-32.4602805214624,0,26,26,26,14,-32.4602805214624
01-Aug-2026 01:18:06,-139.936016813705,-32.5029270803695,0,26,26,26,13,-32.5029270803695
01-Aug-2026 01:18:08,-140.079667608891,-32.6465778755558,0,27,27,27,14,-32.6465778755558
01-Aug-2026 01:18:10,-146.455455959569,-39.0223662262335,0,27,27,27,12,-39.0223662262335
01-Aug-2026 01:18:12,-146.646061155048,-39.2129714217128,0,27,27,27,11,-39.2129714217128
01-Aug-2026 01:18:14,-146.764525485559,-39.3314357522238,0,27,27,27,11,-39.3314357522238
01-Aug-2026 01:18:16,-146.775420445558,-39.3423307122229,0,27,27,27,11,-39.3423307122229
01-Aug-2026 01:18:18,-155.307961516426,-47.874871783091,0,27,27,27,9,-47.874871783091
01-Aug-2026 01:18:20,-158.017974065667,-50.5848843323318,0,27,27,27,8,-50.5848843323318
01-Aug-2026 01:18:22,-146.451787399916,-39.0186976665806,0,27,27,27,9,-39.0186976665806
01-Aug-2026 01:18:24,-146.252511840764,-38.8194221074286,0,26,26,26,8,-38.8194221074286
01-Aug-2026 01:18:26,-146.670763139694,-39.2376734063591,0,26,26,26,8,-30.4146842200883
01-Aug-2026 01:18:28,-147.183666627507,-39.7505768941719,0,26,26,26,10,-31.2750660969004
01-Aug-2026 01:18:30,-139.372217720345,-31.9391279870102,0,26,26,26,12,-31.9391279870102
01-Aug-2026 01:18:32,-140.158374469967,-32.7252847366322,0,26,26,26,13,-32.7252847366322
01-Aug-2026 01:18:34,-141.347017721192,-33.913927987857,0,26,26,26,11,-33.913927987857
01-Aug-2026 01:18:36,-141.878828021011,-34.4457382876758,0,26,26,26,12,-34.4457382876758
01-Aug-2026 01:18:38,-142.593099109439,-35.160009376104,0,27,27,27,12,-35.160009376104
01-Aug-2026 01:18:40,-143.66428858183,-36.2311988484951,0,27,27,27,12,-36.2311988484951
01-Aug-2026 01:18:42,-144.227291090865,-36.7942013575295,0,27,27,27,12,-36.7942013575295
01-Aug-2026 01:18:44,-144.065419972928,-36.6323302395932,0,27,27,27,14,-36.6323302395932
01-Aug-2026 01:18:46,-148.432518642286,-40.9994289089512,0,27,27,27,12,-40.9994289089512
01-Aug-2026 01:18:48,-148.209880224884,-40.7767904915485,0,27,27,27,15,-40.7767904915485
01-Aug-2026 01:18:50,-148.406935294736,-40.973845561401,0,27,27,27,14,-40.973845561401
01-Aug-2026 01:18:52,-144.776679412416,-37.3435896790811,0,27,27,27,11,-37.3435896790811
01-Aug-2026 01:18:54,-150.856062726581,-43.4229729932458,0,26,26,26,10,-43.4229729932458
01-Aug-2026 01:18:56,-150.927081492639,-43.4939917593038,0,26,26,26,9,-43.4939917593038
01-Aug-2026 01:18:58,-150.885351618903,-43.452261885568,0,26,26,26,10,-43.452261885568
01-Aug-2026 01:19:00,-150.970347679512,-43.5372579461765,0,26,26,26,11,-43.5372579461765
01-Aug-2026 01:19:02,-151.493125557473,-44.0600358241378,0,26,26,26,10,-44.0600358241378
01-Aug-2026 01:19:04,-152.45838393407,-45.0252942007349,0,26,26,26,8,-45.0252942007349
01-Aug-2026 01:19:06,-161.888362779363,-54.4552730460281,0,26,26,26,8,-54.4552730460281
01-Aug-2026 01:19:08,-161.821742217579,-54.3886524842442,0,26,26,26,8,-54.3886524842442
01-Aug-2026 01:19:10,-161.656527577001,-54.2234378436659,0,26,26,26,9,-54.2234378436659
01-Aug-2026 01:19:12,-161.793242739708,-54.3601530063729,0,26,26,26,9,-54.3601530063729
01-Aug-2026 01:19:14,-162.35161875918,-54.9185290258448,0,25,25,25,8,-54.9185290258448
01-Aug-2026 01:19:16,-146.304048941473,-38.8709592081379,0,25,25,25,11,-38.8709592081379
01-Aug-2026 01:19:18,-146.353325715806,-38.920235982471,0,25,25,25,11,-38.920235982471
01-Aug-2026 01:19:20,-146.214044440504,-38.7809547071693,0,25,25,25,11,-38.7809547071693
01-Aug-2026 01:19:22,-145.862195637439,-38.4291059041042,0,24,24,24,11,-38.4291059041042
01-Aug-2026 01:19:24,-145.818740423911,-38.3856506905757,0,24,24,24,11,-38.3856506905757
01-Aug-2026 01:19:26,-145.538617165115,-38.1055274317802,0,24,24,24,11,-38.1055274317802
01-Aug-2026 01:19:28,-145.1873710493,-37.7542813159649,0,24,24,24,11,-37.7542813159649
01-Aug-2026 01:19:30,-144.989866541499,-37.5567768081639,0,24,24,24,10,-37.5567768081639
01-Aug-2026 01:19:32,-144.511851376266,-37.0787616429306,0,23,23,23,11,-37.0787616429306
01-Aug-2026 01:19:34,-145.672420248029,-38.2393305146937,0,23,23,23,10,-38.2393305146937
01-Aug-2026 01:19:36,-145.729835363219,-38.2967456298843,0,23,23,23,9,-38.2967456298843
01-Aug-2026 01:19:38,-144.565140103441,-37.1320503701062,0,23,23,23,10,-37.1320503701062
01-Aug-2026 01:19:40,-144.43028156601,-36.9971918326747,0,23,23,23,9,-36.9971918326747
01-Aug-2026 01:19:42,-144.393393546081,-36.9603038127458,0,23,23,23,8,-36.9603038127458
01-Aug-2026 01:19:44,-144.075468229426,-36.6423784960913,0,23,23,23,9,-36.6423784960913
01-Aug-2026 01:19:46,-149.03250493231,-41.5994151989752,0,22,22,22,9,-41.5994151989752
01-Aug-2026 01:19:48,-148.669867634011,-41.2367779006759,0,23,23,23,10,-41.2367779006759
01-Aug-2026 01:19:50,-148.294454231485,-40.8613644981501,0,23,23,23,9,-40.8613644981501
01-Aug-2026 01:19:52,-143.815556011372,-36.3824662780369,0,22,22,22,11,-36.3824662780369
01-Aug-2026 01:19:54,-144.113057681286,-36.6799679479509,0,22,22,22,11,-36.6799679479509
01-Aug-2026 01:19:56,-137.814706787645,-30.3816170543101,0,23,23,23,11,-30.3816170543101
01-Aug-2026 01:19:58,-143.382314665004,-35.9492249316685,0,23,23,23,12,-35.9492249316685
01-Aug-2026 01:20:00,-143.090308131093,-35.6572183977576,0,23,23,23,11,-35.6572183977576
01-Aug-2026 01:20:02,-142.972257550944,-35.5391678176088,0,23,23,23,11,-35.5391678176088
01-Aug-2026 01:20:04,-143.141840552099,-35.7087508187637,0,23,23,23,12,-35.7087508187637
01-Aug-2026 01:20:06,-143.200758616576,-35.7676688832408,0,23,23,23,10,-35.7676688832408
01-Aug-2026 01:20:08,-143.332470727821,-35.8993809944853,0,22,22,22,10,-35.8993809944853
01-Aug-2026 01:20:10,-143.451700624385,-36.01861089105,0,22,22,22,11,-36.01861089105
01-Aug-2026 01:20:12,-143.671573876608,-36.2384841432731,0,22,22,22,10,-36.2384841432731
01-Aug-2026 01:20:14,-143.059784771682,-35.6266950383472,0,22,22,22,11,-35.6266950383472
01-Aug-2026 01:20:16,-142.740829166944,-35.3077394336085,0,23,23,23,12,-35.3077394336085
01-Aug-2026 01:20:18,-142.794047217795,-35.3609574844599,0,23,23,23,10,-35.3609574844599
01-Aug-2026 01:20:20,-142.464125633097,-35.0310358997623,0,23,23,23,11,-35.0310358997623
01-Aug-2026 01:20:22,-145.431658977743,-37.9985692444083,0,23,23,23,11,-35.2500901948369
01-Aug-2026 01:20:24,-145.543570469698,-38.1104807363633,0,23,23,23,10,-38.1104807363633
01-Aug-2026 01:20:26,-145.395726657549,-37.9626369242135,0,22,22,22,11,-37.9626369242135
01-Aug-2026 01:20:28,-145.400131918411,-37.9670421850759,0,22,22,22,11,-37.9670421850759
01-Aug-2026 01:20:30,-145.37644513974,-37.9433554064052,0,22,22,22,12,-37.9433554064052
01-Aug-2026 01:20:32,-145.728926758379,-38.2958370250443,0,22,22,22,13,-38.2958370250443
01-Aug-2026 01:20:34,-145.965395573457,-38.5323058401221,0,22,22,22,14,-38.5323058401221
01-Aug-2026 01:20:36,-144.932329051413,-37.4992393180774,0,23,23,23,15,-37.4992393180774
01-Aug-2026 01:20:38,-144.913614019929,-37.4805242865941,0,23,23,23,15,-37.4805242865941
01-Aug-2026 01:20:40,-145.215639176011,-37.7825494426758,0,24,24,24,14,-37.7825494426758
01-Aug-2026 01:20:42,-145.480078562493,-38.0469888291573,0,24,24,24,14,-38.0469888291573
01-Aug-2026 01:20:44,-136.633188570697,-29.2000988373618,0,24,24,24,14,-29.2000988373618
01-Aug-2026 01:20:46,-136.263927072763,-28.8308373394283,0,24,24,24,14,-28.8308373394283
01-Aug-2026 01:20:48,-136.143445351262,-28.7103556179268,0,24,24,24,14,-28.7103556179268
01-Aug-2026 01:20:50,-136.242595330125,-28.8095055967899,0,24,24,24,14,-28.8095055967899
01-Aug-2026 01:20:52,-136.566814644411,-29.1337249110755,0,24,24,24,16,-29.1337249110755
01-Aug-2026 01:20:54,-136.223801689985,-28.7907119566496,0,24,24,24,14,-28.7907119566496
01-Aug-2026 01:20:56,-135.83006527257,-28.3969755392347,0,24,24,24,14,-28.3969755392347
01-Aug-2026 01:20:58,-135.584000217952,-28.1509104846167,0,24,24,24,11,-28.1509104846167
01-Aug-2026 01:21:00,-134.719226082381,-27.2861363490455,0,24,24,24,11,-27.2861363490455
01-Aug-2026 01:21:02,-133.647167007434,-26.2140772740992,0,24,24,24,9,-26.2140772740992
01-Aug-2026 01:21:04,-133.22997065659,-25.7968809232552,0,24,24,24,9,-25.7968809232552
01-Aug-2026 01:21:06,-133.200655826637,-25.7675660933022,0,24,24,24,10,-25.7675660933022
01-Aug-2026 01:21:08,-156.349988644161,-48.9168989108263,0,24,24,24,10,-25.0993487391079
01-Aug-2026 01:21:10,-155.856770646054,-48.4236809127184,0,24,24,24,10,-25.1796561664847
01-Aug-2026 01:21:12,-155.352791566857,-47.9197018335215,0,24,24,24,10,-25.3287878561939
01-Aug-2026 01:21:14,-168.38876304072,-60.9556733073846,0,23,23,23,8,-24.0039741469071
01-Aug-2026 01:21:16,-159.603848738177,-52.1707590048415,0,23,23,23,9,-23.391163379246
01-Aug-2026 01:21:18,-160.504061380755,-53.0709716474194,0,23,23,23,9,-22.4036336887563
01-Aug-2026 01:21:20,-159.820526905096,-52.3874371717613,0,23,23,23,7,-21.9489620009226
01-Aug-2026 01:21:22,-152.814142821162,-45.3810530878267,0,23,23,23,9,-45.3810530878267
01-Aug-2026 01:21:24,-152.523177623546,-45.0900878902105,0,24,24,24,9,-45.0900878902105
01-Aug-2026 01:21:26,-152.326312577871,-44.893222844536,0,24,24,24,9,-44.893222844536
01-Aug-2026 01:21:28,-151.297180250456,-43.8640905171204,0,25,25,25,10,-43.8640905171204
01-Aug-2026 01:21:30,-148.92687015257,-41.4937804192347,0,25,25,25,11,-41.4937804192347
01-Aug-2026 01:21:32,-148.727740196101,-41.2946504627658,0,25,25,25,9,-41.2946504627658
01-Aug-2026 01:21:34,-148.812904701969,-41.3798149686339,0,25,25,25,7,-41.3798149686339
01-Aug-2026 01:21:36,-148.504521411481,-41.071431678146,0,25,25,25,8,-41.071431678146
01-Aug-2026 01:21:38,-148.286908391448,-40.853818658113,0,26,26,26,10,-40.853818658113
01-Aug-2026 01:21:40,-147.459420859591,-40.0263311262559,0,26,26,26,12,-40.0263311262559
01-Aug-2026 01:21:42,-148.047759774859,-40.6146700415237,0,26,26,26,10,-40.6146700415237
01-Aug-2026 01:21:44,-147.329377256834,-39.8962875234986,0,26,26,26,11,-39.8962875234986
01-Aug-2026 01:21:46,-149.581214438605,-42.1481247052698,0,26,26,26,12,-42.1481247052571
01-Aug-2026 01:21:48,-149.059537146187,-41.6264474128515,0,26,26,26,11,-41.6264474128515
01-Aug-2026 01:21:50,-148.123320723934,-40.6902309905992,0,26,26,26,13,-40.6902309905992
01-Aug-2026 01:21:52,-148.045496136169,-40.6124064028338,0,26,26,26,13,-40.6124064028249
01-Aug-2026 01:21:54,-147.386245741524,-39.9531560081892,0,26,26,26,13,-39.9531560081892
01-Aug-2026 01:21:56,-147.378940199974,-39.9458504666387,0,27,27,27,14,-3.3870570527781
01-Aug-2026 01:21:58,-147.160267867998,-39.7271781346632,0,27,27,27,12,-39.7271781346632
01-Aug-2026 01:22:00,-151.142760727398,-43.7096709940632,0,28,28,28,10,-43.7096709940632
01-Aug-2026 01:22:02,-150.636231065259,-43.2031413319243,0,28,28,28,10,-43.2031413319283
01-Aug-2026 01:22:04,-150.620217962069,-43.1871282287339,0,27,27,27,9,-43.1871282287359
01-Aug-2026 01:22:06,-151.017850670211,-43.5847609368759,0,27,27,27,9,-43.5847609368759
01-Aug-2026 01:22:08,-150.719840529151,-43.2867507958163,0,27,27,27,11,-43.2867507958163
01-Aug-2026 01:22:10,-141.792956595647,-34.3598668623113,0,27,27,27,11,-10.1849194577357
01-Aug-2026 01:22:12,-141.923871966445,-34.4907822331103,0,27,27,27,11,-11.6050348749702
01-Aug-2026 01:22:14,-142.307135956628,-34.8740462232924,0,26,26,26,11,-12.9539582891915
01-Aug-2026 01:22:16,-141.801269671707,-34.3681799383714,0,26,26,26,11,-13.979076925343
01-Aug-2026 01:22:18,-141.123987432182,-33.6908976988471,0,26,26,26,12,-14.6928770502783
01-Aug-2026 01:22:20,-122.561824551067,-15.1287348177316,0,26,26,26,10,-15.1287348177316
01-Aug-2026 01:22:22,-123.043584454481,-15.610494721146,0,26,26,26,8,-15.610494721146
01-Aug-2026 01:22:24,-124.417707331174,-16.9846175978391,0,26,26,26,7,-16.9846175978391
01-Aug-2026 01:22:26,-124.617051351485,-17.1839616181503,0,26,26,26,8,-17.1839616181503
01-Aug-2026 01:22:28,-125.392807620485,-17.9597178871502,0,27,27,27,9,-17.9597178871502
01-Aug-2026 01:22:30,-126.178538088782,-18.7454483554468,0,27,27,27,9,-18.7454483554468
01-Aug-2026 01:22:32,-127.706313622379,-20.2732238890439,0,27,27,27,10,-20.2732238890439
01-Aug-2026 01:22:34,-129.393195702155,-21.9601059688194,0,27,27,27,11,-21.9601059688194
01-Aug-2026 01:22:36,-130.17750305791,-22.744413324575,0,27,27,27,11,-22.744413324575
01-Aug-2026 01:22:38,-130.46822321888,-23.0351334855445,0,27,27,27,12,-23.0351334855445
01-Aug-2026 01:22:40,-131.480258449823,-24.0471687164878,0,27,27,27,10,-24.0471687164878
01-Aug-2026 01:22:42,-132.489318857713,-25.0562291243774,0,26,26,26,11,-25.0562291243774
01-Aug-2026 01:22:44,-132.956807493447,-25.523717760112,0,26,26,26,12,-25.523717760112
01-Aug-2026 01:22:46,-132.430475280754,-24.9973855474184,0,26,26,26,11,-24.9973855474184
01-Aug-2026 01:22:48,-133.103343784989,-25.6702540516542,0,26,26,26,9,-25.6702540516542
01-Aug-2026 01:22:50,-133.056043354925,-25.6229536215903,0,26,26,26,9,-25.6229536215903
01-Aug-2026 01:22:52,-138.784305895427,-31.3512161620919,0,26,26,26,9,-31.3512161620919
01-Aug-2026 01:22:54,-140.010199053948,-32.5771093206125,0,26,26,26,10,-32.5771093206125
01-Aug-2026 01:22:56,-140.198077360723,-32.7649876273878,0,26,26,26,9,-32.7649876273878
01-Aug-2026 01:22:58,-141.712362488406,-34.2792727550713,0,26,26,26,10,-34.2792727550713
01-Aug-2026 01:23:00,-141.864922350023,-34.4318326166877,0,26,26,26,10,-34.4318326166877
01-Aug-2026 01:23:02,-142.8362479855,-35.4031582521652,0,25,25,25,9,-35.4031582521652
01-Aug-2026 01:23:04,-142.762858319502,-35.3297685861671,0,25,25,25,10,-35.3297685861671
01-Aug-2026 01:23:06,-143.372778952608,-35.9396892192731,0,25,25,25,10,-35.9396892192731
01-Aug-2026 01:23:08,-136.694186704359,-29.261096971024,0,25,25,25,12,-29.261096971024
01-Aug-2026 01:23:10,-135.619396809103,-28.1863070757678,0,25,25,25,11,-28.1863070757678
01-Aug-2026 01:23:12,-135.384300378038,-27.9512106447024,0,25,25,25,12,-27.9512106447024
01-Aug-2026 01:23:14,-134.681152777121,-27.2480630437854,0,25,25,25,13,-27.2480630437854
01-Aug-2026 01:23:16,-133.756341830318,-26.3232520969827,0,25,25,25,13,-26.3232520969827
01-Aug-2026 01:23:18,-133.405566317731,-25.9724765843956,0,25,25,25,12,-25.9724765843956
01-Aug-2026 01:23:20,-133.130971965656,-25.6978822323205,0,26,26,26,11,-25.6978822323205
01-Aug-2026 01:23:22,-132.373033241875,-24.9399435085401,0,25,25,25,9,-24.9399435085401
01-Aug-2026 01:23:24,-132.435536381908,-25.0024466485725,0,25,25,25,11,-25.0024466485725
01-Aug-2026 01:23:26,-129.716994881158,-22.2839051478229,0,24,24,24,10,-22.2839051478229
01-Aug-2026 01:23:28,-129.306096522208,-21.8730067888732,0,24,24,24,8,-21.8730067888732
01-Aug-2026 01:23:30,-128.989370249322,-21.5562805159868,0,24,24,24,9,-21.5562805159868
01-Aug-2026 01:23:32,-129.205584267359,-21.7724945340234,0,24,24,24,8,-21.7724945340234
01-Aug-2026 01:23:34,-129.179026022063,-21.745936288728,0,23,23,23,8,-21.745936288728
01-Aug-2026 01:23:36,-129.642236741155,-22.2091470078197,0,23,23,23,8,-22.2091470078197
01-Aug-2026 01:23:38,-130.07442687927,-22.6413371459345,0,24,24,24,10,-22.6413371459345
01-Aug-2026 01:23:40,-130.512633520787,-23.0795437874523,0,24,24,24,10,-23.0795437874523
01-Aug-2026 01:23:42,-130.673535314131,-23.2404455807963,0,23,23,23,11,-23.2404455807963
01-Aug-2026 01:23:44,-130.85334678274,-23.4202570494044,0,23,23,23,12,-23.4202570494045
01-Aug-2026 01:23:46,-130.878365249321,-23.4452755159856,0,23,23,23,11,-23.4452755159856
01-Aug-2026 01:23:48,-131.329315117606,-23.8962253842704,0,23,23,23,11,-23.8962253842704
01-Aug-2026 01:23:50,-131.247694232968,-23.8146044996324,0,22,22,22,12,-23.8146044996325
01-Aug-2026 01:23:52,-131.227487004674,-23.7943972713388,0,22,22,22,12,-23.7943972713388
01-Aug-2026 01:23:54,-131.545443598625,-24.1123538652894,0,22,22,22,13,-24.1123538652893
01-Aug-2026 01:23:56,-136.85933128857,-29.4262415552347,0,22,22,22,14,-29.4262415552347
01-Aug-2026 01:23:58,-139.600966173027,-32.167876439692,0,22,22,22,12,-32.167876439692
01-Aug-2026 01:24:00,-138.976932796431,-31.5438430630959,0,22,22,22,14,-31.5438430630959
01-Aug-2026 01:24:02,-138.38079338429,-30.9477036509552,0,22,22,22,16,-30.9477036509552
01-Aug-2026 01:24:04,-138.485557025965,-31.0524672926294,0,22,22,22,14,-31.0524672926294
01-Aug-2026 01:24:06,-137.991591156021,-30.5585014226856,0,23,23,23,14,-30.5585014226856
01-Aug-2026 01:24:08,-135.459448596461,-28.0263588631256,0,23,23,23,14,-28.0263588631256
01-Aug-2026 01:24:10,-134.099240063842,-26.666150330507,0,23,23,23,15,-26.666150330507
01-Aug-2026 01:24:12,-133.465702878728,-26.032613145393,0,23,23,23,16,-26.032613145393
01-Aug-2026 01:24:14,-133.444403216529,-26.0113134831933,0,23,23,23,14,-26.0113134831933
01-Aug-2026 01:24:16,-133.282485552885,-25.8493958195497,0,22,22,22,13,-25.8493958195497
01-Aug-2026 01:24:18,-134.127902536407,-26.6948128030714,0,22,22,22,12,-25.8470072781697
01-Aug-2026 01:24:20,-134.373266071632,-26.9401763382964,0,22,22,22,11,-25.8968870870356
01-Aug-2026 01:24:22,-133.984853775647,-26.5517640423115,0,22,22,22,12,-25.6216158088317
01-Aug-2026 01:24:24,-133.692332655858,-26.259242922523,0,23,23,23,14,-25.4238005952882
01-Aug-2026 01:24:26,-133.593655091586,-26.1605653582511,0,23,23,23,14,-25.1544564419583
01-Aug-2026 01:24:28,-133.769950051484,-26.3368603181489,0,23,23,23,13,-25.1515129901939
01-Aug-2026 01:24:30,-134.004502727737,-26.5714129944014,0,23,23,23,12,-25.2304794381696
01-Aug-2026 01:24:32,-134.266695324578,-26.8336055912427,0,23,23,23,11,-25.1904748496508
01-Aug-2026 01:24:34,-134.214465936799,-26.7813762034637,0,23,23,23,11,-25.1376205938168
01-Aug-2026 01:24:36,-133.927412816242,-26.4943230829065,0,23,23,23,10,-7.87863573729611
01-Aug-2026 01:24:38,-133.499494128372,-26.066404395037,0,24,24,24,11,-6.6066683822979
01-Aug-2026 01:24:40,-133.600373688731,-26.1672839553958,0,24,24,24,10,-6.87271711807554
01-Aug-2026 01:24:42,-132.767315650854,-25.3342259175186,0,24,24,24,10,-23.4582302095687
01-Aug-2026 01:24:44,-138.431302300156,-30.9982125668211,0,24,24,24,10,-25.7186572278184
01-Aug-2026 01:24:46,-139.161445562819,-31.7283558294835,0,24,24,24,11,-31.7283558294835
01-Aug-2026 01:24:48,-139.505003127968,-32.0719133946324,0,24,24,24,10,-32.0719133946324
01-Aug-2026 01:24:50,-140.405704608645,-32.9726148753094,0,24,24,24,10,-32.9726148753094
01-Aug-2026 01:24:52,-140.539488836602,-33.1063991032669,0,24,24,24,9,-33.1063991032669
01-Aug-2026 01:24:54,-140.201235482256,-32.7681457489208,0,24,24,24,9,-32.7681457489208
01-Aug-2026 01:24:56,-151.670625290382,-44.2375355570469,0,24,24,24,10,-32.39637817599
01-Aug-2026 01:24:58,-152.238206961916,-44.8051172285805,0,24,24,24,10,-31.0134567715217
01-Aug-2026 01:25:00,-150.611013891648,-43.1779241583133,0,24,24,24,11,-30.6917426347464
01-Aug-2026 01:25:02,-150.506164980135,-43.0730752467996,0,24,24,24,11,-29.8502557173114
01-Aug-2026 01:25:04,-150.181494563555,-42.7484048302203,0,23,23,23,11,-29.559626882905
01-Aug-2026 01:25:06,-152.605790213925,-45.1727004805895,0,23,23,23,12,-28.640772706673
01-Aug-2026 01:25:08,-152.327508097429,-44.894418364094,0,23,23,23,13,-28.5418395379948
01-Aug-2026 01:25:10,-152.124207734412,-44.6911180010764,0,24,24,24,14,-44.6911180010764
01-Aug-2026 01:25:12,-151.320485836399,-43.8873961030634,0,24,24,24,14,-43.8873961030634
01-Aug-2026 01:25:14,-151.262055738431,-43.8289660050954,0,25,25,25,14,-43.8289660050954
01-Aug-2026 01:25:16,-151.059082952187,-43.6259932188521,0,25,25,25,14,-43.6259932188521
01-Aug-2026 01:25:18,-149.969076709401,-42.5359869760658,0,25,25,25,13,-42.5359869760658
01-Aug-2026 01:25:20,-148.370530391169,-40.9374406578337,0,25,25,25,14,-40.9374406578337
01-Aug-2026 01:25:22,-147.774729985296,-40.3416402519611,0,25,25,25,15,-40.3416402519611
01-Aug-2026 01:25:24,-144.519209502415,-37.0861197690799,0,25,25,25,14,-37.0861197690799
01-Aug-2026 01:25:26,-139.716401665108,-32.283311931773,0,25,25,25,16,-32.283311931773
01-Aug-2026 01:25:28,-138.446782981278,-31.013693247943,0,25,25,25,16,-31.013693247943
01-Aug-2026 01:25:30,-137.449858181076,-30.0167684477405,0,26,26,26,15,-30.0167684477405
01-Aug-2026 01:25:32,-139.136284180295,-31.7031944469602,0,26,26,26,16,-31.7031944469602
01-Aug-2026 01:25:34,-140.480043409484,-33.0469536761486,0,26,26,26,16,-33.0469536761486
01-Aug-2026 01:25:36,-141.841944723222,-34.4088549898869,0,26,26,26,17,-34.4088549898869
01-Aug-2026 01:25:38,-143.801767564182,-36.3686778308472,0,26,26,26,17,-36.3686778308472
01-Aug-2026 01:25:40,-145.672993252339,-38.239903519004,0,26,26,26,17,-38.239903519004
01-Aug-2026 01:25:42,-147.370854071109,-39.9377643377738,0,26,26,26,17,-39.9377643377738
01-Aug-2026 01:25:44,-148.913771482847,-41.4806817495117,0,26,26,26,17,-41.4806817495117
01-Aug-2026 01:25:46,-149.063536765302,-41.630447031967,0,27,27,27,17,-41.630447031967
01-Aug-2026 01:25:48,-153.011187609599,-45.5780978762638,0,27,27,27,14,-45.5780978762638
01-Aug-2026 01:25:50,-153.549185096527,-46.1160953631921,0,27,27,27,14,-46.1160953631921
01-Aug-2026 01:25:52,-156.909549145506,-49.4764594121712,0,28,28,28,13,-49.4764594121712
01-Aug-2026 01:25:54,-150.622018414616,-43.1889286812803,0,28,28,28,14,-43.1889286812803
01-Aug-2026 01:25:56,-151.046083667056,-43.6129939337206,0,27,27,27,12,-43.6129939337206
01-Aug-2026 01:25:58,-156.397113275077,-48.9640235417422,0,27,27,27,11,-48.9640235417422
01-Aug-2026 01:26:00,-137.838597720878,-30.4055079875425,0,27,27,27,11,-18.3692628885058
01-Aug-2026 01:26:02,-139.242039502001,-31.8089497686656,0,27,27,27,11,-20.4395022318066
01-Aug-2026 01:26:04,-139.830682837404,-32.397593104069,0,26,26,26,12,-21.4263249487063
01-Aug-2026 01:26:06,-140.274647961271,-32.8415582279358,0,26,26,26,12,-22.9733320434724
01-Aug-2026 01:26:08,-140.896297779918,-33.4632080465825,0,26,26,26,12,-24.8160450292249
01-Aug-2026 01:26:10,-133.41136453356,-25.9782748002243,0,26,26,26,12,-25.9782748002243
01-Aug-2026 01:26:12,-134.172389767671,-26.7393000343353,0,26,26,26,11,-26.7393000343353
01-Aug-2026 01:26:14,-134.766893591886,-27.3338038585506,0,26,26,26,12,-27.3338038585506
01-Aug-2026 01:26:16,-142.726458536616,-35.2933688032809,0,26,26,26,11,-35.2933688032809
01-Aug-2026 01:26:18,-148.15218297627,-40.719093242935,0,27,27,27,11,-40.719093242935
01-Aug-2026 01:26:20,-148.20162973922,-40.7685400058844,0,27,27,27,11,-40.7685400058844
01-Aug-2026 01:26:22,-148.02650067382,-40.5934109404853,0,27,27,27,9,-40.5934109404853
01-Aug-2026 01:26:24,-151.78419785838,-44.351108125045,0,27,27,27,9,-44.351108125045
01-Aug-2026 01:26:26,-147.886133864009,-40.4530441306738,0,27,27,27,9,-40.4530441306738
01-Aug-2026 01:26:28,-147.752580519569,-40.3194907862342,0,27,27,27,10,-40.3194907862342
01-Aug-2026 01:26:30,-148.145327380704,-40.7122376473691,0,26,26,26,9,-40.7122376473691
01-Aug-2026 01:26:32,-148.321782198378,-40.8886924650433,0,26,26,26,9,-40.8886924650433
01-Aug-2026 01:26:34,-149.878916854195,-42.4458271208595,0,26,26,26,8,-42.4458271208595
01-Aug-2026 01:26:36,-149.344787069093,-41.9116973357577,0,26,26,26,8,-41.9116973357577
01-Aug-2026 01:26:38,-149.404790545948,-41.9717008126127,0,26,26,26,8,-41.9717008126127
01-Aug-2026 01:26:40,-148.650683273167,-41.2175935398316,0,26,26,26,9,-41.2175935398316
01-Aug-2026 01:26:42,-148.232987451144,-40.7998977178089,0,25,25,25,9,-40.7998977178089
01-Aug-2026 01:26:44,-148.828073112675,-41.3949833793403,0,25,25,25,9,-28.49303110317
01-Aug-2026 01:26:46,-148.688981882527,-41.2558921491916,0,25,25,25,8,-28.8041877852451
01-Aug-2026 01:26:48,-145.957520961323,-38.5244312279882,0,26,26,26,11,-28.4414457054591
01-Aug-2026 01:26:50,-145.867485445315,-38.4343957119795,0,26,26,26,11,-29.0211097902189
01-Aug-2026 01:26:52,-145.740712729813,-38.3076229964781,0,26,26,26,10,-29.2235296887407
01-Aug-2026 01:26:54,-148.240666897785,-40.8075771644497,0,26,26,26,10,-31.0489509436891
01-Aug-2026 01:26:56,-148.148389057959,-40.7152993246238,0,26,26,26,11,-31.1419997993221
01-Aug-2026 01:26:58,-148.85513207939,-41.4220423460546,0,26,26,26,13,-31.8346840477342
01-Aug-2026 01:27:00,-170.908649492917,-63.4755597595815,0,26,26,26,11,-33.2977886173059
01-Aug-2026 01:27:02,-170.648481530535,-63.2153917971995,0,26,26,26,11,-34.2799821766338
01-Aug-2026 01:27:04,-170.028751117127,-62.5956613837915,0,26,26,26,11,-35.4170481322335
01-Aug-2026 01:27:06,-170.086590438378,-62.6535007050429,0,26,26,26,11,-36.4408800236243
01-Aug-2026 01:27:08,-170.54821723332,-63.1151274999843,0,26,26,26,11,-38.4070628137646
01-Aug-2026 01:27:10,-144.993995444398,-37.560905711063,0,26,26,26,10,-37.560905711063
01-Aug-2026 01:27:12,-145.467326323771,-38.034236590436,0,25,25,25,9,-38.034236590436
01-Aug-2026 01:27:14,-146.658508353196,-39.2254186198608,0,25,25,25,9,-39.2254186198608
01-Aug-2026 01:27:16,-150.215654268695,-42.7825645353601,0,25,25,25,8,-42.7825645353601
01-Aug-2026 01:27:18,-149.911760704611,-42.4786709712758,0,25,25,25,8,-42.4786709712758
01-Aug-2026 01:27:20,-151.526107624822,-44.0930178914871,0,25,25,25,7,-44.0930178914871
01-Aug-2026 01:27:22,-151.3738903129,-43.9408005795646,0,24,24,24,9,-43.9408005795646
01-Aug-2026 01:27:24,-151.500601973061,-44.0675122397261,0,24,24,24,11,-44.0675122397261
01-Aug-2026 01:27:26,-150.943306914706,-43.5102171813703,0,24,24,24,12,-43.5102171813703
01-Aug-2026 01:27:28,-150.93782156196,-43.5047318286251,0,24,24,24,9,-43.5047318286251
01-Aug-2026 01:27:30,-146.778414099397,-39.3453243660622,0,24,24,24,9,-39.3453243660622
01-Aug-2026 01:27:32,-146.848011147306,-39.4149214139713,0,23,23,23,10,-39.4149214139713
01-Aug-2026 01:27:34,-147.543701818958,-40.110612085623,0,22,22,22,9,-40.110612085623
01-Aug-2026 01:27:36,-147.668882116421,-40.2357923830863,0,22,22,22,10,-40.2357923830863
01-Aug-2026 01:27:38,-147.934632979048,-40.501543245713,0,22,22,22,11,-40.501543245713
01-Aug-2026 01:27:40,-147.71784847105,-40.2847587377146,0,22,22,22,10,-40.2847587377146
01-Aug-2026 01:27:42,-148.224483431947,-40.7913936986121,0,22,22,22,11,-40.7913936986121
01-Aug-2026 01:27:44,-121.891506568485,-14.4584168351498,0,22,22,22,11,-14.4584168351498
01-Aug-2026 01:27:46,-121.538718668724,-14.1056289353884,0,22,22,22,11,-14.1056289353884
01-Aug-2026 01:27:48,-121.716717781305,-14.2836280479701,0,22,22,22,11,-14.2836280479701
01-Aug-2026 01:27:50,-122.77425184818,-15.3411621148449,0,22,22,22,12,-15.3411621148449
01-Aug-2026 01:27:52,-123.813174050317,-16.380084316982,0,22,22,22,13,-16.380084316982
01-Aug-2026 01:27:54,-124.570509116469,-17.1374193831339,0,22,22,22,13,-17.1374193831339
01-Aug-2026 01:27:56,-125.426070787162,-17.9929810538269,0,23,23,23,14,-17.9929810538269
01-Aug-2026 01:27:58,-127.246008836892,-19.8129191035564,0,23,23,23,13,-19.8129191035564
01-Aug-2026 01:28:00,-127.762014566213,-20.3289248328778,0,23,23,23,13,-20.3289248328778
01-Aug-2026 01:28:02,-128.394829964361,-20.9617402310262,0,23,23,23,14,-20.9617402310262
01-Aug-2026 01:28:04,-128.901832850396,-21.4687431170609,0,23,23,23,13,-21.468743117061
01-Aug-2026 01:28:06,-127.863040521014,-20.4299507876785,0,22,22,22,13,-20.4299507876785
01-Aug-2026 01:28:08,-128.337463285758,-20.9043735524229,0,22,22,22,14,-20.904373552423
01-Aug-2026 01:28:10,-130.126832555045,-22.6937428217096,0,23,23,23,16,-21.4911731774451
01-Aug-2026 01:28:12,-130.662558533418,-23.2294688000829,0,23,23,23,16,-21.988280689109
01-Aug-2026 01:28:14,-131.341137073637,-23.9080473403013,0,23,23,23,16,-22.6228798283123
01-Aug-2026 01:28:16,-131.834049793036,-24.4009600597008,0,23,23,23,14,-22.4478083799966
01-Aug-2026 01:28:18,-133.303889167564,-25.8707994342288,0,23,23,23,14,-23.0103336857455
01-Aug-2026 01:28:20,-146.618503110734,-39.1854133773993,0,23,23,23,13,-25.3344510109468
01-Aug-2026 01:28:22,-147.516195714377,-40.0831059810423,0,23,23,23,12,-25.0003712287143
01-Aug-2026 01:28:24,-147.538374318804,-40.1052845854692,0,23,23,23,11,-25.1807984329864
01-Aug-2026 01:28:26,-144.133745832127,-36.7006560987917,0,23,23,23,11,-24.4299386786434
01-Aug-2026 01:28:28,-143.309469281052,-35.8763795477172,0,23,23,23,11,-35.8763795477172
01-Aug-2026 01:28:30,-143.032939055622,-35.599849322287,0,23,23,23,10,-35.599849322287
01-Aug-2026 01:28:32,-143.300582893671,-35.867493160336,0,23,23,23,11,-35.867493160336
01-Aug-2026 01:28:34,-139.605056164764,-32.1719664314285,0,23,23,23,12,-32.1719664314285
01-Aug-2026 01:28:36,-139.681036705263,-32.2479469719274,0,24,24,24,12,-32.2479469719274
01-Aug-2026 01:28:38,-139.670184866952,-32.2370951336165,0,24,24,24,14,-32.2370951336165
01-Aug-2026 01:28:40,-138.27851746456,-30.8454277312249,0,24,24,24,14,-30.8454277312249
01-Aug-2026 01:28:42,-138.137119350359,-30.7040296170239,0,24,24,24,14,-30.7040296170239
01-Aug-2026 01:28:44,-138.077457172021,-30.6443674386855,0,24,24,24,13,-30.6443674386855
01-Aug-2026 01:28:46,-141.092598866436,-33.6595091331012,0,24,24,24,12,-30.492045806455
01-Aug-2026 01:28:48,-141.368846761022,-33.9357570276871,0,24,24,24,13,-30.7375117290292
01-Aug-2026 01:28:50,-142.357425763739,-34.9243360304043,0,24,24,24,13,-30.7081801093852
01-Aug-2026 01:28:52,-142.481376417305,-35.0482866839698,0,24,24,24,13,-30.1255950504256
01-Aug-2026 01:28:54,-147.027012021422,-39.5939222880864,0,23,23,23,11,-30.8995910011884
01-Aug-2026 01:28:56,-147.571937168548,-40.138847435213,0,23,23,23,10,-30.6373850331945
01-Aug-2026 01:28:58,-153.576185379227,-46.1430956458919,0,25,25,25,9,-31.1930521882512
01-Aug-2026 01:29:00,-154.177711561389,-46.7446218280538,0,25,25,25,9,-46.7446218280538
01-Aug-2026 01:29:02,-153.792064852525,-46.3589751191897,0,25,25,25,10,-46.3589751191897
01-Aug-2026 01:29:04,-153.715919010819,-46.2828292774842,0,25,25,25,10,-46.2828292774842
01-Aug-2026 01:29:06,-153.838498835699,-46.4054091023641,0,25,25,25,10,-46.4054091023641
01-Aug-2026 01:29:08,-153.611306991257,-46.1782172579218,0,25,25,25,11,-46.1782172579218
01-Aug-2026 01:29:10,-153.094810879966,-45.6617211466308,0,25,25,25,11,-45.6617211466308
01-Aug-2026 01:29:12,-151.980373581846,-44.5472838485108,0,25,25,25,11,-44.5472838485108
01-Aug-2026 01:29:14,-151.954798252519,-44.5217085191838,0,25,25,25,10,-44.5217085191838
01-Aug-2026 01:29:16,-151.251438054055,-43.81834832072,0,25,25,25,10,-43.81834832072
01-Aug-2026 01:29:18,-151.366865779651,-43.9337760463159,0,25,25,25,12,-43.9337760463159
01-Aug-2026 01:29:20,-151.329271588088,-43.8961818547527,0,26,26,26,12,-43.8961818547527
01-Aug-2026 01:29:22,-151.863477316599,-44.4303875832637,0,26,26,26,12,-44.4303875832637
01-Aug-2026 01:29:24,-151.676622619196,-44.2435328858604,0,26,26,26,12,-44.2435328858604
01-Aug-2026 01:29:26,-152.192931309121,-44.7598415757861,0,26,26,26,13,-44.7598415757861
01-Aug-2026 01:29:28,-151.498714392248,-44.065624658913,0,26,26,26,14,-44.065624658913
01-Aug-2026 01:29:30,-150.287291534773,-42.8542018014382,0,26,26,26,13,-42.8542018014382
01-Aug-2026 01:29:32,-150.274191374336,-42.8411016410004,0,26,26,26,13,-42.8411016410004
01-Aug-2026 01:29:34,-150.825311373808,-43.3922216404731,0,26,26,26,13,-43.3922216404731
01-Aug-2026 01:29:36,-150.416575885711,-42.9834861523753,0,27,27,27,12,-42.9834861523753
01-Aug-2026 01:29:38,-150.204295429367,-42.7712056960317,0,27,27,27,11,-42.7712056960317
01-Aug-2026 01:29:40,-150.59891743765,-43.1658277043146,0,27,27,27,10,-43.1658277043146
01-Aug-2026 01:29:42,-150.180839321164,-42.7477495878287,0,28,28,28,12,-42.7477495878287
01-Aug-2026 01:29:44,-149.936261075841,-42.5031713425061,0,28,28,28,12,-42.5031713425061
01-Aug-2026 01:29:46,-148.378175933638,-40.9450862003026,0,28,28,28,14,-40.9450862003026
01-Aug-2026 01:29:48,-148.082755834256,-40.6496661009208,0,28,28,28,15,-40.6496661009208
01-Aug-2026 01:29:50,-147.772957694897,-40.3398679615615,0,27,27,27,16,-28.4093119059999
01-Aug-2026 01:29:52,-148.077541887969,-40.6444521546333,0,27,27,27,15,-29.9295728452923
01-Aug-2026 01:29:54,-147.168800005065,-39.7357102717295,0,26,26,26,15,-30.3185813306157
01-Aug-2026 01:29:56,-146.621690851315,-39.1886011179803,0,26,26,26,16,-30.9397723247296
01-Aug-2026 01:29:58,-142.778219351926,-35.3451296185906,0,26,26,26,16,-30.8094386396032
01-Aug-2026 01:30:00,-138.806849090669,-31.3737593573339,0,26,26,26,16,-30.6256292182568
01-Aug-2026 01:30:02,-136.157244755774,-28.7241550224393,0,26,26,26,18,-28.2614250496113
01-Aug-2026 01:30:04,-136.783758527882,-29.3506687945469,0,26,26,26,17,-28.7945678671126
01-Aug-2026 01:30:06,-137.613126991249,-30.1800372579137,0,26,26,26,17,-29.302457457796
01-Aug-2026 01:30:08,-138.107532227099,-30.6744424937635,0,27,27,27,18,-29.4437556789046
01-Aug-2026 01:30:10,-138.526767623901,-31.0936778905657,0,27,27,27,17,-29.485293082659
01-Aug-2026 01:30:12,-138.470082254525,-31.0369925211902,0,27,27,27,17,-29.2665231230548
01-Aug-2026 01:30:14,-138.80235433515,-31.3692646018147,0,27,27,27,17,-29.4055037926088
01-Aug-2026 01:30:16,-141.501018144987,-34.0679284116522,0,27,27,27,18,-30.7509294145866
01-Aug-2026 01:30:18,-127.193155309833,-19.7600655764978,0,28,28,28,16,-19.5672457131406
01-Aug-2026 01:30:20,-128.048125421374,-20.6150356880385,0,26,26,26,14,-20.6150356880385
01-Aug-2026 01:30:22,-128.652779266003,-21.2196895326681,0,26,26,26,16,-21.2196895326681
01-Aug-2026 01:30:24,-129.474953221349,-22.0418634880138,0,26,26,26,16,-22.0418634880138
01-Aug-2026 01:30:26,-130.722556051958,-23.2894663186225,0,26,26,26,17,-23.2894663186225
01-Aug-2026 01:30:28,-137.144313940832,-29.7112242074969,0,26,26,26,15,-29.7112242074969
01-Aug-2026 01:30:30,-136.599875453943,-29.1667857206082,0,26,26,26,16,-29.1667857206082
01-Aug-2026 01:30:32,-137.248322891716,-29.8152331583807,0,26,26,26,15,-29.8152331583807
01-Aug-2026 01:30:34,-139.297314235275,-31.8642245019401,0,26,26,26,14,-31.8642245019401
01-Aug-2026 01:30:36,-139.876169023581,-32.4430792902455,0,26,26,26,14,-32.4430792902455
01-Aug-2026 01:30:38,-139.548842432905,-32.1157526995697,0,26,26,26,14,-32.1157526995697
01-Aug-2026 01:30:40,-142.523810884461,-35.090721151126,0,26,26,26,12,-35.090721151126
01-Aug-2026 01:30:42,-143.022789532572,-35.5896997992366,0,26,26,26,12,-35.5896997992366
01-Aug-2026 01:30:44,-144.343857080656,-36.9107673473203,0,26,26,26,13,-36.9107673473203
01-Aug-2026 01:30:46,-144.024343404816,-36.5912536714813,0,26,26,26,12,-36.5912536714813
01-Aug-2026 01:30:48,-143.876999844848,-36.443910111513,0,26,26,26,13,-36.443910111513
01-Aug-2026 01:30:50,-143.975992083912,-36.5429023505764,0,26,26,26,14,-32.8152590977602
01-Aug-2026 01:30:52,-144.984289645986,-37.551199912651,0,26,26,26,14,-33.3787974629787
01-Aug-2026 01:30:54,-143.409942744579,-35.9768530112433,0,26,26,26,11,-35.9768530112433
01-Aug-2026 01:30:56,-143.378396620527,-35.9453068871923,0,26,26,26,9,-35.9453068871923
01-Aug-2026 01:30:58,-143.952104511475,-36.5190147781401,0,26,26,26,13,-36.5190147781401
01-Aug-2026 01:31:00,-143.975766430848,-36.5426766975125,0,26,26,26,9,-36.5426766975125
01-Aug-2026 01:31:02,-144.187924557893,-36.7548348245574,0,25,25,25,10,-36.7548348245574
01-Aug-2026 01:31:04,-144.837662469891,-37.404572736556,0,25,25,25,11,-37.404572736556
01-Aug-2026 01:31:06,-145.184777179231,-37.7516874458955,0,25,25,25,13,-37.7516874458955
01-Aug-2026 01:31:08,-142.7670735426,-35.3339838092644,0,25,25,25,14,-35.3339838092644
01-Aug-2026 01:31:10,-142.532483437129,-35.0993937037942,0,24,24,24,15,-17.4389111470034
01-Aug-2026 01:31:12,-139.676853159616,-32.243763426281,0,24,24,24,15,-16.9389256799705
01-Aug-2026 01:31:14,-141.155967733007,-33.7228779996722,0,24,24,24,14,-16.693115605959
01-Aug-2026 01:31:16,-141.662218384376,-34.2291286510412,0,24,24,24,14,-15.9759918122246
01-Aug-2026 01:31:18,-141.085892821975,-33.6528030886401,0,22,22,22,15,-15.5229833128217
01-Aug-2026 01:31:20,-141.294611991175,-33.8615222578396,0,23,23,23,14,-15.1304366101911
01-Aug-2026 01:31:22,-141.674922747832,-34.2418330144973,0,23,23,23,14,-14.8304736952904
01-Aug-2026 01:31:24,-140.858106274563,-33.4250165412275,0,23,23,23,14,-14.2236207797972
01-Aug-2026 01:31:26,-141.316125111958,-33.8830353786229,0,23,23,23,11,-13.6841726308522
01-Aug-2026 01:31:28,-148.446645630938,-41.0135558976025,0,23,23,23,10,-12.7283295094299
01-Aug-2026 01:31:30,-148.4745156384,-41.041425905065,0,23,23,23,9,-12.3554812161344
01-Aug-2026 01:31:32,-151.518374759146,-44.0852850258113,0,23,23,23,9,-11.3406700177902
01-Aug-2026 01:31:34,-151.934376899478,-44.5012871661431,0,22,22,22,8,-11.9700664080942
01-Aug-2026 01:31:36,-149.327334207287,-41.894244473952,0,22,22,22,9,-12.714018002375
01-Aug-2026 01:31:38,-147.307198572373,-39.8741088390381,0,22,22,22,11,-13.5054067898214
01-Aug-2026 01:31:40,-146.757738757488,-39.3246490241526,0,22,22,22,11,-13.5647776607496
01-Aug-2026 01:31:42,-121.884218399526,-14.451128666191,0,22,22,22,10,-14.451128666191
01-Aug-2026 01:31:44,-122.228476730566,-14.7953869972313,0,23,23,23,11,-14.7953869972312
01-Aug-2026 01:31:46,-122.760580565954,-15.3274908326192,0,23,23,23,11,-15.3274908326192
01-Aug-2026 01:31:48,-124.107835068235,-16.6747453348999,0,23,23,23,10,-16.6747453349003
01-Aug-2026 01:31:50,-136.814448043221,-29.3813583098857,0,23,23,23,10,-29.3813583098857
01-Aug-2026 01:31:52,-136.875743812266,-29.4426540789309,0,23,23,23,9,-29.4426540789309
01-Aug-2026 01:31:54,-137.119574023002,-29.6864842896666,0,23,23,23,10,-29.6864842896666
01-Aug-2026 01:31:56,-137.10717544076,-29.6740857074248,0,24,24,24,11,-29.6740857074248
01-Aug-2026 01:31:58,-137.359136587383,-29.9260468540474,0,23,23,23,9,-29.9260468540474
01-Aug-2026 01:32:00,-137.499148605839,-30.0660588725038,0,23,23,23,9,-30.0660588725038
01-Aug-2026 01:32:02,-136.952377075421,-29.5192873420853,0,23,23,23,9,-29.5192873420853
01-Aug-2026 01:32:04,-137.04367544186,-29.6105857085246,0,23,23,23,10,-29.6105857085246
01-Aug-2026 01:32:06,-131.416477818567,-23.9833880852323,0,23,23,23,11,-23.9833880852324
01-Aug-2026 01:32:08,-131.784535700943,-24.3514459676076,0,23,23,23,10,-24.3514459676076
01-Aug-2026 01:32:10,-132.62158576758,-25.1884960342448,0,23,23,23,10,-25.1884960342448
01-Aug-2026 01:32:12,-132.743152872793,-25.3100631394581,0,23,23,23,11,-25.3100631394581
01-Aug-2026 01:32:14,-132.710926556315,-25.2778368229795,0,23,23,23,11,-25.2778368229795
01-Aug-2026 01:32:16,-133.064571825459,-25.6314820921243,0,23,23,23,10,-25.6314820921243
01-Aug-2026 01:32:18,-133.770408025828,-26.3373182924933,0,23,23,23,10,-26.3373182924933
01-Aug-2026 01:32:20,-133.397287019253,-25.9641972859176,0,23,23,23,10,-25.9641972859176
01-Aug-2026 01:32:22,-135.973429393673,-28.5403396603382,0,23,23,23,10,-28.5403396603382
01-Aug-2026 01:32:24,-136.503382094645,-29.0702923613101,0,23,23,23,8,-29.0702923613101
01-Aug-2026 01:32:26,-137.45366252307,-30.0205727897352,0,23,23,23,8,-30.0205727897352
01-Aug-2026 01:32:28,-137.27308271589,-29.8399929825549,0,23,23,23,8,-29.8399929825549
01-Aug-2026 01:32:30,-136.741975985478,-29.3088862521433,0,23,23,23,8,-29.3088862521433
01-Aug-2026 01:32:32,-136.590109490596,-29.1570197572607,0,23,23,23,8,-29.1570197572607
01-Aug-2026 01:32:34,-141.734257691914,-34.301167958579,0,23,23,23,9,-28.925078047439
01-Aug-2026 01:32:36,-141.421293743911,-33.9882040105755,0,24,24,24,10,-28.8876621326208
01-Aug-2026 01:32:38,-141.452773917978,-34.0196841846433,0,24,24,24,10,-28.3857277555078
01-Aug-2026 01:32:40,-143.127438489421,-35.6943487560862,0,24,24,24,10,-22.5395165726522
01-Aug-2026 01:32:42,-143.758179311427,-36.3250895780916,0,24,24,24,10,-23.1074741409503
01-Aug-2026 01:32:44,-145.012552610673,-37.5794628773382,0,24,24,24,10,-27.4867719087779
01-Aug-2026 01:32:46,-144.922337215134,-37.4892474817989,0,25,25,25,12,-27.7737906296393
01-Aug-2026 01:32:48,-145.293286764732,-37.8601970313971,0,25,25,25,12,-26.9735350242554
01-Aug-2026 01:32:50,-144.263415062744,-36.8303253294092,0,25,25,25,13,-36.8303253294092
01-Aug-2026 01:32:52,-144.534473915268,-37.1013841819328,0,25,25,25,15,-37.1013841819328
01-Aug-2026 01:32:54,-144.836653133073,-37.4035633997382,0,25,25,25,14,-37.4035633997382
01-Aug-2026 01:32:56,-144.263200392865,-36.8301106595302,0,25,25,25,14,-36.8301106595302
01-Aug-2026 01:32:58,-144.164565898441,-36.7314761651058,0,25,25,25,14,-36.7314761651058
01-Aug-2026 01:33:00,-144.44252378388,-37.0094340505451,0,25,25,25,12,-37.0094340505451
01-Aug-2026 01:33:02,-145.169969375158,-37.7368796418232,0,25,25,25,11,-37.7368796418232
01-Aug-2026 01:33:04,-145.437686844849,-38.0045971115141,0,25,25,25,12,-38.0045971115141
01-Aug-2026 01:33:06,-144.873658323403,-37.4405685900676,0,25,25,25,12,-37.4405685900676
01-Aug-2026 01:33:08,-144.833716693056,-37.400626959721,0,25,25,25,11,-37.400626959721
01-Aug-2026 01:33:10,-144.750501593864,-37.3174118605286,0,25,25,25,10,-37.3174118605286
01-Aug-2026 01:33:12,-145.665556300084,-38.2324665667491,0,26,26,26,12,-38.2324665667491
01-Aug-2026 01:33:14,-145.662533671181,-38.2294439378459,0,26,26,26,11,-38.2294439378459
01-Aug-2026 01:33:16,-145.419786788172,-37.9866970548372,0,26,26,26,11,-37.9866970548372
01-Aug-2026 01:33:18,-144.875597614374,-37.4425078810389,0,26,26,26,11,-37.4425078810389
01-Aug-2026 01:33:20,-144.702717627934,-37.2696278945989,0,26,26,26,12,-37.2696278945989
01-Aug-2026 01:33:22,-137.576553069087,-30.1434633357522,0,26,26,26,14,-30.1434633357522
01-Aug-2026 01:33:24,-136.895487276703,-29.4623975433676,0,26,26,26,13,-29.4623975433676
01-Aug-2026 01:33:26,-137.334217595923,-29.9011278625877,0,27,27,27,14,-29.9011278625877
01-Aug-2026 01:33:28,-137.129160809286,-29.6960710759506,0,27,27,27,15,-29.6960710759506
01-Aug-2026 01:33:30,-136.985186112573,-29.5520963792374,0,27,27,27,14,-29.5520963792374
01-Aug-2026 01:33:32,-137.011567030129,-29.5784772967941,0,28,28,28,15,-29.5784772967941
01-Aug-2026 01:33:34,-137.247429886253,-29.8143401529183,0,28,28,28,15,-25.5261764680345
01-Aug-2026 01:33:36,-145.264929337812,-37.8318396044768,0,28,28,28,14,-28.3336952560672
01-Aug-2026 01:33:38,-145.528068856269,-38.0949791229336,0,28,28,28,14,-25.0203102449772
01-Aug-2026 01:33:40,-145.767068951712,-38.3339792183766,0,28,28,28,15,-25.5867544905736
01-Aug-2026 01:33:42,-145.729649729106,-38.2965599957712,0,27,27,27,13,-26.681904497161
01-Aug-2026 01:33:44,-145.866039873691,-38.4329501403555,0,27,27,27,14,-27.9536775225548
01-Aug-2026 01:33:46,-139.003340611994,-31.5702508786587,0,26,26,26,12,-27.7453574890355
01-Aug-2026 01:33:48,-139.36495679056,-31.9318670572245,0,26,26,26,13,-28.1501649381055
01-Aug-2026 01:33:50,-136.611815875311,-29.1787261419756,0,27,27,27,13,-29.0114259119367
01-Aug-2026 01:33:52,-137.012666025815,-29.5795762924797,0,27,27,27,13,-29.3546652430029
01-Aug-2026 01:33:54,-137.922205429102,-30.4891156957665,0,27,27,27,13,-30.2080900438959
01-Aug-2026 01:33:56,-138.653752298202,-31.2206625648666,0,27,27,27,13,-30.8506807594786
01-Aug-2026 01:33:58,-138.472966757214,-31.0398770238789,0,27,27,27,13,-30.6532879709507
01-Aug-2026 01:34:00,-138.83194597916,-31.3988562458247,0,27,27,27,13,-30.929838116555
01-Aug-2026 01:34:02,-138.820945615105,-31.3878558817696,0,27,27,27,15,-30.9297900393945
01-Aug-2026 01:34:04,-135.557268670148,-28.1241789368127,0,27,27,27,15,-27.9217825513728
01-Aug-2026 01:34:06,-139.874508791755,-32.4414190584203,0,27,27,27,16,-31.8626793005451
01-Aug-2026 01:34:08,-140.347881071634,-32.9147913382992,0,26,26,26,14,-32.2892049354946
01-Aug-2026 01:34:10,-139.707101621584,-32.2740118882489,0,26,26,26,15,-31.1884530446462
01-Aug-2026 01:34:12,-141.073484528825,-33.6403947954902,0,26,26,26,15,-32.8204471880762
01-Aug-2026 01:34:14,-141.125130165679,-33.6920404323441,0,26,26,26,15,-32.7481514009539
01-Aug-2026 01:34:16,-141.404385473281,-33.9712957399463,0,26,26,26,14,-32.8131754298867
01-Aug-2026 01:34:18,-142.373795431863,-34.9407056985276,0,26,26,26,12,-33.7761617999655
01-Aug-2026 01:34:20,-142.495153929463,-35.0620641961283,0,26,26,26,11,-33.8304299168334
01-Aug-2026 01:34:22,-138.335908936384,-30.902819203049,0,26,26,26,13,-30.2829017366022
01-Aug-2026 01:34:24,-138.387745131908,-30.9546553985726,0,26,26,26,12,-30.3358988673657
01-Aug-2026 01:34:26,-138.235058796047,-30.8019690627113,0,26,26,26,12,-30.204553908048
01-Aug-2026 01:34:28,-138.138854859397,-30.7057651260621,0,26,26,26,10,-30.7057651260621
01-Aug-2026 01:34:30,-137.807088350713,-30.3739986173774,0,26,26,26,12,-30.3739986173774
01-Aug-2026 01:34:32,-137.371347445991,-29.9382577126559,0,26,26,26,14,-29.9382577126559
01-Aug-2026 01:34:34,-137.904429086271,-30.4713393529361,0,26,26,26,13,-30.4713393529361
01-Aug-2026 01:34:36,-137.014009651432,-29.5809199180968,0,26,26,26,13,-29.5809199180968
01-Aug-2026 01:34:38,-136.89750855337,-29.4644188200351,0,26,26,26,13,-29.4644188200351
01-Aug-2026 01:34:40,-137.137998549257,-29.704908815922,0,26,26,26,11,-29.704908815922
01-Aug-2026 01:34:42,-137.054368043188,-29.6212783098532,0,26,26,26,10,-29.6212783098532
01-Aug-2026 01:34:44,-136.174029373668,-28.7409396403332,0,26,26,26,11,-28.7409396403332
01-Aug-2026 01:34:46,-135.237855267566,-27.8047655342311,0,26,26,26,10,-27.8047655342311
01-Aug-2026 01:34:48,-134.611217516499,-27.1781277831637,0,26,26,26,11,-25.153003194957
01-Aug-2026 01:34:50,-133.851829180327,-26.4187394469914,0,25,25,25,10,-24.3028985962854
01-Aug-2026 01:34:52,-133.278750644801,-25.8456609114657,0,25,25,25,10,-23.7262071033287
01-Aug-2026 01:34:54,-132.866463214183,-25.4333734808474,0,25,25,25,11,-23.4123718826806
01-Aug-2026 01:34:56,-132.705269565993,-25.2721798326583,0,25,25,25,10,-25.2721798326583
01-Aug-2026 01:34:58,-130.36639945773,-22.9333097243944,0,24,24,24,12,-22.9333097243944
01-Aug-2026 01:35:00,-130.450181122353,-23.0170913890182,0,23,23,23,11,-23.0170913890182
01-Aug-2026 01:35:02,-155.203139247532,-47.7700495141966,0,23,23,23,11,-47.7700495141966
01-Aug-2026 01:35:04,-155.094146614053,-47.6610568807183,0,23,23,23,11,-47.6610568807183
01-Aug-2026 01:35:06,-155.116092934452,-47.6830032011171,0,23,23,23,10,-47.6830032011171
01-Aug-2026 01:35:08,-150.591508124999,-43.1584183916637,0,22,22,22,11,-27.1420816960832
01-Aug-2026 01:35:10,-150.626697438176,-43.1936077048408,0,23,23,23,12,-27.2467879295177
01-Aug-2026 01:35:12,-148.779558356644,-41.3464686233088,0,23,23,23,12,-27.0511359547346
01-Aug-2026 01:35:14,-148.458502262113,-41.0254125287776,0,23,23,23,12,-27.0596284197256
01-Aug-2026 01:35:16,-148.646302459,-41.2132127256653,0,23,23,23,11,-41.2132127256653
01-Aug-2026 01:35:18,-147.42841817331,-39.9953284399745,0,23,23,23,11,-39.9953284399745
01-Aug-2026 01:35:20,-147.108887128933,-39.6757973955977,0,23,23,23,10,-39.6757973955977
01-Aug-2026 01:35:22,-146.884220641861,-39.4511309085261,0,23,23,23,11,-39.4511309085261
01-Aug-2026 01:35:24,-149.496727306673,-42.0636375733374,0,23,23,23,11,-42.0636375733374
01-Aug-2026 01:35:26,-149.708963630874,-42.2758738975388,0,23,23,23,11,-42.2758738975388
01-Aug-2026 01:35:28,-149.460598860658,-42.0275091273224,0,23,23,23,12,-27.8152182289058
01-Aug-2026 01:35:30,-155.095856012689,-47.6627662793542,0,23,23,23,10,-27.836867937098
01-Aug-2026 01:35:32,-151.753515587146,-44.3204258538108,0,23,23,23,11,-28.2265384688688
01-Aug-2026 01:35:34,-144.707680206935,-37.2745904736001,0,23,23,23,12,-28.3177510423506
01-Aug-2026 01:35:36,-144.619982735803,-37.1868930024682,0,23,23,23,12,-29.0769809477495
01-Aug-2026 01:35:38,-143.795791668148,-36.3627019348131,0,23,23,23,12,-29.1549656159941
01-Aug-2026 01:35:40,-140.947184732399,-33.5140949990637,0,23,23,23,12,-29.138225832039
01-Aug-2026 01:35:42,-141.149143077454,-33.7160533441184,0,23,23,23,12,-29.3207697296357
01-Aug-2026 01:35:44,-136.520154517824,-29.0870647844891,0,24,24,24,13,-29.0870647844891
01-Aug-2026 01:35:46,-136.930369785912,-29.4972800525769,0,24,24,24,12,-29.4972800525769
01-Aug-2026 01:35:48,-137.111956302923,-29.6788665695877,0,23,23,23,13,-29.6788665695877
01-Aug-2026 01:35:50,-137.940826299582,-30.5077365662471,0,23,23,23,12,-30.5077365662471
01-Aug-2026 01:35:52,-138.485874441842,-31.0527847085063,0,23,23,23,12,-31.0527847085063
01-Aug-2026 01:35:54,-138.74557210865,-31.3124823753144,0,23,23,23,12,-31.3124823753144
01-Aug-2026 01:35:56,-138.760764480587,-31.327674747252,0,23,23,23,12,-31.327674747252
01-Aug-2026 01:35:58,-138.8661932514,-31.4331035180646,0,23,23,23,12,-31.4331035180646
01-Aug-2026 01:36:00,-138.872013217164,-31.438923483829,0,23,23,23,12,-31.438923483829
01-Aug-2026 01:36:02,-140.314616643024,-32.8815269096886,0,23,23,23,12,-30.8550542507831
01-Aug-2026 01:36:04,-140.3738858525,-32.9407961191651,0,23,23,23,13,-30.7000889052673
01-Aug-2026 01:36:06,-140.674343417516,-33.2412536841812,0,23,23,23,13,-31.090803515785
01-Aug-2026 01:36:08,-140.821038175321,-33.3879484419862,0,23,23,23,13,-30.7661313472932
01-Aug-2026 01:36:10,-141.342981540158,-33.9098918068233,0,23,23,23,14,-30.8333370217056
01-Aug-2026 01:36:12,-141.591563082161,-34.1584733488253,0,23,23,23,12,-30.5739493259098
01-Aug-2026 01:36:14,-147.801254448706,-40.3681647153705,0,23,23,23,9,-40.3681647153705
01-Aug-2026 01:36:16,-146.681879108496,-39.248789375161,0,23,23,23,10,-39.248789375161
01-Aug-2026 01:36:18,-144.890424259909,-37.457334526574,0,23,23,23,10,-37.457334526574
01-Aug-2026 01:36:20,-144.49643051611,-37.0633407827748,0,23,23,23,10,-37.0633407827748
01-Aug-2026 01:36:22,-144.929723608836,-37.4966338755006,0,23,23,23,10,-37.4966338755006
01-Aug-2026 01:36:24,-146.862319631404,-39.429229898069,0,23,23,23,12,-37.3383657203719
01-Aug-2026 01:36:26,-146.442631243779,-39.009541510444,0,23,23,23,13,-36.8123628521986
01-Aug-2026 01:36:28,-145.622911153746,-38.1898214204113,0,23,23,23,14,-36.0659935772011
01-Aug-2026 01:36:30,-145.731945426525,-38.29885569319,0,24,24,24,14,-36.1032589988095
01-Aug-2026 01:36:32,-153.522412584854,-46.0893228515186,0,24,24,24,14,-38.5723487250177
01-Aug-2026 01:36:34,-151.600485562895,-44.1673958295593,0,24,24,24,15,-37.7382591614807
01-Aug-2026 01:36:36,-151.559970526047,-44.1268807927119,0,24,24,24,15,-37.7285780733584
01-Aug-2026 01:36:38,-150.454624453037,-43.0215347197018,0,25,25,25,15,-36.5842522765626
01-Aug-2026 01:36:40,-148.116122311433,-40.6830325780981,0,25,25,25,15,-40.6830325780981
01-Aug-2026 01:36:42,-145.597341132304,-38.164251398969,0,25,25,25,16,-38.164251398969
01-Aug-2026 01:36:44,-142.660846983837,-35.2277572505018,0,25,25,25,16,-35.2277572505018
01-Aug-2026 01:36:46,-138.478808081736,-31.0457183484007,0,25,25,25,15,-31.0457183484007
01-Aug-2026 01:36:48,-134.528025356698,-27.0949356233628,0,25,25,25,14,-27.0949356233628
01-Aug-2026 01:36:50,-129.547145527769,-22.1140557944336,0,25,25,25,14,-22.1140557944336
01-Aug-2026 01:36:52,-150.712328365405,-43.2792386320703,0,25,25,25,14,-43.2792386320703
01-Aug-2026 01:36:54,-150.3401282278,-42.9070384944648,0,25,25,25,15,-42.9070384944648
01-Aug-2026 01:36:56,-150.32149273657,-42.8884030032352,0,25,25,25,14,-42.8884030032352
01-Aug-2026 01:36:58,-150.156384959149,-42.7232952258136,0,25,25,25,13,-42.7232952258136
01-Aug-2026 01:37:00,-150.149465816858,-42.7163760835223,0,25,25,25,13,-42.7163760835223
01-Aug-2026 01:37:02,-149.940742796477,-42.5076530631422,0,26,26,26,14,-42.5076530631422
01-Aug-2026 01:37:04,-150.115278081105,-42.6821883477702,0,26,26,26,14,-42.6821883477702
01-Aug-2026 01:37:06,-149.80993816716,-42.3768484338246,0,26,26,26,13,-42.3768484338246
01-Aug-2026 01:37:08,-133.111841993963,-25.6787522606278,0,26,26,26,14,-25.6787522606278
01-Aug-2026 01:37:10,-137.24481915736,-29.8117294240244,0,26,26,26,14,-29.8117294240244
01-Aug-2026 01:37:12,-140.785794653586,-33.3527049202507,0,26,26,26,13,-33.3527049202507
01-Aug-2026 01:37:14,-143.852738635257,-36.419648901922,0,26,26,26,13,-36.419648901922
01-Aug-2026 01:37:16,-147.783062094871,-40.3499723615356,0,27,27,27,12,-40.3499723615356
01-Aug-2026 01:37:18,-149.896883020213,-42.4637932868776,0,27,27,27,13,-42.4637932868776
01-Aug-2026 01:37:20,-150.461310484974,-43.0282207516386,0,27,27,27,13,-43.0282207516386
01-Aug-2026 01:37:22,-149.936636038235,-42.5035463048995,0,27,27,27,12,-42.5035463048995
01-Aug-2026 01:37:24,-149.302208125962,-41.8691183926273,0,29,29,29,14,-41.8691183926273
01-Aug-2026 01:37:26,-149.321638775715,-41.8885490423799,0,29,29,29,12,-41.8885490423799
01-Aug-2026 01:37:28,-149.211397474735,-41.7783077413995,0,29,29,29,13,-41.7783077413995
01-Aug-2026 01:37:30,-149.401032772836,-41.9679430395013,0,29,29,29,13,-41.9679430395013
01-Aug-2026 01:37:32,-149.279871818932,-41.8467820855972,0,29,29,29,13,-41.8467820855972
01-Aug-2026 01:37:34,-149.566110663122,-42.1330209297868,0,27,27,27,13,-42.1330209297868
01-Aug-2026 01:37:36,-149.130178385935,-41.6970886525998,0,26,26,26,12,-41.6970886525998
01-Aug-2026 01:37:38,-149.268741057795,-41.8356513244603,0,26,26,26,12,-41.8356513244603
01-Aug-2026 01:37:40,-148.816541401349,-41.3834516680133,0,26,26,26,11,-41.3834516680133
01-Aug-2026 01:37:42,-148.231063822939,-40.7979740896034,0,26,26,26,12,-40.7979740896034
01-Aug-2026 01:37:44,-148.44739032837,-41.0143005950352,0,26,26,26,11,-41.0143005950352
01-Aug-2026 01:37:46,-148.298000068235,-40.8649103348995,0,26,26,26,11,-40.8649103348995
01-Aug-2026 01:37:48,-156.315987606142,-48.882897872807,0,26,26,26,12,-40.0403267978137
01-Aug-2026 01:37:50,-137.691170275256,-30.2580805419212,0,27,27,27,15,-29.7770787452309
01-Aug-2026 01:37:52,-138.700064594516,-31.2669748611804,0,27,27,27,14,-30.7083607079084
01-Aug-2026 01:37:54,-138.618910176516,-31.1858204431808,0,27,27,27,13,-30.5527059055416
01-Aug-2026 01:37:56,-138.91846988036,-31.4853801470247,0,26,26,26,13,-30.7011787543445
01-Aug-2026 01:37:58,-139.692772991133,-32.2596832577973,0,26,26,26,14,-31.3030750613443
01-Aug-2026 01:38:00,-132.106453705561,-24.6733639722263,0,26,26,26,14,-24.4854653225795
01-Aug-2026 01:38:02,-134.329234929244,-26.8961451959088,0,26,26,26,13,-26.5910157376407
01-Aug-2026 01:38:04,-134.650520800845,-27.2174310675101,0,26,26,26,14,-26.8643226836205
01-Aug-2026 01:38:06,-134.684316089469,-27.2512263561342,0,26,26,26,14,-26.9015763046929
01-Aug-2026 01:38:08,-137.294910209452,-29.8618204761165,0,26,26,26,14,-29.206153437238
01-Aug-2026 01:38:10,-138.456342774649,-31.0232530413137,0,26,26,26,11,-30.1868074447186
01-Aug-2026 01:38:12,-139.59308055247,-32.1599908191351,0,26,26,26,10,-31.2104362767008
01-Aug-2026 01:38:14,-140.157849216265,-32.7247594829296,0,26,26,26,11,-31.5593059717119
01-Aug-2026 01:38:16,-141.250031153527,-33.8169414201923,0,26,26,26,11,-32.3535617720287
01-Aug-2026 01:38:18,-140.916284843139,-33.4831951098042,0,26,26,26,14,-32.0504856044333
01-Aug-2026 01:38:20,-141.012723310659,-33.5796335773236,0,26,26,26,14,-31.3466217896684
01-Aug-2026 01:38:22,-137.235030996004,-29.8019412626683,0,26,26,26,14,-28.6748049168702
01-Aug-2026 01:38:24,-139.582422225171,-32.1493324918356,0,26,26,26,15,-32.1493324918356
01-Aug-2026 01:38:26,-139.73802576687,-32.3049360335349,0,26,26,26,16,-32.3049360335349
01-Aug-2026 01:38:28,-140.477230914137,-33.0441411808023,0,26,26,26,16,-33.0441411808023
01-Aug-2026 01:38:30,-141.004257450795,-33.5711677174593,0,26,26,26,16,-33.5711677174593
01-Aug-2026 01:38:32,-135.860332816513,-28.4272430831776,0,26,26,26,15,-28.4272430831776
01-Aug-2026 01:38:34,-136.245927370639,-28.8128376373034,0,26,26,26,16,-28.8128376373034
01-Aug-2026 01:38:36,-135.845768725428,-28.4126789920931,0,26,26,26,15,-28.4126789920931
01-Aug-2026 01:38:38,-136.545195517755,-29.1121057844198,0,26,26,26,16,-29.1121057844198
01-Aug-2026 01:38:40,-137.096756056769,-29.6636663234341,0,25,25,25,15,-29.6636663234341
01-Aug-2026 01:38:42,-137.268939165814,-29.8358494324789,0,24,24,24,14,-29.8358494324789
01-Aug-2026 01:38:44,-137.171089580901,-29.7379998475662,0,24,24,24,14,-29.7379998475662
01-Aug-2026 01:38:46,-138.09712503414,-30.6640353008045,0,23,23,23,14,-30.6640353008045
01-Aug-2026 01:38:48,-138.277767743701,-30.8446780103663,0,23,23,23,13,-30.8446780103663
01-Aug-2026 01:38:50,-137.910750884663,-30.4776611513282,0,23,23,23,14,-30.4776611513282
01-Aug-2026 01:38:52,-138.489777408777,-31.0566876754415,0,23,23,23,13,-31.0566876754415
01-Aug-2026 01:38:54,-138.173651935008,-30.7405622016725,0,23,23,23,12,-30.7405622016725
01-Aug-2026 01:38:56,-142.505254540014,-35.072164806679,0,22,22,22,10,-35.072164806679
01-Aug-2026 01:38:58,-142.813452326474,-35.3803625931391,0,22,22,22,9,-35.3803625931391
01-Aug-2026 01:39:00,-142.646063805062,-35.2129740717263,0,22,22,22,9,-35.2129740717263
01-Aug-2026 01:39:02,-142.942441236399,-35.5093515030639,0,23,23,23,10,-35.5093515030639
01-Aug-2026 01:39:04,-143.111498136431,-35.6784084030957,0,23,23,23,10,-35.6784084030957
01-Aug-2026 01:39:06,-143.066893212317,-35.633803478982,0,23,23,23,11,-35.633803478982
01-Aug-2026 01:39:08,-142.596452054365,-35.1633623210294,0,23,23,23,13,-35.1633623210294
01-Aug-2026 01:39:10,-143.455082959568,-36.0219932262323,0,23,23,23,11,-36.0219932262323
01-Aug-2026 01:39:12,-143.778499426673,-36.345409693338,0,23,23,23,11,-36.345409693338
01-Aug-2026 01:39:14,-144.165656918286,-36.7325671849511,0,23,23,23,12,-36.7325671849511
01-Aug-2026 01:39:16,-144.124232501573,-36.6911427682375,0,23,23,23,13,-36.6911427682375
01-Aug-2026 01:39:18,-148.456331855556,-41.0232421222203,0,23,23,23,15,-41.0232421222203
01-Aug-2026 01:39:20,-152.174108373666,-44.7410186403308,0,23,23,23,13,-44.7410186403308
01-Aug-2026 01:39:22,-151.35472766166,-43.9216379283252,0,24,24,24,11,-43.9216379283252
01-Aug-2026 01:39:24,-151.326404619614,-43.8933148862791,0,24,24,24,11,-43.8933148862791
01-Aug-2026 01:39:26,-150.354429330465,-42.9213395971294,0,24,24,24,10,-42.9213395971294
01-Aug-2026 01:39:28,-150.204360508783,-42.7712707754482,0,24,24,24,10,-42.7712707754482
01-Aug-2026 01:39:30,-148.774277141211,-41.3411874078759,0,24,24,24,10,-29.0892127405901
01-Aug-2026 01:39:32,-144.392153156243,-36.9590634229077,0,24,24,24,11,-29.2089215895518
01-Aug-2026 01:39:34,-144.299890717144,-36.8668009838089,0,24,24,24,10,-36.8668009838089
01-Aug-2026 01:39:36,-141.282976480237,-33.8498867469021,0,24,24,24,13,-17.0538542430273
01-Aug-2026 01:39:38,-139.955624665815,-32.5225349324796,0,23,23,23,12,-17.9681635015435
01-Aug-2026 01:39:40,-126.94248103656,-19.509391303225,0,23,23,23,11,-19.509391303225
01-Aug-2026 01:39:42,-127.308974659563,-19.8758849262283,0,23,23,23,11,-19.8758849262283
01-Aug-2026 01:39:44,-128.083606566435,-20.6505168330995,0,23,23,23,11,-20.6505168330995
01-Aug-2026 01:39:46,-128.875852367786,-21.442762634451,0,23,23,23,11,-21.442762634451
01-Aug-2026 01:39:48,-129.603466792666,-22.1703770593306,0,23,23,23,10,-22.1703770593306
01-Aug-2026 01:39:50,-130.352007624655,-22.9189178913194,0,23,23,23,8,-22.9189178913194
01-Aug-2026 01:39:52,-130.906157218345,-23.4730674850099,0,23,23,23,8,-23.4730674850099
01-Aug-2026 01:39:54,-131.540803967886,-24.1077142345504,0,23,23,23,9,-24.1077142345504
01-Aug-2026 01:39:56,-129.001389096145,-21.56829936281,0,23,23,23,10,-21.56829936281
01-Aug-2026 01:39:58,-130.515197663627,-23.082107930292,0,23,23,23,8,-22.9708238578012
01-Aug-2026 01:40:00,-132.196188023694,-24.7630982903589,0,23,23,23,8,-24.597776876528
01-Aug-2026 01:40:02,-133.17708579492,-25.7439960615847,0,23,23,23,8,-25.5341050312432
01-Aug-2026 01:40:04,-133.750821324523,-26.3177315911881,0,23,23,23,7,-26.0172260509738
01-Aug-2026 01:40:06,-135.042355504753,-27.6092657714174,0,23,23,23,6,-27.2150437790038
01-Aug-2026 01:40:08,-136.468195020535,-29.0351052871998,0,23,23,23,9,-28.4854839378206
01-Aug-2026 01:40:10,-137.588517866655,-30.1554281333195,0,23,23,23,10,-29.4370660696111
01-Aug-2026 01:40:12,-138.852422403897,-31.4193326705616,0,23,23,23,10,-30.3698031291722
01-Aug-2026 01:40:14,-138.750154443874,-31.3170647105387,0,23,23,23,9,-31.3170647105387
01-Aug-2026 01:40:16,-140.006535822874,-32.5734460895391,0,24,24,24,12,-32.5734460895391
01-Aug-2026 01:40:18,-140.974254132463,-33.5411643991278,0,24,24,24,12,-33.5411643991278
01-Aug-2026 01:40:20,-142.027049113259,-34.5939593799237,0,24,24,24,12,-34.5939593799237
01-Aug-2026 01:40:22,-143.131601756992,-35.6985120236569,0,25,25,25,12,-35.6985120236569
01-Aug-2026 01:40:24,-147.449027077409,-40.0159373440734,0,25,25,25,11,-40.0159373440734
01-Aug-2026 01:40:26,-146.742517937573,-39.3094282042374,0,24,24,24,10,-39.3094282042374
01-Aug-2026 01:40:28,-146.46379310934,-39.0307033760052,0,24,24,24,11,-39.0307033760052
01-Aug-2026 01:40:30,-159.698258519814,-52.2651687864789,0,24,24,24,10,-52.2651687864789
01-Aug-2026 01:40:32,-163.283889515989,-55.8507997826536,0,24,24,24,9,-55.8507997826536
01-Aug-2026 01:40:34,-163.738461319583,-56.305371586248,0,24,24,24,10,-56.305371586248
01-Aug-2026 01:40:36,-163.754481679787,-56.321391946452,0,24,24,24,9,-56.321391946452
01-Aug-2026 01:40:38,-159.480400441464,-52.0473107081289,0,24,24,24,10,-52.0473107081289
01-Aug-2026 01:40:40,-158.977890294684,-51.5448005613488,0,24,24,24,10,-51.5448005613488
01-Aug-2026 01:40:42,-151.779354785331,-44.3462650519962,0,25,25,25,10,-44.3462650519962
01-Aug-2026 01:40:44,-151.567958507627,-44.1348687742921,0,25,25,25,12,-44.1348687742921
01-Aug-2026 01:40:46,-142.517888664396,-35.084798931061,0,25,25,25,12,-35.084798931061
01-Aug-2026 01:40:48,-142.360218663667,-34.9271289303313,0,25,25,25,13,-34.9271289303313
01-Aug-2026 01:40:50,-142.214880072524,-34.7817903391887,0,25,25,25,12,-34.7817903391887
01-Aug-2026 01:40:52,-141.87396681779,-34.4408770844547,0,25,25,25,12,-34.4408770844547
01-Aug-2026 01:40:54,-141.707250794576,-34.2741610612407,0,26,26,26,12,-34.2741610612407
01-Aug-2026 01:40:56,-142.041752508098,-34.6086627747628,0,26,26,26,11,-34.6086627747628
01-Aug-2026 01:40:58,-139.862305571036,-32.4292158377006,0,26,26,26,12,-32.4292158377006
01-Aug-2026 01:41:00,-143.40171460293,-35.9686248695946,0,27,27,27,12,-35.9686248695946
01-Aug-2026 01:41:02,-143.057551426952,-35.6244616936163,0,27,27,27,14,-35.6244616936163
01-Aug-2026 01:41:04,-142.929610797165,-35.4965210638302,0,27,27,27,14,-35.4965210638302
01-Aug-2026 01:41:06,-143.156547058447,-35.7234573251118,0,28,28,28,12,-35.7234573251118
01-Aug-2026 01:41:08,-143.234840246508,-35.8017505131726,0,28,28,28,12,-35.8017505131726
01-Aug-2026 01:41:10,-142.658329537879,-35.2252398045438,0,27,27,27,13,-35.2252398045438
01-Aug-2026 01:41:12,-142.839777354525,-35.40668762119,0,27,27,27,12,-35.40668762119
01-Aug-2026 01:41:14,-142.415708597145,-34.9826188638093,0,28,28,28,12,-34.9826188638093
01-Aug-2026 01:41:16,-147.204075097643,-39.7709853643078,0,28,28,28,13,-39.7709853643078
01-Aug-2026 01:41:18,-147.802720666916,-40.3696309335805,0,28,28,28,13,-22.0471569587811
01-Aug-2026 01:41:20,-146.94454021232,-39.5114504789852,0,28,28,28,14,-23.0173150230923
01-Aug-2026 01:41:22,-151.405366860362,-43.9722771270272,0,28,28,28,14,-24.1121449405837
01-Aug-2026 01:41:24,-151.434926775712,-44.001837042377,0,28,28,28,13,-24.2554819438544
01-Aug-2026 01:41:26,-150.639413970204,-43.2063242368685,0,27,27,27,12,-24.9963426934376
01-Aug-2026 01:41:28,-132.087778976737,-24.6546892434022,0,26,26,26,12,-24.6546892434022
01-Aug-2026 01:41:30,-132.494144828749,-25.0610550954134,0,26,26,26,11,-25.0610550954134
01-Aug-2026 01:41:32,-133.507167064382,-26.0740773310465,0,26,26,26,11,-26.0740773310465
01-Aug-2026 01:41:34,-134.061976193722,-26.628886460387,0,26,26,26,11,-26.628886460387
01-Aug-2026 01:41:36,-135.157705059545,-27.7246153262103,0,26,26,26,10,-27.7246153262103
01-Aug-2026 01:41:38,-135.63968531741,-28.2065955840743,0,26,26,26,10,-28.2065955840743
01-Aug-2026 01:41:40,-136.457930649336,-29.0248409160009,0,26,26,26,10,-29.0248409160009
01-Aug-2026 01:41:42,-137.040102837003,-29.607013103668,0,27,27,27,10,-29.607013103668
01-Aug-2026 01:41:44,-137.472414749869,-30.0393250165335,0,26,26,26,11,-30.0393250165335
01-Aug-2026 01:41:46,-137.609987562818,-30.1768978294831,0,26,26,26,10,-30.1768978294831
01-Aug-2026 01:41:48,-125.414717949179,-17.9816282158436,0,26,26,26,10,-17.9816282158436
01-Aug-2026 01:41:50,-126.697356963896,-19.264267230561,0,26,26,26,11,-19.1427197419764
01-Aug-2026 01:41:52,-127.81489426479,-20.381804531455,0,26,26,26,10,-20.2009879453495
01-Aug-2026 01:41:54,-128.452553470926,-21.0194637375911,0,26,26,26,10,-20.8116643601504
01-Aug-2026 01:41:56,-129.4424671892,-22.0093774558651,0,26,26,26,10,-21.7542577391233
01-Aug-2026 01:41:58,-131.106958618478,-23.6738688851428,0,26,26,26,10,-23.2645733084706
01-Aug-2026 01:42:00,-132.148820977256,-24.7157312439207,0,26,26,26,11,-24.1309360867283
01-Aug-2026 01:42:02,-133.130243688239,-25.6971539549035,0,26,26,26,11,-25.0123240249621
01-Aug-2026 01:42:04,-133.922027419865,-26.4889376865296,0,26,26,26,11,-25.5792980991718
01-Aug-2026 01:42:06,-135.934901507688,-28.5018117743529,0,26,26,26,11,-28.5018117743529
01-Aug-2026 01:42:08,-136.277692586627,-28.8446028532918,0,26,26,26,10,-28.8446028532918
01-Aug-2026 01:42:10,-132.564079503334,-25.1309897699988,0,26,26,26,12,-25.1309897699988
01-Aug-2026 01:42:12,-133.750070731618,-26.3169809982832,0,26,26,26,12,-26.3169809982832
01-Aug-2026 01:42:14,-134.704322410812,-27.2712326774769,0,26,26,26,12,-27.2712326774769
01-Aug-2026 01:42:16,-135.254033874054,-27.8209441407186,0,26,26,26,11,-27.8209441407186
01-Aug-2026 01:42:18,-135.458358568803,-28.0252688354675,0,26,26,26,11,-28.0252688354675
01-Aug-2026 01:42:20,-135.620321572697,-28.1872318393619,0,26,26,26,11,-28.1872318393619
01-Aug-2026 01:42:22,-144.672196022933,-37.2391062895977,0,26,26,26,10,-37.2391062895977
01-Aug-2026 01:42:24,-146.073724418881,-38.6406346855455,0,25,25,25,10,-38.6406346855455
01-Aug-2026 01:42:26,-146.370511177336,-38.9374214440008,0,25,25,25,10,-38.9374214440008
01-Aug-2026 01:42:28,-146.478714914942,-39.0456251816072,0,25,25,25,11,-39.0456251816072
01-Aug-2026 01:42:30,-153.179777309591,-45.7466875762562,0,24,24,24,11,-45.7466875762562
01-Aug-2026 01:42:32,-153.323115933878,-45.8900262005427,0,24,24,24,12,-45.8900262005427
01-Aug-2026 01:42:34,-153.676870592876,-46.2437808595407,0,23,23,23,12,-46.2437808595407
01-Aug-2026 01:42:36,-153.814527680101,-46.3814379467661,0,23,23,23,11,-46.3814379467661
01-Aug-2026 01:42:38,-154.101927003759,-46.6688372704243,0,23,23,23,11,-46.6688372704243
01-Aug-2026 01:42:40,-153.794470199828,-46.3613804664932,0,23,23,23,11,-46.3613804664932
01-Aug-2026 01:42:42,-153.767905607144,-46.3348158738084,0,23,23,23,12,-46.3348158738084
01-Aug-2026 01:42:44,-152.297715321563,-44.8646255882281,0,22,22,22,12,-44.8646255882281
01-Aug-2026 01:42:46,-151.796826410909,-44.3637366775738,0,22,22,22,13,-44.3637366775738
01-Aug-2026 01:42:48,-151.526392921276,-44.0933031879411,0,22,22,22,13,-44.0933031879411
01-Aug-2026 01:42:50,-149.560278665416,-42.1271889320809,0,22,22,22,13,-42.1271889320809
01-Aug-2026 01:42:52,-144.532736503472,-37.0996467701369,0,23,23,23,13,-37.0996467701369
01-Aug-2026 01:42:54,-143.71259310885,-36.2795033755149,0,23,23,23,13,-36.2795033755149
01-Aug-2026 01:42:56,-144.050479299395,-36.6173895660595,0,23,23,23,11,-36.6173895660595
01-Aug-2026 01:42:58,-144.000365321939,-36.5672755886041,0,23,23,23,11,-36.5672755886041
01-Aug-2026 01:43:00,-144.090179097488,-36.6570893641532,0,23,23,23,11,-36.6570893641532
01-Aug-2026 01:43:02,-143.294418148945,-35.8613284156094,0,23,23,23,10,-35.8613284156094
01-Aug-2026 01:43:04,-146.491355028899,-39.0582652955639,0,23,23,23,8,-39.0582652955639
01-Aug-2026 01:43:06,-143.52358732976,-36.0904975964251,0,23,23,23,8,-36.0904975964251
01-Aug-2026 01:43:08,-143.232178273975,-35.7990885406398,0,23,23,23,10,-35.7990885406398
01-Aug-2026 01:43:10,-143.074459144985,-35.6413694116497,0,23,23,23,10,-35.6413694116497
01-Aug-2026 01:43:12,-142.142214578158,-34.7091248448223,0,24,24,24,10,-34.7091248448223
01-Aug-2026 01:43:14,-141.598274689482,-34.1651849561468,0,24,24,24,9,-34.1651849561468
01-Aug-2026 01:43:16,-141.879514226163,-34.4464244928281,0,24,24,24,10,-34.4464244928281
01-Aug-2026 01:43:18,-141.405845810158,-33.9727560768228,0,24,24,24,10,-33.9727560768228
01-Aug-2026 01:43:20,-141.568726194237,-34.1356364609014,0,25,25,25,10,-34.1356364609014
01-Aug-2026 01:43:22,-141.616540954632,-34.1834512212968,0,25,25,25,12,-26.4034254279662
01-Aug-2026 01:43:24,-142.066235612249,-34.6331458789138,0,25,25,25,10,-27.221078795176
01-Aug-2026 01:43:26,-141.824966879773,-34.3918771464378,0,25,25,25,11,-27.8191461673351
01-Aug-2026 01:43:28,-141.227256975425,-33.7941672420896,0,24,24,24,11,-28.7911625583664
01-Aug-2026 01:43:30,-136.405996572602,-28.972906839267,0,23,23,23,11,-28.972906839267
01-Aug-2026 01:43:32,-136.573837509271,-29.1407477759356,0,23,23,23,12,-29.1407477759356
01-Aug-2026 01:43:34,-136.745238501854,-29.3121487685192,0,23,23,23,12,-29.3121487685192
01-Aug-2026 01:43:36,-137.373309784286,-29.9402200509507,0,23,23,23,11,-29.9402200509507
01-Aug-2026 01:43:38,-137.756670337459,-30.3235806041234,0,23,23,23,13,-30.3235806041234
01-Aug-2026 01:43:40,-137.769908103137,-30.3368183698013,0,23,23,23,14,-30.3368183698013
01-Aug-2026 01:43:42,-138.468631834085,-31.0355421007499,0,23,23,23,11,-31.0355421007499
01-Aug-2026 01:43:44,-138.157714388046,-30.724624654711,0,23,23,23,10,-30.724624654711
01-Aug-2026 01:43:46,-137.946021135299,-30.5129314019637,0,23,23,23,9,-30.5129314019637
01-Aug-2026 01:43:48,-137.819500301767,-30.3864105684316,0,23,23,23,9,-30.3864105684316
01-Aug-2026 01:43:50,-137.340089471384,-29.906999738049,0,23,23,23,9,-29.906999738049
01-Aug-2026 01:43:52,-137.043319812667,-29.6102300793321,0,23,23,23,10,-29.6102300793321
01-Aug-2026 01:43:54,-139.380905310827,-31.9478155774917,0,23,23,23,11,-31.9478155774917
01-Aug-2026 01:43:56,-139.663424801178,-32.2303350678426,0,23,23,23,11,-32.2303350678426
01-Aug-2026 01:43:58,-139.76623614406,-32.3331464107251,0,23,23,23,10,-32.3331464107251
01-Aug-2026 01:44:00,-139.775041123636,-32.3419513903013,0,23,23,23,9,-32.3419513903013
01-Aug-2026 01:44:02,-144.723504622235,-37.2904148889001,0,24,24,24,10,-32.2849780719826
01-Aug-2026 01:44:04,-152.087904020673,-44.654814287338,0,24,24,24,9,-44.654814287338
01-Aug-2026 01:44:06,-146.044016251731,-38.6109265183963,0,24,24,24,8,-38.6109265183963
01-Aug-2026 01:44:08,-145.573170568302,-38.1400808349668,0,24,24,24,8,-33.4740918636673
01-Aug-2026 01:44:10,-145.57519703574,-38.1421073024051,0,25,25,25,9,-33.4150381615013
01-Aug-2026 01:44:12,-145.394629385161,-37.9615396518259,0,25,25,25,6,-33.0161827431234
01-Aug-2026 01:44:14,-145.755737849445,-38.32264811611,0,25,25,25,6,-29.5860039564886
01-Aug-2026 01:44:16,-146.017834796761,-38.5847450634259,0,24,24,24,7,-31.5061408923734
01-Aug-2026 01:44:18,-146.28575363975,-38.8526639064148,0,24,24,24,7,-30.9019074892464
01-Aug-2026 01:44:20,-146.060982819013,-38.6278930856778,0,24,24,24,8,-38.6278930856778
01-Aug-2026 01:44:22,-145.642681609694,-38.2095918763584,0,24,24,24,8,-38.2095918763584
01-Aug-2026 01:44:24,-145.909803979175,-38.47671424584,0,24,24,24,9,-38.47671424584
01-Aug-2026 01:44:26,-145.257247612328,-37.8241578789925,0,24,24,24,9,-37.8241578789925
01-Aug-2026 01:44:28,-144.997377380249,-37.5642876469141,0,24,24,24,9,-37.5642876469141
01-Aug-2026 01:44:30,-145.445693688182,-38.0126039548465,0,24,24,24,10,-38.0126039548465
01-Aug-2026 01:44:32,-144.72489816639,-37.2918084330546,0,24,24,24,10,-37.2918084330546
01-Aug-2026 01:44:34,-144.273946561027,-36.8408568276922,0,24,24,24,13,-36.8408568276922
01-Aug-2026 01:44:36,-157.638579035924,-50.2054893025887,0,25,25,25,13,-50.2054893025887
01-Aug-2026 01:44:38,-157.596332447077,-50.1632427137414,0,25,25,25,13,-50.1632427137414
01-Aug-2026 01:44:40,-157.465131891587,-50.0320421582519,0,25,25,25,13,-50.0320421582519
01-Aug-2026 01:44:42,-159.4276429091,-51.9945531757651,0,24,24,24,11,-51.9945531757651
01-Aug-2026 01:44:44,-159.525362272146,-52.092272538811,0,25,25,25,12,-52.092272538811
01-Aug-2026 01:44:46,-155.153602034342,-47.7205123010065,0,25,25,25,9,-47.7205123010065
01-Aug-2026 01:44:48,-143.33995242022,-35.9068626868848,0,26,26,26,11,-35.9068626868848
01-Aug-2026 01:44:50,-143.566204864303,-36.1331151309682,0,26,26,26,10,-36.1331151309682
01-Aug-2026 01:44:52,-143.719045577636,-36.2859558443006,0,26,26,26,11,-36.2859558443006
01-Aug-2026 01:44:54,-144.11697848451,-36.6838887511749,0,26,26,26,12,-36.6838887511749
01-Aug-2026 01:44:56,-143.966334533893,-36.5332448005573,0,27,27,27,12,-36.5332448005573
01-Aug-2026 01:44:58,-143.402848819201,-35.9697590858656,0,27,27,27,12,-35.9697590858656
01-Aug-2026 01:45:00,-154.758778237949,-47.3256885046142,0,27,27,27,9,-47.3256885046142
01-Aug-2026 01:45:02,-155.058629825528,-47.6255400921926,0,27,27,27,8,-47.6255400921926
01-Aug-2026 01:45:04,-154.508773890268,-47.075684156933,0,28,28,28,8,-22.1618033138332
01-Aug-2026 01:45:06,-154.157309444706,-46.7242197113709,0,28,28,28,8,-22.673387512765
01-Aug-2026 01:45:08,-153.488040550275,-46.0549508169393,0,28,28,28,8,-46.0549508169393
01-Aug-2026 01:45:10,-153.388345772141,-45.9552560388063,0,28,28,28,9,-45.9552560388063
01-Aug-2026 01:45:12,-153.501077745984,-46.0679880126484,0,28,28,28,8,-46.0679880126484
01-Aug-2026 01:45:14,-148.64380733983,-41.2107176064948,0,28,28,28,9,-41.2107176064948
01-Aug-2026 01:45:16,-149.215448001706,-41.7823582683706,0,27,27,27,9,-33.16112019223
01-Aug-2026 01:45:18,-141.48076457771,-34.0476748443751,0,27,27,27,9,-34.0476748443751
01-Aug-2026 01:45:20,-142.081927990311,-34.6488382569758,0,26,26,26,9,-34.6488382569758
01-Aug-2026 01:45:22,-143.13159900873,-35.6985092753945,0,26,26,26,8,-35.6985092753945
01-Aug-2026 01:45:24,-143.496717193204,-36.0636274598684,0,26,26,26,8,-36.0636274598684
01-Aug-2026 01:45:26,-143.378608640093,-35.9455189067579,0,26,26,26,12,-35.9455189067579
01-Aug-2026 01:45:28,-143.731336922752,-36.298247189417,0,26,26,26,12,-36.298247189417
01-Aug-2026 01:45:30,-143.490274129026,-36.0571843956907,0,26,26,26,13,-36.0571843956907
01-Aug-2026 01:45:32,-144.133816635983,-36.7007269026475,0,26,26,26,12,-36.7007269026475
01-Aug-2026 01:45:34,-144.206403668918,-36.7733139355831,0,26,26,26,12,-36.7733139355831
01-Aug-2026 01:45:36,-144.348327651157,-36.9152379178219,0,26,26,26,14,-36.9152379178219
01-Aug-2026 01:45:38,-144.312263582301,-36.8791738489655,0,26,26,26,15,-36.8791738489655
01-Aug-2026 01:45:40,-144.23651540101,-36.8034256676748,0,26,26,26,15,-36.8034256676748
01-Aug-2026 01:45:42,-144.250963470772,-36.8178737374363,0,26,26,26,15,-36.8178737374363
01-Aug-2026 01:45:44,-144.252131805817,-36.8190420724819,0,26,26,26,14,-36.8190420724819
01-Aug-2026 01:45:46,-144.519597694246,-37.0865079609108,0,26,26,26,14,-37.0865079609108
01-Aug-2026 01:45:48,-146.466418218922,-39.0333284855866,0,26,26,26,14,-39.0333284855866
01-Aug-2026 01:45:50,-146.800227957747,-39.3671382244116,0,26,26,26,14,-39.3671382244116
01-Aug-2026 01:45:52,-146.672301232872,-39.2392114995369,0,26,26,26,12,-39.2392114995369
01-Aug-2026 01:45:54,-147.061571374573,-39.6284816412379,0,26,26,26,11,-39.6284816412379
01-Aug-2026 01:45:56,-145.192204872372,-37.7591151390373,0,26,26,26,11,-37.7591151390373
01-Aug-2026 01:45:58,-145.004075436192,-37.5709857028566,0,26,26,26,15,-37.5709857028566
01-Aug-2026 01:46:00,-144.180291831743,-36.7472020984081,0,26,26,26,14,-36.7472020984081
01-Aug-2026 01:46:02,-144.379562768675,-36.9464730353401,0,26,26,26,12,-36.9464730353401
01-Aug-2026 01:46:04,-144.755483283883,-37.3223935505474,0,25,25,25,13,-37.3223935505474
01-Aug-2026 01:46:06,-146.127205259964,-38.6941155266287,0,25,25,25,13,-38.6941155266287
01-Aug-2026 01:46:08,-145.907165251559,-38.4740755182236,0,25,25,25,12,-38.4740755182236
01-Aug-2026 01:46:10,-144.829501337029,-37.3964116036938,0,25,25,25,13,-37.3964116036938
01-Aug-2026 01:46:12,-144.648935209941,-37.2158454766058,0,25,25,25,13,-37.2158454766058
01-Aug-2026 01:46:14,-145.227003204419,-37.7939134710836,0,25,25,25,13,-37.7939134710836
01-Aug-2026 01:46:16,-145.068534564424,-37.6354448310885,0,25,25,25,13,-37.6354448310885
01-Aug-2026 01:46:18,-142.102382942254,-34.6692932089187,0,24,24,24,12,-34.6692932089187
01-Aug-2026 01:46:20,-142.955513699451,-35.5224239661154,0,24,24,24,13,-35.5224239661154
01-Aug-2026 01:46:22,-142.881240003668,-35.4481502703323,0,24,24,24,13,-35.4481502703323
01-Aug-2026 01:46:24,-142.627335556559,-35.1942458232241,0,23,23,23,13,-35.1942458232241
01-Aug-2026 01:46:26,-142.594562924899,-35.1614731915639,0,23,23,23,13,-35.1614731915639
01-Aug-2026 01:46:28,-141.378917339461,-33.9458276061254,0,23,23,23,14,-33.9458276061254
01-Aug-2026 01:46:30,-140.625141240208,-33.1920515068729,0,23,23,23,14,-33.1920515068729
01-Aug-2026 01:46:32,-140.601071414152,-33.1679816808173,0,22,22,22,14,-33.1679816808173
01-Aug-2026 01:46:34,-140.654690674908,-33.2216009415728,0,22,22,22,13,-33.2216009415728
01-Aug-2026 01:46:36,-140.383171376822,-32.9500816434869,0,22,22,22,14,-32.9500816434869
01-Aug-2026 01:46:38,-140.556917656777,-33.1238279234415,0,22,22,22,14,-33.1238279234415
01-Aug-2026 01:46:40,-140.650489544298,-33.2173998109624,0,22,22,22,13,-33.2173998109624
01-Aug-2026 01:46:42,-140.294287960623,-32.8611982272883,0,23,23,23,15,-32.8611982272883
01-Aug-2026 01:46:44,-139.761856345864,-32.3287666125287,0,23,23,23,15,-32.3287666125287
01-Aug-2026 01:46:46,-139.904392738173,-32.4713030048381,0,23,23,23,16,-32.4713030048381
01-Aug-2026 01:46:48,-139.890356898543,-32.4572671652078,0,23,23,23,15,-32.4572671652078
01-Aug-2026 01:46:50,-139.580561158278,-32.147471424943,0,23,23,23,14,-32.147471424943
01-Aug-2026 01:46:52,-139.387771036777,-31.9546813034417,0,23,23,23,13,-31.9546813034417
01-Aug-2026 01:46:54,-139.364805242366,-31.9317155090309,0,23,23,23,13,-31.9317155090309
01-Aug-2026 01:46:56,-138.965311642256,-31.5322219089212,0,23,23,23,12,-31.5322219089212
01-Aug-2026 01:46:58,-138.974469608157,-31.5413798748216,0,23,23,23,10,-31.5413798748216
01-Aug-2026 01:47:00,-138.518810014127,-31.0857202807914,0,24,24,24,9,-31.0857202807914
01-Aug-2026 01:47:02,-138.157393749502,-30.7243040161669,0,24,24,24,10,-30.7243040161669
01-Aug-2026 01:47:04,-137.912280981455,-30.4791912481196,0,24,24,24,10,-30.4791912481196
01-Aug-2026 01:47:06,-138.941594668847,-31.5085049355116,0,25,25,25,12,-31.5085049355116
01-Aug-2026 01:47:08,-138.426786193336,-30.9936964600008,0,25,25,25,12,-30.9936964600008
01-Aug-2026 01:47:10,-138.04663517924,-30.613545445905,0,25,25,25,14,-22.4822471754711
01-Aug-2026 01:47:12,-137.588843326488,-30.1557535931527,0,25,25,25,15,-22.7922095924466
01-Aug-2026 01:47:14,-137.232191775194,-29.7991020418583,0,25,25,25,15,-23.055140502259
01-Aug-2026 01:47:16,-137.591665647279,-30.1585759139438,0,25,25,25,13,-30.1585759139438
01-Aug-2026 01:47:18,-137.465446639114,-30.0323569057786,0,25,25,25,13,-30.0323569057786
01-Aug-2026 01:47:20,-141.629178785247,-34.1960890519116,0,24,24,24,10,-34.1960890519116
01-Aug-2026 01:47:22,-142.076348733238,-34.6432589999031,0,24,24,24,12,-34.6432589999031
01-Aug-2026 01:47:24,-141.901329813419,-34.4682400800842,0,23,23,23,11,-34.4682400800842
01-Aug-2026 01:47:26,-142.161665190154,-34.7285754568184,0,23,23,23,13,-34.7285754568184
01-Aug-2026 01:47:28,-141.030447882602,-33.5973581492673,0,23,23,23,17,-33.5973581492673
01-Aug-2026 01:47:30,-141.200259157821,-33.7671694244855,0,23,23,23,15,-33.7671694244855
01-Aug-2026 01:47:32,-141.622428925825,-34.1893391924901,0,23,23,23,15,-34.1893391924901
01-Aug-2026 01:47:34,-141.658880570136,-34.2257908368007,0,23,23,23,15,-34.2257908368007
01-Aug-2026 01:47:36,-135.159769820618,-27.7266800872827,0,23,23,23,16,-27.7266800872827
01-Aug-2026 01:47:38,-135.743846287561,-28.310756554226,0,23,23,23,16,-28.310756554226
01-Aug-2026 01:47:40,-136.410491666786,-28.9774019334504,0,23,23,23,15,-28.9774019334504
01-Aug-2026 01:47:42,-137.482019551184,-30.0489298178486,0,23,23,23,14,-30.0489298178486
01-Aug-2026 01:47:44,-137.919697189678,-30.4866074563424,0,23,23,23,10,-30.4866074563424
01-Aug-2026 01:47:46,-137.957011849919,-30.5239221165834,0,23,23,23,11,-30.5239221165834
01-Aug-2026 01:47:48,-138.472909214474,-31.0398194811383,0,23,23,23,11,-31.0398194811383
01-Aug-2026 01:47:50,-141.100639182136,-33.6675494488006,0,24,24,24,11,-33.6675494488006
01-Aug-2026 01:47:52,-146.383349455024,-38.9502597216884,0,24,24,24,10,-35.2503189707245
01-Aug-2026 01:47:54,-146.486822745164,-39.0537330118292,0,24,24,24,12,-35.0644066899448
01-Aug-2026 01:47:56,-145.99718289635,-38.5640931630143,0,24,24,24,12,-34.7461854329124
01-Aug-2026 01:47:58,-145.763196620192,-38.330106886857,0,25,25,25,14,-34.2464332964597
01-Aug-2026 01:48:00,-148.982021873761,-41.5489321404256,0,25,25,25,14,-34.7887547693987
01-Aug-2026 01:48:02,-146.910719300403,-39.4776295670679,0,25,25,25,15,-34.0554258225171
01-Aug-2026 01:48:04,-146.666316121239,-39.2332263879034,0,25,25,25,15,-33.6952284178815
01-Aug-2026 01:48:06,-146.686864419758,-39.2537746864224,0,24,24,24,14,-39.2537746864224
01-Aug-2026 01:48:08,-146.41835762572,-38.9852678923852,0,24,24,24,16,-33.613723124812
01-Aug-2026 01:48:10,-145.91512462221,-38.4820348888744,0,24,24,24,13,-32.4990301354477
01-Aug-2026 01:48:12,-145.505922754054,-38.0728330207193,0,24,24,24,13,-38.0728330207193
01-Aug-2026 01:48:14,-145.37694850144,-37.9438587681046,0,24,24,24,13,-37.9438587681046
01-Aug-2026 01:48:16,-145.304830340654,-37.8717406073189,0,24,24,24,11,-37.8717406073189
01-Aug-2026 01:48:18,-145.094414713251,-37.661324979916,0,24,24,24,11,-37.661324979916
01-Aug-2026 01:48:20,-147.471945324858,-40.0388555915227,0,24,24,24,9,-40.0388555915227
01-Aug-2026 01:48:22,-147.426785519112,-39.9936957857767,0,24,24,24,10,-39.9936957857767
01-Aug-2026 01:48:24,-146.904723086506,-39.4716333531713,0,24,24,24,10,-39.4716333531713
01-Aug-2026 01:48:26,-146.401757105207,-38.9686673718717,0,24,24,24,10,-38.9686673718717
01-Aug-2026 01:48:28,-158.077598178842,-50.644508445507,0,24,24,24,10,-50.644508445507
01-Aug-2026 01:48:30,-157.784756978377,-50.3516672450421,0,24,24,24,10,-50.3516672450421
01-Aug-2026 01:48:32,-155.879997826508,-48.4469080931731,0,24,24,24,11,-48.4469080931731
01-Aug-2026 01:48:34,-154.962405314662,-47.5293155813264,0,24,24,24,10,-47.5293155813264
01-Aug-2026 01:48:36,-159.181905353353,-51.7488156200183,0,25,25,25,10,-51.7488156200183
01-Aug-2026 01:48:38,-159.337457473815,-51.9043677404796,0,25,25,25,10,-51.9043677404796
01-Aug-2026 01:48:40,-155.209859849668,-47.7767701163328,0,25,25,25,11,-47.7767701163328
01-Aug-2026 01:48:42,-159.112365677788,-51.6792759444533,0,25,25,25,12,-51.6792759444533
01-Aug-2026 01:48:44,-159.31764227399,-51.8845525406549,0,25,25,25,12,-51.8845525406549
01-Aug-2026 01:48:46,-151.888349950293,-44.4552602169573,0,26,26,26,12,-44.4552602169573
01-Aug-2026 01:48:48,-155.442677583744,-48.0095878504087,0,26,26,26,12,-48.0095878504087
01-Aug-2026 01:48:50,-155.292130443695,-47.8590407103593,0,26,26,26,12,-47.8590407103593
01-Aug-2026 01:48:52,-154.987063322445,-47.5539735891098,0,26,26,26,12,-47.5539735891098
01-Aug-2026 01:48:54,-153.679719764198,-46.2466300308631,0,26,26,26,13,-46.2466300308631
01-Aug-2026 01:48:56,-153.503601529793,-46.0705117964578,0,27,27,27,14,-46.0705117964578
01-Aug-2026 01:48:58,-152.139514583996,-44.706424850661,0,27,27,27,15,-44.706424850661
01-Aug-2026 01:49:00,-151.753667420169,-44.3205776868337,0,28,28,28,15,-44.3205776868337
01-Aug-2026 01:49:02,-155.460669224556,-48.0275794912211,0,28,28,28,14,-20.3339095184045
01-Aug-2026 01:49:04,-155.139822916027,-47.7067331826917,0,28,28,28,15,-19.9508157604929
01-Aug-2026 01:49:06,-152.943770211187,-45.5106804778517,0,28,28,28,17,-19.9179928254991
01-Aug-2026 01:49:08,-127.169434200758,-19.7363444674227,0,27,27,27,15,-19.7363444674227
01-Aug-2026 01:49:10,-127.042333417587,-19.609243684252,0,27,27,27,16,-19.609243684252
01-Aug-2026 01:49:12,-126.709861799262,-19.2767720659272,0,26,26,26,15,-19.2767720659272
01-Aug-2026 01:49:14,-126.644493658754,-19.2114039254187,0,26,26,26,16,-19.2114039254187
01-Aug-2026 01:49:16,-126.654593967678,-19.2215042343427,0,26,26,26,16,-19.2215042343427
01-Aug-2026 01:49:18,-127.481185862433,-20.0480961290977,0,26,26,26,14,-20.0480961290977
01-Aug-2026 01:49:20,-145.445600122274,-38.0125103889389,0,25,25,25,14,-38.0125103889389
01-Aug-2026 01:49:22,-145.471463545438,-38.0383738121029,0,25,25,25,13,-38.0383738121029
01-Aug-2026 01:49:24,-145.296073058714,-37.8629833253784,0,26,26,26,12,-37.8629833253784
01-Aug-2026 01:49:26,-143.520372927427,-36.0872831940919,0,26,26,26,13,-36.0872831940919
01-Aug-2026 01:49:28,-143.924257960982,-36.4911682276467,0,26,26,26,14,-36.4911682276467
01-Aug-2026 01:49:30,-142.883875473916,-35.450785740581,0,26,26,26,13,-35.450785740581
01-Aug-2026 01:49:32,-142.900962209629,-35.4678724762941,0,26,26,26,12,-35.4678724762941
01-Aug-2026 01:49:34,-143.231945696348,-35.7988559630129,0,26,26,26,12,-35.7988559630129
01-Aug-2026 01:49:36,-143.402190459003,-35.9691007256674,0,26,26,26,13,-35.9691007256674
01-Aug-2026 01:49:38,-144.532784173068,-37.0996944397325,0,26,26,26,13,-37.0996944397325
01-Aug-2026 01:49:40,-145.94571308664,-38.5126233533047,0,26,26,26,11,-38.5126233533047
01-Aug-2026 01:49:42,-146.370924494406,-38.9378347610709,0,26,26,26,11,-38.9378347610709
01-Aug-2026 01:49:44,-145.952278312505,-38.5191885791699,0,26,26,26,13,-38.5191885791699
01-Aug-2026 01:49:46,-145.302500491244,-37.8694107579089,0,25,25,25,13,-37.8694107579089
01-Aug-2026 01:49:48,-145.850935490489,-38.4178457571536,0,25,25,25,12,-38.4178457571536
01-Aug-2026 01:49:50,-146.018237074,-38.5851473406645,0,25,25,25,12,-38.5851473406645
01-Aug-2026 01:49:52,-146.266833302664,-38.8337435693293,0,25,25,25,11,-38.8337435693293
01-Aug-2026 01:49:54,-145.473344554006,-38.0402548206713,0,25,25,25,11,-38.0402548206713
01-Aug-2026 01:49:56,-145.306476495941,-37.8733867626061,0,25,25,25,11,-37.8733867626061
01-Aug-2026 01:49:58,-145.146700207935,-37.7136104746001,0,25,25,25,13,-37.7136104746001
01-Aug-2026 01:50:00,-145.550079893255,-38.1169901599201,0,25,25,25,12,-38.1169901599201
01-Aug-2026 01:50:02,-145.154747731334,-37.7216579979992,0,25,25,25,12,-37.7216579979992
01-Aug-2026 01:50:04,-144.814354651314,-37.3812649179788,0,25,25,25,12,-37.3812649179788
01-Aug-2026 01:50:06,-144.595812686477,-37.1627229531418,0,25,25,25,12,-37.1627229531418
01-Aug-2026 01:50:08,-144.127686722915,-36.6945969895796,0,24,24,24,11,-36.6945969895796
01-Aug-2026 01:50:10,-144.240500493627,-36.8074107602915,0,24,24,24,10,-36.8074107602915
01-Aug-2026 01:50:12,-143.474594070629,-36.041504337294,0,23,23,23,11,-36.041504337294
01-Aug-2026 01:50:14,-143.015358304966,-35.5822685716311,0,23,23,23,11,-35.5822685716311
01-Aug-2026 01:50:16,-142.327142568455,-34.8940528351195,0,23,23,23,13,-34.8940528351195
01-Aug-2026 01:50:18,-142.571904873759,-35.1388151404237,0,23,23,23,12,-35.1388151404237
01-Aug-2026 01:50:20,-144.994209729112,-37.5611199957764,0,22,22,22,13,-37.5611199957764
01-Aug-2026 01:50:22,-144.610585139022,-37.1774954056864,0,22,22,22,13,-37.1774954056864
01-Aug-2026 01:50:24,-144.822286414825,-37.3891966814895,0,22,22,22,13,-37.3891966814895
01-Aug-2026 01:50:26,-142.337763023602,-34.9046732902673,0,22,22,22,13,-34.9046732902673
01-Aug-2026 01:50:28,-142.025767180935,-34.5926774476,0,22,22,22,13,-34.5926774476
01-Aug-2026 01:50:30,-140.14789586674,-32.7148061334044,0,22,22,22,13,-32.7148061334044
01-Aug-2026 01:50:32,-139.64611323446,-32.2130235011249,0,23,23,23,14,-32.2130235011249
01-Aug-2026 01:50:34,-139.522258260173,-32.0891685268376,0,23,23,23,14,-32.0891685268376
01-Aug-2026 01:50:36,-138.059489764354,-30.6264000310189,0,23,23,23,13,-30.6264000310189
01-Aug-2026 01:50:38,-137.750608693217,-30.3175189598818,0,23,23,23,13,-30.3175189598818
01-Aug-2026 01:50:40,-137.276905342592,-29.8438156092569,0,23,23,23,14,-23.0977417680147
01-Aug-2026 01:50:42,-137.268530499348,-29.8354407660132,0,23,23,23,14,-23.3744680030624
01-Aug-2026 01:50:44,-137.209385535358,-29.7762958020226,0,23,23,23,12,-29.7762958020226
01-Aug-2026 01:50:46,-136.83379221905,-29.4007024857146,0,23,23,23,11,-29.4007024857146
01-Aug-2026 01:50:48,-136.637958918319,-29.2048691849837,0,23,23,23,11,-29.2048691849837
01-Aug-2026 01:50:50,-137.524307276272,-30.0912175429373,0,24,24,24,13,-30.0912175429373
01-Aug-2026 01:50:52,-136.993670829006,-29.5605810956708,0,24,24,24,12,-29.5605810956708
01-Aug-2026 01:50:54,-136.455574175569,-29.0224844422342,0,25,25,25,13,-29.0224844422342
01-Aug-2026 01:50:56,-136.39501642099,-28.9619266876549,0,25,25,25,12,-28.9619266876549
01-Aug-2026 01:50:58,-135.974309442541,-28.5412197092055,0,25,25,25,11,-21.9918274624817
01-Aug-2026 01:51:00,-129.900905807632,-22.4678160742965,0,25,25,25,11,-22.4678160742965
01-Aug-2026 01:51:02,-129.974395512103,-22.5413057787678,0,25,25,25,11,-22.5413057787678
01-Aug-2026 01:51:04,-138.801966149538,-31.3688764162032,0,25,25,25,10,-31.3688764162032
01-Aug-2026 01:51:06,-138.791718781068,-31.3586290477325,0,25,25,25,10,-31.3586290477325
01-Aug-2026 01:51:08,-138.477014763392,-31.043925030057,0,25,25,25,10,-31.043925030057
01-Aug-2026 01:51:10,-138.638764686549,-31.2056749532135,0,24,24,24,8,-31.2056749532135
01-Aug-2026 01:51:12,-138.89404381748,-31.4609540841446,0,24,24,24,10,-31.4609540841446
01-Aug-2026 01:51:14,-139.019236850045,-31.58614711671,0,24,24,24,10,-31.58614711671
01-Aug-2026 01:51:16,-142.358391470631,-34.9253017372956,0,24,24,24,11,-34.9253017372956
01-Aug-2026 01:51:18,-141.903329996493,-34.4702402631582,0,24,24,24,11,-34.4702402631582
01-Aug-2026 01:51:20,-138.270450261512,-30.8373605281767,0,23,23,23,12,-30.8373605281767
01-Aug-2026 01:51:22,-136.488209994476,-29.0551202611405,0,23,23,23,13,-29.0551202611405
01-Aug-2026 01:51:24,-138.195342886265,-30.7622531529299,0,23,23,23,12,-30.7622531529299
01-Aug-2026 01:51:26,-139.511517875362,-32.0784281420266,0,23,23,23,10,-32.0784281420266
01-Aug-2026 01:51:28,-138.961581632193,-31.5284918988576,0,23,23,23,10,-31.5284918988576
01-Aug-2026 01:51:30,-138.511480322592,-31.0783905892564,0,23,23,23,10,-31.0783905892564
01-Aug-2026 01:51:32,-137.901171332072,-30.4680815987369,0,23,23,23,9,-30.4680815987369
01-Aug-2026 01:51:34,-137.669123720362,-30.2360339870266,0,23,23,23,10,-30.2360339870266
01-Aug-2026 01:51:36,-137.379442559515,-29.9463528261803,0,23,23,23,10,-29.9463528261803
01-Aug-2026 01:51:38,-136.404369254646,-28.9712795213112,0,23,23,23,12,-28.9712795213112
01-Aug-2026 01:51:40,-136.443322989181,-29.0102332558454,0,23,23,23,12,-29.0102332558454
01-Aug-2026 01:51:42,-137.057755817862,-29.6246660845267,0,23,23,23,11,-29.6246660845267
01-Aug-2026 01:51:44,-137.012902606371,-29.579812873036,0,23,23,23,11,-29.579812873036
01-Aug-2026 01:51:46,-136.408841836766,-28.9757521034304,0,24,24,24,12,-28.9757521034304
01-Aug-2026 01:51:48,-135.395928188573,-27.9628384552375,0,24,24,24,13,-27.9628384552375
01-Aug-2026 01:51:50,-134.550301056018,-27.117211322683,0,25,25,25,16,-27.117211322683
01-Aug-2026 01:51:52,-145.112476944576,-37.679387211241,0,25,25,25,14,-26.8104384383084
01-Aug-2026 01:51:54,-151.313350859559,-43.8802611262235,0,25,25,25,11,-26.5927489598811
01-Aug-2026 01:51:56,-150.721214094954,-43.2881243616189,0,25,25,25,11,-25.9935937085088
01-Aug-2026 01:51:58,-150.786403754018,-43.3533140206824,0,24,24,24,10,-24.99586473349
01-Aug-2026 01:52:00,-150.298906548693,-42.8658168153577,0,24,24,24,11,-25.0220770179185
01-Aug-2026 01:52:02,-150.781936486362,-43.3488467530272,0,24,24,24,10,-24.8080967855903
01-Aug-2026 01:52:04,-150.201168577371,-42.7680788440355,0,24,24,24,12,-24.3493625814073
01-Aug-2026 01:52:06,-148.919030283637,-41.4859405503022,0,24,24,24,12,-24.1515571157755
01-Aug-2026 01:52:08,-148.746968836022,-41.313879102687,0,24,24,24,12,-23.0004397385606
01-Aug-2026 01:52:10,-151.432850014014,-43.9997602806784,0,24,24,24,10,-23.2079707244875
01-Aug-2026 01:52:12,-151.213931778918,-43.7808420455825,0,24,24,24,9,-22.6943012804249
01-Aug-2026 01:52:14,-151.120128531706,-43.6870387983704,0,24,24,24,9,-21.5960777231604
01-Aug-2026 01:52:16,-151.11727042537,-43.6841806920351,0,24,24,24,8,-21.1004913733973
01-Aug-2026 01:52:18,-154.202551554923,-46.7694618215876,0,24,24,24,7,-20.3804649824167
01-Aug-2026 01:52:20,-148.280465699257,-40.8473759659221,0,24,24,24,9,-19.8305727458327
01-Aug-2026 01:52:22,-147.514999999507,-40.0819102661715,0,24,24,24,9,-18.6574311820955
01-Aug-2026 01:52:24,-148.664962070329,-41.2318723369934,0,24,24,24,8,-18.0462618515726
01-Aug-2026 01:52:26,-148.372330501443,-40.939240768108,0,24,24,24,7,-18.2125020210757
01-Aug-2026 01:52:28,-148.428448478226,-40.9953587448904,0,25,25,25,7,-14.6424559780604
01-Aug-2026 01:52:30,-146.724016429225,-39.2909266958896,0,25,25,25,8,-14.4198231881524
01-Aug-2026 01:52:32,-146.772173329171,-39.3390835958357,0,25,25,25,10,-15.3335389644703
01-Aug-2026 01:52:34,-146.670154873635,-39.2370651403001,0,25,25,25,9,-15.3209771991615
01-Aug-2026 01:52:36,-145.982275253542,-38.5491855202064,0,25,25,25,10,-14.9690386992005
01-Aug-2026 01:52:38,-146.523128626428,-39.0900388930932,0,26,26,26,10,-14.9900431563493
01-Aug-2026 01:52:40,-146.613498395688,-39.1804086623528,0,26,26,26,10,-14.7992357351408
01-Aug-2026 01:52:42,-146.342078165691,-38.908988432356,0,26,26,26,9,-15.1786824618988
01-Aug-2026 01:52:44,-146.555632063843,-39.1225423305077,0,26,26,26,10,-16.5181061442517
01-Aug-2026 01:52:46,-145.654610529153,-38.2215207958175,0,27,27,27,10,-17.7919362294255
01-Aug-2026 01:52:48,-145.706434738206,-38.2733450048706,0,27,27,27,10,-19.0876251573642
01-Aug-2026 01:52:50,-145.367984723943,-37.9348949906079,0,27,27,27,11,-19.5687435670398
01-Aug-2026 01:52:52,-144.879593591111,-37.4465038577762,0,27,27,27,11,-20.7781830346251
01-Aug-2026 01:52:54,-144.034361115619,-36.6012713822837,0,27,27,27,12,-21.5550157955933
01-Aug-2026 01:52:56,-130.315348580715,-22.8822588473795,0,27,27,27,12,-22.8822588473795
01-Aug-2026 01:52:58,-130.639353761266,-23.2062640279312,0,26,26,26,11,-23.2062640279312
01-Aug-2026 01:53:00,-131.725618787806,-24.2925290544705,0,26,26,26,12,-24.2925290544705
01-Aug-2026 01:53:02,-132.286697406988,-24.8536076736529,0,26,26,26,12,-24.8536076736529
01-Aug-2026 01:53:04,-134.253429431268,-26.8203396979333,0,25,25,25,12,-26.8203396979333
01-Aug-2026 01:53:06,-134.342302899873,-26.9092131665378,0,25,25,25,11,-26.9092131665378
01-Aug-2026 01:53:08,-135.602366029073,-28.1692762957374,0,24,24,24,13,-28.1692762957374
01-Aug-2026 01:53:10,-136.169298887523,-28.7362091541879,0,24,24,24,13,-28.7362091541879
01-Aug-2026 01:53:12,-136.089895823912,-28.6568060905766,0,24,24,24,13,-28.6568060905766
01-Aug-2026 01:53:14,-136.036588053896,-28.6034983205609,0,24,24,24,13,-28.6034983205609
01-Aug-2026 01:53:16,-136.226036935654,-28.7929472023189,0,24,24,24,12,-28.7929472023189
01-Aug-2026 01:53:18,-139.56810228397,-32.1350125506344,0,25,25,25,12,-32.1350125506344
01-Aug-2026 01:53:20,-140.340476991549,-32.9073872582136,0,25,25,25,12,-32.9073872582136
01-Aug-2026 01:53:22,-141.449721733792,-34.0166320004569,0,25,25,25,11,-34.0166320004569
01-Aug-2026 01:53:24,-142.53340118613,-35.1003114527943,0,26,26,26,12,-35.1003114527943
01-Aug-2026 01:53:26,-143.395562123656,-35.962472390321,0,25,25,25,11,-35.962472390321
01-Aug-2026 01:53:28,-144.22209110791,-36.7890013745746,0,25,25,25,11,-36.7890013745746
01-Aug-2026 01:53:30,-144.720356590501,-37.2872668571659,0,25,25,25,13,-33.7528899621585
01-Aug-2026 01:53:32,-145.634712790206,-38.2016230568713,0,25,25,25,13,-33.9670566974994
01-Aug-2026 01:53:34,-146.233534902492,-38.8004451691568,0,25,25,25,12,-34.107093478697
01-Aug-2026 01:53:36,-146.923108249837,-39.4900185165022,0,25,25,25,12,-33.7217231288525
01-Aug-2026 01:53:38,-148.098741294806,-40.6656515614706,0,25,25,25,12,-33.3037776357605
01-Aug-2026 01:53:40,-147.212125260232,-39.7790355268973,0,25,25,25,12,-32.9536115261986
01-Aug-2026 01:53:42,-150.015968814015,-42.5828790806795,0,25,25,25,12,-32.932677233678
01-Aug-2026 01:53:44,-150.181221368558,-42.7481316352226,0,25,25,25,13,-33.0212412017046
01-Aug-2026 01:53:46,-150.604693553789,-43.1716038204541,0,25,25,25,13,-32.6938343497395
01-Aug-2026 01:53:48,-150.638857062017,-43.2057673286818,0,25,25,25,14,-32.4361535258967
01-Aug-2026 01:53:50,-148.959506532279,-41.526416798944,0,25,25,25,15,-31.9634547749594
01-Aug-2026 01:53:52,-147.607162247383,-40.1740725140473,0,25,25,25,13,-40.1740725140473
01-Aug-2026 01:53:54,-138.913387407428,-31.4802976740924,0,25,25,25,15,-31.4802976740924
01-Aug-2026 01:53:56,-137.880396569275,-30.4473068359393,0,24,24,24,15,-30.4473068359393
01-Aug-2026 01:53:58,-136.625913533796,-29.1928238004613,0,24,24,24,16,-29.1928238004613
01-Aug-2026 01:54:00,-136.369790576491,-28.9367008431562,0,23,23,23,15,-28.9367008431562
01-Aug-2026 01:54:02,-135.327442140397,-27.8943524070622,0,23,23,23,15,-27.8943524070622
01-Aug-2026 01:54:04,-134.941922853172,-27.5088331198364,0,23,23,23,15,-27.5088331198364
01-Aug-2026 01:54:06,-133.745908016591,-26.3128182832554,0,22,22,22,16,-26.3128182832554
01-Aug-2026 01:54:08,-133.463819139067,-26.0307294057318,0,22,22,22,17,-25.0216705424826
01-Aug-2026 01:54:10,-131.542510133775,-24.10942040044,0,22,22,22,16,-23.4200195882461
01-Aug-2026 01:54:12,-132.161783063876,-24.7286933305409,0,22,22,22,16,-23.902062018573
01-Aug-2026 01:54:14,-131.680739002123,-24.2476492687874,0,22,22,22,15,-23.4110747017523
01-Aug-2026 01:54:16,-131.817536437104,-24.3844467037684,0,22,22,22,17,-23.5634297967996
01-Aug-2026 01:54:18,-132.307671032512,-24.8745812991766,0,22,22,22,15,-23.9884343510104
01-Aug-2026 01:54:20,-132.88017883332,-25.4470890999844,0,22,22,22,16,-24.442162479302
01-Aug-2026 01:54:22,-132.409695230628,-24.9766054972926,0,22,22,22,17,-24.0832905030393
01-Aug-2026 01:54:24,-131.901320938314,-24.4682312049789,0,23,23,23,18,-23.5635871498392
01-Aug-2026 01:54:26,-131.970687757458,-24.5375980241226,0,23,23,23,18,-23.5794888582366
01-Aug-2026 01:54:28,-131.719162796504,-24.2860730631686,0,23,23,23,17,-23.2104383236714
01-Aug-2026 01:54:30,-132.012866654193,-24.5797769208577,0,23,23,23,18,-23.4948158419617
01-Aug-2026 01:54:32,-137.682089738159,-30.2490000048238,0,23,23,23,17,-30.2490000048238
01-Aug-2026 01:54:34,-137.902990075064,-30.4699003417291,0,23,23,23,17,-30.4699003417291
01-Aug-2026 01:54:36,-137.103234566254,-29.6701448329185,0,23,23,23,19,-29.6701448329185
01-Aug-2026 01:54:38,-136.689947300429,-29.2568575670933,0,24,24,24,19,-29.2568575670933
01-Aug-2026 01:54:40,-137.012754520494,-29.5796647871588,0,24,24,24,19,-29.5796647871588
01-Aug-2026 01:54:42,-132.532755855413,-25.0996661220777,0,24,24,24,18,-25.0996661220777
01-Aug-2026 01:54:44,-132.31441975833,-24.8813300249948,0,25,25,25,19,-24.8813300249948
01-Aug-2026 01:54:46,-132.513646114745,-25.0805563814097,0,24,24,24,17,-25.0805563814097
01-Aug-2026 01:54:48,-132.299261674135,-24.8661719408002,0,24,24,24,17,-24.8661719408002
01-Aug-2026 01:54:50,-132.505782284541,-25.0726925512062,0,24,24,24,16,-25.0726925512062
01-Aug-2026 01:54:52,-134.137218774134,-26.7041290407984,0,24,24,24,15,-26.7041290407984
01-Aug-2026 01:54:54,-134.259706479434,-26.8266167460983,0,24,24,24,16,-26.8266167460983
01-Aug-2026 01:54:56,-134.46060792162,-27.0275181882849,0,24,24,24,15,-27.0275181882849
01-Aug-2026 01:54:58,-134.573475612693,-27.1403858793579,0,24,24,24,14,-27.1403858793579
01-Aug-2026 01:55:00,-135.037624207186,-27.6045344738512,0,24,24,24,17,-27.6045344738512
01-Aug-2026 01:55:02,-131.339951512561,-23.9068617792258,0,23,23,23,16,-23.9068617792258
01-Aug-2026 01:55:04,-132.277310203175,-24.8442204698403,0,23,23,23,14,-24.8442204698403
01-Aug-2026 01:55:06,-133.215164449509,-25.7820747161738,0,23,23,23,14,-25.7820747161738
01-Aug-2026 01:55:08,-133.969792153871,-26.5367024205362,0,23,23,23,14,-26.5367024205362
01-Aug-2026 01:55:10,-135.337312966859,-27.9042232335235,0,23,23,23,12,-27.9042232335235
01-Aug-2026 01:55:12,-135.830856493834,-28.3977667604987,0,23,23,23,11,-28.3977667604987
01-Aug-2026 01:55:14,-136.552312257646,-29.1192225243109,0,22,22,22,11,-29.1192225243109
01-Aug-2026 01:55:16,-137.246012412203,-29.8129226788677,0,22,22,22,11,-29.8129226788677
01-Aug-2026 01:55:18,-145.2951947884,-37.8621050550647,0,22,22,22,10,-37.8621050550647
01-Aug-2026 01:55:20,-145.192993168754,-37.7599034354191,0,22,22,22,11,-37.7599034354191
01-Aug-2026 01:55:22,-144.608166282399,-37.175076549064,0,23,23,23,12,-37.175076549064
01-Aug-2026 01:55:24,-144.339783814708,-36.9066940813727,0,23,23,23,12,-36.9066940813727
01-Aug-2026 01:55:26,-143.998558138664,-36.5654684053283,0,23,23,23,11,-36.5654684053283
01-Aug-2026 01:55:28,-144.103001938101,-36.6699122047656,0,23,23,23,12,-36.6699122047656
01-Aug-2026 01:55:30,-143.742081589079,-36.3089918557438,0,24,24,24,12,-36.3089918557438
01-Aug-2026 01:55:32,-141.81734377672,-34.3842540433853,0,25,25,25,14,-34.3842540433853
01-Aug-2026 01:55:34,-144.689820013581,-37.2567302802456,0,25,25,25,14,-35.8530331632101
01-Aug-2026 01:55:36,-147.847954381789,-40.414864648454,0,25,25,25,13,-37.7422462769849
01-Aug-2026 01:55:38,-147.716388994516,-40.283299261181,0,25,25,25,13,-37.4777650975153
01-Aug-2026 01:55:40,-147.973334845279,-40.5402451119434,0,25,25,25,14,-37.7708814662942
01-Aug-2026 01:55:42,-147.851495317668,-40.4184055843325,0,25,25,25,14,-37.5873568290531
01-Aug-2026 01:55:44,-139.804844598386,-32.3717548650504,0,25,25,25,14,-31.7023533190554
01-Aug-2026 01:55:46,-139.20522564496,-31.7721359116248,0,25,25,25,15,-31.1393907396194
01-Aug-2026 01:55:48,-139.071367645064,-31.6382779117286,0,24,24,24,16,-30.8996958345384
01-Aug-2026 01:55:50,-147.855323769249,-40.4222340359138,0,24,24,24,16,-30.8478148282096
01-Aug-2026 01:55:52,-147.343358206366,-39.9102684730307,0,24,24,24,16,-30.1007725637012
01-Aug-2026 01:55:54,-147.572766085074,-40.1396763517389,0,24,24,24,16,-29.1776097339698
01-Aug-2026 01:55:56,-147.449535552771,-40.0164458194358,0,24,24,24,14,-29.3488730951156
01-Aug-2026 01:55:58,-145.886536989167,-38.4534472558315,0,24,24,24,12,-28.6190604345962
01-Aug-2026 01:56:00,-145.276804423737,-37.843714690402,0,24,24,24,13,-28.1034234623463
01-Aug-2026 01:56:02,-144.294545452375,-36.8614557190396,0,24,24,24,14,-27.4958356318362
01-Aug-2026 01:56:04,-144.263128315461,-36.830038582126,0,24,24,24,12,-27.0652185530496
01-Aug-2026 01:56:06,-144.16561093803,-36.7325212046952,0,24,24,24,12,-26.7947850437793
01-Aug-2026 01:56:08,-144.473259843248,-37.0401701099128,0,24,24,24,11,-32.8108944937208
01-Aug-2026 01:56:10,-143.967496645823,-36.5344069124873,0,24,24,24,11,-32.0939038322366
01-Aug-2026 01:56:12,-143.421559063424,-35.9884693300884,0,24,24,24,12,-31.9189056903374
01-Aug-2026 01:56:14,-142.90130655491,-35.4682168215744,0,24,24,24,13,-26.2818930833276
01-Aug-2026 01:56:16,-142.762700765848,-35.3296110325124,0,24,24,24,15,-31.9969208299196
01-Aug-2026 01:56:18,-145.992845127363,-38.5597553940276,0,24,24,24,15,-33.1834801236558
01-Aug-2026 01:56:20,-144.242453806098,-36.8093640727625,0,25,25,25,16,-32.1504411960342
01-Aug-2026 01:56:22,-143.891969183933,-36.4588794505975,0,25,25,25,16,-36.4588794505975
01-Aug-2026 01:56:24,-142.983947382398,-35.5508576490631,0,25,25,25,15,-35.5508576490631
01-Aug-2026 01:56:26,-143.471965560662,-36.0388758273267,0,25,25,25,14,-36.0388758273267
01-Aug-2026 01:56:28,-143.023970368144,-35.5908806348089,0,26,26,26,15,-35.5908806348089
01-Aug-2026 01:56:30,-144.37439856906,-36.941308835725,0,26,26,26,15,-36.941308835725
01-Aug-2026 01:56:32,-144.614128009162,-37.181038275827,0,26,26,26,15,-37.181038275827
01-Aug-2026 01:56:34,-141.555183775845,-34.1220940425102,0,26,26,26,16,-32.6287625532347
01-Aug-2026 01:56:36,-144.520046757465,-37.0869570241298,0,26,26,26,16,-34.5768567106812
01-Aug-2026 01:56:38,-144.50581853953,-37.0727288061948,0,27,27,27,15,-34.7505064570862
01-Aug-2026 01:56:40,-144.507546267579,-37.0744565342439,0,27,27,27,15,-34.6943973294114
01-Aug-2026 01:56:42,-142.452653901466,-35.0195641681304,0,27,27,27,14,-35.0195641681304
01-Aug-2026 01:56:44,-142.961947816972,-35.5288580836373,0,27,27,27,13,-35.5288580836373
01-Aug-2026 01:56:46,-143.465415442095,-36.0323257087601,0,27,27,27,12,-36.0323257087601
01-Aug-2026 01:56:48,-143.196500555335,-35.7634108219997,0,26,26,26,13,-35.7634108219997
01-Aug-2026 01:56:50,-144.520931379811,-37.0878416464762,0,26,26,26,12,-37.0878416464762
01-Aug-2026 01:56:52,-133.231502547855,-25.7984128145198,0,26,26,26,11,-25.7984128145198
01-Aug-2026 01:56:54,-133.612352849711,-26.1792631163755,0,25,25,25,11,-26.1792631163755
01-Aug-2026 01:56:56,-133.167967735642,-25.7348780023064,0,24,24,24,12,-25.7348780023064
01-Aug-2026 01:56:58,-134.459792457399,-27.0267027240643,0,24,24,24,11,-27.0267027240643
01-Aug-2026 01:57:00,-132.365221647532,-24.9321319141971,0,24,24,24,12,-24.9321319141971
01-Aug-2026 01:57:02,-133.063933151698,-25.6308434183628,0,24,24,24,12,-25.6308434183628
01-Aug-2026 01:57:04,-133.362923570905,-25.9298338375694,0,24,24,24,13,-25.9298338375694
01-Aug-2026 01:57:06,-130.778376775016,-23.3452870416808,0,23,23,23,13,-23.3452870416808
01-Aug-2026 01:57:08,-131.477501847917,-24.0444121145817,0,23,23,23,13,-24.0444121145817
01-Aug-2026 01:57:10,-132.182010694218,-24.7489209608831,0,24,24,24,13,-24.7489209608831
01-Aug-2026 01:57:12,-132.705024504383,-25.2719347710473,0,24,24,24,15,-25.2719347710473
01-Aug-2026 01:57:14,-134.000668196588,-26.5675784632527,0,24,24,24,15,-26.5675784632527
01-Aug-2026 01:57:16,-134.825394907376,-27.3923051740408,0,24,24,24,15,-27.3923051740408
01-Aug-2026 01:57:18,-136.817986830425,-29.3848970970901,0,24,24,24,16,-29.3848970970901
01-Aug-2026 01:57:20,-136.406342412842,-28.9732526795066,0,24,24,24,15,-28.9732526795066
01-Aug-2026 01:57:22,-136.40315950067,-28.9700697673348,0,24,24,24,14,-28.9700697673348
01-Aug-2026 01:57:24,-136.568914945152,-29.1358252118166,0,24,24,24,13,-29.1358252118166
01-Aug-2026 01:57:26,-136.757841529843,-29.3247517965077,0,24,24,24,12,-29.3247517965077
01-Aug-2026 01:57:28,-136.532082771607,-29.0989930382722,0,24,24,24,11,-29.0989930382722
01-Aug-2026 01:57:30,-137.051533871177,-29.6184441378418,0,24,24,24,10,-29.6184441378418
01-Aug-2026 01:57:32,-136.577122154634,-29.144032421299,0,24,24,24,10,-29.144032421299
01-Aug-2026 01:57:34,-137.147679146136,-29.7145894128011,0,24,24,24,12,-29.7145894128011
01-Aug-2026 01:57:36,-136.667375732284,-29.2342859989488,0,24,24,24,13,-29.2342859989488
01-Aug-2026 01:57:38,-136.576190371309,-29.1431006379736,0,24,24,24,13,-29.1431006379736
01-Aug-2026 01:57:40,-135.895622658744,-28.4625329254086,0,24,24,24,11,-28.4625329254086
01-Aug-2026 01:57:42,-135.610944290217,-28.1778545568823,0,24,24,24,11,-28.1778545568823
01-Aug-2026 01:57:44,-134.695591047671,-27.2625013143363,0,23,23,23,10,-27.2625013143363
01-Aug-2026 01:57:46,-134.623103423883,-27.1900136905476,0,23,23,23,11,-27.1900136905476
01-Aug-2026 01:57:48,-134.148120963311,-26.7150312299762,0,22,22,22,11,-26.7150312299762
01-Aug-2026 01:57:50,-134.042046417143,-26.6089566838078,0,22,22,22,11,-26.6089566838078
01-Aug-2026 01:57:52,-133.523229389836,-26.0901396565013,0,22,22,22,11,-26.0901396565013
01-Aug-2026 01:57:54,-132.909988365624,-25.4768986322889,0,21,21,21,10,-25.4768986322889
01-Aug-2026 01:57:56,-150.201620403206,-42.7685306698705,0,21,21,21,8,-42.7685306698705
01-Aug-2026 01:57:58,-150.572564166447,-43.1394744331123,0,21,21,21,8,-43.1394744331123
01-Aug-2026 01:58:00,-152.402293912745,-44.9692041794097,0,21,21,21,8,-44.9692041794097
01-Aug-2026 01:58:02,-152.392707394023,-44.9596176606874,0,21,21,21,9,-44.9596176606874
01-Aug-2026 01:58:04,-152.630399058624,-45.1973093252891,0,21,21,21,9,-45.1973093252891
01-Aug-2026 01:58:06,-128.93504777673,-21.5019580433949,0,21,21,21,11,-21.5019580433949
01-Aug-2026 01:58:08,-129.062665014072,-21.6295752807366,0,21,21,21,11,-21.6295752807366
01-Aug-2026 01:58:10,-128.984191995367,-21.5511022620323,0,21,21,21,12,-21.5511022620323
01-Aug-2026 01:58:12,-128.468339418999,-21.0352496856635,0,21,21,21,12,-21.0352496856635
01-Aug-2026 01:58:14,-128.979247793054,-21.5461580597188,0,22,22,22,12,-21.5461580597188
01-Aug-2026 01:58:16,-128.81188933407,-21.3787996007353,0,22,22,22,13,-21.3787996007353
01-Aug-2026 01:58:18,-128.935181584869,-21.5020918515343,0,22,22,22,13,-21.5020918515343
01-Aug-2026 01:58:20,-129.05416422326,-21.6210744899249,0,22,22,22,13,-21.6210744899249
01-Aug-2026 01:58:22,-141.175523121402,-33.7424333880669,0,22,22,22,13,-33.7424333880669
01-Aug-2026 01:58:24,-141.033229338369,-33.6001396050341,0,22,22,22,12,-33.6001396050341
01-Aug-2026 01:58:26,-138.978084187701,-31.5449944543658,0,22,22,22,13,-31.5449944543658
01-Aug-2026 01:58:28,-139.147385090965,-31.7142953576298,0,23,23,23,12,-31.7142953576298
01-Aug-2026 01:58:30,-138.878595625589,-31.4455058922537,0,23,23,23,13,-31.4455058922537
01-Aug-2026 01:58:32,-138.01133399168,-30.5782442583452,0,24,24,24,15,-30.5782442583452
01-Aug-2026 01:58:34,-130.171548585066,-22.7384588517313,0,24,24,24,15,-22.7384588517311
01-Aug-2026 01:58:36,-130.469542422239,-23.0364526889042,0,24,24,24,15,-23.0364526889043
01-Aug-2026 01:58:38,-130.551868508242,-23.1187787749066,0,24,24,24,14,-23.1187787749065
01-Aug-2026 01:58:40,-130.990993033803,-23.5579033004675,0,24,24,24,14,-23.5579033004675
01-Aug-2026 01:58:42,-131.05414813964,-23.6210584063048,0,24,24,24,13,-23.6210584063048
01-Aug-2026 01:58:44,-131.523036474959,-24.0899467416239,0,24,24,24,13,-24.0899467416239
01-Aug-2026 01:58:46,-131.335644763759,-23.9025550304242,0,24,24,24,14,-23.9025550304242
01-Aug-2026 01:58:48,-131.409324157303,-23.9762344239681,0,24,24,24,13,-23.9762344239681
01-Aug-2026 01:58:50,-131.449494265666,-24.0164045323304,0,24,24,24,12,-24.0164045323304
01-Aug-2026 01:58:52,-132.128404079188,-24.6953143458528,0,23,23,23,12,-24.6953143458528
01-Aug-2026 01:58:54,-129.615845664248,-22.1827559309132,0,23,23,23,12,-22.1827559309132
01-Aug-2026 01:58:56,-131.549352980837,-24.1162632475013,0,23,23,23,12,-24.1162632475013
01-Aug-2026 01:58:58,-132.516407687382,-25.0833179540469,0,23,23,23,11,-25.0833179540469
01-Aug-2026 01:59:00,-133.956232747091,-26.5231430137553,0,23,23,23,12,-26.5231430137553
01-Aug-2026 01:59:02,-134.992471404941,-27.5593816716061,0,23,23,23,11,-27.5593816716061
01-Aug-2026 01:59:04,-149.201206823822,-41.7681170904864,0,23,23,23,11,-41.7681170904864
01-Aug-2026 01:59:06,-149.319721197767,-41.8866314644319,0,22,22,22,11,-41.8866314644319
01-Aug-2026 01:59:08,-154.142082576812,-46.7089928434764,0,23,23,23,14,-46.7089928434764
01-Aug-2026 01:59:10,-154.083508747947,-46.6504190146121,0,24,24,24,14,-46.6504190146121
01-Aug-2026 01:59:12,-156.413250549331,-48.9801608159963,0,24,24,24,12,-48.9801608159963
01-Aug-2026 01:59:14,-156.24463575513,-48.8115460217946,0,24,24,24,11,-48.8115460217946
01-Aug-2026 01:59:16,-155.518893746024,-48.0858040126887,0,24,24,24,10,-48.0858040126887
01-Aug-2026 01:59:18,-155.481408903612,-48.0483191702766,0,24,24,24,9,-48.0483191702766
01-Aug-2026 01:59:20,-154.485947975108,-47.0528582417733,0,25,25,25,11,-47.0528582417733
01-Aug-2026 01:59:22,-154.416916897854,-46.983827164519,0,25,25,25,11,-46.983827164519
01-Aug-2026 01:59:24,-154.711660058832,-47.2785703254965,0,25,25,25,10,-47.2785703254965
01-Aug-2026 01:59:26,-153.928499546391,-46.4954098130561,0,25,25,25,10,-34.2856680218866
01-Aug-2026 01:59:28,-154.080693941207,-46.6476042078721,0,25,25,25,8,-33.8427378040134
01-Aug-2026 01:59:30,-153.817206740053,-46.3841170067175,0,25,25,25,8,-33.8259988101354
01-Aug-2026 01:59:32,-155.921833634247,-48.4887439009122,0,25,25,25,7,-34.2983278728051
01-Aug-2026 01:59:34,-155.787270924401,-48.3541811910654,0,25,25,25,8,-48.3541811910654
01-Aug-2026 01:59:36,-150.954573493996,-43.5214837606611,0,25,25,25,10,-43.5214837606611
01-Aug-2026 01:59:38,-150.417694846725,-42.9846051133894,0,24,24,24,10,-42.9846051133894
01-Aug-2026 01:59:40,-149.844181130435,-42.4110913971002,0,24,24,24,10,-42.4110913971002
01-Aug-2026 01:59:42,-149.232937936372,-41.7998482030369,0,24,24,24,10,-41.7998482030369
01-Aug-2026 01:59:44,-148.302525242837,-40.869435509502,0,24,24,24,11,-40.869435509502
01-Aug-2026 01:59:46,-151.370978895207,-43.9378891618717,0,24,24,24,8,-43.9378891618717
01-Aug-2026 01:59:48,-151.835165686712,-44.4020759533769,0,24,24,24,8,-44.4020759533769
01-Aug-2026 01:59:50,-155.653020971423,-48.219931238088,0,24,24,24,7,-48.219931238088
01-Aug-2026 01:59:52,-153.716886371043,-46.2837966377078,0,24,24,24,5,-46.2837966377078
01-Aug-2026 01:59:54,-153.012947913716,-45.5798581803812,0,24,24,24,6,-45.5798581803812
01-Aug-2026 01:59:56,-144.279951472306,-36.8468617389711,0,24,24,24,8,-36.8468617389711
01-Aug-2026 01:59:58,-144.014986753642,-36.5818970203069,0,24,24,24,9,-36.5818970203069
01-Aug-2026 02:00:00,-143.532814173143,-36.0997244398077,0,24,24,24,8,-36.0997244398077
