OuterAngleDeg,InnerAngleDeg,WorstExceedancePercent,RobustExceedancePercent,MedianExceedancePercent,MaximumIOverNDb,P95IOverNDb,PracticalPercentileIOverNDb,RobustAvailabilityPercent,RetaskDutyPercent,ShutdownDutyPercent,Feasible,PracticalFeasible,Score,SearchStage
0,0,0.80533185226326,0.80533185226326,0.72202166064982,11.7499153136811,-21.5158475405163,5.76515106408895,99.1946681477367,0,0,0,0,0,coarse
0.5,0,0.80533185226326,0.80533185226326,0.72202166064982,11.7499153136811,-21.5158475405163,5.76515106408895,99.1946681477367,0.00222915737851092,0,0,0,0.5,coarse
0.5,0.5,0.80533185226326,0.80533185226326,0.72202166064982,11.7499153136811,-21.5158475405163,5.76515106408895,99.1946681477367,0,0.00222915737851092,0,0,1,coarse
1,0,0.80533185226326,0.80533185226326,0.72202166064982,11.7499153136811,-21.5158475405163,5.76515106408895,99.1946681477367,0.010942834631883,0,0,0,1,coarse
1,0.5,0.80533185226326,0.80533185226326,0.72202166064982,11.7499153136811,-21.5158475405163,5.76515106408895,99.1946681477367,0.00891702706317714,0.00222915737851092,0,0,1.5,coarse
1,1,0.777561788392113,0.777561788392113,0.72202166064982,11.7499153136811,-21.572945084549,5.76515106408895,99.2224382116079,0,0.010942834631883,0,0,2,coarse
2,0,0.80533185226326,0.80533185226326,0.72202166064982,11.7499153136811,-21.5158475405163,5.76515106408895,99.1946681477367,0.0180831826401447,0,0,0,2,coarse
2,0.5,0.80533185226326,0.80533185226326,0.72202166064982,11.7499153136811,-21.5158475405163,5.76515106408895,99.1946681477367,0.0180831826401447,0.00222915737851092,0,0,2.5,coarse
2,1,0.777561788392113,0.777561788392113,0.72202166064982,11.7499153136811,-21.572945084549,5.76515106408895,99.2224382116079,0.0135623869801085,0.010942834631883,0,0,3,coarse
2,2,0.749791724520966,0.749791724520966,0.708136628714246,11.7499153136811,-21.8632112104611,5.76515106408895,99.250208275479,0,0.0180831826401447,0,0,4,coarse
3,0,0.80533185226326,0.80533185226326,0.72202166064982,11.7499153136811,-21.5158475405163,5.76515106408895,99.1946681477367,0.0328285038956491,0,0,0,3,coarse
3,0.5,0.80533185226326,0.80533185226326,0.72202166064982,11.7499153136811,-21.5158475405163,5.76515106408895,99.1946681477367,0.0316455696202532,0.00222915737851092,0,0,3.5,coarse
3,1,0.777561788392113,0.777561788392113,0.72202166064982,11.7499153136811,-21.572945084549,5.76515106408895,99.2224382116079,0.027124773960217,0.010942834631883,0,0,4,coarse
3,2,0.749791724520966,0.749791724520966,0.708136628714246,11.7499153136811,-21.8632112104611,5.76515106408895,99.250208275479,0.0153199684846363,0.0180831826401447,0,0,5,coarse
3,3,0.749791724520966,0.749791724520966,0.708136628714246,11.7499153136811,-22.0846835586606,5.76515106408895,99.250208275479,0,0.0328285038956491,0,0,6,coarse
5,0,0.80533185226326,0.80533185226326,0.72202166064982,11.7499153136811,-21.5158475405163,5.76515106408895,99.1946681477367,0.0809769762759345,0,0,0,5,coarse
5,0.5,0.80533185226326,0.80533185226326,0.72202166064982,11.7499153136811,-21.5158475405163,5.76515106408895,99.1946681477367,0.0787884093495579,0.00222915737851092,0,0,5.5,coarse
5,1,0.777561788392113,0.777561788392113,0.72202166064982,11.7499153136811,-21.572945084549,5.76515106408895,99.2224382116079,0.0723327305605787,0.010942834631883,0,0,6,coarse
5,2,0.749791724520966,0.749791724520966,0.708136628714246,11.7499153136811,-21.8632112104611,5.76515106408895,99.250208275479,0.0634684408649216,0.0180831826401447,0,0,7,coarse
5,3,0.749791724520966,0.749791724520966,0.708136628714246,11.7499153136811,-22.0846835586606,5.76515106408895,99.250208275479,0.0481484723802854,0.0328285038956491,0,0,8,coarse
5,5,0.749791724520966,0.749791724520966,0.708136628714246,11.7499153136811,-22.3963484119857,5.76515106408895,99.250208275479,0,0.0809769762759345,0,0,10,coarse
10,0,0.80533185226326,0.80533185226326,0.680366564843099,11.7499153136811,-21.5158475405163,5.76515106408895,99.1946681477367,0.366184448462929,0,0,0,10,coarse
10,0.5,0.80533185226326,0.80533185226326,0.680366564843099,11.7499153136811,-21.5158475405163,5.76515106408895,99.1946681477367,0.366184448462929,0.00222915737851092,0,0,10.5,coarse
10,1,0.777561788392113,0.777561788392113,0.680366564843099,11.7499153136811,-21.572945084549,5.76515106408895,99.2224382116079,0.361663652802893,0.010942834631883,0,0,11,coarse
10,2,0.749791724520966,0.749791724520966,0.666481532907526,11.7499153136811,-21.8632112104611,5.76515106408895,99.250208275479,0.348101265822785,0.0180831826401447,0,0,12,coarse
10,3,0.749791724520966,0.749791724520966,0.666481532907526,11.7499153136811,-22.0846835586606,5.76515106408895,99.250208275479,0.334538878842676,0.0328285038956491,0,0,13,coarse
10,5,0.749791724520966,0.749791724520966,0.666481532907526,11.7499153136811,-22.4609984829656,5.76515106408895,99.250208275479,0.289330922242315,0.0809769762759345,0,0,15,coarse
10,10,0.749791724520966,0.749791724520966,0.666481532907526,11.7499153136811,-26.1849422232273,5.76515106408895,99.250208275479,0,0.366184448462929,0,0,20,coarse
15,0,0.80533185226326,0.80533185226326,0.652596500971952,11.7499153136811,-21.572945084549,5.76515106408895,99.1946681477367,0.761754068716094,0,0,0,15,coarse
15,0.5,0.80533185226326,0.80533185226326,0.652596500971952,11.7499153136811,-21.572945084549,5.76515106408895,99.1946681477367,0.761754068716094,0.00222915737851092,0,0,15.5,coarse
15,1,0.777561788392113,0.777561788392113,0.652596500971952,11.7499153136811,-21.7540143823137,5.76515106408895,99.2224382116079,0.757233273056058,0.010942834631883,0,0,16,coarse
15,2,0.749791724520966,0.749791724520966,0.638711469036379,11.7499153136811,-22.0223856334856,5.76515106408895,99.250208275479,0.743670886075949,0.0180831826401447,0,0,17,coarse
15,3,0.749791724520966,0.749791724520966,0.638711469036379,11.7499153136811,-22.1772338145275,5.76515106408895,99.250208275479,0.730108499095841,0.0328285038956491,0,0,18,coarse
15,5,0.749791724520966,0.749791724520966,0.638711469036379,11.7499153136811,-22.7363863706025,5.76515106408895,99.250208275479,0.684900542495479,0.0809769762759345,0,0,20,coarse
15,10,0.749791724520966,0.749791724520966,0.638711469036379,11.7499153136811,-26.2079785506731,5.76515106408895,99.250208275479,0.43468568880963,0.366184448462929,0,0,25,coarse
15,15,0.749791724520966,0.749791724520966,0.638711469036379,11.7499153136811,-28.234640705836,5.76515106408895,99.250208275479,0,0.761754068716094,0,0,30,coarse
20,0,0.777561788392113,0.777561788392113,0.624826437100805,11.7499153136811,-22.2223348857709,5.76515106408895,99.2224382116079,1.44226482389657,0,0,0,20,coarse
20,0.5,0.777561788392113,0.777561788392113,0.624826437100805,11.7499153136811,-22.2223348857709,5.76515106408895,99.2224382116079,1.44003566651806,0.00222915737851092,0,0,20.5,coarse
20,1,0.749791724520966,0.749791724520966,0.624826437100805,11.7499153136811,-22.2767192160518,5.76515106408895,99.250208275479,1.44003566651806,0.010942834631883,0,0,21,coarse
20,2,0.749791724520966,0.749791724520966,0.597056373229658,11.7499153136811,-22.4875917809911,5.76515106408895,99.250208275479,1.43334819438252,0.0180831826401447,0,0,22,coarse
20,3,0.749791724520966,0.749791724520966,0.597056373229658,11.7499153136811,-22.7363863706025,5.76515106408895,99.250208275479,1.42220240748997,0.0328285038956491,0,0,23,coarse
20,5,0.749791724520966,0.749791724520966,0.597056373229658,11.7499153136811,-23.0708901928874,5.76515106408895,99.250208275479,1.39099420419082,0.0809769762759345,0,0,25,coarse
20,10,0.749791724520966,0.749791724520966,0.597056373229658,11.7499153136811,-26.2433056660615,5.76515106408895,99.250208275479,1.19482835488185,0.366184448462929,0,0,30,coarse
20,15,0.749791724520966,0.749791724520966,0.597056373229658,11.7499153136811,-28.2929177507099,5.76515106408895,99.250208275479,0.760142666072225,0.761754068716094,0,0,35,coarse
20,20,0.749791724520966,0.749791724520966,0.597056373229658,11.7499153136811,-29.762582322716,5.76515106408895,99.250208275479,0,1.44226482389657,0,0,40,coarse
25,0,0.666481532907526,0.666481532907526,0.583171341294085,11.7499153136811,-23.1975331259273,5.70659329397323,99.3335184670925,2.40303165403477,0,0,0,25,coarse
25,0.5,0.666481532907526,0.666481532907526,0.583171341294085,11.7499153136811,-23.1975331259273,5.70659329397323,99.3335184670925,2.40080249665626,0.00222915737851092,0,0,25.5,coarse
25,1,0.666481532907526,0.666481532907526,0.569286309358511,11.7499153136811,-23.2582568723008,5.70659329397323,99.3335184670925,2.40080249665626,0.010942834631883,0,0,26,coarse
25,2,0.666481532907526,0.666481532907526,0.541516245487365,11.7499153136811,-23.495789199678,5.70659329397323,99.3335184670925,2.39411502452073,0.0180831826401447,0,0,27,coarse
25,3,0.666481532907526,0.666481532907526,0.541516245487365,11.7499153136811,-23.5778610284902,5.70659329397323,99.3335184670925,2.38296923762818,0.0328285038956491,0,0,28,coarse
25,5,0.666481532907526,0.666481532907526,0.541516245487365,11.7499153136811,-23.8936774269772,5.70659329397323,99.3335184670925,2.35176103432902,0.0809769762759345,0,0,30,coarse
25,10,0.666481532907526,0.666481532907526,0.541516245487365,11.7499153136811,-26.6242499845168,5.70659329397323,99.3335184670925,2.15559518502006,0.366184448462929,0,0,35,coarse
25,15,0.666481532907526,0.666481532907526,0.541516245487365,11.7499153136811,-28.7474024748789,5.70659329397323,99.3335184670925,1.72090949621043,0.761754068716094,0,0,40,coarse
25,20,0.666481532907526,0.666481532907526,0.541516245487365,11.7499153136811,-30.2271840746206,5.70659329397323,99.3335184670925,0.987793851717902,1.44226482389657,0,0,45,coarse
25,25,0.666481532907526,0.666481532907526,0.541516245487365,11.7499153136811,-32.695033323417,5.70659329397323,99.3335184670925,0,2.40303165403477,0,0,50,coarse
30,0,0.472091085809497,0.472091085809497,0.40266592613163,6.96459781544554,-23.8715711323018,2.58137674204557,99.5279089141905,4.09132007233273,0,0,0,30,coarse
30,0.5,0.472091085809497,0.472091085809497,0.40266592613163,6.96459781544554,-23.8715711323018,2.58137674204557,99.5279089141905,4.09132007233273,0.00222915737851092,0,0,30.5,coarse
30,1,0.472091085809497,0.472091085809497,0.388780894196057,6.96459781544554,-23.9137756602068,2.58137674204557,99.5279089141905,4.08679927667269,0.010942834631883,0,0,31,coarse
30,2,0.472091085809497,0.472091085809497,0.36101083032491,6.96459781544554,-24.053704032777,2.58137674204557,99.5279089141905,4.07323688969259,0.0180831826401447,0,0,32,coarse
30,3,0.472091085809497,0.472091085809497,0.36101083032491,6.96459781544554,-24.0807369484955,2.58137674204557,99.5279089141905,4.05967450271248,0.0328285038956491,0,0,33,coarse
30,5,0.472091085809497,0.472091085809497,0.36101083032491,6.96459781544554,-24.3617090756819,2.58137674204557,99.5279089141905,4.01446654611212,0.0809769762759345,0,0,35,coarse
30,10,0.472091085809497,0.472091085809497,0.36101083032491,6.96459781544554,-26.8214538977609,2.58137674204557,99.5279089141905,3.7251356238698,0.366184448462929,0,0,40,coarse
30,15,0.472091085809497,0.472091085809497,0.36101083032491,6.96459781544554,-28.8732835758554,2.58137674204557,99.5279089141905,3.32956600361664,0.761754068716094,0,0,45,coarse
30,20,0.472091085809497,0.472091085809497,0.36101083032491,6.96459781544554,-30.3428358857026,2.58137674204557,99.5279089141905,2.68083182640145,1.44226482389657,0,0,50,coarse
30,25,0.472091085809497,0.472091085809497,0.36101083032491,6.96459781544554,-32.9009937066293,2.58137674204557,99.5279089141905,1.69303797468354,2.40303165403477,0,0,55,coarse
30,30,0.472091085809497,0.472091085809497,0.36101083032491,6.96459781544554,-35.8214979983595,2.58137674204557,99.5279089141905,0,4.09132007233273,0,0,60,coarse
35,0,0.277700638711469,0.277700638711469,0.208275479033602,5.50190071510082,-24.3908273869445,2.16273069609205,99.7222993612885,6.53254972875226,0,0,0,35,coarse
35,0.5,0.277700638711469,0.277700638711469,0.208275479033602,5.50190071510082,-24.3908273869445,2.16273069609205,99.7222993612885,6.53254972875226,0.00222915737851092,0,0,35.5,coarse
35,1,0.249930574840322,0.249930574840322,0.180505415162455,5.50190071510082,-24.444852934044,2.16273069609205,99.7500694251597,6.52802893309222,0.010942834631883,0,0,36,coarse
35,2,0.194390447098028,0.194390447098028,0.180505415162455,5.50190071510082,-24.5952084102023,2.16273069609205,99.805609552902,6.51446654611212,0.0180831826401447,0,0,37,coarse
35,3,0.194390447098028,0.194390447098028,0.180505415162455,5.50190071510082,-24.6997967826902,2.16273069609205,99.805609552902,6.50090415913201,0.0328285038956491,0,0,38,coarse
35,5,0.194390447098028,0.194390447098028,0.180505415162455,5.50190071510082,-24.8728826753427,2.16273069609205,99.805609552902,6.45569620253165,0.0809769762759345,0,0,40,coarse
35,10,0.194390447098028,0.194390447098028,0.180505415162455,5.50190071510082,-27.0662451433824,2.16273069609205,99.805609552902,6.16636528028933,0.366184448462929,0,0,45,coarse
35,15,0.194390447098028,0.194390447098028,0.180505415162455,5.50190071510082,-28.9459580633507,2.16273069609205,99.805609552902,5.77079566003617,0.761754068716094,0,0,50,coarse
35,20,0.194390447098028,0.194390447098028,0.180505415162455,5.50190071510082,-30.7352965728767,2.16273069609205,99.805609552902,5.12206148282098,1.44226482389657,0,0,55,coarse
35,25,0.194390447098028,0.194390447098028,0.180505415162455,5.50190071510082,-32.9009937066293,2.16273069609205,99.805609552902,4.13426763110307,2.40303165403477,0,0,60,coarse
35,30,0.194390447098028,0.194390447098028,0.180505415162455,5.50190071510082,-35.8269137500636,2.16273069609205,99.805609552902,2.44122965641953,4.09132007233273,0,0,65,coarse
35,35,0.194390447098028,0.194390447098028,0.180505415162455,5.50188911521776,-38.2969844494458,2.16270686589777,99.805609552902,0,6.53254972875226,0,0,70,coarse
40,0,0.166620383226881,0.166620383226881,0.0971952235490142,4.79236967639513,-24.7747677101853,-3.51273789088891,99.8333796167731,10.5334538878843,0,0,0,40,coarse
40,0.5,0.166620383226881,0.166620383226881,0.0971952235490142,4.79236967639513,-24.7747677101853,-3.51273789088891,99.8333796167731,10.5334538878843,0.00222915737851092,0,0,40.5,coarse
40,1,0.111080255484588,0.111080255484588,0.0833101916134407,4.79236967639513,-24.7931339387646,-5.19456827616616,99.8889197445154,10.5289330922242,0.010942834631883,0,0,41,coarse
40,2,0.111080255484588,0.111080255484588,0.0833101916134407,4.79236967639513,-24.8280388034793,-5.19456827616616,99.8889197445154,10.5153707052441,0.0180831826401447,0,0,42,coarse
40,3,0.111080255484588,0.111080255484588,0.0833101916134407,4.79236967639513,-24.8635848806011,-5.19456827616616,99.8889197445154,10.501808318264,0.0328285038956491,0,0,43,coarse
40,5,0.111080255484588,0.111080255484588,0.0833101916134407,4.79236967639513,-25.208703853151,-5.19456827616616,99.8889197445154,10.4566003616637,0.0809769762759345,0,0,45,coarse
40,10,0.111080255484588,0.111080255484588,0.0833101916134407,4.79236967639513,-27.302189152922,-5.19456827616616,99.8889197445154,10.1672694394213,0.366184448462929,0,0,50,coarse
40,15,0.111080255484588,0.111080255484588,0.0833101916134407,4.79236967639513,-29.2558751053515,-5.19456827616616,99.8889197445154,9.77169981916817,0.761754068716094,0,0,55,coarse
40,20,0.111080255484588,0.111080255484588,0.0833101916134407,4.79236967639513,-31.1103073504208,-5.19456827616616,99.8889197445154,9.12296564195298,1.44226482389657,0,0,60,coarse
40,25,0.111080255484588,0.111080255484588,0.0833101916134407,4.79236967639513,-33.4107999545785,-5.19456827616616,99.8889197445154,8.13517179023508,2.40303165403477,0,0,65,coarse
40,30,0.111080255484588,0.111080255484588,0.0833101916134407,4.79236967639513,-35.9407864864192,-5.19456827616616,99.8889197445154,6.44213381555154,4.09132007233273,0,0,70,coarse
40,35,0.111080255484588,0.111080255484588,0.0833101916134407,4.79235702857349,-38.2969844494458,-5.19473994436821,99.8889197445154,4.00090415913201,6.53254972875226,0,0,75,coarse
40,40,0.111080255484588,0.111080255484588,0.0833101916134407,4.79235702857349,-40.9769762120313,-5.19473994436821,99.8889197445154,0,10.5334538878843,0,0,80,coarse
45,0,0.0833101916134407,0.0833101916134407,0.0277700638711469,-3.01691550043111,-24.8501749865353,-6.34772675737111,99.9166898083866,15.9697106690778,0,0,1,45,coarse
45,0.5,0.0833101916134407,0.0833101916134407,0.0277700638711469,-3.01691550043111,-24.8501749865353,-6.34772675737111,99.9166898083866,15.9697106690778,0.00222915737851092,0,1,45.5,coarse
45,1,0.0555401277422938,0.0555401277422938,0,-3.01691550043111,-24.8728826753427,-10.2912593707734,99.9444598722577,15.9651898734177,0.010942834631883,0,1,46,coarse
45,2,0,0,0,-8.03931363318959,-24.9434515833353,-10.9188221419853,100,15.9516274864376,0.0180831826401447,1,1,47,coarse
45,3,0,0,0,-10.2590671879052,-25.0807387463225,-12.0094462769897,100,15.9380650994575,0.0328285038956491,1,1,48,coarse
45,5,0,0,0,-10.2590671879052,-25.4708600637926,-12.4471743096716,100,15.8928571428571,0.0809769762759345,1,1,50,coarse
45,10,0,0,0,-14.1419722887154,-27.5572893952703,-17.6028904938794,100,15.6035262206148,0.366184448462929,1,1,55,coarse
45,15,0,0,0,-14.1419722887154,-29.3644783689263,-18.4764217218875,100,15.2079566003617,0.761754068716094,1,1,60,coarse
45,20,0,0,0,-14.1419722887154,-31.2180682247737,-20.574989050031,100,14.5592224231465,1.44226482389657,1,1,65,coarse
45,25,0,0,0,-14.1419722887154,-33.6128889806264,-20.6631546997866,100,13.5714285714286,2.40303165403477,1,1,70,coarse
45,30,0,0,0,-14.1419722887154,-36.13250014702,-20.7143998063578,100,11.878390596745,4.09132007233273,1,1,75,coarse
45,35,0,0,0,-14.1419722887154,-38.2969844494458,-20.7143998063578,100,9.54079358002675,6.53254972875226,1,1,80,coarse
45,40,0,0,0,-14.1419722887154,-40.9769762120313,-20.7143998063578,100,5.69995541685243,10.5334538878843,1,1,85,coarse
45,45,0,0,0,-14.1419722887154,-44.7881355600831,-20.7151117056249,100,0,15.9697106690778,1,1,90,coarse
50,0,0.0833101916134407,0.0833101916134407,0.0277700638711469,-3.01691550043111,-24.8728826753427,-6.34772675737111,99.9166898083866,20.4091320072333,0,0,1,50,coarse
50,0.5,0.0833101916134407,0.0833101916134407,0.0277700638711469,-3.01691550043111,-24.8728826753427,-6.34772675737111,99.9166898083866,20.4091320072333,0.00222915737851092,0,1,50.5,coarse
50,1,0.0555401277422938,0.0555401277422938,0,-3.01691550043111,-24.9068237625157,-10.2912593707734,99.9444598722577,20.4046112115732,0.010942834631883,0,1,51,coarse
50,2,0,0,0,-8.03931363318959,-25.016646256812,-10.9188221419853,100,20.3910488245931,0.0180831826401447,1,1,52,coarse
50,3,0,0,0,-10.2590671879052,-25.1257783086947,-12.0094462769897,100,20.377486437613,0.0328285038956491,1,1,53,coarse
50,5,0,0,0,-10.2590671879052,-25.5172610614292,-12.4471743096716,100,20.3322784810127,0.0809769762759345,1,1,55,coarse
50,10,0,0,0,-17.3381512792475,-27.596594662101,-17.7056758420121,100,20.0429475587703,0.366184448462929,1,1,60,coarse
50,15,0,0,0,-17.3381512792475,-29.3852381091348,-19.9089460495881,100,19.6473779385172,0.761754068716094,1,1,65,coarse
50,20,0,0,0,-18.1641421634458,-31.2778755341343,-20.8767023422779,100,18.998643761302,1.44226482389657,1,1,70,coarse
50,25,0,0,0,-18.1641421634458,-33.8643341371706,-21.1934356221954,100,18.0108499095841,2.40303165403477,1,1,75,coarse
50,30,0,0,0,-18.1641421634458,-36.13250014702,-21.2111639864456,100,16.3178119349005,4.09132007233273,1,1,80,coarse
50,35,0,0,0,-18.1663883479343,-38.403310808608,-21.9682742642193,100,13.9350840429801,6.53254972875226,1,1,85,coarse
50,40,0,0,0,-18.1663883479343,-41.0505637154774,-21.9764193388817,100,10.0316554460743,10.5334538878843,1,1,90,coarse
50,45,0,0,0,-18.1697779444334,-44.9940005459085,-21.9802681003115,100,4.54768380222034,15.9697106690778,1,1,95,coarse
50,50,0,0,0,-18.1697779444334,-49.0562680874511,-21.9809307538095,100,0,20.4091320072333,1,1,100,coarse
55,0,0.0833101916134407,0.0833101916134407,0.0277700638711469,-3.01691550043111,-24.8843464786615,-6.34772675737111,99.9166898083866,24.4801084990958,0,0,1,55,coarse
55,0.5,0.0833101916134407,0.0833101916134407,0.0277700638711469,-3.01691550043111,-24.8843464786615,-6.34772675737111,99.9166898083866,24.4801084990958,0.00222915737851092,0,1,55.5,coarse
55,1,0.0555401277422938,0.0555401277422938,0,-3.01691550043111,-24.9434515833353,-10.2912593707734,99.9444598722577,24.4755877034358,0.010942834631883,0,1,56,coarse
55,2,0,0,0,-8.03931363318959,-25.0807387463225,-10.9188221419853,100,24.4620253164557,0.0180831826401447,1,1,57,coarse
55,3,0,0,0,-10.2590671879052,-25.1437019836921,-12.0094462769897,100,24.4484629294756,0.0328285038956491,1,1,58,coarse
55,5,0,0,0,-10.2590671879052,-25.551863140409,-12.4471743096716,100,24.4032549728752,0.0809769762759345,1,1,60,coarse
55,10,0,0,0,-17.3381512792475,-27.6470755933017,-17.7056758420121,100,24.1139240506329,0.366184448462929,1,1,65,coarse
55,15,0,0,0,-17.3381512792475,-29.4306578168837,-19.9089460495881,100,23.7183544303797,0.761754068716094,1,1,70,coarse
55,20,0,0,0,-18.1641421634458,-31.3067329110591,-20.8767023422779,100,23.0696202531646,1.44226482389657,1,1,75,coarse
55,25,0,0,0,-18.1641421634458,-33.8834335032565,-21.1934356221954,100,22.0818264014467,2.40303165403477,1,1,80,coarse
55,30,0,0,0,-18.1641421634458,-36.1504338316816,-21.2111639864456,100,20.3887884267631,4.09132007233273,1,1,85,coarse
55,35,0,0,0,-18.1663883479343,-38.5247798479301,-21.9682742642193,100,17.9937583593402,6.53254972875226,1,1,90,coarse
55,40,0,0,0,-18.1663883479343,-41.1113018160212,-21.9764193388817,100,14.1529201961658,10.5334538878843,1,1,95,coarse
55,45,0,0,0,-18.1697779444334,-45.4160677842629,-21.9802681003115,100,8.51039783001808,15.9697106690778,1,1,100,coarse
55,50,0,0,0,-18.1697779444334,-49.3620642438018,-21.9809307538095,100,4.15514935354436,20.4091320072333,1,1,105,coarse
55,55,0,0,0,-18.1697949489993,-49.4542301136454,-21.9809336893082,100,0,24.4801084990958,1,1,110,coarse
60,0,0.0833101916134407,0.0833101916134407,0.0277700638711469,-3.01691550043111,-24.8843464786615,-6.34772675737111,99.9166898083866,28.1497993758359,0,0,1,60,coarse
60,0.5,0.0833101916134407,0.0833101916134407,0.0277700638711469,-3.01691550043111,-24.8843464786615,-6.34772675737111,99.9166898083866,28.1475702184574,0.00222915737851092,0,1,60.5,coarse
60,1,0.0555401277422938,0.0555401277422938,0,-3.01691550043111,-24.9434515833352,-10.2912593707734,99.9444598722577,28.1475702184574,0.010942834631883,0,1,61,coarse
60,2,0,0,0,-8.03931363318959,-25.0807387463225,-10.9188221419853,100,28.1408827463219,0.0180831826401447,1,1,62,coarse
60,3,0,0,0,-10.2590671879052,-25.1437019836921,-12.0094462769897,100,28.1297369594293,0.0328285038956491,1,1,63,coarse
60,5,0,0,0,-10.2590671879052,-25.551863140409,-12.4471743096716,100,28.0985287561302,0.0809769762759345,1,1,65,coarse
60,10,0,0,0,-17.3381512792475,-27.6470755933017,-17.7056758420121,100,27.9023629068212,0.366184448462929,1,1,70,coarse
60,15,0,0,0,-17.3381512792475,-29.4306578168837,-19.9089460495881,100,27.4676772180116,0.761754068716094,1,1,75,coarse
60,20,0,0,0,-18.1641421634458,-31.3067329110591,-20.8767023422779,100,26.7075345519394,1.44226482389657,1,1,80,coarse
60,25,0,0,0,-18.1641421634458,-33.8834335032565,-21.1934356221954,100,25.7467677218012,2.40303165403477,1,1,85,coarse
60,30,0,0,0,-18.1641421634458,-36.1620767639416,-21.2111639864456,100,24.4003566651806,4.09132007233273,1,1,90,coarse
60,35,0,0,0,-18.1663883479343,-38.5247798479301,-21.9682742642193,100,22.1355327686135,6.53254972875226,1,1,95,coarse
60,40,0,0,0,-18.1663883479343,-41.7248000445529,-21.9764193388817,100,18.2946946054391,10.5334538878843,1,1,100,coarse
60,45,0,0,0,-18.1697779444334,-45.8576928003976,-21.9802681003115,100,12.5947391885867,15.9697106690778,1,1,105,coarse
60,50,0,0,0,-18.1697779444334,-49.6532883429909,-21.9809307538095,100,8.29692376281766,20.4091320072333,1,1,110,coarse
60,55,0,0,0,-18.1697949489993,-49.765281353873,-21.9809336893082,100,4.1417744092733,24.4801084990958,1,1,115,coarse
60,60,0,0,0,-18.1699423118741,-49.765281353873,-21.9809345537037,100,0,28.1497993758359,1,1,120,coarse
65,0,0.0833101916134407,0.0833101916134407,0.0277700638711469,-3.01691550043111,-24.8843464786615,-6.34772675737111,99.9166898083866,32.2715113687026,0,0,1,65,coarse
65,0.5,0.0833101916134407,0.0833101916134407,0.0277700638711469,-3.01691550043111,-24.8843464786615,-6.34772675737111,99.9166898083866,32.2692822113241,0.00222915737851092,0,1,65.5,coarse
65,1,0.0555401277422938,0.0555401277422938,0,-3.01691550043111,-24.9434515833353,-10.2912593707734,99.9444598722577,32.2692822113241,0.010942834631883,0,1,66,coarse
65,2,0,0,0,-8.03931363318959,-25.0807387463225,-10.9188221419853,100,32.2625947391886,0.0180831826401447,1,1,67,coarse
65,3,0,0,0,-10.2590671879052,-25.1437019836921,-12.0094462769897,100,32.251448952296,0.0328285038956491,1,1,68,coarse
65,5,0,0,0,-10.2590671879052,-25.551863140409,-12.4471743096716,100,32.2202407489969,0.0809769762759345,1,1,70,coarse
65,10,0,0,0,-17.3381512792475,-27.6470755933016,-17.7056758420121,100,32.0240748996879,0.366184448462929,1,1,75,coarse
65,15,0,0,0,-17.3381512792475,-29.4306578168837,-19.9089460495881,100,31.5893892108783,0.761754068716094,1,1,80,coarse
65,20,0,0,0,-18.1641421634458,-31.3067329110591,-20.8767023422779,100,30.8292465448061,1.44226482389657,1,1,85,coarse
65,25,0,0,0,-18.1641421634458,-33.8834335032565,-21.1934356221954,100,29.8684797146679,2.40303165403477,1,1,90,coarse
65,30,0,0,0,-18.1641421634458,-36.1620767639416,-21.2111639864456,100,28.5220686580473,4.09132007233273,1,1,95,coarse
65,35,0,0,0,-18.1663883479343,-38.5420783525582,-21.9682742642193,100,26.2572447614802,6.53254972875226,1,1,100,coarse
65,40,0,0,0,-18.1663883479343,-41.8476241754999,-21.9764193388817,100,22.4164065983058,10.5334538878843,1,1,105,coarse
65,45,0,0,0,-18.1697779444334,-46.3211845875715,-21.9802681003115,100,16.7164511814534,15.9697106690778,1,1,110,coarse
65,50,0,0,0,-18.1697779444334,-50.5415146001248,-21.9809307538095,100,12.4186357556844,20.4091320072333,1,1,115,coarse
65,55,0,0,0,-18.1697949489993,-51.0706971609315,-21.9809336893082,100,8.26348640213999,24.4801084990958,1,1,120,coarse
65,60,0,0,0,-18.1699423118741,-51.0706971609315,-21.9809345537037,100,4.39832359891212,28.1497993758359,1,1,125,coarse
65,65,0,0,0,-18.1699423118741,-51.0706971609315,-21.9809345537037,100,0,32.2715113687026,1,1,130,coarse
70,0,0.0833101916134407,0.0833101916134407,0.0277700638711469,-3.01691550043111,-24.8843464786615,-6.34772675737111,99.9166898083866,36.3441818992421,0,0,1,70,coarse
70,0.5,0.0833101916134407,0.0833101916134407,0.0277700638711469,-3.01691550043111,-24.8843464786615,-6.34772675737111,99.9166898083866,36.3419527418636,0.00222915737851092,0,1,70.5,coarse
70,1,0.0555401277422938,0.0555401277422938,0,-3.01691550043111,-24.9434515833353,-10.2912593707734,99.9444598722577,36.3419527418636,0.010942834631883,0,1,71,coarse
70,2,0,0,0,-8.03931363318959,-25.0807387463225,-10.9188221419853,100,36.335265269728,0.0180831826401447,1,1,72,coarse
70,3,0,0,0,-10.2590671879052,-25.1437019836921,-12.0094462769897,100,36.3241194828355,0.0328285038956491,1,1,73,coarse
70,5,0,0,0,-10.2590671879052,-25.551863140409,-12.4471743096716,100,36.2929112795363,0.0809769762759345,1,1,75,coarse
70,10,0,0,0,-17.3381512792475,-27.6470755933016,-17.7056758420121,100,36.0967454302274,0.366184448462929,1,1,80,coarse
70,15,0,0,0,-17.3381512792475,-29.5160992111759,-19.9089460495881,100,35.6620597414177,0.761754068716094,1,1,85,coarse
70,20,0,0,0,-18.1641421634458,-31.3439348818634,-20.8767023422779,100,34.9019170753455,1.44226482389657,1,1,90,coarse
70,25,0,0,0,-18.1641421634458,-34.0175180155895,-21.1934356221954,100,33.9411502452073,2.40303165403477,1,1,95,coarse
70,30,0,0,0,-18.1641421634458,-36.3206478592799,-21.2111639864456,100,32.5947391885867,4.09132007233273,1,1,100,coarse
70,35,0,0,0,-18.1663883479343,-38.9513156075684,-21.9682742642193,100,30.3299152920196,6.53254972875226,1,1,105,coarse
70,40,0,0,0,-18.1663883479343,-42.138772544529,-21.9764193388817,100,26.4890771288453,10.5334538878843,1,1,110,coarse
70,45,0,0,0,-18.1697779444334,-47.599210980816,-21.9802681003115,100,20.7891217119929,15.9697106690778,1,1,115,coarse
70,50,0,0,0,-18.1697779444334,-53.8393023381013,-21.9809307538095,100,16.4913062862238,20.4091320072333,1,1,120,coarse
70,55,0,0,0,-18.1697949489993,-53.8420668612628,-21.9809336893082,100,12.3361569326794,24.4801084990958,1,1,125,coarse
70,60,0,0,0,-18.1699423118741,-53.9133305369242,-21.9809345537037,100,8.81893976548219,28.1497993758359,1,1,130,coarse
70,65,0,0,0,-18.1699423118741,-53.9133305369242,-21.9809345537037,100,4.42061616657007,32.2715113687026,1,1,135,coarse
70,70,0,0,0,-18.1699423118741,-53.9634954514714,-21.9809362781512,100,0,36.3441818992421,1,1,140,coarse
75,0,0.0833101916134407,0.0833101916134407,0.0277700638711469,-3.01691550043111,-24.9769141478892,-6.34772675737111,99.9166898083866,40.200624164066,0,0,1,75,coarse
75,0.5,0.0833101916134407,0.0833101916134407,0.0277700638711469,-3.01691550043111,-24.9769141478892,-6.34772675737111,99.9166898083866,40.1983950066875,0.00222915737851092,0,1,75.5,coarse
75,1,0.0555401277422938,0.0555401277422938,0,-3.01691550043111,-25.0807387463225,-10.2912593707734,99.9444598722577,40.1983950066875,0.010942834631883,0,1,76,coarse
75,2,0,0,0,-8.03931363318959,-25.1437019836921,-10.9188221419853,100,40.1917075345519,0.0180831826401447,1,1,77,coarse
75,3,0,0,0,-10.2590671879052,-25.208703853151,-12.0094462769897,100,40.1805617476594,0.0328285038956491,1,1,78,coarse
75,5,0,0,0,-10.2590671879052,-25.6596782811751,-12.4471743096716,100,40.1493535443602,0.0809769762759345,1,1,80,coarse
75,10,0,0,0,-17.3381512792475,-27.7263194482048,-17.7056758420121,100,39.9531876950513,0.366184448462929,1,1,85,coarse
75,15,0,0,0,-17.3381512792475,-29.8253606469957,-20.3871054735219,100,39.5185020062416,0.761754068716094,1,1,90,coarse
75,20,0,0,0,-18.1641421634458,-31.8239701439902,-21.125390614834,100,38.7801506977574,1.44226482389657,1,1,95,coarse
75,25,0,0,0,-18.1641421634458,-34.5083350455128,-21.3080303723454,100,38.05787150564,2.40303165403477,1,1,100,coarse
75,30,0,0,0,-18.1641421634458,-36.6489994017899,-21.4769762381855,100,36.6422934593607,4.09132007233273,1,1,105,coarse
75,35,0,0,0,-18.1663883479343,-39.2457096990449,-23.3810526002853,100,34.4264122341611,6.53254972875226,1,1,110,coarse
75,40,0,0,0,-18.1663883479343,-42.4261301575498,-23.8939257355097,100,30.5229836372553,10.5334538878843,1,1,115,coarse
75,45,0,0,0,-18.1697779444334,-47.7558719039132,-23.8939257355097,100,25.0390119934014,15.9697106690778,1,1,120,coarse
75,50,0,0,0,-18.1697779444334,-54.1289125495916,-23.8939257355097,100,20.4959292655169,20.4091320072333,1,1,125,coarse
75,55,0,0,0,-18.1697949489993,-54.1566887896195,-23.8939296120002,100,16.5455437157252,24.4801084990958,1,1,130,coarse
75,60,0,0,0,-18.1699423118741,-54.1646402799651,-23.8939735679351,100,13.2975166079629,28.1497993758359,1,1,135,coarse
75,65,0,0,0,-18.1699423118741,-54.2054890363231,-23.8939735679351,100,8.89919300905078,32.2715113687026,1,1,140,coarse
75,70,0,0,0,-18.1699423118741,-54.2276460953983,-23.8939735679351,100,4.47857684248072,36.3441818992421,1,1,145,coarse
75,75,0,0,0,-18.1699423118741,-54.2694761307916,-23.8939735679351,100,0,40.200624164066,1,1,150,coarse
80,0,0.0833101916134407,0.0833101916134407,0.0277700638711469,-3.01691550043111,-25.016646256812,-6.34772675737111,99.9166898083866,44.5541685242978,0,0,1,80,coarse
80,0.5,0.0833101916134407,0.0833101916134407,0.0277700638711469,-3.01691550043111,-25.016646256812,-6.34772675737111,99.9166898083866,44.5519393669193,0.00222915737851092,0,1,80.5,coarse
80,1,0.0555401277422938,0.0555401277422938,0,-3.01691550043111,-25.1145271662304,-10.2912593707734,99.9444598722577,44.5519393669193,0.010942834631883,0,1,81,coarse
80,2,0,0,0,-8.03931363318959,-25.1509479057504,-10.9188221419853,100,44.5452518947838,0.0180831826401447,1,1,82,coarse
80,3,0,0,0,-10.2590671879052,-25.221564853459,-12.0094462769897,100,44.5341061078912,0.0328285038956491,1,1,83,coarse
80,5,0,0,0,-10.2590671879052,-25.6812877382965,-12.4471743096716,100,44.5028979045921,0.0809769762759345,1,1,85,coarse
80,10,0,0,0,-17.3381512792475,-27.7388827462947,-17.7056758420121,100,44.3067320552831,0.366184448462929,1,1,90,coarse
80,15,0,0,0,-17.3381512792475,-29.9275127786773,-20.3871054735219,100,43.8720463664735,0.761754068716094,1,1,95,coarse
80,20,0,0,0,-18.2890415075423,-31.8907276755802,-21.125390614834,100,43.1361184181194,1.44226482389657,1,1,100,coarse
80,25,0,0,0,-18.2890415075423,-34.5083350455128,-21.3080303723454,100,42.4138392260021,2.40303165403477,1,1,105,coarse
80,30,0,0,0,-18.2890415075423,-36.9495575724892,-21.4769762381855,100,40.9982611797227,4.09132007233273,1,1,110,coarse
80,35,0,0,0,-18.2890415075423,-39.3245345037621,-23.3810526002853,100,38.7823799545232,6.53254972875226,1,1,115,coarse
80,40,0,0,0,-18.2890415075423,-42.5870778478814,-24.2498757513205,100,34.8789513576174,10.5334538878843,1,1,120,coarse
80,45,0,0,0,-18.2902753697641,-48.6310111990048,-24.2820948288797,100,29.3949797137634,15.9697106690778,1,1,125,coarse
80,50,0,0,0,-18.2902753697641,-54.4161935188157,-24.3038256629393,100,25.2670051650179,20.4091320072333,1,1,130,coarse
80,55,0,0,0,-18.2902858629717,-54.869210346654,-24.3038256629393,100,21.1831392803992,24.4801084990958,1,1,135,coarse
80,60,0,0,0,-18.2903010311329,-54.9365071482433,-24.3038345008486,100,17.6534843283249,28.1497993758359,1,1,140,coarse
80,65,0,0,0,-18.2903114486333,-54.9775207130056,-24.3038345008486,100,13.3655782193819,32.2715113687026,1,1,145,coarse
80,70,0,0,0,-18.2903114486333,-55.0684784292343,-24.3038345008486,100,9.13070121684321,36.3441818992421,1,1,150,coarse
80,75,0,0,0,-18.2903114486333,-55.1373807526551,-24.3038345008486,100,4.77107589950101,40.200624164066,1,1,155,coarse
80,80,0,0,0,-18.2903114486333,-56.4818230049507,-24.3039137319075,100,0,44.5541685242978,1,1,160,coarse
85,0,0.0833101916134407,0.0833101916134407,0.0277700638711469,-3.01691550043111,-25.016646256812,-6.34772675737111,99.9166898083866,49.3446277307178,0,0,1,85,coarse
85,0.5,0.0833101916134407,0.0833101916134407,0.0277700638711469,-3.01691550043111,-25.016646256812,-6.34772675737111,99.9166898083866,49.3423985733393,0.00222915737851092,0,1,85.5,coarse
85,1,0.0555401277422938,0.0555401277422938,0,-3.01691550043111,-25.1145271662304,-10.2912593707734,99.9444598722577,49.3423985733393,0.010942834631883,0,1,86,coarse
85,2,0,0,0,-8.03931363318959,-25.1509479057504,-10.9188221419853,100,49.3357111012037,0.0180831826401447,1,1,87,coarse
85,3,0,0,0,-10.2590671879052,-25.221564853459,-12.0094462769897,100,49.3245653143112,0.0328285038956491,1,1,88,coarse
85,5,0,0,0,-10.2590671879052,-25.6812877382965,-12.4471743096716,100,49.293357111012,0.0809769762759345,1,1,90,coarse
85,10,0,0,0,-17.3381512792475,-27.7388827462947,-17.7056758420121,100,49.0971912617031,0.366184448462929,1,1,95,coarse
85,15,0,0,0,-17.3381512792475,-29.9275127786773,-20.3871054735219,100,48.6625055728934,0.761754068716094,1,1,100,coarse
85,20,0,0,0,-18.2890415075423,-31.8907276755802,-21.125390614834,100,47.9023629068212,1.44226482389657,1,1,105,coarse
85,25,0,0,0,-18.2890415075423,-34.5083350455128,-21.3080303723454,100,47.1153417450622,2.40303165403477,1,1,110,coarse
85,30,0,0,0,-18.2890415075423,-36.9495575724892,-21.4769762381855,100,45.6997636987828,4.09132007233273,1,1,115,coarse
85,35,0,0,0,-18.2890415075423,-39.3918318304768,-23.3810526002853,100,43.4838824735833,6.53254972875226,1,1,120,coarse
85,40,0,0,0,-18.2890415075423,-42.8219551805732,-24.2498757513205,100,39.6984154775453,10.5334538878843,1,1,125,coarse
85,45,0,0,0,-18.2902753697641,-48.8510962828114,-24.2820948288797,100,34.0964822328236,15.9697106690778,1,1,130,coarse
85,50,0,0,0,-18.2902753697641,-54.897279416526,-24.3038256629393,100,30.2810119933468,20.4091320072333,1,1,135,coarse
85,55,0,0,0,-18.2902858629717,-54.9250917934182,-24.3038256629393,100,26.197146108728,24.4801084990958,1,1,140,coarse
85,60,0,0,0,-18.2903010311329,-54.9365071482433,-24.3038345008486,100,22.3549868473851,28.1497993758359,1,1,145,coarse
85,65,0,0,0,-18.2903114486333,-54.9775207130056,-24.3038345008486,100,18.3795850477108,32.2715113687026,1,1,150,coarse
85,70,0,0,0,-18.2903114486333,-55.0684784292343,-24.3038345008486,100,14.144708045172,36.3441818992421,1,1,155,coarse
85,75,0,0,0,-18.2903114486333,-55.1373807526551,-24.3038345008486,100,9.78508272782982,40.200624164066,1,1,160,coarse
85,80,0,0,0,-18.2903114486333,-56.4818230049507,-24.3039137319075,100,5.01400682832881,44.5541685242978,1,1,165,coarse
85,85,0,0,0,-18.2903330174943,-56.7990031248743,-24.3039253182995,100,0,49.3446277307178,1,1,170,coarse
90,0,0.0833101916134407,0.0833101916134407,0.0277700638711469,-3.01691550043111,-25.016646256812,-6.34772675737111,99.9166898083866,55.3209764918626,0,0,1,90,coarse
90,0.5,0.0833101916134407,0.0833101916134407,0.0277700638711469,-3.01691550043111,-25.016646256812,-6.34772675737111,99.9166898083866,55.3209764918626,0.00222915737851092,0,1,90.5,coarse
90,1,0.0555401277422938,0.0555401277422938,0,-3.01691550043111,-25.1145271662304,-10.2912593707734,99.9444598722577,55.3164556962025,0.010942834631883,0,1,91,coarse
90,2,0,0,0,-8.03931363318959,-25.1509479057504,-10.9188221419853,100,55.3028933092224,0.0180831826401447,1,1,92,coarse
90,3,0,0,0,-10.2590671879052,-25.221564853459,-12.0094462769897,100,55.2893309222423,0.0328285038956491,1,1,93,coarse
90,5,0,0,0,-10.2590671879052,-25.6812877382965,-12.4471743096716,100,55.2441229656419,0.0809769762759345,1,1,95,coarse
90,10,0,0,0,-17.3381512792475,-27.7388827462947,-17.7056758420121,100,54.9547920433996,0.366184448462929,1,1,100,coarse
90,15,0,0,0,-17.3381512792475,-29.9275127786773,-20.3871054735219,100,54.5592224231465,0.761754068716094,1,1,105,coarse
90,20,0,0,0,-18.2890415075423,-31.8907276755802,-21.125390614834,100,53.9104882459313,1.44226482389657,1,1,110,coarse
90,25,0,0,0,-18.2890415075423,-34.5083350455128,-21.3080303723454,100,52.9381604173169,2.40303165403477,1,1,115,coarse
90,30,0,0,0,-18.2890415075423,-36.9742719104429,-21.4769762381855,100,51.5225823710375,4.09132007233273,1,1,120,coarse
90,35,0,0,0,-18.2890415075423,-39.43083630025,-23.3810526002853,100,49.306701145838,6.53254972875226,1,1,125,coarse
90,40,0,0,0,-18.2890415075423,-42.8316620201301,-24.2498757513205,100,45.7804429659459,10.5334538878843,1,1,130,coarse
90,45,0,0,0,-18.2902753697641,-48.9114331821379,-24.2820948288797,100,40.173334500569,15.9697106690778,1,1,135,coarse
90,50,0,0,0,-18.2902753697641,-55.2542596034799,-24.3038256629393,100,36.3630394817474,20.4091320072333,1,1,140,coarse
90,55,0,0,0,-18.2902858629717,-55.3158659556536,-24.3038256629393,100,32.2791735971286,24.4801084990958,1,1,145,coarse
90,60,0,0,0,-18.2903010311329,-55.3385274108051,-24.3038345008486,100,28.4032215705156,28.1497993758359,1,1,150,coarse
90,65,0,0,0,-18.2903114486333,-55.3676013926829,-24.3038345008486,100,24.4616125361114,32.2715113687026,1,1,155,coarse
90,70,0,0,0,-18.2903114486333,-55.5380863760911,-24.3038345008486,100,20.2267355335726,36.3441818992421,1,1,160,coarse
90,75,0,0,0,-18.2903114486333,-55.6492222882279,-24.3038345008486,100,15.8671102162304,40.200624164066,1,1,165,coarse
90,80,0,0,0,-18.2903114486333,-56.9726733785088,-24.3039137319075,100,11.2861663652803,44.5541685242978,1,1,170,coarse
90,85,0,0,0,-18.2903330174943,-57.2446569333095,-24.3039253182995,100,6.28616636528029,49.3446277307178,1,1,175,coarse
90,90,0,0,0,-18.2903330174943,-58.8232998032768,-24.3039651569333,100,0,55.3209764918626,1,1,180,coarse
95,0,0.0833101916134407,0.0833101916134407,0.0277700638711469,-3.01691550043111,-25.1145271662304,-6.34772675737111,99.9166898083866,63.6098553345389,0,0,1,95,coarse
95,0.5,0.0833101916134407,0.0833101916134407,0.0277700638711469,-3.01691550043111,-25.1145271662304,-6.34772675737111,99.9166898083866,63.6098553345389,0.00222915737851092,0,1,95.5,coarse
95,1,0.0555401277422938,0.0555401277422938,0,-3.01691550043111,-25.1437019836921,-10.2912593707734,99.9444598722577,63.6053345388788,0.010942834631883,0,1,96,coarse
95,2,0,0,0,-8.03931363318959,-25.208703853151,-10.9188221419853,100,63.5917721518987,0.0180831826401447,1,1,97,coarse
95,3,0,0,0,-10.2590671879052,-25.2396547081289,-12.0094462769897,100,63.5782097649186,0.0328285038956491,1,1,98,coarse
95,5,0,0,0,-10.2590671879052,-25.6995860518745,-12.4471743096716,100,63.5330018083183,0.0809769762759345,1,1,100,coarse
95,10,0,0,0,-17.3381512792475,-27.9239377523185,-17.7056758420121,100,63.2436708860759,0.366184448462929,1,1,105,coarse
95,15,0,0,0,-17.3381512792475,-29.9575113221718,-20.4167117705055,100,62.8481012658228,0.761754068716094,1,1,110,coarse
95,20,0,0,0,-18.2890415075423,-32.0150822886494,-21.1934356221954,100,62.2207855900843,1.44226482389657,1,1,115,coarse
95,25,0,0,0,-18.2890415075423,-34.6672001188515,-21.4515642867977,100,61.4985063979669,2.40303165403477,1,1,120,coarse
95,30,0,0,0,-18.2890415075423,-37.0811949924105,-21.5643481076872,100,60.0829283516875,4.09132007233273,1,1,125,coarse
95,35,0,0,0,-18.2890415075423,-39.8128131386988,-24.2072778903978,100,57.867047126488,6.53254972875226,1,1,130,coarse
95,40,0,0,0,-18.2890415075423,-43.2706221325048,-26.0210445105253,100,54.1079401208089,10.5334538878843,1,1,135,coarse
95,45,0,0,0,-18.2902753697641,-49.614683882149,-26.0286670922389,100,48.500831655432,15.9697106690778,1,1,140,coarse
95,50,0,0,0,-18.2902753697641,-55.4843080372618,-26.0286670922389,100,44.6905366366103,20.4091320072333,1,1,145,coarse
95,55,0,0,0,-18.2902858629717,-55.8462394337983,-26.02872999982,100,40.6066707519916,24.4801084990958,1,1,150,coarse
95,60,0,0,0,-18.2903010311329,-56.0165990223491,-26.0287401317562,100,36.7381515002898,28.1497993758359,1,1,155,coarse
95,65,0,0,0,-18.2903114486333,-56.0679537131156,-26.028796455875,100,32.7891096909743,32.2715113687026,1,1,160,coarse
95,70,0,0,0,-18.2903114486333,-56.1690976881933,-26.028796455875,100,28.5542326884356,36.3441818992421,1,1,165,coarse
95,75,0,0,0,-18.2903114486333,-56.254267422947,-26.028796455875,100,24.1946073710934,40.200624164066,1,1,170,coarse
95,80,0,0,0,-18.2903114486333,-57.4303058515737,-26.028796455875,100,19.5750452079566,44.5541685242978,1,1,175,coarse
95,85,0,0,0,-18.2903330174943,-57.7175332482102,-26.0289455967901,100,14.5750452079566,49.3446277307178,1,1,180,coarse
95,90,0,0,0,-18.2903330174943,-59.1466396140671,-26.0289455967901,100,8.56034598065005,55.3209764918626,1,1,185,coarse
95,95,0,0,0,-18.2903355542864,-61.4882766832302,-26.0289604296106,100,0,63.6098553345389,1,1,190,coarse
100,0,0.0833101916134407,0.0833101916134407,0.0277700638711469,-3.01691550043111,-25.1437019836921,-6.34772675737111,99.9166898083866,69.6397521066476,0,0,1,100,coarse
100,0.5,0.0833101916134407,0.0833101916134407,0.0277700638711469,-3.01691550043111,-25.1437019836921,-6.34772675737111,99.9166898083866,69.6397521066476,0.00222915737851092,0,1,100.5,coarse
100,1,0.0555401277422938,0.0555401277422938,0,-3.01691550043111,-25.1795040902623,-10.2912593707734,99.9444598722577,69.6308350795845,0.010942834631883,0,1,101,coarse
100,2,0,0,0,-8.03931363318959,-25.230723362015,-10.9188221419853,100,69.6286058228187,0.0180831826401447,1,1,102,coarse
100,3,0,0,0,-10.2590671879052,-25.2905409537925,-12.0094462769897,100,69.6152302822239,0.0328285038956491,1,1,103,coarse
100,5,0,0,0,-10.2590671879052,-25.751150257764,-12.4471743096716,100,69.5795621739712,0.0809769762759345,1,1,105,coarse
100,10,0,0,0,-17.3381512792475,-28.0675988646119,-17.7056758420121,100,69.3098221053101,0.366184448462929,1,1,110,coarse
100,15,0,0,0,-17.3381512792475,-30.0475312234712,-20.4178194856229,100,68.9464532524856,0.761754068716094,1,1,115,coarse
100,20,0,0,0,-20.8494818827614,-32.1316585436831,-21.3080303723454,100,68.4047438583976,1.44226482389657,1,1,120,coarse
100,25,0,0,0,-21.1823501146906,-34.8317536542378,-21.4769762381855,100,67.6824646662803,2.40303165403477,1,1,125,coarse
100,30,0,0,0,-21.1823501146906,-37.2495235766421,-21.6030814981491,100,66.2668866200009,4.09132007233273,1,1,130,coarse
100,35,0,0,0,-23.2330755760687,-40.1643015596611,-25.5747732677545,100,64.0510053948014,6.53254972875226,1,1,135,coarse
100,40,0,0,0,-26.648650493642,-43.6712102215845,-27.0783131280795,100,60.1899676092095,10.5334538878843,1,1,140,coarse
100,45,0,0,0,-26.8732958488341,-50.0187826240885,-34.4608602151803,100,54.6636051540416,15.9697106690778,1,1,145,coarse
100,50,0,0,0,-36.6382153445115,-55.6014429785509,-38.3448553765641,100,50.7725641250109,20.4091320072333,1,1,150,coarse
100,55,0,0,0,-36.638301490508,-55.9625480985603,-38.3449920349212,100,46.6886982403922,24.4801084990958,1,1,155,coarse
100,60,0,0,0,-36.638301490508,-56.0836703061375,-38.3449920349212,100,42.9221097686031,28.1497993758359,1,1,160,coarse
100,65,0,0,0,-36.638301490508,-56.2313040532859,-38.3449920349212,100,38.8711371793749,32.2715113687026,1,1,165,coarse
100,70,0,0,0,-36.638301490508,-56.3956876985539,-38.3449920349212,100,34.6362601768362,36.3441818992421,1,1,170,coarse
100,75,0,0,0,-36.638301490508,-56.5237534312345,-38.3450597636698,100,30.276634859494,40.200624164066,1,1,175,coarse
100,80,0,0,0,-36.6387179852399,-57.5679239718941,-38.3455675611356,100,25.505558959993,44.5541685242978,1,1,180,coarse
100,85,0,0,0,-36.6396161565852,-57.836222367231,-38.3467076891032,100,20.5671229212181,49.3446277307178,1,1,185,coarse
100,90,0,0,0,-36.6399094332564,-59.3105865415775,-38.3471614314538,100,14.7443042489634,55.3209764918626,1,1,190,coarse
100,95,0,0,0,-36.6405339785655,-61.4742981303889,-38.3481671566479,100,6.48016049933125,63.6098553345389,1,1,195,coarse
100,100,0,0,0,-36.6405339785655,-63.4762599388907,-38.3481671566479,100,0,69.6397521066476,1,1,200,coarse
105,0,0.0833101916134407,0.0833101916134407,0.0277700638711469,-3.01691550043111,-25.1437019836921,-6.34772675737111,99.9166898083866,75.7003414164405,0,0,1,105,coarse
105,0.5,0.0833101916134407,0.0833101916134407,0.0277700638711469,-3.01691550043111,-25.1437019836921,-6.34772675737111,99.9166898083866,75.6981528495141,0.00222915737851092,0,1,105.5,coarse
105,1,0.0555401277422938,0.0555401277422938,0,-3.01691550043111,-25.1795040902623,-10.2912593707734,99.9444598722577,75.6893985818086,0.010942834631883,0,1,106,coarse
105,2,0,0,0,-8.03931363318959,-25.230723362015,-10.9188221419853,100,75.6828328810295,0.0180831826401447,1,1,107,coarse
105,3,0,0,0,-10.2590671879052,-25.2905409537925,-12.0094462769897,100,75.6675129125449,0.0328285038956491,1,1,108,coarse
105,5,0,0,0,-10.2590671879052,-25.751150257764,-12.4471743096716,100,75.6193644401646,0.0809769762759345,1,1,110,coarse
105,10,0,0,0,-17.3381512792475,-28.0675988646119,-17.7056758420121,100,75.3851877790423,0.366184448462929,1,1,115,coarse
105,15,0,0,0,-17.3381512792475,-30.0475312234712,-20.4178194856229,100,74.9671714961044,0.761754068716094,1,1,120,coarse
105,20,0,0,0,-20.8494818827614,-32.1316585436831,-21.3080303723454,100,74.3653155913508,1.44226482389657,1,1,125,coarse
105,25,0,0,0,-21.1823501146906,-34.8317536542378,-21.4769762381855,100,73.5095859231375,2.40303165403477,1,1,130,coarse
105,30,0,0,0,-21.1823501146906,-37.2803066139159,-21.6030814981491,100,72.0913945548455,4.09132007233273,1,1,135,coarse
105,35,0,0,0,-23.2330755760687,-40.1643015596611,-25.5747732677545,100,69.8240392191193,6.53254972875226,1,1,140,coarse
105,40,0,0,0,-26.6486504936419,-43.7521462191051,-27.0783131280795,100,66.3901777116344,10.5334538878843,1,1,145,coarse
105,45,0,0,0,-26.8732958488341,-50.2935629608862,-34.4608602151803,100,60.7830692462575,15.9697106690778,1,1,150,coarse
105,50,0,0,0,-38.7235191184616,-55.5739001488854,-45.4832388753604,100,56.9727742274359,20.4091320072333,1,1,155,coarse
105,55,0,0,0,-38.7236602231301,-55.8917127424732,-45.4833128177739,100,52.8889083428171,24.4801084990958,1,1,160,coarse
105,60,0,0,0,-38.7236602231301,-56.0165990223491,-45.4836077943047,100,49.0129563162041,28.1497993758359,1,1,165,coarse
105,65,0,0,0,-38.7236602231301,-56.1814655886718,-45.485339006917,100,45.0713472817999,32.2715113687026,1,1,170,coarse
105,70,0,0,0,-38.7236602231301,-56.3843123923679,-45.485339006917,100,40.8364702792611,36.3441818992421,1,1,175,coarse
105,75,0,0,0,-38.7243308047995,-56.5050208364913,-45.4866502824495,100,36.4768449619189,40.200624164066,1,1,180,coarse
105,80,0,0,0,-38.7243308047995,-57.5151446639682,-45.4876719170137,100,31.7057690624179,44.5541685242978,1,1,185,coarse
105,85,0,0,0,-38.7243308047995,-57.7260397421498,-45.669504719612,100,26.6917622340891,49.3446277307178,1,1,190,coarse
105,90,0,0,0,-38.7248357161592,-59.2440928109887,-45.6753902951798,100,20.6097347456885,55.3209764918626,1,1,195,coarse
105,95,0,0,0,-38.7260942982121,-61.4742981303877,-45.6803262584188,100,12.2822375908255,63.6098553345389,1,1,200,coarse
105,100,0,0,0,-38.7260942982121,-63.4762599388907,-45.6803262584188,100,6.20021010242493,69.6397521066476,1,1,205,coarse
105,105,0,0,0,-38.7260942982121,-65.0025735998182,-45.6803262584188,100,0,75.7003414164405,1,1,210,coarse
110,0,0.0833101916134407,0.0833101916134407,0.0277700638711469,-3.01691550043111,-25.1437019836921,-6.34772675737111,99.9166898083866,79.7219710669078,0,0,1,110,coarse
110,0.5,0.0833101916134407,0.0833101916134407,0.0277700638711469,-3.01691550043111,-25.1437019836921,-6.34772675737111,99.9166898083866,79.7219710669078,0.00222915737851092,0,1,110.5,coarse
110,1,0.0555401277422938,0.0555401277422938,0,-3.01691550043111,-25.1795040902623,-10.2912593707734,99.9444598722577,79.7174502712477,0.010942834631883,0,1,111,coarse
110,2,0,0,0,-8.03931363318959,-25.230723362015,-10.9188221419853,100,79.7038878842676,0.0180831826401447,1,1,112,coarse
110,3,0,0,0,-10.2590671879052,-25.2905409537925,-12.0094462769897,100,79.6903254972875,0.0328285038956491,1,1,113,coarse
110,5,0,0,0,-10.2590671879052,-25.751150257764,-12.4471743096716,100,79.6451175406872,0.0809769762759345,1,1,115,coarse
110,10,0,0,0,-17.3381512792475,-28.0675988646119,-17.7056758420121,100,79.3557866184449,0.366184448462929,1,1,120,coarse
110,15,0,0,0,-17.3381512792475,-30.0475312234712,-20.4178194856229,100,78.9602169981917,0.761754068716094,1,1,125,coarse
110,20,0,0,0,-20.8494818827614,-32.1316585436831,-21.3080303723454,100,78.3114828209765,1.44226482389657,1,1,130,coarse
110,25,0,0,0,-21.1823501146906,-34.8317536542378,-21.4769762381855,100,77.4555720913946,2.40303165403477,1,1,135,coarse
110,30,0,0,0,-21.1823501146906,-37.2803066139159,-21.6030814981491,100,76.0373807231025,4.09132007233273,1,1,140,coarse
110,35,0,0,0,-23.2330755760687,-40.1643015596611,-25.5747732677545,100,73.7700253873764,6.53254972875226,1,1,145,coarse
110,40,0,0,0,-26.6486504936418,-43.7521462191051,-27.0783131280795,100,70.3361638798914,10.5334538878843,1,1,150,coarse
110,45,0,0,0,-26.8732958488341,-50.3557038170123,-34.4608602151803,100,64.7290554145146,15.9697106690778,1,1,155,coarse
110,50,0,0,0,-46.3861978657263,-55.5739001488854,-48.2800049645515,100,60.9187603956929,20.4091320072333,1,1,160,coarse
110,55,0,0,0,-46.3959153379967,-55.8917127424732,-48.2801557486718,100,56.8348945110741,24.4801084990958,1,1,165,coarse
110,60,0,0,0,-46.3959153379967,-56.0165990223491,-48.2807426333522,100,52.9589424844612,28.1497993758359,1,1,170,coarse
110,65,0,0,0,-46.3959153379967,-56.1814655886718,-48.2881752539339,100,49.0173334500569,32.2715113687026,1,1,175,coarse
110,70,0,0,0,-46.3959153379967,-56.3843123923679,-48.2881752539339,100,44.7824564475182,36.3441818992421,1,1,180,coarse
110,75,0,0,0,-46.4066305161102,-56.5050208364913,-48.298896133214,100,40.422831130176,40.200624164066,1,1,185,coarse
110,80,0,0,0,-47.7193807131735,-57.5151446639682,-48.5796791353918,100,35.6871609403255,44.5541685242978,1,1,190,coarse
110,85,0,0,0,-47.7311066102249,-57.7260397421498,-48.6011399782423,100,30.6871609403255,49.3446277307178,1,1,195,coarse
110,90,0,0,0,-47.7323471318701,-59.2440928109887,-48.6125458516238,100,24.5557209139455,55.3209764918626,1,1,200,coarse
110,95,0,0,0,-47.7413968371389,-61.4742981303877,-48.6230799976103,100,16.2282237590826,63.6098553345389,1,1,205,coarse
110,100,0,0,0,-47.7413968371389,-63.4762599388907,-48.6230799976103,100,10.2576853526221,69.6397521066476,1,1,210,coarse
110,105,0,0,0,-47.7413968371389,-65.0025735998182,-48.6230799976103,100,4.19077757685353,75.7003414164405,1,1,215,coarse
110,110,0,0,0,-53.4560854114054,-65.6619499786378,-56.8027253695165,100,0,79.7219710669078,1,1,220,coarse
115,0,0.0833101916134407,0.0833101916134407,0.0277700638711469,-3.01691550043111,-25.1437019836921,-6.34772675737111,99.9166898083866,83.0451720213604,0,0,1,115,coarse
115,0.5,0.0833101916134407,0.0833101916134407,0.0277700638711469,-3.01691550043111,-25.1437019836921,-6.34772675737111,99.9166898083866,83.042983454434,0.00222915737851092,0,1,115.5,coarse
115,1,0.0555401277422938,0.0555401277422938,0,-3.01691550043111,-25.1795040902623,-10.2912593707734,99.9444598722577,83.0342291867285,0.010942834631883,0,1,116,coarse
115,2,0,0,0,-8.03931363318959,-25.230723362015,-10.9188221419853,100,83.0276634859494,0.0180831826401447,1,1,117,coarse
115,3,0,0,0,-10.2590671879052,-25.2905409537925,-12.0094462769897,100,83.0123435174648,0.0328285038956491,1,1,118,coarse
115,5,0,0,0,-10.2590671879052,-25.751150257764,-12.4471743096716,100,82.9641950450845,0.0809769762759345,1,1,120,coarse
115,10,0,0,0,-17.3381512792475,-28.0675988646119,-17.7056758420121,100,82.7300183839622,0.366184448462929,1,1,125,coarse
115,15,0,0,0,-17.3381512792475,-30.0475312234712,-20.4178194856229,100,82.3120021010242,0.761754068716094,1,1,130,coarse
115,20,0,0,0,-20.8494818827614,-32.1316585436831,-21.3080303723454,100,81.7101461962707,1.44226482389657,1,1,135,coarse
115,25,0,0,0,-21.1823501146906,-34.8317536542378,-21.4769762381855,100,80.8544165280574,2.40303165403477,1,1,140,coarse
115,30,0,0,0,-21.1823501146906,-37.2803066139159,-21.6030814981491,100,79.4362251597654,4.09132007233273,1,1,145,coarse
115,35,0,0,0,-23.2330755760687,-40.1643015596611,-25.5747732677545,100,77.1688698240392,6.53254972875226,1,1,150,coarse
115,40,0,0,0,-26.6486504936418,-43.7521462191051,-27.0783131280795,100,73.7350083165543,10.5334538878843,1,1,155,coarse
115,45,0,0,0,-26.8732958488341,-50.3557038170123,-34.4608602151803,100,68.1278998511774,15.9697106690778,1,1,160,coarse
115,50,0,0,0,-46.3861978657263,-55.5739001488854,-48.2800049645515,100,64.3176048323558,20.4091320072333,1,1,165,coarse
115,55,0,0,0,-46.3959153379967,-55.8917127424732,-48.2801557486718,100,60.233738947737,24.4801084990958,1,1,170,coarse
115,60,0,0,0,-46.3959153379967,-56.0165990223491,-48.2807426333522,100,56.357786921124,28.1497993758359,1,1,175,coarse
115,65,0,0,0,-46.3959153379967,-56.1814655886718,-48.2881752539339,100,52.4161778867198,32.2715113687026,1,1,180,coarse
115,70,0,0,0,-46.3959153379967,-56.3843123923679,-48.2881752539339,100,48.181300884181,36.3441818992421,1,1,185,coarse
115,75,0,0,0,-46.4066305161102,-56.5050208364913,-48.298896133214,100,43.8216755668388,40.200624164066,1,1,190,coarse
115,80,0,0,0,-47.7193807131735,-57.5151446639682,-48.5796791353918,100,39.0505996673378,44.5541685242978,1,1,195,coarse
115,85,0,0,0,-47.7311066102249,-57.7260397421498,-48.6011399782423,100,34.036592839009,49.3446277307178,1,1,200,coarse
115,90,0,0,0,-47.7323471318701,-59.2440928109887,-48.6125458516238,100,27.9545653506084,55.3209764918626,1,1,205,coarse
115,95,0,0,0,-47.7413968371389,-61.4742981303877,-48.6230799976103,100,19.6270681957454,63.6098553345389,1,1,210,coarse
115,100,0,0,0,-47.7413968371389,-63.4762599388907,-48.6230799976103,100,13.5450407073448,69.6397521066476,1,1,215,coarse
115,105,0,0,0,-47.7413968371389,-65.0025735998182,-48.6230799976103,100,7.3448306049199,75.7003414164405,1,1,220,coarse
115,110,0,0,0,-53.4560854114054,-65.6619499786378,-56.8027253695165,100,3.47318204110749,79.7219710669078,1,1,225,coarse
115,115,0,0,0,-56.1377749536591,-66.8111503629071,-56.8027253695165,100,0,83.0451720213604,1,1,230,coarse
120,0,0.0833101916134407,0.0833101916134407,0.0277700638711469,-3.01691550043111,-25.1437019836921,-6.34772675737111,99.9166898083866,87.3522717324696,0,0,1,120,coarse
120,0.5,0.0833101916134407,0.0833101916134407,0.0277700638711469,-3.01691550043111,-25.1437019836921,-6.34772675737111,99.9166898083866,87.3500831655432,0.00222915737851092,0,1,120.5,coarse
120,1,0.0555401277422938,0.0555401277422938,0,-3.01691550043111,-25.1795040902623,-10.2912593707734,99.9444598722577,87.3413288978377,0.010942834631883,0,1,121,coarse
120,2,0,0,0,-8.03931363318959,-25.230723362015,-10.9188221419853,100,87.3347631970586,0.0180831826401447,1,1,122,coarse
120,3,0,0,0,-10.2590671879052,-25.2905409537925,-12.0094462769897,100,87.3194432285739,0.0328285038956491,1,1,123,coarse
120,5,0,0,0,-10.2590671879052,-25.751150257764,-12.4471743096716,100,87.2712947561936,0.0809769762759345,1,1,125,coarse
120,10,0,0,0,-17.3381512792475,-28.0675988646119,-17.7056758420121,100,87.0371180950713,0.366184448462929,1,1,130,coarse
120,15,0,0,0,-17.3381512792475,-30.0475312234712,-20.4178194856229,100,86.6191018121334,0.761754068716094,1,1,135,coarse
120,20,0,0,0,-20.8494818827614,-32.1316585436831,-21.3080303723454,100,86.0172459073798,1.44226482389657,1,1,140,coarse
120,25,0,0,0,-21.1823501146906,-34.8317536542378,-21.4769762381855,100,85.1615162391666,2.40303165403477,1,1,145,coarse
120,30,0,0,0,-21.1823501146906,-37.2803066139159,-21.6030814981491,100,83.7433248708745,4.09132007233273,1,1,150,coarse
120,35,0,0,0,-23.2330755760687,-40.1643015596611,-25.5747732677545,100,81.4759695351484,6.53254972875226,1,1,155,coarse
120,40,0,0,0,-26.6486504936418,-43.7521462191051,-27.0783131280795,100,78.0421080276635,10.5334538878843,1,1,160,coarse
120,45,0,0,0,-26.8732958488341,-50.3557038170123,-34.4608602151803,100,72.4349995622866,15.9697106690778,1,1,165,coarse
120,50,0,0,0,-46.3861978657263,-55.5739001488854,-48.2800049645515,100,68.6247045434649,20.4091320072333,1,1,170,coarse
120,55,0,0,0,-46.3959153379967,-55.8917127424732,-48.2801557486718,100,64.5408386588462,24.4801084990958,1,1,175,coarse
120,60,0,0,0,-46.3959153379967,-56.0165990223491,-48.2807426333522,100,60.6648866322332,28.1497993758359,1,1,180,coarse
120,65,0,0,0,-46.3959153379967,-56.1814655886718,-48.2881752539339,100,56.7232775978289,32.2715113687026,1,1,185,coarse
120,70,0,0,0,-46.3959153379967,-56.3843123923679,-48.2881752539339,100,52.4884005952902,36.3441818992421,1,1,190,coarse
120,75,0,0,0,-46.4066305161102,-56.5050208364913,-48.298896133214,100,48.128775277948,40.200624164066,1,1,195,coarse
120,80,0,0,0,-47.7193807131735,-57.5151446639682,-48.5796791353918,100,43.357699378447,44.5541685242978,1,1,200,coarse
120,85,0,0,0,-47.7311066102249,-57.7260397421498,-48.6011399782423,100,38.3436925501182,49.3446277307178,1,1,205,coarse
120,90,0,0,0,-47.7323471318701,-59.2440928109887,-48.6125458516238,100,32.2616650617176,55.3209764918626,1,1,210,coarse
120,95,0,0,0,-47.7413968371389,-61.4742981303877,-48.6230799976103,100,23.9341679068546,63.6098553345389,1,1,215,coarse
120,100,0,0,0,-47.7413968371389,-63.4762599388907,-48.6230799976103,100,17.852140418454,69.6397521066476,1,1,220,coarse
120,105,0,0,0,-47.7413968371389,-65.0025735998182,-48.6230799976103,100,11.9978599135048,75.7003414164405,1,1,225,coarse
120,110,0,0,0,-53.4560854114054,-65.6619499786378,-56.8027253695165,100,8.33964956083642,79.7219710669078,1,1,230,coarse
120,115,0,0,0,-56.1377749536591,-66.8111503629071,-56.8027253695165,100,4.86646751972892,83.0451720213604,1,1,235,coarse
120,120,0,0,0,-60.2785292827082,-67.8071466916538,-60.4596861329681,100,0,87.3522717324696,1,1,240,coarse
125,0,0.0833101916134407,0.0833101916134407,0.0277700638711469,-3.01691550043111,-25.1437019836921,-6.34772675737111,99.9166898083866,93.3139280399195,0,0,1,125,coarse
125,0.5,0.0833101916134407,0.0833101916134407,0.0277700638711469,-3.01691550043111,-25.1437019836921,-6.34772675737111,99.9166898083866,93.3117394729931,0.00222915737851092,0,1,125.5,coarse
125,1,0.0555401277422938,0.0555401277422938,0,-3.01691550043111,-25.1795040902623,-10.2912593707734,99.9444598722577,93.3029852052876,0.010942834631883,0,1,126,coarse
125,2,0,0,0,-8.03931363318959,-25.230723362015,-10.9188221419853,100,93.2964195045084,0.0180831826401447,1,1,127,coarse
125,3,0,0,0,-10.2590671879052,-25.2905409537925,-12.0094462769897,100,93.2810995360238,0.0328285038956491,1,1,128,coarse
125,5,0,0,0,-10.2590671879052,-25.751150257764,-12.4471743096716,100,93.2329510636435,0.0809769762759345,1,1,130,coarse
125,10,0,0,0,-17.3381512792475,-28.0675988646119,-17.7056758420121,100,92.9987744025212,0.366184448462929,1,1,135,coarse
125,15,0,0,0,-17.3381512792475,-30.0475312234712,-20.4178194856229,100,92.5807581195833,0.761754068716094,1,1,140,coarse
125,20,0,0,0,-20.8494818827614,-32.1316585436831,-21.3080303723454,100,91.9789022148297,1.44226482389657,1,1,145,coarse
125,25,0,0,0,-21.1823501146906,-34.8317536542378,-21.4769762381855,100,91.1231725466165,2.40303165403477,1,1,150,coarse
125,30,0,0,0,-21.1823501146906,-37.2803066139159,-21.6030814981491,100,89.7049811783244,4.09132007233273,1,1,155,coarse
125,35,0,0,0,-23.2330755760687,-40.1643015596611,-25.5747732677545,100,87.4376258425983,6.53254972875226,1,1,160,coarse
125,40,0,0,0,-26.6486504936418,-43.7521462191051,-27.0783131280795,100,84.0037643351134,10.5334538878843,1,1,165,coarse
125,45,0,0,0,-26.8732958488341,-50.3557038170123,-34.4608602151803,100,78.3966558697365,15.9697106690778,1,1,170,coarse
125,50,0,0,0,-46.3861978657263,-55.5739001488854,-48.2800049645515,100,74.5863608509148,20.4091320072333,1,1,175,coarse
125,55,0,0,0,-46.3959153379967,-55.8917127424732,-48.2801557486718,100,70.5024949662961,24.4801084990958,1,1,180,coarse
125,60,0,0,0,-46.3959153379967,-56.0165990223491,-48.2807426333522,100,66.6265429396831,28.1497993758359,1,1,185,coarse
125,65,0,0,0,-46.3959153379967,-56.1814655886718,-48.2881752539339,100,62.6849339052788,32.2715113687026,1,1,190,coarse
125,70,0,0,0,-46.3959153379967,-56.3843123923679,-48.2881752539339,100,58.4500569027401,36.3441818992421,1,1,195,coarse
125,75,0,0,0,-46.4066305161102,-56.5050208364913,-48.298896133214,100,54.0904315853979,40.200624164066,1,1,200,coarse
125,80,0,0,0,-47.7193807131735,-57.5151446639654,-48.5796791353918,100,49.3193556858969,44.5541685242978,1,1,205,coarse
125,85,0,0,0,-47.7311066102249,-57.7260397421498,-48.6011399782423,100,44.3053488575681,49.3446277307178,1,1,210,coarse
125,90,0,0,0,-47.7323471318701,-59.2440928109887,-48.6125458516238,100,38.2233213691675,55.3209764918626,1,1,215,coarse
125,95,0,0,0,-47.7413968371389,-61.4742981303877,-48.6230799976103,100,30.0534997770843,63.6098553345389,1,1,220,coarse
125,100,0,0,0,-47.7413968371389,-63.4762599388907,-48.6230799976103,100,23.8137967259039,69.6397521066476,1,1,225,coarse
125,105,0,0,0,-47.7413968371389,-65.0025735998182,-48.6230799976103,100,17.9878728431941,75.7003414164405,1,1,230,coarse
125,110,0,0,0,-53.4560854114054,-65.6619499786378,-56.8027253695165,100,14.3296624905257,79.7219710669078,1,1,235,coarse
125,115,0,0,0,-56.1377749536591,-66.8111503629071,-56.8027253695165,100,10.8564804494182,83.0451720213604,1,1,240,coarse
125,120,0,0,0,-60.2785292827082,-67.8071466916538,-60.4596861329681,100,6.64957646009808,87.3522717324696,1,1,245,coarse
125,125,0,0,0,-60.9551141075895,-69.4281501223612,-61.3938080666011,100,0,93.3139280399195,1,1,250,coarse
130,0,0.0833101916134407,0.0833101916134407,0.0277700638711469,-3.01691550043111,-25.1437019836921,-6.34772675737111,99.9166898083866,99.8885421310745,0,0,1,130,coarse
130,0.5,0.0833101916134407,0.0833101916134407,0.0277700638711469,-3.01691550043111,-25.1437019836921,-6.34772675737111,99.9166898083866,99.8863129736959,0.00222915737851092,0,1,130.5,coarse
130,1,0.0555401277422938,0.0555401277422938,0,-3.01691550043111,-25.1795040902623,-10.2912593707734,99.9444598722577,99.8863129736959,0.010942834631883,0,1,131,coarse
130,2,0,0,0,-8.03931363318959,-25.230723362015,-10.9188221419853,100,99.8796255015604,0.0180831826401447,1,1,132,coarse
130,3,0,0,0,-10.2590671879052,-25.2905409537925,-12.0094462769897,100,99.8684797146679,0.0328285038956491,1,1,133,coarse
130,5,0,0,0,-10.2590671879052,-25.751150257764,-12.4471743096716,100,99.8372715113687,0.0809769762759345,1,1,135,coarse
130,10,0,0,0,-17.3381512792475,-28.0675988646119,-17.7056758420121,100,99.6411056620597,0.366184448462929,1,1,140,coarse
130,15,0,0,0,-17.3381512792475,-30.0475312234712,-20.4178194856229,100,99.2064199732501,0.761754068716094,1,1,145,coarse
130,20,0,0,0,-20.8494818827614,-32.1316585436831,-21.3080303723454,100,98.5621293860627,1.44226482389657,1,1,150,coarse
130,25,0,0,0,-21.1823501146906,-34.8317536542378,-21.4769762381855,100,97.8398501939453,2.40303165403477,1,1,155,coarse
130,30,0,0,0,-21.1823501146906,-37.2803066139159,-21.6030814981491,100,96.424272147666,4.09132007233273,1,1,160,coarse
130,35,0,0,0,-23.2330755760687,-40.1643015596611,-25.5747732677545,100,94.2083909224664,6.53254972875226,1,1,165,coarse
130,40,0,0,0,-26.6486504936418,-43.7521462191051,-27.0783131280795,100,90.4994309725991,10.5334538878843,1,1,170,coarse
130,45,0,0,0,-26.8732958488341,-50.3557038170123,-34.4608602151803,100,84.8923225072223,15.9697106690778,1,1,175,coarse
130,50,0,0,0,-46.3861978657263,-55.5739001488854,-48.2800049645515,100,81.0820274884006,20.4091320072333,1,1,180,coarse
130,55,0,0,0,-46.3959153379967,-55.8917127424732,-48.2801557486718,100,76.9981616037818,24.4801084990958,1,1,185,coarse
130,60,0,0,0,-46.3959153379967,-56.0165990223491,-48.2807426333522,100,73.1222095771689,28.1497993758359,1,1,190,coarse
130,65,0,0,0,-46.3959153379967,-56.1814655886718,-48.2881752539339,100,69.1806005427646,32.2715113687026,1,1,195,coarse
130,70,0,0,0,-46.3959153379967,-56.3843123923679,-48.2881752539339,100,64.9457235402259,36.3441818992421,1,1,200,coarse
130,75,0,0,0,-46.4066305161102,-56.5050208364913,-48.298896133214,100,60.5860982228837,40.200624164066,1,1,205,coarse
130,80,0,0,0,-47.7193807131735,-57.5151446639626,-48.5796791353918,100,55.8150223233826,44.5541685242978,1,1,210,coarse
130,85,0,0,0,-47.7311066102249,-57.7260397421498,-48.6011399782423,100,50.8010154950538,49.3446277307178,1,1,215,coarse
130,90,0,0,0,-47.7323471318701,-59.2440928109887,-48.6125458516238,100,45.0891662951404,55.3209764918626,1,1,220,coarse
130,95,0,0,0,-47.7413968371389,-61.4742981303853,-48.6230799976103,100,37.1801159161837,63.6098553345389,1,1,225,coarse
130,100,0,0,0,-47.7413968371389,-63.4762599388907,-48.6230799976103,100,30.6999554168524,69.6397521066476,1,1,230,coarse
130,105,0,0,0,-47.7413968371389,-65.0025735998182,-48.6230799976103,100,25.1928307102412,75.7003414164405,1,1,235,coarse
130,110,0,0,0,-53.4560854114054,-65.6619499786378,-56.8027253695165,100,21.5346203575728,79.7219710669078,1,1,240,coarse
130,115,0,0,0,-56.1377749536591,-66.8111503629071,-56.8027253695165,100,18.0614383164653,83.0451720213604,1,1,245,coarse
130,120,0,0,0,-60.2785292827082,-67.8071466916538,-60.4596861329681,100,13.7761925991975,87.3522717324696,1,1,250,coarse
130,125,0,0,0,-60.9551141075895,-69.4281501223612,-61.3938080666011,100,7.20495786704713,93.3139280399195,1,1,255,coarse
130,130,0,0,0,-62.4515341722413,-2969.09346595255,-62.7253936673303,100,0,99.8885421310745,1,1,260,coarse
135,0,0.0833101916134407,0.0833101916134407,0.0277700638711469,-3.01691550043111,-25.1437019836921,-6.34772675737111,99.9166898083866,100,0,0,1,135,coarse
135,0.5,0.0833101916134407,0.0833101916134407,0.0277700638711469,-3.01691550043111,-25.1437019836921,-6.34772675737111,99.9166898083866,100,0.00222915737851092,0,1,135.5,coarse
135,1,0.0555401277422938,0.0555401277422938,0,-3.01691550043111,-25.1795040902623,-10.2912593707734,99.9444598722577,99.9977708426215,0.010942834631883,0,1,136,coarse
135,2,0,0,0,-8.03931363318959,-25.230723362015,-10.9188221419853,100,99.991083370486,0.0180831826401447,1,1,137,coarse
135,3,0,0,0,-10.2590671879052,-25.2905409537925,-12.0094462769897,100,99.9799375835934,0.0328285038956491,1,1,138,coarse
135,5,0,0,0,-10.2590671879052,-25.751150257764,-12.4471743096716,100,99.9487293802943,0.0809769762759345,1,1,140,coarse
135,10,0,0,0,-17.3381512792475,-28.0675988646119,-17.7056758420121,100,99.7525635309853,0.366184448462929,1,1,145,coarse
135,15,0,0,0,-17.3381512792475,-30.0475312234712,-20.4178194856229,100,99.3178778421757,0.761754068716094,1,1,150,coarse
135,20,0,0,0,-20.8494818827614,-32.1316585436831,-21.3080303723454,100,98.76499175175,1.44226482389657,1,1,155,coarse
135,25,0,0,0,-21.1823501146906,-34.8317536542378,-21.4769762381855,100,98.0427125596326,2.40303165403477,1,1,160,coarse
135,30,0,0,0,-21.1823501146906,-37.2803066139159,-21.6030814981491,100,96.6271345133533,4.09132007233273,1,1,165,coarse
135,35,0,0,0,-23.2330755760687,-40.1643015596611,-25.5747732677545,100,94.4112532881537,6.53254972875226,1,1,170,coarse
135,40,0,0,0,-26.6486504936418,-43.7521462191051,-27.0783131280795,100,90.6898362951939,10.5334538878843,1,1,175,coarse
135,45,0,0,0,-26.8732958488341,-50.3557038170123,-34.4608602151803,100,85.082727829817,15.9697106690778,1,1,180,coarse
135,50,0,0,0,-46.3861978657263,-55.5739001488854,-48.2800049645515,100,81.2724328109954,20.4091320072333,1,1,185,coarse
135,55,0,0,0,-46.3959153379967,-55.8917127424732,-48.2801557486718,100,77.1885669263766,24.4801084990958,1,1,190,coarse
135,60,0,0,0,-46.3959153379967,-56.0165990223491,-48.2807426333522,100,73.3126148997636,28.1497993758359,1,1,195,coarse
135,65,0,0,0,-46.3959153379967,-56.1814655886718,-48.2881752539339,100,69.3710058653594,32.2715113687026,1,1,200,coarse
135,70,0,0,0,-46.3959153379967,-56.3843123923679,-48.2881752539339,100,65.1361288628206,36.3441818992421,1,1,205,coarse
135,75,0,0,0,-46.4066305161102,-56.5050208364913,-48.298896133214,100,60.7765035454784,40.200624164066,1,1,210,coarse
135,80,0,0,0,-47.7193807131735,-57.5151446639626,-48.5796791353918,100,56.0054276459774,44.5541685242978,1,1,215,coarse
135,85,0,0,0,-47.7311066102249,-57.7260397421498,-48.6011399782423,100,50.9914208176486,49.3446277307178,1,1,220,coarse
135,90,0,0,0,-47.7323471318701,-59.2440928109887,-48.6125458516238,100,45.200624164066,55.3209764918626,1,1,225,coarse
135,95,0,0,0,-47.7413968371389,-61.4742981303855,-48.6230799976103,100,37.2915737851092,63.6098553345389,1,1,230,coarse
135,100,0,0,0,-47.7413968371389,-63.4762599388907,-48.6230799976103,100,30.811413285778,69.6397521066476,1,1,235,coarse
135,105,0,0,0,-47.7413968371389,-65.0025735998182,-48.6230799976103,100,25.3956930759285,75.7003414164405,1,1,240,coarse
135,110,0,0,0,-53.4560854114054,-65.6619499786378,-56.8027253695165,100,21.7374827232601,79.7219710669078,1,1,245,coarse
135,115,0,0,0,-56.1377749536591,-66.8111503629071,-56.8027253695165,100,18.2643006821526,83.0451720213604,1,1,250,coarse
135,120,0,0,0,-60.2785292827082,-67.8071466916538,-60.4596861329681,100,13.8876504681231,87.3522717324696,1,1,255,coarse
135,125,0,0,0,-60.9551141075895,-69.4281501223612,-61.3938080666011,100,7.40782023273441,93.3139280399195,1,1,260,coarse
135,130,0,0,0,-62.4515341722413,-2969.09346595255,-62.7253936673301,100,0.20286236568728,99.8885421310745,1,1,265,coarse
135,135,0,0,0,-2969.09346595255,-2969.09346595255,-2969.09346595255,100,0,100,1,1,270,coarse
135.719088557518,0,0.0833101916134407,0.0833101916134407,0.0277700638711469,-3.01691550043111,-25.1437019836921,-6.34772675737111,99.9166898083866,100,0,0,1,135.719088557518,coarse
135.719088557518,0.5,0.0833101916134407,0.0833101916134407,0.0277700638711469,-3.01691550043111,-25.1437019836921,-6.34772675737111,99.9166898083866,100,0.00222915737851092,0,1,136.219088557518,coarse
135.719088557518,1,0.0555401277422938,0.0555401277422938,0,-3.01691550043111,-25.1795040902623,-10.2912593707734,99.9444598722577,99.9977708426215,0.010942834631883,0,1,136.719088557518,coarse
135.719088557518,2,0,0,0,-8.03931363318959,-25.230723362015,-10.9188221419853,100,99.991083370486,0.0180831826401447,1,1,137.719088557518,coarse
135.719088557518,3,0,0,0,-10.2590671879052,-25.2905409537925,-12.0094462769897,100,99.9799375835934,0.0328285038956491,1,1,138.719088557518,coarse
135.719088557518,5,0,0,0,-10.2590671879052,-25.751150257764,-12.4471743096716,100,99.9487293802943,0.0809769762759345,1,1,140.719088557518,coarse
135.719088557518,10,0,0,0,-17.3381512792475,-28.0675988646119,-17.7056758420121,100,99.7525635309853,0.366184448462929,1,1,145.719088557518,coarse
135.719088557518,15,0,0,0,-17.3381512792475,-30.0475312234712,-20.4178194856229,100,99.3178778421757,0.761754068716094,1,1,150.719088557518,coarse
135.719088557518,20,0,0,0,-20.8494818827614,-32.1316585436831,-21.3080303723454,100,98.76499175175,1.44226482389657,1,1,155.719088557518,coarse
135.719088557518,25,0,0,0,-21.1823501146906,-34.8317536542378,-21.4769762381855,100,98.0427125596326,2.40303165403477,1,1,160.719088557518,coarse
135.719088557518,30,0,0,0,-21.1823501146906,-37.2803066139159,-21.6030814981491,100,96.6271345133533,4.09132007233273,1,1,165.719088557518,coarse
135.719088557518,35,0,0,0,-23.2330755760687,-40.1643015596611,-25.5747732677545,100,94.4112532881537,6.53254972875226,1,1,170.719088557518,coarse
135.719088557518,40,0,0,0,-26.6486504936418,-43.7521462191051,-27.0783131280795,100,90.6898362951939,10.5334538878843,1,1,175.719088557518,coarse
135.719088557518,45,0,0,0,-26.8732958488341,-50.3557038170123,-34.4608602151803,100,85.082727829817,15.9697106690778,1,1,180.719088557518,coarse
135.719088557518,50,0,0,0,-46.3861978657263,-55.5739001488854,-48.2800049645515,100,81.2724328109954,20.4091320072333,1,1,185.719088557518,coarse
135.719088557518,55,0,0,0,-46.3959153379967,-55.8917127424732,-48.2801557486718,100,77.1885669263766,24.4801084990958,1,1,190.719088557518,coarse
135.719088557518,60,0,0,0,-46.3959153379967,-56.0165990223491,-48.2807426333522,100,73.3126148997636,28.1497993758359,1,1,195.719088557518,coarse
135.719088557518,65,0,0,0,-46.3959153379967,-56.1814655886718,-48.2881752539339,100,69.3710058653594,32.2715113687026,1,1,200.719088557518,coarse
135.719088557518,70,0,0,0,-46.3959153379967,-56.3843123923679,-48.2881752539339,100,65.1361288628206,36.3441818992421,1,1,205.719088557518,coarse
135.719088557518,75,0,0,0,-46.4066305161102,-56.5050208364913,-48.298896133214,100,60.7765035454784,40.200624164066,1,1,210.719088557518,coarse
135.719088557518,80,0,0,0,-47.7193807131735,-57.5151446639626,-48.5796791353918,100,56.0054276459774,44.5541685242978,1,1,215.719088557518,coarse
135.719088557518,85,0,0,0,-47.7311066102249,-57.7260397421498,-48.6011399782423,100,50.9914208176486,49.3446277307178,1,1,220.719088557518,coarse
135.719088557518,90,0,0,0,-47.7323471318701,-59.2440928109887,-48.6125458516238,100,45.200624164066,55.3209764918626,1,1,225.719088557518,coarse
135.719088557518,95,0,0,0,-47.7413968371389,-61.4742981303855,-48.6230799976103,100,37.2915737851092,63.6098553345389,1,1,230.719088557518,coarse
135.719088557518,100,0,0,0,-47.7413968371389,-63.4762599388907,-48.6230799976103,100,30.811413285778,69.6397521066476,1,1,235.719088557518,coarse
135.719088557518,105,0,0,0,-47.7413968371389,-65.0025735998182,-48.6230799976103,100,25.3956930759285,75.7003414164405,1,1,240.719088557518,coarse
135.719088557518,110,0,0,0,-53.4560854114054,-65.6619499786378,-56.8027253695165,100,21.7374827232601,79.7219710669078,1,1,245.719088557518,coarse
135.719088557518,115,0,0,0,-56.1377749536591,-66.8111503629071,-56.8027253695165,100,18.2643006821526,83.0451720213604,1,1,250.719088557518,coarse
135.719088557518,120,0,0,0,-60.2785292827082,-67.8071466916538,-60.4596861329681,100,13.8876504681231,87.3522717324696,1,1,255.719088557518,coarse
135.719088557518,125,0,0,0,-60.9551141075895,-69.4281501223612,-61.3938080666011,100,7.40782023273441,93.3139280399195,1,1,260.719088557518,coarse
135.719088557518,130,0,0,0,-62.4515341722413,-2969.09346595255,-62.7253936673301,100,0.20286236568728,99.8885421310745,1,1,265.719088557518,coarse
135.719088557518,135,0,0,0,-2969.09346595255,-2969.09346595255,-2969.09346595255,100,0,100,1,1,270.719088557518,coarse
135.719088557518,135.719088557518,0,0,0,-2969.09346595255,-2969.09346595255,-2969.09346595255,100,0,100,1,1,271.438177115036,coarse
38,0,0.222160510969175,0.222160510969175,0.138850319355735,5.50190071510082,-24.7435546276391,2.16273069609205,99.7778394890308,8.75678119349005,0,0,0,38,refinement
38,1,0.166620383226881,0.166620383226881,0.124965287420161,5.50190071510082,-24.7747677101853,2.16273069609205,99.8333796167731,8.75226039783002,0.010942834631883,0,0,39,refinement
38,2,0.166620383226881,0.166620383226881,0.124965287420161,5.50190071510082,-24.7978898794175,2.16273069609205,99.8333796167731,8.73869801084991,0.0180831826401447,0,0,40,refinement
38,3,0.166620383226881,0.166620383226881,0.124965287420161,5.50190071510082,-24.8398121597792,2.16273069609205,99.8333796167731,8.7251356238698,0.0328285038956491,0,0,41,refinement
38,4,0.166620383226881,0.166620383226881,0.124965287420161,5.50190071510082,-24.9068237625157,2.16273069609205,99.8333796167731,8.70253164556962,0.0590913070121684,0,0,42,refinement
38,5,0.166620383226881,0.166620383226881,0.124965287420161,5.50190071510082,-25.1551932196026,2.16273069609205,99.8333796167731,8.67992766726944,0.0809769762759345,0,0,43,refinement
38,6,0.166620383226881,0.166620383226881,0.124965287420161,5.50190071510082,-25.551863140409,2.16273069609205,99.8333796167731,8.63019891500904,0.126582278481013,0,0,44,refinement
38,7,0.166620383226881,0.166620383226881,0.124965287420161,5.50190071510082,-25.7771567005029,2.16273069609205,99.8333796167731,8.59629294755877,0.160488245931284,0,0,45,refinement
38,8,0.166620383226881,0.166620383226881,0.124965287420161,5.50190071510082,-26.3726240377753,2.16273069609205,99.8333796167731,8.52396021699819,0.232820976491863,0,0,46,refinement
38,9,0.166620383226881,0.166620383226881,0.124965287420161,5.50190071510082,-26.8456913505519,2.16273069609205,99.8333796167731,8.44710669077758,0.309674502712477,0,0,47,refinement
39,0,0.222160510969175,0.222160510969175,0.124965287420161,5.50190071510082,-24.7435546276391,2.16273069609205,99.7778394890308,9.66772151898734,0,0,0,39,refinement
39,1,0.166620383226881,0.166620383226881,0.111080255484588,5.50190071510082,-24.7747677101853,2.16273069609205,99.8333796167731,9.66320072332731,0.010942834631883,0,0,40,refinement
39,2,0.166620383226881,0.166620383226881,0.111080255484588,5.50190071510082,-24.7978898794175,2.16273069609205,99.8333796167731,9.6496383363472,0.0180831826401447,0,0,41,refinement
39,3,0.166620383226881,0.166620383226881,0.111080255484588,5.50190071510082,-24.8398121597792,2.16273069609205,99.8333796167731,9.63607594936709,0.0328285038956491,0,0,42,refinement
39,4,0.166620383226881,0.166620383226881,0.111080255484588,5.50190071510082,-24.9068237625157,2.16273069609205,99.8333796167731,9.61347197106691,0.0590913070121684,0,0,43,refinement
39,5,0.166620383226881,0.166620383226881,0.111080255484588,5.50190071510082,-25.1551932196026,2.16273069609205,99.8333796167731,9.59086799276673,0.0809769762759345,0,0,44,refinement
39,6,0.166620383226881,0.166620383226881,0.111080255484588,5.50190071510082,-25.551863140409,2.16273069609205,99.8333796167731,9.54113924050633,0.126582278481013,0,0,45,refinement
39,7,0.166620383226881,0.166620383226881,0.111080255484588,5.50190071510082,-25.7771567005029,2.16273069609205,99.8333796167731,9.50723327305606,0.160488245931284,0,0,46,refinement
39,8,0.166620383226881,0.166620383226881,0.111080255484588,5.50190071510082,-26.3726240377753,2.16273069609205,99.8333796167731,9.43490054249548,0.232820976491863,0,0,47,refinement
39,9,0.166620383226881,0.166620383226881,0.111080255484588,5.50190071510082,-26.8456913505519,2.16273069609205,99.8333796167731,9.35804701627487,0.309674502712477,0,0,48,refinement
40,0,0.166620383226881,0.166620383226881,0.0971952235490142,4.79236967639513,-24.7747677101853,-3.51273789088891,99.8333796167731,10.5334538878843,0,0,0,40,refinement
40,1,0.111080255484588,0.111080255484588,0.0833101916134407,4.79236967639513,-24.7931339387646,-5.19456827616616,99.8889197445154,10.5289330922242,0.010942834631883,0,0,41,refinement
40,2,0.111080255484588,0.111080255484588,0.0833101916134407,4.79236967639513,-24.8280388034793,-5.19456827616616,99.8889197445154,10.5153707052441,0.0180831826401447,0,0,42,refinement
40,3,0.111080255484588,0.111080255484588,0.0833101916134407,4.79236967639513,-24.8635848806011,-5.19456827616616,99.8889197445154,10.501808318264,0.0328285038956491,0,0,43,refinement
40,4,0.111080255484588,0.111080255484588,0.0833101916134407,4.79236967639513,-24.9769141478892,-5.19456827616616,99.8889197445154,10.4792043399638,0.0590913070121684,0,0,44,refinement
40,5,0.111080255484588,0.111080255484588,0.0833101916134407,4.79236967639513,-25.208703853151,-5.19456827616616,99.8889197445154,10.4566003616637,0.0809769762759345,0,0,45,refinement
40,6,0.111080255484588,0.111080255484588,0.0833101916134407,4.79236967639513,-25.6335626804028,-5.19456827616616,99.8889197445154,10.4068716094033,0.126582278481013,0,0,46,refinement
40,7,0.111080255484588,0.111080255484588,0.0833101916134407,4.79236967639513,-25.8529979914018,-5.19456827616616,99.8889197445154,10.372965641953,0.160488245931284,0,0,47,refinement
40,8,0.111080255484588,0.111080255484588,0.0833101916134407,4.79236967639513,-26.4241856259655,-5.19456827616616,99.8889197445154,10.3006329113924,0.232820976491863,0,0,48,refinement
40,9,0.111080255484588,0.111080255484588,0.0833101916134407,4.79236967639513,-26.8763894407876,-5.19456827616616,99.8889197445154,10.2237793851718,0.309674502712477,0,0,49,refinement
41,0,0.111080255484588,0.111080255484588,0.0694251596778673,-1.31687709821983,-24.7747677101853,-5.19456827616616,99.8889197445154,11.4421338155515,0,0,0,41,refinement
41,1,0.0833101916134407,0.0833101916134407,0.0416550958067204,-1.31687709821983,-24.7931339387646,-7.84601674967619,99.9166898083866,11.4376130198915,0.010942834631883,0,1,42,refinement
41,2,0.0555401277422938,0.0555401277422938,0.0277700638711469,-1.31687709821983,-24.8280388034793,-9.51819142267816,99.9444598722577,11.4240506329114,0.0180831826401447,0,1,43,refinement
41,3,0.0555401277422938,0.0555401277422938,0.0277700638711469,-1.31687709821983,-24.8635848806011,-10.601666380744,99.9444598722577,11.4104882459313,0.0328285038956491,0,1,44,refinement
41,4,0.0555401277422938,0.0555401277422938,0.0277700638711469,-1.31687709821983,-24.9769141478892,-10.601666380744,99.9444598722577,11.3878842676311,0.0590913070121684,0,1,45,refinement
41,5,0.0555401277422938,0.0555401277422938,0.0277700638711469,-1.31687709821983,-25.208703853151,-10.601666380744,99.9444598722577,11.3652802893309,0.0809769762759345,0,1,46,refinement
41,6,0.0555401277422938,0.0555401277422938,0.0277700638711469,-1.31687709821983,-25.6335626804028,-10.601666380744,99.9444598722577,11.3155515370705,0.126582278481013,0,1,47,refinement
41,7,0.0555401277422938,0.0555401277422938,0.0277700638711469,-1.31687709821983,-25.8529979914018,-10.6084926840004,99.9444598722577,11.2816455696203,0.160488245931284,0,1,48,refinement
41,8,0.0555401277422938,0.0555401277422938,0.0277700638711469,-1.31687709821983,-26.4241856259655,-11.3999845756704,99.9444598722577,11.2093128390597,0.232820976491863,0,1,49,refinement
41,9,0.0555401277422938,0.0555401277422938,0.0277700638711469,-1.31687709821983,-26.8763894407876,-11.3999845756704,99.9444598722577,11.1324593128391,0.309674502712477,0,1,50,refinement
42,0,0.0833101916134407,0.0833101916134407,0.0277700638711469,-3.01691550043111,-24.7931339387646,-6.32601042229349,99.9166898083866,12.5542495479204,0,0,1,42,refinement
42,1,0.0555401277422938,0.0555401277422938,0,-3.01691550043111,-24.8084718511939,-8.26350874221511,99.9444598722577,12.5497287522604,0.010942834631883,0,1,43,refinement
42,2,0,0,0,-7.82430041459857,-24.8501749865353,-10.601666380744,100,12.5361663652803,0.0180831826401447,1,1,44,refinement
42,3,0,0,0,-7.82430041459857,-24.8843464786615,-10.8209122224756,100,12.5226039783002,0.0328285038956491,1,1,45,refinement
42,4,0,0,0,-7.82430041459857,-25.0807387463225,-10.8209122224756,100,12.5,0.0590913070121684,1,1,46,refinement
42,5,0,0,0,-7.82430041459857,-25.2568769661857,-10.8209122224756,100,12.4773960216998,0.0809769762759345,1,1,47,refinement
42,6,0,0,0,-7.82430041459857,-25.7295916660267,-10.8209122224756,100,12.4276672694394,0.126582278481013,1,1,48,refinement
42,7,0,0,0,-7.82430041459857,-26.0144399483179,-11.0418399135444,100,12.3937613019891,0.160488245931284,1,1,49,refinement
42,8,0,0,0,-7.82430041459857,-26.4850493939256,-13.5227169344641,100,12.3214285714286,0.232820976491863,1,1,50,refinement
42,9,0,0,0,-7.82430041459857,-26.9206744963201,-14.2220528281075,100,12.244575045208,0.309674502712477,1,1,51,refinement
43,0,0.0833101916134407,0.0833101916134407,0.0277700638711469,-3.01691550043111,-24.7978898794175,-6.34772675737111,99.9166898083866,13.6121157323689,0,0,1,43,refinement
43,1,0.0555401277422938,0.0555401277422938,0,-3.01691550043111,-24.8280388034793,-10.2912593707734,99.9444598722577,13.6075949367089,0.010942834631883,0,1,44,refinement
43,2,0,0,0,-8.03931363318959,-24.8635848806011,-10.8209122224756,100,13.5940325497288,0.0180831826401447,1,1,45,refinement
43,3,0,0,0,-10.2590671879052,-24.9068237625157,-10.9906371402567,100,13.5804701627486,0.0328285038956491,1,1,46,refinement
43,4,0,0,0,-10.2590671879052,-25.1256873252458,-10.9906371402567,100,13.5578661844485,0.0590913070121684,1,1,47,refinement
43,5,0,0,0,-10.2590671879052,-25.3331525142382,-11.039558257047,100,13.5352622061483,0.0809769762759345,1,1,48,refinement
43,6,0,0,0,-10.2590671879052,-25.751150257764,-11.039558257047,100,13.4855334538879,0.126582278481013,1,1,49,refinement
43,7,0,0,0,-10.2590671879052,-26.0633998178199,-12.567035184598,100,13.4516274864376,0.160488245931284,1,1,50,refinement
43,8,0,0,0,-10.8816730801745,-26.5170869800231,-14.3121381975008,100,13.379294755877,0.232820976491863,1,1,51,refinement
43,9,0,0,0,-10.8816730801745,-26.9488589615617,-16.8552854101949,100,13.3024412296564,0.309674502712477,1,1,52,refinement
44,0,0.0833101916134407,0.0833101916134407,0.0277700638711469,-3.01691550043111,-24.8084718511939,-6.34772675737111,99.9166898083866,14.8462929475588,0,0,1,44,refinement
44,1,0.0555401277422938,0.0555401277422938,0,-3.01691550043111,-24.8398121597792,-10.2912593707734,99.9444598722577,14.8417721518987,0.010942834631883,0,1,45,refinement
44,2,0,0,0,-8.03931363318959,-24.8728826753427,-10.8209122224756,100,14.8282097649186,0.0180831826401447,1,1,46,refinement
44,3,0,0,0,-10.2590671879052,-24.9434515833353,-10.9906371402567,100,14.8146473779385,0.0328285038956491,1,1,47,refinement
44,4,0,0,0,-10.2590671879052,-25.1437019836921,-10.9906371402567,100,14.7920433996383,0.0590913070121684,1,1,48,refinement
44,5,0,0,0,-10.2590671879052,-25.3955269916925,-11.039558257047,100,14.7694394213382,0.0809769762759345,1,1,49,refinement
44,6,0,0,0,-10.2590671879052,-25.7531939217289,-11.039558257047,100,14.7197106690778,0.126582278481013,1,1,50,refinement
44,7,0,0,0,-10.2590671879052,-26.1404931709794,-12.567035184598,100,14.6858047016275,0.160488245931284,1,1,51,refinement
44,8,0,0,0,-10.8816730801745,-26.524869855444,-14.3121381975008,100,14.6134719710669,0.232820976491863,1,1,52,refinement
44,9,0,0,0,-10.8816730801745,-26.9648225907056,-16.8552854101949,100,14.5366184448463,0.309674502712477,1,1,53,refinement
45,0,0.0833101916134407,0.0833101916134407,0.0277700638711469,-3.01691550043111,-24.8501749865353,-6.34772675737111,99.9166898083866,15.9697106690778,0,0,1,45,refinement
45,1,0.0555401277422938,0.0555401277422938,0,-3.01691550043111,-24.8728826753427,-10.2912593707734,99.9444598722577,15.9651898734177,0.010942834631883,0,1,46,refinement
45,2,0,0,0,-8.03931363318959,-24.9434515833353,-10.9188221419853,100,15.9516274864376,0.0180831826401447,1,1,47,refinement
45,3,0,0,0,-10.2590671879052,-25.0807387463225,-12.0094462769897,100,15.9380650994575,0.0328285038956491,1,1,48,refinement
45,4,0,0,0,-10.2590671879052,-25.221564853459,-12.0094462769897,100,15.9154611211573,0.0590913070121684,1,1,49,refinement
45,5,0,0,0,-10.2590671879052,-25.4708600637926,-12.4471743096716,100,15.8928571428571,0.0809769762759345,1,1,50,refinement
45,6,0,0,0,-10.2590671879052,-25.8529979914018,-12.4471743096716,100,15.8431283905967,0.126582278481013,1,1,51,refinement
45,7,0,0,0,-10.2590671879052,-26.2079785506731,-13.5227169344641,100,15.8092224231465,0.160488245931284,1,1,52,refinement
45,8,0,0,0,-12.467483311565,-26.5811489552957,-15.891424681806,100,15.7368896925859,0.232820976491863,1,1,53,refinement
45,9,0,0,0,-13.4531454208054,-26.9896109859306,-17.3642750619748,100,15.6600361663653,0.309674502712477,1,1,54,refinement
46,0,0.0833101916134407,0.0833101916134407,0.0277700638711469,-3.01691550043111,-24.8635848806011,-6.34772675737111,99.9166898083866,17.004972875226,0,0,1,46,refinement
46,1,0.0555401277422938,0.0555401277422938,0,-3.01691550043111,-24.8843464786616,-10.2912593707734,99.9444598722577,17.000452079566,0.010942834631883,0,1,47,refinement
46,2,0,0,0,-8.03931363318959,-24.9769141478892,-10.9188221419853,100,16.9868896925859,0.0180831826401447,1,1,48,refinement
46,3,0,0,0,-10.2590671879052,-25.1145271662304,-12.0094462769897,100,16.9733273056058,0.0328285038956491,1,1,49,refinement
46,4,0,0,0,-10.2590671879052,-25.230723362015,-12.0094462769897,100,16.9507233273056,0.0590913070121684,1,1,50,refinement
46,5,0,0,0,-10.2590671879052,-25.4914221296471,-12.4471743096716,100,16.9281193490054,0.0809769762759345,1,1,51,refinement
46,6,0,0,0,-10.2590671879052,-25.8937923132529,-12.4471743096716,100,16.878390596745,0.126582278481013,1,1,52,refinement
46,7,0,0,0,-10.2590671879052,-26.2259844174549,-13.6594567128193,100,16.8444846292948,0.160488245931284,1,1,53,refinement
46,8,0,0,0,-12.467483311565,-26.5947133328687,-16.5005554740225,100,16.7721518987342,0.232820976491863,1,1,54,refinement
46,9,0,0,0,-13.4531454208054,-26.9896109859308,-17.5973832313193,100,16.6952983725136,0.309674502712477,1,1,55,refinement
47,0,0.0833101916134407,0.0833101916134407,0.0277700638711469,-3.01691550043111,-24.8635848806011,-6.34772675737111,99.9166898083866,17.879746835443,0,0,1,47,refinement
47,1,0.0555401277422938,0.0555401277422938,0,-3.01691550043111,-24.8843464786616,-10.2912593707734,99.9444598722577,17.875226039783,0.010942834631883,0,1,48,refinement
47,2,0,0,0,-8.03931363318959,-24.9769141478892,-10.9188221419853,100,17.8616636528029,0.0180831826401447,1,1,49,refinement
47,3,0,0,0,-10.2590671879052,-25.1145271662304,-12.0094462769897,100,17.8481012658228,0.0328285038956491,1,1,50,refinement
47,4,0,0,0,-10.2590671879052,-25.230723362015,-12.0094462769897,100,17.8254972875226,0.0590913070121684,1,1,51,refinement
47,5,0,0,0,-10.2590671879052,-25.4914221296471,-12.4471743096716,100,17.8028933092224,0.0809769762759345,1,1,52,refinement
47,6,0,0,0,-10.2590671879052,-25.8937923132529,-12.4471743096716,100,17.753164556962,0.126582278481013,1,1,53,refinement
47,7,0,0,0,-10.2590671879052,-26.2259844174549,-13.6594567128193,100,17.7192585895118,0.160488245931284,1,1,54,refinement
47,8,0,0,0,-12.467483311565,-26.5947133328687,-16.5005554740225,100,17.6469258589512,0.232820976491863,1,1,55,refinement
47,9,0,0,0,-13.4531454208054,-26.9896109859308,-17.5973832313193,100,17.5700723327306,0.309674502712477,1,1,56,refinement
48,0,0.0833101916134407,0.0833101916134407,0.0277700638711469,-3.01691550043111,-24.8728826753427,-6.34772675737111,99.9166898083866,18.7115732368897,0,0,1,48,refinement
48,1,0.0555401277422938,0.0555401277422938,0,-3.01691550043111,-24.9068237625157,-10.2912593707734,99.9444598722577,18.7070524412297,0.010942834631883,0,1,49,refinement
48,2,0,0,0,-8.03931363318959,-25.016646256812,-10.9188221419853,100,18.6934900542495,0.0180831826401447,1,1,50,refinement
48,3,0,0,0,-10.2590671879052,-25.1257783086947,-12.0094462769897,100,18.6799276672694,0.0328285038956491,1,1,51,refinement
48,4,0,0,0,-10.2590671879052,-25.2396547081289,-12.0094462769897,100,18.6573236889693,0.0590913070121684,1,1,52,refinement
48,5,0,0,0,-10.2590671879052,-25.5172610614292,-12.4471743096716,100,18.6347197106691,0.0809769762759345,1,1,53,refinement
48,6,0,0,0,-10.2590671879052,-25.9350044713688,-12.4471743096716,100,18.5849909584087,0.126582278481013,1,1,54,refinement
48,7,0,0,0,-10.2590671879052,-26.2328379863795,-13.6594567128193,100,18.5510849909584,0.160488245931284,1,1,55,refinement
48,8,0,0,0,-12.467483311565,-26.6152363761933,-16.5005554740225,100,18.4787522603978,0.232820976491863,1,1,56,refinement
48,9,0,0,0,-13.4531454208054,-27.0321933857208,-17.6028904938794,100,18.4018987341772,0.309674502712477,1,1,57,refinement
49,0,0.0833101916134407,0.0833101916134407,0.0277700638711469,-3.01691550043111,-24.8728826753427,-6.34772675737111,99.9166898083866,19.5501808318264,0,0,1,49,refinement
49,1,0.0555401277422938,0.0555401277422938,0,-3.01691550043111,-24.9068237625157,-10.2912593707734,99.9444598722577,19.5456600361664,0.010942834631883,0,1,50,refinement
49,2,0,0,0,-8.03931363318959,-25.016646256812,-10.9188221419853,100,19.5320976491863,0.0180831826401447,1,1,51,refinement
49,3,0,0,0,-10.2590671879052,-25.1257783086947,-12.0094462769897,100,19.5185352622061,0.0328285038956491,1,1,52,refinement
49,4,0,0,0,-10.2590671879052,-25.2396547081289,-12.0094462769897,100,19.495931283906,0.0590913070121684,1,1,53,refinement
49,5,0,0,0,-10.2590671879052,-25.5172610614292,-12.4471743096716,100,19.4733273056058,0.0809769762759345,1,1,54,refinement
49,6,0,0,0,-10.2590671879052,-25.9350044713688,-12.4471743096716,100,19.4235985533454,0.126582278481013,1,1,55,refinement
49,7,0,0,0,-10.2590671879052,-26.2328379863795,-13.6594567128193,100,19.3896925858951,0.160488245931284,1,1,56,refinement
49,8,0,0,0,-12.467483311565,-26.6152363761933,-16.5005554740225,100,19.3173598553345,0.232820976491863,1,1,57,refinement
49,9,0,0,0,-13.4531454208054,-27.0321933857208,-17.6028904938794,100,19.2405063291139,0.309674502712477,1,1,58,refinement
50,0,0.0833101916134407,0.0833101916134407,0.0277700638711469,-3.01691550043111,-24.8728826753427,-6.34772675737111,99.9166898083866,20.4091320072333,0,0,1,50,refinement
50,1,0.0555401277422938,0.0555401277422938,0,-3.01691550043111,-24.9068237625157,-10.2912593707734,99.9444598722577,20.4046112115732,0.010942834631883,0,1,51,refinement
50,2,0,0,0,-8.03931363318959,-25.016646256812,-10.9188221419853,100,20.3910488245931,0.0180831826401447,1,1,52,refinement
50,3,0,0,0,-10.2590671879052,-25.1257783086947,-12.0094462769897,100,20.377486437613,0.0328285038956491,1,1,53,refinement
50,4,0,0,0,-10.2590671879052,-25.2396547081289,-12.0094462769897,100,20.3548824593128,0.0590913070121684,1,1,54,refinement
50,5,0,0,0,-10.2590671879052,-25.5172610614292,-12.4471743096716,100,20.3322784810127,0.0809769762759345,1,1,55,refinement
50,6,0,0,0,-10.2590671879052,-25.9350044713688,-12.4471743096716,100,20.2825497287523,0.126582278481013,1,1,56,refinement
50,7,0,0,0,-10.2590671879052,-26.2328379863795,-13.6594567128193,100,20.248643761302,0.160488245931284,1,1,57,refinement
50,8,0,0,0,-12.467483311565,-26.6152363761933,-16.5005554740225,100,20.1763110307414,0.232820976491863,1,1,58,refinement
50,9,0,0,0,-13.4531454208054,-27.0321933857208,-17.6028904938794,100,20.0994575045208,0.309674502712477,1,1,59,refinement
51,0,0.0833101916134407,0.0833101916134407,0.0277700638711469,-3.01691550043111,-24.8728826753427,-6.34772675737111,99.9166898083866,21.3132911392405,0,0,1,51,refinement
51,1,0.0555401277422938,0.0555401277422938,0,-3.01691550043111,-24.9068237625157,-10.2912593707734,99.9444598722577,21.3087703435805,0.010942834631883,0,1,52,refinement
51,2,0,0,0,-8.03931363318959,-25.016646256812,-10.9188221419853,100,21.2952079566004,0.0180831826401447,1,1,53,refinement
51,3,0,0,0,-10.2590671879052,-25.1257783086947,-12.0094462769897,100,21.2816455696203,0.0328285038956491,1,1,54,refinement
51,4,0,0,0,-10.2590671879052,-25.2396547081289,-12.0094462769897,100,21.2590415913201,0.0590913070121684,1,1,55,refinement
51,5,0,0,0,-10.2590671879052,-25.5172610614292,-12.4471743096716,100,21.2364376130199,0.0809769762759345,1,1,56,refinement
51,6,0,0,0,-10.2590671879052,-25.9350044713688,-12.4471743096716,100,21.1867088607595,0.126582278481013,1,1,57,refinement
51,7,0,0,0,-10.2590671879052,-26.2328379863795,-13.6594567128193,100,21.1528028933092,0.160488245931284,1,1,58,refinement
51,8,0,0,0,-12.467483311565,-26.6152363761933,-16.5005554740225,100,21.0804701627486,0.232820976491863,1,1,59,refinement
51,9,0,0,0,-13.4531454208054,-27.0321933857208,-17.6028904938794,100,21.003616636528,0.309674502712477,1,1,60,refinement
52,0,0.0833101916134407,0.0833101916134407,0.0277700638711469,-3.01691550043111,-24.8728826753427,-6.34772675737111,99.9166898083866,22.1609403254973,0,0,1,52,refinement
52,1,0.0555401277422938,0.0555401277422938,0,-3.01691550043111,-24.9068237625157,-10.2912593707734,99.9444598722577,22.1564195298373,0.010942834631883,0,1,53,refinement
52,2,0,0,0,-8.03931363318959,-25.016646256812,-10.9188221419853,100,22.1428571428571,0.0180831826401447,1,1,54,refinement
52,3,0,0,0,-10.2590671879052,-25.1257783086947,-12.0094462769897,100,22.129294755877,0.0328285038956491,1,1,55,refinement
52,4,0,0,0,-10.2590671879052,-25.2396547081289,-12.0094462769897,100,22.1066907775769,0.0590913070121684,1,1,56,refinement
52,5,0,0,0,-10.2590671879052,-25.5172610614292,-12.4471743096716,100,22.0840867992767,0.0809769762759345,1,1,57,refinement
52,6,0,0,0,-10.2590671879052,-25.9350044713688,-12.4471743096716,100,22.0343580470163,0.126582278481013,1,1,58,refinement
52,7,0,0,0,-10.2590671879052,-26.2328379863795,-13.6594567128193,100,22.000452079566,0.160488245931284,1,1,59,refinement
52,8,0,0,0,-12.467483311565,-26.6152363761933,-16.5005554740225,100,21.9281193490054,0.232820976491863,1,1,60,refinement
52,9,0,0,0,-13.4531454208054,-27.0321933857208,-17.6028904938794,100,21.8512658227848,0.309674502712477,1,1,61,refinement
135.719088557518,0,0.0833101916134407,0.0833101916134407,0.0277700638711469,-3.01691550043111,-25.1437019836921,-6.34772675737111,99.9166898083866,100,0,0,1,135.719088557518,refinement
135.719088557518,1,0.0555401277422938,0.0555401277422938,0,-3.01691550043111,-25.1795040902623,-10.2912593707734,99.9444598722577,99.9977708426215,0.010942834631883,0,1,136.719088557518,refinement
135.719088557518,2,0,0,0,-8.03931363318959,-25.230723362015,-10.9188221419853,100,99.991083370486,0.0180831826401447,1,1,137.719088557518,refinement
135.719088557518,3,0,0,0,-10.2590671879052,-25.2905409537925,-12.0094462769897,100,99.9799375835934,0.0328285038956491,1,1,138.719088557518,refinement
135.719088557518,4,0,0,0,-10.2590671879052,-25.551863140409,-12.0094462769897,100,99.9621043245653,0.0590913070121684,1,1,139.719088557518,refinement
135.719088557518,5,0,0,0,-10.2590671879052,-25.751150257764,-12.4471743096716,100,99.9487293802943,0.0809769762759345,1,1,140.719088557518,refinement
135.719088557518,6,0,0,0,-10.2590671879052,-26.2731767176299,-12.4471743096716,100,99.9331252786447,0.126582278481013,1,1,141.719088557518,refinement
135.719088557518,7,0,0,0,-10.2590671879052,-26.5170869800231,-13.6594567128193,100,99.8885421310745,0.160488245931284,1,1,142.719088557518,refinement
135.719088557518,8,0,0,0,-12.467483311565,-26.8222774377409,-16.5005554740225,100,99.8484172982613,0.232820976491863,1,1,143.719088557518,refinement
135.719088557518,9,0,0,0,-13.4531454208054,-27.2598993521415,-17.6028904938794,100,99.79045920642,0.309674502712477,1,1,144.719088557518,refinement
135.719088557518,135.719088557518,0,0,0,-2969.09346595255,-2969.09346595255,-2969.09346595255,100,0,100,1,1,271.438177115036,refinement
39.5,0,0.194390447098028,0.194390447098028,0.111080255484588,5.50190071510082,-24.7610223735432,-1.52412413370998,99.805609552902,10.0406871609403,0,0,0,39.5,final
39.5,0.5,0.194390447098028,0.194390447098028,0.111080255484588,5.50190071510082,-24.7610223735432,-1.52412413370998,99.805609552902,10.0406871609403,0.00222915737851092,0,0,40,final
39.5,1,0.138850319355735,0.138850319355735,0.0971952235490142,5.50190071510082,-24.784024924897,-1.67339050308425,99.8611496806443,10.0361663652803,0.010942834631883,0,0,40.5,final
39.5,1.5,0.138850319355735,0.138850319355735,0.0971952235490142,5.50190071510082,-24.7978898794175,-1.67339050308425,99.8611496806443,10.0248643761302,0.0158227848101266,0,0,41,final
39.5,2,0.138850319355735,0.138850319355735,0.0971952235490142,5.50190071510082,-24.8084718511939,-1.67339050308425,99.8611496806443,10.0226039783002,0.0180831826401447,0,0,41.5,final
39.5,2.5,0.138850319355735,0.138850319355735,0.0971952235490142,5.50190071510082,-24.8501749865353,-1.67339050308425,99.8611496806443,10.0113019891501,0.0293851717902351,0,0,42,final
39.5,3,0.138850319355735,0.138850319355735,0.0971952235490142,5.50190071510082,-24.8501749865353,-1.67339050308425,99.8611496806443,10.0090415913201,0.0328285038956491,0,0,42.5,final
39.5,3.5,0.138850319355735,0.138850319355735,0.0971952235490142,5.50190071510082,-24.8728826753427,-1.67339050308425,99.8611496806443,10,0.0481484723802854,0,0,43,final
40,0,0.166620383226881,0.166620383226881,0.0971952235490142,4.79236967639513,-24.7747677101853,-3.51273789088891,99.8333796167731,10.5334538878843,0,0,0,40,final
40,0.5,0.166620383226881,0.166620383226881,0.0971952235490142,4.79236967639513,-24.7747677101853,-3.51273789088891,99.8333796167731,10.5334538878843,0.00222915737851092,0,0,40.5,final
40,1,0.111080255484588,0.111080255484588,0.0833101916134407,4.79236967639513,-24.7931339387646,-5.19456827616616,99.8889197445154,10.5289330922242,0.010942834631883,0,0,41,final
40,1.5,0.111080255484588,0.111080255484588,0.0833101916134407,4.79236967639513,-24.8084718511939,-5.19456827616616,99.8889197445154,10.5176311030741,0.0158227848101266,0,0,41.5,final
40,2,0.111080255484588,0.111080255484588,0.0833101916134407,4.79236967639513,-24.8280388034793,-5.19456827616616,99.8889197445154,10.5153707052441,0.0180831826401447,0,0,42,final
40,2.5,0.111080255484588,0.111080255484588,0.0833101916134407,4.79236967639513,-24.8635848806011,-5.19456827616616,99.8889197445154,10.504068716094,0.0293851717902351,0,0,42.5,final
40,3,0.111080255484588,0.111080255484588,0.0833101916134407,4.79236967639513,-24.8635848806011,-5.19456827616616,99.8889197445154,10.501808318264,0.0328285038956491,0,0,43,final
40,3.5,0.111080255484588,0.111080255484588,0.0833101916134407,4.79236967639513,-24.8843464786615,-5.19456827616616,99.8889197445154,10.4927667269439,0.0481484723802854,0,0,43.5,final
40.5,0,0.138850319355735,0.138850319355735,0.0833101916134407,2.55365437487312,-24.7747677101853,-4.79903532054066,99.8611496806443,10.9764918625678,0,0,0,40.5,final
40.5,0.5,0.138850319355735,0.138850319355735,0.0833101916134407,2.55365437487312,-24.7747677101853,-4.79903532054066,99.8611496806443,10.9764918625678,0.00222915737851092,0,0,41,final
40.5,1,0.0833101916134407,0.0833101916134407,0.0694251596778673,2.55365437487312,-24.7931339387646,-7.84601674967619,99.9166898083866,10.9719710669078,0.010942834631883,0,1,41.5,final
40.5,1.5,0.0833101916134407,0.0833101916134407,0.0555401277422938,2.55365437487312,-24.8084718511939,-8.36298083392782,99.9166898083866,10.9606690777577,0.0158227848101266,0,1,42,final
40.5,2,0.0833101916134407,0.0833101916134407,0.0555401277422938,2.55365437487312,-24.8280388034793,-8.36298083392782,99.9166898083866,10.9584086799277,0.0180831826401447,0,1,42.5,final
40.5,2.5,0.0833101916134407,0.0833101916134407,0.0555401277422938,2.55365437487312,-24.8635848806011,-8.36298083392782,99.9166898083866,10.9471066907776,0.0293851717902351,0,1,43,final
40.5,3,0.0833101916134407,0.0833101916134407,0.0555401277422938,2.55365437487312,-24.8635848806011,-8.36298083392782,99.9166898083866,10.9448462929476,0.0328285038956491,0,1,43.5,final
40.5,3.5,0.0833101916134407,0.0833101916134407,0.0555401277422938,2.55365437487312,-24.8843464786615,-8.36298083392782,99.9166898083866,10.9358047016275,0.0481484723802854,0,1,44,final
41,0,0.111080255484588,0.111080255484588,0.0694251596778673,-1.31687709821983,-24.7747677101853,-5.19456827616616,99.8889197445154,11.4421338155515,0,0,0,41,final
41,0.5,0.111080255484588,0.111080255484588,0.0694251596778673,-1.31687709821983,-24.7747677101853,-5.19456827616616,99.8889197445154,11.4421338155515,0.00222915737851092,0,0,41.5,final
41,1,0.0833101916134407,0.0833101916134407,0.0416550958067204,-1.31687709821983,-24.7931339387646,-7.84601674967619,99.9166898083866,11.4376130198915,0.010942834631883,0,1,42,final
41,1.5,0.0555401277422938,0.0555401277422938,0.0277700638711469,-1.31687709821983,-24.8084718511939,-9.51819142267816,99.9444598722577,11.4263110307414,0.0158227848101266,0,1,42.5,final
41,2,0.0555401277422938,0.0555401277422938,0.0277700638711469,-1.31687709821983,-24.8280388034793,-9.51819142267816,99.9444598722577,11.4240506329114,0.0180831826401447,0,1,43,final
41,2.5,0.0555401277422938,0.0555401277422938,0.0277700638711469,-1.31687709821983,-24.8635848806011,-10.601666380744,99.9444598722577,11.4127486437613,0.0293851717902351,0,1,43.5,final
41,3,0.0555401277422938,0.0555401277422938,0.0277700638711469,-1.31687709821983,-24.8635848806011,-10.601666380744,99.9444598722577,11.4104882459313,0.0328285038956491,0,1,44,final
41,3.5,0.0555401277422938,0.0555401277422938,0.0277700638711469,-1.31687709821983,-24.8843464786615,-10.601666380744,99.9444598722577,11.4014466546112,0.0481484723802854,0,1,44.5,final
41.5,0,0.0833101916134407,0.0833101916134407,0.0416550958067204,-3.01691550043111,-24.7931339387646,-6.32601042229349,99.9166898083866,12.0253164556962,0,0,1,41.5,final
41.5,0.5,0.0833101916134407,0.0833101916134407,0.0416550958067204,-3.01691550043111,-24.7931339387646,-6.32601042229349,99.9166898083866,12.0253164556962,0.00222915737851092,0,1,42,final
41.5,1,0.0555401277422938,0.0555401277422938,0.0138850319355735,-3.01691550043111,-24.8084718511939,-8.26350874221511,99.9444598722577,12.0207956600362,0.010942834631883,0,1,42.5,final
41.5,1.5,0.0277700638711469,0.0277700638711469,0,-4.84671278995864,-24.8398121597792,-9.93794128963618,99.9722299361289,12.0094936708861,0.0158227848101266,0,1,43,final
41.5,2,0.0277700638711469,0.0277700638711469,0,-4.84671278995864,-24.8501749865353,-9.93794128963618,99.9722299361289,12.0072332730561,0.0180831826401447,0,1,43.5,final
41.5,2.5,0.0277700638711469,0.0277700638711469,0,-4.84671278995864,-24.8843464786615,-10.8209122224756,99.9722299361289,11.995931283906,0.0293851717902351,0,1,44,final
41.5,3,0.0277700638711469,0.0277700638711469,0,-4.84671278995864,-24.8843464786615,-10.8209122224756,99.9722299361289,11.993670886076,0.0328285038956491,0,1,44.5,final
41.5,3.5,0.0277700638711469,0.0277700638711469,0,-4.84671278995864,-24.9434515833353,-10.8209122224756,99.9722299361289,11.9846292947559,0.0481484723802854,0,1,45,final
42,0,0.0833101916134407,0.0833101916134407,0.0277700638711469,-3.01691550043111,-24.7931339387646,-6.32601042229349,99.9166898083866,12.5542495479204,0,0,1,42,final
42,0.5,0.0833101916134407,0.0833101916134407,0.0277700638711469,-3.01691550043111,-24.7931339387646,-6.32601042229349,99.9166898083866,12.5542495479204,0.00222915737851092,0,1,42.5,final
42,1,0.0555401277422938,0.0555401277422938,0,-3.01691550043111,-24.8084718511939,-8.26350874221511,99.9444598722577,12.5497287522604,0.010942834631883,0,1,43,final
42,1.5,0,0,0,-7.82430041459857,-24.8398121597792,-10.601666380744,100,12.5384267631103,0.0158227848101266,1,1,43.5,final
42,2,0,0,0,-7.82430041459857,-24.8501749865353,-10.601666380744,100,12.5361663652803,0.0180831826401447,1,1,44,final
42,2.5,0,0,0,-7.82430041459857,-24.8843464786615,-10.8209122224756,100,12.5248643761302,0.0293851717902351,1,1,44.5,final
42,3,0,0,0,-7.82430041459857,-24.8843464786615,-10.8209122224756,100,12.5226039783002,0.0328285038956491,1,1,45,final
42,3.5,0,0,0,-7.82430041459857,-24.9434515833353,-10.8209122224756,100,12.5135623869801,0.0481484723802854,1,1,45.5,final
42.5,0,0.0833101916134407,0.0833101916134407,0.0277700638711469,-3.01691550043111,-24.7931339387646,-6.32601042229349,99.9166898083866,13.0786618444846,0,0,1,42.5,final
42.5,0.5,0.0833101916134407,0.0833101916134407,0.0277700638711469,-3.01691550043111,-24.7931339387646,-6.32601042229349,99.9166898083866,13.0786618444846,0.00222915737851092,0,1,43,final
42.5,1,0.0555401277422938,0.0555401277422938,0,-3.01691550043111,-24.8084718511939,-8.26350874221511,99.9444598722577,13.0741410488246,0.010942834631883,0,1,43.5,final
42.5,1.5,0,0,0,-7.82430041459857,-24.8398121597792,-10.601666380744,100,13.0628390596745,0.0158227848101266,1,1,44,final
42.5,2,0,0,0,-7.82430041459857,-24.8501749865353,-10.601666380744,100,13.0605786618445,0.0180831826401447,1,1,44.5,final
42.5,2.5,0,0,0,-7.82430041459857,-24.8843464786615,-10.8209122224756,100,13.0492766726944,0.0293851717902351,1,1,45,final
42.5,3,0,0,0,-7.82430041459857,-24.8843464786615,-10.8209122224756,100,13.0470162748644,0.0328285038956491,1,1,45.5,final
42.5,3.5,0,0,0,-7.82430041459857,-24.9434515833353,-10.8209122224756,100,13.0379746835443,0.0481484723802854,1,1,46,final
43,0,0.0833101916134407,0.0833101916134407,0.0277700638711469,-3.01691550043111,-24.7978898794175,-6.34772675737111,99.9166898083866,13.6121157323689,0,0,1,43,final
43,0.5,0.0833101916134407,0.0833101916134407,0.0277700638711469,-3.01691550043111,-24.7978898794175,-6.34772675737111,99.9166898083866,13.6121157323689,0.00222915737851092,0,1,43.5,final
43,1,0.0555401277422938,0.0555401277422938,0,-3.01691550043111,-24.8280388034793,-10.2912593707734,99.9444598722577,13.6075949367089,0.010942834631883,0,1,44,final
43,1.5,0,0,0,-8.03931363318959,-24.8501749865353,-10.8209122224756,100,13.5962929475588,0.0158227848101266,1,1,44.5,final
43,2,0,0,0,-8.03931363318959,-24.8635848806011,-10.8209122224756,100,13.5940325497288,0.0180831826401447,1,1,45,final
43,2.5,0,0,0,-10.2590671879052,-24.9068237625157,-10.9906371402567,100,13.5827305605787,0.0293851717902351,1,1,45.5,final
43,3,0,0,0,-10.2590671879052,-24.9068237625157,-10.9906371402567,100,13.5804701627486,0.0328285038956491,1,1,46,final
43,3.5,0,0,0,-10.2590671879052,-24.9769141478892,-10.9906371402567,100,13.5714285714286,0.0481484723802854,1,1,46.5,final
43.5,0,0.0833101916134407,0.0833101916134407,0.0277700638711469,-3.01691550043111,-24.7978898794175,-6.34772675737111,99.9166898083866,14.2179023508137,0,0,1,43.5,final
43.5,0.5,0.0833101916134407,0.0833101916134407,0.0277700638711469,-3.01691550043111,-24.7978898794175,-6.34772675737111,99.9166898083866,14.2179023508137,0.00222915737851092,0,1,44,final
43.5,1,0.0555401277422938,0.0555401277422938,0,-3.01691550043111,-24.8280388034793,-10.2912593707734,99.9444598722577,14.2133815551537,0.010942834631883,0,1,44.5,final
43.5,1.5,0,0,0,-8.03931363318959,-24.8501749865353,-10.8209122224756,100,14.2020795660036,0.0158227848101266,1,1,45,final
43.5,2,0,0,0,-8.03931363318959,-24.8635848806011,-10.8209122224756,100,14.1998191681736,0.0180831826401447,1,1,45.5,final
43.5,2.5,0,0,0,-10.2590671879052,-24.9068237625157,-10.9906371402567,100,14.1885171790235,0.0293851717902351,1,1,46,final
43.5,3,0,0,0,-10.2590671879052,-24.9068237625157,-10.9906371402567,100,14.1862567811935,0.0328285038956491,1,1,46.5,final
43.5,3.5,0,0,0,-10.2590671879052,-24.9769141478892,-10.9906371402567,100,14.1772151898734,0.0481484723802854,1,1,47,final
135.719088557518,0,0.0833101916134407,0.0833101916134407,0.0277700638711469,-3.01691550043111,-25.1437019836921,-6.34772675737111,99.9166898083866,100,0,0,1,135.719088557518,final
135.719088557518,0.5,0.0833101916134407,0.0833101916134407,0.0277700638711469,-3.01691550043111,-25.1437019836921,-6.34772675737111,99.9166898083866,100,0.00222915737851092,0,1,136.219088557518,final
135.719088557518,1,0.0555401277422938,0.0555401277422938,0,-3.01691550043111,-25.1795040902623,-10.2912593707734,99.9444598722577,99.9977708426215,0.010942834631883,0,1,136.719088557518,final
135.719088557518,1.5,0,0,0,-8.03931363318959,-25.221564853459,-10.9188221419853,100,99.9977708426215,0.0158227848101266,1,1,137.219088557518,final
135.719088557518,2,0,0,0,-8.03931363318959,-25.230723362015,-10.9188221419853,100,99.991083370486,0.0180831826401447,1,1,137.719088557518,final
135.719088557518,2.5,0,0,0,-10.2590671879052,-25.2905409537925,-12.0094462769897,100,99.9866250557289,0.0293851717902351,1,1,138.219088557518,final
135.719088557518,3,0,0,0,-10.2590671879052,-25.2905409537925,-12.0094462769897,100,99.9799375835934,0.0328285038956491,1,1,138.719088557518,final
135.719088557518,3.5,0,0,0,-10.2590671879052,-25.4451603774374,-12.0094462769897,100,99.9754781755763,0.0481484723802854,1,1,139.219088557518,final
135.719088557518,135.719088557518,0,0,0,-2969.09346595255,-2969.09346595255,-2969.09346595255,100,0,100,1,1,271.438177115036,final
